model,dist_mode,state,scenario,total_2100_TgC,forest_2100_TgC,hwp_2100_TgC,npv_0.03,npv_0.05
CBM,nodisturb,AL,BAU,352.8,222.9,129.9,1081,759
CBM,disturbed,AL,BAU,345.1,216.8,128.4,1076,756
CEM,nodisturb,AL,BAU,82.3,31,51.2,670,524
CEM,disturbed,AL,BAU,78.5,28.2,50.4,666,522
FVS_cal,nodisturb,AL,BAU,249.2,134.6,114.6,1040,740
FVS_cal,disturbed,AL,BAU,242.1,129,113.1,1035,737
FVS_def,nodisturb,AL,BAU,275.1,145.1,130,1131,792
FVS_def,disturbed,AL,BAU,267.2,138.8,128.4,1125,789
YieldCurve,nodisturb,AL,BAU,473.2,287,186.1,1408,948
YieldCurve,disturbed,AL,BAU,462.5,278.5,184,1401,945
CBM,nodisturb,AL,conservation,604.2,524.3,79.9,528,347
CBM,disturbed,AL,conservation,594.2,515.1,79.1,525,345
CEM,nodisturb,AL,conservation,197.7,161.3,36.4,332,240
CEM,disturbed,AL,conservation,192.6,156.6,36,330,239
FVS_cal,nodisturb,AL,conservation,480,407.2,72.8,509,338
FVS_cal,disturbed,AL,conservation,470.6,398.5,72,506,337
FVS_def,nodisturb,AL,conservation,534.8,453,81.8,552,362
FVS_def,disturbed,AL,conservation,524.4,443.4,81,549,360
YieldCurve,nodisturb,AL,conservation,827.9,715.6,112.3,684,432
YieldCurve,disturbed,AL,conservation,814.1,702.8,111.2,681,431
CBM,nodisturb,AL,intensive,209.2,68.8,140.4,1599,1223
CBM,disturbed,AL,intensive,203.7,65.4,138.2,1590,1218
CEM,nodisturb,AL,intensive,47.8,0,47.8,983,842
CEM,disturbed,AL,intensive,47.4,0,47.4,979,840
FVS_cal,nodisturb,AL,intensive,128.4,12.1,116.3,1531,1191
FVS_cal,disturbed,AL,intensive,123.4,9.1,114.3,1522,1186
FVS_def,nodisturb,AL,intensive,136,3.3,132.7,1667,1275
FVS_def,disturbed,AL,intensive,130.5,0,130.5,1657,1270
YieldCurve,nodisturb,AL,intensive,261.9,58.8,203.1,2088,1529
YieldCurve,disturbed,AL,intensive,254.2,54.1,200.1,2077,1524
CBM,nodisturb,AL,reserve,909.8,909.8,0,0,0
CBM,disturbed,AL,reserve,897.6,897.6,0,0,0
CEM,nodisturb,AL,reserve,360.2,360.2,0,0,0
CEM,disturbed,AL,reserve,353.7,353.7,0,0,0
FVS_cal,nodisturb,AL,reserve,768,768,0,0,0
FVS_cal,disturbed,AL,reserve,756.5,756.5,0,0,0
FVS_def,nodisturb,AL,reserve,854.4,854.4,0,0,0
FVS_def,disturbed,AL,reserve,841.6,841.6,0,0,0
YieldCurve,nodisturb,AL,reserve,1245.7,1245.7,0,0,0
YieldCurve,disturbed,AL,reserve,1229,1229,0,0,0
CBM,nodisturb,AR,BAU,410.4,304.9,105.5,924,625
CBM,disturbed,AR,BAU,401.8,297.5,104.2,919,623
CEM,nodisturb,AR,BAU,82.4,41.8,40.7,567,429
CEM,disturbed,AR,BAU,78.4,38.4,40,564,428
FVS_cal,nodisturb,AR,BAU,341.1,240.5,100.6,929,632
FVS_cal,disturbed,AR,BAU,332.7,233.3,99.3,924,630
FVS_def,nodisturb,AR,BAU,408.9,291.2,117.7,1025,684
FVS_def,disturbed,AR,BAU,399.3,283,116.3,1019,681
YieldCurve,nodisturb,AR,BAU,204.8,119.2,85.6,897,625
YieldCurve,disturbed,AR,BAU,197.1,112.7,84.4,892,622
CBM,nodisturb,AR,conservation,618.7,560.6,58.1,431,277
CBM,disturbed,AR,conservation,608.1,550.6,57.5,429,276
CEM,nodisturb,AR,conservation,178.6,153.2,25.5,268,191
CEM,disturbed,AR,conservation,173.4,148.3,25.1,267,190
FVS_cal,nodisturb,AR,conservation,545.3,489,56.4,434,281
FVS_cal,disturbed,AR,conservation,534.9,479.2,55.8,432,279
FVS_def,nodisturb,AR,conservation,643.7,578.6,65.1,478,303
FVS_def,disturbed,AR,conservation,631.8,567.4,64.4,475,302
YieldCurve,nodisturb,AR,conservation,389.2,339.4,49.8,421,278
YieldCurve,disturbed,AR,conservation,379.7,330.4,49.3,419,277
CBM,nodisturb,AR,intensive,240.3,110.8,129.5,1493,1092
CBM,disturbed,AR,intensive,233.9,106.4,127.6,1484,1087
CEM,nodisturb,AR,intensive,41.4,0,41.4,903,747
CEM,disturbed,AR,intensive,41,0,41,899,745
FVS_cal,nodisturb,AR,intensive,180.9,62,118.8,1496,1103
FVS_cal,disturbed,AR,intensive,174.7,57.8,116.9,1486,1099
FVS_def,nodisturb,AR,intensive,218.8,77,141.9,1654,1194
FVS_def,disturbed,AR,intensive,211.8,72.1,139.7,1644,1189
YieldCurve,nodisturb,AR,intensive,93.4,0,93.4,1437,1089
YieldCurve,disturbed,AR,intensive,92,0,92,1428,1084
CBM,nodisturb,AR,reserve,833.9,833.9,0,0,0
CBM,disturbed,AR,reserve,821.6,821.6,0,0,0
CEM,nodisturb,AR,reserve,290.5,290.5,0,0,0
CEM,disturbed,AR,reserve,284.2,284.2,0,0,0
FVS_cal,nodisturb,AR,reserve,759,759,0,0,0
FVS_cal,disturbed,AR,reserve,746.9,746.9,0,0,0
FVS_def,nodisturb,AR,reserve,885.5,885.5,0,0,0
FVS_def,disturbed,AR,reserve,871.8,871.8,0,0,0
YieldCurve,nodisturb,AR,reserve,588.3,588.3,0,0,0
YieldCurve,disturbed,AR,reserve,577.1,577.1,0,0,0
CBM,nodisturb,AZ,BAU,226.3,221.3,5,35,22
CBM,disturbed,AZ,BAU,223.3,218.4,5,35,22
CEM,nodisturb,AZ,BAU,64.4,62.4,2,20,14
CEM,disturbed,AZ,BAU,63.2,61.2,2,20,14
FVS_cal,nodisturb,AZ,BAU,212.6,206.8,5.7,40,25
FVS_cal,disturbed,AZ,BAU,209.1,203.5,5.7,40,25
FVS_def,nodisturb,AZ,BAU,262.1,255.7,6.5,43,26
FVS_def,disturbed,AZ,BAU,258.3,251.9,6.4,43,26
YieldCurve,nodisturb,AZ,BAU,133,129.5,3.5,28,18
YieldCurve,disturbed,AZ,BAU,130.9,127.5,3.4,28,18
CBM,nodisturb,AZ,conservation,238.2,236.6,1.7,11,7
CBM,disturbed,AZ,conservation,235.2,233.6,1.6,11,7
CEM,nodisturb,AZ,conservation,70.1,69.4,0.7,7,5
CEM,disturbed,AZ,conservation,68.8,68.1,0.7,7,5
FVS_cal,nodisturb,AZ,conservation,226.5,224.6,1.9,13,8
FVS_cal,disturbed,AZ,conservation,223,221.1,1.9,13,8
FVS_def,nodisturb,AZ,conservation,277.5,275.3,2.1,14,8
FVS_def,disturbed,AZ,conservation,273.5,271.4,2.1,14,8
YieldCurve,nodisturb,AZ,conservation,141.8,140.7,1.2,9,6
YieldCurve,disturbed,AZ,conservation,139.7,138.6,1.1,9,6
CBM,nodisturb,AZ,intensive,210.2,200.8,9.4,68,43
CBM,disturbed,AZ,intensive,207.3,198,9.3,68,43
CEM,nodisturb,AZ,intensive,56.9,53.2,3.7,39,27
CEM,disturbed,AZ,intensive,55.7,52,3.7,38,27
FVS_cal,nodisturb,AZ,intensive,193.8,183.1,10.7,78,48
FVS_cal,disturbed,AZ,intensive,190.5,179.9,10.6,77,48
FVS_def,nodisturb,AZ,intensive,241.4,229.2,12.2,83,51
FVS_def,disturbed,AZ,intensive,237.7,225.6,12.1,83,51
YieldCurve,nodisturb,AZ,intensive,121.2,114.8,6.4,54,36
YieldCurve,disturbed,AZ,intensive,119.2,112.8,6.4,54,36
CBM,nodisturb,AZ,reserve,244.1,244.1,0,0,0
CBM,disturbed,AZ,reserve,241,241,0,0,0
CEM,nodisturb,AZ,reserve,72.9,72.9,0,0,0
CEM,disturbed,AZ,reserve,71.6,71.6,0,0,0
FVS_cal,nodisturb,AZ,reserve,233.3,233.3,0,0,0
FVS_cal,disturbed,AZ,reserve,229.7,229.7,0,0,0
FVS_def,nodisturb,AZ,reserve,285,285,0,0,0
FVS_def,disturbed,AZ,reserve,281,281,0,0,0
YieldCurve,nodisturb,AZ,reserve,146.2,146.2,0,0,0
YieldCurve,disturbed,AZ,reserve,144,144,0,0,0
CBM,nodisturb,CA,BAU,1135.5,1071.3,64.2,287,187
CBM,disturbed,CA,BAU,1001.9,941.7,60.2,278,183
CEM,nodisturb,CA,BAU,375.2,345.1,30,184,132
CEM,disturbed,CA,BAU,311,283.2,27.8,179,129
FVS_cal,nodisturb,CA,BAU,3242.8,3096.1,146.6,504,296
FVS_cal,disturbed,CA,BAU,2945.3,2807,138.3,488,289
FVS_def,nodisturb,CA,BAU,3799.5,3633.5,166,549,318
FVS_def,disturbed,CA,BAU,3464.1,3307.4,156.7,532,310
YieldCurve,nodisturb,CA,BAU,1141.8,1076.4,65.3,290,188
YieldCurve,disturbed,CA,BAU,1005.8,944.6,61.2,282,184
CBM,nodisturb,CA,conservation,1271.5,1242.9,28.6,122,79
CBM,disturbed,CA,conservation,1131.7,1104.8,26.9,119,77
CEM,nodisturb,CA,conservation,448.5,434.8,13.7,79,56
CEM,disturbed,CA,conservation,380.7,368,12.8,77,54
FVS_cal,nodisturb,CA,conservation,3521.6,3457.4,64.1,214,125
FVS_cal,disturbed,CA,conservation,3211.8,3151.2,60.6,208,122
FVS_def,nodisturb,CA,conservation,4110.1,4037.7,72.4,233,134
FVS_def,disturbed,CA,conservation,3761.1,3692.5,68.5,226,131
YieldCurve,nodisturb,CA,conservation,1280.1,1251,29.1,124,79
YieldCurve,disturbed,CA,conservation,1137.8,1110.5,27.3,120,78
CBM,nodisturb,CA,intensive,862.3,732.3,130,644,432
CBM,disturbed,CA,intensive,742.6,621.6,121,625,424
CEM,nodisturb,CA,intensive,234.9,178,56.9,410,304
CEM,disturbed,CA,intensive,178.7,126.7,52,398,298
FVS_cal,nodisturb,CA,intensive,2661.3,2351.6,309.8,1142,689
FVS_cal,disturbed,CA,intensive,2391.8,2100.9,290.9,1105,672
FVS_def,nodisturb,CA,intensive,3148.3,2795.7,352.6,1247,740
FVS_def,disturbed,CA,intensive,2843.8,2512.1,331.6,1206,722
YieldCurve,nodisturb,CA,intensive,863.8,731.5,132.3,653,436
YieldCurve,disturbed,CA,intensive,742,618.9,123.1,633,427
CBM,nodisturb,CA,reserve,1376.6,1376.6,0,0,0
CBM,disturbed,CA,reserve,1232.2,1232.2,0,0,0
CEM,nodisturb,CA,reserve,506.4,506.4,0,0,0
CEM,disturbed,CA,reserve,435.9,435.9,0,0,0
FVS_cal,nodisturb,CA,reserve,3733.4,3733.4,0,0,0
FVS_cal,disturbed,CA,reserve,3414.5,3414.5,0,0,0
FVS_def,nodisturb,CA,reserve,4345.4,4345.4,0,0,0
FVS_def,disturbed,CA,reserve,3986.4,3986.4,0,0,0
YieldCurve,nodisturb,CA,reserve,1386.9,1386.9,0,0,0
YieldCurve,disturbed,CA,reserve,1239.9,1239.9,0,0,0
CBM,nodisturb,CO,BAU,460.5,455.1,5.4,32,20
CBM,disturbed,CO,BAU,425.7,420.6,5.2,31,20
CEM,nodisturb,CO,BAU,119.2,117.1,2.1,18,13
CEM,disturbed,CO,BAU,105.4,103.4,2,18,12
FVS_cal,nodisturb,CO,BAU,572.1,565.5,6.6,37,23
FVS_cal,disturbed,CO,BAU,529.9,523.6,6.3,36,22
FVS_def,nodisturb,CO,BAU,930.2,920.9,9.3,46,27
FVS_def,disturbed,CO,BAU,871.1,862.1,8.9,45,26
YieldCurve,nodisturb,CO,BAU,317,312.8,4.2,27,18
YieldCurve,disturbed,CO,BAU,289.9,285.9,4,27,17
CBM,nodisturb,CO,conservation,472.3,470.2,2.1,12,8
CBM,disturbed,CO,conservation,437.1,435.1,2,12,8
CEM,nodisturb,CO,conservation,124.6,123.8,0.8,7,5
CEM,disturbed,CO,conservation,110.6,109.8,0.8,7,5
FVS_cal,nodisturb,CO,conservation,586.1,583.5,2.5,14,9
FVS_cal,disturbed,CO,conservation,543.5,541,2.4,14,8
FVS_def,nodisturb,CO,conservation,948.9,945.3,3.6,18,10
FVS_def,disturbed,CO,conservation,889.2,885.8,3.5,17,10
YieldCurve,nodisturb,CO,conservation,326.5,324.8,1.6,11,7
YieldCurve,disturbed,CO,conservation,299.1,297.5,1.5,10,7
CBM,nodisturb,CO,intensive,435.5,423.2,12.3,75,47
CBM,disturbed,CO,intensive,401.6,389.8,11.8,73,46
CEM,nodisturb,CO,intensive,107.8,103.1,4.7,42,30
CEM,disturbed,CO,intensive,94.4,90,4.4,41,29
FVS_cal,nodisturb,CO,intensive,542.2,527.2,15,86,53
FVS_cal,disturbed,CO,intensive,501.1,486.7,14.3,84,52
FVS_def,nodisturb,CO,intensive,890.1,868.7,21.4,108,63
FVS_def,disturbed,CO,intensive,832.3,811.8,20.5,105,62
YieldCurve,nodisturb,CO,intensive,296.8,287.3,9.5,64,41
YieldCurve,disturbed,CO,intensive,270.4,261.4,9,62,41
CBM,nodisturb,CO,reserve,479.7,479.7,0,0,0
CBM,disturbed,CO,reserve,444.3,444.3,0,0,0
CEM,nodisturb,CO,reserve,128.1,128.1,0,0,0
CEM,disturbed,CO,reserve,113.9,113.9,0,0,0
FVS_cal,nodisturb,CO,reserve,594.9,594.9,0,0,0
FVS_cal,disturbed,CO,reserve,552,552,0,0,0
FVS_def,nodisturb,CO,reserve,960.7,960.7,0,0,0
FVS_def,disturbed,CO,reserve,900.6,900.6,0,0,0
YieldCurve,nodisturb,CO,reserve,332.5,332.5,0,0,0
YieldCurve,disturbed,CO,reserve,304.9,304.9,0,0,0
CBM,nodisturb,CT,BAU,85,81.1,3.9,308,198
CBM,disturbed,CT,BAU,81.3,77.5,3.8,304,196
CEM,nodisturb,CT,BAU,37,34.9,2.2,215,148
CEM,disturbed,CT,BAU,34.8,32.7,2.1,212,146
FVS_cal,nodisturb,CT,BAU,135.8,129.9,5.8,410,251
FVS_cal,disturbed,CT,BAU,130.4,124.7,5.7,404,248
FVS_def,nodisturb,CT,BAU,158,151.5,6.5,441,266
FVS_def,disturbed,CT,BAU,152.1,145.7,6.4,434,263
YieldCurve,nodisturb,CT,BAU,55.3,52.3,3,270,180
YieldCurve,disturbed,CT,BAU,52.3,49.4,2.9,266,178
CBM,nodisturb,CT,conservation,93.5,91.9,1.6,124,79
CBM,disturbed,CT,conservation,89.6,88.1,1.6,122,78
CEM,nodisturb,CT,conservation,42.3,41.4,0.9,87,59
CEM,disturbed,CT,conservation,39.9,39,0.9,85,58
FVS_cal,nodisturb,CT,conservation,147.9,145.4,2.4,165,100
FVS_cal,disturbed,CT,conservation,142.3,139.9,2.3,162,99
FVS_def,nodisturb,CT,conservation,171.3,168.6,2.7,177,106
FVS_def,disturbed,CT,conservation,165.1,162.5,2.6,174,104
YieldCurve,nodisturb,CT,conservation,62.3,61,1.3,109,71
YieldCurve,disturbed,CT,conservation,59.2,57.9,1.2,107,71
CBM,nodisturb,CT,intensive,69.2,61.3,7.9,674,443
CBM,disturbed,CT,intensive,65.9,58.2,7.7,664,438
CEM,nodisturb,CT,intensive,27.6,23.3,4.3,468,331
CEM,disturbed,CT,intensive,25.6,21.5,4.1,460,327
FVS_cal,nodisturb,CT,intensive,112.9,101,11.9,900,563
FVS_cal,disturbed,CT,intensive,108.1,96.4,11.6,886,557
FVS_def,nodisturb,CT,intensive,132.7,119.3,13.5,968,596
FVS_def,disturbed,CT,intensive,127.3,114.2,13.1,953,589
YieldCurve,nodisturb,CT,intensive,42.5,36.5,6,590,402
YieldCurve,disturbed,CT,intensive,39.8,34,5.8,581,398
CBM,nodisturb,CT,reserve,99.4,99.4,0,0,0
CBM,disturbed,CT,reserve,95.4,95.4,0,0,0
CEM,nodisturb,CT,reserve,46,46,0,0,0
CEM,disturbed,CT,reserve,43.5,43.5,0,0,0
FVS_cal,nodisturb,CT,reserve,156.2,156.2,0,0,0
FVS_cal,disturbed,CT,reserve,150.4,150.4,0,0,0
FVS_def,nodisturb,CT,reserve,180.4,180.4,0,0,0
FVS_def,disturbed,CT,reserve,174.1,174.1,0,0,0
YieldCurve,nodisturb,CT,reserve,67.2,67.2,0,0,0
YieldCurve,disturbed,CT,reserve,63.9,63.9,0,0,0
CBM,nodisturb,DE,BAU,14.5,13.4,1.1,483,314
CBM,disturbed,DE,BAU,14.4,13.2,1.1,481,314
CEM,nodisturb,DE,BAU,7.8,7.1,0.7,362,248
CEM,disturbed,DE,BAU,7.7,7,0.7,361,248
FVS_cal,nodisturb,DE,BAU,11.8,10.7,1.1,484,318
FVS_cal,disturbed,DE,BAU,11.6,10.6,1.1,483,318
FVS_def,nodisturb,DE,BAU,14.9,13.7,1.3,543,348
FVS_def,disturbed,DE,BAU,14.8,13.5,1.3,541,347
YieldCurve,nodisturb,DE,BAU,14.3,13.1,1.2,506,328
YieldCurve,disturbed,DE,BAU,14.1,13,1.2,504,327
CBM,nodisturb,DE,conservation,17,16.5,0.5,203,130
CBM,disturbed,DE,conservation,16.8,16.3,0.5,202,130
CEM,nodisturb,DE,conservation,9.5,9.1,0.3,153,103
CEM,disturbed,DE,conservation,9.3,9,0.3,152,102
FVS_cal,nodisturb,DE,conservation,14.2,13.7,0.5,204,132
FVS_cal,disturbed,DE,conservation,14,13.5,0.5,203,131
FVS_def,nodisturb,DE,conservation,17.7,17.1,0.6,228,144
FVS_def,disturbed,DE,conservation,17.5,16.9,0.6,227,143
YieldCurve,nodisturb,DE,conservation,16.9,16.3,0.5,213,135
YieldCurve,disturbed,DE,conservation,16.7,16.1,0.5,212,135
CBM,nodisturb,DE,intensive,10.5,8.4,2.1,1009,683
CBM,disturbed,DE,intensive,10.3,8.2,2.1,1005,681
CEM,nodisturb,DE,intensive,5.1,3.8,1.3,754,539
CEM,disturbed,DE,intensive,5,3.7,1.3,751,537
FVS_cal,nodisturb,DE,intensive,7.8,5.9,1.9,1011,691
FVS_cal,disturbed,DE,intensive,7.7,5.8,1.9,1007,689
FVS_def,nodisturb,DE,intensive,10.3,7.9,2.4,1135,756
FVS_def,disturbed,DE,intensive,10.1,7.8,2.3,1131,754
YieldCurve,nodisturb,DE,intensive,10,7.8,2.2,1058,713
YieldCurve,disturbed,DE,intensive,9.9,7.7,2.2,1054,711
CBM,nodisturb,DE,reserve,18.8,18.8,0,0,0
CBM,disturbed,DE,reserve,18.6,18.6,0,0,0
CEM,nodisturb,DE,reserve,10.7,10.7,0,0,0
CEM,disturbed,DE,reserve,10.6,10.6,0,0,0
FVS_cal,nodisturb,DE,reserve,16,16,0,0,0
FVS_cal,disturbed,DE,reserve,15.8,15.8,0,0,0
FVS_def,nodisturb,DE,reserve,19.8,19.8,0,0,0
FVS_def,disturbed,DE,reserve,19.6,19.6,0,0,0
YieldCurve,nodisturb,DE,reserve,18.8,18.8,0,0,0
YieldCurve,disturbed,DE,reserve,18.6,18.6,0,0,0
CBM,nodisturb,FL,BAU,345.2,263.8,81.4,742,492
CBM,disturbed,FL,BAU,333.7,253.9,79.8,735,489
CEM,nodisturb,FL,BAU,107.9,71.7,36.2,457,333
CEM,disturbed,FL,BAU,102.1,66.8,35.3,453,331
FVS_cal,nodisturb,FL,BAU,136.7,84.8,51.9,609,427
FVS_cal,disturbed,FL,BAU,128.6,77.9,50.7,603,424
FVS_def,nodisturb,FL,BAU,237.3,167.3,70,709,479
FVS_def,disturbed,FL,BAU,226.9,158.4,68.5,702,476
YieldCurve,nodisturb,FL,BAU,223.6,156.7,67,692,472
YieldCurve,disturbed,FL,BAU,213.6,148.1,65.5,685,469
CBM,nodisturb,FL,conservation,509.6,467.3,42.3,330,208
CBM,disturbed,FL,conservation,495.6,454,41.6,327,207
CEM,nodisturb,FL,conservation,190.4,170,20.4,206,142
CEM,disturbed,FL,conservation,183.1,163.1,20,204,141
FVS_cal,nodisturb,FL,conservation,253.9,225,29,273,181
FVS_cal,disturbed,FL,conservation,243.7,215.3,28.4,271,180
FVS_def,nodisturb,FL,conservation,386.1,348.5,37.5,317,203
FVS_def,disturbed,FL,conservation,373.3,336.5,36.8,314,202
YieldCurve,nodisturb,FL,conservation,366.8,330.7,36,309,200
YieldCurve,disturbed,FL,conservation,354.4,319.1,35.4,306,199
CBM,nodisturb,FL,intensive,212.3,109.3,103,1190,847
CBM,disturbed,FL,intensive,203.5,102.9,100.6,1178,841
CEM,nodisturb,FL,intensive,52.3,12.4,39.8,724,571
CEM,disturbed,FL,intensive,48,9.5,38.5,716,567
FVS_cal,nodisturb,FL,intensive,57.4,0,57.4,965,733
FVS_cal,disturbed,FL,intensive,55.7,0,55.7,956,727
FVS_def,nodisturb,FL,intensive,124.7,41.3,83.4,1132,824
FVS_def,disturbed,FL,intensive,117,35.9,81.1,1120,819
YieldCurve,nodisturb,FL,intensive,116.4,37,79.4,1104,811
YieldCurve,disturbed,FL,intensive,108.9,31.7,77.2,1093,805
CBM,nodisturb,FL,reserve,662.7,662.7,0,0,0
CBM,disturbed,FL,reserve,646.7,646.7,0,0,0
CEM,nodisturb,FL,reserve,273.6,273.6,0,0,0
CEM,disturbed,FL,reserve,265.1,265.1,0,0,0
FVS_cal,nodisturb,FL,reserve,369.8,369.8,0,0,0
FVS_cal,disturbed,FL,reserve,357.9,357.9,0,0,0
FVS_def,nodisturb,FL,reserve,528.1,528.1,0,0,0
FVS_def,disturbed,FL,reserve,513.4,513.4,0,0,0
YieldCurve,nodisturb,FL,reserve,504,504,0,0,0
YieldCurve,disturbed,FL,reserve,489.9,489.9,0,0,0
CBM,nodisturb,GA,BAU,376.7,229.2,147.6,1165,815
CBM,disturbed,GA,BAU,370,223.8,146.2,1160,812
CEM,nodisturb,GA,BAU,75.8,21,54.7,709,555
CEM,disturbed,GA,BAU,72.6,18.6,54,706,553
FVS_cal,nodisturb,GA,BAU,279.3,157,122.3,1080,774
FVS_cal,disturbed,GA,BAU,273.5,152.5,121,1075,772
FVS_def,nodisturb,GA,BAU,349.1,202.2,146.9,1208,846
FVS_def,disturbed,GA,BAU,342.3,196.8,145.5,1203,844
YieldCurve,nodisturb,GA,BAU,354.8,197.5,157.3,1283,894
YieldCurve,disturbed,GA,BAU,347.4,191.7,155.7,1277,891
CBM,nodisturb,GA,conservation,649.2,555.4,93.8,589,385
CBM,disturbed,GA,conservation,640.4,547.3,93.1,586,384
CEM,nodisturb,GA,conservation,194.7,153.8,40.9,364,264
CEM,disturbed,GA,conservation,190.4,149.9,40.5,362,263
FVS_cal,nodisturb,GA,conservation,513.9,433.3,80.6,548,366
FVS_cal,disturbed,GA,conservation,506.1,426.2,79.9,546,365
FVS_def,nodisturb,GA,conservation,625.6,530.7,95,611,400
FVS_def,disturbed,GA,conservation,616.7,522.5,94.2,609,399
YieldCurve,nodisturb,GA,conservation,651.2,549.6,101.6,649,423
YieldCurve,disturbed,GA,conservation,641.6,540.7,100.8,646,422
CBM,nodisturb,GA,intensive,217.6,59.5,158.1,1723,1318
CBM,disturbed,GA,intensive,212.9,56.7,156.2,1715,1314
CEM,nodisturb,GA,intensive,52.3,0,52.3,1045,898
CEM,disturbed,GA,intensive,52,0,52,1041,896
FVS_cal,nodisturb,GA,intensive,155.6,31.8,123.8,1590,1250
FVS_cal,disturbed,GA,intensive,151.5,29.5,122,1582,1246
FVS_def,nodisturb,GA,intensive,195.6,43.2,152.4,1782,1368
FVS_def,disturbed,GA,intensive,190.8,40.5,150.3,1774,1364
YieldCurve,nodisturb,GA,intensive,190.5,28.3,162.1,1893,1445
YieldCurve,disturbed,GA,intensive,185.3,25.3,160,1884,1441
CBM,nodisturb,GA,reserve,1006.9,1006.9,0,0,0
CBM,disturbed,GA,reserve,996,996,0,0,0
CEM,nodisturb,GA,reserve,379.4,379.4,0,0,0
CEM,disturbed,GA,reserve,373.8,373.8,0,0,0
FVS_cal,nodisturb,GA,reserve,834,834,0,0,0
FVS_cal,disturbed,GA,reserve,824.2,824.2,0,0,0
FVS_def,nodisturb,GA,reserve,994,994,0,0,0
FVS_def,disturbed,GA,reserve,982.8,982.8,0,0,0
YieldCurve,nodisturb,GA,reserve,1044.8,1044.8,0,0,0
YieldCurve,disturbed,GA,reserve,1032.9,1032.9,0,0,0
CBM,nodisturb,IA,BAU,114.3,108.7,5.6,239,151
CBM,disturbed,IA,BAU,112.2,106.6,5.6,238,150
CEM,nodisturb,IA,BAU,42,39.1,2.9,165,114
CEM,disturbed,IA,BAU,40.8,37.9,2.9,164,113
FVS_cal,nodisturb,IA,BAU,130.7,124.2,6.5,269,167
FVS_cal,disturbed,IA,BAU,128.2,121.8,6.4,267,166
FVS_def,nodisturb,IA,BAU,154.1,146.7,7.4,293,179
FVS_def,disturbed,IA,BAU,151.4,144.1,7.3,291,178
YieldCurve,nodisturb,IA,BAU,76,71.4,4.6,221,143
YieldCurve,disturbed,IA,BAU,74.2,69.7,4.6,219,143
CBM,nodisturb,IA,conservation,125.9,123.4,2.4,100,62
CBM,disturbed,IA,conservation,123.6,121.2,2.4,99,62
CEM,nodisturb,IA,conservation,48.9,47.6,1.3,69,47
CEM,disturbed,IA,conservation,47.6,46.3,1.3,69,47
FVS_cal,nodisturb,IA,conservation,144,141.2,2.8,112,69
FVS_cal,disturbed,IA,conservation,141.4,138.6,2.8,111,69
FVS_def,nodisturb,IA,conservation,169,165.8,3.2,122,74
FVS_def,disturbed,IA,conservation,166.1,163,3.1,121,74
YieldCurve,nodisturb,IA,conservation,86.2,84.2,2,92,59
YieldCurve,disturbed,IA,conservation,84.2,82.3,2,92,59
CBM,nodisturb,IA,intensive,91.4,79.9,11.5,533,346
CBM,disturbed,IA,intensive,89.5,78.2,11.4,530,344
CEM,nodisturb,IA,intensive,29,23.3,5.7,366,259
CEM,disturbed,IA,intensive,27.9,22.3,5.6,363,258
FVS_cal,nodisturb,IA,intensive,104.4,91.1,13.3,599,383
FVS_cal,disturbed,IA,intensive,102.2,89.1,13.1,595,381
FVS_def,nodisturb,IA,intensive,124.6,109.3,15.2,654,410
FVS_def,disturbed,IA,intensive,122.1,107.1,15.1,650,408
YieldCurve,nodisturb,IA,intensive,56.4,47.2,9.2,490,328
YieldCurve,disturbed,IA,intensive,54.8,45.7,9.1,487,326
CBM,nodisturb,IA,reserve,134.5,134.5,0,0,0
CBM,disturbed,IA,reserve,132.2,132.2,0,0,0
CEM,nodisturb,IA,reserve,54.1,54.1,0,0,0
CEM,disturbed,IA,reserve,52.8,52.8,0,0,0
FVS_cal,nodisturb,IA,reserve,153.8,153.8,0,0,0
FVS_cal,disturbed,IA,reserve,151.1,151.1,0,0,0
FVS_def,nodisturb,IA,reserve,179.9,179.9,0,0,0
FVS_def,disturbed,IA,reserve,176.9,176.9,0,0,0
YieldCurve,nodisturb,IA,reserve,93.7,93.7,0,0,0
YieldCurve,disturbed,IA,reserve,91.7,91.7,0,0,0
CBM,nodisturb,ID,BAU,498.1,466.6,31.5,223,144
CBM,disturbed,ID,BAU,346.2,320.1,26.2,205,136
CEM,nodisturb,ID,BAU,143.4,129.6,13.8,142,102
CEM,disturbed,ID,BAU,75.1,64.2,11,131,97
FVS_cal,nodisturb,ID,BAU,737.4,692.6,44.8,284,176
FVS_cal,disturbed,ID,BAU,522.6,485.1,37.5,259,164
FVS_def,nodisturb,ID,BAU,844.6,796.1,48.4,296,181
FVS_def,disturbed,ID,BAU,613.3,572.6,40.7,270,169
YieldCurve,nodisturb,ID,BAU,436.3,407,29.3,214,140
YieldCurve,disturbed,ID,BAU,294.5,270.3,24.2,196,132
CBM,nodisturb,ID,conservation,571.8,559.8,12.1,81,52
CBM,disturbed,ID,conservation,410.6,400.5,10.1,75,49
CEM,nodisturb,ID,conservation,181.9,176.4,5.5,52,37
CEM,disturbed,ID,conservation,108.2,103.7,4.5,48,35
FVS_cal,nodisturb,ID,conservation,838.2,821.1,17.1,103,63
FVS_cal,disturbed,ID,conservation,610.6,596.2,14.4,95,59
FVS_def,nodisturb,ID,conservation,951.5,933.1,18.4,108,65
FVS_def,disturbed,ID,conservation,706.8,691.3,15.5,98,61
YieldCurve,nodisturb,ID,conservation,506,494.7,11.3,78,50
YieldCurve,disturbed,ID,conservation,355.3,345.9,9.4,72,47
CBM,nodisturb,ID,intensive,397.2,341.1,56.1,432,287
CBM,disturbed,ID,intensive,259.3,213.6,45.7,396,270
CEM,nodisturb,ID,intensive,93.6,70.6,23,274,203
CEM,disturbed,ID,intensive,33.3,15.7,17.6,251,192
FVS_cal,nodisturb,ID,intensive,597.3,516.4,80.9,553,350
FVS_cal,disturbed,ID,intensive,401.6,335,66.6,503,327
FVS_def,nodisturb,ID,intensive,695.1,607.2,87.9,576,360
FVS_def,disturbed,ID,intensive,484,411.2,72.8,525,337
YieldCurve,nodisturb,ID,intensive,341.3,289.4,51.9,415,278
YieldCurve,disturbed,ID,intensive,212.9,170.8,42.1,380,261
CBM,nodisturb,ID,reserve,615.9,615.9,0,0,0
CBM,disturbed,ID,reserve,449.4,449.4,0,0,0
CEM,nodisturb,ID,reserve,205.5,205.5,0,0,0
CEM,disturbed,ID,reserve,128.7,128.7,0,0,0
FVS_cal,nodisturb,ID,reserve,897.9,897.9,0,0,0
FVS_cal,disturbed,ID,reserve,663.1,663.1,0,0,0
FVS_def,nodisturb,ID,reserve,1014.7,1014.7,0,0,0
FVS_def,disturbed,ID,reserve,762.5,762.5,0,0,0
YieldCurve,nodisturb,ID,reserve,547.8,547.8,0,0,0
YieldCurve,disturbed,ID,reserve,392,392,0,0,0
CBM,nodisturb,IL,BAU,185.4,173.3,12.1,359,232
CBM,disturbed,IL,BAU,183.1,171.1,12,357,231
CEM,nodisturb,IL,BAU,82.4,75.3,7.1,264,182
CEM,disturbed,IL,BAU,80.9,73.9,7,262,182
FVS_cal,nodisturb,IL,BAU,193.2,179.5,13.7,398,254
FVS_cal,disturbed,IL,BAU,190.5,177,13.5,397,253
FVS_def,nodisturb,IL,BAU,221.6,206.9,14.7,416,263
FVS_def,disturbed,IL,BAU,218.8,204.2,14.6,415,262
YieldCurve,nodisturb,IL,BAU,140.3,129.6,10.7,343,226
YieldCurve,disturbed,IL,BAU,138.1,127.6,10.6,342,225
CBM,nodisturb,IL,conservation,210.9,205.6,5.4,152,97
CBM,disturbed,IL,conservation,208.4,203.1,5.3,151,96
CEM,nodisturb,IL,conservation,98.9,95.7,3.2,112,76
CEM,disturbed,IL,conservation,97.3,94.1,3.2,111,76
FVS_cal,nodisturb,IL,conservation,222,215.9,6,168,106
FVS_cal,disturbed,IL,conservation,219.2,213.2,6,167,105
FVS_def,nodisturb,IL,conservation,252.2,245.7,6.5,176,109
FVS_def,disturbed,IL,conservation,249.2,242.8,6.5,175,109
YieldCurve,nodisturb,IL,conservation,163.7,158.9,4.8,145,94
YieldCurve,disturbed,IL,conservation,161.4,156.7,4.7,144,94
CBM,nodisturb,IL,intensive,138.6,115.2,23.4,777,520
CBM,disturbed,IL,intensive,136.5,113.3,23.2,773,518
CEM,nodisturb,IL,intensive,53.2,40.3,13,567,408
CEM,disturbed,IL,intensive,52,39.1,12.8,564,407
FVS_cal,nodisturb,IL,intensive,140.1,113.7,26.3,863,569
FVS_cal,disturbed,IL,intensive,137.8,111.7,26.1,859,567
FVS_def,nodisturb,IL,intensive,165,136.3,28.6,903,589
FVS_def,disturbed,IL,intensive,162.5,134.1,28.4,899,587
YieldCurve,nodisturb,IL,intensive,97.8,77.6,20.2,741,506
YieldCurve,disturbed,IL,intensive,96,76,20,738,504
CBM,nodisturb,IL,reserve,230.4,230.4,0,0,0
CBM,disturbed,IL,reserve,227.8,227.8,0,0,0
CEM,nodisturb,IL,reserve,111.8,111.8,0,0,0
CEM,disturbed,IL,reserve,110.1,110.1,0,0,0
FVS_cal,nodisturb,IL,reserve,243.9,243.9,0,0,0
FVS_cal,disturbed,IL,reserve,241,241,0,0,0
FVS_def,nodisturb,IL,reserve,275.5,275.5,0,0,0
FVS_def,disturbed,IL,reserve,272.4,272.4,0,0,0
YieldCurve,nodisturb,IL,reserve,181.7,181.7,0,0,0
YieldCurve,disturbed,IL,reserve,179.3,179.3,0,0,0
CBM,nodisturb,IN,BAU,235.9,216.9,19,562,361
CBM,disturbed,IN,BAU,234,215.1,19,560,360
CEM,nodisturb,IN,BAU,87,77.8,9.2,356,250
CEM,disturbed,IN,BAU,86,76.8,9.2,355,249
FVS_cal,nodisturb,IN,BAU,239.3,219.4,19.9,581,371
FVS_cal,disturbed,IN,BAU,237.3,217.4,19.8,580,370
FVS_def,nodisturb,IN,BAU,277.9,255.6,22.3,628,395
FVS_def,disturbed,IN,BAU,275.7,253.4,22.2,626,394
LANDIS,nodisturb,IN,BAU,467.4,434,33.4,844,509
LANDIS,disturbed,IN,BAU,464.2,430.9,33.2,842,508
YieldCurve,nodisturb,IN,BAU,169.1,153.2,15.8,513,338
YieldCurve,disturbed,IN,BAU,167.4,151.6,15.8,512,337
CBM,nodisturb,IN,conservation,275.2,266.6,8.7,242,153
CBM,disturbed,IN,conservation,273.2,264.5,8.6,241,152
CEM,nodisturb,IN,conservation,108.4,104,4.3,154,106
CEM,disturbed,IN,conservation,107.2,102.9,4.3,154,106
FVS_cal,nodisturb,IN,conservation,280.4,271.3,9.1,250,157
FVS_cal,disturbed,IN,conservation,278.2,269.1,9,250,157
FVS_def,nodisturb,IN,conservation,323.3,313.2,10.1,270,167
FVS_def,disturbed,IN,conservation,320.9,310.8,10.1,269,167
LANDIS,nodisturb,IN,conservation,532.3,517.3,15,363,215
LANDIS,disturbed,IN,conservation,528.8,513.9,14.9,362,215
YieldCurve,nodisturb,IN,conservation,203.2,195.9,7.3,221,143
YieldCurve,disturbed,IN,conservation,201.4,194.2,7.3,221,143
CBM,nodisturb,IN,intensive,167.1,131.9,35.2,1188,795
CBM,disturbed,IN,intensive,165.5,130.5,35,1185,793
CEM,nodisturb,IN,intensive,51.8,35.9,15.9,747,548
CEM,disturbed,IN,intensive,50.9,35.2,15.8,745,547
FVS_cal,nodisturb,IN,intensive,167.2,130.4,36.8,1230,816
FVS_cal,disturbed,IN,intensive,165.5,128.9,36.6,1226,815
FVS_def,nodisturb,IN,intensive,197.7,156,41.7,1330,870
FVS_def,disturbed,IN,intensive,195.8,154.3,41.4,1326,868
LANDIS,nodisturb,IN,intensive,350.2,286.6,63.6,1796,1123
LANDIS,disturbed,IN,intensive,347.5,284.1,63.3,1792,1121
YieldCurve,nodisturb,IN,intensive,110.4,81.9,28.5,1081,743
YieldCurve,disturbed,IN,intensive,109,80.7,28.3,1078,742
CBM,nodisturb,IN,reserve,306.5,306.5,0,0,0
CBM,disturbed,IN,reserve,304.3,304.3,0,0,0
CEM,nodisturb,IN,reserve,125.8,125.8,0,0,0
CEM,disturbed,IN,reserve,124.6,124.6,0,0,0
FVS_cal,nodisturb,IN,reserve,313,313,0,0,0
FVS_cal,disturbed,IN,reserve,310.7,310.7,0,0,0
FVS_def,nodisturb,IN,reserve,359.3,359.3,0,0,0
FVS_def,disturbed,IN,reserve,356.7,356.7,0,0,0
LANDIS,nodisturb,IN,reserve,583.2,583.2,0,0,0
LANDIS,disturbed,IN,reserve,579.6,579.6,0,0,0
YieldCurve,nodisturb,IN,reserve,230.7,230.7,0,0,0
YieldCurve,disturbed,IN,reserve,228.8,228.8,0,0,0
CBM,nodisturb,KS,BAU,116.9,113.7,3.1,63,38
CBM,disturbed,KS,BAU,115.2,112.1,3.1,63,38
CEM,nodisturb,KS,BAU,36.4,35,1.4,38,26
CEM,disturbed,KS,BAU,35.6,34.3,1.4,38,25
FVS_cal,nodisturb,KS,BAU,76.3,73.9,2.3,53,33
FVS_cal,disturbed,KS,BAU,75,72.7,2.3,52,33
FVS_def,nodisturb,KS,BAU,81.6,79.1,2.5,55,34
FVS_def,disturbed,KS,BAU,80.2,77.8,2.5,55,34
YieldCurve,nodisturb,KS,BAU,74.8,72.5,2.3,52,33
YieldCurve,disturbed,KS,BAU,73.5,71.3,2.3,52,33
CBM,nodisturb,KS,conservation,123.4,122.1,1.3,25,15
CBM,disturbed,KS,conservation,121.7,120.5,1.2,25,15
CEM,nodisturb,KS,conservation,39.7,39.1,0.6,15,10
CEM,disturbed,KS,conservation,38.9,38.3,0.5,15,10
FVS_cal,nodisturb,KS,conservation,81.4,80.4,0.9,21,13
FVS_cal,disturbed,KS,conservation,80.1,79.1,0.9,20,13
FVS_def,nodisturb,KS,conservation,87,86,1,21,13
FVS_def,disturbed,KS,conservation,85.6,84.6,1,21,13
YieldCurve,nodisturb,KS,conservation,79.7,78.8,0.9,20,13
YieldCurve,disturbed,KS,conservation,78.5,77.6,0.9,20,13
CBM,nodisturb,KS,intensive,104.1,97.3,6.8,141,87
CBM,disturbed,KS,intensive,102.6,95.9,6.7,141,86
CEM,nodisturb,KS,intensive,30.1,27.3,2.9,85,58
CEM,disturbed,KS,intensive,29.4,26.6,2.8,84,58
FVS_cal,nodisturb,KS,intensive,66.3,61.4,5,117,75
FVS_cal,disturbed,KS,intensive,65.2,60.2,4.9,117,74
FVS_def,nodisturb,KS,intensive,71,65.7,5.3,123,78
FVS_def,disturbed,KS,intensive,69.8,64.5,5.3,122,77
YieldCurve,nodisturb,KS,intensive,65,60.2,4.8,116,75
YieldCurve,disturbed,KS,intensive,63.9,59.1,4.8,116,74
CBM,nodisturb,KS,reserve,127.6,127.6,0,0,0
CBM,disturbed,KS,reserve,125.9,125.9,0,0,0
CEM,nodisturb,KS,reserve,41.8,41.8,0,0,0
CEM,disturbed,KS,reserve,41,41,0,0,0
FVS_cal,nodisturb,KS,reserve,84.7,84.7,0,0,0
FVS_cal,disturbed,KS,reserve,83.4,83.4,0,0,0
FVS_def,nodisturb,KS,reserve,90.5,90.5,0,0,0
FVS_def,disturbed,KS,reserve,89.1,89.1,0,0,0
YieldCurve,nodisturb,KS,reserve,83,83,0,0,0
YieldCurve,disturbed,KS,reserve,81.7,81.7,0,0,0
CBM,nodisturb,KY,BAU,472.5,418.2,54.2,634,413
CBM,disturbed,KY,BAU,459.7,406.4,53.3,629,410
CEM,nodisturb,KY,BAU,99.5,77.7,21.8,401,293
CEM,disturbed,KY,BAU,93.3,72.1,21.3,397,291
FVS_cal,nodisturb,KY,BAU,663.7,589.6,74.2,800,502
FVS_cal,disturbed,KY,BAU,646.8,573.8,73,793,499
FVS_def,nodisturb,KY,BAU,805.7,719.8,85.9,879,541
FVS_def,disturbed,KY,BAU,786.4,701.8,84.6,871,537
YieldCurve,nodisturb,KY,BAU,242.9,201,42,588,397
YieldCurve,disturbed,KY,BAU,232.3,191.1,41.2,583,394
CBM,nodisturb,KY,conservation,585.9,560.9,25,270,171
CBM,disturbed,KY,conservation,571.7,547,24.6,267,170
CEM,nodisturb,KY,conservation,155.4,144.5,10.8,172,122
CEM,disturbed,KY,conservation,148.3,137.7,10.6,170,121
FVS_cal,nodisturb,KY,conservation,814.8,781,33.9,339,208
FVS_cal,disturbed,KY,conservation,796,762.6,33.4,336,206
FVS_def,nodisturb,KY,conservation,977.1,938.1,39,372,224
FVS_def,disturbed,KY,conservation,955.7,917.3,38.4,369,222
YieldCurve,nodisturb,KY,conservation,339.3,319.4,20,251,165
YieldCurve,disturbed,KY,conservation,327.3,307.7,19.6,249,164
CBM,nodisturb,KY,intensive,316.5,228.2,88.3,1221,836
CBM,disturbed,KY,intensive,306.1,219.5,86.6,1210,830
CEM,nodisturb,KY,intensive,32.8,3.1,29.7,759,591
CEM,disturbed,KY,intensive,28.8,0,28.8,752,587
FVS_cal,nodisturb,KY,intensive,451.3,328.5,122.9,1546,1018
FVS_cal,disturbed,KY,intensive,437.5,316.9,120.6,1532,1011
FVS_def,nodisturb,KY,intensive,561.2,416.7,144.5,1702,1098
FVS_def,disturbed,KY,intensive,545.3,403.4,142,1687,1090
YieldCurve,nodisturb,KY,intensive,117.6,54.3,63.4,1124,802
YieldCurve,disturbed,KY,intensive,109.2,47.3,61.9,1113,796
CBM,nodisturb,KY,reserve,676.1,676.1,0,0,0
CBM,disturbed,KY,reserve,660.8,660.8,0,0,0
CEM,nodisturb,KY,reserve,202.6,202.6,0,0,0
CEM,disturbed,KY,reserve,194.9,194.9,0,0,0
FVS_cal,nodisturb,KY,reserve,933.8,933.8,0,0,0
FVS_cal,disturbed,KY,reserve,913.6,913.6,0,0,0
FVS_def,nodisturb,KY,reserve,1111.1,1111.1,0,0,0
FVS_def,disturbed,KY,reserve,1088.2,1088.2,0,0,0
YieldCurve,nodisturb,KY,reserve,417.9,417.9,0,0,0
YieldCurve,disturbed,KY,reserve,404.8,404.8,0,0,0
CBM,nodisturb,LA,BAU,204.3,132.3,71.9,973,684
CBM,disturbed,LA,BAU,198.2,127.4,70.8,966,681
CEM,nodisturb,LA,BAU,84.4,45.1,39.3,678,508
CEM,disturbed,LA,BAU,80.7,42.1,38.5,674,506
FVS_cal,nodisturb,LA,BAU,212.3,129.8,82.5,1101,762
FVS_cal,disturbed,LA,BAU,205.3,124.1,81.2,1094,758
FVS_def,nodisturb,LA,BAU,311.3,205.6,105.7,1264,848
FVS_def,disturbed,LA,BAU,302.8,198.6,104.2,1255,844
YieldCurve,nodisturb,LA,BAU,338.7,228.7,110,1273,849
YieldCurve,disturbed,LA,BAU,329.9,221.5,108.4,1264,845
CBM,nodisturb,LA,conservation,345.5,301.8,43.7,473,312
CBM,disturbed,LA,conservation,337.7,294.6,43.1,470,311
CEM,nodisturb,LA,conservation,168.1,142.5,25.6,332,233
CEM,disturbed,LA,conservation,163.2,138,25.2,330,232
FVS_cal,nodisturb,LA,conservation,375.6,325.4,50.3,535,348
FVS_cal,disturbed,LA,conservation,366.7,317.1,49.6,531,346
FVS_def,nodisturb,LA,conservation,512.7,450.4,62.4,611,386
FVS_def,disturbed,LA,conservation,501.9,440.3,61.6,607,385
YieldCurve,nodisturb,LA,conservation,545.4,481.2,64.2,614,387
YieldCurve,disturbed,LA,conservation,534.3,470.9,63.4,611,385
CBM,nodisturb,LA,intensive,116.5,37.9,78.6,1474,1130
CBM,disturbed,LA,intensive,112.1,35.1,77,1464,1125
CEM,nodisturb,LA,intensive,41.1,2.8,38.3,1019,838
CEM,disturbed,LA,intensive,38.5,1.2,37.2,1011,834
FVS_cal,nodisturb,LA,intensive,112,23.5,88.5,1668,1259
FVS_cal,disturbed,LA,intensive,107,20.4,86.6,1656,1252
FVS_def,nodisturb,LA,intensive,177.4,58.1,119.3,1924,1404
FVS_def,disturbed,LA,intensive,171.3,54.2,117.1,1910,1397
YieldCurve,nodisturb,LA,intensive,197.5,71.1,126.5,1942,1407
YieldCurve,disturbed,LA,intensive,191.2,67,124.2,1928,1400
CBM,nodisturb,LA,reserve,513.8,513.8,0,0,0
CBM,disturbed,LA,reserve,504.3,504.3,0,0,0
CEM,nodisturb,LA,reserve,275.5,275.5,0,0,0
CEM,disturbed,LA,reserve,269.5,269.5,0,0,0
FVS_cal,nodisturb,LA,reserve,569.3,569.3,0,0,0
FVS_cal,disturbed,LA,reserve,558.5,558.5,0,0,0
FVS_def,nodisturb,LA,reserve,743.8,743.8,0,0,0
FVS_def,disturbed,LA,reserve,730.8,730.8,0,0,0
YieldCurve,nodisturb,LA,reserve,780.2,780.2,0,0,0
YieldCurve,disturbed,LA,reserve,767,767,0,0,0
CBM,nodisturb,MA,BAU,122,115.7,6.3,298,195
CBM,disturbed,MA,BAU,118.3,112.1,6.2,295,193
CEM,nodisturb,MA,BAU,57.9,54.2,3.7,213,148
CEM,disturbed,MA,BAU,55.6,52,3.6,211,147
FVS_cal,nodisturb,MA,BAU,241,230,11,437,267
FVS_cal,disturbed,MA,BAU,234.9,224.1,10.8,433,265
FVS_def,nodisturb,MA,BAU,280.6,268.3,12.3,471,283
FVS_def,disturbed,MA,BAU,273.9,261.8,12.1,467,281
YieldCurve,nodisturb,MA,BAU,114.1,107.8,6.3,305,200
YieldCurve,disturbed,MA,BAU,110.4,104.2,6.2,302,198
CBM,nodisturb,MA,conservation,135.5,132.8,2.8,126,81
CBM,disturbed,MA,conservation,131.7,129,2.7,125,81
CEM,nodisturb,MA,conservation,66.6,64.9,1.7,90,62
CEM,disturbed,MA,conservation,64.1,62.5,1.6,89,61
FVS_cal,nodisturb,MA,conservation,262.9,258.2,4.8,184,111
FVS_cal,disturbed,MA,conservation,256.6,251.9,4.7,183,111
FVS_def,nodisturb,MA,conservation,304.9,299.5,5.3,199,118
FVS_def,disturbed,MA,conservation,297.9,292.6,5.3,197,117
YieldCurve,nodisturb,MA,conservation,127.9,125.1,2.8,129,83
YieldCurve,disturbed,MA,conservation,123.9,121.2,2.7,128,83
CBM,nodisturb,MA,intensive,94.5,81.6,13,674,453
CBM,disturbed,MA,intensive,91.3,78.5,12.7,667,450
CEM,nodisturb,MA,intensive,40.8,33.4,7.3,479,344
CEM,disturbed,MA,intensive,38.8,31.6,7.2,475,341
FVS_cal,nodisturb,MA,intensive,195.4,172.3,23.1,993,622
FVS_cal,disturbed,MA,intensive,189.9,167.2,22.7,984,617
FVS_def,nodisturb,MA,intensive,230.1,204,26.1,1072,661
FVS_def,disturbed,MA,intensive,224.1,198.4,25.6,1061,656
YieldCurve,nodisturb,MA,intensive,86.3,73.4,12.9,689,464
YieldCurve,disturbed,MA,intensive,83,70.4,12.6,683,461
CBM,nodisturb,MA,reserve,145.8,145.8,0,0,0
CBM,disturbed,MA,reserve,141.8,141.8,0,0,0
CEM,nodisturb,MA,reserve,73.2,73.2,0,0,0
CEM,disturbed,MA,reserve,70.7,70.7,0,0,0
FVS_cal,nodisturb,MA,reserve,279.4,279.4,0,0,0
FVS_cal,disturbed,MA,reserve,272.9,272.9,0,0,0
FVS_def,nodisturb,MA,reserve,323,323,0,0,0
FVS_def,disturbed,MA,reserve,315.8,315.8,0,0,0
YieldCurve,nodisturb,MA,reserve,138.3,138.3,0,0,0
YieldCurve,disturbed,MA,reserve,134.2,134.2,0,0,0
CBM,nodisturb,MD,BAU,120.6,114.1,6.5,345,223
CBM,disturbed,MD,BAU,118.5,112.1,6.4,343,222
CEM,nodisturb,MD,BAU,55.4,51.7,3.7,243,168
CEM,disturbed,MD,BAU,54.1,50.5,3.7,242,167
FVS_cal,nodisturb,MD,BAU,97.1,91,6.1,345,225
FVS_cal,disturbed,MD,BAU,95.1,89.1,6,343,224
FVS_def,nodisturb,MD,BAU,124.1,116.8,7.2,381,242
FVS_def,disturbed,MD,BAU,121.8,114.6,7.1,379,241
YieldCurve,nodisturb,MD,BAU,81.4,76,5.4,325,215
YieldCurve,disturbed,MD,BAU,79.6,74.2,5.4,323,214
CBM,nodisturb,MD,conservation,134.4,131.6,2.8,143,91
CBM,disturbed,MD,conservation,132.2,129.4,2.8,142,91
CEM,nodisturb,MD,conservation,64.1,62.4,1.6,101,69
CEM,disturbed,MD,conservation,62.7,61.1,1.6,101,68
FVS_cal,nodisturb,MD,conservation,110.6,108,2.6,143,92
FVS_cal,disturbed,MD,conservation,108.5,105.9,2.6,142,92
FVS_def,nodisturb,MD,conservation,139.5,136.4,3.1,158,99
FVS_def,disturbed,MD,conservation,137.1,134,3.1,157,99
YieldCurve,nodisturb,MD,conservation,93.7,91.3,2.4,135,88
YieldCurve,disturbed,MD,conservation,91.8,89.4,2.3,134,88
CBM,nodisturb,MD,intensive,94.3,81.4,13,759,504
CBM,disturbed,MD,intensive,92.5,79.7,12.8,755,502
CEM,nodisturb,MD,intensive,39.4,32.2,7.2,533,379
CEM,disturbed,MD,intensive,38.3,31.2,7.1,529,377
FVS_cal,nodisturb,MD,intensive,71.7,59.6,12.1,758,508
FVS_cal,disturbed,MD,intensive,69.9,58,11.9,754,506
FVS_def,nodisturb,MD,intensive,94.7,80.2,14.4,838,549
FVS_def,disturbed,MD,intensive,92.6,78.4,14.3,833,546
YieldCurve,nodisturb,MD,intensive,58.4,47.8,10.6,712,487
YieldCurve,disturbed,MD,intensive,56.8,46.3,10.5,708,484
CBM,nodisturb,MD,reserve,144.5,144.5,0,0,0
CBM,disturbed,MD,reserve,142.2,142.2,0,0,0
CEM,nodisturb,MD,reserve,70.5,70.5,0,0,0
CEM,disturbed,MD,reserve,69.1,69.1,0,0,0
FVS_cal,nodisturb,MD,reserve,120.5,120.5,0,0,0
FVS_cal,disturbed,MD,reserve,118.3,118.3,0,0,0
FVS_def,nodisturb,MD,reserve,150.8,150.8,0,0,0
FVS_def,disturbed,MD,reserve,148.3,148.3,0,0,0
YieldCurve,nodisturb,MD,reserve,102.8,102.8,0,0,0
YieldCurve,disturbed,MD,reserve,100.8,100.8,0,0,0
CBM,nodisturb,ME,BAU,273.4,212.4,61,636,435
CBM,disturbed,ME,BAU,268.8,208.3,60.5,633,434
CEM,nodisturb,ME,BAU,64.9,39,25.9,404,305
CEM,disturbed,ME,BAU,62.5,37,25.5,402,304
FVS_cal,nodisturb,ME,BAU,280.5,215.7,64.8,676,459
FVS_cal,disturbed,ME,BAU,275.6,211.4,64.2,673,458
FVS_def,nodisturb,ME,BAU,477.1,386.8,90.3,803,523
FVS_def,disturbed,ME,BAU,470.7,381.2,89.5,799,521
LANDIS,nodisturb,ME,BAU,739.8,617.8,122,937,583
LANDIS,disturbed,ME,BAU,731.5,610.5,121.1,934,582
YieldCurve,nodisturb,ME,BAU,323.9,252.9,71,703,472
YieldCurve,disturbed,ME,BAU,318.6,248.3,70.3,700,470
CBM,nodisturb,ME,conservation,393.2,359.1,34.1,308,202
CBM,disturbed,ME,conservation,387.7,353.8,33.8,307,202
CEM,nodisturb,ME,conservation,124.6,108.7,15.9,197,142
CEM,disturbed,ME,conservation,121.7,106,15.7,196,142
FVS_cal,nodisturb,ME,conservation,408.4,372.1,36.3,327,214
FVS_cal,disturbed,ME,conservation,402.5,366.5,36,326,213
FVS_def,nodisturb,ME,conservation,644.2,595.2,48.9,387,242
FVS_def,disturbed,ME,conservation,636.6,588.1,48.5,385,242
LANDIS,nodisturb,ME,conservation,953.4,889.1,64.3,449,270
LANDIS,disturbed,ME,conservation,943.9,880,63.9,448,269
YieldCurve,nodisturb,ME,conservation,460.9,421.6,39.3,340,219
YieldCurve,disturbed,ME,conservation,454.7,415.7,39,338,218
CBM,nodisturb,ME,intensive,143.7,64.4,79.3,1128,837
CBM,disturbed,ME,intensive,140.4,62,78.4,1123,834
CEM,nodisturb,ME,intensive,28.4,0,28.4,708,585
CEM,disturbed,ME,intensive,28.2,0,28.2,705,584
FVS_cal,nodisturb,ME,intensive,142.7,59.2,83.5,1198,884
FVS_cal,disturbed,ME,intensive,139.2,56.7,82.5,1193,881
FVS_def,nodisturb,ME,intensive,281.5,155.5,125.9,1436,1008
FVS_def,disturbed,ME,intensive,276.8,152.1,124.6,1430,1005
LANDIS,nodisturb,ME,intensive,471.4,290.4,180.9,1693,1129
LANDIS,disturbed,ME,intensive,465.2,285.8,179.4,1686,1125
YieldCurve,nodisturb,ME,intensive,171.9,77.9,94,1249,908
YieldCurve,disturbed,ME,intensive,168.1,75.2,92.9,1244,905
CBM,nodisturb,ME,reserve,523.2,523.2,0,0,0
CBM,disturbed,ME,reserve,516.8,516.8,0,0,0
CEM,nodisturb,ME,reserve,195.2,195.2,0,0,0
CEM,disturbed,ME,reserve,191.8,191.8,0,0,0
FVS_cal,nodisturb,ME,reserve,547.2,547.2,0,0,0
FVS_cal,disturbed,ME,reserve,540.4,540.4,0,0,0
FVS_def,nodisturb,ME,reserve,819.5,819.5,0,0,0
FVS_def,disturbed,ME,reserve,810.9,810.9,0,0,0
LANDIS,nodisturb,ME,reserve,1170.8,1170.8,0,0,0
LANDIS,disturbed,ME,reserve,1160,1160,0,0,0
YieldCurve,nodisturb,ME,reserve,608,608,0,0,0
YieldCurve,disturbed,ME,reserve,600.8,600.8,0,0,0
CBM,nodisturb,MI,BAU,469.4,399.8,69.6,554,370
CBM,disturbed,MI,BAU,454.9,386.5,68.4,549,367
CEM,nodisturb,MI,BAU,151.8,118.7,33.1,363,265
CEM,disturbed,MI,BAU,144,111.7,32.3,359,263
FVS_cal,nodisturb,MI,BAU,444.8,376.2,68.6,555,371
FVS_cal,disturbed,MI,BAU,430.5,363.1,67.3,550,369
FVS_def,nodisturb,MI,BAU,584.5,498.8,85.7,638,414
FVS_def,disturbed,MI,BAU,567,482.8,84.3,632,412
LANDIS,nodisturb,MI,BAU,774.3,670,104.2,729,464
LANDIS,disturbed,MI,BAU,753.5,651,102.5,723,461
YieldCurve,nodisturb,MI,BAU,545.6,465.8,79.8,607,398
YieldCurve,disturbed,MI,BAU,529.2,450.8,78.4,601,396
CBM,nodisturb,MI,conservation,611,575.9,35.2,253,164
CBM,disturbed,MI,conservation,594.6,560,34.6,251,163
CEM,nodisturb,MI,conservation,228.8,211.1,17.7,167,118
CEM,disturbed,MI,conservation,219.8,202.4,17.3,165,117
FVS_cal,nodisturb,MI,conservation,585.7,551,34.8,254,165
FVS_cal,disturbed,MI,conservation,569.4,535.2,34.2,252,164
FVS_def,nodisturb,MI,conservation,755.3,712.4,43,291,184
FVS_def,disturbed,MI,conservation,735.6,693.3,42.3,288,182
LANDIS,nodisturb,MI,conservation,976.8,925.1,51.7,332,205
LANDIS,disturbed,MI,conservation,953.4,902.5,51,329,204
YieldCurve,nodisturb,MI,conservation,705.4,665.4,40.1,277,176
YieldCurve,disturbed,MI,conservation,686.9,647.5,39.4,274,175
CBM,nodisturb,MI,intensive,275.3,169.1,106.2,1064,757
CBM,disturbed,MI,intensive,264.1,160.2,103.9,1055,752
CEM,nodisturb,MI,intensive,58.7,15,43.6,688,540
CEM,disturbed,MI,intensive,52.9,10.6,42.3,681,537
FVS_cal,nodisturb,MI,intensive,253.2,149.6,103.5,1066,761
FVS_cal,disturbed,MI,intensive,242.1,140.9,101.3,1056,756
FVS_def,nodisturb,MI,intensive,345.1,211.8,133.2,1230,850
FVS_def,disturbed,MI,intensive,331.5,201,130.5,1218,844
LANDIS,nodisturb,MI,intensive,484.5,318.9,165.6,1411,952
LANDIS,disturbed,MI,intensive,468.3,305.9,162.4,1398,946
YieldCurve,nodisturb,MI,intensive,323.1,199.8,123.3,1168,816
YieldCurve,disturbed,MI,intensive,310.4,189.7,120.8,1158,811
CBM,nodisturb,MI,reserve,742.2,742.2,0,0,0
CBM,disturbed,MI,reserve,724.2,724.2,0,0,0
CEM,nodisturb,MI,reserve,303.7,303.7,0,0,0
CEM,disturbed,MI,reserve,293.7,293.7,0,0,0
FVS_cal,nodisturb,MI,reserve,716.6,716.6,0,0,0
FVS_cal,disturbed,MI,reserve,698.6,698.6,0,0,0
FVS_def,nodisturb,MI,reserve,911.8,911.8,0,0,0
FVS_def,disturbed,MI,reserve,890.2,890.2,0,0,0
LANDIS,nodisturb,MI,reserve,1160.7,1160.7,0,0,0
LANDIS,disturbed,MI,reserve,1135.1,1135.1,0,0,0
YieldCurve,nodisturb,MI,reserve,852.5,852.5,0,0,0
YieldCurve,disturbed,MI,reserve,832.2,832.2,0,0,0
CBM,nodisturb,MN,BAU,332.9,288.8,44.1,386,253
CBM,disturbed,MN,BAU,328.1,284.3,43.8,384,252
CEM,nodisturb,MN,BAU,94.3,76.1,18.1,225,164
CEM,disturbed,MN,BAU,92,74.1,17.9,224,163
FVS_cal,nodisturb,MN,BAU,242.9,207,35.9,346,234
FVS_cal,disturbed,MN,BAU,238.9,203.3,35.5,345,233
FVS_def,nodisturb,MN,BAU,406.2,354.6,51.6,427,275
FVS_def,disturbed,MN,BAU,400.7,349.5,51.2,425,274
LANDIS,nodisturb,MN,BAU,584.9,514.9,69.9,535,333
LANDIS,disturbed,MN,BAU,577.6,508.2,69.4,532,332
YieldCurve,nodisturb,MN,BAU,275.3,232.6,42.7,391,258
YieldCurve,disturbed,MN,BAU,270.5,228.2,42.3,390,257
CBM,nodisturb,MN,conservation,421.6,399.7,21.9,175,112
CBM,disturbed,MN,conservation,416.2,394.4,21.8,175,112
CEM,nodisturb,MN,conservation,136.2,126.7,9.5,103,73
CEM,disturbed,MN,conservation,133.7,124.3,9.4,102,72
FVS_cal,nodisturb,MN,conservation,318,300,18.1,158,103
FVS_cal,disturbed,MN,conservation,313.5,295.5,17.9,157,103
FVS_def,nodisturb,MN,conservation,507.8,482.3,25.4,194,122
FVS_def,disturbed,MN,conservation,501.6,476.3,25.2,193,121
LANDIS,nodisturb,MN,conservation,718.8,684.6,34.2,242,147
LANDIS,disturbed,MN,conservation,710.7,676.7,33.9,241,147
YieldCurve,nodisturb,MN,conservation,363.5,342.1,21.4,178,114
YieldCurve,disturbed,MN,conservation,358.2,336.9,21.2,177,114
CBM,nodisturb,MN,intensive,202.7,132.2,70.5,758,528
CBM,disturbed,MN,intensive,198.9,129.1,69.8,755,526
CEM,nodisturb,MN,intensive,39.8,14.6,25.1,435,340
CEM,disturbed,MN,intensive,38.1,13.3,24.8,433,339
FVS_cal,nodisturb,MN,intensive,136.4,81.3,55,677,486
FVS_cal,disturbed,MN,intensive,133.2,78.8,54.4,674,485
FVS_def,nodisturb,MN,intensive,254.5,170.7,83.7,842,574
FVS_def,disturbed,MN,intensive,250.1,167.2,82.9,838,572
LANDIS,nodisturb,MN,intensive,380,263.8,116.2,1059,696
LANDIS,disturbed,MN,intensive,374.2,259,115.1,1054,693
YieldCurve,nodisturb,MN,intensive,148.2,81.8,66.3,767,538
YieldCurve,disturbed,MN,intensive,144.4,78.8,65.6,764,536
CBM,nodisturb,MN,reserve,501.9,501.9,0,0,0
CBM,disturbed,MN,reserve,496.1,496.1,0,0,0
CEM,nodisturb,MN,reserve,176.3,176.3,0,0,0
CEM,disturbed,MN,reserve,173.5,173.5,0,0,0
FVS_cal,nodisturb,MN,reserve,387.2,387.2,0,0,0
FVS_cal,disturbed,MN,reserve,382.2,382.2,0,0,0
FVS_def,nodisturb,MN,reserve,599.1,599.1,0,0,0
FVS_def,disturbed,MN,reserve,592.4,592.4,0,0,0
LANDIS,nodisturb,MN,reserve,837.9,837.9,0,0,0
LANDIS,disturbed,MN,reserve,829.1,829.1,0,0,0
YieldCurve,nodisturb,MN,reserve,444,444,0,0,0
YieldCurve,disturbed,MN,reserve,438.2,438.2,0,0,0
CBM,nodisturb,MO,BAU,612.9,575.1,37.9,338,214
CBM,disturbed,MO,BAU,601.8,564.4,37.4,335,213
CEM,nodisturb,MO,BAU,179.3,162.6,16.7,211,148
CEM,disturbed,MO,BAU,173.8,157.4,16.4,209,148
FVS_cal,nodisturb,MO,BAU,731.2,686.3,44.9,386,240
FVS_cal,disturbed,MO,BAU,718.2,673.8,44.4,384,239
FVS_def,nodisturb,MO,BAU,866.2,814.9,51.3,421,257
FVS_def,disturbed,MO,BAU,851.6,800.8,50.7,418,256
YieldCurve,nodisturb,MO,BAU,395.2,365.9,29.3,296,195
YieldCurve,disturbed,MO,BAU,386.3,357.3,29,295,194
CBM,nodisturb,MO,conservation,692.1,675.8,16.3,139,87
CBM,disturbed,MO,conservation,680.3,664.2,16.1,138,86
CEM,nodisturb,MO,conservation,220.1,212.7,7.4,87,60
CEM,disturbed,MO,conservation,214.2,206.9,7.3,87,60
FVS_cal,nodisturb,MO,conservation,824.1,804.8,19.3,159,97
FVS_cal,disturbed,MO,conservation,810.3,791.2,19.1,158,97
FVS_def,nodisturb,MO,conservation,970.3,948.4,21.9,173,104
FVS_def,disturbed,MO,conservation,954.8,933.1,21.7,172,104
YieldCurve,nodisturb,MO,conservation,460.4,447.6,12.8,122,79
YieldCurve,disturbed,MO,conservation,450.8,438.2,12.6,121,79
CBM,nodisturb,MO,intensive,473.8,401,72.8,717,469
CBM,disturbed,MO,intensive,464.1,392.2,71.9,712,467
CEM,nodisturb,MO,intensive,111.8,82.2,29.7,443,324
CEM,disturbed,MO,intensive,107.2,78,29.1,440,323
FVS_cal,nodisturb,MO,intensive,567,480.3,86.8,821,527
FVS_cal,disturbed,MO,intensive,555.6,469.9,85.7,816,524
FVS_def,nodisturb,MO,intensive,680.8,580.9,99.9,897,565
FVS_def,disturbed,MO,intensive,667.9,569.2,98.7,891,562
YieldCurve,nodisturb,MO,intensive,283.2,228.4,54.9,627,426
YieldCurve,disturbed,MO,intensive,275.4,221.4,54.1,623,424
CBM,nodisturb,MO,reserve,749.7,749.7,0,0,0
CBM,disturbed,MO,reserve,737.4,737.4,0,0,0
CEM,nodisturb,MO,reserve,250.6,250.6,0,0,0
CEM,disturbed,MO,reserve,244.4,244.4,0,0,0
FVS_cal,nodisturb,MO,reserve,891.5,891.5,0,0,0
FVS_cal,disturbed,MO,reserve,877.1,877.1,0,0,0
FVS_def,nodisturb,MO,reserve,1045.6,1045.6,0,0,0
FVS_def,disturbed,MO,reserve,1029.4,1029.4,0,0,0
YieldCurve,nodisturb,MO,reserve,508.2,508.2,0,0,0
YieldCurve,disturbed,MO,reserve,498.2,498.2,0,0,0
CBM,nodisturb,MS,BAU,334.6,218,116.7,1117,782
CBM,disturbed,MS,BAU,326.3,211.2,115.1,1111,779
CEM,nodisturb,MS,BAU,94.8,43,51.9,712,544
CEM,disturbed,MS,BAU,90.5,39.5,51,707,542
FVS_cal,nodisturb,MS,BAU,475.5,312.9,162.5,1417,955
FVS_cal,disturbed,MS,BAU,464.4,303.9,160.5,1409,951
FVS_def,nodisturb,MS,BAU,756.7,527.3,229.5,1750,1131
FVS_def,disturbed,MS,BAU,742,515.1,226.8,1740,1126
YieldCurve,nodisturb,MS,BAU,284.8,158,126.8,1268,882
YieldCurve,disturbed,MS,BAU,275.5,150.4,125,1260,878
CBM,nodisturb,MS,conservation,563.5,493.2,70.3,539,354
CBM,disturbed,MS,conservation,552.8,483.3,69.5,536,353
CEM,nodisturb,MS,conservation,210.2,175.3,34.9,348,247
CEM,disturbed,MS,conservation,204.4,170,34.4,346,246
FVS_cal,nodisturb,MS,conservation,787.7,691.8,95.9,681,432
FVS_cal,disturbed,MS,conservation,773.5,678.6,94.9,677,430
FVS_def,nodisturb,MS,conservation,1179.4,1048.7,130.7,836,510
FVS_def,disturbed,MS,conservation,1160.6,1031.2,129.4,831,508
YieldCurve,nodisturb,MS,conservation,541.8,463.7,78.1,612,400
YieldCurve,disturbed,MS,conservation,529.7,452.5,77.2,609,398
CBM,nodisturb,MS,intensive,195.3,67.2,128.2,1679,1280
CBM,disturbed,MS,intensive,189.3,63.4,125.9,1669,1275
CEM,nodisturb,MS,intensive,48.6,0,48.6,1058,888
CEM,disturbed,MS,intensive,47.9,0,47.9,1052,884
FVS_cal,nodisturb,MS,intensive,276.4,94.2,182.2,2138,1564
FVS_cal,disturbed,MS,intensive,268.4,89.2,179.2,2124,1557
FVS_def,nodisturb,MS,intensive,463.1,192.2,270.9,2658,1857
FVS_def,disturbed,MS,intensive,452.2,185.2,267,2642,1848
YieldCurve,nodisturb,MS,intensive,137.9,6.2,131.7,1900,1442
YieldCurve,disturbed,MS,intensive,131.2,2,129.1,1888,1436
CBM,nodisturb,MS,reserve,832,832,0,0,0
CBM,disturbed,MS,reserve,819.2,819.2,0,0,0
CEM,nodisturb,MS,reserve,361.3,361.3,0,0,0
CEM,disturbed,MS,reserve,354.1,354.1,0,0,0
FVS_cal,nodisturb,MS,reserve,1143.9,1143.9,0,0,0
FVS_cal,disturbed,MS,reserve,1126.8,1126.8,0,0,0
FVS_def,nodisturb,MS,reserve,1642,1642,0,0,0
FVS_def,disturbed,MS,reserve,1619.7,1619.7,0,0,0
YieldCurve,nodisturb,MS,reserve,847.1,847.1,0,0,0
YieldCurve,disturbed,MS,reserve,832.5,832.5,0,0,0
CBM,nodisturb,MT,BAU,629.8,602.9,26.9,137,86
CBM,disturbed,MT,BAU,542.6,517.8,24.8,132,84
CEM,nodisturb,MT,BAU,159.8,148.7,11.1,83,58
CEM,disturbed,MT,BAU,122.6,112.6,10,80,57
FVS_cal,nodisturb,MT,BAU,803,770.8,32.2,153,94
FVS_cal,disturbed,MT,BAU,699.6,669.8,29.7,147,91
FVS_def,nodisturb,MT,BAU,1069.6,1030.5,39.1,172,103
FVS_def,disturbed,MT,BAU,945.2,909,36.2,165,100
YieldCurve,nodisturb,MT,BAU,469.9,448.3,21.5,118,76
YieldCurve,disturbed,MT,BAU,399.7,379.9,19.8,113,74
CBM,nodisturb,MT,conservation,685.1,673.4,11.7,58,36
CBM,disturbed,MT,conservation,594.7,583.9,10.9,56,35
CEM,nodisturb,MT,conservation,187.1,182.1,4.9,35,25
CEM,disturbed,MT,conservation,148,143.5,4.5,34,24
FVS_cal,nodisturb,MT,conservation,867.4,853.4,14,65,39
FVS_cal,disturbed,MT,conservation,760.1,747.2,12.9,62,38
FVS_def,nodisturb,MT,conservation,1145,1128,16.9,73,43
FVS_def,disturbed,MT,conservation,1016.2,1000.5,15.7,70,42
YieldCurve,nodisturb,MT,conservation,515.6,506.1,9.4,50,32
YieldCurve,disturbed,MT,conservation,442.6,433.9,8.7,48,31
CBM,nodisturb,MT,intensive,511.7,454.2,57.5,316,204
CBM,disturbed,MT,intensive,432,379.4,52.7,303,198
CEM,nodisturb,MT,intensive,104.4,82.3,22.1,190,138
CEM,disturbed,MT,intensive,71.3,51.6,19.7,182,134
FVS_cal,nodisturb,MT,intensive,664.6,595.1,69.5,354,222
FVS_cal,disturbed,MT,intensive,570,506.2,63.8,339,215
FVS_def,nodisturb,MT,intensive,905.9,820.7,85.3,399,244
FVS_def,disturbed,MT,intensive,791.7,713.1,78.6,382,236
YieldCurve,nodisturb,MT,intensive,373.2,327.7,45.5,272,180
YieldCurve,disturbed,MT,intensive,309.3,267.8,41.5,261,175
CBM,nodisturb,MT,reserve,726.8,726.8,0,0,0
CBM,disturbed,MT,reserve,634.1,634.1,0,0,0
CEM,nodisturb,MT,reserve,208,208,0,0,0
CEM,disturbed,MT,reserve,167.7,167.7,0,0,0
FVS_cal,nodisturb,MT,reserve,915.6,915.6,0,0,0
FVS_cal,disturbed,MT,reserve,805.6,805.6,0,0,0
FVS_def,nodisturb,MT,reserve,1201.3,1201.3,0,0,0
FVS_def,disturbed,MT,reserve,1069.3,1069.3,0,0,0
YieldCurve,nodisturb,MT,reserve,550.1,550.1,0,0,0
YieldCurve,disturbed,MT,reserve,475.2,475.2,0,0,0
CBM,nodisturb,NC,BAU,436.9,334.2,102.6,986,674
CBM,disturbed,NC,BAU,426.3,325,101.2,980,670
CEM,nodisturb,NC,BAU,125.3,73.9,51.4,706,524
CEM,disturbed,NC,BAU,119.1,68.6,50.5,702,522
FVS_cal,nodisturb,NC,BAU,351.8,248.9,102.9,1031,703
FVS_cal,disturbed,NC,BAU,340.9,239.5,101.5,1024,699
FVS_def,nodisturb,NC,BAU,546.3,417.3,128.9,1156,767
FVS_def,disturbed,NC,BAU,533.3,406,127.3,1148,763
YieldCurve,nodisturb,NC,BAU,345.6,243.3,102.3,1055,724
YieldCurve,disturbed,NC,BAU,334.6,233.8,100.8,1048,721
CBM,nodisturb,NC,conservation,651.9,598,53.9,441,288
CBM,disturbed,NC,conservation,639,585.8,53.3,439,286
CEM,nodisturb,NC,conservation,250.6,220.9,29.7,319,225
CEM,disturbed,NC,conservation,242.8,213.5,29.2,317,224
FVS_cal,nodisturb,NC,conservation,574.1,519.2,54.9,461,300
FVS_cal,disturbed,NC,conservation,560.8,506.6,54.2,459,299
FVS_def,nodisturb,NC,conservation,811.5,744.7,66.9,516,327
FVS_def,disturbed,NC,conservation,795.8,729.7,66.1,512,325
YieldCurve,nodisturb,NC,conservation,569,514,54.9,473,309
YieldCurve,disturbed,NC,conservation,555.5,501.3,54.3,470,308
CBM,nodisturb,NC,intensive,252.2,122.7,129.5,1629,1197
CBM,disturbed,NC,intensive,244.3,116.9,127.3,1618,1191
CEM,nodisturb,NC,intensive,55.1,0,55.1,1153,929
CEM,disturbed,NC,intensive,54.2,0,54.2,1146,924
FVS_cal,nodisturb,NC,intensive,166.7,42,124.8,1698,1248
FVS_cal,disturbed,NC,intensive,158.6,36.2,122.5,1687,1242
FVS_def,nodisturb,NC,intensive,311.7,146.2,165.4,1915,1364
FVS_def,disturbed,NC,intensive,301.9,139.2,162.8,1902,1357
YieldCurve,nodisturb,NC,intensive,162.8,40.4,122.4,1736,1285
YieldCurve,disturbed,NC,intensive,154.7,34.6,120.1,1724,1279
CBM,nodisturb,NC,reserve,854.6,854.6,0,0,0
CBM,disturbed,NC,reserve,840,840,0,0,0
CEM,nodisturb,NC,reserve,378.4,378.4,0,0,0
CEM,disturbed,NC,reserve,369.3,369.3,0,0,0
FVS_cal,nodisturb,NC,reserve,785.3,785.3,0,0,0
FVS_cal,disturbed,NC,reserve,770.1,770.1,0,0,0
FVS_def,nodisturb,NC,reserve,1057.6,1057.6,0,0,0
FVS_def,disturbed,NC,reserve,1039.8,1039.8,0,0,0
YieldCurve,nodisturb,NC,reserve,782.7,782.7,0,0,0
YieldCurve,disturbed,NC,reserve,767.3,767.3,0,0,0
CBM,nodisturb,ND,BAU,20.5,20.4,0.1,16,10
CBM,disturbed,ND,BAU,20.2,20.1,0.1,16,10
CEM,nodisturb,ND,BAU,8.6,8.6,0,11,7
CEM,disturbed,ND,BAU,8.5,8.4,0,11,7
FVS_cal,nodisturb,ND,BAU,37.7,37.6,0.1,21,12
FVS_cal,disturbed,ND,BAU,37.3,37.2,0.1,21,12
FVS_def,nodisturb,ND,BAU,40.5,40.3,0.2,22,13
FVS_def,disturbed,ND,BAU,40,39.9,0.2,22,13
YieldCurve,nodisturb,ND,BAU,50.7,50.5,0.2,24,13
YieldCurve,disturbed,ND,BAU,50.2,50,0.2,24,13
CBM,nodisturb,ND,conservation,20.7,20.6,0,7,4
CBM,disturbed,ND,conservation,20.4,20.4,0,7,4
CEM,nodisturb,ND,conservation,8.7,8.7,0,4,3
CEM,disturbed,ND,conservation,8.6,8.6,0,4,3
FVS_cal,nodisturb,ND,conservation,38,37.9,0.1,9,5
FVS_cal,disturbed,ND,conservation,37.6,37.5,0.1,9,5
FVS_def,nodisturb,ND,conservation,40.8,40.7,0.1,9,5
FVS_def,disturbed,ND,conservation,40.3,40.3,0.1,9,5
YieldCurve,nodisturb,ND,conservation,51,50.9,0.1,10,6
YieldCurve,disturbed,ND,conservation,50.5,50.4,0.1,10,5
CBM,nodisturb,ND,intensive,20,19.8,0.2,41,25
CBM,disturbed,ND,intensive,19.7,19.5,0.2,41,25
CEM,nodisturb,ND,intensive,8.3,8.2,0.1,27,18
CEM,disturbed,ND,intensive,8.2,8.1,0.1,27,18
FVS_cal,nodisturb,ND,intensive,37,36.6,0.4,55,32
FVS_cal,disturbed,ND,intensive,36.6,36.2,0.4,54,32
FVS_def,nodisturb,ND,intensive,39.7,39.3,0.4,56,32
FVS_def,disturbed,ND,intensive,39.3,38.9,0.4,56,32
YieldCurve,nodisturb,ND,intensive,49.8,49.3,0.5,61,34
YieldCurve,disturbed,ND,intensive,49.3,48.9,0.5,61,34
CBM,nodisturb,ND,reserve,20.8,20.8,0,0,0
CBM,disturbed,ND,reserve,20.5,20.5,0,0,0
CEM,nodisturb,ND,reserve,8.8,8.8,0,0,0
CEM,disturbed,ND,reserve,8.7,8.7,0,0,0
FVS_cal,nodisturb,ND,reserve,38.2,38.2,0,0,0
FVS_cal,disturbed,ND,reserve,37.8,37.8,0,0,0
FVS_def,nodisturb,ND,reserve,41,41,0,0,0
FVS_def,disturbed,ND,reserve,40.5,40.5,0,0,0
YieldCurve,nodisturb,ND,reserve,51.2,51.2,0,0,0
YieldCurve,disturbed,ND,reserve,50.7,50.7,0,0,0
CBM,nodisturb,NE,BAU,34.3,32.9,1.4,129,81
CBM,disturbed,NE,BAU,33.8,32.4,1.4,128,81
CEM,nodisturb,NE,BAU,14.7,13.9,0.8,90,62
CEM,disturbed,NE,BAU,14.4,13.6,0.8,90,61
FVS_cal,nodisturb,NE,BAU,69.1,66.5,2.6,199,117
FVS_cal,disturbed,NE,BAU,68.3,65.7,2.5,198,117
FVS_def,nodisturb,NE,BAU,78.3,75.5,2.8,208,122
FVS_def,disturbed,NE,BAU,77.4,74.7,2.8,207,121
YieldCurve,nodisturb,NE,BAU,23.5,22.4,1.1,116,76
YieldCurve,disturbed,NE,BAU,23.1,22,1.1,116,76
CBM,nodisturb,NE,conservation,37.4,36.8,0.6,51,32
CBM,disturbed,NE,conservation,36.9,36.3,0.6,50,32
CEM,nodisturb,NE,conservation,16.6,16.2,0.3,36,24
CEM,disturbed,NE,conservation,16.3,15.9,0.3,35,24
FVS_cal,nodisturb,NE,conservation,74.3,73.3,1,78,46
FVS_cal,disturbed,NE,conservation,73.4,72.4,1,78,45
FVS_def,nodisturb,NE,conservation,83.9,82.8,1.1,82,47
FVS_def,disturbed,NE,conservation,83,81.9,1.1,81,47
YieldCurve,nodisturb,NE,conservation,26.1,25.7,0.5,46,30
YieldCurve,disturbed,NE,conservation,25.7,25.3,0.5,45,29
CBM,nodisturb,NE,intensive,28.7,25.8,2.9,279,180
CBM,disturbed,NE,intensive,28.2,25.4,2.9,278,180
CEM,nodisturb,NE,intensive,11.3,9.7,1.5,195,136
CEM,disturbed,NE,intensive,11,9.5,1.5,194,136
FVS_cal,nodisturb,NE,intensive,59.4,54.1,5.3,433,261
FVS_cal,disturbed,NE,intensive,58.7,53.4,5.2,431,260
FVS_def,nodisturb,NE,intensive,67.9,62.2,5.8,454,270
FVS_def,disturbed,NE,intensive,67.1,61.4,5.7,452,269
YieldCurve,nodisturb,NE,intensive,18.8,16.5,2.3,252,168
YieldCurve,disturbed,NE,intensive,18.5,16.2,2.2,250,168
CBM,nodisturb,NE,reserve,39.4,39.4,0,0,0
CBM,disturbed,NE,reserve,38.9,38.9,0,0,0
CEM,nodisturb,NE,reserve,17.8,17.8,0,0,0
CEM,disturbed,NE,reserve,17.5,17.5,0,0,0
FVS_cal,nodisturb,NE,reserve,77.7,77.7,0,0,0
FVS_cal,disturbed,NE,reserve,76.9,76.9,0,0,0
FVS_def,nodisturb,NE,reserve,87.6,87.6,0,0,0
FVS_def,disturbed,NE,reserve,86.6,86.6,0,0,0
YieldCurve,nodisturb,NE,reserve,27.9,27.9,0,0,0
YieldCurve,disturbed,NE,reserve,27.5,27.5,0,0,0
CBM,nodisturb,NH,BAU,148.4,131.2,17.1,569,377
CBM,disturbed,NH,BAU,144.9,128,16.9,565,375
CEM,nodisturb,NH,BAU,41.8,34.5,7.3,347,255
CEM,disturbed,NH,BAU,40.1,33,7.1,344,253
FVS_cal,nodisturb,NH,BAU,204.4,181.5,22.9,704,450
FVS_cal,disturbed,NH,BAU,199.9,177.3,22.6,699,448
FVS_def,nodisturb,NH,BAU,302.5,272.9,29.6,813,502
FVS_def,disturbed,NH,BAU,296.9,267.7,29.2,807,500
LANDIS,nodisturb,NH,BAU,196.8,176.8,20,612,396
LANDIS,disturbed,NH,BAU,192.9,173.2,19.8,608,394
YieldCurve,nodisturb,NH,BAU,113.2,97.2,16,567,379
YieldCurve,disturbed,NH,BAU,109.9,94,15.8,563,377
CBM,nodisturb,NH,conservation,183.6,175.3,8.3,256,165
CBM,disturbed,NH,conservation,179.8,171.6,8.2,254,164
CEM,nodisturb,NH,conservation,59.3,55.6,3.7,157,112
CEM,disturbed,NH,conservation,57.4,53.7,3.7,156,111
FVS_cal,nodisturb,NH,conservation,250.5,239.5,11.1,316,197
FVS_cal,disturbed,NH,conservation,245.6,234.6,10.9,314,196
FVS_def,nodisturb,NH,conservation,359.1,345.1,14.1,364,220
FVS_def,disturbed,NH,conservation,353,339.1,13.9,361,219
LANDIS,nodisturb,NH,conservation,236.6,226.9,9.6,275,174
LANDIS,disturbed,NH,conservation,232.3,222.7,9.5,273,173
YieldCurve,nodisturb,NH,conservation,147.5,139.6,7.9,255,166
YieldCurve,disturbed,NH,conservation,143.8,136,7.8,253,165
CBM,nodisturb,NH,intensive,92.1,63.4,28.7,1159,810
CBM,disturbed,NH,intensive,89.4,61.1,28.2,1150,806
CEM,nodisturb,NH,intensive,16.9,6.2,10.6,697,545
CEM,disturbed,NH,intensive,15.6,5.2,10.4,691,542
FVS_cal,nodisturb,NH,intensive,129.4,90.2,39.2,1440,969
FVS_cal,disturbed,NH,intensive,125.8,87.2,38.6,1429,964
FVS_def,nodisturb,NH,intensive,207.4,155,52.4,1671,1084
FVS_def,disturbed,NH,intensive,202.9,151.1,51.7,1659,1078
LANDIS,nodisturb,NH,intensive,132,97.4,34.6,1251,853
LANDIS,disturbed,NH,intensive,128.8,94.8,34.1,1243,849
YieldCurve,nodisturb,NH,intensive,59.6,33.6,26.1,1152,814
YieldCurve,disturbed,NH,intensive,57,31.4,25.6,1144,810
CBM,nodisturb,NH,reserve,214.7,214.7,0,0,0
CBM,disturbed,NH,reserve,210.5,210.5,0,0,0
CEM,nodisturb,NH,reserve,75.4,75.4,0,0,0
CEM,disturbed,NH,reserve,73.3,73.3,0,0,0
FVS_cal,nodisturb,NH,reserve,290.7,290.7,0,0,0
FVS_cal,disturbed,NH,reserve,285.3,285.3,0,0,0
FVS_def,nodisturb,NH,reserve,407.8,407.8,0,0,0
FVS_def,disturbed,NH,reserve,401.2,401.2,0,0,0
LANDIS,nodisturb,NH,reserve,271.1,271.1,0,0,0
LANDIS,disturbed,NH,reserve,266.5,266.5,0,0,0
YieldCurve,nodisturb,NH,reserve,177.8,177.8,0,0,0
YieldCurve,disturbed,NH,reserve,173.8,173.8,0,0,0
CBM,nodisturb,NJ,BAU,96.7,95.2,1.5,99,62
CBM,disturbed,NJ,BAU,94.4,92.9,1.5,98,62
CEM,nodisturb,NJ,BAU,41.7,40.9,0.8,68,46
CEM,disturbed,NJ,BAU,40.3,39.5,0.8,67,46
FVS_cal,nodisturb,NJ,BAU,141.1,138.9,2.2,130,78
FVS_cal,disturbed,NJ,BAU,137.8,135.6,2.1,128,78
FVS_def,nodisturb,NJ,BAU,168.2,165.7,2.5,143,85
FVS_def,disturbed,NJ,BAU,164.4,162,2.5,141,84
YieldCurve,nodisturb,NJ,BAU,52.7,51.6,1.1,85,56
YieldCurve,disturbed,NJ,BAU,50.9,49.8,1.1,84,55
CBM,nodisturb,NJ,conservation,100,99.4,0.6,39,24
CBM,disturbed,NJ,conservation,97.6,97,0.6,38,24
CEM,nodisturb,NJ,conservation,43.7,43.4,0.3,27,18
CEM,disturbed,NJ,conservation,42.3,42,0.3,26,18
FVS_cal,nodisturb,NJ,conservation,145.6,144.8,0.9,51,31
FVS_cal,disturbed,NJ,conservation,142.3,141.4,0.8,50,30
FVS_def,nodisturb,NJ,conservation,173.3,172.3,1,56,33
FVS_def,disturbed,NJ,conservation,169.5,168.5,1,55,33
YieldCurve,nodisturb,NJ,conservation,55.3,54.9,0.4,33,22
YieldCurve,disturbed,NJ,conservation,53.4,53,0.4,33,22
CBM,nodisturb,NJ,intensive,89.6,86.2,3.5,231,146
CBM,disturbed,NJ,intensive,87.3,83.9,3.4,229,145
CEM,nodisturb,NJ,intensive,37.5,35.6,1.9,158,108
CEM,disturbed,NJ,intensive,36.1,34.3,1.8,157,107
FVS_cal,nodisturb,NJ,intensive,131.3,126.3,5,304,185
FVS_cal,disturbed,NJ,intensive,128.1,123.2,4.9,301,183
FVS_def,nodisturb,NJ,intensive,157.1,151.4,5.7,334,200
FVS_def,disturbed,NJ,intensive,153.5,147.8,5.6,331,198
YieldCurve,nodisturb,NJ,intensive,47.1,44.6,2.5,198,132
YieldCurve,disturbed,NJ,intensive,45.4,42.9,2.4,196,131
CBM,nodisturb,NJ,reserve,102.2,102.2,0,0,0
CBM,disturbed,NJ,reserve,99.7,99.7,0,0,0
CEM,nodisturb,NJ,reserve,45,45,0,0,0
CEM,disturbed,NJ,reserve,43.6,43.6,0,0,0
FVS_cal,nodisturb,NJ,reserve,148.6,148.6,0,0,0
FVS_cal,disturbed,NJ,reserve,145.2,145.2,0,0,0
FVS_def,nodisturb,NJ,reserve,176.6,176.6,0,0,0
FVS_def,disturbed,NJ,reserve,172.8,172.8,0,0,0
YieldCurve,nodisturb,NJ,reserve,57,57,0,0,0
YieldCurve,disturbed,NJ,reserve,55.1,55.1,0,0,0
CBM,nodisturb,NM,BAU,273.4,268.5,4.9,36,23
CBM,disturbed,NM,BAU,251.9,247.3,4.7,36,22
CEM,nodisturb,NM,BAU,65.2,63.6,1.7,18,13
CEM,disturbed,NM,BAU,57.7,56.1,1.6,18,13
FVS_cal,nodisturb,NM,BAU,658,648.2,9.8,59,34
FVS_cal,disturbed,NM,BAU,615.9,606.5,9.4,57,33
FVS_def,nodisturb,NM,BAU,734.8,724.2,10.6,62,35
FVS_def,disturbed,NM,BAU,689.3,679.1,10.2,60,34
YieldCurve,nodisturb,NM,BAU,189.2,185.4,3.8,31,20
YieldCurve,disturbed,NM,BAU,172.6,169,3.6,30,19
CBM,nodisturb,NM,conservation,283.4,281.3,2.1,15,10
CBM,disturbed,NM,conservation,261.6,259.6,2,15,9
CEM,nodisturb,NM,conservation,69.3,68.6,0.7,8,6
CEM,disturbed,NM,conservation,61.6,60.9,0.7,8,5
FVS_cal,nodisturb,NM,conservation,676.3,672.1,4.2,25,14
FVS_cal,disturbed,NM,conservation,633.5,629.5,4,24,14
FVS_def,nodisturb,NM,conservation,754.4,749.9,4.5,26,15
FVS_def,disturbed,NM,conservation,708.2,703.9,4.3,25,14
YieldCurve,nodisturb,NM,conservation,197.2,195.6,1.6,13,8
YieldCurve,disturbed,NM,conservation,180.3,178.8,1.5,13,8
CBM,nodisturb,NM,intensive,248.2,236.4,11.8,91,57
CBM,disturbed,NM,intensive,227.6,216.3,11.2,89,56
CEM,nodisturb,NM,intensive,55.1,51.2,3.9,46,33
CEM,disturbed,NM,intensive,48,44.3,3.7,45,33
FVS_cal,nodisturb,NM,intensive,611.5,587.6,23.9,147,85
FVS_cal,disturbed,NM,intensive,570.9,548,22.9,143,83
FVS_def,nodisturb,NM,intensive,684.9,659,25.9,155,88
FVS_def,disturbed,NM,intensive,641,616.1,24.9,151,87
YieldCurve,nodisturb,NM,intensive,169.1,160.2,9,76,50
YieldCurve,disturbed,NM,intensive,153.3,144.7,8.5,74,49
CBM,nodisturb,NM,reserve,290.8,290.8,0,0,0
CBM,disturbed,NM,reserve,268.8,268.8,0,0,0
CEM,nodisturb,NM,reserve,72.4,72.4,0,0,0
CEM,disturbed,NM,reserve,64.6,64.6,0,0,0
FVS_cal,nodisturb,NM,reserve,689.7,689.7,0,0,0
FVS_cal,disturbed,NM,reserve,646.5,646.5,0,0,0
FVS_def,nodisturb,NM,reserve,768.8,768.8,0,0,0
FVS_def,disturbed,NM,reserve,722.1,722.1,0,0,0
YieldCurve,nodisturb,NM,reserve,203.1,203.1,0,0,0
YieldCurve,disturbed,NM,reserve,186,186,0,0,0
CBM,nodisturb,NV,BAU,85.8,85.5,0.3,3,2
CBM,disturbed,NV,BAU,85.5,85.2,0.3,3,2
CEM,nodisturb,NV,BAU,46,45.9,0.2,2,2
CEM,disturbed,NV,BAU,45.8,45.6,0.2,2,2
FVS_cal,nodisturb,NV,BAU,275.8,275.3,0.6,5,3
FVS_cal,disturbed,NV,BAU,275.1,274.5,0.6,5,3
FVS_def,nodisturb,NV,BAU,381.1,380.3,0.8,6,3
FVS_def,disturbed,NV,BAU,380.2,379.4,0.8,6,3
YieldCurve,nodisturb,NV,BAU,72.4,72.2,0.2,3,2
YieldCurve,disturbed,NV,BAU,72.1,71.9,0.2,3,2
CBM,nodisturb,NV,conservation,86.4,86.3,0.1,1,1
CBM,disturbed,NV,conservation,86,85.9,0.1,1,1
CEM,nodisturb,NV,conservation,46.4,46.4,0.1,1,1
CEM,disturbed,NV,conservation,46.2,46.1,0.1,1,1
FVS_cal,nodisturb,NV,conservation,276.9,276.7,0.2,2,1
FVS_cal,disturbed,NV,conservation,276.2,276,0.2,2,1
FVS_def,nodisturb,NV,conservation,382.5,382.1,0.3,2,1
FVS_def,disturbed,NV,conservation,381.5,381.2,0.3,2,1
YieldCurve,nodisturb,NV,conservation,72.9,72.8,0.1,1,1
YieldCurve,disturbed,NV,conservation,72.6,72.5,0.1,1,1
CBM,nodisturb,NV,intensive,84.3,83.6,0.7,8,5
CBM,disturbed,NV,intensive,84,83.3,0.7,8,5
CEM,nodisturb,NV,intensive,45,44.6,0.4,6,4
CEM,disturbed,NV,intensive,44.8,44.3,0.4,6,4
FVS_cal,nodisturb,NV,intensive,273,271.5,1.5,13,7
FVS_cal,disturbed,NV,intensive,272.3,270.8,1.5,13,7
FVS_def,nodisturb,NV,intensive,377.5,375.6,2,15,8
FVS_def,disturbed,NV,intensive,376.6,374.7,2,15,8
YieldCurve,nodisturb,NV,intensive,71.1,70.5,0.6,7,5
YieldCurve,disturbed,NV,intensive,70.8,70.2,0.6,7,5
CBM,nodisturb,NV,reserve,86.8,86.8,0,0,0
CBM,disturbed,NV,reserve,86.4,86.4,0,0,0
CEM,nodisturb,NV,reserve,46.7,46.7,0,0,0
CEM,disturbed,NV,reserve,46.5,46.5,0,0,0
FVS_cal,nodisturb,NV,reserve,277.7,277.7,0,0,0
FVS_cal,disturbed,NV,reserve,277,277,0,0,0
FVS_def,nodisturb,NV,reserve,383.4,383.4,0,0,0
FVS_def,disturbed,NV,reserve,382.5,382.5,0,0,0
YieldCurve,nodisturb,NV,reserve,73.3,73.3,0,0,0
YieldCurve,disturbed,NV,reserve,73,73,0,0,0
CBM,nodisturb,NY,BAU,707.9,651.6,56.2,433,281
CBM,disturbed,NY,BAU,689.9,634.5,55.4,429,279
CEM,nodisturb,NY,BAU,200.7,176,24.8,272,196
CEM,disturbed,NY,BAU,191.7,167.4,24.3,270,194
FVS_cal,nodisturb,NY,BAU,969.7,894.1,75.6,540,339
FVS_cal,disturbed,NY,BAU,946,871.5,74.5,535,336
FVS_def,nodisturb,NY,BAU,1304.6,1211.9,92.7,610,373
FVS_def,disturbed,NY,BAU,1276.4,1185.1,91.4,605,370
YieldCurve,nodisturb,NY,BAU,584.9,531.7,53.2,433,284
YieldCurve,disturbed,NY,BAU,567.5,515.1,52.4,430,282
CBM,nodisturb,NY,conservation,824.7,799,25.7,187,119
CBM,disturbed,NY,conservation,805.3,780,25.3,185,118
CEM,nodisturb,NY,conservation,261.1,249.3,11.8,118,83
CEM,disturbed,NY,conservation,251.2,239.7,11.6,117,83
FVS_cal,nodisturb,NY,conservation,1122.9,1088.6,34.3,233,143
FVS_cal,disturbed,NY,conservation,1097.5,1063.6,33.8,231,143
FVS_def,nodisturb,NY,conservation,1485.8,1444.1,41.8,263,158
FVS_def,disturbed,NY,conservation,1455.6,1414.4,41.2,260,157
YieldCurve,nodisturb,NY,conservation,699,674.5,24.5,187,120
YieldCurve,disturbed,NY,conservation,680.2,656,24.1,186,120
CBM,nodisturb,NY,intensive,501.8,397.6,104.2,919,621
CBM,disturbed,NY,intensive,486.6,384.3,102.3,911,617
CEM,nodisturb,NY,intensive,102.3,61,41.3,571,431
CEM,disturbed,NY,intensive,95,54.7,40.3,566,428
FVS_cal,nodisturb,NY,intensive,695.3,553.3,141.9,1150,750
FVS_cal,disturbed,NY,intensive,675.3,535.7,139.6,1140,745
FVS_def,nodisturb,NY,intensive,974.6,797.3,177.3,1304,826
FVS_def,disturbed,NY,intensive,950.6,776,174.6,1293,820
YieldCurve,nodisturb,NY,intensive,386,289.3,96.8,918,628
YieldCurve,disturbed,NY,intensive,371.4,276.5,95,910,624
CBM,nodisturb,NY,reserve,918.1,918.1,0,0,0
CBM,disturbed,NY,reserve,897.6,897.6,0,0,0
CEM,nodisturb,NY,reserve,311,311,0,0,0
CEM,disturbed,NY,reserve,300.5,300.5,0,0,0
FVS_cal,nodisturb,NY,reserve,1244.6,1244.6,0,0,0
FVS_cal,disturbed,NY,reserve,1217.8,1217.8,0,0,0
FVS_def,nodisturb,NY,reserve,1628.6,1628.6,0,0,0
FVS_def,disturbed,NY,reserve,1596.9,1596.9,0,0,0
YieldCurve,nodisturb,NY,reserve,790.8,790.8,0,0,0
YieldCurve,disturbed,NY,reserve,770.8,770.8,0,0,0
CBM,nodisturb,OH,BAU,311.3,285,26.3,476,308
CBM,disturbed,OH,BAU,305.4,279.5,26,473,307
CEM,nodisturb,OH,BAU,97.1,84.4,12.7,320,228
CEM,disturbed,OH,BAU,93.9,81.4,12.5,318,226
FVS_cal,nodisturb,OH,BAU,387.9,354.5,33.5,576,363
FVS_cal,disturbed,OH,BAU,380.6,347.5,33.1,573,361
FVS_def,nodisturb,OH,BAU,469.1,431,38.1,623,386
FVS_def,disturbed,OH,BAU,460.9,423.2,37.7,620,384
LANDIS,nodisturb,OH,BAU,620.9,574.1,46.8,722,437
LANDIS,disturbed,OH,BAU,611.1,564.7,46.3,717,435
YieldCurve,nodisturb,OH,BAU,269.1,243.8,25.3,478,311
YieldCurve,disturbed,OH,BAU,263.3,238.3,25,475,310
CBM,nodisturb,OH,conservation,367.3,355.7,11.6,197,125
CBM,disturbed,OH,conservation,360.9,349.5,11.4,196,124
CEM,nodisturb,OH,conservation,128.5,122.7,5.8,133,92
CEM,disturbed,OH,conservation,125,119.3,5.7,132,92
FVS_cal,nodisturb,OH,conservation,458.4,443.7,14.7,238,147
FVS_cal,disturbed,OH,conservation,450.4,435.9,14.5,237,146
FVS_def,nodisturb,OH,conservation,547.6,531,16.6,257,156
FVS_def,disturbed,OH,conservation,538.7,522.2,16.5,256,156
LANDIS,nodisturb,OH,conservation,714.9,694.6,20.3,298,177
LANDIS,disturbed,OH,conservation,704.2,684.1,20.1,296,176
YieldCurve,nodisturb,OH,conservation,324.3,313.1,11.2,198,126
YieldCurve,disturbed,OH,conservation,318,307,11.1,197,126
CBM,nodisturb,OH,intensive,223.9,177.3,46.6,964,649
CBM,disturbed,OH,intensive,219,172.9,46,957,646
CEM,nodisturb,OH,intensive,51.5,31.1,20.5,642,478
CEM,disturbed,OH,intensive,48.9,28.8,20.1,638,476
FVS_cal,nodisturb,OH,intensive,276.9,217,59.8,1170,765
FVS_cal,disturbed,OH,intensive,270.7,211.6,59.1,1162,762
FVS_def,nodisturb,OH,intensive,344.1,275.1,69,1268,815
FVS_def,disturbed,OH,intensive,337.1,268.9,68.2,1260,811
LANDIS,nodisturb,OH,intensive,469.4,383.5,85.9,1472,923
LANDIS,disturbed,OH,intensive,461,376.1,84.9,1462,919
YieldCurve,nodisturb,OH,intensive,183.7,139.4,44.3,966,656
YieldCurve,disturbed,OH,intensive,178.9,135.1,43.7,960,653
CBM,nodisturb,OH,reserve,409,409,0,0,0
CBM,disturbed,OH,reserve,402.3,402.3,0,0,0
CEM,nodisturb,OH,reserve,152.8,152.8,0,0,0
CEM,disturbed,OH,reserve,149,149,0,0,0
FVS_cal,nodisturb,OH,reserve,510.6,510.6,0,0,0
FVS_cal,disturbed,OH,reserve,502.2,502.2,0,0,0
FVS_def,nodisturb,OH,reserve,605.5,605.5,0,0,0
FVS_def,disturbed,OH,reserve,596.1,596.1,0,0,0
LANDIS,nodisturb,OH,reserve,783.8,783.8,0,0,0
LANDIS,disturbed,OH,reserve,772.6,772.6,0,0,0
YieldCurve,nodisturb,OH,reserve,365.6,365.6,0,0,0
YieldCurve,disturbed,OH,reserve,359,359,0,0,0
CBM,nodisturb,OK,BAU,337,307.3,29.7,325,202
CBM,disturbed,OK,BAU,327.2,298.1,29.2,322,201
CEM,nodisturb,OK,BAU,68.9,58.4,10.6,182,130
CEM,disturbed,OK,BAU,64.9,54.6,10.3,181,129
FVS_cal,nodisturb,OK,BAU,364.6,330.2,34.4,378,232
FVS_cal,disturbed,OK,BAU,353.2,319.5,33.7,374,231
FVS_def,nodisturb,OK,BAU,456,415.6,40.3,417,251
FVS_def,disturbed,OK,BAU,442.8,403.2,39.6,413,249
YieldCurve,nodisturb,OK,BAU,196.8,174.3,22.6,288,186
YieldCurve,disturbed,OK,BAU,189,166.9,22.1,285,185
CBM,nodisturb,OK,conservation,397,383.8,13.2,136,83
CBM,disturbed,OK,conservation,386.3,373.4,12.9,135,82
CEM,nodisturb,OK,conservation,95,90,5,77,53
CEM,disturbed,OK,conservation,90.5,85.7,4.9,76,53
FVS_cal,nodisturb,OK,conservation,434.7,419.5,15.3,158,95
FVS_cal,disturbed,OK,conservation,422.3,407.3,15,156,94
FVS_def,nodisturb,OK,conservation,536.2,518.4,17.8,174,103
FVS_def,disturbed,OK,conservation,521.9,504.4,17.5,172,102
YieldCurve,nodisturb,OK,conservation,245.9,235.7,10.2,120,76
YieldCurve,disturbed,OK,conservation,237.3,227.3,10,119,76
CBM,nodisturb,OK,intensive,245.5,193.3,52.3,649,420
CBM,disturbed,OK,intensive,237.2,186,51.2,642,417
CEM,nodisturb,OK,intensive,33.5,17.3,16.2,358,268
CEM,disturbed,OK,intensive,30.3,14.6,15.7,354,266
FVS_cal,nodisturb,OK,intensive,257.8,197.7,60.1,754,483
FVS_cal,disturbed,OK,intensive,248.2,189.4,58.8,746,479
FVS_def,nodisturb,OK,intensive,332,260.4,71.6,835,523
FVS_def,disturbed,OK,intensive,320.9,250.7,70.2,826,518
YieldCurve,nodisturb,OK,intensive,124.7,86.8,37.9,570,385
YieldCurve,disturbed,OK,intensive,118.2,81.2,37,564,383
CBM,nodisturb,OK,reserve,442.4,442.4,0,0,0
CBM,disturbed,OK,reserve,431.2,431.2,0,0,0
CEM,nodisturb,OK,reserve,115.8,115.8,0,0,0
CEM,disturbed,OK,reserve,111,111,0,0,0
FVS_cal,nodisturb,OK,reserve,487.9,487.9,0,0,0
FVS_cal,disturbed,OK,reserve,474.7,474.7,0,0,0
FVS_def,nodisturb,OK,reserve,596.6,596.6,0,0,0
FVS_def,disturbed,OK,reserve,581.5,581.5,0,0,0
YieldCurve,nodisturb,OK,reserve,283.7,283.7,0,0,0
YieldCurve,disturbed,OK,reserve,274.6,274.6,0,0,0
CBM,nodisturb,OR,BAU,730.7,603.5,127.2,729,497
CBM,disturbed,OR,BAU,581.4,467,114.4,698,483
CEM,nodisturb,OR,BAU,215.2,153.5,61.8,498,370
FVS_cal,nodisturb,OR,BAU,2221.7,1919.2,302.4,1293,793
FVS_cal,disturbed,OR,BAU,1887.2,1611.2,276,1234,767
FVS_def,nodisturb,OR,BAU,2871.6,2508.1,363.5,1455,873
FVS_def,disturbed,OR,BAU,2475.1,2142.2,333,1388,843
YieldCurve,nodisturb,OR,BAU,935,784,151,803,536
YieldCurve,disturbed,OR,BAU,760.3,623.8,136.5,769,520
CBM,nodisturb,OR,conservation,995,929,66,336,222
CBM,disturbed,OR,conservation,826.4,766.3,60.1,323,216
CEM,nodisturb,OR,conservation,363.9,329.7,34.2,231,166
FVS_cal,nodisturb,OR,conservation,2785.9,2635.7,150.2,591,353
FVS_cal,disturbed,OR,conservation,2412.8,2274.7,138.1,565,341
FVS_def,nodisturb,OR,conservation,3532,3353.3,178.7,664,388
FVS_def,disturbed,OR,conservation,3091.3,2926.6,164.8,635,375
YieldCurve,nodisturb,OR,conservation,1239.7,1162.2,77.4,370,239
YieldCurve,disturbed,OR,conservation,1043.2,972.5,70.7,355,232
CBM,nodisturb,OR,intensive,393.6,210.7,182.9,1374,1004
CBM,disturbed,OR,intensive,277.3,118.1,159.2,1312,974
CEM,nodisturb,OR,intensive,75.4,0,75.4,927,745
FVS_cal,nodisturb,OR,intensive,1420.3,937.9,482.4,2474,1610
FVS_cal,disturbed,OR,intensive,1153.5,721.5,432.1,2355,1555
FVS_def,nodisturb,OR,intensive,1911,1317.6,593.4,2795,1774
FVS_def,disturbed,OR,intensive,1592.6,1057.9,534.8,2661,1712
YieldCurve,nodisturb,OR,intensive,534.8,310.7,224.1,1519,1083
YieldCurve,disturbed,OR,intensive,397.5,200.6,196.9,1450,1050
CBM,nodisturb,OR,reserve,1248.3,1248.3,0,0,0
CBM,disturbed,OR,reserve,1063.5,1063.5,0,0,0
CEM,nodisturb,OR,reserve,514.7,514.7,0,0,0
FVS_cal,nodisturb,OR,reserve,3300.9,3300.9,0,0,0
FVS_cal,disturbed,OR,reserve,2896,2896,0,0,0
FVS_def,nodisturb,OR,reserve,4128.4,4128.4,0,0,0
FVS_def,disturbed,OR,reserve,3651.5,3651.5,0,0,0
YieldCurve,nodisturb,OR,reserve,1528,1528,0,0,0
YieldCurve,disturbed,OR,reserve,1313.5,1313.5,0,0,0
CBM,nodisturb,PA,BAU,585.9,522.9,63,570,375
CBM,disturbed,PA,BAU,574.1,511.8,62.3,566,373
CEM,nodisturb,PA,BAU,154.4,125.7,28.6,378,274
CEM,disturbed,PA,BAU,148.1,119.9,28.2,375,273
FVS_cal,nodisturb,PA,BAU,682.3,606.5,75.8,658,423
FVS_cal,disturbed,PA,BAU,668.2,593.3,74.9,654,421
FVS_def,nodisturb,PA,BAU,850.4,763.2,87.2,713,450
FVS_def,disturbed,PA,BAU,834.5,748.4,86.2,709,448
YieldCurve,nodisturb,PA,BAU,412.5,357.3,55.2,552,370
YieldCurve,disturbed,PA,BAU,401.6,347.1,54.5,548,368
CBM,nodisturb,PA,conservation,717.4,687.8,29.6,248,159
CBM,disturbed,PA,conservation,704.3,675,29.3,247,159
CEM,nodisturb,PA,conservation,225.3,211.1,14.2,166,117
CEM,disturbed,PA,conservation,218.3,204.2,14,165,116
FVS_cal,nodisturb,PA,conservation,839.1,803.6,35.5,286,180
FVS_cal,disturbed,PA,conservation,823.5,788.4,35.1,285,179
FVS_def,nodisturb,PA,conservation,1025.9,985.4,40.5,310,191
FVS_def,disturbed,PA,conservation,1008.5,968.4,40.1,308,190
YieldCurve,nodisturb,PA,conservation,533.9,507.6,26.4,241,157
YieldCurve,disturbed,PA,conservation,521.9,495.8,26,239,157
CBM,nodisturb,PA,intensive,384.8,278.5,106.3,1143,790
CBM,disturbed,PA,intensive,375.2,270.4,104.8,1136,787
CEM,nodisturb,PA,intensive,57.3,15.5,41.8,748,576
CEM,disturbed,PA,intensive,52.4,11.5,40.9,743,573
FVS_cal,nodisturb,PA,intensive,440.2,311.7,128.5,1323,894
FVS_cal,disturbed,PA,intensive,428.8,302,126.8,1314,889
FVS_def,nodisturb,PA,intensive,574.9,424.2,150.6,1437,951
FVS_def,disturbed,PA,intensive,561.9,413.2,148.7,1428,947
YieldCurve,nodisturb,PA,intensive,232.1,142.6,89.5,1102,779
YieldCurve,disturbed,PA,intensive,223.4,135.4,88,1095,775
CBM,nodisturb,PA,reserve,826.2,826.2,0,0,0
CBM,disturbed,PA,reserve,812.2,812.2,0,0,0
CEM,nodisturb,PA,reserve,286.8,286.8,0,0,0
CEM,disturbed,PA,reserve,279.1,279.1,0,0,0
FVS_cal,nodisturb,PA,reserve,968.1,968.1,0,0,0
FVS_cal,disturbed,PA,reserve,951.4,951.4,0,0,0
FVS_def,nodisturb,PA,reserve,1169.3,1169.3,0,0,0
FVS_def,disturbed,PA,reserve,1150.7,1150.7,0,0,0
YieldCurve,nodisturb,PA,reserve,635.6,635.6,0,0,0
YieldCurve,disturbed,PA,reserve,622.6,622.6,0,0,0
CBM,nodisturb,RI,BAU,14.3,13.5,0.8,334,218
CBM,disturbed,RI,BAU,13.9,13.1,0.8,332,216
CEM,nodisturb,RI,BAU,7.6,7.1,0.5,241,165
CEM,disturbed,RI,BAU,7.4,6.9,0.5,239,164
FVS_cal,nodisturb,RI,BAU,24.4,23.2,1.2,443,274
FVS_cal,disturbed,RI,BAU,23.9,22.7,1.2,440,272
FVS_def,nodisturb,RI,BAU,27.6,26.2,1.4,477,291
FVS_def,disturbed,RI,BAU,27,25.6,1.4,473,289
YieldCurve,nodisturb,RI,BAU,5.7,5.2,0.6,295,202
YieldCurve,disturbed,RI,BAU,5.5,4.9,0.6,292,201
CBM,nodisturb,RI,conservation,16.1,15.7,0.3,134,86
CBM,disturbed,RI,conservation,15.7,15.4,0.3,133,86
CEM,nodisturb,RI,conservation,8.8,8.6,0.2,97,65
CEM,disturbed,RI,conservation,8.5,8.3,0.2,96,65
FVS_cal,nodisturb,RI,conservation,27,26.5,0.5,177,108
FVS_cal,disturbed,RI,conservation,26.5,26,0.5,176,108
FVS_def,nodisturb,RI,conservation,30.4,29.8,0.6,191,115
FVS_def,disturbed,RI,conservation,29.8,29.3,0.6,189,114
YieldCurve,nodisturb,RI,conservation,7.2,6.9,0.2,118,80
YieldCurve,disturbed,RI,conservation,6.9,6.6,0.2,117,80
CBM,nodisturb,RI,intensive,11.1,9.5,1.6,713,477
CBM,disturbed,RI,intensive,10.8,9.3,1.6,708,475
CEM,nodisturb,RI,intensive,5.5,4.6,0.9,511,362
CEM,disturbed,RI,intensive,5.3,4.4,0.9,507,360
FVS_cal,nodisturb,RI,intensive,19.8,17.3,2.5,950,602
FVS_cal,disturbed,RI,intensive,19.3,16.9,2.4,942,598
FVS_def,nodisturb,RI,intensive,22.5,19.7,2.7,1022,639
FVS_def,disturbed,RI,intensive,22,19.3,2.7,1014,636
YieldCurve,nodisturb,RI,intensive,3.3,2.3,1,625,443
YieldCurve,disturbed,RI,intensive,3.1,2.1,1,620,441
CBM,nodisturb,RI,reserve,17.3,17.3,0,0,0
CBM,disturbed,RI,reserve,17,17,0,0,0
CEM,nodisturb,RI,reserve,9.6,9.6,0,0,0
CEM,disturbed,RI,reserve,9.3,9.3,0,0,0
FVS_cal,nodisturb,RI,reserve,28.8,28.8,0,0,0
FVS_cal,disturbed,RI,reserve,28.3,28.3,0,0,0
FVS_def,nodisturb,RI,reserve,32.3,32.3,0,0,0
FVS_def,disturbed,RI,reserve,31.7,31.7,0,0,0
YieldCurve,nodisturb,RI,reserve,8.2,8.2,0,0,0
YieldCurve,disturbed,RI,reserve,7.9,7.9,0,0,0
CBM,nodisturb,SC,BAU,206.3,128.2,78.1,1154,811
CBM,disturbed,SC,BAU,202.3,125,77.3,1149,809
CEM,nodisturb,SC,BAU,56.8,19.9,36.9,800,612
CEM,disturbed,SC,BAU,54.5,18.1,36.4,796,610
FVS_cal,nodisturb,SC,BAU,152.7,80.5,72.2,1156,819
FVS_cal,disturbed,SC,BAU,148.9,77.4,71.4,1150,816
FVS_def,nodisturb,SC,BAU,254.9,158.1,96.8,1341,918
FVS_def,disturbed,SC,BAU,250.1,154.3,95.8,1335,915
YieldCurve,nodisturb,SC,BAU,174.7,96.7,78,1216,857
YieldCurve,disturbed,SC,BAU,170.6,93.5,77.1,1210,854
CBM,nodisturb,SC,conservation,353.8,304.7,49.1,574,377
CBM,disturbed,SC,conservation,348.6,299.9,48.7,572,376
CEM,nodisturb,SC,conservation,136.3,110,26.4,403,286
CEM,disturbed,SC,conservation,133.2,107.2,26.1,401,285
FVS_cal,nodisturb,SC,conservation,294.5,247.5,46.9,577,381
FVS_cal,disturbed,SC,conservation,289.3,242.9,46.5,574,380
FVS_def,nodisturb,SC,conservation,435.4,375.4,60,665,427
FVS_def,disturbed,SC,conservation,429.2,369.6,59.5,662,425
YieldCurve,nodisturb,SC,conservation,326.1,275.9,50.2,606,399
YieldCurve,disturbed,SC,conservation,320.7,270.9,49.7,604,398
CBM,nodisturb,SC,intensive,122.9,39.2,83.7,1699,1304
CBM,disturbed,SC,intensive,120,37.5,82.6,1691,1300
CEM,nodisturb,SC,intensive,34.4,0,34.4,1168,982
CEM,disturbed,SC,intensive,34.1,0,34.1,1163,979
FVS_cal,nodisturb,SC,intensive,79.6,7,72.5,1694,1315
FVS_cal,disturbed,SC,intensive,76.9,5.5,71.4,1686,1311
FVS_def,nodisturb,SC,intensive,149.6,44.9,104.7,1978,1477
FVS_def,disturbed,SC,intensive,146.2,42.8,103.3,1969,1472
YieldCurve,nodisturb,SC,intensive,94.6,15,79.6,1785,1377
YieldCurve,disturbed,SC,intensive,91.7,13.3,78.4,1776,1372
CBM,nodisturb,SC,reserve,541.9,541.9,0,0,0
CBM,disturbed,SC,reserve,535.4,535.4,0,0,0
CEM,nodisturb,SC,reserve,251.6,251.6,0,0,0
CEM,disturbed,SC,reserve,247.7,247.7,0,0,0
FVS_cal,nodisturb,SC,reserve,479.9,479.9,0,0,0
FVS_cal,disturbed,SC,reserve,473.6,473.6,0,0,0
FVS_def,nodisturb,SC,reserve,660.8,660.8,0,0,0
FVS_def,disturbed,SC,reserve,653.1,653.1,0,0,0
YieldCurve,nodisturb,SC,reserve,522.6,522.6,0,0,0
YieldCurve,disturbed,SC,reserve,515.9,515.9,0,0,0
CBM,nodisturb,SD,BAU,22.7,19.5,3.2,239,158
CBM,disturbed,SD,BAU,22.6,19.4,3.2,239,158
CEM,nodisturb,SD,BAU,5.3,4.1,1.2,137,102
CEM,disturbed,SD,BAU,5.2,4,1.2,137,102
FVS_cal,nodisturb,SD,BAU,14.3,10.9,3.4,262,172
FVS_cal,disturbed,SD,BAU,14.1,10.8,3.3,262,172
FVS_def,nodisturb,SD,BAU,22.9,19,3.9,282,181
FVS_def,disturbed,SD,BAU,22.8,18.9,3.9,281,181
YieldCurve,nodisturb,SD,BAU,16,13.4,2.6,209,142
YieldCurve,disturbed,SD,BAU,15.9,13.3,2.6,209,142
CBM,nodisturb,SD,conservation,29.3,27.7,1.6,109,70
CBM,disturbed,SD,conservation,29.2,27.5,1.6,109,70
CEM,nodisturb,SD,conservation,8.2,7.6,0.7,63,45
CEM,disturbed,SD,conservation,8.1,7.5,0.7,63,45
FVS_cal,nodisturb,SD,conservation,21.4,19.7,1.7,120,76
FVS_cal,disturbed,SD,conservation,21.3,19.6,1.7,119,76
FVS_def,nodisturb,SD,conservation,31,29,2,128,80
FVS_def,disturbed,SD,conservation,30.8,28.8,2,128,80
YieldCurve,nodisturb,SD,conservation,21.4,20.1,1.3,95,63
YieldCurve,disturbed,SD,conservation,21.3,20,1.3,95,63
CBM,nodisturb,SD,intensive,13.6,8.5,5,463,325
CBM,disturbed,SD,intensive,13.5,8.5,5,462,324
CEM,nodisturb,SD,intensive,1.8,0.2,1.6,260,208
CEM,disturbed,SD,intensive,1.8,0.2,1.6,260,208
FVS_cal,nodisturb,SD,intensive,4.9,0,4.9,506,353
FVS_cal,disturbed,SD,intensive,4.9,0,4.9,506,353
FVS_def,nodisturb,SD,intensive,11.6,5.5,6.1,546,373
FVS_def,disturbed,SD,intensive,11.5,5.4,6.1,545,372
YieldCurve,nodisturb,SD,intensive,8.7,4.9,3.8,403,292
YieldCurve,disturbed,SD,intensive,8.6,4.8,3.8,402,292
CBM,nodisturb,SD,reserve,35.3,35.3,0,0,0
CBM,disturbed,SD,reserve,35.1,35.1,0,0,0
CEM,nodisturb,SD,reserve,11.1,11.1,0,0,0
CEM,disturbed,SD,reserve,11,11,0,0,0
FVS_cal,nodisturb,SD,reserve,28,28,0,0,0
FVS_cal,disturbed,SD,reserve,27.8,27.8,0,0,0
FVS_def,nodisturb,SD,reserve,38.2,38.2,0,0,0
FVS_def,disturbed,SD,reserve,38.1,38.1,0,0,0
YieldCurve,nodisturb,SD,reserve,26.4,26.4,0,0,0
YieldCurve,disturbed,SD,reserve,26.3,26.3,0,0,0
CBM,nodisturb,TN,BAU,484.4,421,63.4,694,458
CBM,disturbed,TN,BAU,473,410.6,62.5,689,455
CEM,nodisturb,TN,BAU,122,93.3,28.7,468,342
CEM,disturbed,TN,BAU,116,87.8,28.1,465,340
FVS_cal,nodisturb,TN,BAU,489.7,419,70.7,768,500
FVS_cal,disturbed,TN,BAU,477,407.3,69.7,762,497
FVS_def,nodisturb,TN,BAU,534.9,458.8,76.1,804,518
FVS_def,disturbed,TN,BAU,521.3,446.3,75,799,516
YieldCurve,nodisturb,TN,BAU,427.4,363.3,64,722,477
YieldCurve,disturbed,TN,BAU,415.7,352.6,63.1,717,474
CBM,nodisturb,TN,conservation,619.3,589.8,29.5,294,188
CBM,disturbed,TN,conservation,606.5,577.4,29.1,292,187
CEM,nodisturb,TN,conservation,195.2,180.8,14.3,200,141
CEM,disturbed,TN,conservation,188.1,174,14.1,199,140
FVS_cal,nodisturb,TN,conservation,641.3,608.4,33,325,206
FVS_cal,disturbed,TN,conservation,627,594.5,32.5,323,205
FVS_def,nodisturb,TN,conservation,696.4,661.1,35.3,340,213
FVS_def,disturbed,TN,conservation,681.2,646.3,34.9,338,212
YieldCurve,nodisturb,TN,conservation,566.6,536.6,30,306,196
YieldCurve,disturbed,TN,conservation,553.4,523.8,29.6,304,195
CBM,nodisturb,TN,intensive,313.4,214.8,98.6,1299,904
CBM,disturbed,TN,intensive,304.3,207.3,97,1289,899
CEM,nodisturb,TN,intensive,41.2,3.3,37.9,864,672
CEM,disturbed,TN,intensive,36.9,0,36.9,857,668
FVS_cal,nodisturb,TN,intensive,297.5,188.2,109.3,1439,987
FVS_cal,disturbed,TN,intensive,287.3,179.9,107.4,1428,982
FVS_def,nodisturb,TN,intensive,328.2,209.7,118.5,1509,1025
FVS_def,disturbed,TN,intensive,317.4,200.8,116.6,1497,1019
YieldCurve,nodisturb,TN,intensive,252.8,154.9,98,1351,941
YieldCurve,disturbed,TN,intensive,243.5,147.2,96.3,1341,936
CBM,nodisturb,TN,reserve,727.3,727.3,0,0,0
CBM,disturbed,TN,reserve,713.4,713.4,0,0,0
CEM,nodisturb,TN,reserve,257.2,257.2,0,0,0
CEM,disturbed,TN,reserve,249.4,249.4,0,0,0
FVS_cal,nodisturb,TN,reserve,762.5,762.5,0,0,0
FVS_cal,disturbed,TN,reserve,746.9,746.9,0,0,0
FVS_def,nodisturb,TN,reserve,825,825,0,0,0
FVS_def,disturbed,TN,reserve,808.5,808.5,0,0,0
YieldCurve,nodisturb,TN,reserve,678.4,678.4,0,0,0
YieldCurve,disturbed,TN,reserve,664.1,664.1,0,0,0
CBM,nodisturb,TX,BAU,642.2,539,103.2,247,159
CBM,disturbed,TX,BAU,631.3,529.1,102.2,246,159
CEM,nodisturb,TX,BAU,166.2,127.2,39.1,134,97
CEM,disturbed,TX,BAU,161.6,123,38.6,133,96
FVS_cal,nodisturb,TX,BAU,590.6,496.9,93.6,230,151
FVS_cal,disturbed,TX,BAU,580.6,487.9,92.7,229,150
FVS_def,nodisturb,TX,BAU,555.9,460.4,95.5,237,154
FVS_def,disturbed,TX,BAU,545.6,451.1,94.5,236,154
YieldCurve,nodisturb,TX,BAU,494.6,399.5,95,245,160
YieldCurve,disturbed,TX,BAU,484.2,390.1,94,244,159
CBM,nodisturb,TX,conservation,853.6,804.3,49.3,106,66
CBM,disturbed,TX,conservation,841,792.2,48.8,105,66
CEM,nodisturb,TX,conservation,258.5,238.5,20,58,40
CEM,disturbed,TX,conservation,253,233.2,19.8,58,40
FVS_cal,nodisturb,TX,conservation,783.8,738.9,44.9,99,62
FVS_cal,disturbed,TX,conservation,772.3,727.9,44.5,98,62
FVS_def,nodisturb,TX,conservation,755,709,46,102,64
FVS_def,disturbed,TX,conservation,743.2,697.7,45.5,101,64
YieldCurve,nodisturb,TX,conservation,697,650.8,46.1,105,66
YieldCurve,disturbed,TX,conservation,684.9,639.2,45.7,105,66
CBM,nodisturb,TX,intensive,411.1,261,150.1,436,298
CBM,disturbed,TX,intensive,402.4,254.1,148.4,434,297
CEM,nodisturb,TX,intensive,78.9,29.3,49.6,233,180
CEM,disturbed,TX,intensive,75.4,26.6,48.8,232,180
FVS_cal,nodisturb,TX,intensive,381.4,246,135.4,406,282
FVS_cal,disturbed,TX,intensive,373.6,239.8,133.8,404,281
FVS_def,nodisturb,TX,intensive,341.5,204.8,136.7,418,289
FVS_def,disturbed,TX,intensive,333.4,198.5,135,416,288
YieldCurve,nodisturb,TX,intensive,280.4,147,133.4,430,299
YieldCurve,disturbed,TX,intensive,272.2,140.5,131.6,428,298
CBM,nodisturb,TX,reserve,1028.9,1028.9,0,0,0
CBM,disturbed,TX,reserve,1015.1,1015.1,0,0,0
CEM,nodisturb,TX,reserve,340.2,340.2,0,0,0
CEM,disturbed,TX,reserve,334,334,0,0,0
FVS_cal,nodisturb,TX,reserve,945,945,0,0,0
FVS_cal,disturbed,TX,reserve,932.3,932.3,0,0,0
FVS_def,nodisturb,TX,reserve,921.2,921.2,0,0,0
FVS_def,disturbed,TX,reserve,908.2,908.2,0,0,0
YieldCurve,nodisturb,TX,reserve,866.9,866.9,0,0,0
YieldCurve,disturbed,TX,reserve,853.6,853.6,0,0,0
CBM,nodisturb,UT,BAU,223.6,221.4,2.2,16,10
CBM,disturbed,UT,BAU,218.2,216,2.2,16,10
CEM,nodisturb,UT,BAU,88,86.9,1.1,11,7
CEM,disturbed,UT,BAU,85.2,84.1,1.1,11,7
FVS_cal,nodisturb,UT,BAU,328.1,325.3,2.8,18,11
FVS_cal,disturbed,UT,BAU,321.5,318.8,2.7,18,11
FVS_def,nodisturb,UT,BAU,426,422.6,3.4,20,12
FVS_def,disturbed,UT,BAU,418.1,414.8,3.3,20,12
YieldCurve,nodisturb,UT,BAU,160.7,159,1.7,14,9
YieldCurve,disturbed,UT,BAU,156.4,154.7,1.7,14,9
CBM,nodisturb,UT,conservation,228.4,227.5,0.9,6,4
CBM,disturbed,UT,conservation,223,222.1,0.9,6,4
CEM,nodisturb,UT,conservation,90.8,90.3,0.5,4,3
CEM,disturbed,UT,conservation,87.9,87.5,0.4,4,3
FVS_cal,nodisturb,UT,conservation,333.7,332.6,1.1,7,4
FVS_cal,disturbed,UT,conservation,327.1,326,1.1,7,4
FVS_def,nodisturb,UT,conservation,432.6,431.3,1.3,8,5
FVS_def,disturbed,UT,conservation,424.7,423.4,1.3,8,5
YieldCurve,nodisturb,UT,conservation,164.6,163.9,0.7,5,3
YieldCurve,disturbed,UT,conservation,160.3,159.6,0.7,5,3
CBM,nodisturb,UT,intensive,212.7,207.5,5.2,39,24
CBM,disturbed,UT,intensive,207.5,202.3,5.2,38,24
CEM,nodisturb,UT,intensive,81.8,79.2,2.7,25,17
CEM,disturbed,UT,intensive,79,76.4,2.6,25,17
FVS_cal,nodisturb,UT,intensive,315.2,308.7,6.5,43,26
FVS_cal,disturbed,UT,intensive,308.8,302.3,6.5,43,26
FVS_def,nodisturb,UT,intensive,410.8,402.9,8,49,29
FVS_def,disturbed,UT,intensive,403.1,395.2,7.9,49,29
YieldCurve,nodisturb,UT,intensive,151.8,147.7,4.1,33,21
YieldCurve,disturbed,UT,intensive,147.7,143.6,4,33,21
CBM,nodisturb,UT,reserve,231.5,231.5,0,0,0
CBM,disturbed,UT,reserve,226,226,0,0,0
CEM,nodisturb,UT,reserve,92.6,92.6,0,0,0
CEM,disturbed,UT,reserve,89.7,89.7,0,0,0
FVS_cal,nodisturb,UT,reserve,337.4,337.4,0,0,0
FVS_cal,disturbed,UT,reserve,330.7,330.7,0,0,0
FVS_def,nodisturb,UT,reserve,437,437,0,0,0
FVS_def,disturbed,UT,reserve,429,429,0,0,0
YieldCurve,nodisturb,UT,reserve,167.2,167.2,0,0,0
YieldCurve,disturbed,UT,reserve,162.9,162.9,0,0,0
CBM,nodisturb,VA,BAU,486,387,99,1002,675
CBM,disturbed,VA,BAU,474.5,376.9,97.7,995,672
CEM,nodisturb,VA,BAU,119.7,75.6,44.1,674,502
CEM,disturbed,VA,BAU,113.6,70.3,43.3,669,499
FVS_cal,nodisturb,VA,BAU,378.1,287.5,90.6,978,666
FVS_cal,disturbed,VA,BAU,367.3,278,89.2,971,663
FVS_def,nodisturb,VA,BAU,446.6,344.6,102,1049,704
FVS_def,disturbed,VA,BAU,434.7,334.2,100.5,1041,700
YieldCurve,nodisturb,VA,BAU,391.2,297.5,93.7,1014,690
YieldCurve,disturbed,VA,BAU,380,287.7,92.3,1007,687
CBM,nodisturb,VA,conservation,690.5,639.6,50.9,448,289
CBM,disturbed,VA,conservation,676.9,626.6,50.2,445,288
CEM,nodisturb,VA,conservation,228.1,203.1,25,304,216
CEM,disturbed,VA,conservation,220.6,195.9,24.6,302,215
FVS_cal,nodisturb,VA,conservation,571.5,524.2,47.3,437,285
FVS_cal,disturbed,VA,conservation,558.5,511.8,46.7,435,284
FVS_def,nodisturb,VA,conservation,660.5,607.7,52.7,468,301
FVS_def,disturbed,VA,conservation,646.2,594.1,52.1,465,300
YieldCurve,nodisturb,VA,conservation,591.6,542.6,49,454,296
YieldCurve,disturbed,VA,conservation,578.2,529.8,48.4,451,294
CBM,nodisturb,VA,intensive,288,156.2,131.8,1711,1236
CBM,disturbed,VA,intensive,279.4,149.8,129.6,1699,1230
CEM,nodisturb,VA,intensive,48.5,0,48.5,1134,915
CEM,disturbed,VA,intensive,47.7,0,47.7,1127,911
FVS_cal,nodisturb,VA,intensive,197.3,81.4,115.9,1664,1219
FVS_cal,disturbed,VA,intensive,189.3,75.5,113.8,1652,1212
FVS_def,nodisturb,VA,intensive,242.2,109.1,133.1,1789,1288
FVS_def,disturbed,VA,intensive,233.3,102.5,130.7,1776,1282
YieldCurve,nodisturb,VA,intensive,204.4,84.6,119.8,1726,1263
YieldCurve,disturbed,VA,intensive,196,78.4,117.6,1713,1257
CBM,nodisturb,VA,reserve,879.1,879.1,0,0,0
CBM,disturbed,VA,reserve,863.7,863.7,0,0,0
CEM,nodisturb,VA,reserve,337.1,337.1,0,0,0
CEM,disturbed,VA,reserve,328.3,328.3,0,0,0
FVS_cal,nodisturb,VA,reserve,752.1,752.1,0,0,0
FVS_cal,disturbed,VA,reserve,737.4,737.4,0,0,0
FVS_def,nodisturb,VA,reserve,858.2,858.2,0,0,0
FVS_def,disturbed,VA,reserve,842.1,842.1,0,0,0
YieldCurve,nodisturb,VA,reserve,778.9,778.9,0,0,0
YieldCurve,disturbed,VA,reserve,763.6,763.6,0,0,0
CBM,nodisturb,VT,BAU,149,136.3,12.6,420,276
CBM,disturbed,VT,BAU,147,134.4,12.5,419,275
CEM,nodisturb,VT,BAU,48.9,43.1,5.9,265,191
CEM,disturbed,VT,BAU,47.9,42.1,5.8,264,190
FVS_cal,nodisturb,VT,BAU,229.7,211.9,17.8,527,331
FVS_cal,disturbed,VT,BAU,227,209.4,17.6,525,330
FVS_def,nodisturb,VT,BAU,315.4,293.4,22,597,364
FVS_def,disturbed,VT,BAU,312.3,290.4,21.8,594,363
LANDIS,nodisturb,VT,BAU,218.8,202.7,16.1,477,303
LANDIS,disturbed,VT,BAU,216.4,200.4,16,476,302
YieldCurve,nodisturb,VT,BAU,132.8,120.5,12.3,421,278
YieldCurve,disturbed,VT,BAU,130.9,118.7,12.2,420,277
CBM,nodisturb,VT,conservation,175.5,169.7,5.9,184,118
CBM,disturbed,VT,conservation,173.4,167.6,5.8,183,118
CEM,nodisturb,VT,conservation,63.1,60.2,2.8,117,82
CEM,disturbed,VT,conservation,62,59.2,2.8,116,82
FVS_cal,nodisturb,VT,conservation,265.4,257.2,8.2,230,142
FVS_cal,disturbed,VT,conservation,262.5,254.4,8.1,229,142
FVS_def,nodisturb,VT,conservation,357.9,347.9,10,260,156
FVS_def,disturbed,VT,conservation,354.5,344.5,10,259,156
LANDIS,nodisturb,VT,conservation,250.9,243.5,7.4,208,130
LANDIS,disturbed,VT,conservation,248.4,241,7.3,208,130
YieldCurve,nodisturb,VT,conservation,159.2,153.4,5.7,184,119
YieldCurve,disturbed,VT,conservation,157.1,151.4,5.7,184,119
CBM,nodisturb,VT,intensive,101,77.7,23.3,902,617
CBM,disturbed,VT,intensive,99.4,76.2,23.1,898,615
CEM,nodisturb,VT,intensive,25.1,15.2,9.9,564,426
CEM,disturbed,VT,intensive,24.3,14.5,9.8,562,425
FVS_cal,nodisturb,VT,intensive,163.7,130,33.7,1135,742
FVS_cal,disturbed,VT,intensive,161.5,128.1,33.4,1131,740
FVS_def,nodisturb,VT,intensive,235.5,192.9,42.6,1290,817
FVS_def,disturbed,VT,intensive,232.8,190.6,42.3,1285,815
LANDIS,nodisturb,VT,intensive,159.4,128.8,30.6,1029,678
LANDIS,disturbed,VT,intensive,157.4,127,30.4,1024,676
YieldCurve,nodisturb,VT,intensive,85.6,63.2,22.5,903,621
YieldCurve,disturbed,VT,intensive,84,61.8,22.2,900,619
CBM,nodisturb,VT,reserve,197.4,197.4,0,0,0
CBM,disturbed,VT,reserve,195.1,195.1,0,0,0
CEM,nodisturb,VT,reserve,75,75,0,0,0
CEM,disturbed,VT,reserve,73.8,73.8,0,0,0
FVS_cal,nodisturb,VT,reserve,294.4,294.4,0,0,0
FVS_cal,disturbed,VT,reserve,291.4,291.4,0,0,0
FVS_def,nodisturb,VT,reserve,392.1,392.1,0,0,0
FVS_def,disturbed,VT,reserve,388.6,388.6,0,0,0
LANDIS,nodisturb,VT,reserve,277,277,0,0,0
LANDIS,disturbed,VT,reserve,274.3,274.3,0,0,0
YieldCurve,nodisturb,VT,reserve,180.9,180.9,0,0,0
YieldCurve,disturbed,VT,reserve,178.6,178.6,0,0,0
CBM,nodisturb,WA,BAU,621.4,521.7,99.7,766,520
CBM,disturbed,WA,BAU,423.4,339.9,83.5,712,494
CEM,nodisturb,WA,BAU,264.1,209.8,54.4,550,402
CEM,disturbed,WA,BAU,151.3,107.2,44.1,511,383
FVS_cal,nodisturb,WA,BAU,1531.5,1327.4,204.2,1236,769
FVS_cal,disturbed,WA,BAU,1141.8,967.4,174.4,1143,726
FVS_def,nodisturb,WA,BAU,2136.9,1880.6,256.3,1421,858
FVS_def,disturbed,WA,BAU,1655.4,1434.7,220.8,1313,809
LANDIS,nodisturb,WA,BAU,888.9,762.8,126.1,873,575
LANDIS,disturbed,WA,BAU,644.2,537.6,106.6,809,544
YieldCurve,nodisturb,WA,BAU,730.6,617,113.6,831,554
YieldCurve,disturbed,WA,BAU,506.5,410.8,95.7,772,527
CBM,nodisturb,WA,conservation,827.3,776.1,51.3,353,232
CBM,disturbed,WA,conservation,604.7,560.9,43.8,329,221
CEM,nodisturb,WA,conservation,389.9,360.6,29.3,255,180
CEM,disturbed,WA,conservation,260.6,236.1,24.5,238,172
FVS_cal,nodisturb,WA,conservation,1918.3,1816.8,101.5,566,343
FVS_cal,disturbed,WA,conservation,1484.4,1396.6,87.8,525,324
FVS_def,nodisturb,WA,conservation,2604.8,2479.1,125.7,649,382
FVS_def,disturbed,WA,conservation,2071.5,1962.1,109.5,601,361
LANDIS,nodisturb,WA,conservation,1138.4,1074.6,63.8,402,257
LANDIS,disturbed,WA,conservation,864.2,809.4,54.8,373,243
YieldCurve,nodisturb,WA,conservation,961.1,903.1,58,383,248
YieldCurve,disturbed,WA,conservation,709.8,660.1,49.7,356,235
CBM,nodisturb,WA,intensive,344,196,148,1470,1066
CBM,disturbed,WA,intensive,189.3,71.8,117.5,1359,1012
CEM,nodisturb,WA,intensive,112.6,41.5,71.1,1043,822
CEM,disturbed,WA,intensive,55.5,0,55.5,970,783
FVS_cal,nodisturb,WA,intensive,965.4,636.7,328.7,2401,1583
FVS_cal,disturbed,WA,intensive,654.8,383.6,271.3,2210,1493
FVS_def,nodisturb,WA,intensive,1430.2,1004.3,426,2774,1770
FVS_def,disturbed,WA,intensive,1042.9,686.1,356.8,2553,1667
LANDIS,nodisturb,WA,intensive,539.4,344.1,195.3,1684,1180
LANDIS,disturbed,WA,intensive,346.8,188.7,158.2,1552,1116
YieldCurve,nodisturb,WA,intensive,414.4,242.6,171.8,1598,1137
YieldCurve,disturbed,WA,intensive,238.4,100.7,137.6,1477,1079
CBM,nodisturb,WA,reserve,1022.8,1022.8,0,0,0
CBM,disturbed,WA,reserve,779.5,779.5,0,0,0
CEM,nodisturb,WA,reserve,514.6,514.6,0,0,0
CEM,disturbed,WA,reserve,371.3,371.3,0,0,0
FVS_cal,nodisturb,WA,reserve,2271.7,2271.7,0,0,0
FVS_cal,disturbed,WA,reserve,1801.4,1801.4,0,0,0
FVS_def,nodisturb,WA,reserve,3026.7,3026.7,0,0,0
FVS_def,disturbed,WA,reserve,2450.7,2450.7,0,0,0
LANDIS,nodisturb,WA,reserve,1371.3,1371.3,0,0,0
LANDIS,disturbed,WA,reserve,1072.5,1072.5,0,0,0
YieldCurve,nodisturb,WA,reserve,1178.1,1178.1,0,0,0
YieldCurve,disturbed,WA,reserve,904.2,904.2,0,0,0
CBM,nodisturb,WI,BAU,391.7,328.8,62.9,597,397
CBM,disturbed,WI,BAU,380.8,319,61.9,592,394
CEM,nodisturb,WI,BAU,109.1,82.4,26.7,366,269
CEM,disturbed,WI,BAU,103.8,77.6,26.2,363,267
FVS_cal,nodisturb,WI,BAU,377.7,314.9,62.8,607,404
FVS_cal,disturbed,WI,BAU,366.7,305,61.7,602,401
FVS_def,nodisturb,WI,BAU,566.9,482.2,84.7,726,465
FVS_def,disturbed,WI,BAU,552.8,469.4,83.4,720,462
LANDIS,nodisturb,WI,BAU,816.9,700.6,116.2,927,574
LANDIS,disturbed,WI,BAU,797.9,683.4,114.5,920,571
YieldCurve,nodisturb,WI,BAU,329,266.1,62.9,623,414
YieldCurve,disturbed,WI,BAU,317.9,256,61.9,618,411
CBM,nodisturb,WI,conservation,516.4,484,32.4,277,178
CBM,disturbed,WI,conservation,504,472,32,275,177
CEM,nodisturb,WI,conservation,170.6,155.9,14.7,171,121
CEM,disturbed,WI,conservation,164.4,149.9,14.5,170,120
FVS_cal,nodisturb,WI,conservation,503.5,471,32.5,282,181
FVS_cal,disturbed,WI,conservation,490.9,458.9,32,279,180
FVS_def,nodisturb,WI,conservation,728.9,685.9,43,336,208
FVS_def,disturbed,WI,conservation,712.9,670.5,42.4,333,207
LANDIS,nodisturb,WI,conservation,1034.2,975.7,58.5,428,257
LANDIS,disturbed,WI,conservation,1012.7,955.1,57.7,424,256
YieldCurve,nodisturb,WI,conservation,457.4,424.6,32.8,289,186
YieldCurve,disturbed,WI,conservation,444.6,412.3,32.3,287,185
CBM,nodisturb,WI,intensive,229,136,93.1,1123,798
CBM,disturbed,WI,intensive,220.7,129.5,91.2,1114,793
CEM,nodisturb,WI,intensive,40.5,7.2,33.3,677,539
CEM,disturbed,WI,intensive,36.6,4.3,32.3,671,536
FVS_cal,nodisturb,WI,intensive,215.1,123.1,91.9,1141,812
FVS_cal,disturbed,WI,intensive,206.8,116.8,90,1131,807
FVS_def,nodisturb,WI,intensive,347.4,217.7,129.7,1374,937
FVS_def,disturbed,WI,intensive,336.6,209.2,127.3,1362,931
LANDIS,nodisturb,WI,intensive,515.2,333.4,181.8,1761,1159
LANDIS,disturbed,WI,intensive,500.6,321.9,178.7,1746,1152
YieldCurve,nodisturb,WI,intensive,165.1,74.9,90.2,1169,832
YieldCurve,disturbed,WI,intensive,156.7,68.4,88.3,1159,827
CBM,nodisturb,WI,reserve,636.1,636.1,0,0,0
CBM,disturbed,WI,reserve,622.3,622.3,0,0,0
CEM,nodisturb,WI,reserve,233.5,233.5,0,0,0
CEM,disturbed,WI,reserve,226.4,226.4,0,0,0
FVS_cal,nodisturb,WI,reserve,624.5,624.5,0,0,0
FVS_cal,disturbed,WI,reserve,610.6,610.6,0,0,0
FVS_def,nodisturb,WI,reserve,881.7,881.7,0,0,0
FVS_def,disturbed,WI,reserve,863.9,863.9,0,0,0
LANDIS,nodisturb,WI,reserve,1236.6,1236.6,0,0,0
LANDIS,disturbed,WI,reserve,1213,1213,0,0,0
YieldCurve,nodisturb,WI,reserve,581.3,581.3,0,0,0
YieldCurve,disturbed,WI,reserve,567.1,567.1,0,0,0
CBM,nodisturb,WV,BAU,557,521.6,35.4,416,268
CBM,disturbed,WV,BAU,542.9,508,34.8,412,266
CEM,nodisturb,WV,BAU,175.5,157.3,18.1,297,209
CEM,disturbed,WV,BAU,167.3,149.5,17.8,294,208
FVS_cal,nodisturb,WV,BAU,784.9,737.1,47.8,517,321
FVS_cal,disturbed,WV,BAU,766.3,719.2,47.1,512,319
FVS_def,nodisturb,WV,BAU,939.9,885.4,54.5,560,343
FVS_def,disturbed,WV,BAU,919,865.4,53.7,556,340
YieldCurve,nodisturb,WV,BAU,373.1,344.1,29,384,255
YieldCurve,disturbed,WV,BAU,361,332.5,28.5,380,253
CBM,nodisturb,WV,conservation,632.2,616.9,15.4,172,109
CBM,disturbed,WV,conservation,617.2,602.1,15.1,171,109
CEM,nodisturb,WV,conservation,220.7,212.6,8.1,124,86
CEM,disturbed,WV,conservation,211.9,203.9,8,123,85
FVS_cal,nodisturb,WV,conservation,883.6,862.9,20.6,214,131
FVS_cal,disturbed,WV,conservation,863.8,843.5,20.3,212,130
FVS_def,nodisturb,WV,conservation,1049.8,1026.4,23.4,232,140
FVS_def,disturbed,WV,conservation,1027.7,1004.7,23.1,230,139
YieldCurve,nodisturb,WV,conservation,438.6,425.9,12.7,159,104
YieldCurve,disturbed,WV,conservation,425.6,413.1,12.5,158,103
CBM,nodisturb,WV,intensive,422.9,354.9,68,889,592
CBM,disturbed,WV,intensive,410.6,343.8,66.8,881,589
CEM,nodisturb,WV,intensive,99.5,67.3,32.2,630,461
CEM,disturbed,WV,intensive,92.6,61.2,31.4,624,458
FVS_cal,nodisturb,WV,intensive,606.8,513.7,93.1,1108,711
FVS_cal,disturbed,WV,intensive,590.5,498.9,91.6,1099,706
FVS_def,nodisturb,WV,intensive,739.7,632.6,107,1204,758
FVS_def,disturbed,WV,intensive,721.4,616,105.4,1193,753
YieldCurve,nodisturb,WV,intensive,258.8,204.5,54.2,818,562
YieldCurve,disturbed,WV,intensive,248.3,195.1,53.2,811,559
CBM,nodisturb,WV,reserve,687.8,687.8,0,0,0
CBM,disturbed,WV,reserve,672.1,672.1,0,0,0
CEM,nodisturb,WV,reserve,254.9,254.9,0,0,0
CEM,disturbed,WV,reserve,245.6,245.6,0,0,0
FVS_cal,nodisturb,WV,reserve,955.9,955.9,0,0,0
FVS_cal,disturbed,WV,reserve,935.3,935.3,0,0,0
FVS_def,nodisturb,WV,reserve,1130.2,1130.2,0,0,0
FVS_def,disturbed,WV,reserve,1107.2,1107.2,0,0,0
YieldCurve,nodisturb,WV,reserve,487.4,487.4,0,0,0
YieldCurve,disturbed,WV,reserve,473.8,473.8,0,0,0
CBM,nodisturb,WY,BAU,231.8,231.8,0.1,1,0
CBM,disturbed,WY,BAU,218,217.9,0.1,1,0
CEM,nodisturb,WY,BAU,85.3,85.3,0,0,0
CEM,disturbed,WY,BAU,78.8,78.8,0,0,0
FVS_cal,nodisturb,WY,BAU,243.5,243.4,0.1,1,0
FVS_cal,disturbed,WY,BAU,228.9,228.8,0.1,1,0
FVS_def,nodisturb,WY,BAU,361.2,361.1,0.1,1,1
FVS_def,disturbed,WY,BAU,342.1,342,0.1,1,1
YieldCurve,nodisturb,WY,BAU,174.8,174.8,0.1,1,0
YieldCurve,disturbed,WY,BAU,163.6,163.5,0.1,1,0
CBM,nodisturb,WY,conservation,232,231.9,0,0,0
CBM,disturbed,WY,conservation,218.1,218.1,0,0,0
CEM,nodisturb,WY,conservation,85.4,85.4,0,0,0
CEM,disturbed,WY,conservation,78.9,78.9,0,0,0
FVS_cal,nodisturb,WY,conservation,243.7,243.6,0,0,0
FVS_cal,disturbed,WY,conservation,229,229,0,0,0
FVS_def,nodisturb,WY,conservation,361.4,361.4,0,0,0
FVS_def,disturbed,WY,conservation,342.3,342.2,0,0,0
YieldCurve,nodisturb,WY,conservation,174.9,174.9,0,0,0
YieldCurve,disturbed,WY,conservation,163.7,163.7,0,0,0
CBM,nodisturb,WY,intensive,231.5,231.3,0.2,2,1
CBM,disturbed,WY,intensive,217.6,217.5,0.2,2,1
CEM,nodisturb,WY,intensive,85.2,85.1,0.1,1,1
CEM,disturbed,WY,intensive,78.7,78.6,0.1,1,1
FVS_cal,nodisturb,WY,intensive,243.2,243,0.2,2,1
FVS_cal,disturbed,WY,intensive,228.6,228.4,0.2,2,1
FVS_def,nodisturb,WY,intensive,360.8,360.6,0.2,2,1
FVS_def,disturbed,WY,intensive,341.6,341.4,0.2,2,1
YieldCurve,nodisturb,WY,intensive,174.5,174.4,0.1,2,1
YieldCurve,disturbed,WY,intensive,163.3,163.2,0.1,2,1
CBM,nodisturb,WY,reserve,232.1,232.1,0,0,0
CBM,disturbed,WY,reserve,218.2,218.2,0,0,0
CEM,nodisturb,WY,reserve,85.5,85.5,0,0,0
CEM,disturbed,WY,reserve,78.9,78.9,0,0,0
FVS_cal,nodisturb,WY,reserve,243.8,243.8,0,0,0
FVS_cal,disturbed,WY,reserve,229.1,229.1,0,0,0
FVS_def,nodisturb,WY,reserve,361.5,361.5,0,0,0
FVS_def,disturbed,WY,reserve,342.4,342.4,0,0,0
YieldCurve,nodisturb,WY,reserve,175,175,0,0,0
YieldCurve,disturbed,WY,reserve,163.7,163.7,0,0,0
