plot_id,plt_cn,eco
1,26490,77
2,13229216010497,2
3,13229700010497,1
4,13230130010497,4
5,13384702010497,1
6,22398184010497,77
7,22398186010497,77
8,22398189010497,77
9,22398190010497,77
10,22398191010497,77
11,22398192010497,77
12,22398194010497,77
13,22398195010497,77
14,22398196010497,77
15,22398197010497,77
16,22398199010497,77
17,22398201010497,77
18,22398202010497,77
19,22398203010497,77
20,22398204010497,2
21,22398205010497,1
22,22398206010497,2
23,22398207010497,1
24,22398208010497,1
25,22398209010497,2
26,22398210010497,4
27,22398211010497,15
28,22398212010497,15
29,22398213010497,15
30,22398214010497,15
31,22398215010497,15
32,22398216010497,15
33,22398217010497,15
34,22398218010497,15
35,22398219010497,15
36,22398220010497,15
37,22398221010497,15
38,22398223010497,15
39,22398224010497,15
40,22398225010497,15
41,22398226010497,1
42,22398227010497,1
43,22398228010497,1
44,22398229010497,1
45,22398230010497,1
46,22398231010497,1
47,22398232010497,1
48,22398233010497,1
49,22398234010497,77
50,22398235010497,77
51,22398236010497,77
52,22398238010497,77
53,22398239010497,77
54,22398240010497,77
55,22398241010497,77
56,22398243010497,9
57,22398244010497,9
58,22398245010497,77
59,22398246010497,4
60,22398247010497,77
61,22398248010497,77
62,22398249010497,77
63,22398250010497,77
64,22398251010497,9
65,22398252010497,4
66,22398253010497,4
67,22398254010497,4
68,22398255010497,4
69,22398256010497,4
70,22398257010497,4
71,22398258010497,4
72,22398259010497,4
73,22398260010497,4
74,22398261010497,4
75,22398262010497,4
76,22398263010497,4
77,22398264010497,4
78,22398265010497,1
79,22398266010497,1
80,22398267010497,1
81,22398269010497,77
82,22398271010497,77
83,22398272010497,77
84,22398275010497,15
85,22398276010497,77
86,22398277010497,15
87,22398278010497,77
88,22398279010497,15
89,22398280010497,15
90,22398281010497,77
91,22398284010497,77
92,22398286010497,77
93,22398287010497,77
94,22398288010497,77
95,22398289010497,15
96,22398290010497,77
97,22398291010497,77
98,22398294010497,77
99,22398295010497,77
100,22398296010497,15
101,22398298010497,15
102,22398299010497,77
103,22398300010497,77
104,22398301010497,15
105,22398302010497,77
106,22398303010497,15
107,22398304010497,15
108,22398305010497,15
109,22398306010497,15
110,22398307010497,15
111,22398308010497,15
112,22398309010497,15
113,22398310010497,15
114,22398311010497,15
115,22398312010497,15
116,22398313010497,15
117,22398314010497,4
118,22398315010497,4
119,22398316010497,4
120,22398317010497,77
121,22398318010497,77
122,22398319010497,77
123,22398320010497,77
124,22398322010497,77
125,22398323010497,77
126,22398324010497,77
127,22398325010497,4
128,22398326010497,4
129,22398328010497,4
130,22398329010497,4
131,22398330010497,4
132,22398331010497,4
133,22398333010497,4
134,22398335010497,4
135,22398336010497,4
136,22398338010497,4
137,22398339010497,4
138,22398341010497,4
139,22398342010497,4
140,22398343010497,4
141,22398344010497,4
142,22398346010497,4
143,22398347010497,4
144,22398348010497,4
145,22398349010497,4
146,22398350010497,4
147,22398351010497,4
148,22398352010497,4
149,22398354010497,77
150,22398356010497,77
151,22398359010497,77
152,22398360010497,77
153,22398361010497,77
154,22398364010497,77
155,22398365010497,15
156,22398366010497,15
157,22398367010497,15
158,22398368010497,15
159,22398369010497,77
160,22398370010497,77
161,22398371010497,77
162,22398372010497,77
163,22398373010497,77
164,22398374010497,77
165,22398375010497,77
166,22398376010497,9
167,22398377010497,9
168,22398378010497,9
169,22398380010497,4
170,22398381010497,9
171,22398382010497,9
172,22398383010497,4
173,22398384010497,9
174,22398397010497,77
175,22398469010497,77
176,22398470010497,77
177,22398477010497,9
178,22398479010497,4
179,22398506010497,77
180,22398509010497,77
181,22398519010497,77
182,22398520010497,77
183,22398533010497,77
184,22398542010497,15
185,22398543010497,15
186,22398546010497,15
187,22398548010497,15
188,22398550010497,15
189,22398631010497,4
190,24120681010900,11
191,24121086010900,77
192,24121803010900,77
193,24121999010900,77
194,24122543010900,77
195,24122888010900,77
196,24123071010900,77
197,24123557010900,77
198,24124220010900,77
199,24124884010900,77
200,24125006010900,77
201,24125434010900,77
202,24125746010900,77
203,24126481010900,77
204,24126717010900,2
205,24127366010900,1
206,24127766010900,1
207,24128071010900,1
208,24128718010900,1
209,24128987010900,1
210,24129466010900,1
211,24129690010900,4
212,24129855010900,3
213,24130026010900,4
214,24130280010900,4
215,24130453010900,11
216,24130742010900,11
217,24131014010900,10
218,24131222010900,4
219,24131419010900,2
220,24131587010900,4
221,24131857010900,4
222,24132057010900,4
223,24132229010900,4
224,24132612010900,4
225,24132946010900,4
226,24133127010900,1
227,24133291010900,4
228,24133522010900,4
229,24133962010900,15
230,24134090010900,15
231,24134260010900,15
232,24134431010900,15
233,24134547010900,15
234,24134721010900,15
235,24134853010900,15
236,24135041010900,15
237,24135120010900,15
238,24135336010900,15
239,24135615010900,15
240,24135843010900,15
241,24135965010900,15
242,24136264010900,15
243,24136537010900,15
244,24136822010900,15
245,24136970010900,15
246,24137524010900,15
247,24138095010900,15
248,24138390010900,15
249,24138842010900,11
250,24139157010900,11
251,24139398010900,10
252,24140501010900,1
253,24140680010900,1
254,24141321010900,1
255,24141683010900,1
256,24142021010900,1
257,24142232010900,1
258,24142911010900,1
259,24143105010900,1
260,24143306010900,1
261,24143523010900,1
262,24143771010900,1
263,24143992010900,1
264,24144528010900,1
265,24144773010900,1
266,24144992010900,1
267,24145147010900,1
268,24145502010900,1
269,24145628010900,1
270,24145995010900,1
271,24146243010900,1
272,24146474010900,1
273,24146682010900,1
274,24146892010900,1
275,24147043010900,1
276,24147565010900,1
277,24147975010900,1
278,24148207010900,0
279,24148518010900,1
280,24148755010900,1
281,24148990010900,2
282,24149217010900,4
283,24149445010900,2
284,24149614010900,4
285,24149957010900,2
286,24150101010900,4
287,24150326010900,77
288,24150481010900,77
289,24150792010900,77
290,24151150010900,77
291,24151234010900,77
292,24151506010900,2
293,24151714010900,2
294,24151898010900,77
295,24152069010900,77
296,24152241010900,2
297,24152479010900,2
298,24152642010900,2
299,24153161010900,2
300,24153398010900,9
301,24153555010900,9
302,24153837010900,9
303,24154066010900,4
304,24154282010900,9
305,24154415010900,9
306,24154669010900,77
307,24155165010900,77
308,24155744010900,77
309,24156119010900,77
310,24156401010900,77
311,24156639010900,9
312,24156837010900,9
313,24157109010900,9
314,24157333010900,9
315,24157483010900,9
316,24157666010900,9
317,24157821010900,9
318,24157971010900,9
319,24158339010900,10
320,24158488010900,4
321,24158617010900,4
322,24159360010900,4
323,24159666010900,1
324,24159855010900,4
325,24160135010900,1
326,24160442010900,2
327,24160723010900,4
328,24160953010900,4
329,24161169010900,4
330,24161339010900,4
331,24161552010900,4
332,24161771010900,1
333,24162189010900,4
334,24162423010900,2
335,24162608010900,4
336,24162878010900,4
337,24163060010900,4
338,24163423010900,1
339,24163885010900,10
340,24164617010900,2
341,24164825010900,0
342,24165155010900,1
343,24165450010900,2
344,24165577010900,1
345,24165848010900,77
346,24166383010900,77
347,24166668010900,15
348,24167156010900,77
349,24167452010900,77
350,24167614010900,77
351,24167707010900,15
352,24167871010900,15
353,24168055010900,15
354,24168297010900,77
355,24168311010900,77
356,24168542010900,77
357,24168902010900,15
358,24169158010900,77
359,24169827010900,77
360,24170051010900,15
361,24170347010900,77
362,24170596010900,77
363,24170891010900,77
364,24171377010900,77
365,24172101010900,77
366,24172415010900,77
367,24172809010900,77
368,24173457010900,77
369,24173727010900,15
370,24173984010900,77
371,24174388010900,77
372,24174610010900,77
373,24175148010900,1
374,24175379010900,1
375,24175613010900,1
376,24175995010900,1
377,24176192010900,1
378,24176337010900,1
379,24176559010900,1
380,24176887010900,1
381,24177258010900,15
382,24177351010900,15
383,24177507010900,15
384,24178501010900,15
385,24178908010900,15
386,24179203010900,15
387,24179552010900,15
388,24180244010900,15
389,24180537010900,15
390,24180847010900,15
391,24181139010900,15
392,24181671010900,4
393,24182090010900,4
394,24182317010900,4
395,24182570010900,4
396,24183014010900,4
397,24183298010900,4
398,24183554010900,4
399,24183904010900,4
400,24184034010900,2
401,24184569010900,77
402,24184758010900,77
403,24185085010900,77
404,24185701010900,77
405,24185902010900,2
406,24185970010900,77
407,24186143010900,77
408,24186246010900,77
409,24186459010900,77
410,24186703010900,77
411,24187148010900,2
412,24187325010900,4
413,24187755010900,4
414,24187984010900,9
415,24188372010900,4
416,24188643010900,4
417,24188988010900,4
418,24189628010900,4
419,24189910010900,4
420,24190100010900,4
421,24190530010900,9
422,24190837010900,4
423,24191159010900,4
424,24191349010900,4
425,24191612010900,4
426,24191871010900,77
427,24192177010900,77
428,24192363010900,2
429,24192561010900,77
430,24193223010900,77
431,24193544010900,2
432,24193687010900,77
433,24194292010900,77
434,24194431010900,77
435,24195284010900,77
436,24195448010900,10
437,24195996010900,10
438,24196098010900,15
439,24196160010900,15
440,24196478010900,15
441,24196872010900,15
442,24196977010900,15
443,24197141010900,15
444,24197513010900,15
445,24197671010900,15
446,24197823010900,15
447,24197940010900,15
448,24198187010900,15
449,24198346010900,15
450,24198552010900,15
451,24198812010900,15
452,24198975010900,15
453,24199205010900,15
454,24199913010900,15
455,24200188010900,15
456,24200393010900,15
457,24200744010900,15
458,24201192010900,4
459,24201661010900,2
460,24201837010900,1
461,24201986010900,1
462,24202303010900,2
463,24203073010900,77
464,24203376010900,77
465,24203697010900,77
466,24204171010900,77
467,24204728010900,77
468,24204972010900,77
469,24205290010900,77
470,24205541010900,77
471,24205862010900,77
472,24206054010900,2
473,24206681010900,9
474,24206805010900,9
475,24206994010900,4
476,24207238010900,9
477,24207697010900,4
478,24207922010900,9
479,24208121010900,4
480,24208346010900,9
481,24208648010900,9
482,24208877010900,9
483,24209066010900,4
484,24209888010900,4
485,24210314010900,9
486,24210735010900,9
487,24211245010900,9
488,24211430010900,9
489,30826408020004,11
490,22398321010497,77
491,22398355010497,77
492,22398385010497,11
493,22398388010497,77
494,22398390010497,77
495,22398391010497,77
496,22398392010497,77
497,22398394010497,77
498,22398395010497,77
499,22398396010497,77
500,22398398010497,77
501,22398400010497,77
502,22398403010497,77
503,22398404010497,77
504,22398406010497,77
505,22398408010497,77
506,22398409010497,77
507,22398410010497,77
508,22398411010497,77
509,22398412010497,77
510,22398413010497,77
511,22398415010497,77
512,22398416010497,77
513,22398418010497,2
514,22398419010497,1
515,22398420010497,1
516,22398421010497,2
517,22398422010497,1
518,22398425010497,11
519,22398426010497,11
520,22398427010497,11
521,22398428010497,11
522,22398429010497,4
523,22398431010497,15
524,22398433010497,15
525,22398434010497,15
526,22398435010497,15
527,22398437010497,15
528,22398439010497,15
529,22398440010497,15
530,22398441010497,15
531,22398443010497,15
532,22398444010497,15
533,22398446010497,15
534,22398448010497,15
535,22398449010497,15
536,22398452010497,11
537,22398453010497,1
538,22398454010497,1
539,22398455010497,1
540,22398456010497,1
541,22398458010497,1
542,22398459010497,1
543,22398460010497,1
544,22398461010497,1
545,22398462010497,4
546,22398463010497,4
547,22398464010497,77
548,22398466010497,4
549,22398467010497,77
550,22398468010497,77
551,22398473010497,77
552,22398474010497,4
553,22398478010497,77
554,22398480010497,77
555,22398481010497,77
556,22398482010497,77
557,22398483010497,4
558,22398484010497,4
559,22398485010497,4
560,22398486010497,4
561,22398487010497,4
562,22398488010497,4
563,22398489010497,4
564,22398490010497,4
565,22398492010497,4
566,22398493010497,4
567,22398494010497,4
568,22398495010497,4
569,22398496010497,4
570,22398497010497,4
571,22398498010497,77
572,22398499010497,1
573,22398500010497,1
574,22398502010497,1
575,22398504010497,10
576,22398507010497,77
577,22398508010497,77
578,22398510010497,77
579,22398511010497,77
580,22398512010497,15
581,22398514010497,77
582,22398515010497,77
583,22398516010497,77
584,22398517010497,77
585,22398518010497,15
586,22398523010497,77
587,22398525010497,77
588,22398526010497,77
589,22398527010497,15
590,22398528010497,10
591,22398529010497,15
592,22398530010497,77
593,22398531010497,77
594,22398534010497,77
595,22398536010497,77
596,22398537010497,15
597,22398538010497,15
598,22398540010497,15
599,22398541010497,15
600,22398544010497,15
601,22398545010497,15
602,22398549010497,15
603,22398551010497,15
604,22398552010497,15
605,22398554010497,15
606,22398555010497,15
607,22398556010497,15
608,22398558010497,4
609,22398559010497,4
610,22398560010497,4
611,22398561010497,4
612,22398562010497,4
613,22398563010497,77
614,22398564010497,77
615,22398565010497,77
616,22398566010497,77
617,22398567010497,77
618,22398568010497,77
619,22398569010497,77
620,22398570010497,77
621,22398571010497,4
622,22398572010497,9
623,22398573010497,4
624,22398574010497,4
625,22398575010497,4
626,22398576010497,4
627,22398577010497,4
628,22398578010497,4
629,22398580010497,4
630,22398581010497,4
631,22398582010497,9
632,22398584010497,4
633,22398585010497,4
634,22398586010497,4
635,22398587010497,4
636,22398588010497,4
637,22398590010497,9
638,22398591010497,4
639,22398592010497,4
640,22398593010497,4
641,22398594010497,4
642,22398597010497,4
643,22398598010497,4
644,22398599010497,4
645,22398601010497,4
646,22398603010497,77
647,22398604010497,77
648,22398606010497,77
649,22398608010497,77
650,22398610010497,77
651,22398611010497,77
652,22398614010497,15
653,22398615010497,15
654,22398616010497,15
655,22398617010497,15
656,22398618010497,77
657,22398619010497,77
658,22398620010497,77
659,22398621010497,77
660,22398622010497,77
661,22398623010497,77
662,22398624010497,77
663,22398627010497,77
664,22398628010497,9
665,22398630010497,9
666,22398633010497,9
667,22398634010497,9
668,22398649010497,77
669,22398656010497,77
670,24456186010900,15
671,24456628010900,15
672,24456853010900,15
673,24457295010900,15
674,24457642010900,15
675,24457812010900,15
676,24457948010900,15
677,24458110010900,15
678,24458321010900,15
679,24458686010900,15
680,24459116010900,15
681,24459459010900,2
682,24459582010900,4
683,24460214010900,2
684,24460341010900,1
685,24460589010900,1
686,24461361010900,2
687,24461851010900,77
688,24462185010900,77
689,24462832010900,77
690,24463066010900,77
691,24463413010900,77
692,24463683010900,77
693,24464165010900,77
694,24464353010900,77
695,24465043010900,9
696,24465325010900,9
697,24465574010900,9
698,24465727010900,9
699,24466033010900,10
700,24466222010900,4
701,24466734010900,9
702,24467136010900,9
703,24467269010900,9
704,24467526010900,9
705,24467730010900,4
706,24468035010900,9
707,24468200010900,4
708,24468462010900,9
709,24468790010900,9
710,24468927010900,9
711,24469224010900,4
712,24476652010900,2
713,24476841010900,1
714,24477151010900,2
715,24477672010900,77
716,24477957010900,10
717,24478062010900,10
718,24478225010900,77
719,24478447010900,77
720,24478997010900,77
721,24479236010900,15
722,24479417010900,77
723,24479644010900,77
724,24479822010900,77
725,24480041010900,15
726,24480264010900,10
727,24480435010900,15
728,24480602010900,77
729,24480780010900,10
730,24480871010900,15
731,24481528010900,77
732,24481695010900,77
733,24482023010900,15
734,24482771010900,77
735,24482958010900,77
736,24483230010900,77
737,24483705010900,77
738,24484176010900,77
739,24484302010900,77
740,24484545010900,15
741,24484737010900,1
742,24484927010900,1
743,24485101010900,1
744,24485528010900,1
745,24485753010900,1
746,24485932010900,1
747,24486093010900,1
748,24486692010900,15
749,24486919010900,15
750,24486945010900,15
751,24487262010900,15
752,24487495010900,15
753,24487888010900,15
754,24488200010900,15
755,24488526010900,15
756,24489008010900,15
757,24489334010900,15
758,24489700010900,4
759,24489967010900,4
760,24490736010900,4
761,24490945010900,4
762,24491293010900,4
763,24491571010900,2
764,24491758010900,2
765,24491986010900,2
766,24492095010900,2
767,24492962010900,2
768,24493125010900,77
769,24493462010900,77
770,24493767010900,77
771,24494145010900,77
772,24494561010900,77
773,24494715010900,4
774,24494906010900,4
775,24495112010900,4
776,24495364010900,4
777,24495541010900,4
778,24495777010900,9
779,24496038010900,4
780,24496392010900,4
781,24496621010900,4
782,24496911010900,4
783,24497166010900,9
784,24497410010900,4
785,24497597010900,4
786,24497836010900,4
787,24498082010900,4
788,24498693010900,4
789,24499031010900,4
790,24499321010900,2
791,24499760010900,77
792,24500369010900,77
793,24500634010900,77
794,24500882010900,2
795,24501251010900,77
796,24501439010900,77
797,24501961010900,77
798,24502332010900,77
799,24502803010900,77
800,24503327010900,77
801,24503525010900,10
802,24503758010900,15
803,24504052010900,15
804,24504300010900,15
805,24504877010900,15
806,24505686010900,11
807,24506015010900,11
808,24506532010900,9
809,24506863010900,77
810,24507130010900,77
811,24508102010900,77
812,24508278010900,77
813,24508542010900,77
814,24508760010900,77
815,24509014010900,77
816,24509233010900,77
817,24509895010900,77
818,24510325010900,77
819,24510595010900,77
820,24510895010900,77
821,24511125010900,77
822,24511344010900,77
823,24511790010900,77
824,24512151010900,1
825,24512600010900,1
826,24512824010900,1
827,24513145010900,1
828,24513401010900,77
829,24513584010900,1
830,24513781010900,2
831,24513938010900,1
832,24514156010900,2
833,24514332010900,1
834,24514879010900,1
835,24515644010900,2
836,24515981010900,1
837,24516474010900,1
838,24516680010900,3
839,24516867010900,4
840,24517649010900,11
841,24518337010900,2
842,24518635010900,4
843,24518845010900,4
844,24519074010900,1
845,24519906010900,4
846,24520543010900,15
847,24520893010900,15
848,24521035010900,15
849,24521318010900,15
850,24521468010900,15
851,24521625010900,15
852,24521985010900,15
853,24522496010900,15
854,24522629010900,15
855,24522856010900,15
856,24523166010900,15
857,24523379010900,15
858,24523761010900,15
859,24524012010900,15
860,24524540010900,15
861,24524868010900,15
862,24526796010900,1
863,24527243010900,1
864,24527445010900,1
865,24527997010900,1
866,24528521010900,1
867,24528803010900,1
868,24529023010900,1
869,24529322010900,1
870,24529867010900,1
871,24530176010900,2
872,24530286010900,2
873,24530460010900,1
874,24530985010900,1
875,24531189010900,1
876,24531635010900,1
877,24531880010900,77
878,24532022010900,1
879,24532876010900,1
880,24533092010900,1
881,24533327010900,77
882,24533767010900,2
883,24533919010900,2
884,24534050010900,2
885,24534250010900,4
886,24534537010900,4
887,24534776010900,4
888,24535344010900,4
889,24535669010900,77
890,24535881010900,4
891,24536111010900,77
892,24536417010900,2
893,24536541010900,77
894,24536760010900,77
895,24536986010900,77
896,24537422010900,2
897,24537567010900,2
898,24537809010900,2
899,24538131010900,9
900,24538412010900,9
901,24538562010900,9
902,24539171010900,9
903,24539568010900,77
904,24539823010900,77
905,24540114010900,77
906,24540867010900,77
907,24541545010900,10
908,24541934010900,9
909,24542155010900,9
910,24542422010900,9
911,24542593010900,9
912,24542842010900,9
913,24543240010900,1
914,24543817010900,4
915,24543974010900,4
916,24544490010900,4
917,24544769010900,1
918,24544985010900,4
919,24545346010900,2
920,24545666010900,4
921,24545883010900,4
922,24546149010900,4
923,24546494010900,2
924,24546671010900,4
925,24547242010900,4
926,24547473010900,10
927,24547883010900,10
928,26124846010900,1
929,26125506010900,1
930,26125675010900,77
931,26125943010900,1
932,33093208020004,11
933,13038078010497,4
934,13039723010497,4
935,13046000010497,77
936,13194226010497,77
937,13194358010497,77
938,13194596010497,77
939,13194834010497,77
940,13195112010497,77
941,13195383010497,77
942,13196865010497,77
943,13197377010497,77
944,13198150010497,15
945,13198438010497,4
946,13198787010497,77
947,13198972010497,77
948,13199171010497,77
949,13199439010497,77
950,13199766010497,77
951,13216393010497,15
952,13240308010497,15
953,193209153020004,15
954,22398636010497,77
955,22398637010497,77
956,22398640010497,77
957,22398641010497,77
958,22398642010497,77
959,22398645010497,77
960,22398646010497,77
961,22398647010497,77
962,22398648010497,77
963,22398650010497,77
964,22398651010497,77
965,22398652010497,77
966,22398653010497,77
967,22398654010497,77
968,22398655010497,77
969,22398657010497,77
970,22398659010497,2
971,22398661010497,1
972,22398662010497,2
973,22398663010497,1
974,22398664010497,1
975,22398666010497,1
976,22398667010497,2
977,22398669010497,11
978,22398670010497,11
979,22398672010497,15
980,22398673010497,15
981,22398674010497,15
982,22398675010497,15
983,22398677010497,15
984,22398678010497,15
985,22398679010497,15
986,22398680010497,15
987,22398682010497,15
988,22398684010497,15
989,22398685010497,15
990,22398688010497,11
991,22398690010497,1
992,22398691010497,1
993,22398692010497,1
994,22398693010497,1
995,22398694010497,1
996,22398695010497,1
997,22398696010497,1
998,22398697010497,1
999,22398698010497,1
1000,22398699010497,77
1001,22398701010497,4
1002,22398702010497,77
1003,22398703010497,77
1004,22398704010497,9
1005,22398705010497,9
1006,22398706010497,9
1007,22398707010497,9
1008,22398708010497,9
1009,22398709010497,77
1010,22398710010497,9
1011,22398711010497,9
1012,22398712010497,77
1013,22398713010497,77
1014,22398714010497,9
1015,22398715010497,77
1016,22398716010497,77
1017,22398717010497,9
1018,22398718010497,4
1019,22398719010497,4
1020,22398720010497,4
1021,22398721010497,4
1022,22398722010497,4
1023,22398724010497,4
1024,22398725010497,4
1025,22398726010497,4
1026,22398728010497,4
1027,22398729010497,4
1028,22398730010497,4
1029,22398731010497,4
1030,22398732010497,1
1031,22398733010497,1
1032,22398734010497,77
1033,22398735010497,15
1034,22398736010497,15
1035,22398737010497,15
1036,22398739010497,77
1037,22398740010497,77
1038,22398741010497,77
1039,22398743010497,77
1040,22398744010497,77
1041,22398745010497,77
1042,22398747010497,77
1043,22398748010497,77
1044,22398749010497,77
1045,22398750010497,15
1046,22398751010497,15
1047,22398752010497,77
1048,22398755010497,77
1049,22398756010497,77
1050,22398757010497,77
1051,22398759010497,77
1052,22398761010497,77
1053,22398762010497,15
1054,22398764010497,15
1055,22398765010497,15
1056,22398766010497,15
1057,22398767010497,15
1058,22398768010497,15
1059,22398769010497,15
1060,22398770010497,15
1061,22398771010497,15
1062,22398773010497,15
1063,22398775010497,4
1064,22398776010497,77
1065,22398777010497,77
1066,22398778010497,77
1067,22398779010497,77
1068,22398781010497,77
1069,22398782010497,77
1070,22398784010497,77
1071,22398785010497,77
1072,22398786010497,77
1073,22398787010497,77
1074,22398788010497,4
1075,22398789010497,4
1076,22398791010497,4
1077,22398793010497,4
1078,22398795010497,4
1079,22398796010497,4
1080,22398797010497,4
1081,22398798010497,4
1082,22398799010497,4
1083,22398800010497,4
1084,22398801010497,9
1085,22398802010497,4
1086,22398803010497,4
1087,22398804010497,9
1088,22398805010497,4
1089,22398806010497,4
1090,22398810010497,4
1091,22398811010497,9
1092,22398812010497,77
1093,22398814010497,77
1094,22398816010497,77
1095,22398818010497,77
1096,22398822010497,77
1097,22398823010497,77
1098,22398824010497,77
1099,22398825010497,77
1100,22398826010497,77
1101,22398827010497,15
1102,22398829010497,15
1103,22398831010497,15
1104,22398832010497,15
1105,22398833010497,15
1106,22398836010497,77
1107,22398837010497,77
1108,22398838010497,77
1109,22398839010497,77
1110,22398840010497,77
1111,22398841010497,77
1112,22398842010497,77
1113,22398843010497,77
1114,22398844010497,77
1115,22398845010497,77
1116,22398846010497,9
1117,22398847010497,9
1118,22398848010497,4
1119,22398849010497,9
1120,22398850010497,9
1121,22398851010497,9
1122,22398852010497,4
1123,22398854010497,9
1124,22398855010497,9
1125,22398856010497,9
1126,22398857010497,4
1127,22398873010497,77
1128,22398885010497,77
1129,24826188010900,77
1130,24826607010900,77
1131,24826994010900,2
1132,24827889010900,77
1133,24828219010900,77
1134,24828602010900,2
1135,24829480010900,9
1136,24830461010900,9
1137,24830924010900,9
1138,24831181010900,9
1139,24831596010900,4
1140,24831846010900,9
1141,24832382010900,10
1142,24832535010900,9
1143,24832827010900,4
1144,24833110010900,9
1145,24833221010900,9
1146,24833598010900,4
1147,24834286010900,4
1148,24834563010900,4
1149,24834781010900,2
1150,24834929010900,4
1151,24835104010900,4
1152,24835294010900,77
1153,24835589010900,2
1154,24835805010900,77
1155,24836094010900,2
1156,24836801010900,77
1157,24837037010900,77
1158,24837394010900,2
1159,24837618010900,2
1160,24837885010900,9
1161,24838280010900,4
1162,24838588010900,9
1163,24838897010900,4
1164,24839184010900,9
1165,24839380010900,9
1166,24839635010900,77
1167,24839927010900,77
1168,24840109010900,77
1169,24840377010900,77
1170,24840602010900,77
1171,24840869010900,77
1172,24841169010900,9
1173,24841397010900,9
1174,24841565010900,9
1175,24841869010900,9
1176,24842284010900,9
1177,24842501010900,9
1178,24842721010900,9
1179,24843397010900,1
1180,24843607010900,2
1181,24843831010900,4
1182,24844205010900,4
1183,24844633010900,2
1184,24844868010900,4
1185,24845230010900,4
1186,24845512010900,4
1187,24845887010900,4
1188,24846081010900,4
1189,24846434010900,4
1190,24846767010900,4
1191,24847105010900,2
1192,24847251010900,4
1193,24847443010900,4
1194,24847759010900,4
1195,24848054010900,4
1196,24848431010900,4
1197,24848587010900,4
1198,24849306010900,10
1199,24849419010900,1
1200,24849749010900,2
1201,24850046010900,1
1202,24850339010900,2
1203,24850522010900,2
1204,24850763010900,1
1205,24851240010900,77
1206,24851563010900,77
1207,24851755010900,15
1208,24851883010900,15
1209,24852012010900,77
1210,24852275010900,15
1211,24852474010900,77
1212,24852682010900,77
1213,24853023010900,77
1214,24853169010900,15
1215,24853515010900,77
1216,24853900010900,77
1217,24854060010900,77
1218,24854559010900,15
1219,24854727010900,15
1220,24854901010900,77
1221,24855082010900,15
1222,24855195010900,77
1223,24855400010900,15
1224,24856074010900,77
1225,24856340010900,77
1226,24856517010900,15
1227,24857195010900,77
1228,24857537010900,77
1229,24857734010900,1
1230,24857900010900,1
1231,24858057010900,1
1232,24858663010900,1
1233,24859445010900,1
1234,24860341010900,77
1235,24860596010900,77
1236,24860876010900,77
1237,24861254010900,77
1238,24861786010900,77
1239,24862447010900,77
1240,24862603010900,1
1241,24862779010900,77
1242,24862993010900,1
1243,24863215010900,77
1244,24863458010900,2
1245,24863845010900,1
1246,24864250010900,1
1247,24864972010900,1
1248,24865217010900,1
1249,24865433010900,1
1250,24866927010900,1
1251,24867380010900,4
1252,24868374010900,11
1253,24868555010900,11
1254,24868896010900,4
1255,24869037010900,4
1256,24869389010900,4
1257,24869629010900,4
1258,24869789010900,4
1259,24870174010900,4
1260,24870572010900,4
1261,24871028010900,15
1262,24871156010900,15
1263,24871448010900,15
1264,24871587010900,15
1265,24872161010900,15
1266,24872520010900,15
1267,24873531010900,15
1268,24873819010900,15
1269,24874091010900,15
1270,24874464010900,15
1271,24874783010900,15
1272,24875233010900,11
1273,24875484010900,11
1274,24876232010900,1
1275,24876578010900,1
1276,24876804010900,1
1277,24877015010900,1
1278,24877245010900,1
1279,24877430010900,1
1280,24878094010900,1
1281,24878256010900,1
1282,24878596010900,1
1283,24878808010900,2
1284,24878976010900,1
1285,24879168010900,1
1286,24879350010900,1
1287,24879571010900,1
1288,24879932010900,1
1289,24880241010900,1
1290,24880782010900,2
1291,24880976010900,1
1292,24881232010900,1
1293,24881597010900,1
1294,24881836010900,1
1295,24882094010900,77
1296,24882323010900,1
1297,24882585010900,1
1298,24883193010900,2
1299,24883381010900,1
1300,24883863010900,1
1301,24884243010900,1
1302,24884418010900,1
1303,24884596010900,2
1304,24884838010900,1
1305,24885078010900,2
1306,24885308010900,2
1307,25063890010900,15
1308,25064269010900,15
1309,25064561010900,15
1310,25064991010900,15
1311,25065322010900,15
1312,25065632010900,15
1313,25066040010900,15
1314,25066283010900,15
1315,25066697010900,15
1316,25066955010900,4
1317,25067276010900,4
1318,25067991010900,2
1319,25068518010900,4
1320,25068897010900,2
1321,25069403010900,77
1322,25069634010900,77
1323,25070007010900,77
1324,25070287010900,77
1325,25070604010900,77
1326,25070935010900,77
1327,25071141010900,77
1328,25071376010900,77
1329,25071535010900,4
1330,25071709010900,4
1331,25071903010900,4
1332,25072130010900,9
1333,25072297010900,4
1334,25072608010900,4
1335,25072862010900,4
1336,25073235010900,4
1337,25073639010900,4
1338,25073985010900,4
1339,25074287010900,4
1340,25074592010900,4
1341,25074916010900,4
1342,25075208010900,4
1343,25075433010900,4
1344,25075762010900,77
1345,25076062010900,2
1346,25076199010900,77
1347,25076424010900,77
1348,25076809010900,2
1349,25077311010900,77
1350,25077628010900,77
1351,25077876010900,77
1352,25078257010900,77
1353,25078480010900,77
1354,25078802010900,77
1355,25079127010900,77
1356,25079444010900,10
1357,25079876010900,1
1358,25080240010900,10
1359,25080424010900,15
1360,25080791010900,15
1361,25081321010900,15
1362,25081492010900,15
1363,25081874010900,15
1364,25082984010900,15
1365,25083080010900,15
1366,25083273010900,15
1367,25083809010900,15
1368,25083976010900,15
1369,25084852010900,2
1370,25085192010900,2
1371,25085622010900,2
1372,25094063010900,77
1373,25094343010900,77
1374,25094648010900,77
1375,25095250010900,77
1376,25095434010900,77
1377,25095614010900,77
1378,25096104010900,77
1379,25096348010900,77
1380,25096600010900,77
1381,25096791010900,77
1382,26127580010900,77
1383,12963634010497,11
1384,12964130010497,9
1385,12964449010497,77
1386,12964657010497,77
1387,12965155010497,77
1388,12965290010497,77
1389,12965572010497,77
1390,12965856010497,77
1391,12966076010497,77
1392,12966246010497,77
1393,12966592010497,77
1394,12966841010497,77
1395,12967289010497,77
1396,12967580010497,77
1397,12968351010497,77
1398,12968796010497,77
1399,12969073010497,77
1400,12969696010497,77
1401,12970163010497,77
1402,12970308010497,77
1403,12970545010497,1
1404,12970841010497,1
1405,12971094010497,1
1406,12971572010497,1
1407,12971869010497,1
1408,12972109010497,77
1409,12972725010497,1
1410,12973392010497,1
1411,12973613010497,1
1412,12974382010497,0
1413,12974727010497,1
1414,12975042010497,1
1415,12975351010497,1
1416,12975573010497,4
1417,12975907010497,3
1418,12976065010497,4
1419,12976281010497,11
1420,12976628010497,11
1421,12976932010497,4
1422,12977190010497,4
1423,12977415010497,1
1424,12977848010497,4
1425,12978785010497,15
1426,12978919010497,15
1427,12979334010497,15
1428,12979503010497,15
1429,12979628010497,15
1430,12979966010497,15
1431,12980164010497,15
1432,12980320010497,15
1433,12980723010497,15
1434,12981004010497,15
1435,12981628010497,15
1436,12981943010497,15
1437,12982397010497,15
1438,12982973010497,15
1439,12983238010497,15
1440,12983687010497,15
1441,12984099010497,11
1442,12984882010497,1
1443,12985125010497,1
1444,12985394010497,1
1445,12986046010497,1
1446,12986274010497,1
1447,12986466010497,1
1448,12987281010497,1
1449,12987496010497,11
1450,12987584010497,0
1451,12988392010497,77
1452,12988512010497,77
1453,12988854010497,77
1454,12989549010497,2
1455,12990036010497,77
1456,12990405010497,77
1457,12990744010497,77
1458,12992573010497,10
1459,12992742010497,9
1460,12993100010497,4
1461,12993566010497,9
1462,12993736010497,9
1463,12994021010497,9
1464,12994209010497,4
1465,12994639010497,9
1466,12994872010497,9
1467,12994987010497,4
1468,12995357010497,9
1469,12995584010497,9
1470,12995862010497,4
1471,12996220010497,9
1472,12996530010497,9
1473,12996941010497,9
1474,12997185010497,4
1475,12997799010497,2
1476,12997981010497,77
1477,12998273010497,77
1478,12998890010497,77
1479,12999289010497,77
1480,12999481010497,77
1481,12999992010497,77
1482,13000318010497,77
1483,13000845010497,77
1484,13001583010497,4
1485,13002016010497,4
1486,13002451010497,4
1487,13002903010497,4
1488,13003271010497,4
1489,13003592010497,9
1490,13004016010497,4
1491,13004400010497,4
1492,13004916010497,4
1493,13005723010497,4
1494,13006511010497,4
1495,13006851010497,4
1496,13007959010497,2
1497,13008271010497,77
1498,13008616010497,77
1499,13008955010497,77
1500,13009244010497,77
1501,13009978010497,77
1502,13011085010497,10
1503,13011286010497,10
1504,13011454010497,15
1505,13011589010497,15
1506,13011721010497,15
1507,13012140010497,15
1508,13012518010497,15
1509,13012698010497,15
1510,13013076010497,15
1511,13013511010497,15
1512,13013656010497,15
1513,13013990010497,15
1514,13014268010497,15
1515,13014563010497,15
1516,13015137010497,15
1517,13015400010497,15
1518,13015935010497,15
1519,13016651010497,4
1520,13017118010497,2
1521,13018219010497,10
1522,13018699010497,2
1523,13019045010497,1
1524,13019610010497,1
1525,13020020010497,1
1526,13020452010497,1
1527,13020784010497,10
1528,13020972010497,77
1529,13021186010497,77
1530,13021550010497,15
1531,13022083010497,15
1532,13022435010497,77
1533,13023123010497,77
1534,13023283010497,15
1535,13023641010497,15
1536,13024252010497,15
1537,13024455010497,77
1538,13024732010497,77
1539,13025184010497,77
1540,13025401010497,77
1541,13025974010497,15
1542,13026273010497,77
1543,13026585010497,15
1544,13026974010497,77
1545,13027182010497,77
1546,13027544010497,77
1547,13027896010497,77
1548,13028606010497,77
1549,13028844010497,15
1550,13029231010497,77
1551,13030125010497,15
1552,13031154010497,1
1553,13031419010497,1
1554,13032268010497,15
1555,13032836010497,15
1556,13033539010497,15
1557,13033855010497,15
1558,13034192010497,15
1559,13034498010497,15
1560,13034882010497,15
1561,13035592010497,15
1562,13035945010497,15
1563,13036367010497,15
1564,13036910010497,15
1565,13037293010497,4
1566,13037626010497,4
1567,13038334010497,4
1568,13038857010497,4
1569,13039127010497,4
1570,13039392010497,4
1571,13041320010497,1
1572,13041599010497,1
1573,13042861010497,1
1574,13043157010497,1
1575,13043465010497,1
1576,13043929010497,1
1577,13044164010497,1
1578,13044558010497,1
1579,13044806010497,1
1580,13045077010497,1
1581,13045472010497,1
1582,13045763010497,1
1583,13046245010497,1
1584,13046576010497,77
1585,13047654010497,77
1586,13049455010497,4
1587,13050083010497,4
1588,13050584010497,77
1589,13050884010497,77
1590,13051689010497,77
1591,13052688010497,2
1592,13053113010497,2
1593,13053391010497,2
1594,13053565010497,9
1595,13053798010497,9
1596,13054437010497,77
1597,13054497010497,77
1598,13054971010497,77
1599,13055193010497,77
1600,13055470010497,77
1601,13055730010497,77
1602,13055977010497,77
1603,13056359010497,9
1604,13056786010497,9
1605,13057215010497,9
1606,13057728010497,9
1607,13057932010497,9
1608,13058072010497,9
1609,13058311010497,9
1610,13058934010497,1
1611,13059840010497,2
1612,13060802010497,4
1613,13061167010497,1
1614,13062498010497,4
1615,13062886010497,4
1616,13063479010497,1
1617,13202675010497,1
1618,13203005010497,77
1619,13203368010497,77
1620,13204531010497,2
1621,13204702010497,77
1622,13205079010497,77
1623,13205354010497,77
1624,13205680010497,4
1625,13206224010497,77
1626,13206482010497,77
1627,13209264010497,1
1628,13411348010497,0
1629,193209064020004,9
1630,193209107020004,9
1631,193209108020004,9
1632,193209119020004,77
1633,22398858010497,77
1634,22398859010497,77
1635,22398860010497,77
1636,22398863010497,77
1637,22398864010497,77
1638,22398865010497,77
1639,22398867010497,77
1640,22398868010497,77
1641,22398869010497,77
1642,22398871010497,77
1643,22398872010497,77
1644,22398874010497,10
1645,22398875010497,77
1646,22398877010497,77
1647,22398878010497,77
1648,22398880010497,77
1649,22398881010497,77
1650,22398883010497,77
1651,22398884010497,77
1652,22398887010497,1
1653,22398889010497,77
1654,22398891010497,1
1655,22398893010497,1
1656,22398897010497,4
1657,22398898010497,4
1658,22398899010497,15
1659,22398901010497,15
1660,22398902010497,15
1661,22398903010497,15
1662,22398905010497,15
1663,22398907010497,15
1664,22398908010497,15
1665,22398909010497,15
1666,22398910010497,15
1667,22398911010497,15
1668,22398912010497,15
1669,22398915010497,11
1670,22398916010497,1
1671,22398917010497,1
1672,22398918010497,1
1673,22398919010497,1
1674,22398921010497,1
1675,22398922010497,1
1676,22398923010497,77
1677,22398924010497,4
1678,22398925010497,4
1679,22398926010497,77
1680,22398927010497,77
1681,22398928010497,4
1682,22398929010497,77
1683,22398930010497,77
1684,22398931010497,77
1685,22398932010497,77
1686,22398933010497,9
1687,22398934010497,9
1688,22398935010497,9
1689,22398936010497,77
1690,22398937010497,77
1691,22398938010497,4
1692,22398939010497,77
1693,22398940010497,4
1694,22398941010497,4
1695,22398942010497,4
1696,22398943010497,4
1697,22398944010497,4
1698,22398946010497,4
1699,22398947010497,4
1700,22398948010497,4
1701,22398949010497,4
1702,22398950010497,1
1703,22398951010497,77
1704,22398952010497,15
1705,22398954010497,15
1706,22398958010497,77
1707,22398959010497,15
1708,22398961010497,15
1709,22398963010497,77
1710,22398965010497,77
1711,22398966010497,15
1712,22398967010497,77
1713,22398968010497,77
1714,22398971010497,77
1715,22398972010497,77
1716,22398974010497,15
1717,22398975010497,77
1718,22398976010497,77
1719,22398978010497,77
1720,22398982010497,15
1721,22398983010497,77
1722,22398984010497,77
1723,22398985010497,77
1724,22398987010497,15
1725,22398989010497,77
1726,22398990010497,15
1727,22398991010497,15
1728,22398992010497,15
1729,22398993010497,15
1730,22398995010497,15
1731,22398996010497,15
1732,22398998010497,15
1733,22398999010497,15
1734,22399000010497,15
1735,22399001010497,15
1736,22399002010497,15
1737,22399003010497,15
1738,22399004010497,4
1739,22399005010497,4
1740,22399006010497,4
1741,22399007010497,4
1742,22399008010497,77
1743,22399010010497,77
1744,22399011010497,77
1745,22399012010497,77
1746,22399013010497,77
1747,22399014010497,77
1748,22399015010497,77
1749,22399016010497,77
1750,22399017010497,9
1751,22399018010497,4
1752,22399019010497,4
1753,22399021010497,4
1754,22399022010497,4
1755,22399023010497,4
1756,22399024010497,4
1757,22399025010497,4
1758,22399026010497,4
1759,22399027010497,4
1760,22399028010497,4
1761,22399029010497,4
1762,22399030010497,4
1763,22399031010497,4
1764,22399032010497,4
1765,22399033010497,9
1766,22399034010497,4
1767,22399035010497,4
1768,22399036010497,4
1769,22399037010497,4
1770,22399038010497,4
1771,22399039010497,4
1772,22399040010497,4
1773,22399041010497,4
1774,22399042010497,4
1775,22399043010497,4
1776,22399045010497,4
1777,22399046010497,4
1778,22399047010497,4
1779,22399051010497,77
1780,22399053010497,77
1781,22399054010497,77
1782,22399055010497,77
1783,22399056010497,77
1784,22399057010497,77
1785,22399058010497,77
1786,22399059010497,77
1787,22399060010497,15
1788,22399061010497,15
1789,22399062010497,15
1790,22399063010497,15
1791,22399064010497,15
1792,22399065010497,15
1793,22399067010497,15
1794,22399068010497,77
1795,22399069010497,77
1796,22399070010497,77
1797,22399071010497,77
1798,22399073010497,77
1799,22399074010497,77
1800,22399075010497,77
1801,22399076010497,77
1802,22399077010497,9
1803,22399079010497,9
1804,22399080010497,9
1805,22399081010497,4
1806,22399083010497,9
1807,8976192010901,2
1808,8976310010901,2
1809,22399087010497,11
1810,22399088010497,77
1811,22399089010497,77
1812,22399090010497,77
1813,22399091010497,77
1814,22399095010497,77
1815,22399096010497,77
1816,22399097010497,77
1817,22399099010497,77
1818,22399101010497,77
1819,22399102010497,77
1820,22399105010497,77
1821,22399106010497,77
1822,22399107010497,77
1823,22399108010497,77
1824,22399109010497,1
1825,22399110010497,1
1826,22399111010497,1
1827,22399112010497,1
1828,22399113010497,1
1829,22399114010497,1
1830,22399115010497,1
1831,22399116010497,1
1832,22399117010497,11
1833,22399118010497,11
1834,22399119010497,15
1835,22399120010497,15
1836,22399121010497,15
1837,22399122010497,15
1838,22399123010497,15
1839,22399125010497,15
1840,22399126010497,15
1841,22399127010497,15
1842,22399128010497,15
1843,22399129010497,15
1844,22399131010497,15
1845,22399132010497,15
1846,22399133010497,15
1847,22399134010497,15
1848,22399135010497,15
1849,22399137010497,15
1850,22399138010497,15
1851,22399139010497,11
1852,22399140010497,11
1853,22399141010497,11
1854,22399142010497,11
1855,22399143010497,11
1856,22399144010497,1
1857,22399146010497,1
1858,22399147010497,1
1859,22399148010497,1
1860,22399149010497,1
1861,22399150010497,1
1862,22399153010497,77
1863,22399154010497,77
1864,22399157010497,77
1865,22399158010497,77
1866,22399159010497,4
1867,22399160010497,77
1868,22399161010497,77
1869,22399162010497,77
1870,22399163010497,9
1871,22399164010497,77
1872,22399165010497,77
1873,22399166010497,4
1874,22399167010497,77
1875,22399168010497,77
1876,22399169010497,4
1877,22399170010497,77
1878,22399171010497,77
1879,22399172010497,4
1880,22399173010497,9
1881,22399174010497,77
1882,22399175010497,77
1883,22399176010497,9
1884,22399177010497,4
1885,22399179010497,4
1886,22399182010497,4
1887,22399183010497,4
1888,22399184010497,4
1889,22399185010497,4
1890,22399186010497,4
1891,22399187010497,4
1892,22399188010497,4
1893,22399189010497,1
1894,22399191010497,1
1895,22399192010497,1
1896,22399194010497,1
1897,22399196010497,15
1898,22399197010497,15
1899,22399199010497,77
1900,22399201010497,77
1901,22399202010497,15
1902,22399203010497,77
1903,22399204010497,77
1904,22399205010497,77
1905,22399206010497,15
1906,22399208010497,77
1907,22399209010497,77
1908,22399210010497,77
1909,22399211010497,77
1910,22399213010497,77
1911,22399214010497,77
1912,22399216010497,77
1913,22399217010497,15
1914,22399218010497,77
1915,22399219010497,77
1916,22399220010497,77
1917,22399221010497,77
1918,22399223010497,77
1919,22399224010497,77
1920,22399225010497,15
1921,22399227010497,77
1922,22399228010497,15
1923,22399229010497,77
1924,22399231010497,77
1925,22399232010497,15
1926,22399233010497,15
1927,22399234010497,15
1928,22399235010497,15
1929,22399237010497,15
1930,22399238010497,15
1931,22399239010497,15
1932,22399240010497,15
1933,22399241010497,15
1934,22399242010497,15
1935,22399243010497,15
1936,22399245010497,4
1937,22399246010497,4
1938,22399247010497,4
1939,22399248010497,77
1940,22399249010497,77
1941,22399250010497,77
1942,22399251010497,77
1943,22399252010497,77
1944,22399253010497,77
1945,22399254010497,77
1946,22399255010497,77
1947,22399256010497,77
1948,22399257010497,77
1949,22399258010497,77
1950,22399259010497,77
1951,22399261010497,4
1952,22399262010497,9
1953,22399265010497,4
1954,22399266010497,4
1955,22399267010497,4
1956,22399268010497,4
1957,22399269010497,4
1958,22399271010497,4
1959,22399272010497,4
1960,22399273010497,4
1961,22399274010497,4
1962,22399275010497,4
1963,22399276010497,4
1964,22399278010497,4
1965,22399279010497,9
1966,22399281010497,4
1967,22399282010497,77
1968,22399283010497,77
1969,22399284010497,77
1970,22399285010497,77
1971,22399286010497,77
1972,22399287010497,77
1973,22399288010497,77
1974,22399289010497,77
1975,22399290010497,77
1976,22399292010497,77
1977,22399295010497,15
1978,22399296010497,15
1979,22399297010497,15
1980,22399298010497,15
1981,22399299010497,15
1982,22399301010497,77
1983,22399302010497,77
1984,22399303010497,77
1985,22399305010497,77
1986,22399306010497,77
1987,22399307010497,9
1988,22399308010497,9
1989,22399309010497,4
1990,22399310010497,4
1991,22399312010497,9
1992,22399313010497,9
1993,22826482010497,11
1994,22827651010497,77
1995,22827758010497,77
1996,22954369010497,11
1997,22954398010497,77
1998,22954401010497,11
1999,22954402010497,1
2000,22954414010497,1
2001,22954463010497,4
2002,22954518010497,4
2003,22954529010497,4
2004,22954532010497,4
2005,22954559010497,1
2006,22954569010497,77
2007,22954571010497,77
2008,22954648010497,15
2009,22954680010497,15
2010,22954683010497,77
2011,22954785010497,15
2012,22954807010497,15
2013,22954812010497,77
2014,8601215010901,11
2015,8601444010901,4
2016,8601898010901,1
2017,8602092010901,4
2018,8602201010901,1
2019,8602309010901,1
2020,8602439010901,2
2021,8602576010901,4
2022,8603058010901,15
2023,8603138010901,15
2024,8603202010901,15
2025,8603298010901,15
2026,8603412010901,15
2027,8603504010901,15
2028,8603585010901,15
2029,8603672010901,15
2030,8603868010901,15
2031,8603953010901,15
2032,8604185010901,15
2033,8604281010901,15
2034,8604558010901,15
2035,8604814010901,15
2036,8604981010901,15
2037,8605189010901,15
2038,8605352010901,15
2039,8605545010901,15
2040,8605640010901,15
2041,8605721010901,15
2042,8605918010901,15
2043,8607086010901,1
2044,8607314010901,1
2045,8608037010901,1
2046,8608141010901,1
2047,8608289010901,1
2048,8608495010901,1
2049,8608687010901,1
2050,8608929010901,1
2051,8609172010901,1
2052,8609367010901,1
2053,8609564010901,1
2054,8609835010901,1
2055,8609953010901,1
2056,8610065010901,1
2057,8610184010901,77
2058,8610319010901,77
2059,8610439010901,77
2060,8610591010901,1
2061,8610691010901,77
2062,8610899010901,1
2063,8611003010901,1
2064,8611129010901,1
2065,8611282010901,0
2066,8611388010901,4
2067,8611606010901,4
2068,8611720010901,4
2069,8611843010901,77
2070,8612080010901,2
2071,8612169010901,2
2072,8612300010901,77
2073,8612489010901,77
2074,8612719010901,77
2075,8612980010901,77
2076,8613196010901,77
2077,8613276010901,2
2078,8613355010901,77
2079,8613561010901,77
2080,8613768010901,2
2081,8614179010901,9
2082,8614308010901,9
2083,8614440010901,4
2084,8614641010901,9
2085,8614672010901,9
2086,8614749010901,77
2087,8614909010901,77
2088,8615050010901,9
2089,8615300010901,9
2090,8615716010901,9
2091,8616066010901,9
2092,8616160010901,9
2093,8616235010901,9
2094,8616467010901,4
2095,8616803010901,4
2096,8617035010901,4
2097,8617249010901,4
2098,8617685010901,4
2099,8617791010901,4
2100,8617900010901,4
2101,8618114010901,1
2102,8618225010901,4
2103,8618349010901,1
2104,8618433010901,4
2105,8618666010901,2
2106,8618720010901,4
2107,8619011010901,4
2108,8619130010901,4
2109,8619237010901,4
2110,8619631010901,1
2111,8619726010901,4
2112,8620177010901,10
2113,8620460010901,2
2114,8620764010901,1
2115,8621073010901,1
2116,8621312010901,2
2117,8621399010901,1
2118,8621536010901,1
2119,8621937010901,77
2120,8622241010901,15
2121,8622315010901,77
2122,8622633010901,77
2123,8622977010901,77
2124,8623151010901,15
2125,8623242010901,77
2126,8623649010901,77
2127,8623724010901,77
2128,8623978010901,77
2129,8624089010901,77
2130,8624216010901,77
2131,8624376010901,77
2132,8624556010901,77
2133,8624672010901,77
2134,8624929010901,77
2135,8625160010901,15
2136,8625353010901,15
2137,8625568010901,77
2138,8625973010901,77
2139,8626429010901,77
2140,8626579010901,15
2141,8626678010901,77
2142,8626869010901,77
2143,8627111010901,15
2144,8627288010901,77
2145,8627613010901,1
2146,8627747010901,1
2147,8627839010901,1
2148,8628122010901,1
2149,8628235010901,15
2150,8628492010901,15
2151,8628712010901,15
2152,8628826010901,15
2153,8629026010901,15
2154,8629129010901,15
2155,8629253010901,15
2156,8629583010901,15
2157,8629785010901,15
2158,8629982010901,4
2159,8630086010901,4
2160,8630310010901,4
2161,8630424010901,4
2162,8630640010901,2
2163,8630754010901,4
2164,8631070010901,4
2165,8631262010901,4
2166,8631650010901,2
2167,8631873010901,2
2168,8632012010901,77
2169,8632170010901,77
2170,8632295010901,77
2171,8632713010901,2
2172,8632827010901,77
2173,8632925010901,77
2174,8633064010901,77
2175,8633261010901,77
2176,8633377010901,77
2177,8633475010901,77
2178,8633631010901,77
2179,8633856010901,77
2180,8634084010901,4
2181,8634178010901,4
2182,8634359010901,4
2183,8634562010901,4
2184,8634729010901,4
2185,8634943010901,4
2186,8635058010901,4
2187,8635221010901,4
2188,8635467010901,4
2189,8635734010901,4
2190,8635925010901,4
2191,8636114010901,4
2192,8636345010901,4
2193,8636584010901,77
2194,8636845010901,2
2195,8637011010901,77
2196,8637097010901,77
2197,8637349010901,77
2198,8637511010901,77
2199,8637698010901,77
2200,8637815010901,77
2201,8637978010901,77
2202,8638171010901,77
2203,8638262010901,77
2204,8638626010901,77
2205,8638793010901,77
2206,8639460010901,15
2207,8639642010901,15
2208,8639972010901,15
2209,8640526010901,15
2210,8640632010901,15
2211,8640902010901,15
2212,8640982010901,15
2213,8641090010901,15
2214,8641306010901,15
2215,8641564010901,15
2216,8641867010901,15
2217,8642058010901,15
2218,8642232010901,15
2219,8642354010901,1
2220,8642449010901,2
2221,8642760010901,2
2222,8643546010901,2
2223,8643642010901,77
2224,8644227010901,77
2225,8644549010901,2
2226,8644857010901,77
2227,8645269010901,77
2228,8645459010901,77
2229,8645944010901,9
2230,8646141010901,9
2231,8646439010901,9
2232,8646583010901,4
2233,8647117010901,4
2234,8647276010901,9
2235,8647455010901,9
2236,8647645010901,9
2237,8647911010901,4
2238,8648137010901,4
2239,8648570010901,4
2240,8648677010901,9
2241,8648778010901,4
2242,8649260010901,10
2243,8649647010901,77
2244,8649750010901,77
2245,8649944010901,77
2246,8650442010901,77
2247,8650592010901,77
2248,8650805010901,77
2249,8650980010901,77
2250,8651166010901,77
2251,8651353010901,77
2252,8651533010901,77
2253,8651715010901,77
2254,8652043010901,77
2255,8652360010901,77
2256,8652543010901,77
2257,8652732010901,77
2258,8652849010901,77
2259,8652932010901,77
2260,8653106010901,2
2261,8653229010901,77
2262,8653315010901,2
2263,8653675010901,1
2264,8654116010901,1
2265,8654442010901,1
2266,8654778010901,4
2267,8654998010901,3
2268,8655191010901,77
2269,193208966020004,4
2270,193208969020004,1
2271,193208973020004,4
2272,193208979020004,1
2273,193208980020004,77
2274,193208985020004,4
2275,193208986020004,1
2276,193208989020004,4
2277,193208998020004,1
2278,193209014020004,77
2279,193209017020004,1
2280,193209020020004,1
2281,193209046020004,4
2282,193209047020004,4
2283,193209048020004,4
2284,193209059020004,77
2285,193209078020004,4
2286,193209080020004,1
2287,193209081020004,1
2288,193209083020004,77
2289,193209086020004,4
2290,193209094020004,77
2291,193209098020004,4
2292,193209117020004,4
2293,193209118020004,15
2294,193209122020004,1
2295,193209123020004,1
2296,193209125020004,77
2297,193209129020004,4
2298,193209139020004,77
2299,193209140020004,77
2300,193209141020004,77
2301,193209154020004,1
2302,193209155020004,1
2303,193209156020004,77
2304,193209169020004,77
2305,193209171020004,11
2306,193209183020004,1
2307,193209188020004,11
2308,193209197020004,77
2309,193209198020004,11
2310,193209200020004,1
2311,193209201020004,77
2312,193209206020004,77
2313,193209207020004,77
2314,193209209020004,11
2315,193209210020004,2
2316,193209214020004,1
2317,193209222020004,77
2318,193209224020004,77
2319,193209225020004,4
2320,193209232020004,4
2321,193209247020004,1
2322,193209253020004,1
2323,193209265020004,2
2324,193209269020004,4
2325,22826450010497,11
2326,22826470010497,11
2327,22826974010497,15
2328,22827000010497,1
2329,22827140010497,77
2330,22827319010497,15
2331,22827321010497,77
2332,22827425010497,15
2333,22827426010497,77
2334,22827427010497,4
2335,22827432010497,4
2336,22827433010497,9
2337,22827435010497,4
2338,22827436010497,4
2339,22827439010497,77
2340,22827441010497,15
2341,22827443010497,15
2342,22827444010497,15
2343,22827447010497,15
2344,22827448010497,4
2345,22827449010497,77
2346,22827450010497,77
2347,22827452010497,77
2348,22827454010497,15
2349,22827459010497,77
2350,22827465010497,4
2351,22827466010497,77
2352,22827467010497,4
2353,22827468010497,77
2354,22827470010497,15
2355,22827476010497,4
2356,22827482010497,4
2357,22827483010497,15
2358,22827484010497,77
2359,22827491010497,77
2360,22827498010497,77
2361,22827502010497,15
2362,22827505010497,77
2363,22827507010497,15
2364,22827508010497,4
2365,22827513010497,9
2366,22827515010497,77
2367,22827518010497,15
2368,22827527010497,77
2369,22827529010497,9
2370,22827530010497,77
2371,22827532010497,77
2372,22827537010497,77
2373,22827545010497,15
2374,22827548010497,15
2375,22827553010497,77
2376,22827555010497,4
2377,22827557010497,77
2378,22827561010497,4
2379,22827562010497,15
2380,22827564010497,77
2381,22827570010497,77
2382,22827572010497,4
2383,22827574010497,77
2384,22827577010497,77
2385,22827579010497,11
2386,22827583010497,77
2387,22827586010497,15
2388,22827588010497,77
2389,22827589010497,77
2390,22827591010497,9
2391,22827593010497,77
2392,22827594010497,15
2393,22827595010497,9
2394,22827598010497,77
2395,22827599010497,77
2396,22827603010497,4
2397,22827604010497,15
2398,22827605010497,77
2399,22827606010497,4
2400,22827608010497,4
2401,22827609010497,77
2402,22827610010497,15
2403,22827611010497,77
2404,22827612010497,9
2405,22827615010497,77
2406,22827618010497,4
2407,22827619010497,15
2408,22827621010497,15
2409,22827622010497,4
2410,22827625010497,77
2411,22827630010497,15
2412,22827631010497,4
2413,22827632010497,77
2414,22827635010497,77
2415,22827640010497,77
2416,22827645010497,4
2417,22827653010497,4
2418,22827654010497,15
2419,22827655010497,4
2420,22827657010497,77
2421,22827659010497,15
2422,22827666010497,77
2423,22827669010497,77
2424,22827672010497,77
2425,22827675010497,77
2426,22827678010497,10
2427,22827685010497,15
2428,22827688010497,4
2429,22827689010497,77
2430,22827692010497,10
2431,22827693010497,77
2432,22827704010497,4
2433,22827706010497,77
2434,22827707010497,9
2435,22827714010497,77
2436,22827723010497,15
2437,22827727010497,15
2438,22827728010497,15
2439,22827731010497,77
2440,22827744010497,15
2441,22827746010497,15
2442,22827749010497,1
2443,22827750010497,15
2444,22827753010497,4
2445,22827754010497,77
2446,22827756010497,10
2447,22827757010497,77
2448,22827760010497,77
2449,22827763010497,4
2450,22827764010497,77
2451,22827766010497,15
2452,22827767010497,15
2453,22827768010497,1
2454,22827773010497,4
2455,22827776010497,15
2456,22827778010497,4
2457,22827779010497,77
2458,22828583010497,4
2459,22828584010497,77
2460,22828585010497,15
2461,22828586010497,4
2462,22828588010497,4
2463,22828592010497,15
2464,22828593010497,15
2465,22828657010497,15
2466,22828659010497,77
2467,22828661010497,15
2468,22828662010497,15
2469,22954334010497,4
2470,22954335010497,4
2471,22954336010497,9
2472,22954339010497,4
2473,22954341010497,4
2474,22954342010497,9
2475,22954344010497,9
2476,22954345010497,9
2477,22954347010497,9
2478,22954349010497,4
2479,22954351010497,9
2480,22954352010497,4
2481,22954353010497,4
2482,22954356010497,9
2483,22954358010497,4
2484,22954359010497,9
2485,22954360010497,4
2486,22954364010497,9
2487,22954367010497,4
2488,22954368010497,9
2489,22954370010497,11
2490,22954372010497,4
2491,22954373010497,4
2492,22954374010497,1
2493,22954375010497,4
2494,22954376010497,9
2495,22954377010497,11
2496,22954378010497,11
2497,22954381010497,4
2498,22954384010497,4
2499,22954385010497,4
2500,22954386010497,11
2501,22954387010497,1
2502,22954388010497,4
2503,22954389010497,4
2504,22954391010497,4
2505,22954392010497,1
2506,22954394010497,1
2507,22954395010497,4
2508,22954396010497,9
2509,22954397010497,77
2510,22954399010497,77
2511,22954400010497,11
2512,22954407010497,11
2513,22954409010497,9
2514,22954416010497,1
2515,22954417010497,4
2516,22954418010497,4
2517,22954420010497,4
2518,22954421010497,1
2519,22954423010497,15
2520,22954426010497,9
2521,22954428010497,4
2522,22954429010497,4
2523,22954430010497,1
2524,22954431010497,4
2525,22954433010497,9
2526,22954434010497,1
2527,22954436010497,4
2528,22954438010497,2
2529,22954439010497,4
2530,22954440010497,4
2531,22954441010497,4
2532,22954445010497,4
2533,22954446010497,4
2534,22954447010497,9
2535,22954449010497,2
2536,22954451010497,9
2537,22954454010497,4
2538,22954460010497,4
2539,22954462010497,1
2540,22954465010497,4
2541,22954468010497,2
2542,22954469010497,9
2543,22954471010497,2
2544,22954472010497,4
2545,22954473010497,9
2546,22954475010497,4
2547,22954476010497,1
2548,22954477010497,4
2549,22954480010497,2
2550,22954481010497,77
2551,22954483010497,2
2552,22954484010497,77
2553,22954485010497,77
2554,22954488010497,1
2555,22954490010497,2
2556,22954491010497,15
2557,22954493010497,77
2558,22954494010497,1
2559,22954496010497,9
2560,22954497010497,1
2561,22954502010497,2
2562,22954504010497,77
2563,22954511010497,1
2564,22954512010497,2
2565,22954513010497,1
2566,22954514010497,1
2567,22954522010497,2
2568,22954523010497,2
2569,22954524010497,4
2570,22954527010497,4
2571,22954528010497,4
2572,22954531010497,2
2573,22954533010497,4
2574,22954534010497,77
2575,22954535010497,1
2576,22954538010497,77
2577,22954539010497,9
2578,22954541010497,1
2579,22954542010497,2
2580,22954544010497,4
2581,22954545010497,9
2582,22954546010497,1
2583,22954547010497,2
2584,22954548010497,77
2585,22954549010497,10
2586,22954550010497,1
2587,22954551010497,1
2588,22954553010497,4
2589,22954554010497,77
2590,22954556010497,1
2591,22954557010497,77
2592,22954558010497,77
2593,22954562010497,77
2594,22954565010497,1
2595,22954566010497,1
2596,22954568010497,4
2597,22954570010497,77
2598,22954572010497,77
2599,22954573010497,77
2600,22954574010497,77
2601,22954576010497,1
2602,22954577010497,1
2603,22954580010497,77
2604,22954584010497,1
2605,22954586010497,77
2606,22954587010497,77
2607,22954588010497,15
2608,22954592010497,77
2609,22954593010497,15
2610,22954596010497,77
2611,22954598010497,77
2612,22954599010497,15
2613,22954603010497,2
2614,22954609010497,77
2615,22954610010497,77
2616,22954612010497,15
2617,22954613010497,15
2618,22954614010497,15
2619,22954615010497,77
2620,22954616010497,77
2621,22954619010497,1
2622,22954621010497,77
2623,22954627010497,77
2624,22954628010497,15
2625,22954631010497,1
2626,22954632010497,77
2627,22954633010497,77
2628,22954636010497,1
2629,22954638010497,2
2630,22954640010497,2
2631,22954641010497,77
2632,22954642010497,77
2633,22954644010497,1
2634,22954650010497,1
2635,22954651010497,1
2636,22954653010497,2
2637,22954654010497,77
2638,22954659010497,1
2639,22954660010497,2
2640,22954662010497,77
2641,22954666010497,1
2642,22954668010497,2
2643,22954670010497,77
2644,22954672010497,15
2645,22954673010497,1
2646,22954674010497,1
2647,22954675010497,2
2648,22954677010497,1
2649,22954678010497,77
2650,22954679010497,77
2651,22954681010497,15
2652,22954682010497,77
2653,22954684010497,77
2654,22954685010497,10
2655,22954687010497,15
2656,22954689010497,77
2657,22954690010497,15
2658,22954691010497,15
2659,22954693010497,15
2660,22954694010497,2
2661,22954695010497,77
2662,22954696010497,77
2663,22954702010497,77
2664,22954704010497,77
2665,22954705010497,15
2666,22954706010497,15
2667,22954708010497,77
2668,22954711010497,15
2669,22954712010497,15
2670,22954714010497,2
2671,22954715010497,15
2672,22954716010497,15
2673,22954717010497,15
2674,22954719010497,77
2675,22954720010497,77
2676,22954721010497,15
2677,22954722010497,15
2678,22954727010497,77
2679,22954754010497,15
2680,22954755010497,15
2681,22954756010497,77
2682,22954757010497,77
2683,22954759010497,15
2684,22954760010497,2
2685,22954762010497,15
2686,22954763010497,15
2687,22954765010497,2
2688,22954766010497,2
2689,22954767010497,77
2690,22954768010497,77
2691,22954771010497,15
2692,22954772010497,2
2693,22954773010497,77
2694,22954774010497,77
2695,22954776010497,15
2696,22954777010497,77
2697,22954778010497,77
2698,22954779010497,77
2699,22954780010497,15
2700,22954781010497,15
2701,22954782010497,77
2702,22954784010497,15
2703,22954786010497,15
2704,22954787010497,15
2705,22954788010497,15
2706,22954790010497,77
2707,22954791010497,15
2708,22954792010497,15
2709,22954794010497,15
2710,22954795010497,77
2711,22954800010497,77
2712,22954801010497,77
2713,22954802010497,77
2714,22954804010497,15
2715,22954805010497,15
2716,22954808010497,77
2717,22954809010497,77
2718,22954813010497,15
2719,22954817010497,15
2720,29394732010497,77
2721,29394733010497,77
2722,29394734010497,77
2723,29394738010497,77
2724,29394740010497,15
2725,29394748010497,4
2726,22930902010497,9
2727,22930907010497,9
2728,22930911010497,9
2729,22930914010497,4
2730,22930916010497,4
2731,22930920010497,4
2732,22930933010497,1
2733,22930936010497,9
2734,22930941010497,11
2735,22930942010497,11
2736,22930944010497,4
2737,22930949010497,4
2738,22930950010497,4
2739,22930951010497,4
2740,22930956010497,11
2741,22930959010497,4
2742,22930964010497,11
2743,22930965010497,1
2744,22930968010497,9
2745,22930972010497,11
2746,22930974010497,4
2747,22930985010497,4
2748,22930992010497,1
2749,22930995010497,4
2750,22931007010497,10
2751,22931008010497,1
2752,22931010010497,9
2753,22931019010497,4
2754,22931027010497,1
2755,22931036010497,4
2756,22931043010497,4
2757,22931053010497,4
2758,22931054010497,9
2759,22931060010497,4
2760,22931066010497,1
2761,22931068010497,4
2762,22931069010497,4
2763,22931076010497,1
2764,22931080010497,4
2765,22931081010497,9
2766,22931088010497,9
2767,22931094010497,4
2768,22931095010497,4
2769,22931113010497,4
2770,22931119010497,10
2771,22931123010497,15
2772,22931124010497,2
2773,22931126010497,77
2774,22931129010497,15
2775,22931130010497,15
2776,22931133010497,77
2777,22931134010497,77
2778,22931135010497,15
2779,22931136010497,15
2780,22931138010497,77
2781,22931141010497,77
2782,22931145010497,2
2783,22931151010497,15
2784,22931152010497,2
2785,22931154010497,77
2786,22931156010497,15
2787,22931157010497,15
2788,22931159010497,2
2789,22931162010497,77
2790,22931167010497,77
2791,22931170010497,15
2792,22931266010497,77
2793,22931268010497,77
2794,22931270010497,15
2795,22931272010497,77
2796,22931273010497,77
2797,22931274010497,77
2798,22931275010497,10
2799,22931277010497,15
2800,22931278010497,15
2801,22931279010497,2
2802,22931281010497,77
2803,22931283010497,15
2804,22931284010497,15
2805,22931285010497,15
2806,22931288010497,15
2807,22931290010497,15
2808,22931292010497,77
2809,22931293010497,77
2810,22931296010497,15
2811,22931297010497,77
2812,22931298010497,77
2813,22932883010497,4
2814,22932887010497,3
2815,22932888010497,4
2816,22932889010497,4
2817,22932895010497,9
2818,22932897010497,3
2819,22932898010497,9
2820,22932900010497,10
2821,22932905010497,4
2822,22932906010497,4
2823,22932907010497,9
2824,22932909010497,4
2825,22932912010497,9
2826,22932914010497,1
2827,22932917010497,9
2828,22932918010497,9
2829,22932923010497,1
2830,22932924010497,2
2831,22932926010497,9
2832,22932935010497,9
2833,22932941010497,1
2834,22932942010497,2
2835,22932949010497,1
2836,22932950010497,1
2837,22932951010497,4
2838,22932959010497,4
2839,22932960010497,4
2840,22932968010497,2
2841,22932969010497,77
2842,22932970010497,77
2843,22932974010497,1
2844,22932987010497,4
2845,22932988010497,4
2846,22932994010497,2
2847,22932996010497,4
2848,22932997010497,77
2849,22933002010497,2
2850,22933003010497,4
2851,22933004010497,77
2852,22933010010497,1
2853,22933012010497,77
2854,22933013010497,9
2855,22933017010497,1
2856,22933018010497,1
2857,22933019010497,77
2858,22933024010497,1
2859,22933025010497,1
2860,22933033010497,1
2861,22933034010497,2
2862,22933035010497,4
2863,22933036010497,77
2864,22933041010497,1
2865,22933042010497,2
2866,22933043010497,77
2867,22933049010497,10
2868,22933050010497,1
2869,22933051010497,2
2870,22933052010497,2
2871,22933061010497,1
2872,22933063010497,2
2873,22933064010497,77
2874,22933073010497,77
2875,22933074010497,77
2876,22933079010497,1
2877,22933089010497,4
2878,22933091010497,77
2879,22933096010497,1
2880,22933097010497,1
2881,22933105010497,1
2882,22933109010497,77
2883,22933110010497,77
2884,22933115010497,2
2885,22933117010497,77
2886,22933122010497,2
2887,22933123010497,77
2888,22933124010497,77
2889,22933129010497,1
2890,22933130010497,1
2891,22933131010497,77
2892,22933132010497,77
2893,22933138010497,1
2894,22933139010497,2
2895,22933141010497,77
2896,22933154010497,2
2897,22933155010497,2
2898,22933160010497,10
2899,22933162010497,2
2900,22933163010497,2
2901,22933165010497,77
2902,22933174010497,2
2903,22933177010497,77
2904,22933178010497,77
2905,22933185010497,1
2906,22933187010497,77
2907,22933188010497,77
2908,22933191010497,1
2909,22933192010497,1
2910,22933196010497,15
2911,22933197010497,15
2912,22933200010497,77
2913,22933201010497,77
2914,22933207010497,15
2915,22933210010497,2
2916,22933211010497,2
2917,22933213010497,77
2918,22933218010497,1
2919,22933219010497,2
2920,22933221010497,77
2921,22933223010497,15
2922,22933226010497,77
2923,22933230010497,15
2924,22933234010497,77
2925,22933236010497,15
2926,22933238010497,1
2927,22933251010497,15
2928,22933253010497,1
2929,22933255010497,77
2930,22933256010497,77
2931,22933257010497,15
2932,22933258010497,15
2933,22933261010497,77
2934,22933265010497,77
2935,22933266010497,77
2936,22933273010497,77
2937,22933279010497,15
2938,22933284010497,77
2939,22933285010497,15
2940,22933292010497,15
2941,22933293010497,15
2942,22933294010497,15
2943,22933299010497,77
2944,22933303010497,77
2945,22933304010497,15
2946,22933306010497,15
2947,22933307010497,15
2948,22933310010497,15
2949,29394868010497,4
2950,29394869010497,4
2951,29394870010497,4
2952,29394871010497,1
2953,29394872010497,4
2954,29394873010497,1
2955,29394874010497,1
2956,29394875010497,4
2957,29394876010497,4
2958,29394877010497,4
2959,29394878010497,4
2960,29394879010497,9
2961,29394880010497,77
2962,29394996010497,4
2963,29394997010497,4
2964,29394998010497,4
2965,29394999010497,4
2966,29395003010497,77
2967,29395004010497,77
2968,29395005010497,77
2969,29395006010497,77
2970,29395007010497,1
2971,29395008010497,77
2972,29395009010497,77
2973,29395010010497,77
2974,29395012010497,77
2975,29395017010497,15
2976,29395018010497,77
2977,29395019010497,77
2978,29395021010497,15
2979,29395508010497,77
2980,29395510010497,77
2981,29395511010497,77
2982,29395512010497,77
2983,29395513010497,9
2984,29395515010497,4
2985,29395517010497,4
2986,29395519010497,15
2987,29395520010497,15
2988,29395521010497,4
2989,29395522010497,77
2990,29395523010497,15
2991,29395524010497,4
2992,29395527010497,1
2993,29395529010497,11
2994,29395530010497,77
2995,29395531010497,77
2996,29395532010497,9
2997,29395534010497,77
2998,29395535010497,77
2999,29395536010497,77
3000,29395539010497,15
3001,29395541010497,77
3002,29395542010497,77
3003,29395544010497,77
3004,29395547010497,77
3005,29395548010497,77
3006,29395549010497,15
3007,29395550010497,4
3008,29395551010497,77
3009,29395552010497,77
3010,29395553010497,77
3011,29395554010497,77
3012,29395555010497,1
3013,29395557010497,4
3014,29395558010497,1
3015,29395559010497,4
3016,29395560010497,77
3017,29395561010497,15
3018,29395562010497,11
3019,29395564010497,4
3020,29395565010497,15
3021,29395566010497,15
3022,29395567010497,77
3023,29395569010497,77
3024,29395570010497,15
3025,29395571010497,4
3026,29395572010497,4
3027,29395573010497,15
3028,29395574010497,77
3029,29395576010497,1
3030,29395577010497,9
3031,29395578010497,4
3032,29395579010497,77
3033,29395580010497,15
3034,29395581010497,15
3035,29395582010497,15
3036,29395583010497,15
3037,29395585010497,77
3038,29395586010497,77
3039,29395587010497,77
3040,29395588010497,1
3041,29395589010497,77
3042,29395591010497,15
3043,29395593010497,4
3044,29395596010497,15
3045,29395598010497,15
3046,29395600010497,77
3047,29395601010497,77
3048,29395602010497,4
3049,29395603010497,15
3050,29395605010497,4
3051,29395607010497,15
3052,29395608010497,77
3053,29395609010497,77
3054,29395610010497,4
3055,29395611010497,9
3056,29395612010497,1
3057,29395613010497,1
3058,29395614010497,4
3059,29395615010497,1
3060,29395616010497,77
3061,29395617010497,77
3062,29395618010497,2
3063,29395620010497,4
3064,29395623010497,15
3065,29395624010497,4
3066,29395625010497,1
3067,29395626010497,77
3068,29395627010497,4
3069,29395628010497,77
3070,29395629010497,77
3071,29395630010497,1
3072,29395631010497,11
3073,29395632010497,77
3074,29395633010497,77
3075,29395634010497,9
3076,29395635010497,77
3077,29395636010497,9
3078,29395637010497,4
3079,29395638010497,77
3080,29395639010497,77
3081,29395640010497,15
3082,29395644010497,4
3083,29395645010497,77
3084,29395648010497,9
3085,29395649010497,9
3086,29395650010497,4
3087,29395651010497,4
3088,29395652010497,4
3089,29395653010497,15
3090,29395655010497,11
3091,29395656010497,77
3092,29395657010497,4
3093,29395659010497,9
3094,29395660010497,1
3095,29395661010497,77
3096,29395662010497,4
3097,29395663010497,77
3098,29395664010497,15
3099,29395665010497,4
3100,29395666010497,4
3101,29395667010497,9
3102,29395668010497,4
3103,29395670010497,77
3104,29395671010497,1
3105,29395672010497,77
3106,29395673010497,77
3107,29395674010497,15
3108,29395675010497,4
3109,29395676010497,77
3110,29395677010497,4
3111,29395678010497,77
3112,29395680010497,77
3113,29395682010497,9
3114,29395683010497,9
3115,29395684010497,15
3116,29395685010497,77
3117,29395686010497,15
3118,29395687010497,4
3119,29395688010497,77
3120,29395689010497,77
3121,29395690010497,77
3122,29395691010497,4
3123,29395692010497,15
3124,29395693010497,15
3125,29395694010497,77
3126,29395695010497,11
3127,29395696010497,1
3128,29395697010497,15
3129,29395698010497,77
3130,29395699010497,1
3131,29395700010497,77
3132,29395701010497,4
3133,29395702010497,4
3134,29395703010497,77
3135,29395704010497,77
3136,29395705010497,77
3137,29395708010497,1
3138,29395709010497,15
3139,29395710010497,77
3140,29395711010497,1
3141,29395713010497,77
3142,29395714010497,4
3143,29395716010497,9
3144,29395718010497,15
3145,29395720010497,10
3146,29395725010497,77
3147,29395726010497,77
3148,29395727010497,77
3149,29395730010497,11
3150,29395731010497,15
3151,29395733010497,15
3152,29395734010497,1
3153,29395735010497,9
3154,29395736010497,77
3155,29395737010497,15
3156,29395738010497,15
3157,29395740010497,4
3158,29395741010497,77
3159,29395742010497,11
3160,29395744010497,11
3161,29395747010497,15
3162,29395748010497,4
3163,29395749010497,77
3164,29881462010497,77
3165,29881467010497,1
3166,29881468010497,1
3167,29881470010497,77
3168,29881471010497,77
3169,29881473010497,15
3170,29881474010497,15
3171,29881478010497,77
3172,29881546010497,15
3173,29881549010497,77
3174,29881550010497,77
3175,29881552010497,15
3176,29881553010497,15
3177,29881556010497,77
3178,29881560010497,77
3179,29881562010497,77
3180,29881564010497,15
3181,29881626010497,15
3182,29881629010497,15
3183,29881630010497,77
3184,29881632010497,77
3185,29881633010497,77
3186,29881640010497,15
3187,29881641010497,15
3188,29881645010497,15
3189,29881646010497,15
3190,29881647010497,15
3191,29881708010497,15
3192,29881709010497,15
3193,29881710010497,15
3194,29881725010497,15
3195,29881793010497,77
3196,29881794010497,77
3197,29881795010497,77
3198,29881796010497,77
3199,29881797010497,77
3200,29881799010497,15
3201,29881801010497,15
3202,29881803010497,77
3203,29881804010497,77
3204,29881805010497,77
3205,29881844010497,4
3206,29881874010497,15
3207,29881875010497,15
3208,29881876010497,15
3209,29881878010497,2
3210,29881881010497,10
3211,29881882010497,15
3212,29881883010497,15
3213,29881885010497,15
3214,29881886010497,77
3215,29881887010497,77
3216,29881888010497,77
3217,29881889010497,77
3218,29881891010497,15
3219,29881959010497,77
3220,29881963010497,15
3221,29881965010497,15
3222,29881966010497,77
3223,29881967010497,15
3224,29881968010497,77
3225,29881970010497,77
3226,29881973010497,77
3227,29881974010497,4
3228,29881975010497,15
3229,29881977010497,4
3230,29881979010497,77
3231,29881980010497,4
3232,29882042010497,9
3233,29882043010497,4
3234,29882044010497,77
3235,29882045010497,4
3236,29882046010497,77
3237,29882047010497,77
3238,29882048010497,4
3239,29882049010497,15
3240,29882525010497,4
3241,29882526010497,4
3242,29882527010497,9
3243,29882530010497,9
3244,29882533010497,4
3245,29882535010497,10
3246,29882537010497,4
3247,29882538010497,4
3248,29882541010497,9
3249,29882542010497,9
3250,29882606010497,9
3251,29882607010497,9
3252,29882609010497,4
3253,29882610010497,9
3254,29882611010497,9
3255,29882614010497,4
3256,29882615010497,4
3257,29882616010497,9
3258,29882618010497,9
3259,29882619010497,10
3260,29882621010497,4
3261,29882622010497,4
3262,29882626010497,4
3263,29882703010497,4
3264,29882706010497,77
3265,29882715010497,1
3266,29882716010497,1
3267,29882717010497,4
3268,29882718010497,4
3269,29882725010497,4
3270,29882726010497,4
3271,29882727010497,9
3272,29882745010497,77
3273,29882746010497,4
3274,29882747010497,77
3275,29882748010497,9
3276,29882749010497,77
3277,29882751010497,9
3278,29882754010497,77
3279,29882757010497,9
3280,29882765010497,2
3281,29882767010497,9
3282,29882777010497,9
3283,29882779010497,15
3284,29882780010497,4
3285,29882781010497,4
3286,29882782010497,15
3287,29882783010497,1
3288,29882785010497,77
3289,29882786010497,77
3290,29882787010497,15
3291,29882788010497,4
3292,29882792010497,77
3293,29882793010497,77
3294,29882794010497,4
3295,29882795010497,4
3296,29882796010497,77
3297,29882797010497,11
3298,29882806010497,4
3299,29882807010497,4
3300,29882816010497,77
3301,29882817010497,77
3302,29882820010497,9
3303,29882823010497,15
3304,29882824010497,1
3305,29882825010497,4
3306,29882826010497,2
3307,29882827010497,77
3308,29882830010497,77
3309,29882831010497,9
3310,29882832010497,4
3311,29882835010497,77
3312,29882836010497,77
3313,29882837010497,4
3314,29882838010497,9
3315,29882839010497,15
3316,29882840010497,77
3317,29882841010497,77
3318,29882865010497,77
3319,29882871010497,1
3320,29882873010497,2
3321,29882879010497,1
3322,29882880010497,1
3323,29882882010497,4
3324,29882883010497,15
3325,29882885010497,77
3326,29882886010497,9
3327,29882887010497,77
3328,29882889010497,4
3329,29882890010497,15
3330,29882891010497,77
3331,29882892010497,4
3332,29882894010497,4
3333,29882895010497,1
3334,29882899010497,77
3335,29882900010497,4
3336,29882901010497,77
3337,29882902010497,15
3338,29882903010497,9
3339,29882923010497,77
3340,29882930010497,77
3341,29882931010497,77
3342,29882937010497,1
3343,29882938010497,2
3344,29882940010497,77
3345,29882941010497,77
3346,29882945010497,77
3347,29882946010497,77
3348,29882947010497,15
3349,29882948010497,9
3350,29882949010497,2
3351,29882950010497,9
3352,29882951010497,77
3353,29882952010497,4
3354,29882953010497,77
3355,29882954010497,15
3356,29882955010497,77
3357,29882956010497,4
3358,29882957010497,10
3359,29882959010497,15
3360,29882960010497,77
3361,29882961010497,77
3362,29882962010497,77
3363,29882963010497,15
3364,29882964010497,77
3365,29882987010497,2
3366,29882988010497,77
3367,29882992010497,1
3368,29882993010497,1
3369,29882995010497,2
3370,29882996010497,77
3371,29883001010497,1
3372,29883002010497,4
3373,29883003010497,77
3374,29883006010497,77
3375,29883007010497,77
3376,29883008010497,1
3377,29883010010497,15
3378,29883011010497,15
3379,29883012010497,1
3380,29883013010497,4
3381,29883016010497,15
3382,29883019010497,15
3383,29883020010497,9
3384,29883021010497,4
3385,29883023010497,77
3386,29883024010497,4
3387,29883025010497,77
3388,29883027010497,1
3389,29883045010497,11
3390,29883050010497,2
3391,29883051010497,77
3392,29883052010497,77
3393,29883062010497,77
3394,29883063010497,77
3395,29883066010497,10
3396,29883068010497,1
3397,29883069010497,15
3398,29883070010497,9
3399,29883071010497,15
3400,29883072010497,77
3401,29883073010497,77
3402,29883074010497,1
3403,29883076010497,77
3404,29883078010497,77
3405,29883080010497,15
3406,29883081010497,4
3407,29883083010497,11
3408,29883084010497,15
3409,29883086010497,77
3410,29883087010497,15
3411,29883088010497,1
3412,29883089010497,4
3413,29883090010497,4
3414,29883091010497,9
3415,29883094010497,11
3416,29883095010497,11
3417,29883096010497,11
3418,29883098010497,4
3419,29883099010497,4
3420,29883102010497,9
3421,29883107010497,11
3422,29883112010497,1
3423,29883121010497,1
3424,29883122010497,1
3425,29883130010497,1
3426,29883135010497,4
3427,29883136010497,9
3428,29883137010497,4
3429,29883139010497,77
3430,29883141010497,77
3431,29883142010497,77
3432,29883143010497,1
3433,29883144010497,1
3434,29883147010497,77
3435,29883148010497,77
3436,29883149010497,77
3437,29883150010497,15
3438,29883151010497,77
3439,29883152010497,4
3440,29883153010497,77
3441,29883155010497,4
3442,29883162010497,4
3443,29883169010497,1
3444,29883170010497,1
3445,29883171010497,4
3446,29883172010497,4
3447,29883173010497,9
3448,29883182010497,1
3449,29883184010497,77
3450,29883185010497,77
3451,29883190010497,15
3452,29883191010497,1
3453,29883195010497,77
3454,29883200010497,11
3455,29883201010497,4
3456,29883202010497,1
3457,29883203010497,4
3458,29883204010497,77
3459,29883206010497,77
3460,29883207010497,4
3461,29883208010497,11
3462,29883209010497,15
3463,29883210010497,4
3464,29883211010497,77
3465,29883212010497,77
3466,29883214010497,77
3467,29883215010497,4
3468,29883216010497,4
3469,29883217010497,10
3470,29883218010497,4
3471,29883219010497,77
3472,29883220010497,77
3473,29883223010497,2
3474,29883224010497,4
3475,29883229010497,10
3476,29883231010497,4
3477,29883233010497,9
3478,29883240010497,4
3479,29883241010497,4
3480,29883247010497,77
3481,29883253010497,2
3482,29883254010497,77
3483,29883255010497,77
3484,29883263010497,77
3485,29883265010497,15
3486,29883266010497,77
3487,29883268010497,15
3488,29883271010497,77
3489,29883272010497,77
3490,29883273010497,4
3491,29883274010497,4
3492,29883275010497,77
3493,29883276010497,15
3494,29883277010497,15
3495,29883278010497,77
3496,29883279010497,4
3497,29883280010497,15
3498,29883281010497,77
3499,29883282010497,1
3500,29883284010497,4
3501,29883286010497,77
3502,29883290010497,1
3503,29883292010497,4
3504,29883299010497,1
3505,29883300010497,4
3506,29883301010497,9
3507,29883308010497,4
3508,29883313010497,77
3509,29883315010497,77
3510,29883316010497,77
3511,29883325010497,77
3512,29883329010497,1
3513,29883330010497,1
3514,29883331010497,77
3515,29883332010497,77
3516,29883333010497,9
3517,29883334010497,15
3518,29883335010497,4
3519,29883336010497,4
3520,29883337010497,77
3521,29883339010497,1
3522,29883340010497,77
3523,29883352010497,4
3524,29883362010497,1
3525,29883363010497,4
3526,29883366010497,2
3527,29883367010497,77
3528,29883371010497,1
3529,29883372010497,2
3530,29883377010497,15
3531,29883379010497,15
3532,29883381010497,77
3533,29883382010497,2
3534,29883383010497,77
3535,29883385010497,77
3536,29883390010497,1
3537,29883393010497,4
3538,29883400010497,1
3539,29883402010497,4
3540,29883403010497,4
3541,29883404010497,9
3542,29883411010497,15
3543,29883413010497,2
3544,29883415010497,0
3545,29883416010497,77
3546,29883418010497,77
3547,29883423010497,15
3548,29883425010497,1
3549,29883427010497,2
3550,29883428010497,77
3551,29883429010497,77
3552,29883432010497,1
3553,29883434010497,9
3554,29883435010497,10
3555,29883448010497,1
3556,29883451010497,4
3557,29883452010497,4
3558,29883453010497,4
3559,29883454010497,1
3560,29883456010497,1
3561,29883458010497,77
3562,29883469010497,77
3563,29883473010497,15
3564,29883480010497,1
3565,29883481010497,1
3566,29883499010497,15
3567,29883500010497,15
3568,29883501010497,15
3569,29883503010497,77
3570,29883505010497,77
3571,29883510010497,77
3572,29883512010497,15
3573,29883514010497,15
3574,29883518010497,15
3575,29883522010497,2
3576,29883523010497,9
3577,29883539010497,4
3578,29883542010497,15
3579,29883547010497,15
3580,29883549010497,77
3581,29883551010497,77
3582,29883552010497,77
3583,29883554010497,77
3584,29883555010497,15
3585,40220079010497,4
3586,40220080010497,4
3587,40220087010497,4
3588,40220093010497,9
3589,40220094010497,9
3590,40220096010497,4
3591,40220100010497,4
3592,40220104010497,4
3593,40220105010497,9
3594,40220107010497,9
3595,40220114010497,9
3596,40220118010497,4
3597,40220123010497,9
3598,40220127010497,4
3599,40220128010497,4
3600,40220129010497,9
3601,40220138010497,11
3602,40220139010497,2
3603,40220140010497,4
3604,40220141010497,9
3605,40220147010497,11
3606,40220150010497,4
3607,40220151010497,9
3608,40220157010497,4
3609,40220163010497,11
3610,40220165010497,1
3611,40220167010497,9
3612,40220171010497,11
3613,40220173010497,2
3614,40220175010497,4
3615,40220176010497,9
3616,40220177010497,9
3617,40220182010497,11
3618,40220184010497,2
3619,40220192010497,4
3620,40220193010497,4
3621,40220199010497,1
3622,40220201010497,4
3623,40220202010497,4
3624,40220203010497,4
3625,40220211010497,4
3626,40220212010497,9
3627,40220220010497,9
3628,40220227010497,4
3629,40220237010497,4
3630,40220242010497,1
3631,40220244010497,4
3632,40220245010497,4
3633,40220252010497,4
3634,40220253010497,4
3635,40220254010497,9
3636,40220260010497,4
3637,40220261010497,9
3638,40220269010497,4
3639,40220270010497,10
3640,40220276010497,4
3641,40220284010497,1
3642,40220285010497,4
3643,40220286010497,4
3644,40220295010497,2
3645,40220297010497,9
3646,40220298010497,9
3647,40220302010497,2
3648,40220319010497,1
3649,40220320010497,4
3650,40220327010497,1
3651,40220329010497,4
3652,40220330010497,9
3653,40220336010497,1
3654,40220348010497,9
3655,40220352010497,1
3656,40220354010497,4
3657,40220359010497,1
3658,40220362010497,4
3659,40220363010497,4
3660,40220369010497,2
3661,40220372010497,4
3662,40220375010497,1
3663,40220376010497,2
3664,40220379010497,9
3665,40220389010497,9
3666,40220390010497,9
3667,40220394010497,1
3668,40220396010497,2
3669,40220397010497,4
3670,40220398010497,9
3671,40220404010497,2
3672,40220406010497,4
3673,40220407010497,4
3674,40220414010497,77
3675,40220415010497,77
3676,40220416010497,77
3677,40220417010497,77
3678,40220421010497,2
3679,40220430010497,1
3680,40220431010497,4
3681,40220432010497,77
3682,40220437010497,1
3683,40220438010497,1
3684,40220446010497,1
3685,40220447010497,2
3686,40220448010497,4
3687,40220449010497,77
3688,40220450010497,77
3689,40220459010497,77
3690,40220464010497,1
3691,40220467010497,77
3692,40220472010497,1
3693,40220475010497,77
3694,40220481010497,1
3695,40220482010497,1
3696,40220484010497,77
3697,40220492010497,2
3698,40220493010497,77
3699,40220497010497,0
3700,40220498010497,77
3701,40220500010497,77
3702,40220502010497,77
3703,40220508010497,1
3704,40220510010497,77
3705,40220511010497,77
3706,40220514010497,15
3707,40220516010497,1
3708,40220518010497,2
3709,40220529010497,77
3710,40220530010497,77
3711,40220536010497,1
3712,40220538010497,77
3713,40220544010497,1
3714,40220546010497,77
3715,40220551010497,1
3716,40220559010497,15
3717,40220560010497,1
3718,40220564010497,77
3719,40220570010497,77
3720,40220571010497,2
3721,40220572010497,77
3722,40220577010497,1
3723,40220578010497,77
3724,40220579010497,1
3725,40220580010497,77
3726,40220586010497,1
3727,40220587010497,2
3728,40220588010497,2
3729,40220595010497,1
3730,40220600010497,15
3731,40220601010497,15
3732,40220602010497,1
3733,40220603010497,1
3734,40220604010497,77
3735,40220605010497,77
3736,40220606010497,77
3737,40220608010497,15
3738,40220610010497,15
3739,40220611010497,1
3740,40220613010497,77
3741,40220615010497,77
3742,40220619010497,1
3743,40220626010497,15
3744,40220627010497,15
3745,40220629010497,1
3746,40220630010497,2
3747,40220631010497,77
3748,40220634010497,15
3749,40220635010497,15
3750,40220639010497,77
3751,40220641010497,77
3752,40220642010497,15
3753,40220643010497,15
3754,40220645010497,77
3755,40220646010497,77
3756,40220649010497,15
3757,40220650010497,15
3758,40220653010497,77
3759,40220657010497,15
3760,40220661010497,15
3761,40220665010497,77
3762,40220668010497,15
3763,40220671010497,77
3764,40220674010497,15
3765,40220675010497,15
3766,40220676010497,77
3767,40220677010497,77
3768,40220683010497,77
3769,40220690010497,77
3770,40220692010497,15
3771,40220693010497,15
3772,40220696010497,77
3773,40220698010497,77
3774,40220700010497,15
3775,40220701010497,15
3776,40220703010497,2
3777,40220704010497,77
3778,40220705010497,77
3779,40220707010497,77
3780,40220708010497,77
3781,40220710010497,15
3782,40220711010497,77
3783,40220712010497,77
3784,40220714010497,15
3785,40220716010497,2
3786,40220720010497,15
3787,40220721010497,15
3788,40220724010497,77
3789,40220725010497,77
3790,40220727010497,77
3791,40220729010497,15
3792,40220730010497,15
3793,40220732010497,15
3794,40220733010497,77
3795,40220734010497,77
3796,40220735010497,77
3797,40220736010497,15
3798,40220744010497,77
3799,40220745010497,77
3800,40220746010497,77
3801,40220747010497,10
3802,40220748010497,15
3803,40220749010497,2
3804,40220750010497,77
3805,40220751010497,77
3806,40220753010497,15
3807,40220754010497,15
3808,40220755010497,15
3809,40220756010497,77
3810,40220757010497,77
3811,40220758010497,77
3812,40220759010497,15
3813,40220761010497,15
3814,40220763010497,77
3815,40220764010497,77
3816,40220765010497,77
3817,40220768010497,77
3818,40220776010497,77
3819,40220778010497,77
3820,40220780010497,15
3821,40220788010497,15
3822,40220791010497,77
3823,40220794010497,15
3824,40220796010497,77
3825,40220801010497,15
3826,40220802010497,15
3827,40220803010497,15
3828,40220804010497,4
3829,40220805010497,4
3830,40220807010497,77
3831,40220808010497,4
3832,40220809010497,4
3833,40220810010497,4
3834,40220811010497,77
3835,40220812010497,77
3836,40220813010497,1
3837,40220814010497,4
3838,40220815010497,4
3839,40220816010497,1
3840,40220817010497,1
3841,40220818010497,4
3842,40220819010497,4
3843,40220820010497,4
3844,40220821010497,77
3845,40220822010497,1
3846,40220823010497,4
3847,40220824010497,77
3848,40220825010497,4
3849,40220826010497,77
3850,40220827010497,11
3851,40220828010497,77
3852,40220829010497,4
3853,40220830010497,4
3854,40220831010497,1
3855,40220832010497,4
3856,40220833010497,4
3857,40220834010497,1
3858,40220835010497,4
3859,40220837010497,77
3860,40220838010497,4
3861,40220839010497,2
3862,40220840010497,1
3863,40220841010497,1
3864,40220844010497,11
3865,40220845010497,11
3866,40220846010497,4
3867,40220847010497,77
3868,40220848010497,77
3869,40220849010497,77
3870,40220850010497,4
3871,40220851010497,77
3872,40220852010497,1
3873,40220853010497,77
3874,40220854010497,77
3875,40220855010497,77
3876,40220856010497,4
3877,40220857010497,4
3878,40220858010497,4
3879,40220859010497,77
3880,40220860010497,4
3881,40220861010497,4
3882,40220862010497,1
3883,40220863010497,1
3884,40220864010497,77
3885,40220865010497,4
3886,40220866010497,4
3887,40220867010497,77
3888,40220868010497,1
3889,40220869010497,4
3890,40220870010497,77
3891,40220871010497,11
3892,40220872010497,4
3893,40220873010497,1
3894,40220874010497,4
3895,40220876010497,11
3896,40220877010497,77
3897,40220879010497,4
3898,40220880010497,77
3899,40220881010497,4
3900,40220882010497,4
3901,40220883010497,4
3902,40220884010497,4
3903,40220885010497,1
3904,40220886010497,77
3905,40220887010497,77
3906,40220889010497,4
3907,40220890010497,77
3908,40220891010497,4
3909,40220892010497,1
3910,40220893010497,77
3911,40220894010497,4
3912,40220895010497,77
3913,40220896010497,4
3914,40220897010497,77
3915,40220898010497,77
3916,40220900010497,77
3917,40220901010497,4
3918,40220902010497,4
3919,40220903010497,77
3920,40220904010497,4
3921,40403369010497,77
3922,40403370010497,15
3923,40403371010497,77
3924,40403374010497,9
3925,40403376010497,15
3926,40403377010497,15
3927,40403379010497,77
3928,40403383010497,9
3929,40403384010497,10
3930,40403392010497,15
3931,40403394010497,77
3932,40403396010497,15
3933,40403399010497,15
3934,40403407010497,15
3935,40403409010497,77
3936,40403415010497,9
3937,40403419010497,15
3938,40403422010497,9
3939,40403425010497,15
3940,40403428010497,77
3941,40403429010497,77
3942,40403430010497,77
3943,40403432010497,77
3944,40403433010497,9
3945,40403434010497,77
3946,40403435010497,15
3947,40403438010497,15
3948,40403439010497,15
3949,40403441010497,15
3950,40403445010497,77
3951,40403446010497,15
3952,40403449010497,77
3953,40403460010497,15
3954,40403463010497,15
3955,40403468010497,77
3956,40403470010497,77
3957,40403471010497,77
3958,40403473010497,77
3959,40403474010497,77
3960,40403476010497,15
3961,40403477010497,15
3962,40403480010497,15
3963,40403481010497,77
3964,40403483010497,77
3965,40403484010497,77
3966,40403488010497,15
3967,40403489010497,77
3968,40403491010497,15
3969,40403494010497,4
3970,40403495010497,77
3971,40403499010497,77
3972,40403500010497,15
3973,40403501010497,77
3974,40403502010497,77
3975,40403503010497,77
3976,40403511010497,77
3977,40403512010497,15
3978,40403513010497,15
3979,40403521010497,77
3980,40403523010497,9
3981,40403524010497,4
3982,40403526010497,4
3983,40403531010497,77
3984,40403532010497,77
3985,40403533010497,15
3986,40403535010497,15
3987,40403536010497,77
3988,40403538010497,15
3989,40403541010497,15
3990,40403544010497,77
3991,40403545010497,77
3992,40403548010497,77
3993,40403550010497,15
3994,40403552010497,77
3995,40403553010497,15
3996,40403554010497,15
3997,40403556010497,77
3998,40403557010497,15
3999,40403558010497,77
4000,40403559010497,77
4001,40403560010497,77
4002,40403562010497,15
4003,40403564010497,15
4004,40403566010497,77
4005,40403568010497,77
4006,40403569010497,15
4007,40403571010497,77
4008,40403573010497,77
4009,40403574010497,77
4010,40403577010497,4
4011,40403580010497,15
4012,40403581010497,4
4013,40403585010497,77
4014,40403589010497,77
4015,40403592010497,15
4016,40403594010497,77
4017,40403595010497,77
4018,40403599010497,15
4019,40403600010497,77
4020,40403601010497,4
4021,40403603010497,77
4022,40996220010497,4
4023,48202478010497,9
4024,48202479010497,9
4025,48202480010497,9
4026,48202505010497,15
4027,48202540010497,15
4028,48202542010497,11
4029,48202582010497,77
4030,48202586010497,77
4031,48202595010497,77
4032,48202603010497,77
4033,48202625010497,77
4034,48202639010497,77
4035,48202640010497,4
4036,48202644010497,9
4037,48202645010497,77
4038,48202648010497,4
4039,48202654010497,10
4040,48202698010497,77
4041,48202751010497,1
4042,48202760010497,1
4043,48202761010497,1
4044,48202803010497,1
4045,48202804010497,1
4046,48202811010497,1
4047,48202842010497,1
4048,48202890010497,9
4049,48202898010497,77
4050,48202964010497,15
4051,48202980010497,15
4052,48202983010497,15
4053,48202991010497,15
4054,48202992010497,15
4055,48203007010497,15
4056,48203009010497,15
4057,48203029010497,11
4058,48203062010497,15
4059,48203064010497,15
4060,48203081010497,15
4061,48203101010497,15
4062,48203105010497,15
4063,48203108010497,15
4064,48203110010497,15
4065,48203118010497,15
4066,48203128010497,15
4067,48203129010497,15
4068,48203142010497,15
4069,48203173010497,77
4070,48203179010497,77
4071,48203197010497,4
4072,48203233010497,77
4073,48203238010497,77
4074,48203255010497,77
4075,48203262010497,10
4076,48203266010497,77
4077,48203282010497,77
4078,48203323010497,77
4079,48203326010497,77
4080,48203382010497,4
4081,48203387010497,9
4082,48203388010497,9
4083,48203389010497,9
4084,48203391010497,77
4085,48203392010497,77
4086,48203397010497,77
4087,48203425010497,77
4088,48203426010497,77
4089,48203442010497,4
4090,48203511010497,4
4091,48203539010497,4
4092,48203546010497,2
4093,48203553010497,4
4094,48203556010497,4
4095,48203557010497,4
4096,48203558010497,4
4097,48203559010497,4
4098,48203570010497,4
4099,48203603010497,2
4100,48203608010497,4
4101,48203610010497,2
4102,48203618010497,4
4103,48203622010497,4
4104,48203623010497,4
4105,48203699010497,2
4106,48203712010497,1
4107,48203714010497,15
4108,48203735010497,1
4109,48203736010497,1
4110,48203748010497,77
4111,48203756010497,1
4112,48203767010497,1
4113,48203794010497,1
4114,48203816010497,4
4115,48203865010497,1
4116,48203953010497,4
4117,48203974010497,77
4118,48203989010497,4
4119,48204006010497,77
4120,48204012010497,77
4121,48204014010497,77
4122,48204018010497,15
4123,48204083010497,77
4124,48204084010497,77
4125,48204088010497,4
4126,48204089010497,4
4127,48204095010497,4
4128,48204114010497,3
4129,48204115010497,4
4130,48204154010497,1
4131,48204157010497,1
4132,48204186010497,4
4133,48204187010497,4
4134,48204188010497,4
4135,48204201010497,4
4136,48204205010497,10
4137,48204206010497,15
4138,48204207010497,15
4139,48204211010497,15
4140,48204223010497,4
4141,48204224010497,77
4142,48204243010497,1
4143,48204249010497,4
4144,48204250010497,77
4145,48204252010497,77
4146,48204259010497,1
4147,48204377010497,15
4148,48204402010497,1
4149,48204406010497,1
4150,48204425010497,77
4151,48204433010497,9
4152,48204447010497,77
4153,48204479010497,4
4154,48204519010497,15
4155,48204522010497,4
4156,48204532010497,77
4157,48204562010497,1
4158,48204563010497,1
4159,48204565010497,4
4160,48204589010497,77
4161,48204593010497,77
4162,48204594010497,77
4163,48204633010497,1
4164,48204646010497,15
4165,48204657010497,77
4166,48204686010497,2
4167,48204755010497,77
4168,48204802010497,77
4169,48204823010497,2
4170,48204855010497,15
4171,48204856010497,15
4172,48204882010497,15
4173,48204883010497,4
4174,48204890010497,9
4175,48204893010497,77
4176,48204902010497,1
4177,48204912010497,15
4178,48204941010497,2
4179,48204942010497,4
4180,48204946010497,4
4181,48204971010497,77
4182,48204978010497,9
4183,48204984010497,15
4184,48204985010497,77
4185,48204991010497,4
4186,48205048010497,2
4187,48205061010497,15
4188,48205064010497,9
4189,48205092010497,77
4190,48205097010497,77
4191,48205110010497,77
4192,48205120010497,0
4193,48205122010497,1
4194,48205133010497,77
4195,48205142010497,9
4196,48205160010497,77
4197,48205164010497,77
4198,48205170010497,1
4199,48205187010497,77
4200,48205202010497,15
4201,48205244010497,77
4202,48205247010497,77
4203,48205261010497,2
4204,48205268010497,4
4205,48205273010497,15
4206,48205328010497,15
4207,48205351010497,9
4208,48205354010497,77
4209,48205382010497,77
4210,48205392010497,9
4211,48205395010497,2
4212,48205414010497,4
4213,48205419010497,9
4214,48205436010497,1
4215,48205444010497,1
4216,48205454010497,77
4217,48205457010497,77
4218,48205466010497,10
4219,48205582010497,77
4220,48205589010497,9
4221,48205591010497,77
4222,48205647010497,10
4223,48205648010497,77
4224,48205685010497,77
4225,48205699010497,9
4226,48205702010497,77
4227,48205709010497,4
4228,48205720010497,15
4229,48205721010497,15
4230,48205729010497,9
4231,48205734010497,1
4232,48205769010497,4
4233,48205783010497,1
4234,48205789010497,15
4235,48205796010497,2
4236,48205851010497,4
4237,48205863010497,1
4238,48205865010497,77
4239,48205866010497,77
4240,48205874010497,4
4241,48205875010497,15
4242,48205876010497,15
4243,48205877010497,4
4244,48205950010497,15
4245,48205994010497,15
4246,48206014010497,9
4247,48206015010497,4
4248,48206050010497,4
4249,48206062010497,15
4250,48206094010497,77
4251,48206095010497,77
4252,48206144010497,15
4253,48206154010497,77
4254,48206155010497,15
4255,48206156010497,77
4256,48206157010497,77
4257,48206160010497,15
4258,48206164010497,4
4259,48206165010497,1
4260,48206169010497,77
4261,48206170010497,77
4262,48206174010497,4
4263,48206177010497,15
4264,48206184010497,1
4265,48206185010497,4
4266,48206193010497,2
4267,48206194010497,77
4268,48206195010497,77
4269,48206196010497,15
4270,48206197010497,4
4271,48206198010497,4
4272,48206204010497,77
4273,48206205010497,9
4274,48206206010497,77
4275,48206207010497,77
4276,48206214010497,4
4277,48206216010497,15
4278,48206217010497,15
4279,48206218010497,15
4280,48206220010497,1
4281,48206224010497,1
4282,48206225010497,1
4283,48206226010497,1
4284,48206230010497,4
4285,48206233010497,11
4286,48206235010497,4
4287,48206237010497,77
4288,48206238010497,77
4289,48206239010497,77
4290,48206242010497,77
4291,48206248010497,77
4292,48206249010497,4
4293,48206251010497,1
4294,48206256010497,77
4295,48206257010497,77
4296,48206258010497,77
4297,48206264010497,77
4298,48206265010497,77
4299,48206268010497,15
4300,48206269010497,15
4301,48206271010497,77
4302,48206278010497,15
4303,48206281010497,15
4304,48206288010497,15
4305,48206302010497,77
4306,48206303010497,15
4307,48206305010497,77
4308,48206321010497,77
4309,48206322010497,9
4310,48206324010497,4
4311,48206325010497,4
4312,48206327010497,77
4313,48206328010497,9
4314,48206345010497,1
4315,48206347010497,15
4316,48206348010497,15
4317,48206349010497,4
4318,48206350010497,4
4319,48206351010497,9
4320,48206353010497,77
4321,48206364010497,77
4322,48206365010497,77
4323,48206366010497,1
4324,48206367010497,77
4325,48206369010497,77
4326,48206370010497,77
4327,48206378010497,15
4328,48206379010497,15
4329,48206380010497,4
4330,48206381010497,77
4331,48206385010497,77
4332,48206391010497,4
4333,48206409010497,77
4334,48206413010497,4
4335,48206417010497,77
4336,48206418010497,77
4337,48206419010497,11
4338,48206422010497,77
4339,48206423010497,1
4340,48206424010497,77
4341,48206438010497,4
4342,48206444010497,4
4343,48206445010497,4
4344,48206453010497,9
4345,48206464010497,4
4346,48206465010497,77
4347,48206473010497,77
4348,48206475010497,1
4349,48206476010497,2
4350,48206477010497,2
4351,48206497010497,4
4352,48206499010497,77
4353,48206505010497,4
4354,48206507010497,77
4355,48206514010497,9
4356,48206515010497,15
4357,48206520010497,77
4358,48206521010497,1
4359,48206531010497,15
4360,48206533010497,77
4361,48206535010497,4
4362,48206536010497,4
4363,48206537010497,77
4364,48206538010497,9
4365,48206540010497,15
4366,48206541010497,77
4367,48206542010497,77
4368,48206545010497,77
4369,48206546010497,4
4370,48206551010497,77
4371,48206552010497,77
4372,48206554010497,15
4373,48206562010497,15
4374,48206563010497,4
4375,48206564010497,1
4376,48206565010497,4
4377,48206566010497,77
4378,48206567010497,15
4379,48206570010497,4
4380,48206576010497,77
4381,48206583010497,77
4382,48206588010497,1
4383,48206596010497,4
4384,48206606010497,4
4385,48206607010497,4
4386,48206611010497,9
4387,48206612010497,77
4388,48206613010497,15
4389,48206614010497,15
4390,48206616010497,15
4391,48206617010497,4
4392,48206619010497,77
4393,48206620010497,1
4394,48206621010497,4
4395,48206649010497,15
4396,48206650010497,77
4397,48206652010497,77
4398,48206654010497,15
4399,48206656010497,15
4400,48206663010497,77
4401,48206664010497,77
4402,48206665010497,15
4403,48206667010497,4
4404,48206668010497,4
4405,48206673010497,4
4406,48206674010497,4
4407,48206678010497,15
4408,48206683010497,15
4409,48206704010497,4
4410,48206711010497,77
4411,48206714010497,77
4412,48206719010497,77
4413,48206721010497,9
4414,48206724010497,77
4415,48206725010497,4
4416,48206731010497,77
4417,48206732010497,77
4418,48206733010497,4
4419,48206735010497,77
4420,48206769010497,15
4421,30763653020004,4
4422,30763799020004,77
4423,30763969020004,2
4424,30764085020004,9
4425,30764097020004,77
4426,30764105020004,77
4427,30764137020004,77
4428,30764181020004,4
4429,30764211020004,77
4430,30764243020004,77
4431,30764246020004,77
4432,30764262020004,9
4433,30764322020004,1
4434,30764332020004,77
4435,30764343020004,1
4436,30764344020004,1
4437,30764350020004,1
4438,30764362020004,15
4439,30764406020004,1
4440,30764449020004,1
4441,30764567020004,15
4442,30764569020004,15
4443,30764657020004,1
4444,30764671020004,0
4445,30764680020004,77
4446,30764730020004,77
4447,30764778020004,77
4448,30765028020004,2
4449,30852417020004,9
4450,30852447020004,77
4451,30852465020004,4
4452,30852483020004,9
4453,30852491020004,9
4454,30852497020004,4
4455,30852504020004,15
4456,30852506020004,4
4457,30852509020004,77
4458,30852535020004,15
4459,30852540020004,77
4460,30852541020004,77
4461,30852559020004,77
4462,30852577020004,77
4463,30852589020004,77
4464,30852602020004,77
4465,30852626020004,1
4466,30852627020004,4
4467,30852628020004,4
4468,30852630020004,77
4469,30852631020004,77
4470,30852634020004,1
4471,87466737020004,15
