plot_id,plt_cn,eco
1,64384995010661,50
2,64493229010661,53
3,64583239010661,53
4,64393679010661,50
5,64408771010661,53
6,63800546010661,53
7,63869411010661,50
8,64557059010661,50
9,63622817010661,52
10,63839748010661,51
11,63797801010661,51
12,63826287010661,51
13,64113529010661,51
14,63846689010661,53
15,63769152010661,53
16,64338248010661,51
17,63767364010661,51
18,63776537010661,50
19,64542470010661,51
20,64520993010661,53
21,64125056010661,52
22,64662732010661,50
23,64289552010661,51
24,63671000010661,50
25,64254165010661,50
26,63872004010661,52
27,64229881010661,50
28,64092396010661,50
29,64410789010661,52
30,64158533010661,50
31,64303695010661,50
32,64312939010661,50
33,64702634010661,50
34,63683870010661,52
35,64271166010661,52
36,64370089010661,50
37,63790774010661,50
38,63668482010661,50
39,64496158010661,52
40,64053234010661,50
41,63842908010661,52
42,64333987010661,50
43,64661557010661,51
44,64562658010661,53
45,64135592010661,51
46,63635358010661,53
47,63698627010661,50
48,63771519010661,52
49,64050713010661,50
50,64649811010661,50
51,63660665010661,50
52,64213673010661,50
53,64105160010661,50
54,64122781010661,53
55,63721748010661,52
56,63644269010661,50
57,63735806010661,50
58,63698734010661,50
59,63787865010661,50
60,64412502010661,52
61,64348588010661,53
62,64243183010661,50
63,64166277010661,53
64,63749742010661,53
65,64531280010661,50
66,64584393010661,52
67,64435127010661,51
68,63697738010661,50
69,64316049010661,53
70,64701904010661,50
71,64402466010661,53
72,64128146010661,53
73,64057992010661,51
74,64613528010661,50
75,63745301010661,50
76,63812562010661,53
77,63620507010661,53
78,64605974010661,53
79,63781658010661,50
80,64056050010661,51
81,64321356010661,50
82,63840014010661,50
83,64431286010661,51
84,63739275010661,50
85,63621586010661,52
86,63789037010661,52
87,64368045010661,51
88,64565211010661,50
89,64667048010661,51
90,63791285010661,50
91,64149976010661,51
92,63644056010661,50
93,64194294010661,51
94,64300148010661,50
95,63626258010661,50
96,64447814010661,50
97,64268495010661,50
98,63696075010661,50
99,64232113010661,51
100,64038075010661,51
101,63750470010661,53
102,64105530010661,50
103,63630154010661,50
104,64692727010661,50
105,64663963010661,50
106,63669622010661,50
107,64414544010661,52
108,63747316010661,51
109,63850889010661,50
110,63825109010661,51
111,64573859010661,53
112,63869964010661,51
113,63680624010661,52
114,64497054010661,52
115,64089988010661,52
116,64427450010661,51
117,64483790010661,50
118,64411624010661,52
119,63825349010661,50
120,63768059010661,51
121,64430243010661,51
122,64567559010661,52
123,64680547010661,50
124,64699336010661,50
125,64355141010661,50
126,63863135010661,52
127,64388585010661,50
128,63714127010661,51
129,63847825010661,53
130,64512152010661,51
131,63650049010661,50
132,63749908010661,53
133,63987388010661,50
134,63725626010661,50
135,63717060010661,51
136,63779346010661,52
137,63758650010661,50
138,64568683010661,52
139,64209765010661,50
140,63693355010661,52
141,64208594010661,50
142,64070611010661,50
143,64112994010661,51
144,63679922010661,52
145,64496374010661,50
146,63809229010661,51
147,63708425010661,53
148,63853696010661,52
149,63809677010661,51
150,64064087010661,53
151,63626508010661,50
152,64678103010661,50
153,64097122010661,50
154,63819869010661,51
155,63851290010661,50
156,64290078010661,51
157,64212250010661,50
158,64305135010661,51
159,64261643010661,50
160,63691346010661,50
161,64301728010661,51
162,63683101010661,53
163,63705604010661,51
164,63624784010661,50
165,63678328010661,50
166,64401629010661,53
167,63660186010661,50
168,63803115010661,53
169,63856866010661,51
170,63771275010661,51
171,63620176010661,54
172,63694492010661,52
173,64233095010661,50
174,64353626010661,51
175,63651075010661,50
176,63705657010661,50
177,63812449010661,53
178,64365011010661,51
179,64224994010661,51
180,64106598010661,51
181,64648794010661,50
182,64340109010661,51
183,63802686010661,53
184,63825081010661,50
185,64116647010661,51
186,64354256010661,52
187,63851949010661,52
188,64422271010661,51
189,63747012010661,51
190,64699865010661,50
191,64198464010661,50
192,64672096010661,50
193,64163057010661,50
194,63997057010661,50
195,64576938010661,51
196,63775111010661,51
197,63683402010661,53
198,64236268010661,52
199,64460503010661,50
200,63844542010661,52
201,64510395010661,50
202,63734578010661,52
203,64251026010661,50
204,63841683010661,52
205,63788489010661,50
206,63868127010661,50
207,64240074010661,52
208,64379805010661,50
209,64344535010661,51
210,64285865010661,52
211,64110660010661,53
212,64390566010661,50
213,63776681010661,50
214,64085924010661,50
215,64017936010661,53
216,63693875010661,52
217,64660952010661,51
218,63716343010661,51
219,64192368010661,53
220,64451564010661,50
221,63853393010661,52
222,64007382010661,50
223,64338718010661,51
224,64369284010661,50
225,63813541010661,53
226,63787949010661,52
227,63982956010661,51
228,63685391010661,52
229,63794296010661,50
230,64514217010661,50
231,64177787010661,53
232,63774786010661,51
233,63850328010661,50
234,63822189010661,53
235,64544042010661,52
236,64230412010661,50
237,63620993010661,51
238,64247874010661,50
239,63671307010661,50
240,64459050010661,50
241,63703181010661,50
242,64181151010661,51
243,63834281010661,50
244,64423593010661,51
245,64700450010661,50
246,64125340010661,52
247,63805219010661,50
248,63792365010661,50
249,64420390010661,50
250,63732334010661,52
251,63668403010661,50
252,63767195010661,51
253,63747659010661,51
254,64054266010661,50
255,64103767010661,51
256,63694168010661,52
257,63723447010661,53
258,64166774010661,53
259,64078439010661,51
260,63786838010661,50
261,63656132010661,50
262,63828747010661,50
263,64419139010661,51
264,63614863010661,53
265,63821346010661,50
266,63865658010661,50
267,63852516010661,50
268,64647117010661,50
269,63864626010661,52
270,64666555010661,51
271,63673345010661,50
272,63845408010661,53
273,64366390010661,51
274,63633062010661,51
275,64533225010661,51
276,63857504010661,47
277,63784300010661,52
278,64110264010661,53
279,64250153010661,50
280,64084226010661,50
281,64013976010661,52
282,63783413010661,50
283,64637316010661,51
284,64152028010661,50
285,63638363010661,51
286,63772064010661,52
287,64115169010661,51
288,63807711010661,51
289,63683597010661,53
290,63841323010661,51
291,64011680010661,52
292,64302020010661,50
293,64679929010661,52
294,64074046010661,50
295,64085276010661,50
296,64152445010661,50
297,64646296010661,50
298,63859377010661,52
299,64539718010661,51
300,63669059010661,50
301,63843719010661,51
302,64492443010661,51
303,64681850010661,52
304,63733477010661,52
305,63821260010661,51
306,64303064010661,51
307,63871235010661,52
308,63841003010661,51
309,64549777010661,50
310,64660439010661,51
311,64103340010661,52
312,64133407010661,51
313,63802368010661,47
314,64314392010661,50
315,64568325010661,52
316,64368415010661,50
317,63874707010661,53
318,63637629010661,51
319,63674781010661,50
320,63641218010661,51
321,64302877010661,50
322,63671091010661,50
323,63826727010661,50
324,64534430010661,51
325,64574754010661,51
326,63856669010661,51
327,64090514010661,52
328,63627861010661,50
329,63774051010661,51
330,63718516010661,51
331,64437554010661,50
332,64036528010661,51
333,63668936010661,50
334,63708033010661,53
335,64225120010661,52
336,63759850010661,52
337,63703524010661,50
338,63852983010661,50
339,63858582010661,50
340,64661757010661,50
341,64678802010661,52
342,64163332010661,50
343,64125723010661,52
344,63803592010661,47
345,64532270010661,51
346,64056359010661,51
347,63869618010661,50
348,63682467010661,53
349,64024435010661,50
350,64425676010661,51
351,63760445010661,52
352,63689197010661,50
353,64511152010661,51
354,64237936010661,52
355,64075187010661,50
356,64083316010661,50
357,64273464010661,51
358,63834463010661,50
359,64410505010661,51
360,63765067010661,51
361,63666968010661,51
362,63612648010661,52
363,64113388010661,51
364,64081796010661,50
365,64629731010661,52
366,63670872010661,50
367,63630424010661,50
368,63706135010661,50
369,63659750010661,50
370,63621933010661,52
371,64195470010661,51
372,63809873010661,51
373,63670542010661,50
374,64672805010661,50
375,63834681010661,50
376,63764878010661,51
377,63751860010661,50
378,64121076010661,51
379,64053966010661,50
380,64014379010661,52
381,64602589010661,51
382,63824675010661,50
383,63765451010661,51
384,64347140010661,52
385,63721565010661,52
386,64505917010661,50
387,64065649010661,53
388,64671419010661,50
389,64576218010661,53
390,64247263010661,50
391,64225876010661,51
392,64221366010661,51
393,63691105010661,50
394,64025035010661,50
395,64492634010661,50
396,64694983010661,50
397,64662523010661,51
398,63814276010661,51
399,64039454010661,47
400,63817050010661,51
401,63836044010661,51
402,63754750010661,51
403,64351421010661,52
404,63822166010661,50
405,64499413010661,52
406,63788813010661,52
407,64015114010661,52
408,64174586010661,51
409,63840492010661,51
410,64673921010661,50
411,63640678010661,51
412,64383062010661,50
413,64267295010661,50
414,64194959010661,51
415,64104935010661,50
416,63753775010661,50
417,64500688010661,52
418,64222948010661,51
419,64102779010661,52
420,63659007010661,50
421,63792031010661,50
422,64237072010661,52
423,64505012010661,50
424,64274348010661,52
425,63871780010661,53
426,63764599010661,51
427,64364356010661,51
428,64358128010661,50
429,64056246010661,50
430,64545482010661,52
431,64162565010661,50
432,64692415010661,50
433,64449062010661,51
434,63725304010661,50
435,64078008010661,52
436,63856468010661,51
437,63739636010661,50
438,63632311010661,51
439,63667237010661,51
440,64549991010661,51
441,63721862010661,52
442,63740865010661,50
443,63751603010661,50
444,63764523010661,51
445,63791626010661,50
446,64281387010661,52
447,64415693010661,52
448,63825858010661,51
449,64226530010661,52
450,63807397010661,51
451,64226134010661,51
452,64266448010661,50
453,64210523010661,50
454,64425834010661,51
455,64099826010661,51
456,64386523010661,50
457,64337726010661,51
458,64070067010661,51
459,63694869010661,52
460,64327254010661,50
461,63846584010661,53
462,63750114010661,53
463,63702386010661,53
464,63665090010661,51
465,64481088010661,50
466,63708969010661,53
467,64237487010661,52
468,63816434010661,51
469,64551135010661,50
470,64541218010661,51
471,64666022010661,51
472,63808957010661,50
473,64174848010661,51
474,64113700010661,51
475,64305634010661,51
476,63723795010661,53
477,63798853010661,51
478,64214349010661,50
479,63682147010661,52
480,64339057010661,51
481,64180712010661,51
482,64221873010661,51
483,63759915010661,52
484,63754250010661,50
485,63659549010661,50
486,64309719010661,50
487,63699158010661,50
488,64467225010661,50
489,64181878010661,51
490,64101633010661,52
491,63705919010661,50
492,64115607010661,51
493,63674717010661,50
494,64127531010661,52
495,64416166010661,52
496,64538328010661,51
497,63741441010661,50
498,63670209010661,50
499,63768378010661,51
500,64370484010661,51
501,64407988010661,53
502,63670365010661,50
503,63714421010661,51
504,63667835010661,52
505,63622554010661,52
506,64212115010661,50
507,64114820010661,51
508,63869174010661,50
509,64235584010661,50
510,63839987010661,51
511,63824560010661,51
512,64345798010661,51
513,64586359010661,47
514,64571316010661,52
515,63786898010661,52
516,64235999010661,50
517,63844392010661,52
518,64087287010661,52
519,64236447010661,50
520,64339423010661,51
521,64287554010661,52
522,63648870010661,50
523,63709380010661,53
524,63730699010661,47
525,64099060010661,50
526,64029728010661,50
527,64157897010661,50
528,63709537010661,53
529,63771737010661,52
530,64375654010661,50
531,63698202010661,50
532,64237722010661,50
533,63726180010661,50
534,64137541010661,51
535,64203330010661,50
536,63826164010661,50
537,64554167010661,51
538,64042712010661,52
539,64209451010661,50
540,63854215010661,52
541,63680359010661,52
542,63674373010661,50
543,63804118010661,47
544,63716692010661,51
545,63731040010661,52
546,63872669010661,53
547,63715934010661,53
548,63665346010661,52
549,63722746010661,52
550,63854462010661,52
551,63730343010661,51
552,63702783010661,53
553,63804258010661,47
554,63830153010661,50
555,64279174010661,52
556,63796312010661,50
557,63809226010661,51
558,64300105010661,50
559,63814177010661,53
560,64190333010661,50
561,64530843010661,51
562,64076909010661,51
563,63831757010661,51
564,63851453010661,50
565,64406711010661,51
566,64212387010661,50
567,64084820010661,50
568,64531433010661,51
569,64679694010661,50
570,63702959010661,53
571,64579493010661,52
572,63833482010661,50
573,63690278010661,50
574,64111717010661,53
575,64522786010661,53
576,64144332010661,52
577,64653081010661,50
578,63814679010661,51
579,64653670010661,50
580,63865128010661,52
581,64129470010661,52
582,64463235010661,50
583,64144905010661,52
584,63799871010661,51
585,63722985010661,52
586,64088691010661,50
587,64344120010661,52
588,63816137010661,51
589,64112077010661,53
590,63805303010661,47
591,63792657010661,50
592,64145592010661,52
593,63679576010661,50
594,64572408010661,52
595,63633413010661,51
596,63682747010661,52
597,64297264010661,50
598,64339902010661,52
599,63861637010661,53
600,63800050010661,51
601,63684213010661,52
602,64286421010661,51
603,64244337010661,50
604,63844845010661,52
605,63867957010661,50
606,64573386010661,52
607,64210750010661,50
608,63687969010661,50
609,64525887010661,50
610,64540293010661,51
611,63785046010661,52
612,63826423010661,51
613,63623410010661,52
614,63831353010661,50
615,64407302010661,51
616,64262626010661,51
617,64252744010661,50
618,64279880010661,53
619,64362602010661,50
620,63648318010661,50
621,63833266010661,50
622,64136175010661,50
623,64352011010661,52
624,64117456010661,51
625,64667274010661,51
626,64153066010661,50
627,63726757010661,50
628,64300990010661,53
629,64322295010661,50
630,64668466010661,51
631,63864563010661,50
632,64289616010661,51
633,63816307010661,51
634,64016127010661,52
635,63717362010661,51
636,64352363010661,52
637,64662811010661,50
638,64674911010661,50
639,63686529010661,50
640,64447734010661,51
641,64387493010661,50
642,63624569010661,50
643,64293283010661,50
644,63714925010661,51
645,64668620010661,51
646,64424003010661,51
647,64234376010661,51
648,64314157010661,50
649,64574445010661,52
650,63715066010661,51
651,64267668010661,50
652,63817960010661,51
653,63744788010661,50
654,63689765010661,50
655,64508162010661,50
656,64302576010661,50
657,63701704010661,50
658,64669383010661,51
659,63715221010661,51
660,63646010010661,50
661,64357862010661,52
662,64308898010661,51
663,63668235010661,52
664,63789924010661,50
665,64501475010661,52
666,64189518010661,50
667,63841391010661,53
668,64227522010661,51
669,63865375010661,52
670,63624957010661,51
671,64178634010661,51
672,64304747010661,51
673,63742411010661,50
674,63865468010661,52
675,64138829010661,53
676,64677057010661,50
677,64090537010661,50
678,64565503010661,50
679,63865720010661,52
680,64385852010661,50
681,63760892010661,52
682,64657256010661,53
683,63611921010661,51
684,64112407010661,51
685,64697702010661,50
686,64088912010661,50
687,64296363010661,50
688,63716519010661,51
689,64424918010661,51
690,63693667010661,52
691,63737357010661,50
692,63731351010661,51
693,64079359010661,52
694,64269338010661,50
695,64632617010661,52
696,63866311010661,52
697,63672139010661,53
698,63866497010661,52
699,63685823010661,52
700,63818768010661,51
701,63801985010661,50
702,64513002010661,50
703,63788538010661,52
704,64150520010661,51
705,64148073010661,52
706,63724846010661,53
707,63685924010661,52
708,64502003010661,52
709,64639772010661,51
710,64532836010661,50
711,63859169010661,51
712,64458730010661,50
713,64148467010661,52
714,63654639010661,50
715,63783324010661,52
716,64212433010661,50
717,64665292010661,50
718,63638118010661,51
719,63680987010661,52
720,64524451010661,51
721,63738247010661,50
722,64504024010661,52
723,63857996010661,51
724,64208107010661,50
725,64431821010661,51
726,63805948010661,50
727,63850645010661,50
728,64071489010661,50
729,64293495010661,51
730,63858081010661,51
731,64641132010661,51
732,64450542010661,50
733,63745476010661,51
734,63709944010661,51
735,63782723010661,52
736,63831769010661,50
737,63858159010661,51
738,64504731010661,52
739,64241320010661,53
740,64471129010661,50
741,64641494010661,52
742,64294141010661,51
743,63676040010661,50
744,63704296010661,51
745,64593201010661,53
746,64193505010661,50
747,64079689010661,52
748,63676174010661,50
749,63770711010661,52
750,64275416010661,51
751,63676330010661,50
752,64529811010661,50
753,63816782010661,51
754,63996591010661,50
755,64388742010661,50
756,64089937010661,50
757,63847587010661,53
758,64079511010661,51
759,63676798010661,50
760,64080162010661,52
761,64172618010661,51
762,63611586010661,51
763,63850585010661,53
764,63654417010661,50
765,63712131010661,51
766,63726225010661,50
767,63677045010661,50
768,63712191010661,51
769,64696399010661,50
770,63677187010661,50
771,63695122010661,52
772,64197103010661,51
773,64151784010661,50
774,64619536010661,50
775,64088290010661,50
776,64066824010661,53
777,63677827010661,50
778,63770117010661,51
779,63695277010661,52
780,64208351010661,50
781,64244255010661,52
782,63695317010661,52
783,64259746010661,50
784,64395970010661,50
785,64323951010661,51
786,63847718010661,53
787,64260033010661,50
788,63759295010661,50
789,63644967010661,50
790,63712721010661,51
791,64040722010661,51
792,64260985010661,50
793,64300452010661,50
794,64134815010661,51
795,64566574010661,53
796,64059744010661,50
797,63747213010661,51
798,63656930010661,50
799,63816944010661,51
800,63692430010661,50
801,63817624010661,51
802,63870492010661,50
803,64339018010661,52
804,64261874010661,50
805,63817779010661,51
806,64262397010661,50
807,64339180010661,52
808,64153816010661,51
809,63835402010661,51
810,63800867010661,53
811,63626760010661,51
812,64262799010661,50
813,63837992010661,51
814,64678637010661,50
815,63789865010661,52
816,64214949010661,50
817,63627634010661,50
818,64263231010661,50
819,64080635010661,52
820,64019671010661,53
821,63790105010661,52
822,63978219010661,51
823,64193017010661,53
824,64133295010661,50
825,63862887010661,52
826,63819041010661,51
827,64113952010661,52
828,63680552010661,52
829,64265139010661,50
830,64092368010661,52
831,64607231010661,51
832,63755631010661,50
833,64456164010661,50
834,64265682010661,50
835,64689070010661,50
836,64092714010661,52
837,64151410010661,50
838,64052303010661,50
839,64272245010661,52
840,64131531010661,51
841,63806994010661,50
842,63863138010661,52
843,63665811010661,51
844,63785921010661,50
845,64181841010661,50
846,64220402010661,50
847,63735110010661,52
848,64052871010661,50
849,63840713010661,50
850,63633130010661,51
851,63735276010661,52
852,63612851010661,51
853,63719030010661,51
854,63819575010661,51
855,64696872010661,50
856,64201524010661,50
857,63627948010661,50
858,63867281010661,50
859,63697459010661,50
860,64688618010661,50
861,64319757010661,51
862,64208824010661,50
863,63735479010661,52
864,63748027010661,51
865,63666132010661,52
866,64112818010661,51
867,64266145010661,50
868,63666359010661,52
869,63619486010661,52
870,64690703010661,50
871,63820028010661,51
872,63827237010661,51
873,63827331010661,51
874,63832545010661,51
875,64691016010661,50
876,63827575010661,51
877,64244785010661,50
878,64348742010661,52
879,63820175010661,51
880,63619651010661,51
881,64105616010661,52
882,64262071010661,50
883,64663642010661,51
884,63756127010661,50
885,64223997010661,51
886,64170012010661,53
887,64144138010661,51
888,64422525010661,51
889,64170392010661,53
890,64436123010661,51
891,64094168010661,50
892,63628658010661,50
893,64121518010661,51
894,64224252010661,52
895,64668774010661,50
896,64094777010661,50
897,64170944010661,53
898,63706738010661,50
899,63863438010661,52
900,64574843010661,53
901,64095329010661,50
902,64669121010661,50
903,64095848010661,50
904,64326887010661,50
905,64670036010661,50
906,64096098010661,50
907,64207797010661,50
908,63706787010661,50
909,63613629010661,52
910,63628987010661,50
911,64096304010661,50
912,63727535010661,50
913,63629142010661,51
914,64159435010661,50
915,64215972010661,50
916,64118118010661,51
917,63824026010661,50
918,64096540010661,50
919,63633637010661,50
920,63629319010661,50
921,64060225010661,51
922,64096970010661,50
923,63629545010661,51
924,64060720010661,51
925,64031531010661,50
926,63707419010661,50
927,63777811010661,51
928,64171293010661,53
929,64097505010661,50
930,64691990010661,51
931,63696635010661,50
932,64144575010661,50
933,64329599010661,50
934,64171630010661,50
935,63707680010661,51
936,64145188010661,50
937,63772564010661,52
938,64160105010661,50
939,63739036010661,50
940,63634034010661,51
941,64692298010661,51
942,64436310010661,53
943,64634516010661,51
944,63809582010661,50
945,64270546010661,52
946,64580767010661,52
947,63634161010661,50
948,63728366010661,50
949,63611276010661,51
950,64371986010661,50
951,64148052010661,51
952,64634828010661,51
953,63844355010661,51
954,63772760010661,51
955,63728487010661,50
956,64148398010661,51
957,63634320010661,50
958,64543945010661,50
959,63756820010661,51
960,63728662010661,50
961,64149580010661,50
962,63810289010661,50
963,63728944010661,50
964,63863883010661,52
965,63778383010661,50
966,63634578010661,51
967,64560514010661,50
968,63634816010661,50
969,63810861010661,51
970,63829191010661,51
971,64635711010661,52
972,64098005010661,50
973,64553302010661,51
974,64704027010661,50
975,63773292010661,52
976,63680252010661,52
977,63984567010661,51
978,63811148010661,50
979,63778940010661,51
980,63635100010661,50
981,64477911010661,50
982,64136409010661,52
983,64679652010661,52
984,63757659010661,50
985,63829861010661,50
986,64386202010661,50
987,63729742010661,50
988,63773373010661,52
989,63757834010661,51
990,63811554010661,50
991,63773431010661,52
992,63758013010661,50
993,63830158010661,50
994,63811750010661,50
995,64546627010661,51
996,63786236010661,50
997,63758216010661,51
998,63779526010661,51
999,63758368010661,50
1000,63773784010661,52
1001,66616346010661,50
1002,64108440010661,50
1003,64551309010661,51
1004,63779998010661,50
1005,63700065010661,50
1006,64076190010661,50
1007,63655828010661,50
1008,64162507010661,50
1009,64358611010661,52
1010,64150152010661,50
1011,64110505010661,50
1012,64048487010661,52
1013,63780304010661,51
1014,64076723010661,50
1015,64454114010661,50
1016,64313437010661,51
1017,63700297010661,50
1018,63780487010661,50
1019,64111279010661,50
1020,64360521010661,52
1021,64076926010661,50
1022,63700387010661,50
1023,63780777010661,50
1024,63838649010661,51
1025,64111644010661,50
1026,64077034010661,50
1027,64111937010661,50
1028,63700512010661,50
1029,64163948010661,50
1030,64159213010661,50
1031,63781291010661,50
1032,63778446010661,50
1033,64389461010661,50
1034,64100692010661,51
1035,64361340010661,52
1036,63778697010661,50
1037,63700815010661,50
1038,63856221010661,50
1039,64380041010661,50
1040,64372609010661,50
1041,63700880010661,50
1042,64373183010661,50
1043,63778865010661,50
1044,63856317010661,50
1045,64373632010661,50
1046,64313782010661,50
1047,63701068010661,50
1048,64381147010661,50
1049,64519466010661,51
1050,64121146010661,51
1051,64488280010661,50
1052,63811794010661,51
1053,63701268010661,50
1054,64395248010661,50
1055,63811961010661,51
1056,63701441010661,50
1057,63701546010661,50
1058,64682959010661,52
1059,63701679010661,50
1060,64375151010661,51
1061,63797980010661,50
1062,63871030010661,50
1063,64398688010661,50
1064,64486613010661,50
1065,64399403010661,50
1066,64303908010661,50
1067,64375551010661,50
1068,63659977010661,50
1069,64427329010661,51
1070,64263806010661,51
1071,64428180010661,51
1072,64172354010661,50
1073,64201709010661,51
1074,64554729010661,51
1075,64388944010661,50
1076,63828036010661,50
1077,63614366010661,51
1078,64459581010661,51
1079,63800352010661,50
1080,63836704010661,50
1081,64174881010661,51
1082,63800627010661,50
1083,64033661010661,50
1084,64460065010661,52
1085,64255604010661,50
1086,63866160010661,50
1087,64034096010661,50
1088,64460763010661,52
1089,64331261010661,50
1090,63681219010661,52
1091,64256602010661,50
1092,64331482010661,51
1093,63614735010661,52
1094,64332034010661,50
1095,64035095010661,50
1096,63841973010661,51
1097,64274825010661,52
1098,64474290010661,50
1099,63653037010661,51
1100,64211851010661,50
1101,64462807010661,52
1102,64108341010661,51
1103,64489815010661,50
1104,63681318010661,52
1105,63653287010661,51
1106,63801122010661,50
1107,63801425010661,50
1108,63801696010661,50
1109,63975553010661,51
1110,64202295010661,50
1111,64371070010661,50
1112,64109720010661,52
1113,64534712010661,51
1114,63785075010661,50
1115,64201381010661,50
1116,64552241010661,51
1117,64371577010661,50
1118,63657143010661,50
1119,64485482010661,50
1120,64305225010661,50
1121,64373129010661,50
1122,64536099010661,51
1123,64373855010661,50
1124,63860454010661,50
1125,63681666010661,52
1126,63977138010661,51
1127,63998615010661,50
1128,63977874010661,51
1129,64374262010661,50
1130,64387950010661,50
1131,63653619010661,51
1132,64051212010661,50
1133,63681871010661,52
1134,64440859010661,50
1135,63999445010661,50
1136,64197786010661,51
1137,64198402010661,51
1138,63828385010661,50
1139,64198718010661,51
1140,64275721010661,52
1141,64122589010661,51
1142,63644478010661,50
1143,64558004010661,51
1144,64122705010661,52
1145,63641147010661,51
1146,64276131010661,52
1147,64547815010661,51
1148,63719255010661,50
1149,64123073010661,51
1150,63719458010661,50
1151,64387519010661,50
1152,64276324010661,52
1153,64199359010661,51
1154,64594707010661,53
1155,64199660010661,51
1156,63738625010661,50
1157,64125444010661,52
1158,64264793010661,50
1159,63873522010661,53
1160,64397810010661,50
1161,63868418010661,50
1162,64265786010661,50
1163,64398454010661,50
1164,64607868010661,51
1165,64566819010661,50
1166,64055043010661,50
1167,64266989010661,51
1168,63720789010661,50
1169,64053794010661,50
1170,63873942010661,52
1171,63845436010661,51
1172,64499699010661,50
1173,63836528010661,50
1174,64610308010661,51
1175,63837527010661,50
1176,63837735010661,50
1177,64189449010661,52
1178,64699017010661,50
1179,63793729010661,50
1180,64275873010661,51
1181,63845594010661,51
1182,63639081010661,51
1183,63813058010661,50
1184,63845835010661,51
1185,63837949010661,50
1186,63743442010661,50
1187,63794040010661,50
1188,63651861010661,50
1189,63743551010661,50
1190,63794473010661,50
1191,63838709010661,50
1192,64277339010661,52
1193,63871647010661,50
1194,64190162010661,53
1195,63795298010661,50
1196,64190282010661,52
1197,63871843010661,50
1198,63839062010661,50
1199,63839349010661,50
1200,63872607010661,50
1201,64190737010661,52
1202,63796936010661,50
1203,64182381010661,51
1204,64398653010661,50
1205,63743622010661,50
1206,64559803010661,51
1207,64398911010661,50
1208,64399200010661,50
1209,64400449010661,50
1210,64400792010661,50
1211,63743841010661,50
1212,64461488010661,50
1213,64401756010661,50
1214,64403266010661,50
1215,63744160010661,50
1216,63744377010661,50
1217,63637971010661,51
1218,63648648010661,50
1219,64404667010661,50
1220,64000916010661,50
1221,64685188010661,50
1222,64405075010661,50
1223,63744512010661,50
1224,63649815010661,50
1225,64685864010661,50
1226,63638192010661,51
1227,63873217010661,50
1228,63647519010661,50
1229,64686368010661,50
1230,64002770010661,50
1231,63873752010661,50
1232,64595735010661,53
1233,63874476010661,50
1234,64686568010661,50
1235,64506148010661,50
1236,63875147010661,50
1237,64005811010661,50
1238,64596336010661,52
1239,64006103010661,50
1240,63649397010661,50
1241,64461922010661,50
1242,64686953010661,50
1243,64051231010661,50
1244,64212652010661,50
1245,64687597010661,50
1246,64052769010661,50
1247,64305624010661,50
1248,64622744010661,50
1249,64623366010661,50
1250,64212726010661,50
1251,64568219010661,50
1252,63652833010661,50
1253,64569238010661,50
1254,64569405010661,50
1255,64177523010661,51
1256,64307116010661,50
1257,64307311010661,50
1258,64307768010661,50
1259,64570616010661,50
1260,64307863010661,50
1261,64308200010661,50
1262,64324504010661,50
1263,63661578010661,50
1264,63652954010661,50
1265,64572471010661,50
1266,64704415010661,50
1267,64515444010661,51
1268,64222373010661,50
1269,64704578010661,50
1270,64326032010661,50
1271,63662553010661,50
1272,63662840010661,50
1273,63663346010661,50
1274,64070965010661,50
1275,64182756010661,50
1276,63663705010661,50
1277,64176018010661,51
1278,63839799010661,50
1279,63761333010661,50
1280,64183996010661,50
1281,63663962010661,50
1282,63761682010661,50
1283,64213364010661,50
1284,64213685010661,50
1285,64214170010661,50
1286,64214963010661,50
1287,64215458010661,50
1288,64187501010661,50
1289,63762543010661,50
1290,64187741010661,50
1291,63762790010661,50
1292,64180589010661,51
1293,64462843010661,50
1294,63763469010661,50
1295,64704947010661,50
1296,64217882010661,50
1297,63854959010661,50
1298,64218332010661,50
1299,63763799010661,50
1300,63855844010661,50
1301,63855950010661,50
1302,64219357010661,50
1303,64329227010661,50
1304,64329989010661,50
1305,64330379010661,50
1306,63856661010661,50
1307,63857374010661,50
1308,64331908010661,50
1309,64332845010661,50
1310,64333671010661,50
1311,64333961010661,50
1312,64334324010661,50
1313,64335491010661,50
1314,64623800010661,50
1315,64463880010661,50
1316,64466273010661,50
1317,64624584010661,50
1318,63642443010661,51
1319,64467137010661,50
1320,63642982010661,51
1321,64469679010661,50
1322,64626475010661,50
1323,64626633010661,50
1324,64470272010661,50
1325,64473461010661,50
1326,64474747010661,50
1327,64628584010661,50
1328,63643316010661,51
1329,63764193010661,50
1330,64336357010661,50
1331,64629407010661,50
1332,64337301010661,50
1333,64517286010661,50
1334,63643479010661,51
1335,64519882010661,50
1336,64521936010661,50
1337,64522505010661,50
1338,64184418010661,51
1339,64523147010661,51
1340,64184673010661,51
1341,64524852010661,50
1342,64185213010661,51
1343,64223792010661,50
1344,64225200010661,50
1345,64187084010661,51
1346,64226572010661,50
1347,64227655010661,50
1348,64228575010661,50
1349,64229003010661,50
1350,64229339010661,50
1351,64229749010661,50
1352,64456580010661,51
1353,64458215010661,51
1354,64484594010661,51
1355,64476928010661,50
1356,63695873010661,50
1357,63833963010661,50
1358,64230112010661,50
1359,63698341010661,50
1360,63775727010661,50
1361,64319056010661,50
1362,63777560010661,50
1363,63675297010661,50
1364,64333469010661,50
1365,64453226010661,50
1366,64687828010661,50
1367,64658711010661,50
1368,64217777010661,50
1369,64658869010661,50
1370,64252211010661,50
1371,64299049010661,50
1372,63672907010661,50
1373,64480188010661,50
1374,63678190010661,50
1375,63673519010661,50
1376,64671778010661,50
1377,90706515010661,52
1378,97201638010661,52
1379,90777210010661,51
1380,90738343010661,51
1381,90720756010661,53
1382,90652436010661,53
1383,90724006010661,50
1384,102485039010661,50
1385,96234416010661,51
1386,97200845010661,50
1387,90603424010661,50
1388,90709832010661,51
1389,69759915010661,52
1390,90621171010661,52
1391,64203398010661,50
1392,64439505010661,50
1393,64023121010661,50
1394,69903089010661,52
1395,69858659010661,50
1396,63807473010661,50
1397,63811859010661,53
1398,102485318010661,51
1399,64378409010661,53
1400,64181092010661,50
1401,90621930010661,52
1402,63724145010661,53
1403,63699428010661,50
1404,64104178010661,52
1405,64250386010661,50
1406,90732847010661,51
1407,63616496010661,51
1408,64426337010661,51
1409,64532990010661,51
1410,64143352010661,52
1411,69961447010661,50
1412,90652592010661,51
1413,90701228010661,50
1414,69968612010661,50
1415,90772902010661,50
1416,63852364010661,52
1417,102484454010661,52
1418,90605122010661,51
1419,63797361010661,51
1420,64211213010661,50
1421,63986195010661,50
1422,69982141010661,53
1423,69798288010661,52
1424,63627301010661,50
1425,63690066010661,50
1426,63684449010661,52
1427,102484931010661,50
1428,90631816010661,52
1429,90634902010661,51
1430,90663707010661,50
1431,102483422010661,52
1432,90703713010661,53
1433,64512614010661,50
1434,90614818010661,50
1435,64341723010661,51
1436,69898812010661,51
1437,64115877010661,52
1438,90593248010661,51
1439,63820077010661,51
1440,102549363010661,50
1441,64029193010661,50
1442,64587123010661,52
1443,90736551010661,51
1444,64072959010661,50
1445,69847837010661,53
1446,69876778010661,50
1447,90598908010661,50
1448,64506612010661,50
1449,64095443010661,50
1450,102484388010661,50
1451,63711356010661,51
1452,69960560010661,50
1453,69875444010661,50
1454,69769277010661,50
1455,63616642010661,52
1456,69885343010661,51
1457,69966528010661,51
1458,69869540010661,50
1459,63617157010661,51
1460,64367010010661,51
1461,64181442010661,50
1462,69918437010661,51
1463,90718570010661,52
1464,90687805010661,52
1465,69786708010661,51
1466,63765679010661,51
1467,63710915010661,51
1468,102552873010661,53
1469,64512811010661,50
1470,64189136010661,50
1471,90636164010661,52
1472,90760307010661,53
1473,69868911010661,50
1474,63755142010661,51
1475,64556230010661,50
1476,90754011010661,53
1477,69869194010661,50
1478,64564441010661,53
1479,102482516010661,53
1480,64022000010661,50
1481,64401209010661,53
1482,69948304010661,53
1483,69786263010661,51
1484,69811076010661,53
1485,64238241010661,50
1486,69983654010661,52
1487,63666848010661,52
1488,63825867010661,50
1489,96263912010661,50
1490,102485300010661,51
1491,64233668010661,50
1492,64600976010661,51
1493,102553203010661,51
1494,69850422010661,52
1495,69847785010661,53
1496,63823355010661,50
1497,69799795010661,53
1498,90728439010661,50
1499,90726251010661,52
1500,63867469010661,50
1501,90676878010661,51
1502,90685769010661,50
1503,96216185010661,51
1504,64257043010661,50
1505,90720109010661,53
1506,90753854010661,51
1507,90636977010661,53
1508,64283795010661,51
1509,102551517010661,50
1510,63972588010661,51
1511,64129286010661,51
1512,69949043010661,53
1513,90625232010661,52
1514,90735264010661,51
1515,90730787010661,50
1516,96173337010661,50
1517,63787800010661,52
1518,102552225010661,50
1519,64235883010661,52
1520,90775786010661,50
1521,69758497010661,52
1522,69838273010661,50
1523,63630547010661,50
1524,63705721010661,50
1525,64365564010661,51
1526,69807117010661,51
1527,69796277010661,50
1528,102484946010661,50
1529,102548973010661,50
1530,64282998010661,51
1531,64091176010661,52
1532,90708295010661,51
1533,69986387010661,50
1534,63694529010661,52
1535,63683955010661,52
1536,90638756010661,52
1537,69910951010661,50
1538,69770218010661,50
1539,63631257010661,50
1540,69848565010661,51
1541,90760401010661,53
1542,63769848010661,52
1543,69871372010661,50
1544,90631161010661,52
1545,69813306010661,52
1546,96169029010661,50
1547,69916121010661,51
1548,63751046010661,50
1549,64233568010661,53
1550,64584157010661,52
1551,63664301010661,52
1552,63747464010661,51
1553,64521323010661,53
1554,63843856010661,52
1555,90704511010661,51
1556,63610679010661,52
1557,64202724010661,50
1558,64199548010661,51
1559,64533925010661,51
1560,90653665010661,50
1561,69791067010661,50
1562,64578225010661,51
1563,64045684010661,52
1564,69775499010661,53
1565,69945821010661,51
1566,69978835010661,50
1567,63611814010661,51
1568,63725094010661,50
1569,63797542010661,51
1570,90758549010661,50
1571,90686143010661,51
1572,64245408010661,50
1573,90626689010661,50
1574,63848987010661,50
1575,64162827010661,50
1576,64231426010661,50
1577,64326083010661,50
1578,69854760010661,50
1579,69968212010661,50
1580,69882895010661,52
1581,64665270010661,51
1582,63868761010661,50
1583,63617592010661,51
1584,64116157010661,52
1585,64584739010661,52
1586,69807205010661,51
1587,69952363010661,50
1588,90752756010661,50
1589,69770186010661,50
1590,90706192010661,52
1591,63695436010661,50
1592,64063692010661,53
1593,63691724010661,50
1594,64636438010661,51
1595,69812727010661,52
1596,69960952010661,50
1597,90659260010661,51
1598,63753313010661,50
1599,96193750010661,53
1600,63768133010661,51
1601,63986107010661,50
1602,102549552010661,50
1603,63613063010661,51
1604,63851948010661,50
1605,90673629010661,50
1606,102549594010661,50
1607,90724951010661,51
1608,63716917010661,51
1609,90775872010661,50
1610,69894120010661,52
1611,69986179010661,50
1612,96166684010661,53
1613,63803416010661,52
1614,64080078010661,51
1615,64269066010661,51
1616,69899604010661,51
1617,69850082010661,51
1618,63643865010661,50
1619,64553149010661,50
1620,64097719010661,50
1621,90683917010661,53
1622,63863783010661,52
1623,69931777010661,51
1624,64638009010661,51
1625,90633699010661,53
1626,90748868010661,50
1627,69869007010661,50
1628,64337908010661,52
1629,64145810010661,52
1630,90634189010661,53
1631,63808472010661,50
1632,63842580010661,52
1633,90688621010661,52
1634,102549408010661,51
1635,102487794010661,51
1636,64612953010661,50
1637,64304950010661,51
1638,90774419010661,50
1639,63766639010661,51
1640,64644953010661,50
1641,102551568010661,50
1642,90633872010661,53
1643,64621313010661,50
1644,69821226010661,50
1645,63713008010661,51
1646,64176996010661,51
1647,102550623010661,52
1648,90668808010661,50
1649,90741073010661,50
1650,69951428010661,50
1651,64678229010661,52
1652,69789363010661,50
1653,90604613010661,51
1654,63725981010661,50
1655,63623667010661,50
1656,90746990010661,50
1657,64507672010661,50
1658,69775385010661,53
1659,63851540010661,52
1660,63824653010661,51
1661,90769454010661,50
1662,69925010010661,50
1663,63703342010661,50
1664,64018271010661,53
1665,64599831010661,51
1666,63739815010661,50
1667,63673079010661,50
1668,102487845010661,52
1669,69884641010661,53
1670,69865360010661,51
1671,69937691010661,50
1672,63804021010661,50
1673,69891172010661,51
1674,90660602010661,52
1675,90665388010661,50
1676,63617001010661,51
1677,63801287010661,52
1678,69932713010661,52
1679,90607928010661,52
1680,102486767010661,51
1681,64299075010661,50
1682,90702547010661,53
1683,90721330010661,50
1684,90707288010661,52
1685,90590761010661,53
1686,90693428010661,50
1687,69786553010661,51
1688,69934667010661,50
1689,64156914010661,51
1690,102485339010661,52
1691,90610278010661,50
1692,90625126010661,52
1693,90655498010661,50
1694,90711087010661,51
1695,90664115010661,50
1696,102484472010661,52
1697,64339662010661,51
1698,64137547010661,53
1699,64259358010661,50
1700,69852414010661,51
1701,90660250010661,51
1702,90777094010661,50
1703,63834148010661,50
1704,63968649010661,50
1705,69834424010661,53
1706,63674230010661,50
1707,63752309010661,50
1708,102484772010661,50
1709,102552072010661,52
1710,63861795010661,52
1711,90645994010661,51
1712,64336009010661,52
1713,63725368010661,50
1714,64664422010661,51
1715,90672894010661,50
1716,63851337010661,52
1717,69902798010661,52
1718,69952101010661,50
1719,64582064010661,53
1720,64284619010661,52
1721,90598705010661,50
1722,64664779010661,51
1723,102488565010661,50
1724,90722341010661,50
1725,64084608010661,53
1726,90661955010661,51
1727,90596959010661,50
1728,69812300010661,51
1729,63721239010661,53
1730,63736632010661,50
1731,63804576010661,50
1732,64433755010661,51
1733,90721119010661,50
1734,69802436010661,50
1735,90699674010661,50
1736,102482963010661,50
1737,69886166010661,51
1738,64102231010661,50
1739,69959113010661,50
1740,90594446010661,51
1741,90715585010661,50
1742,102484484010661,52
1743,63646689010661,50
1744,69919513010661,51
1745,90688461010661,52
1746,96253530010661,53
1747,90638309010661,52
1748,69851965010661,53
1749,69950757010661,50
1750,63710502010661,51
1751,63813019010661,53
1752,64283499010661,51
1753,64526209010661,51
1754,64129875010661,51
1755,69816720010661,50
1756,69944170010661,51
1757,90623611010661,53
1758,90673013010661,50
1759,90623974010661,51
1760,63705061010661,50
1761,96194136010661,51
1762,63967106010661,52
1763,69798110010661,52
1764,64542860010661,51
1765,90773452010661,52
1766,90688031010661,52
1767,63688670010661,50
1768,64113147010661,52
1769,64430123010661,51
1770,64191392010661,53
1771,69988344010661,50
1772,96245984010661,50
1773,64038771010661,47
1774,64678619010661,52
1775,90638664010661,52
1776,96158603010661,53
1777,63744882010661,50
1778,64088129010661,52
1779,69872266010661,53
1780,69830850010661,52
1781,63825274010661,51
1782,63667563010661,51
1783,63859307010661,50
1784,64363908010661,51
1785,69835588010661,52
1786,63721951010661,52
1787,63839580010661,51
1788,63680514010661,52
1789,64210056010661,50
1790,64344902010661,52
1791,64268636010661,50
1792,63826624010661,51
1793,90647234010661,53
1794,96160556010661,51
1795,63796134010661,50
1796,64196619010661,50
1797,64149677010661,50
1798,69898690010661,51
1799,69923237010661,50
1800,63810739010661,51
1801,64425203010661,51
1802,64017227010661,53
1803,69970345010661,50
1804,97208113010661,51
1805,64224795010661,51
1806,69951036010661,50
1807,90677368010661,51
1808,96279115010661,50
1809,102484628010661,52
1810,69802704010661,50
1811,64013163010661,52
1812,69854636010661,50
1813,90673384010661,50
1814,64207416010661,50
1815,64360155010661,50
1816,69956878010661,52
1817,90726846010661,52
1818,102483524010661,51
1819,64663958010661,51
1820,96169126010661,51
1821,64561760010661,50
1822,64179435010661,50
1823,90603758010661,51
1824,90712596010661,50
1825,90704618010661,51
1826,63789035010661,50
1827,69987768010661,51
1828,69890580010661,51
1829,64158114010661,50
1830,90663912010661,50
1831,63734942010661,52
1832,64664396010661,50
1833,69912437010661,51
1834,90776194010661,50
1835,69863003010661,51
1836,90604848010661,51
1837,90681437010661,51
1838,69934508010661,50
1839,69871953010661,50
1840,64526639010661,51
1841,90668715010661,50
1842,90742943010661,50
1843,90760071010661,53
1844,69801789010661,50
1845,64357570010661,52
1846,64169748010661,50
1847,69982864010661,52
1848,64303736010661,51
1849,63742890010661,50
1850,63716030010661,51
1851,64445568010661,50
1852,64424377010661,51
1853,63980291010661,51
1854,64617895010661,50
1855,90638202010661,52
1856,69852474010661,53
1857,96278764010661,50
1858,69893136010661,53
1859,90695031010661,50
1860,90652789010661,51
1861,102549828010661,51
1862,64528561010661,51
1863,69844339010661,51
1864,64124285010661,52
1865,64080983010661,50
1866,64575355010661,51
1867,64293641010661,50
1868,64498944010661,50
1869,90654194010661,50
1870,90639641010661,52
1871,63702055010661,53
1872,64383824010661,50
1873,64602996010661,51
1874,90715367010661,50
1875,69853137010661,51
1876,63610974010661,52
1877,63636633010661,51
1878,64354858010661,52
1879,64489894010661,51
1880,64466286010661,51
1881,69943699010661,51
1882,90638562010661,52
1883,90650818010661,52
1884,96268087010661,52
1885,64069165010661,50
1886,64524163010661,50
1887,90760015010661,53
1888,69955272010661,52
1889,64343708010661,51
1890,63848058010661,50
1891,102486506010661,50
1892,69784465010661,51
1893,69823780010661,50
1894,69821565010661,50
1895,90654827010661,50
1896,63785649010661,50
1897,64141438010661,52
1898,64195433010661,50
1899,69816911010661,51
1900,64267682010661,51
1901,69758779010661,52
1902,63792009010661,50
1903,69865894010661,52
1904,69823855010661,50
1905,69787461010661,51
1906,63687738010661,50
1907,102482720010661,53
1908,64151573010661,50
1909,90773729010661,50
1910,64252428010661,50
1911,64643624010661,50
1912,64558667010661,50
1913,90599979010661,51
1914,63691962010661,50
1915,63655411010661,50
1916,64544974010661,52
1917,64592456010661,53
1918,63635439010661,53
1919,90744404010661,50
1920,63776130010661,50
1921,63705474010661,50
1922,63829661010661,50
1923,64618231010661,50
1924,69865408010661,52
1925,69874882010661,50
1926,69777128010661,51
1927,64427079010661,51
1928,63790443010661,50
1929,64118692010661,51
1930,69931104010661,47
1931,90590660010661,53
1932,64062155010661,50
1933,102555627010661,51
1934,90702655010661,53
1935,69868843010661,50
1936,96218607010661,52
1937,64065265010661,53
1938,63870939010661,50
1939,69955093010661,52
1940,90709742010661,51
1941,90770841010661,50
1942,63687558010661,50
1943,102551052010661,50
1944,69808779010661,51
1945,102483677010661,50
1946,90619641010661,51
1947,90708672010661,51
1948,69881997010661,52
1949,96217364010661,51
1950,69972394010661,50
1951,69880784010661,50
1952,90637193010661,53
1953,90736806010661,51
1954,63731973010661,52
1955,102485381010661,50
1956,69973242010661,50
1957,90665995010661,50
1958,90722232010661,50
1959,63760335010661,52
1960,63645478010661,50
1961,63824911010661,51
1962,64130363010661,52
1963,69845575010661,51
1964,90695128010661,50
1965,90719298010661,52
1966,90657132010661,50
1967,63840268010661,51
1968,63645752010661,50
1969,69917506010661,51
1970,63631902010661,50
1971,63833846010661,51
1972,90709388010661,51
1973,69824772010661,50
1974,69906150010661,50
1975,63667115010661,51
1976,63687053010661,50
1977,69856172010661,50
1978,64601691010661,51
1979,69926948010661,50
1980,90670180010661,50
1981,64569288010661,52
1982,90708096010661,50
1983,69763019010661,50
1984,69909510010661,50
1985,69780074010661,51
1986,63673836010661,50
1987,63740259010661,50
1988,64179996010661,50
1989,90755145010661,52
1990,69868264010661,50
1991,63677911010661,50
1992,90647786010661,52
1993,90672180010661,50
1994,63733278010661,52
1995,64082870010661,50
1996,64096539010661,50
1997,90755379010661,52
1998,90724267010661,47
1999,63708116010661,53
2000,69948821010661,53
2001,64680671010661,52
2002,69800859010661,50
2003,90594207010661,51
2004,102485609010661,53
2005,64022931010661,50
2006,69880981010661,50
2007,90645330010661,50
2008,90739957010661,50
2009,90659400010661,51
2010,90712514010661,50
2011,63688490010661,50
2012,64347392010661,52
2013,64179671010661,50
2014,69982026010661,51
2015,63828378010661,50
2016,64055026010661,50
2017,64585538010661,47
2018,69951856010661,50
2019,69898521010661,51
2020,64636965010661,51
2021,69803452010661,50
2022,69869686010661,50
2023,90656073010661,50
2024,63622245010661,52
2025,69889219010661,51
2026,90607405010661,52
2027,90642008010661,50
2028,63802797010661,53
2029,64316718010661,53
2030,64035270010661,51
2031,64472125010661,51
2032,64253217010661,50
2033,69965569010661,50
2034,69911791010661,50
2035,69965812010661,50
2036,90733229010661,50
2037,90651742010661,53
2038,90677765010661,51
2039,90771661010661,50
2040,102551865010661,50
2041,90720364010661,53
2042,64377271010661,53
2043,64633138010661,52
2044,90690372010661,52
2045,69944064010661,51
2046,90704236010661,51
2047,63722423010661,52
2048,64569052010661,52
2049,64068860010661,51
2050,64610843010661,50
2051,90615197010661,50
2052,64428766010661,53
2053,64132361010661,50
2054,64050436010661,50
2055,90745393010661,50
2056,90690440010661,52
2057,64438379010661,51
2058,102554778010661,51
2059,90754093010661,53
2060,69876219010661,50
2061,69980583010661,51
2062,69984687010661,52
2063,63630067010661,50
2064,64527584010661,51
2065,64340503010661,52
2066,90646862010661,53
2067,90721441010661,50
2068,90743820010661,51
2069,63734207010661,52
2070,64010843010661,52
2071,69866093010661,51
2072,90716107010661,50
2073,69897887010661,53
2074,63825195010661,51
2075,102550848010661,52
2076,64253200010661,50
2077,90706654010661,47
2078,64406875010661,53
2079,64241896010661,52
2080,90730481010661,50
2081,90700497010661,50
2082,69877152010661,50
2083,64391795010661,50
2084,102484625010661,52
2085,63692013010661,50
2086,64310816010661,51
2087,90653870010661,50
2088,69844667010661,52
2089,69854687010661,50
2090,63782028010661,50
2091,64295997010661,50
2092,102555879010661,52
2093,90666550010661,53
2094,64056746010661,51
2095,64414037010661,47
2096,64191290010661,50
2097,90659339010661,51
2098,64091049010661,52
2099,102487827010661,52
2100,63972753010661,51
2101,90772801010661,50
2102,90708541010661,51
2103,63694441010661,52
2104,69791147010661,50
2105,69807588010661,51
2106,90625454010661,52
2107,64165347010661,53
2108,64146192010661,52
2109,63872418010661,52
2110,63820757010661,53
2111,102550962010661,50
2112,90647706010661,52
2113,69980000010661,51
2114,69759516010661,52
2115,69901174010661,51
2116,64164941010661,53
2117,64644527010661,50
2118,90624715010661,52
2119,63621473010661,52
2120,64239374010661,53
2121,64152809010661,50
2122,69987254010661,50
2123,90762366010661,53
2124,90657394010661,50
2125,69961770010661,50
2126,69787391010661,51
2127,64545622010661,50
2128,64334725010661,50
2129,90665822010661,50
2130,69983885010661,52
2131,64418516010661,51
2132,64152802010661,50
2133,64142576010661,52
2134,69780714010661,51
2135,90733739010661,51
2136,90722561010661,50
2137,63635799010661,53
2138,64132839010661,51
2139,64446655010661,51
2140,90648364010661,52
2141,64694076010661,50
2142,63795232010661,50
2143,69987548010661,50
2144,90665679010661,50
2145,63863352010661,52
2146,102549822010661,51
2147,64285018010661,52
2148,90607629010661,52
2149,69909913010661,50
2150,96171397010661,52
2151,64298332010661,50
2152,64322251010661,50
2153,90627150010661,50
2154,90755814010661,52
2155,64366784010661,50
2156,69898998010661,51
2157,90650304010661,52
2158,63697158010661,50
2159,63684655010661,52
2160,63777200010661,50
2161,64294996010661,50
2162,64619066010661,50
2163,90672251010661,50
2164,90614991010661,50
2165,64142120010661,51
2166,69790290010661,50
2167,69903796010661,52
2168,63616177010661,51
2169,63822311010661,50
2170,64498681010661,52
2171,63858653010661,52
2172,63826025010661,51
2173,63830969010661,50
2174,64612466010661,50
2175,90703548010661,53
2176,90771810010661,50
2177,64101867010661,52
2178,64100015010661,50
2179,69848787010661,51
2180,64362159010661,50
2181,69764304010661,50
2182,63753831010661,50
2183,69778472010661,51
2184,64405361010661,53
2185,69898906010661,51
2186,63625642010661,50
2187,64655243010661,53
2188,69951750010661,50
2189,64197218010661,51
2190,69797984010661,52
2191,69818185010661,50
2192,63701993010661,53
2193,90642297010661,51
2194,90649687010661,53
2195,69956968010661,52
2196,90684846010661,50
2197,63860814010661,52
2198,90688567010661,52
2199,90722028010661,50
2200,69763755010661,50
2201,64570122010661,52
2202,69982227010661,53
2203,69900876010661,51
2204,63712053010661,51
2205,90603941010661,51
2206,90698552010661,50
2207,90681951010661,51
2208,90669760010661,50
2209,102552009010661,51
2210,69955830010661,52
2211,64550283010661,51
2212,64285208010661,51
2213,69803295010661,50
2214,90730230010661,50
2215,90741291010661,50
2216,69813245010661,52
2217,96220375010661,51
2218,90705266010661,51
2219,90647175010661,53
2220,69894543010661,52
2221,96160525010661,51
2222,102488322010661,52
2223,90713553010661,50
2224,96253275010661,53
2225,63687373010661,50
2226,64012080010661,52
2227,69910051010661,50
2228,63982329010661,51
2229,69881219010661,50
2230,64487586010661,50
2231,90647898010661,52
2232,63835607010661,50
2233,69885846010661,51
2234,90674069010661,52
2235,90672499010661,50
2236,69936866010661,50
2237,69805808010661,51
2238,90700931010661,50
2239,63747549010661,51
2240,63696236010661,50
2241,64044334010661,52
2242,64061321010661,50
2243,63612533010661,51
2244,64675859010661,50
2245,63631355010661,50
2246,64284829010661,51
2247,64437204010661,50
2248,64511260010661,50
2249,64307634010661,51
2250,69984544010661,52
2251,90708916010661,51
2252,90690562010661,52
2253,64508974010661,50
2254,69961609010661,50
2255,69799326010661,53
2256,90612294010661,51
2257,90734834010661,51
2258,90659840010661,52
2259,69954742010661,50
2260,64360619010661,50
2261,69911303010661,51
2262,64140945010661,51
2263,64287198010661,52
2264,69796072010661,50
2265,90631215010661,52
2266,69964709010661,50
2267,63664526010661,52
2268,96248492010661,50
2269,64250786010661,50
2270,102483794010661,52
2271,63993811010661,50
2272,90651853010661,53
2273,90639728010661,52
2274,90666807010661,53
2275,63624097010661,50
2276,64131118010661,52
2277,64154952010661,50
2278,64469766010661,50
2279,90728497010661,50
2280,69910489010661,50
2281,63869737010661,51
2282,102487070010661,51
2283,90634103010661,53
2284,90604182010661,51
2285,69774642010661,53
2286,90676654010661,51
2287,90625063010661,52
2288,63802007010661,52
2289,63783922010661,52
2290,63832450010661,50
2291,64345639010661,51
2292,63612116010661,51
2293,64701779010661,50
2294,64235196010661,50
2295,63622310010661,52
2296,96216405010661,51
2297,102551580010661,50
2298,90714164010661,50
2299,90627853010661,50
2300,63669980010661,50
2301,64446942010661,50
2302,64577924010661,52
2303,64415815010661,51
2304,64302523010661,51
2305,90703836010661,53
2306,90776596010661,50
2307,63648263010661,50
2308,63768239010661,51
2309,64336125010661,52
2310,69973667010661,50
2311,69768794010661,50
2312,90740161010661,50
2313,69950442010661,50
2314,63708576010661,53
2315,96267160010661,53
2316,63768656010661,51
2317,63831994010661,50
2318,64375880010661,50
2319,63768775010661,51
2320,63670429010661,50
2321,63787105010661,52
2322,64672458010661,50
2323,64012467010661,52
2324,64170675010661,50
2325,63726582010661,50
2326,64339250010661,51
2327,64366015010661,50
2328,90648791010661,52
2329,64621044010661,50
2330,64120251010661,52
2331,69763360010661,50
2332,90625584010661,52
2333,90772001010661,50
2334,63782790010661,50
2335,64114757010661,51
2336,64414710010661,51
2337,90632445010661,51
2338,64380635010661,50
2339,90698047010661,53
2340,90741199010661,50
2341,63708727010661,53
2342,64301562010661,50
2343,102488964010661,50
2344,69855144010661,50
2345,69980630010661,51
2346,64128131010661,52
2347,64237249010661,50
2348,64347694010661,51
2349,63866324010661,50
2350,64585209010661,52
2351,64007226010661,50
2352,102554805010661,52
2353,102486002010661,50
2354,102551754010661,52
2355,69876390010661,50
2356,64587824010661,52
2357,64614524010661,50
2358,64118504010661,52
2359,69822738010661,50
2360,90740342010661,50
2361,90768016010661,51
2362,96193992010661,53
2363,96236684010661,50
2364,102486365010661,53
2365,64631781010661,51
2366,90648873010661,52
2367,90669904010661,50
2368,90719327010661,52
2369,69943229010661,51
2370,90757751010661,50
2371,63820363010661,51
2372,64128685010661,52
2373,63711584010661,51
2374,90708411010661,51
2375,69844023010661,52
2376,63845991010661,53
2377,102553827010661,50
2378,63812847010661,53
2379,69831185010661,52
2380,64539599010661,51
2381,90707659010661,52
2382,90628136010661,50
2383,69933405010661,52
2384,69831259010661,52
2385,90718360010661,52
2386,96161234010661,51
2387,63615441010661,53
2388,64540047010661,51
2389,64530260010661,51
2390,69890675010661,51
2391,69942763010661,50
2392,90755626010661,52
2393,63813909010661,53
2394,64550725010661,50
2395,64500787010661,50
2396,64139662010661,51
2397,69831297010661,52
2398,102485141010661,50
2399,63854702010661,52
2400,64242064010661,50
2401,102484205010661,52
2402,63848787010661,50
2403,64651433010661,50
2404,64541182010661,51
2405,64530592010661,51
2406,69854977010661,50
2407,63804340010661,52
2408,63821119010661,50
2409,96230853010661,52
2410,102483134010661,50
2411,64651776010661,50
2412,69802632010661,50
2413,90649929010661,53
2414,90644665010661,50
2415,69955470010661,52
2416,63769371010661,51
2417,64541923010661,51
2418,69924667010661,50
2419,90749626010661,50
2420,90719633010661,52
2421,69844903010661,51
2422,63865996010661,50
2423,63806164010661,50
2424,64155514010661,50
2425,64086214010661,53
2426,64552768010661,50
2427,90642267010661,51
2428,64345454010661,52
2429,90730286010661,50
2430,69799667010661,53
2431,63870700010661,52
2432,64144638010661,52
2433,69986082010661,50
2434,90706276010661,52
2435,90677504010661,51
2436,69809835010661,51
2437,63804775010661,52
2438,63803346010661,53
2439,90691005010661,52
2440,90599765010661,51
2441,90645913010661,51
2442,90659961010661,52
2443,69943013010661,50
2444,102483149010661,50
2445,102483587010661,51
2446,90684618010661,50
2447,90732357010661,51
2448,90726976010661,52
2449,64571856010661,52
2450,102484823010661,50
2451,69834662010661,53
2452,90737036010661,51
2453,96211192010661,50
2454,64544260010661,52
2455,102550593010661,51
2456,64147219010661,52
2457,69759201010661,52
2458,69807842010661,51
2459,69849196010661,51
2460,63690470010661,50
2461,64481939010661,50
2462,63781121010661,52
2463,90754282010661,53
2464,63805558010661,52
2465,64233796010661,51
2466,90626254010661,50
2467,90649271010661,52
2468,90719916010661,53
2469,69821768010661,50
2470,63723386010661,52
2471,63747789010661,51
2472,63810158010661,51
2473,63682800010661,53
2474,63791406010661,50
2475,69876324010661,50
2476,69836059010661,52
2477,69857576010661,50
2478,69834754010661,53
2479,102487481010661,52
2480,102488553010661,47
2481,90598123010661,50
2482,64416849010661,52
2483,90691058010661,52
2484,90687014010661,50
2485,63704653010661,50
2486,69903275010661,52
2487,96171106010661,52
2488,63862392010661,52
2489,102485723010661,50
2490,69811939010661,52
2491,69857512010661,50
2492,64337238010661,52
2493,64417317010661,52
2494,64279600010661,52
2495,102485684010661,50
2496,69937182010661,50
2497,90670119010661,50
2498,90687952010661,52
2499,90740584010661,50
2500,96208087010661,51
2501,64225548010661,51
2502,64305950010661,51
2503,64199840010661,51
2504,90692429010661,50
2505,69834859010661,53
2506,90745952010661,50
2507,90606256010661,51
2508,64546435010661,50
2509,102554094010661,51
2510,64408396010661,53
2511,69885014010661,53
2512,69790018010661,50
2513,63630500010661,50
2514,69871261010661,50
2515,102555465010661,50
2516,69981120010661,51
2517,90606366010661,51
2518,90664761010661,50
2519,90687694010661,52
2520,90775711010661,50
2521,102486581010661,51
2522,64409118010661,53
2523,90664788010661,50
2524,69988751010661,51
2525,69839336010661,50
2526,64352205010661,52
2527,64409599010661,53
2528,102549180010661,50
2529,69881558010661,50
2530,69931980010661,52
2531,64204945010661,50
2532,63650564010661,50
2533,64204279010661,50
2534,90695770010661,50
2535,90604235010661,51
2536,102486680010661,50
2537,64155582010661,50
2538,90664951010661,50
2539,64128949010661,53
2540,90653943010661,50
2541,90771758010661,50
2542,69822070010661,50
2543,90755664010661,52
2544,63631580010661,50
2545,63713197010661,51
2546,63775241010661,51
2547,64494482010661,53
2548,90721523010661,50
2549,102485297010661,50
2550,63803769010661,53
2551,64490364010661,50
2552,69789841010661,50
2553,69955702010661,52
2554,90665266010661,50
2555,63623592010661,52
2556,63745081010661,50
2557,64588953010661,52
2558,64639353010661,51
2559,63969530010661,51
2560,102484280010661,50
2561,90640958010661,50
2562,90607727010661,52
2563,64702214010661,50
2564,63692250010661,50
2565,64527043010661,50
2566,64589142010661,52
2567,64292500010661,51
2568,102483143010661,50
2569,64589633010661,52
2570,69973547010661,50
2571,90772726010661,53
2572,97223458010661,51
2573,96241822010661,52
2574,64101209010661,51
2575,102485918010661,51
2576,69970679010661,50
2577,69984319010661,52
2578,64351192010661,50
2579,64410939010661,51
2580,90702870010661,53
2581,96241855010661,51
2582,69911618010661,50
2583,90672632010661,50
2584,69790185010661,50
2585,63967799010661,52
2586,64324581010661,51
2587,64590283010661,52
2588,102552426010661,53
2589,69761882010661,50
2590,96241988010661,52
2591,64341634010661,52
2592,90645531010661,51
2593,69895021010661,52
2594,102551745010661,50
2595,64235253010661,53
2596,90717807010661,50
2597,90687443010661,50
2598,90677616010661,51
2599,63612304010661,52
2600,64249336010661,50
2601,69895056010661,52
2602,69895132010661,52
2603,69876106010661,50
2604,63808180010661,50
2605,64379324010661,53
2606,64343503010661,52
2607,64196073010661,51
2608,69892667010661,53
2609,90616364010661,50
2610,90632239010661,51
2611,69982472010661,53
2612,64377099010661,50
2613,64216598010661,50
2614,69768468010661,53
2615,90695658010661,50
2616,90681388010661,51
2617,90690754010661,52
2618,90720458010661,53
2619,90732794010661,51
2620,63715335010661,51
2621,102483029010661,51
2622,64323412010661,51
2623,90748310010661,50
2624,69798963010661,52
2625,63846996010661,53
2626,102554373010661,50
2627,64379898010661,50
2628,90635816010661,51
2629,63760753010661,52
2630,63822896010661,51
2631,90694708010661,50
2632,63612923010661,51
2633,63817223010661,51
2634,90646661010661,53
2635,90617104010661,50
2636,63850132010661,53
2637,69987121010661,50
2638,69958043010661,50
2639,64227779010661,51
2640,64273468010661,52
2641,63867620010661,50
2642,90700373010661,51
2643,69987712010661,50
2644,63647246010661,50
2645,64291390010661,51
2646,64228218010661,51
2647,64148615010661,50
2648,69923191010661,50
2649,96171507010661,52
2650,69982685010661,53
2651,69931259010661,51
2652,90746770010661,50
2653,64228647010661,52
2654,64454464010661,50
2655,69956189010661,52
2656,90591884010661,51
2657,90725274010661,47
2658,102486761010661,51
2659,64581580010661,51
2660,64676797010661,50
2661,64229124010661,52
2662,90691635010661,52
2663,63760936010661,52
2664,64292197010661,51
2665,64040484010661,51
2666,64165034010661,51
2667,69949346010661,53
2668,90767889010661,51
2669,64079042010661,52
2670,63860156010661,52
2671,64147769010661,52
2672,90648941010661,52
2673,102484169010661,51
2674,90716377010661,50
2675,90613909010661,50
2676,90634499010661,53
2677,90640591010661,50
2678,90634575010661,53
2679,90644487010661,50
2680,63761079010661,52
2681,96213270010661,50
2682,64353191010661,52
2683,63727357010661,50
2684,63739727010661,50
2685,63724646010661,53
2686,64138841010661,50
2687,64318603010661,50
2688,69916996010661,51
2689,90685120010661,50
2690,90625748010661,52
2691,69877637010661,50
2692,90730324010661,50
2693,69769797010661,50
2694,69821125010661,50
2695,64119067010661,51
2696,102483152010661,50
2697,64119865010661,52
2698,64308115010661,51
2699,64202129010661,50
2700,69829668010661,53
2701,63731558010661,51
2702,64258291010661,50
2703,90719760010661,52
2704,69877786010661,50
2705,69797201010661,53
2706,63752093010661,50
2707,63693186010661,52
2708,64258986010661,50
2709,102486113010661,50
2710,69961940010661,50
2711,64573545010661,50
2712,64502566010661,52
2713,64565104010661,53
2714,102484559010661,50
2715,69886489010661,50
2716,90707984010661,52
2717,63675453010661,50
2718,102483599010661,52
2719,64665688010661,50
2720,90649429010661,52
2721,90673937010661,52
2722,90748481010661,50
2723,69877888010661,50
2724,96231726010661,52
2725,63782363010661,52
2726,63617298010661,51
2727,63978817010661,51
2728,64577248010661,52
2729,64272889010661,51
2730,90597998010661,50
2731,63686102010661,52
2732,64504280010661,52
2733,64275258010661,51
2734,90628689010661,50
2735,90698317010661,53
2736,63675728010661,50
2737,63840153010661,50
2738,102489543010661,52
2739,64293795010661,51
2740,69904672010661,52
2741,69943978010661,51
2742,63675922010661,50
2743,102485690010661,50
2744,69866888010661,51
2745,63686233010661,52
2746,64207829010661,50
2747,64057238010661,50
2748,63973146010661,51
2749,90655648010661,50
2750,69905038010661,51
2751,63618358010661,52
2752,63613448010661,51
2753,63847294010661,53
2754,102488544010661,47
2755,69867096010661,51
2756,69958573010661,50
2757,69867172010661,52
2758,63695040010661,52
2759,64677390010661,52
2760,90700221010661,51
2761,69857757010661,50
2762,69781194010661,51
2763,63676497010661,50
2764,102484577010661,50
2765,90626335010661,50
2766,69867312010661,52
2767,63858359010661,47
2768,64295302010661,51
2769,64194674010661,51
2770,90769180010661,50
2771,102551016010661,50
2772,64100306010661,50
2773,64295747010661,51
2774,69760209010661,52
2775,63750664010661,53
2776,64061058010661,50
2777,90611551010661,50
2778,90635561010661,51
2779,63870827010661,50
2780,64464692010661,51
2781,64080351010661,51
2782,69981547010661,51
2783,63677324010661,50
2784,96182904010661,51
2785,90732198010661,50
2786,63632466010661,51
2787,102486224010661,53
2788,63677478010661,50
2789,64383789010661,50
2790,64192442010661,50
2791,64356639010661,52
2792,64384654010661,51
2793,63979826010661,51
2794,90697494010661,50
2795,63677703010661,50
2796,102555390010661,52
2797,69781501010661,51
2798,90592482010661,51
2800,96229668010661,51
2801,64244110010661,52
2802,69817816010661,50
2803,90774934010661,50
2804,63611466010661,51
2805,69981767010661,51
2806,63805552010661,50
2807,64259384010661,50
2808,90620314010661,51
2809,90600632010661,50
2810,69981886010661,51
2811,102483662010661,50
2812,63866661010661,50
2813,64118922010661,51
2814,69932065010661,52
2815,64251228010661,50
2816,90642618010661,50
2817,63712569010661,51
2818,64086747010661,50
2819,90676385010661,51
2820,69792302010661,50
2821,64566353010661,53
2822,69825144010661,50
2823,64468010010661,51
2824,69838073010661,50
2825,90747994010661,50
2826,90640060010661,52
2827,64165917010661,51
2828,64463464010661,50
2829,90743243010661,51
2830,90628984010661,50
2831,69935759010661,50
2832,102489579010661,52
2833,64041049010661,47
2834,90632900010661,52
2835,63830083010661,50
2836,69951336010661,50
2837,102555003010661,47
2838,90692724010661,50
2839,64318417010661,53
2840,64567123010661,53
2841,69899429010661,51
2842,64465736010661,51
2843,64041763010661,51
2844,90739605010661,50
2845,90635188010661,51
2846,90776760010661,50
2847,64093666010661,50
2848,64042132010661,47
2849,64339332010661,52
2850,69985020010661,52
2851,90629100010661,50
2852,69813589010661,52
2853,64309187010661,51
2854,69985125010661,52
2855,90662368010661,51
2856,90660794010661,51
2857,63738397010661,50
2858,64513906010661,51
2859,64263703010661,50
2860,64071043010661,51
2861,90662623010661,52
2862,69931327010661,51
2863,63696953010661,50
2864,64315606010661,50
2865,64264452010661,50
2866,64339622010661,52
2867,69802321010661,50
2868,90662657010661,52
2869,69815570010661,50
2870,64081272010661,51
2871,64264653010661,50
2872,64563533010661,50
2873,64092061010661,52
2874,69935070010661,50
2875,63665564010661,51
2876,90662685010661,51
2877,64072179010661,50
2878,64391436010661,50
2879,64386332010661,51
2880,69956248010661,52
2881,90632570010661,51
2882,90743917010661,51
2883,69956295010661,52
2884,90757210010661,50
2885,63823189010661,50
2886,63727154010661,50
2887,64549717010661,51
2888,69817020010661,51
2889,90711623010661,51
2890,63718675010661,51
2891,64092803010661,52
2892,69969536010661,50
2893,69800024010661,53
2894,63650820010661,50
2895,63718825010661,51
2896,96205910010661,53
2897,63632014010661,50
2898,90637872010661,53
2899,69790348010661,50
2900,90692501010661,50
2901,63665679010661,51
2902,69949443010661,53
2903,102551331010661,50
2904,64157917010661,51
2905,69965090010661,50
2906,64219367010661,50
2907,90776915010661,50
2908,63983287010661,51
2909,64093236010661,52
2910,69800075010661,53
2911,90715703010661,50
2912,90638067010661,51
2913,64183007010661,51
2914,64321053010661,50
2915,69949518010661,53
2916,64310878010661,51
2917,90738075010661,51
2918,63819282010661,51
2919,64093784010661,52
2920,102550023010661,51
2921,69830360010661,53
2922,90629312010661,50
2923,90593532010661,51
2924,90756478010661,50
2925,63719154010661,51
2926,69836459010661,52
2927,69925353010661,50
2928,90629357010661,50
2929,63735352010661,52
2930,69830463010661,53
2931,69923515010661,50
2932,90709542010661,51
2933,69783894010661,51
2934,96240471010661,51
2935,63692726010661,50
2936,64353604010661,50
2937,64200450010661,50
2938,90756090010661,52
2939,63619195010661,51
2940,90713446010661,50
2941,69771175010661,50
2942,63619311010661,51
2943,90616819010661,50
2944,63636433010661,53
2945,63692993010661,50
2946,102482927010661,53
2947,90756281010661,52
2948,69937236010661,50
2949,63666214010661,52
2950,64167667010661,51
2951,64665947010661,50
2952,69784205010661,51
2953,64020436010661,50
2954,64282680010661,53
2955,69822376010661,50
2956,90756331010661,52
2957,63609901010661,50
2958,64282897010661,53
2959,64666335010661,50
2960,64348356010661,52
2961,69968886010661,50
2962,96277365010661,51
2963,97224380010661,50
2964,63619548010661,51
2965,102489372010661,51
2966,64312497010661,51
2967,90725349010661,51
2968,90756440010661,52
2969,90773518010661,50
2970,90621873010661,52
2971,69762100010661,50
2972,64188191010661,50
2973,63820440010661,51
2974,96278442010661,50
2975,96200328010661,51
2976,63619746010661,51
2977,63735715010661,52
2978,64667454010661,50
2979,64392671010661,50
2980,63630916010661,50
2981,102552951010661,50
2982,63619861010661,52
2983,63610160010661,50
2984,64349112010661,52
2985,64668051010661,50
2986,69812563010661,52
2987,90684323010661,53
2988,90612766010661,50
2989,90689295010661,52
2990,90757970010661,51
2991,90720505010661,53
2992,63619919010661,52
2993,64691421010661,51
2994,102485147010661,51
2995,90654085010661,50
2996,96269035010661,50
2997,63824328010661,50
2998,64362682010661,50
2999,64349579010661,52
3000,69771841010661,50
3001,63748295010661,51
3002,64121373010661,51
3003,64316830010661,50
3004,102553353010661,50
3005,96179436010661,51
3006,64094411010661,50
3007,69893510010661,53
3008,90725561010661,51
3009,69912809010661,50
3010,63628832010661,50
3011,63748608010661,51
3012,64053450010661,50
3013,102553152010661,50
3014,90685356010661,51
3015,90689358010661,52
3016,64509447010661,50
3017,69778979010661,51
3018,69760310010661,52
3019,69893575010661,53
3020,90725655010661,47
3021,96166295010661,51
3022,64363944010661,50
3023,64669493010661,50
3024,69779136010661,51
3025,90614160010661,50
3026,90720609010661,53
3027,64121869010661,51
3028,63639823010661,51
3029,64230638010661,50
3030,90689451010661,52
3031,63706823010661,50
3032,64316449010661,50
3033,102485999010661,50
3034,69760570010661,52
3035,63749529010661,51
3036,63706941010661,50
3037,63647703010661,50
3038,63843235010661,51
3039,102556017010661,51
3040,64670571010661,50
3041,64350058010661,50
3042,69796130010661,50
3043,69779224010661,51
3044,90689511010661,52
3045,102489273010661,51
3046,69971461010661,50
3047,69893663010661,53
3048,63707069010661,50
3049,102487160010661,52
3050,69877965010661,50
3051,90740979010661,50
3052,69878051010661,50
3053,96232837010661,53
3054,63707284010661,50
3055,63833134010661,50
3056,102487118010661,51
3057,64205474010661,50
3058,64075681010661,50
3059,64097088010661,50
3060,69779373010661,51
3061,69893699010661,52
3062,96284661010661,50
3063,69760714010661,52
3064,69878210010661,50
3065,69913177010661,50
3066,63629750010661,50
3067,63707522010661,50
3068,64321067010661,50
3069,64097643010661,50
3070,90625808010661,52
3071,90625849010661,52
3072,90612860010661,51
3073,90694052010661,50
3074,69878543010661,50
3075,63633781010661,50
3076,64203898010661,50
3077,64061320010661,51
3078,90743038010661,50
3079,90667242010661,53
3080,64505216010661,50
3081,102489156010661,50
3082,69961848010661,50
3083,69803717010661,50
3084,63707865010661,50
3085,64146077010661,50
3086,69989008010661,50
3087,69783345010661,50
3088,96204352010661,50
3089,63778009010661,50
3090,102484784010661,50
3091,64309686010661,51
3092,64502716010661,50
3093,63870111010661,50
3094,63727921010661,50
3095,64062733010661,51
3096,69878821010661,50
3097,69972698010661,50
3098,69952530010661,50
3099,63994962010661,50
3100,102555036010661,53
3101,90625987010661,52
3102,90626023010661,52
3103,69878955010661,50
3104,90667374010661,53
3105,64436945010661,53
3106,69952665010661,50
3107,90766635010661,52
3108,69879057010661,50
3109,63842476010661,51
3110,63870401010661,50
3111,102483659010661,50
3112,90626109010661,52
3113,102484463010661,52
3114,69879194010661,50
3115,90716181010661,50
3116,90600412010661,50
3117,90626197010661,52
3118,63828686010661,51
3119,64634962010661,52
3120,69879289010661,50
3121,96204817010661,50
3122,64544700010661,50
3123,69764935010661,50
3124,90612946010661,51
3125,90630956010661,51
3126,64696685010661,50
3127,63729079010661,50
3128,63810379010661,50
3129,90647378010661,53
3130,63652533010661,51
3131,63773119010661,51
3132,63810615010661,50
3133,69765162010661,50
3134,63699902010661,50
3135,102553656010661,52
3136,63778703010661,51
3137,63729302010661,50
3138,63634983010661,50
3139,63757375010661,50
3140,63829604010661,50
3141,64545683010661,51
3142,90630760010661,51
3143,97201188010661,50
3144,102484565010661,50
3145,63757578010661,50
3146,63796923010661,50
3147,64047367010661,52
3148,69765422010661,50
3149,90691879010661,52
3150,90705682010661,51
3151,63635221010661,51
3152,63968320010661,51
3153,69901558010661,51
3154,69864490010661,51
3155,90657554010661,50
3156,90728903010661,50
3157,69915361010661,53
3158,96270794010661,50
3159,102487361010661,50
3160,64106449010661,50
3161,64047701010661,52
3162,64369993010661,50
3163,69915484010661,53
3164,69962038010661,50
3165,63797050010661,50
3166,69901624010661,51
3167,69765521010661,50
3168,96257071010661,50
3169,63773548010661,52
3170,63853724010661,50
3171,102487367010661,50
3172,102555978010661,52
3173,102488502010661,51
3174,64161174010661,50
3175,69901684010661,51
3176,90657285010661,50
3177,97201271010661,50
3178,90647634010661,53
3179,69880545010661,50
3180,63779694010661,50
3181,64161538010661,50
3182,64108855010661,50
3183,63854645010661,50
3184,69926237010661,50
3185,69922633010661,50
3186,69864677010661,51
3187,64162162010661,51
3188,64109563010661,50
3189,90695916010661,50
3190,90706002010661,51
3191,90670476010661,50
3192,64514941010661,50
3193,64110151010661,50
3194,69850661010661,52
3195,63855047010661,50
3196,69864768010661,51
3197,64696006010661,50
3198,90692265010661,52
3199,90670552010661,50
3200,64515621010661,50
3201,90670616010661,50
3202,63700183010661,50
3203,64315869010661,50
3204,64359967010661,52
3205,64150293010661,51
3206,63855183010661,50
3207,64110717010661,50
3208,63974555010661,51
3209,102487580010661,51
3210,69850863010661,51
3211,63657341010661,50
3212,63855419010661,50
3213,64158960010661,50
3214,64516194010661,50
3215,90670727010661,50
3216,90710076010661,51
3217,90599381010661,50
3218,90692382010661,52
3219,102549954010661,51
3220,64516830010661,51
3221,102552609010661,53
3222,69933805010661,52
3223,90746362010661,50
3224,90670818010661,50
3225,64361020010661,52
3226,63855876010661,50
3227,64517355010661,50
3228,64313670010661,51
3229,63700680010661,50
3230,63811152010661,51
3231,63856128010661,50
3232,64517873010661,50
3233,90670913010661,50
3234,69840671010661,50
3235,90671022010661,50
3236,63811439010661,51
3237,64518103010661,51
3238,64313968010661,51
3239,64159708010661,50
3240,102488481010661,50
3241,64393763010661,50
3242,90671168010661,50
3243,69933924010661,52
3244,69840820010661,50
3245,96176086010661,50
3246,96290909010661,50
3247,64394082010661,50
3248,90772378010661,50
3249,69845931010661,51
3250,90772478010661,50
3251,64519117010661,50
3252,102486539010661,50
3253,64551962010661,51
3254,64450093010661,51
3255,64394411010661,50
3256,63656426010661,50
3257,63701216010661,50
3258,90671511010661,50
3259,90677992010661,51
3260,90591617010661,53
3261,64519953010661,50
3262,102487454010661,52
3263,102484097010661,50
3264,64160925010661,50
3265,90678023010661,51
3266,90678087010661,51
3267,90747347010661,50
3268,63613679010661,51
3269,64063391010661,50
3270,102554844010661,50
3271,102553179010661,51
3272,69841305010661,50
3273,64315533010661,51
3274,64549041010661,50
3275,64396279010661,50
3276,69906971010661,50
3277,90591814010661,53
3278,90678266010661,51
3279,69841423010661,50
3280,69846035010661,51
3281,102486302010661,50
3282,69841446010661,50
3283,64374872010661,51
3284,64397431010661,51
3285,69946349010661,51
3286,90660900010661,51
3287,69841579010661,50
3288,63797655010661,50
3289,69857671010661,50
3290,64121733010661,52
3291,69841613010661,50
3292,90748724010661,50
3293,96192666010661,51
3294,63798234010661,50
3295,63638630010661,51
3296,64205355010661,50
3297,64557798010661,51
3298,102554622010661,50
3299,69946555010661,51
3300,90711738010661,51
3301,63837771010661,50
3302,69946624010661,51
3303,102552312010661,50
3304,69841759010661,50
3305,90761041010661,51
3306,102488808010661,50
3307,64399981010661,50
3308,102552129010661,50
3309,90600349010661,50
3310,63614042010661,51
3311,63799044010661,50
3312,64400483010661,50
3313,63614096010661,51
3314,69771981010661,50
3315,69898183010661,53
3316,69946875010661,51
3317,69887301010661,51
3318,69972984010661,50
3319,90661308010661,52
3320,63614140010661,51
3321,63799297010661,50
3322,64172138010661,50
3323,69772121010661,50
3324,64065894010661,50
3325,90712010010661,51
3326,90636445010661,51
3327,63799651010661,50
3328,63997698010661,50
3329,69772252010661,50
3330,69790853010661,50
3331,96193149010661,52
3332,102487535010661,50
3333,64032084010661,50
3334,69772393010661,50
3335,102553860010661,50
3336,90636577010661,51
3337,90661420010661,52
3338,63799942010661,50
3339,90671698010661,50
3340,90636690010661,52
3341,69772578010661,50
3342,69907948010661,50
3343,64458668010661,51
3344,64330110010661,50
3345,69973794010661,50
3346,63836456010661,50
3347,64459227010661,52
3348,64330337010661,50
3349,90731668010661,50
3350,64033149010661,50
3351,64428783010661,51
3352,90672048010661,50
3353,63614452010661,52
3354,64255217010661,50
3355,69889461010661,51
3356,69922512010661,50
3357,69947146010661,51
3358,69772773010661,50
3359,90727374010661,52
3360,69772894010661,50
3361,63614577010661,52
3362,102488523010661,51
3363,64330687010661,51
3364,90622339010661,52
3365,90727428010661,52
3366,64429624010661,51
3367,64460246010661,51
3368,69773004010661,51
3369,90727529010661,52
3370,63681142010661,52
3371,63836985010661,51
3372,64175376010661,50
3373,69773051010661,50
3374,90597635010661,50
3375,90636787010661,51
3376,102554490010661,50
3377,64175761010661,50
3378,64461025010661,52
3379,64313397010661,50
3380,64034757010661,50
3381,64176286010661,50
3382,90776370010661,50
3383,63646447010661,50
3384,64257053010661,50
3385,90727646010661,52
3386,64559460010661,50
3387,64332302010661,51
3388,69773212010661,50
3389,69913269010661,50
3390,102553965010661,52
3391,102554949010661,50
3392,69773314010661,50
3393,90727709010661,52
3394,69913337010661,50
3395,64107379010661,51
3396,64474831010661,51
3397,102489009010661,51
3398,64082170010661,52
3399,64257610010661,51
3400,69790496010661,50
3401,63837296010661,51
3402,64475363010661,50
3403,102485000010661,50
3404,69967266010661,51
3405,90630034010661,50
3406,90622390010661,52
3407,64477574010661,50
3408,64476047010661,50
3409,69936838010661,50
3410,102554952010661,50
3411,69884074010661,52
3412,69967383010661,51
3413,90630306010661,50
3414,90773120010661,50
3415,69804198010661,50
3416,90622472010661,52
3417,64477439010661,50
3418,64257882010661,50
3419,69952947010661,51
3420,90729203010661,50
3421,64692987010661,50
3422,69913611010661,50
3423,69909164010661,50
3424,69889103010661,51
3425,64611589010661,50
3426,90630568010661,50
3427,69804381010661,50
3428,63865391010661,50
3429,64268494010661,51
3430,90773228010661,50
3431,69989235010661,50
3432,63653392010661,51
3433,64108559010661,52
3434,102554865010661,51
3435,102489537010661,50
3436,69814402010661,52
3437,69913747010661,50
3438,96234542010661,50
3439,63858919010661,50
3440,64108829010661,51
3441,64478260010661,51
3442,63681453010661,52
3443,64109280010661,52
3444,64562987010661,50
3445,69814546010661,52
3446,90753207010661,50
3447,102555765010661,50
3448,64370714010661,50
3449,69913961010661,51
3450,69824205010661,50
3451,90642866010661,50
3452,90749456010661,50
3453,90598373010661,50
3454,69989439010661,50
3455,69814732010661,52
3456,63681536010661,52
3457,64109874010661,52
3458,90701642010661,50
3459,90682898010661,51
3460,69814758010661,52
3461,90643167010661,51
3462,69925493010661,50
3463,90741427010661,50
3464,90716451010661,50
3465,69814808010661,51
3466,69792984010661,50
3467,90741473010661,50
3468,64372682010661,50
3469,63976755010661,51
3470,102488163010661,51
3471,90656744010661,50
3472,69818569010661,50
3473,69989734010661,50
3474,90682983010661,51
3475,90701858010661,50
3476,90643586010661,51
3477,90683093010661,51
3478,63835795010661,50
3479,64373464010661,50
3480,90716556010661,50
3481,90701949010661,50
3482,90741594010661,50
3483,64378570010661,50
3484,90744782010661,51
3485,90643672010661,50
3486,69922757010661,50
3487,102553512010661,50
3488,90683143010661,51
3489,63787013010661,50
3490,63977562010661,51
3491,90650608010661,52
3492,90702050010661,50
3493,63681752010661,52
3494,64701228010661,50
3495,90744874010661,51
3496,64694655010661,50
3497,102554874010661,51
3498,64374743010661,50
3499,64443141010661,51
3500,69784668010661,51
3501,63653798010661,51
3502,64537697010661,51
3503,90600227010661,50
3504,69784713010661,51
3505,69818798010661,50
3506,69784780010661,50
3507,90747838010661,50
3508,63681954010661,52
3509,102553884010661,51
3510,69784875010661,51
3511,69765677010661,50
3512,90729796010661,50
3513,90758967010661,50
3514,90722935010661,50
3515,96208262010661,51
3516,64275074010661,52
3517,69818895010661,50
3518,69765835010661,50
3519,63828284010661,50
3520,69819066010661,50
3521,64121919010661,52
3522,69765913010661,50
3523,90608417010661,51
3524,64122276010661,51
3525,64275387010661,52
3526,69785115010661,51
3527,69766040010661,50
3528,69785202010661,51
3529,90723271010661,50
3530,90608519010661,51
3531,90589744010661,51
3532,64594439010661,53
3533,90686415010661,50
3534,69766237010661,50
3535,90759216010661,50
3536,90723373010661,50
3537,64276055010661,52
3538,69785306010661,51
3539,90686481010661,50
3540,90759276010661,50
3541,90608684010661,52
3542,90680307010661,50
3543,90759379010661,50
3544,63839142010661,51
3545,69766388010661,50
3546,90608745010661,52
3547,90590043010661,51
3548,69785441010661,51
3549,90614320010661,50
3550,90759506010661,50
3551,90723592010661,50
3552,64123387010661,51
3553,69766569010661,50
3554,90644001010661,50
3555,90728736010661,50
3556,90723682010661,50
3557,90608827010661,52
3558,63719629010661,50
3559,90723773010661,50
3560,63719834010661,50
3561,64703207010661,50
3562,69766788010661,50
3563,90608858010661,52
3564,69785678010661,51
3565,90608926010661,52
3566,90723867010661,50
3567,64124858010661,51
3568,90686888010661,50
3569,64124982010661,51
3570,64397028010661,50
3571,64264254010661,50
3572,69924479010661,50
3573,64698773010661,50
3574,63792789010661,50
3575,64264682010661,50
3576,69846214010661,52
3577,64265277010661,50
3578,64698060010661,50
3579,102487520010661,52
3580,90654122010661,50
3581,63720342010661,50
3582,96280544010661,50
3583,64266144010661,50
3584,69846347010661,51
3585,90600751010661,50
3586,63720609010661,50
3587,69971175010661,50
3588,90617455010661,50
3589,90596566010661,50
3590,69846518010661,51
3591,63842747010661,51
3592,63655028010661,50
3593,63720734010661,50
3594,64567085010661,50
3595,96232071010661,52
3596,69846620010661,52
3597,63793026010661,50
3598,64609207010661,51
3599,90590339010661,50
3600,64699568010661,50
3601,64206777010661,50
3602,69767822010661,50
3603,63793327010661,50
3604,63836365010661,50
3605,102555381010661,51
3606,63836808010661,50
3607,90696013010661,50
3608,63837198010661,50
3609,69942897010661,50
3610,96226580010661,50
3611,90613243010661,51
3612,90761578010661,51
3613,90710207010661,51
3614,90696244010661,50
3615,69887485010661,50
3616,69853741010661,51
3617,90696311010661,50
3618,90710307010661,51
3619,69938946010661,50
3620,63812056010661,50
3621,69967884010661,50
3622,63812608010661,50
3623,63743282010661,50
3624,63837882010661,50
3625,64491468010661,50
3626,96161942010661,50
3627,63838151010661,50
3628,96252308010661,51
3629,63838590010661,50
3630,64453793010661,51
3631,90710532010661,51
3632,63846483010661,51
3633,96257337010661,50
3634,63794797010661,50
3635,64189881010661,53
3636,69939047010661,50
3637,96252583010661,51
3638,102487740010661,50
3639,90696811010661,50
3640,63846652010661,51
3641,63838900010661,50
3642,69888005010661,50
3643,96252782010661,50
3644,69962268010661,50
3645,64069425010661,50
3646,90633064010661,51
3647,90697096010661,50
3648,63847041010661,51
3649,96228094010661,50
3650,102487574010661,50
3651,90697221010661,50
3652,63796542010661,50
3653,64486933010661,50
3654,63872329010661,50
3655,64083009010661,52
3656,63796665010661,50
3657,63847546010661,51
3658,90653349010661,51
3659,64683873010661,50
3660,63872835010661,50
3661,64684170010661,50
3662,63797002010661,50
3663,90653411010661,51
3664,90633231010661,51
3665,90653459010661,51
3666,63649688010661,50
3667,90633357010661,52
3668,90653568010661,51
3669,69857411010661,50
3670,90633465010661,51
3671,69884234010661,52
3672,96162612010661,50
3673,64560090010661,51
3674,90633557010661,52
3675,102489279010661,50
3676,69884303010661,52
3677,90733955010661,50
3678,96162787010661,50
3679,90654914010661,50
3680,90594983010661,51
3681,96236027010661,50
3682,64560724010661,51
3683,90734018010661,50
3684,64560947010661,51
3685,64401393010661,50
3686,90734077010661,50
3687,90594351010661,51
3688,90747137010661,50
3689,90734272010661,50
3690,102489339010661,51
3691,102487241010661,50
3692,90749741010661,50
3693,90734345010661,50
3694,96163342010661,50
3695,63839519010661,50
3696,90734443010661,51
3697,96261551010661,50
3698,96163436010661,50
3699,102489282010661,50
3700,90655996010661,50
3701,64684869010661,50
3702,90592291010661,51
3703,64684990010661,50
3704,69832542010661,52
3705,64697076010661,50
3706,97221306010661,50
3707,64001444010661,50
3708,69859331010661,50
3709,64685509010661,50
3710,63661013010661,50
3711,102488238010661,50
3712,64002129010661,50
3713,63651306010661,50
3714,64622563010661,50
3715,90734612010661,51
3716,96207526010661,51
3717,63873396010661,50
3718,63873981010661,50
3719,63874323010661,50
3720,64220907010661,50
3721,102554211010661,50
3722,69919093010661,51
3723,64596166010661,52
3724,102488127010661,50
3725,64005932010661,50
3726,64050010010661,50
3727,69919212010661,51
3728,64050456010661,50
3729,64006386010661,50
3730,64006517010661,50
3731,64221768010661,50
3732,63839618010661,50
3733,69922175010661,50
3734,69793288010661,50
3735,90592960010661,51
3736,63661326010661,50
3737,64052297010661,50
3738,64567321010661,50
3739,64277181010661,51
3740,69793373010661,50
3742,64277399010661,51
3743,69793468010661,50
3744,64568549010661,50
3745,69793526010661,50
3746,90750311010661,50
3747,69793721010661,50
3748,64569813010661,50
3749,102555651010661,51
3750,102551322010661,50
3751,64570371010661,50
3752,69793877010661,50
3753,69793992010661,50
3754,64278574010661,51
3755,90657782010661,50
3756,69891491010661,51
3757,64323946010661,50
3758,64571195010661,50
3759,64212983010661,50
3760,102553539010661,50
3761,102553356010661,50
3762,90622702010661,52
3763,63661869010661,50
3764,69794265010661,50
3765,69891564010661,51
3766,90622793010661,52
3767,64571625010661,50
3768,69794381010661,50
3769,96238081010661,50
3770,90622878010661,52
3771,69891602010661,51
3772,64573169010661,50
3773,69917122010661,51
3774,63662401010661,50
3775,69928171010661,50
3776,63662462010661,50
3777,69825709010661,50
3778,69794867010661,50
3779,69891780010661,51
3780,69825759010661,50
3781,64439126010661,51
3782,64222765010661,50
3783,69825799010661,50
3784,102549186010661,50
3785,69974157010661,50
3786,90750615010661,50
3787,69825907010661,50
3788,102482987010661,50
3789,64069874010661,50
3790,64223277010661,50
3791,64070428010661,50
3792,69826144010661,50
3793,69826341010661,50
3794,102485231010661,50
3795,63663471010661,50
3796,64072104010661,50
3797,69974274010661,50
3798,69826650010661,50
3799,63663788010661,50
3800,96213466010661,50
3801,64072822010661,50
3802,102554460010661,50
3803,64455095010661,51
3804,64183625010661,50
3805,69826734010661,50
3806,64073251010661,50
3807,69826866010661,50
3808,69826963010661,50
3809,63761475010661,50
3810,64184563010661,50
3811,90716646010661,50
3812,90716667010661,50
3813,102555192010661,50
3814,64185203010661,50
3815,69897193010661,52
3816,102551499010661,51
3817,64074899010661,50
3818,90716753010661,50
3819,102554205010661,50
3820,64075028010661,50
3821,90716847010661,50
3822,64185604010661,50
3823,69939187010661,50
3824,90761694010661,51
3825,90716952010661,50
3826,90761776010661,51
3827,63761837010661,50
3828,96214135010661,50
3829,64214582010661,50
3830,63762262010661,50
3831,90717067010661,50
3832,90761877010661,51
3833,63762367010661,50
3834,90717193010661,50
3835,64215632010661,50
3836,90762055010661,51
3837,90651134010661,53
3838,69939593010661,50
3839,69974366010661,50
3840,90762163010661,51
3841,63762940010661,50
3842,102488562010661,50
3843,69962503010661,50
3844,64217175010661,50
3845,63763323010661,50
3846,64217651010661,50
3847,69962642010661,50
3848,90651283010661,52
3849,69940273010661,50
3850,63763646010661,50
3851,69962932010661,50
3852,63764062010661,50
3853,63855435010661,50
3854,63855571010661,50
3855,64327303010661,50
3856,64218545010661,50
3857,69963045010661,50
3858,69963167010661,50
3859,64218928010661,50
3860,69963242010661,50
3861,69828380010661,50
3862,64328706010661,50
3863,69940820010661,50
3864,90617557010661,50
3865,90617647010661,50
3866,69941047010661,50
3867,102486515010661,50
3868,90775511010661,50
3869,64330904010661,50
3870,90617979010661,50
3871,63856385010661,50
3872,64331255010661,50
3873,63857017010661,50
3874,64452194010661,51
3875,64332245010661,50
3876,90618569010661,50
3877,90618778010661,50
3878,90618870010661,50
3879,90741710010661,50
3880,90618943010661,50
3881,90741782010661,50
3882,90595248010661,51
3883,90741936010661,50
3884,64335015010661,50
3885,63642237010661,51
3886,90619257010661,50
3887,63858067010661,50
3888,64335727010661,50
3889,63858272010661,50
3890,102488343010661,50
3891,102554814010661,50
3892,90679059010661,50
3893,90742599010661,50
3894,90742725010661,50
3895,90679137010661,50
3896,90742843010661,50
3897,90742887010661,50
3898,64467537010661,50
3899,64624986010661,50
3900,90679258010661,50
3901,64468299010661,50
3902,90679467010661,50
3903,96209201010661,51
3904,64469011010661,50
3905,96209340010661,51
3906,64470763010661,50
3907,90679699010661,50
3908,64472417010661,50
3909,102488088010661,50
3910,64628127010661,50
3911,64475371010661,50
3912,96209558010661,51
3913,64476248010661,50
3914,69859759010661,50
3915,90619505010661,50
3916,64517711010661,50
3917,64518671010661,50
3918,69860224010661,50
3919,64183957010661,51
3920,69860550010661,50
3921,69860732010661,50
3922,64524497010661,50
3923,69861020010661,50
3924,69861066010661,50
3925,64525500010661,50
3926,102487085010661,51
3927,69928398010661,50
3928,64186687010661,51
3929,69928686010661,50
3930,64225655010661,50
3931,69929158010661,50
3932,102487397010661,51
3933,64226018010661,50
3934,64187548010661,51
3935,69929289010661,51
3936,64311585010661,51
3937,69929434010661,50
3938,64227021010661,50
3939,69929646010661,50
3940,64228007010661,50
3941,69929685010661,50
3942,69929767010661,50
3943,90657858010661,50
3944,69929952010661,50
3945,102554538010661,50
3946,90657982010661,50
3947,102554457010661,50
3948,90658198010661,50
3949,90658286010661,50
3950,69974459010661,50
3951,90658416010661,50
3952,69974891010661,50
3953,69974990010661,50
3954,69975361010661,50
3955,90658934010661,50
3956,69975654010661,50
3957,69975781010661,50
3958,69975966010661,50
3959,69976041010661,50
3960,102553566010661,51
3961,69976288010661,50
3962,64457151010661,51
3963,102555804010661,51
3964,64457711010661,51
3965,90601425010661,50
3966,90601761010661,50
3967,64485080010661,51
3968,90601957010661,50
3969,64485723010661,51
3970,90602061010661,50
3971,90750846010661,50
3972,90750942010661,50
3973,69919701010661,51
3974,90602454010661,50
3975,90751066010661,50
3976,90602606010661,50
3977,90602680010661,50
3978,90602734010661,50
3979,69919891010661,51
3980,90603012010661,50
3981,90751525010661,50
3982,69919995010661,51
3983,90751754010661,50
3984,90751885010661,50
3985,90751971010661,50
3986,69920249010661,51
3987,90752180010661,50
3988,69920525010661,51
3989,90752301010661,50
3990,90752348010661,50
3991,90752420010661,50
3992,69920605010661,51
3993,90773882010661,50
3994,90595480010661,51
3995,90595683010661,51
3996,90595708010661,51
3997,90596012010661,51
3998,90596264010661,51
3999,90596379010661,51
4000,90685878010661,50
4001,102550365010661,51
4002,64546976010661,50
4003,90712855010661,50
4004,64700618010661,50
4005,64369156010661,50
4006,90694540010661,50
4007,90693242010661,50
4008,64067471010661,50
4009,90730013010661,50
4010,90730905010661,50
4011,90714050010661,50
4012,63750950010661,50
4013,64662515010661,50
4014,63669402010661,50
4015,64066947010661,50
4016,69950640010661,51
4017,64673406010661,50
4018,64663734010661,50
4019,69951968010661,50
4020,64699242010661,50
4021,63793779010661,50
4022,64229494010661,50
4023,63997939010661,50
4024,90693825010661,50
4025,69791813010661,50
4026,64203739010661,50
4027,69938185010661,50
4028,90713282010661,50
4029,90664636010661,50
4030,90673213010661,50
4031,90670371010661,50
4032,90715318010661,50
4033,90739851010661,50
4034,69792213010661,50
4035,90668627010661,50
4036,90747581010661,50
4037,63992760010661,50
4038,64206775010661,50
4039,64675423010661,50
4040,90746624010661,50
4041,69881861010661,50
4042,63678942010661,50
4043,64663362010661,50
4044,69876927010661,50
4045,64249044010661,50
4046,64659420010661,50
4047,107107650010661,51
4048,102550338010661,50
4049,69960448010661,50
4050,63868911010661,50
4051,63843068010661,52
4052,64284441010661,51
4053,245792255010661,50
4054,64150711010661,50
4055,102135588010661,53
4056,90774031010661,51
4057,90708181010661,50
4058,107108034010661,52
4059,64536866010661,51
4060,102133538010661,52
4061,107107785010661,50
4062,69831079010661,52
4063,69894644010661,52
4064,90641631010661,50
4065,90598505010661,50
4066,63667908010661,52
4067,69949197010661,53
4068,63668523010661,50
4069,220871333010661,51
4070,64009333010661,53
4071,64383485010661,51
4072,63990067010661,50
4073,102550584010661,51
4074,69952156010661,50
4075,107109963010661,51
4076,102134468010661,51
4077,102551784010661,52
4078,64158638010661,50
4079,90644553010661,50
4080,90635761010661,52
4081,107107707010661,52
4082,107107752010661,50
4083,69807327010661,51
4084,64239736010661,52
4085,90680714010661,51
4086,63682937010661,53
4087,102135610010661,53
4088,90675729010661,53
4089,96206619010661,51
4090,64468766010661,50
4091,102550053010661,52
4092,90744952010661,50
4093,69764058010661,50
4094,96236290010661,50
4095,107108550010661,52
4096,102553092010661,52
4097,63622055010661,52
4098,64253738010661,50
4099,69817415010661,51
4100,169115145010661,51
4101,90638169010661,52
4102,220871655010661,51
4103,102485438010661,50
4104,90754931010661,52
4105,90757117010661,50
4106,63709133010661,53
4107,69844097010661,51
4108,107107872010661,51
4109,90735404010661,51
4110,90661605010661,51
4111,90703145010661,53
4112,69933080010661,52
4113,90604552010661,51
4114,107110845010661,50
4115,64240607010661,52
4116,90733517010661,50
4117,64656255010661,53
4118,90615430010661,50
4119,96171950010661,52
4120,102486500010661,50
4121,64591210010661,52
4122,69868190010661,50
4123,90688318010661,52
4124,69966172010661,50
4125,102135562010661,51
4126,90605231010661,51
4127,245791589010661,52
4128,64575910010661,51
4129,102134870010661,51
4130,69809267010661,51
4131,64090826010661,50
4132,64582791010661,53
4133,169118057010661,51
4134,64424715010661,51
4135,245791226010661,52
4136,64095122010661,50
4137,102132287010661,51
4138,69985832010661,50
4139,90687763010661,52
4140,63746326010661,51
4141,64342255010661,51
4142,69948748010661,53
4143,90607068010661,52
4144,90611099010661,50
4145,96241744010661,51
4146,63615225010661,53
4147,107109603010661,52
4148,90638450010661,52
4149,90681164010661,51
4150,102134543010661,51
4151,102132554010661,52
4152,169116601010661,50
4153,69824286010661,50
4154,107108679010661,52
4155,90683643010661,53
4156,69983135010661,52
4157,169114263010661,52
4158,220872633010661,50
4159,169114417010661,52
4160,90695531010661,50
4161,220871717010661,50
4162,64359652010661,50
4163,102551682010661,53
4164,90613731010661,50
4165,102487809010661,52
4166,64270483010661,51
4167,102554256010661,50
4168,64390257010661,50
4169,64142268010661,52
4170,69944870010661,51
4171,64196630010661,51
4172,102551538010661,50
4173,69848892010661,52
4174,107113530010661,52
4175,64120157010661,51
4176,245791372010661,50
4177,90700639010661,50
4178,102552246010661,52
4179,90649330010661,53
4180,107108151010661,51
4181,69837467010661,50
4182,63627050010661,50
4183,69959815010661,50
4184,63717700010661,51
4185,169113855010661,51
4186,64491785010661,53
4187,107108220010661,52
4188,90635879010661,51
4189,90703463010661,53
4190,107107404010661,51
4191,107113593010661,50
4192,245790947010661,51
4193,102132311010661,51
4194,69889961010661,51
4195,69979166010661,51
4196,64676055010661,50
4197,169114603010661,52
4198,69778647010661,51
4199,102134243010661,53
4200,90745276010661,50
4201,102131709010661,53
4202,96188552010661,50
4203,102483695010661,50
4204,102132515010661,51
4205,245791608010661,51
4206,90713722010661,50
4207,90625714010661,52
4208,90775630010661,51
4209,102135899010661,51
4210,63869243010661,50
4211,63838492010661,51
4212,169116081010661,53
4213,90774675010661,50
4214,69817987010661,51
4215,69972019010661,50
4216,64583814010661,52
4217,90641359010661,50
4218,90610827010661,50
4219,69936779010661,50
4220,90612727010661,51
4221,169114385010661,51
4222,64650825010661,50
4223,64168214010661,51
4224,63774303010661,51
4225,220873523010661,51
4226,69770045010661,51
4227,102136475010661,50
4228,96212355010661,50
4229,64536588010661,51
4230,64198022010661,51
4231,90623238010661,52
4232,90674763010661,51
4233,69932392010661,52
4234,69837298010661,50
4235,90596783010661,50
4236,102137524010661,52
4237,90690217010661,52
4238,169114753010661,52
4239,63631097010661,50
4240,63752903010661,51
4241,102134348010661,51
4242,69838845010661,50
4243,69849373010661,51
4244,64239012010661,52
4245,64350306010661,51
4246,64307067010661,51
4247,220874359010661,51
4248,102484550010661,50
4249,64117189010661,51
4250,90744124010661,51
4251,64668370010661,51
4252,220871163010661,53
4253,64168590010661,53
4254,64028010010661,50
4255,102549576010661,50
4256,90591985010661,51
4257,169113577010661,53
4258,102132431010661,51
4259,102552123010661,51
4260,90616626010661,50
4261,96282832010661,53
4262,64495195010661,52
4263,64416697010661,51
4264,64533444010661,51
4265,90612539010661,51
4266,107107593010661,50
4267,69969714010661,50
4268,64488333010661,50
4269,69797931010661,52
4270,102132548010661,52
4271,90739051010661,50
4272,102486017010661,51
4273,64116582010661,51
4274,90660516010661,52
4275,90603555010661,51
4276,220871365010661,52
4277,64137881010661,53
4278,69776499010661,51
4279,107107746010661,50
4280,90611399010661,50
4281,69802579010661,50
4282,64164214010661,50
4283,102489030010661,50
4284,63655272010661,50
4285,63780708010661,52
4286,64549329010661,51
4287,220870937010661,51
4288,64380620010661,50
4289,96186270010661,52
4290,169114633010661,52
4291,102485504010661,52
4292,69780585010661,51
4293,90753098010661,50
4294,107109081010661,47
4295,102136982010661,50
4296,90624205010661,53
4297,69980838010661,51
4298,64555595010661,50
4299,69813963010661,52
4300,90687188010661,50
4301,69786921010661,51
4302,245791245010661,51
4303,90635297010661,51
4304,90729498010661,50
4305,102553518010661,50
4306,69808403010661,51
4307,220871113010661,51
4308,90609873010661,51
4309,107108352010661,51
4310,64690299010661,51
4311,102132629010661,51
4312,69809411010661,51
4313,64093191010661,50
4314,64306235010661,51
4315,102134534010661,53
4316,102555318010661,52
4317,102132620010661,51
4318,69983347010661,52
4319,63703766010661,50
4320,220871491010661,52
4321,102483560010661,51
4322,102133574010661,50
4323,96216647010661,50
4324,64495015010661,50
4325,69900768010661,51
4326,64681568010661,50
4327,169114747010661,52
4328,90775315010661,50
4329,64117126010661,51
4330,245791903010661,53
4331,69866463010661,51
4332,107106588010661,53
4333,90609323010661,50
4334,107108292010661,50
4335,63631699010661,51
4336,90707454010661,52
4337,69905655010661,50
4338,63713957010661,53
4339,220871281010661,53
4340,64343380010661,51
4341,107110110010661,52
4342,69958453010661,50
4343,63736256010661,50
4344,64036807010661,51
4345,69808272010661,51
4346,69978756010661,50
4347,107108427010661,50
4348,64067819010661,50
4349,102131549010661,53
4350,102137216010661,50
4351,220872149010661,51
4352,245791197010661,50
4353,107108178010661,51
4354,63766302010661,51
4355,63808560010661,51
4356,107113254010661,50
4357,63806961010661,51
4358,64616548010661,50
4359,64630937010661,51
4360,69801859010661,50
4361,69774484010661,53
4362,63664231010661,52
4363,102548700010661,53
4364,64140179010661,52
4365,69986692010661,50
4366,90725840010661,52
4367,102485630010661,50
4368,64574042010661,51
4369,220871543010661,51
4370,69944528010661,51
4371,63666592010661,51
4372,64650346010661,50
4373,64180220010661,51
4374,102483359010661,51
4375,102133493010661,50
4376,69875149010661,50
4377,107112075010661,50
4378,107108397010661,52
4379,90648087010661,52
4380,102133046010661,52
4381,90773925010661,51
4382,64288022010661,51
4383,102555375010661,52
4384,90743364010661,51
4385,90736704010661,51
4386,90607247010661,52
4387,63824230010661,50
4388,220871775010661,50
4389,102133781010661,52
4390,107109942010661,51
4391,90758712010661,50
4392,90710871010661,51
4393,69906699010661,50
4394,63713472010661,51
4395,63829124010661,50
4396,102552306010661,50
4397,64273791010661,52
4398,64526998010661,51
4399,102134012010661,51
4400,102137556010661,50
4401,90699256010661,50
4402,90736151010661,51
4403,90685587010661,50
4404,245791360010661,52
4405,63764384010661,51
4406,107111442010661,51
4407,102132638010661,51
4408,64637512010661,51
4409,102134849010661,50
4410,63806258010661,51
4411,64411813010661,51
4412,102134450010661,52
4413,63652295010661,50
4414,102136040010661,50
4415,107109642010661,51
4416,102485465010661,50
4417,102134249010661,50
4418,90714842010661,50
4419,69808489010661,51
4420,90674320010661,51
4421,102133664010661,51
4422,102483812010661,52
4423,220874019010661,51
4424,64604056010661,51
4425,102131753010661,50
4426,102132254010661,50
4427,220872725010661,53
4428,90692962010661,50
4429,63658848010661,50
4430,220873693010661,50
4431,63842125010661,52
4432,102552957010661,50
4433,220873109010661,51
4434,102550230010661,52
4435,102552276010661,50
4436,220873847010661,53
4437,64060256010661,50
4438,63684814010661,52
4439,63709709010661,51
4440,102133181010661,52
4441,90709143010661,51
4442,169115741010661,50
4443,102132028010661,50
4444,107112432010661,50
4445,63732909010661,52
4446,102551208010661,51
4447,63618138010661,51
4448,102484391010661,50
4449,102134009010661,50
4450,169114317010661,50
4451,64338895010661,53
4452,69850468010661,52
4453,63970219010661,51
4454,69780856010661,51
4455,69852960010661,52
4456,169115459010661,50
4457,64630694010661,52
4458,90681278010661,51
4459,107109396010661,51
4460,69871466010661,50
4461,90698669010661,50
4462,64693783010661,50
4463,102485687010661,50
4464,102483788010661,52
4465,96281829010661,52
4466,102549369010661,50
4467,64170113010661,50
4468,90724665010661,51
4469,90661888010661,51
4470,64247808010661,50
4471,90621615010661,52
4472,63785799010661,52
4473,69910888010661,50
4474,102134747010661,52
4475,169114049010661,50
4476,102133805010661,50
4477,90724601010661,51
4478,107109660010661,50
4479,102484703010661,50
4480,102132006010661,53
4481,102132461010661,51
4482,64507633010661,50
4483,102134606010661,50
4484,107107488010661,51
4485,90737514010661,51
4486,90770349010661,51
4487,69782319010661,53
4488,90739358010661,50
4489,64057465010661,51
4490,90642560010661,51
4491,90677212010661,51
4492,90718709010661,52
4493,102132611010661,51
4494,69800458010661,50
4495,169113931010661,50
4496,64078208010661,52
4497,107111610010661,50
4498,90753554010661,53
4499,102483113010661,53
4500,107109636010661,50
4501,69849298010661,51
4502,102549444010661,51
4503,63821554010661,51
4504,64326333010661,50
4505,90645020010661,50
4506,90706955010661,47
4507,102132064010661,50
4508,69943301010661,51
4509,102136721010661,51
4510,64509421010661,50
4511,64588130010661,52
4512,102551559010661,50
4513,102550488010661,50
4514,102133295010661,51
4515,63815258010661,51
4516,107113842010661,51
4517,64077812010661,51
4518,107106636010661,53
4519,220871889010661,52
4520,64615186010661,50
4521,90776848010661,50
4522,64667533010661,51
4523,169113545010661,53
4524,102133979010661,53
4525,220871071010661,51
4526,64083348010661,53
4527,63815524010661,51
4528,90757936010661,50
4529,64443512010661,50
4530,64383255010661,50
4531,102134357010661,50
4532,64412092010661,51
4533,90593624010661,51
4534,90775018010661,50
4535,90626842010661,50
4536,63985505010661,50
4537,63970943010661,51
4538,102551661010661,50
4539,69944664010661,51
4540,69776691010661,51
4541,63615857010661,51
4542,102137424010661,52
4543,69791252010661,50
4544,107108751010661,50
4545,69839644010661,50
4546,69949968010661,50
4547,102550680010661,50
4548,107107767010661,50
4549,220874711010661,51
4550,102550785010661,50
4551,69838676010661,50
4552,64440792010661,51
4553,64512346010661,50
4554,102550944010661,50
4555,64284139010661,52
4556,90719199010661,52
4557,69909822010661,50
4558,102554652010661,51
4559,102549027010661,51
4560,107109897010661,51
4561,169115353010661,51
4562,63727051010661,50
4563,90689949010661,52
4564,90636115010661,52
4565,90642499010661,51
4566,169115029010661,50
4567,96244901010661,50
4568,102483170010661,50
4569,69881110010661,50
4570,63669870010661,50
4571,102133685010661,52
4572,90605991010661,51
4573,96243103010661,50
4574,63680166010661,52
4575,64043300010661,52
4576,107108901010661,50
4577,63683718010661,53
4578,102482939010661,53
4579,90711436010661,51
4580,69873731010661,50
4581,102132149010661,51
4582,102483557010661,51
4583,64538784010661,50
4584,220872649010661,51
4585,245791713010661,51
4586,90697758010661,53
4587,102553401010661,51
4588,64426480010661,51
4589,63670126010661,50
4590,63629915010661,50
4591,102551304010661,47
4592,102134228010661,53
4593,63622430010661,52
4594,64155941010661,51
4595,102136140010661,51
4596,63622464010661,52
4597,102136146010661,51
4598,107109669010661,50
4599,107108631010661,50
4600,102551280010661,51
4601,245793225010661,52
4602,69795756010661,50
4603,96218039010661,51
4604,64543673010661,51
4605,64658059010661,50
4606,69979646010661,51
4607,107113356010661,51
4608,63830943010661,53
4609,169115941010661,53
4610,90698020010661,53
4611,90771269010661,51
4612,69850304010661,51
4613,63690674010661,50
4614,64127875010661,52
4615,64346327010661,51
4616,220874495010661,52
4617,102489270010661,51
4618,102555402010661,52
4619,69786811010661,51
4620,102133145010661,51
4621,90669479010661,50
4622,96177144010661,53
4623,63684042010661,52
4624,90705136010661,51
4625,102485834010661,50
4626,64135296010661,51
4627,107109069010661,47
4628,64044995010661,52
4629,90692875010661,50
4630,90773279010661,52
4631,169117683010661,51
4632,90730678010661,50
4633,90775551010661,52
4634,69892765010661,52
4635,90729297010661,50
4636,69770915010661,50
4637,64698431010661,50
4638,64058646010661,51
4639,64539000010661,51
4640,63991551010661,50
4641,90689751010661,52
4642,90674908010661,51
4643,90667769010661,50
4644,64114155010661,51
4645,90699059010661,50
4646,69966655010661,51
4647,102552930010661,50
4648,69856275010661,50
4649,169116987010661,52
4650,102553122010661,50
4651,64540510010661,51
4652,90743460010661,50
4653,107111886010661,51
4654,90641746010661,50
4655,63702846010661,53
4656,64455502010661,50
4657,107108556010661,52
4658,102132839010661,52
4659,63711532010661,51
4660,64541563010661,51
4661,63703039010661,50
4662,220875185010661,51
4663,64652087010661,50
4664,90736212010661,51
4665,96230893010661,52
4666,69802998010661,50
4667,64531666010661,51
4668,69809602010661,51
4669,102134108010661,52
4670,63804320010661,50
4671,64532152010661,51
4672,69809660010661,51
4673,90757522010661,50
4674,90736307010661,51
4675,169117551010661,52
4676,64532367010661,51
4677,69809729010661,50
4678,69791534010661,50
4679,96282033010661,52
4680,63814439010661,53
4681,102489069010661,52
4682,64247302010661,50
4683,102555261010661,50
4684,245793227010661,52
4685,69801519010661,50
4686,107107758010661,50
4687,90706378010661,52
4688,69810002010661,51
4689,69870083010661,50
4690,102134168010661,50
4691,63805026010661,47
4692,64314924010661,50
4693,64548217010661,51
4694,69870201010661,50
4695,102554307010661,52
4696,69807793010661,51
4697,107108628010661,50
4698,69840341010661,50
4699,107108952010661,52
4700,64287384010661,51
4701,69870387010661,50
4702,102133148010661,51
4703,69870479010661,50
4704,102135784010661,53
4705,102138684010661,50
4706,63816468010661,51
4707,102487683010661,52
4708,102138946010661,52
4709,102554700010661,50
4710,102550911010661,50
4711,90597417010661,50
4712,102138480010661,53
4713,102137851010661,51
4714,96161141010661,51
4715,102488334010661,52
4716,102489465010661,53
4717,102138072010661,52
4718,90606083010661,51
4719,102138749010661,51
4720,69789489010661,50
4721,64406882010661,51
4722,63845017010661,52
4723,69903370010661,52
4724,102135906010661,51
4725,102137873010661,47
4726,169114539010661,50
4727,102137819010661,50
4728,107110872010661,50
4729,69926641010661,50
4730,220872671010661,51
4731,69840280010661,50
4732,96158831010661,51
4733,102484973010661,52
4734,102135128010661,53
4735,102138293010661,53
4736,90606563010661,51
4737,96286411010661,47
4738,90624531010661,53
4739,69844727010661,52
4740,69959927010661,50
4741,107110824010661,50
4742,107108001010661,51
4743,90606699010661,51
4744,63780865010661,52
4745,102552174010661,51
4746,102132332010661,51
4747,90756751010661,50
4748,90720810010661,50
4749,69970597010661,50
4750,63758784010661,50
4751,64289397010661,51
4752,90604331010661,51
4753,69890382010661,51
4754,107113116010661,51
4755,64242674010661,52
4756,245791008010661,52
4757,90639043010661,52
4758,90662245010661,51
4759,90737724010661,51
4760,69911172010661,50
4761,64292030010661,51
4762,102552870010661,53
4763,90739302010661,50
4764,69892992010661,53
4765,64016479010661,52
4766,64027442010661,50
4767,102555645010661,52
4768,90604476010661,51
4769,90597162010661,50
4770,69844782010661,51
4771,63714801010661,51
4772,245791396010661,51
4773,102134105010661,51
4774,169114881010661,50
4775,90714272010661,50
4776,90608085010661,52
4777,63844888010661,51
4778,64292979010661,51
4779,90639158010661,52
4780,69930783010661,51
4781,69892497010661,51
4782,102134768010661,52
4783,64088526010661,52
4784,69762617010661,50
4785,69781127010661,51
4786,102550227010661,52
4787,102134402010661,50
4788,63859904010661,50
4789,96288613010661,50
4790,220874985010661,52
4791,102138538010661,52
4792,69848173010661,53
4793,96254842010661,51
4794,245791125010661,51
4795,102136624010661,52
4796,102483488010661,51
4797,90768546010661,50
4798,63787406010661,50
4799,102487226010661,52
4800,69803631010661,50
4801,169115869010661,53
4802,69978252010661,50
4803,102138050010661,52
4804,90611678010661,50
4805,64669725010661,51
4806,63686391010661,50
4807,102138525010661,52
4808,64670174010661,51
4809,63969750010661,51
4810,90756002010661,52
4811,102132100010661,51
4812,64055555010661,51
4813,64281209010661,53
4814,69895318010661,52
4815,69873561010661,50
4816,102136978010661,52
4817,220872825010661,53
4818,220870861010661,50
4819,102487274010661,51
4820,64329018010661,50
4821,102489288010661,51
4822,220874621010661,51
4823,102551328010661,50
4824,69900036010661,51
4825,90689093010661,52
4826,69814056010661,52
4827,90703951010661,53
4828,63867143010661,50
4829,64096086010661,50
4830,220871175010661,51
4831,220871855010661,50
4832,64321587010661,51
4833,69890460010661,51
4834,69799919010661,53
4835,102132305010661,51
4836,102138616010661,50
4837,64055347010661,50
4838,90676825010661,51
4839,69910117010661,50
4840,90599813010661,50
4841,69812039010661,51
4842,102552207010661,50
4843,102484547010661,50
4844,64292065010661,51
4845,102550290010661,52
4846,102131517010661,53
4847,107108439010661,50
4848,107108019010661,51
4849,63849338010661,53
4850,69836412010661,52
4851,90707789010661,47
4852,90649011010661,52
4853,107109504010661,50
4854,102135569010661,51
4855,63865925010661,52
4856,96171745010661,52
4857,63866065010661,52
4858,102549381010661,50
4859,69969598010661,50
4860,69829584010661,51
4861,90676132010661,53
4862,90649105010661,52
4863,90623727010661,53
4864,107113815010661,52
4865,69803056010661,50
4866,69769391010661,50
4867,220874629010661,52
4868,90623803010661,53
4869,63805165010661,50
4870,90712264010661,50
4871,69817246010661,51
4872,220873979010661,53
4873,69904535010661,52
4874,64134866010661,51
4875,90746840010661,50
4876,107108106010661,50
4877,63736820010661,50
4878,96287448010661,52
4879,64640340010661,51
4880,69845177010661,51
4881,63991670010661,50
4882,90698810010661,50
4883,90722296010661,50
4884,90714995010661,50
4885,169118051010661,47
4886,63823258010661,51
4887,64640889010661,51
4888,102555477010661,52
4889,107113584010661,53
4890,102484970010661,52
4891,69911951010661,51
4892,63638505010661,51
4893,90641541010661,50
4894,63675609010661,50
4895,63782582010661,52
4896,90726456010661,52
4897,64432571010661,51
4898,245791444010661,52
4899,245792881010661,50
4900,64157055010661,51
4901,64432986010661,51
4902,90776666010661,52
4903,69885485010661,50
4904,220874785010661,51
4905,64433667010661,51
4906,169116409010661,50
4907,64615897010661,50
4908,102138257010661,51
4909,102132830010661,52
4910,102485750010661,53
4911,63783019010661,52
4912,102553446010661,51
4913,102134687010661,51
4914,102553026010661,53
4915,90738644010661,50
4916,69936528010661,50
4917,169116381010661,52
4918,169115881010661,51
4919,102133016010661,52
4920,63676623010661,50
4921,102549789010661,50
4922,102137886010661,50
4923,220873581010661,52
4924,220872167010661,51
4925,90756997010661,50
4926,69781331010661,51
4927,169116971010661,52
4928,69840027010661,50
4929,69867413010661,52
4930,63988720010661,50
4931,102132437010661,51
4932,102134564010661,50
4933,102549876010661,50
4934,69771566010661,50
4935,102135912010661,51
4936,102553584010661,51
4937,220874255010661,53
4938,102137242010661,51
4939,69981651010661,51
4940,102133355010661,50
4941,90616488010661,50
4942,102134351010661,50
4943,90621552010661,52
4944,220874239010661,53
4945,102549711010661,52
4946,90676564010661,51
4947,102488619010661,53
4948,102137232010661,50
4949,245792725010661,50
4950,69981837010661,51
4951,90627378010661,50
4952,107110722010661,51
4953,220873611010661,51
4954,63697848010661,50
4955,63820503010661,50
4956,102555252010661,51
4957,64031088010661,50
4958,64619911010661,50
4959,63703917010661,50
4960,69864210010661,52
4961,96226213010661,50
4962,102555357010661,52
4963,102486683010661,50
4964,90701108010661,50
4965,102550983010661,51
4966,64622462010661,50
4967,107110842010661,50
4968,169115777010661,51
4969,63818069010661,51
4970,102549216010661,51
4971,90771508010661,51
4972,90629189010661,50
4973,102132602010661,50
4974,63818546010661,51
4975,63818740010661,51
4976,102487661010661,52
4977,102138759010661,51
4978,69788220010661,51
4979,90673853010661,52
4980,69788259010661,51
4981,64162039010661,50
4982,102550200010661,51
4983,90641087010661,51
4984,63819441010661,51
4985,90675309010661,51
4986,245792274010661,52
4987,69931420010661,47
4988,169116187010661,51
4989,102552582010661,53
4990,102550890010661,50
4991,102550008010661,51
4992,220873745010661,51
4993,102137764010661,51
4994,90632741010661,51
4995,102133100010661,50
4996,90731736010661,50
4997,90642203010661,51
4998,90700044010661,50
4999,64119222010661,52
5000,69956408010661,52
5001,169116807010661,51
5002,102549978010661,51
5003,169115905010661,53
5004,64555314010661,51
5005,102135604010661,53
5006,69970798010661,50
5007,64513764010661,51
5008,102135101010661,53
5009,69770718010661,50
5010,102550026010661,52
5011,102132857010661,52
5012,63625860010661,51
5013,69956471010661,52
5014,90655244010661,50
5015,102136088010661,51
5016,63692596010661,50
5017,64563956010661,50
5018,90738130010661,51
5019,102137126010661,52
5020,90684550010661,50
5021,102548979010661,50
5022,169114057010661,50
5023,90756146010661,52
5024,63636307010661,53
5025,64143708010661,51
5026,102133268010661,50
5027,90756198010661,52
5028,64282520010661,53
5029,102135230010661,53
5030,64355746010661,52
5031,64382745010661,50
5032,63693108010661,50
5033,102133916010661,50
5034,90594748010661,51
5035,69946238010661,51
5036,90646128010661,51
5037,64023935010661,50
5038,102553347010661,50
5039,69836623010661,52
5040,102135418010661,53
5041,64223627010661,51
5042,64421163010661,51
5043,245792385010661,50
5044,64283207010661,53
5045,245791856010661,50
5046,90689169010661,52
5047,63628269010661,51
5048,64169781010661,53
5049,220873677010661,51
5050,64393104010661,50
5051,63706569010661,50
5052,220873529010661,52
5053,63628385010661,50
5054,102482636010661,50
5055,64423013010661,51
5056,90725488010661,51
5057,90684422010661,53
5058,102554079010661,51
5059,69823075010661,50
5060,102133763010661,51
5061,63748428010661,51
5062,64436312010661,51
5063,64218089010661,50
5064,64423622010661,51
5065,69801668010661,50
5066,102136953010661,52
5067,69811749010661,52
5068,90615969010661,50
5069,107113767010661,52
5070,96166227010661,51
5071,102132614010661,50
5072,169116447010661,51
5073,169114715010661,50
5074,69760399010661,52
5075,63749327010661,51
5076,96260318010661,51
5077,102484700010661,50
5078,64418087010661,51
5079,102549567010661,50
5080,69760485010661,52
5081,90621377010661,52
5082,107113029010661,52
5083,63853551010661,50
5084,69760661010661,52
5085,69853480010661,51
5086,96207770010661,51
5087,63629634010661,51
5088,90646360010661,50
5089,69936289010661,50
5090,69878364010661,50
5091,64371550010661,51
5092,102555990010661,51
5093,90722834010661,50
5094,102137411010661,51
5095,102135745010661,51
5096,90757694010661,50
5097,69878452010661,50
5098,102550563010661,51
5099,245790959010661,51
5100,69803682010661,50
5101,69878653010661,50
5102,102550236010661,52
5103,102136895010661,51
5104,169117863010661,51
5105,64061673010661,51
5106,107109123010661,50
5107,64062023010661,51
5108,102135835010661,50
5109,69790644010661,50
5110,220872771010661,51
5111,90766574010661,51
5112,69878878010661,50
5113,69855598010661,50
5114,64147626010661,50
5115,69824865010661,50
5116,220873785010661,51
5117,102488484010661,50
5118,102132071010661,50
5119,169116777010661,50
5120,102488364010661,50
5121,64554991010661,50
5122,64437611010661,53
5123,69764845010661,50
5124,64149023010661,50
5125,107109477010661,50
5126,63640576010661,51
5127,245792633010661,53
5128,64497572010661,50
5129,245792873010661,52
5130,96169470010661,51
5131,63772962010661,52
5132,64419849010661,50
5133,63983917010661,51
5134,102553623010661,51
5135,96169598010661,51
5136,169117533010661,51
5137,63634676010661,51
5138,64635345010661,52
5139,102551505010661,52
5140,102138655010661,53
5141,96169695010661,50
5142,90735840010661,51
5143,90632604010661,51
5144,102555201010661,51
5145,69901319010661,51
5146,63811388010661,50
5147,102555213010661,52
5148,245793226010661,50
5149,64269252010661,51
5150,69901440010661,51
5151,107112210010661,52
5152,69970132010661,50
5153,63729515010661,50
5154,64105998010661,50
5155,64271635010661,51
5156,102548757010661,51
5157,90647489010661,53
5158,69783191010661,51
5159,169116033010661,50
5160,63828595010661,50
5161,64446184010661,51
5162,64136758010661,52
5163,90761342010661,51
5164,102553212010661,51
5165,102137511010661,51
5166,63729928010661,50
5167,64106910010661,50
5168,102489027010661,50
5169,102138283010661,53
5170,90727808010661,50
5171,64107263010661,50
5172,63985073010661,51
5173,96190926010661,52
5174,63773650010661,52
5175,63854015010661,50
5176,63797307010661,50
5177,64107948010661,50
5178,102136344010661,51
5179,90692026010661,52
5180,169114473010661,51
5181,102550317010661,50
5182,69938639010661,50
5183,107110965010661,53
5184,102132752010661,51
5185,169117835010661,50
5186,63811059010661,51
5187,64048092010661,52
5188,107109405010661,50
5189,90692177010661,52
5190,102136354010661,51
5191,63854846010661,50
5192,64358239010661,51
5193,69784572010661,51
5194,90714548010661,50
5195,102138898010661,51
5196,64358730010661,51
5197,90709977010661,51
5198,69850740010661,51
5199,102133934010661,51
5200,90632006010661,52
5201,64058387010661,50
5202,69788530010661,51
5203,90657002010661,50
5204,102553155010661,50
5205,69850933010661,51
5206,102487758010661,50
5207,64051933010661,50
5208,102487556010661,50
5209,64112191010661,50
5210,64206209010661,50
5211,102553158010661,50
5212,96262029010661,50
5213,107113269010661,53
5214,64160190010661,50
5215,102136988010661,50
5216,90760512010661,51
5217,64518758010661,50
5218,64361719010661,52
5219,69840988010661,50
5220,102553377010661,51
5221,64314894010661,51
5222,69933980010661,53
5223,107111160010661,50
5224,102138564010661,50
5225,220875569010661,51
5226,69934072010661,52
5227,69792569010661,50
5228,102136998010661,50
5229,90591739010661,53
5230,96236362010661,50
5231,69890116010661,51
5232,102132986010661,51
5233,90678184010661,51
5234,64396911010661,50
5235,102135871010661,51
5236,90678471010661,51
5237,69946422010661,51
5238,64200226010661,50
5239,102135848010661,50
5240,102132470010661,51
5241,102550380010661,51
5242,102554763010661,51
5243,102554721010661,50
5244,102138126010661,53
5245,107112678010661,51
5246,69907358010661,50
5247,107112681010661,52
5248,102136423010661,52
5249,63613820010661,51
5250,63798514010661,50
5251,102137158010661,50
5252,63613986010661,51
5253,102554748010661,51
5254,102138309010661,51
5255,102135883010661,51
5256,90594021010661,51
5257,90661265010661,52
5258,107108727010661,50
5259,90636415010661,51
5260,102135864010661,51
5261,102135851010661,50
5262,90636517010661,51
5263,107112600010661,51
5264,64450493010661,51
5265,64172902010661,50
5266,69772500010661,50
5267,102136079010661,51
5268,102555495010661,50
5269,102555144010661,50
5270,102487232010661,50
5271,169118211010661,50
5272,102553551010661,50
5273,90671833010661,50
5274,90727184010661,52
5275,90615791010661,50
5276,90671928010661,50
5277,102554376010661,50
5278,64683113010661,52
5279,64174086010661,50
5280,107109795010661,50
5281,102138184010661,51
5282,69772663010661,50
5283,90727272010661,52
5284,102489210010661,50
5285,64255941010661,50
5286,69823361010661,50
5287,107108616010661,50
5288,90727595010661,52
5289,90749348010661,50
5290,64256140010661,50
5291,90629456010661,50
5292,96193547010661,52
5293,102138597010661,50
5294,90629611010661,50
5295,102550146010661,50
5296,90629717010661,50
5297,64082005010661,52
5298,64257388010661,50
5299,69790687010661,50
5300,102132452010661,51
5301,90629820010661,50
5302,64332415010661,50
5303,69803774010661,50
5304,69803871010661,50
5305,90629930010661,50
5306,69803988010661,50
5307,64257705010661,51
5308,107113332010661,50
5309,69952802010661,50
5310,102136708010661,51
5311,169117401010661,51
5312,64107931010661,51
5313,69804096010661,50
5314,169117715010661,50
5315,102550533010661,50
5316,220873429010661,51
5317,102136917010661,52
5318,102136481010661,50
5319,102137052010661,50
5320,102136914010661,52
5321,102554955010661,51
5322,69953156010661,50
5323,69989095010661,50
5324,102132422010661,50
5325,107111976010661,50
5326,169115083010661,50
5327,64318043010661,50
5328,69953199010661,51
5329,90682537010661,51
5330,69913827010661,50
5331,102554868010661,51
5332,69814473010661,52
5333,102137485010661,50
5334,220872815010661,53
5335,69804617010661,50
5336,102136853010661,51
5337,90682830010661,51
5338,63975868010661,50
5339,102136578010661,52
5340,69814676010661,52
5341,90769339010661,50
5342,63976262010661,51
5343,102137883010661,50
5344,69953297010661,50
5345,90642950010661,51
5346,90643040010661,50
5347,107112723010661,50
5348,69989522010661,50
5349,64479986010661,50
5350,64372046010661,50
5351,90643322010661,50
5352,69989615010661,50
5353,64480453010661,50
5354,90643492010661,51
5355,102132920010661,50
5356,107113809010661,51
5357,107110881010661,51
5358,220875223010661,51
5359,220872597010661,53
5360,63976954010661,51
5361,90652319010661,53
5362,69843200010661,50
5363,64536964010661,50
5364,90702146010661,50
5365,102550545010661,50
5366,102133106010661,50
5367,107112651010661,50
5368,63998995010661,50
5369,90646575010661,50
5370,90702382010661,51
5371,102135191010661,51
5372,63654125010661,51
5373,102554286010661,52
5374,90589536010661,50
5375,107111616010661,50
5376,69765741010661,50
5377,90759067010661,50
5378,69784958010661,51
5379,90589650010661,50
5380,69823566010661,50
5381,90759131010661,50
5382,102137757010661,51
5383,220873253010661,50
5384,90723148010661,50
5385,90655345010661,50
5386,102136255010661,50
5387,90608619010661,52
5388,107111619010661,50
5389,90723458010661,50
5390,90686515010661,51
5391,90589915010661,50
5392,90643890010661,51
5393,90686598010661,51
5394,102132215010661,52
5395,90723525010661,50
5396,69774157010661,50
5397,96279740010661,50
5398,220874247010661,51
5399,64276701010661,52
5400,90608797010661,52
5401,64123945010661,51
5402,69766679010661,50
5403,90686755010661,50
5404,64124557010661,51
5405,69785555010661,51
5406,90759633010661,50
5407,90759762010661,50
5408,90683495010661,51
5409,63719925010661,50
5410,64392772010661,50
5411,69766907010661,50
5412,63868258010661,50
5413,90609105010661,51
5414,90759864010661,51
5415,63719980010661,50
5416,64126097010661,51
5417,102549786010661,50
5418,63720157010661,50
5419,90617337010661,50
5420,64556405010661,51
5421,90590142010661,50
5422,107108100010661,50
5423,102552405010661,51
5424,102554643010661,51
5425,90590460010661,50
5426,69846671010661,52
5427,63720831010661,50
5428,245793320010661,51
5429,102138785010661,51
5430,69825575010661,50
5431,63636942010661,51
5432,69846772010661,51
5433,69846900010661,51
5434,90696126010661,50
5435,169117799010661,50
5436,107113590010661,50
5437,69887420010661,51
5438,64176676010661,51
5439,102137382010661,50
5440,90696420010661,50
5441,102134993010661,51
5442,90613501010661,50
5443,107112987010661,50
5444,102138085010661,50
5445,64068546010661,50
5446,69857332010661,50
5447,96252234010661,51
5448,64700772010661,50
5449,63813116010661,50
5450,90710448010661,51
5451,90696613010661,50
5452,64610545010661,50
5453,107112765010661,51
5454,90696657010661,50
5455,90770955010661,50
5456,64618657010661,50
5457,64069088010661,50
5458,90696855010661,50
5459,102136312010661,51
5460,63795512010661,50
5461,64180034010661,51
5462,63796046010661,50
5463,63872071010661,50
5464,96257417010661,50
5465,90678851010661,50
5466,102134165010661,50
5467,107113326010661,51
5468,64559028010661,51
5469,90613633010661,50
5470,97207774010661,50
5471,169117193010661,50
5472,107108844010661,50
5473,169117195010661,50
5474,69884129010661,52
5475,90633521010661,52
5476,96162695010661,50
5477,107112165010661,52
5478,96162899010661,50
5479,102485369010661,50
5480,107108838010661,50
5481,90734159010661,50
5482,102487550010661,50
5483,96163140010661,50
5484,220874357010661,51
5485,97221222010661,50
5486,69925253010661,50
5487,63999993010661,50
5488,64404201010661,50
5489,64000440010661,50
5490,169114221010661,51
5491,64001759010661,50
5492,102136656010661,52
5493,96258384010661,50
5494,90734658010661,51
5495,64003212010661,50
5496,69832712010661,52
5497,64003577010661,50
5498,64004283010661,50
5499,64004841010661,50
5500,63874902010661,50
5501,90750130010661,50
5502,245791275010661,50
5503,64050742010661,50
5504,64006882010661,50
5505,69923410010661,50
5506,102136804010661,50
5507,64051651010661,50
5508,245791772010661,53
5509,102138444010661,50
5510,63661155010661,50
5511,64276702010661,51
5512,64567799010661,50
5513,64277556010661,51
5514,107109711010661,50
5515,69974014010661,50
5516,64175161010661,51
5517,90622515010661,52
5518,69859577010661,50
5519,90622579010661,52
5520,102136817010661,50
5521,69919001010661,51
5522,69896740010661,52
5523,69794155010661,50
5524,102555117010661,50
5525,107106882010661,50
5526,69896839010661,52
5527,63662112010661,50
5528,64325308010661,50
5529,69794618010661,50
5530,69891663010661,51
5531,69928079010661,50
5532,69825656010661,50
5533,69794764010661,50
5534,90750481010661,50
5535,169117945010661,50
5536,169117523010661,50
5537,63663162010661,50
5538,69826055010661,50
5539,102134825010661,50
5540,64326812010661,50
5541,90592411010661,51
5542,69826211010661,50
5543,90600856010661,50
5544,169117559010661,50
5545,64071695010661,50
5546,245792853010661,50
5547,64073933010661,50
5548,69827050010661,50
5549,169116023010661,51
5550,102137468010661,50
5551,102554193010661,50
5552,90750745010661,50
5553,102138879010661,50
5554,90717280010661,50
5555,69939705010661,50
5556,69939783010661,50
5557,63763007010661,50
5558,69962450010661,50
5559,64216657010661,50
5560,69939910010661,50
5561,107111835010661,50
5562,220874823010661,50
5563,90717588010661,50
5564,69939969010661,50
5565,69940077010661,50
5566,220872293010661,51
5567,69962753010661,50
5568,69940330010661,50
5569,69940432010661,50
5570,102137181010661,50
5571,69940583010661,50
5572,102138587010661,50
5573,69828293010661,50
5574,64327779010661,50
5575,64328205010661,50
5576,102137347010661,50
5577,69940940010661,50
5578,64328898010661,50
5579,69941008010661,50
5580,90775427010661,50
5581,69941124010661,50
5582,90617878010661,50
5583,63856066010661,50
5584,107113869010661,50
5585,90618115010661,50
5586,90592728010661,51
5587,64331633010661,50
5588,90618399010661,50
5589,102489438010661,50
5590,90717701010661,50
5591,107108274010661,50
5592,107111394010661,50
5593,102484502010661,50
5594,169117431010661,50
5595,64334164010661,50
5596,96266085010661,50
5597,102486509010661,50
5598,107111373010661,50
5599,63642045010661,51
5600,90742303010661,50
5601,107112228010661,50
5602,90678976010661,50
5603,90595297010661,51
5604,107112552010661,50
5605,63642610010661,51
5606,90679377010661,50
5607,64471582010661,50
5608,90679599010661,50
5609,64627039010661,50
5610,90679774010661,50
5611,90679870010661,50
5612,107112243010661,50
5613,102488205010661,50
5614,90679978010661,50
5615,169116799010661,51
5616,90680116010661,50
5617,107109771010661,50
5618,69859710010661,50
5619,90619388010661,50
5620,64516360010661,50
5621,69859879010661,50
5622,102555969010661,50
5623,69860041010661,50
5624,63643703010661,51
5625,64522924010661,50
5626,102137569010661,50
5627,102552948010661,50
5628,102137693010661,50
5629,102137699010661,50
5630,102552531010661,50
5631,102554541010661,50
5632,102135505010661,50
5633,64224247010661,50
5634,64224675010661,50
5635,102135332010661,50
5636,220873455010661,51
5637,102138305010661,50
5638,220873325010661,51
5639,69929376010661,50
5640,69929586010661,50
5641,90658349010661,50
5642,69974632010661,50
5643,107113608010661,50
5644,90658529010661,50
5645,69975096010661,50
5646,90658794010661,50
5647,69975463010661,50
5648,102137322010661,50
5649,90659127010661,50
5650,64455893010661,51
5651,102138391010661,50
5652,69806913010661,50
5653,102131609010661,50
5654,107110662010661,50
5655,90601053010661,50
5656,90601165010661,50
5657,90601269010661,50
5658,90601645010661,50
5659,245791033010661,51
5660,90602237010661,50
5661,90602493010661,50
5662,90751144010661,50
5663,90602822010661,50
5664,107113347010661,50
5665,107110848010661,50
5666,107113575010661,50
5667,90773778010661,50
5668,69920107010661,51
5669,102136101010661,51
5670,90752056010661,50
5671,69920344010661,51
5672,69920373010661,51
5673,90752517010661,50
5674,69920688010661,51
5675,90752615010661,50
5676,90603238010661,50
5677,90603317010661,50
5678,90752652010661,50
5679,90595349010661,51
5680,90595559010661,51
5681,90595769010661,51
5682,90595897010661,51
5683,90596157010661,51
5684,69824130010661,50
5685,90609980010661,51
5686,90609221010661,50
5687,90678608010661,50
5688,220872399010661,50
5689,107108586010661,50
5690,69817934010661,50
5691,63668785010661,50
5692,220872051010661,50
5693,64352707010661,50
5694,107107365010661,50
5695,102134753010661,50
5696,64361041010661,50
5697,96244745010661,50
5698,90668153010661,50
5699,90664051010661,50
5700,90713068010661,50
5701,90746256010661,50
5702,102134963010661,50
5703,90668395010661,50
5704,90749053010661,50
5705,90753437010661,50
5706,90772124010661,50
5707,102133556010661,50
5708,63859979010661,50
5709,69971586010661,50
5710,220872539010661,50
5711,168272109020004,51
5712,245791643010661,51
5713,306349705489998,50
5714,168270693020004,50
5715,465278183489998,50
5716,373754012489998,50
5718,63620106010661,53
5719,102550467010661,52
5720,245792549010661,51
5721,90634791010661,51
5722,14532101020004,51
5723,64674541010661,50
5724,107109426010661,52
5725,90680598010661,51
5726,90731194010661,50
5727,69902077010661,52
5728,102133841010661,50
5729,63801154010661,52
5730,14532213020004,51
5731,245791927010661,53
5732,64009990010661,52
5733,168270936020004,52
5734,90728299010661,50
5735,245792396010661,50
5736,64281924010661,52
5737,306349829489998,50
5738,245791472010661,51
5739,102549960010661,51
5740,245792924010661,52
5741,249881174489998,52
5742,245791836010661,53
5743,107107377010661,50
5744,373752388489998,51
5745,14531472020004,53
5746,64413286010661,51
5747,63737848010661,50
5748,102549390010661,50
5749,102548856010661,53
5750,168271663020004,53
5751,64232522010661,50
5752,64660212010661,50
5753,168272916020004,53
5754,107107143010661,50
5755,102132317010661,51
5756,465276557489998,50
5757,168271553020004,53
5758,220872441010661,51
5759,168272915020004,51
5760,69925762010661,50
5761,249881569489998,53
5762,102552120010661,50
5763,14531297020004,52
5764,306349699489998,52
5765,64456064010661,50
5766,90659556010661,52
5767,465276763489998,52
5768,90662975010661,50
5769,245790937010661,51
5770,14531732020004,52
5771,102133784010661,47
5772,90646212010661,50
5773,14532694020004,52
5774,90648310010661,52
5775,245791235010661,50
5776,90663413010661,50
5777,102133175010661,52
5778,63814845010661,51
5779,102484010010661,52
5780,90620880010661,52
5781,90746072010661,50
5782,373752455489998,47
5783,102549582010661,50
5784,245793256010661,51
5785,14532609020004,51
5786,168271161020004,51
5787,102132545010661,52
5788,249881370489998,53
5789,306349825489998,50
5790,90644734010661,50
5791,102549213010661,50
5792,63657588010661,50
5793,69980320010661,51
5794,63784460010661,52
5795,63685038010661,52
5796,169113963010661,51
5797,245790997010661,50
5798,168271381020004,52
5799,102554787010661,52
5800,102132455010661,51
5801,169113695010661,53
5802,220872997010661,53
5803,64317825010661,53
5804,14532268020004,53
5805,220872237010661,52
5806,245793018010661,51
5807,90664528010661,50
5808,168271427020004,51
5809,14532882020004,53
5810,14531645020004,50
5811,14531307020004,51
5812,249881010489998,50
5813,64409478010661,53
5814,90738592010661,50
5815,102132746010661,51
5816,90653039010661,51
5817,220871341010661,50
5818,90756575010661,50
5819,102134045010661,53
5820,64277908010661,52
5821,220871383010661,50
5822,14532083020004,52
5823,64681572010661,52
5824,168271532020004,51
5825,69807459010661,51
5826,96188270010661,50
5827,169113383010661,54
5828,107107428010661,51
5829,90596881010661,50
5830,90724145010661,51
5831,90640164010661,50
5832,14532246020004,51
5833,96198549010661,50
5834,69873288010661,50
5835,107109501010661,52
5836,14532056020004,51
5837,90744690010661,50
5838,102132617010661,51
5839,14533477020004,53
5840,64551528010661,50
5841,69930841010661,51
5842,69851920010661,53
5843,90648568010661,52
5844,102132296010661,51
5845,69771296010661,50
5846,14532710020004,50
5847,169115425010661,51
5848,220875275010661,53
5849,64346557010661,52
5850,69835259010661,52
5851,168272439020004,50
5852,102133298010661,51
5853,220871415010661,51
5854,107110080010661,50
5855,69856762010661,50
5856,90635043010661,51
5857,64346997010661,52
5858,107109756010661,51
5859,102482654010661,53
5860,220874547010661,52
5861,102552087010661,50
5862,90745694010661,50
5863,107106558010661,53
5864,14531416020004,50
5865,245791702010661,52
5866,90707116010661,52
5867,249881699489998,50
5868,69899141010661,51
5869,107107197010661,51
5870,14533050020004,52
5871,64344104010661,51
5872,90689666010661,52
5873,63864020010661,52
5874,306349553489998,50
5875,107107599010661,50
5876,90634713010661,51
5877,69857043010661,50
5878,102135915010661,51
5879,102131539010661,53
5880,168271656020004,53
5881,102137654010661,52
5882,169116189010661,51
5883,102486248010661,53
5884,64288916010661,51
5885,107107479010661,51
5886,14531734020004,52
5887,373752409489998,50
5888,102133598010661,50
5889,169115165010661,52
5890,102133172010661,52
5891,69988416010661,50
5892,96184505010661,52
5893,14532093020004,51
5894,90718457010661,52
5895,69858970010661,50
5896,63786207010661,52
5897,220872331010661,50
5898,90700420010661,50
5899,102134507010661,53
5900,69875242010661,50
5901,96168452010661,50
5902,169116717010661,52
5903,168271358020004,51
5904,90631598010661,51
5905,102134525010661,51
5906,64245806010661,50
5907,102551178010661,50
5908,102132878010661,52
5909,249881513489998,50
5910,373752694489998,50
5911,102552525010661,50
5912,168271494020004,52
5913,64127678010661,53
5914,168271681020004,53
5915,90656587010661,50
5916,107111055010661,51
5917,245792001010661,51
5918,90705552010661,51
5919,102132512010661,51
5920,102134177010661,51
5921,90664352010661,50
5922,90754502010661,52
5923,245791824010661,51
5924,14531721020004,50
5925,102132821010661,52
5926,90740037010661,50
5927,14533388020004,50
5928,14531429020004,52
5929,373751540489998,50
5930,249880867489998,52
5931,220870837010661,51
5932,14533115020004,52
5933,102133787010661,52
5934,69783735010661,51
5935,220872901010661,50
5936,245791939010661,53
5937,107108658010661,50
5938,90609731010661,50
5939,245792193010661,51
5940,102135896010661,51
5941,90719055010661,52
5942,373752436489998,50
5943,168271413020004,51
5944,90621343010661,52
5945,90758236010661,51
5946,245793235010661,53
5947,64167312010661,53
5948,465276700489998,51
5949,465276449489998,52
5950,64086365010661,50
5951,64343710010661,52
5952,14531578020004,51
5953,168271426020004,52
5954,107111271010661,51
5955,64431408010661,51
5956,64523641010661,50
5957,90656314010661,50
5958,102138024010661,51
5959,90755785010661,52
5960,169116473010661,51
5961,168271311020004,51
5962,249881235489998,50
5963,306349614489998,52
5964,102489006010661,51
5965,168270814020004,50
5966,90728639010661,50
5967,107107161010661,50
5968,102133838010661,50
5969,14531510020004,52
5970,107108304010661,50
5971,90650897010661,52
5972,102550632010661,52
5973,90775820010661,50
5974,465277278489998,50
5975,64342448010661,52
5976,107112948010661,50
5977,96216458010661,51
5978,220872849010661,51
5979,245791819010661,53
5980,465277213489998,53
5981,69843925010661,52
5982,373753591489998,50
5983,69904179010661,52
5984,63766078010661,51
5985,64296263010661,50
5986,220875169010661,51
5987,245791602010661,50
5988,102550752010661,50
5989,373753832489998,50
5990,64065312010661,50
5991,102551904010661,50
5992,63802883010661,52
5993,102138590010661,51
5994,220873821010661,50
5995,90711195010661,51
5996,102134150010661,50
5997,90698116010661,53
5998,14531842020004,52
5999,245791954010661,53
6000,69850139010661,51
6001,96181790010661,53
6002,90632167010661,51
6003,90760696010661,51
6004,64561169010661,50
6005,63688808010661,50
6006,373753466489998,53
6007,220874931010661,53
6008,306350161489998,51
6009,90719543010661,52
6010,168271601020004,53
6011,102132845010661,52
6012,245792495010661,50
6013,306350395489998,52
6014,102138325010661,50
6015,14531766020004,50
6016,102483470010661,50
6017,465277566489998,53
6018,465277578489998,51
6019,169114327010661,50
6020,373753073489998,53
6021,14532730020004,50
6022,63640093010661,51
6023,245791002010661,51
6024,168270785020004,50
6025,168270690020004,50
6026,90610156010661,51
6027,63723221010661,52
6028,102553182010661,51
6029,102133952010661,50
6030,102135935010661,51
6031,90674566010661,51
6032,69870671010661,50
6033,465277388489998,51
6034,63618671010661,51
6035,249880979489998,52
6036,64269568010661,51
6037,169113381010661,54
6038,249881040489998,51
6039,63664842010661,51
6040,63680097010661,52
6041,102482690010661,53
6042,69774809010661,53
6043,168271710020004,51
6044,168271685020004,53
6045,96253440010661,51
6046,220873747010661,51
6047,102138210010661,51
6048,63623525010661,52
6049,102134312010661,50
6050,168271121020004,51
6051,90665091010661,50
6052,90665161010661,50
6053,245792509010661,53
6054,168270672020004,50
6055,90639122010661,52
6056,64016767010661,52
6057,245791534010661,50
6058,14532785020004,53
6059,64131255010661,52
6060,102136377010661,52
6061,245791298010661,50
6062,14532644020004,53
6063,14532621020004,53
6064,63668108010661,51
6065,102554175010661,52
6066,69985603010661,50
6067,102136380010661,52
6068,306350254489998,53
6069,64089282010661,52
6070,169114943010661,52
6071,64669299010661,51
6072,64278949010661,53
6073,90599896010661,50
6074,69798861010661,52
6075,14533303020004,53
6076,249881203489998,50
6077,64289876010661,51
6078,64338490010661,52
6079,63867169010661,50
6080,102550656010661,52
6081,14531634020004,50
6082,64290606010661,51
6083,14532927020004,53
6084,90733083010661,50
6085,63685797010661,52
6086,245791182010661,52
6087,465277628489998,51
6088,169118055010661,51
6089,107110917010661,51
6090,168271748020004,52
6091,107110017010661,52
6092,69985968010661,50
6093,90649159010661,52
6094,168271340020004,53
6095,14532786020004,53
6096,168271813020004,52
6097,63770865010661,52
6098,63988999010661,50
6099,90705339010661,51
6100,63616442010661,51
6101,220875383010661,51
6102,102550671010661,50
6103,102136011010661,52
6104,168272638020004,50
6105,220875535010661,52
6106,102555447010661,53
6107,63987297010661,50
6108,64137789010661,50
6109,64357234010661,50
6110,245792478010661,53
6111,102549600010661,51
6112,14531911020004,50
6113,102553221010661,51
6114,64294522010661,51
6115,69811484010661,52
6116,14532685020004,51
6117,14531489020004,50
6118,102483998010661,52
6119,102138645010661,50
6120,96172840010661,52
6121,102132293010661,51
6122,63850729010661,53
6123,64156411010661,51
6124,64080465010661,52
6125,14533586020004,51
6126,90743616010661,51
6127,102132788010661,51
6128,63737137010661,50
6129,102137084010661,51
6130,169116331010661,51
6131,102486989010661,52
6132,63695215010661,52
6133,102550806010661,50
6134,102549645010661,51
6135,168271674020004,53
6136,245791181010661,52
6137,249881297489998,51
6138,63712371010661,51
6139,306350224489998,51
6140,14533162020004,50
6141,102549615010661,51
6142,245793008010661,53
6143,102132926010661,51
6144,90656807010661,50
6145,373752899489998,53
6146,69957066010661,51
6147,245791569010661,52
6148,102132632010661,51
6149,102484643010661,50
6150,14533518020004,51
6151,69901225010661,51
6152,102132518010661,52
6153,102133460010661,50
6154,102550179010661,51
6155,90768733010661,50
6156,107107041010661,50
6157,102551847010661,52
6158,102132464010661,51
6159,102137647010661,52
6160,168271743020004,51
6161,168271853020004,50
6162,107108118010661,51
6163,90737911010661,51
6164,245792622010661,53
6165,64531107010661,50
6166,69812518010661,52
6167,14533264020004,51
6168,90731923010661,50
6169,107111484010661,51
6170,90645113010661,50
6171,168270790020004,51
6172,64099566010661,51
6173,249882405489998,52
6174,169117989010661,51
6175,63619080010661,51
6176,107111280010661,51
6177,64048766010661,50
6178,168272540020004,52
6179,96277197010661,51
6180,249882251489998,51
6181,69906837010661,50
6182,107109510010661,51
6183,63692893010661,50
6184,102555783010661,51
6185,168270870020004,51
6186,102132093010661,51
6187,90756304010661,52
6188,96288201010661,52
6189,63666477010661,52
6190,169114063010661,50
6191,63774849010661,51
6192,168272321020004,53
6193,102486209010661,53
6194,245792381010661,51
6195,69801950010661,50
6196,64421725010661,51
6197,102485546010661,52
6198,249881841489998,51
6199,64668389010661,50
6200,69883134010661,52
6201,96200658010661,50
6202,102133955010661,51
6203,249882091489998,50
6204,64677764010661,52
6205,249881982489998,53
6206,373752363489998,51
6207,168272327020004,53
6208,63993710010661,50
6209,69803554010661,50
6210,102134426010661,50
6211,102553341010661,50
6212,245791443010661,52
6213,168272493020004,52
6214,465277379489998,51
6215,90646469010661,51
6216,14533551020004,50
6217,69952438010661,50
6218,249882248489998,51
6219,220873699010661,50
6220,102486890010661,50
6221,102556011010661,51
6222,102132002010661,53
6223,63728129010661,50
6224,64147144010661,51
6225,14531502020004,50
6226,102488379010661,51
6227,102553770010661,51
6228,102132593010661,50
6229,69765082010661,50
6230,306350509489998,52
6231,245793183010661,51
6232,102555660010661,50
6233,69765280010661,50
6234,245791532010661,50
6235,102553632010661,51
6236,220874697010661,50
6237,69925092010661,50
6238,220870961010661,51
6239,90692091010661,52
6240,249882330489998,51
6241,245791672010661,50
6242,102136117010661,51
6243,373753639489998,50
6244,64076607010661,50
6245,69922346010661,50
6246,90732474010661,51
6247,14533200020004,52
6248,102555366010661,50
6249,107111922010661,52
6250,64231651010661,50
6251,69933727010661,52
6252,220875373010661,51
6253,64360872010661,52
6254,102138519010661,52
6255,245793019010661,51
6256,249882275489998,51
6257,14533024020004,50
6258,96225360010661,50
6259,102554835010661,50
6260,64161486010661,51
6261,64617029010661,50
6262,306350435489998,51
6263,102484571010661,50
6264,168272637020004,50
6265,90733891010661,50
6266,249882281489998,51
6267,64178942010661,51
6268,90678323010661,51
6269,102554754010661,51
6270,102135854010661,50
6271,220871675010661,51
6272,63813447010661,50
6273,14532493020004,51
6274,69946711010661,51
6275,90661075010661,52
6276,90636348010661,51
6277,14532762020004,51
6278,90711840010661,51
6279,102554862010661,51
6280,102554367010661,50
6281,102553854010661,50
6282,102489420010661,50
6283,14532577020004,50
6284,102554055010661,50
6285,373753739489998,51
6286,102554370010661,50
6287,102136184010661,52
6288,102135556010661,51
6289,102554481010661,50
6290,64273049010661,52
6291,102135739010661,51
6292,168271884020004,52
6293,69908057010661,51
6294,69966977010661,51
6295,69967079010661,50
6296,63790231010661,50
6297,102554082010661,50
6298,64462002010661,52
6299,102138924010661,50
6300,102136491010661,50
6301,306349911489998,53
6302,64476937010661,51
6303,64257978010661,50
6304,220875403010661,52
6305,306350579489998,50
6306,90712151010661,50
6307,14532091020004,50
6308,102552966010661,50
6309,69989327010661,50
6310,245792247010661,51
6311,102132911010661,50
6312,64449047010661,50
6313,64683058010661,50
6314,107111187010661,51
6315,63827965010661,50
6316,90683250010661,51
6317,220874461010661,50
6318,90683386010661,51
6319,107112966010661,50
6320,14532858020004,51
6321,64375190010661,50
6322,168271219020004,50
6323,107111622010661,50
6324,102136242010661,50
6325,102137848010661,51
6326,107112417010661,50
6327,69969150010661,50
6328,102135361010661,51
6329,64122838010661,52
6330,102136248010661,50
6331,168271800020004,51
6332,90609013010661,52
6333,249882113489998,50
6334,64183457010661,51
6335,90735718010661,51
6336,90655581010661,50
6337,69846404010661,51
6338,245793231010661,51
6339,245792634010661,51
6340,465277610489998,51
6341,69825525010661,50
6342,90613099010661,50
6343,102138875010661,51
6344,107111790010661,50
6345,96232207010661,52
6346,14532789020004,51
6347,102134735010661,51
6348,14533032020004,50
6349,107112855010661,51
6350,90613374010661,50
6351,220875523010661,50
6352,168271850020004,50
6353,14531643020004,51
6354,63846150010661,51
6355,102137405010661,51
6356,107111367010661,50
6357,69927377010661,50
6358,64082612010661,52
6359,90696975010661,50
6360,90633093010661,51
6361,168272206020004,51
6362,168272209020004,51
6363,69884367010661,52
6364,102488772010661,51
6365,102487358010661,50
6366,69832454010661,52
6367,168271306020004,50
6368,64595091010661,52
6369,69859467010661,50
6370,102550185010661,51
6371,102549162010661,50
6372,14532980020004,50
6373,245792124010661,51
6374,64324213010661,50
6375,14532387020004,50
6376,306350550489998,50
6377,245791635010661,50
6378,102550320010661,50
6379,245792848010661,50
6380,102131884010661,50
6381,14532525020004,50
6382,102138040010661,50
6383,14531705020004,51
6384,102136462010661,50
6385,64072657010661,50
6386,14533365020004,50
6387,169117573010661,50
6388,169116015010661,50
6389,168272853020004,50
6390,168272388020004,51
6391,168272954020004,50
6392,14532937020004,50
6393,90623095010661,52
6394,90717133010661,50
6395,90761956010661,51
6396,168272410020004,50
6397,102488463010661,50
6398,63763101010661,50
6399,14532954020004,50
6400,168271416020004,51
6401,69940144010661,50
6402,220875549010661,50
6403,69962860010661,50
6404,69963361010661,50
6405,14531217020004,51
6406,90618287010661,50
6407,168271985020004,50
6408,245790982010661,51
6409,90619028010661,50
6410,63857779010661,50
6411,90619210010661,50
6412,168272349020004,50
6413,102488079010661,50
6414,245792927010661,50
6415,90742426010661,50
6416,102488208010661,50
6417,245793306010661,50
6418,64625521010661,50
6419,64626019010661,50
6420,245792964010661,50
6421,306350565489998,51
6422,64520356010661,50
6423,14533270020004,50
6424,14533207020004,50
6425,220874999010661,51
6426,69860426010661,50
6427,69860881010661,50
6428,465277350489998,51
6429,69861201010661,50
6430,245791861010661,50
6431,102135502010661,50
6432,69928822010661,50
6433,14532860020004,50
6434,245792886010661,50
6435,102554574010661,50
6436,90658127010661,50
6437,90658634010661,50
6438,102137540010661,50
6439,102553563010661,51
6440,69976183010661,50
6441,90601528010661,50
6442,107110677010661,50
6443,168272272020004,50
6444,90602352010661,51
6445,14532592020004,51
6446,90751230010661,50
6447,69919964010661,51
6448,90595859010661,51
6449,102133229010661,50
6450,465276738489998,50
6451,102484127010661,51
6452,249882139489998,50
6453,249881527489998,50
6454,69959739010661,50
6455,90740228010661,50
6456,306350052489998,50
6457,249882154489998,50
