plot_id,plt_cn,eco
1,128295214010478,66
2,128295296010478,66
3,173673254010854,75
4,173673255010854,65
5,173673256010854,45
6,173673257010854,45
7,173673258010854,67
8,216089188010854,75
9,216089189010854,75
10,216089190010854,75
11,216089191010854,65
12,216089192010854,66
13,216089193010854,66
14,216089194010854,66
15,216089195010854,66
16,216089196010854,66
17,216089197010854,66
18,216089198010854,66
19,216089199010854,75
20,216089200010854,66
21,216089201010854,66
22,216089202010854,66
23,216089203010854,66
24,216089204010854,66
25,216089205010854,66
26,216089206010854,66
27,216089648010854,75
28,216089678010854,67
29,216089907010854,65
30,216090038010854,66
31,216090105010854,66
32,216090236010854,45
33,216090412010854,66
34,216090536010854,67
35,216090614010854,66
36,216090615010854,66
37,216090819010854,66
38,216090862010854,66
39,216090863010854,66
40,216090978010854,45
41,216090981010854,45
42,216091254010854,66
43,216091305010854,45
44,216091465010854,66
45,216091694010854,66
46,216091695010854,66
47,216091712010854,45
48,216091778010854,66
49,216091781010854,75
50,216091841010854,66
51,216091940010854,66
52,216092360010854,66
53,216092365010854,66
54,216092376010854,75
55,216092501010854,75
56,216092521010854,45
57,216092605010854,67
58,216092669010854,45
59,216092756010854,66
60,216092757010854,66
61,216092809010854,66
62,216092811010854,66
63,216092824010854,66
64,234986206010854,66
65,237633074010854,75
66,56566660010478,65
67,56567205010478,66
68,56567296010478,66
69,56567386010478,66
70,56567553010478,66
71,56567637010478,66
72,56567684010478,66
73,56568137010478,66
74,56568254010478,66
75,56568312010478,66
76,56568402010478,66
77,56568516010478,66
78,56568634010478,66
79,56568692010478,66
80,56568797010478,66
81,56568916010478,75
82,56569074010478,75
83,56569160010478,75
84,56569305010478,75
85,56569596010478,75
86,56569776010478,75
87,56569952010478,75
88,56570066010478,75
89,56570174010478,75
90,56570354010478,75
91,56570481010478,75
92,56570612010478,75
93,56570776010478,75
94,56571056010478,75
95,56571427010478,45
96,56571497010478,45
97,56571601010478,45
98,56571808010478,45
99,56571985010478,45
100,56572049010478,45
101,56572270010478,45
102,56572362010478,45
103,56572459010478,45
104,56572661010478,45
105,56572787010478,45
106,56573008010478,45
107,56573088010478,45
108,56573229010478,45
109,56573328010478,45
110,56573426010478,67
111,56573556010478,67
112,56573637010478,67
113,56573851010478,67
114,56574054010478,67
115,56574150010478,45
116,56574291010478,67
117,56574509010478,45
118,56574608010478,67
119,56574706010478,67
120,56574832010478,45
121,56575051010478,45
122,56575312010478,67
123,56575630010478,65
124,56575750010478,65
125,56575939010478,65
126,56576045010478,65
127,56576139010478,65
128,56576230010478,65
129,56576382010478,65
130,56576507010478,65
131,56576816010478,45
132,56576957010478,45
133,56577155010478,45
134,56577226010478,45
135,56577440010478,45
136,56577527010478,45
137,56577650010478,45
138,56577826010478,45
139,56578132010478,45
140,56578245010478,45
141,56578331010478,45
142,56578513010478,45
143,56578586010478,45
144,56579067010478,45
145,56579572010478,65
146,56579662010478,65
147,56579784010478,65
148,56579938010478,65
149,56580027010478,65
150,56580158010478,65
151,56580264010478,65
152,56580377010478,65
153,56580729010478,66
154,56580817010478,66
155,56581024010478,66
156,56581116010478,66
157,56581238010478,66
158,56581327010478,66
159,56581533010478,66
160,56581744010478,66
161,56581834010478,66
162,56581937010478,66
163,56582092010478,66
164,56582174010478,66
165,56582288010478,66
166,56582368010478,66
167,56582482010478,66
168,56582560010478,66
169,56582651010478,66
170,56582748010478,66
171,56582836010478,66
172,56582953010478,66
173,56583050010478,66
174,56583152010478,66
175,56583240010478,66
176,56583341010478,66
177,56583443010478,66
178,56583526010478,65
179,56583871010478,65
180,56584211010478,65
181,56584450010478,65
182,56584586010478,65
183,56584643010478,65
184,56584727010478,65
185,56584913010478,65
186,56585078010478,65
187,56585214010478,65
188,56585346010478,65
189,56585506010478,65
190,56585812010478,65
191,56585983010478,65
192,56586053010478,65
193,56586367010478,65
194,56586493010478,65
195,56586598010478,65
196,56586860010478,65
197,56586928010478,65
198,56586997010478,65
199,56587105010478,65
200,56587251010478,65
201,56587366010478,65
202,56587433010478,65
203,56587735010478,65
204,56588188010478,65
205,56588253010478,65
206,56588383010478,65
207,56588516010478,65
208,56588598010478,65
209,56588798010478,45
210,56588934010478,45
211,56589078010478,45
212,56589219010478,45
213,56589309010478,45
214,56589560010478,65
215,56589654010478,65
216,56589850010478,65
217,56590446010478,65
218,56590622010478,65
219,56590674010478,65
220,56590750010478,65
221,56590848010478,65
222,56590939010478,65
223,56591012010478,65
224,56591180010478,65
225,56591491010478,65
226,56591570010478,65
227,56591871010478,65
228,56591897010478,65
229,56591948010478,65
230,56592046010478,65
231,56592300010478,65
232,56592400010478,65
233,56592567010478,65
234,56592638010478,65
235,56592753010478,65
236,56593123010478,65
237,56593271010478,65
238,56593466010478,65
239,56593685010478,65
240,56593777010478,75
241,56593907010478,75
242,56594032010478,75
243,56594391010478,75
244,56594495010478,75
245,56594859010478,65
246,56594999010478,65
247,56595122010478,65
248,56595257010478,75
249,56595709010478,65
250,56596266010478,65
251,56596677010478,65
252,56596914010478,65
253,56597039010478,65
254,56597290010478,65
255,56597639010478,65
256,56597900010478,65
257,56598103010478,65
258,56598210010478,75
259,56598310010478,75
260,56598405010478,75
261,56598486010478,75
262,56598562010478,75
263,56598671010478,75
264,56598878010478,75
265,56598971010478,75
266,56599102010478,75
267,56599187010478,75
268,56599269010478,75
269,56599476010478,75
270,56599648010478,75
271,56599704010478,75
272,56599987010478,75
273,56600225010478,75
274,56600396010478,75
275,56600651010478,75
276,56600707010478,75
277,56600761010478,75
278,56600879010478,75
279,56601034010478,75
280,56601191010478,75
281,56601513010478,75
282,56601592010478,75
283,56601685010478,75
284,56601822010478,75
285,56601931010478,45
286,56602007010478,45
287,56602103010478,45
288,56602370010478,45
289,56602466010478,45
290,56603476010478,45
291,56603585010478,45
292,56603755010478,75
293,56603848010478,75
294,56603938010478,75
295,56604017010478,75
296,56604114010478,75
297,56604276010478,75
298,56604370010478,75
299,56604631010478,75
300,56604698010478,75
301,56604848010478,75
302,56604954010478,75
303,56605121010478,75
304,56605204010478,75
305,56605343010478,75
306,56605444010478,75
307,56605642010478,75
308,56605842010478,75
309,56605918010478,75
310,56606460010478,75
311,56606538010478,75
312,56606779010478,75
313,56606999010478,75
314,56607092010478,75
315,56607347010478,65
316,56607495010478,65
317,56607609010478,65
318,56607677010478,65
319,56608043010478,65
320,56608174010478,65
321,56608276010478,65
322,56608354010478,65
323,56608580010478,65
324,56608716010478,65
325,56608829010478,65
326,56609150010478,65
327,56609312010478,75
328,56609619010478,65
329,56609789010478,65
330,56610025010478,65
331,56610192010478,65
332,56610342010478,66
333,56610553010478,45
334,56610630010478,45
335,56610711010478,45
336,56610825010478,45
337,56610941010478,45
338,56611074010478,66
339,56611248010478,45
340,56611345010478,45
341,56611436010478,45
342,56611519010478,66
343,56611632010478,66
344,56611728010478,45
345,56611946010478,45
346,56612024010478,45
347,56612150010478,45
348,56612323010478,45
349,56612430010478,66
350,56612527010478,45
351,56612616010478,66
352,56613041010478,45
353,56613120010478,45
354,56613331010478,45
355,56613459010478,45
356,56613566010478,45
357,56613666010478,45
358,56613755010478,65
359,56614034010478,65
360,56614182010478,65
361,56614313010478,65
362,56614427010478,45
363,56614517010478,45
364,56614596010478,75
365,56614673010478,75
366,56614725010478,75
367,56614922010478,75
368,56615051010478,75
369,56615230010478,75
370,56615502010478,75
371,56615666010478,75
372,56615945010478,75
373,56616084010478,75
374,56616308010478,75
375,56616812010478,75
376,56617054010478,75
377,56617395010478,75
378,56617444010478,75
379,56617576010478,75
380,56618147010478,65
381,56618258010478,65
382,56618382010478,65
383,56618525010478,65
384,56618697010478,65
385,56618799010478,65
386,56618903010478,65
387,56618982010478,65
388,56619065010478,65
389,56619222010478,65
390,56619429010478,65
391,56619592010478,65
392,56619763010478,65
393,56620101010478,45
394,56620230010478,45
395,56620841010478,45
396,56621001010478,45
397,56621254010478,45
398,56621345010478,45
399,56621393010478,45
400,56621807010478,45
401,56621907010478,45
402,56622156010478,65
403,56622425010478,65
404,56622569010478,65
405,56622666010478,65
406,56622735010478,65
407,56622915010478,65
408,56623020010478,65
409,56623175010478,65
410,56623252010478,65
411,56623580010478,65
412,56623685010478,65
413,56623728010478,65
414,56623837010478,75
415,56623914010478,75
416,56624091010478,75
417,56624185010478,75
418,56624259010478,75
419,56624347010478,75
420,56624573010478,75
421,56624648010478,75
422,56624786010478,75
423,56624916010478,75
424,56625032010478,75
425,56625122010478,65
426,56625354010478,65
427,56625467010478,65
428,56625554010478,65
429,56625722010478,65
430,56625834010478,65
431,56625911010478,65
432,56626234010478,65
433,56626469010478,65
434,56626535010478,65
435,56626639010478,65
436,56626735010478,65
437,56627186010478,65
438,56627954010478,75
439,56628036010478,75
440,56628138010478,75
441,56628296010478,75
442,56628469010478,75
443,56628631010478,75
444,56628718010478,75
445,56628789010478,75
446,56628888010478,75
447,56628933010478,75
448,56629061010478,75
449,56629143010478,75
450,56629283010478,75
451,56629392010478,75
452,56629573010478,75
453,56629612010478,75
454,56629697010478,75
455,56629792010478,75
456,56630055010478,75
457,56630372010478,75
458,56630678010478,75
459,56630732010478,75
460,56630809010478,75
461,56630855010478,75
462,56630957010478,75
463,56631062010478,75
464,56631345010478,65
465,56631404010478,65
466,56631507010478,65
467,56631814010478,65
468,56631909010478,65
469,56632032010478,65
470,56632123010478,65
471,56632431010478,65
472,56632542010478,65
473,56632688010478,65
474,56632825010478,65
475,56632974010478,65
476,56633152010478,75
477,56633369010478,75
478,56633436010478,75
479,56633535010478,65
480,56633635010478,65
481,56633721010478,75
482,56633862010478,75
483,56633951010478,75
484,56634004010478,75
485,56634132010478,75
486,56634277010478,75
487,56634331010478,75
488,56634418010478,75
489,56634601010478,75
490,56634683010478,65
491,56634725010478,65
492,56634857010478,75
493,56634963010478,65
494,56635116010478,65
495,56635193010478,75
496,56635321010478,65
497,56635460010478,65
498,56635581010478,65
499,56635859010478,75
500,56635952010478,65
501,56636013010478,65
502,56636080010478,65
503,56636323010478,65
504,56636478010478,65
505,56636798010478,65
506,56637096010478,65
507,56637196010478,65
508,56637355010478,65
509,56637564010478,65
510,56637742010478,65
511,56637894010478,65
512,56638174010478,65
513,56638400010478,65
514,56638749010478,65
515,56639060010478,65
516,56639153010478,65
517,56639337010478,65
518,56639422010478,65
519,56639492010478,65
520,56639681010478,65
521,56639784010478,65
522,56639838010478,65
523,56640230010478,65
524,56640338010478,65
525,56640408010478,65
526,56640571010478,65
527,56640724010478,65
528,56641002010478,65
529,56641138010478,65
530,56641315010478,65
531,56641642010478,45
532,56641765010478,45
533,56641912010478,45
534,56642076010478,45
535,56642571010478,45
536,56642732010478,45
537,56642792010478,45
538,56643031010478,65
539,56643159010478,65
540,56643258010478,65
541,56643390010478,65
542,56643920010478,65
543,56644021010478,65
544,56644104010478,65
545,56644231010478,65
546,56644388010478,75
547,56644447010478,75
548,56644706010478,75
549,56644811010478,75
550,56644900010478,75
551,56645186010478,75
552,56645497010478,75
553,56645697010478,75
554,56645846010478,75
555,56645958010478,75
556,56646066010478,75
557,56646152010478,75
558,56646543010478,75
559,56646728010478,75
560,56646841010478,75
561,56646959010478,75
562,56647153010478,75
563,56647235010478,75
564,56647501010478,75
565,56647662010478,75
566,56647982010478,75
567,56648074010478,75
568,56648400010478,75
569,56648544010478,75
570,56648658010478,75
571,56648772010478,75
572,56648999010478,75
573,56649230010478,75
574,56649368010478,75
575,56649427010478,75
576,56649499010478,75
577,56649630010478,75
578,56649700010478,65
579,56649778010478,65
580,56649942010478,65
581,56650031010478,65
582,56650110010478,65
583,56650407010478,65
584,56650735010478,65
585,56650906010478,45
586,56651037010478,45
587,56651101010478,45
588,56651222010478,45
589,56651300010478,45
590,56651624010478,45
591,56651765010478,45
592,56652049010478,65
593,56652311010478,65
594,56652574010478,65
595,56652661010478,65
596,56652745010478,65
597,56653073010478,65
598,56653179010478,65
599,56653279010478,65
600,56653475010478,45
601,56653592010478,45
602,56653670010478,45
603,56653826010478,45
604,56653865010478,45
605,56654083010478,45
606,56654606010478,45
607,56654853010478,45
608,56654915010478,45
609,56655054010478,45
610,56655195010478,45
611,56655268010478,45
612,56655466010478,45
613,56655528010478,45
614,56655615010478,45
615,56655706010478,45
616,56655822010478,45
617,56655904010478,45
618,56656123010478,45
619,56656204010478,45
620,56656377010478,45
621,56656468010478,45
622,56656617010478,45
623,56656691010478,45
624,56656847010478,45
625,56657006010478,45
626,56657297010478,45
627,56657370010478,45
628,56657488010478,45
629,56657889010478,45
630,56658027010478,45
631,56658507010478,75
632,56658594010478,65
633,56658813010478,65
634,56658944010478,65
635,56659070010478,75
636,56659333010478,75
637,56659401010478,65
638,56659740010478,65
639,56659857010478,65
640,56659994010478,65
641,56660345010478,65
642,56660595010478,75
643,56660732010478,65
644,56660933010478,65
645,56661058010478,65
646,56661431010478,65
647,56661498010478,65
648,56661602010478,65
649,56661757010478,65
650,56662042010478,65
651,56662111010478,65
652,56662233010478,65
653,56662349010478,65
654,56662456010478,65
655,56662657010478,65
656,56662915010478,65
657,56662980010478,65
658,56663065010478,65
659,56663140010478,65
660,56663330010478,65
661,56663519010478,65
662,56663649010478,65
663,56663751010478,65
664,56663857010478,65
665,56664071010478,65
666,56664124010478,65
667,56664220010478,65
668,56664477010478,65
669,56665202010478,65
670,56665368010478,65
671,56665551010478,65
672,56665843010478,65
673,56665933010478,65
674,56666022010478,65
675,56666149010478,65
676,56666210010478,65
677,56666277010478,65
678,56666319010478,65
679,56666533010478,65
680,56666643010478,65
681,56666747010478,65
682,56667008010478,65
683,56667068010478,65
684,56667311010478,65
685,56667440010478,65
686,56667729010478,65
687,56667918010478,65
688,56668122010478,65
689,56668286010478,65
690,56668760010478,65
691,56668986010478,65
692,56669227010478,65
693,56669341010478,65
694,56669497010478,65
695,56669605010478,65
696,56669726010478,65
697,56669873010478,65
698,56669954010478,65
699,56670140010478,45
700,56670235010478,45
701,56670343010478,45
702,56670472010478,45
703,56670575010478,45
704,56670874010478,45
705,56671026010478,45
706,56671148010478,45
707,56671234010478,45
708,56671472010478,65
709,56671689010478,45
710,56671934010478,45
711,56672006010478,45
712,56672095010478,45
713,56672311010478,45
714,56672536010478,45
715,56672634010478,45
716,56672756010478,65
717,56672848010478,65
718,56672992010478,65
719,56673095010478,45
720,56673179010478,65
721,56673303010478,45
722,56673391010478,45
723,56673452010478,45
724,56673520010478,45
725,56673735010478,45
726,56673857010478,45
727,56673946010478,45
728,56674018010478,45
729,56674060010478,45
730,56674255010478,45
731,56674325010478,45
732,56674531010478,45
733,56674687010478,65
734,56674798010478,75
735,56674931010478,65
736,56674960010478,75
737,56675186010478,75
738,56675335010478,75
739,56675423010478,75
740,56675771010478,75
741,56675896010478,75
742,56676093010478,75
743,56676351010478,65
744,56676412010478,65
745,56676759010478,65
746,56677014010478,65
747,56677119010478,65
748,56677376010478,65
749,56677492010478,65
750,56677543010478,65
751,56677820010478,65
752,56677935010478,65
753,56677976010478,65
754,56678060010478,65
755,56678133010478,65
756,56678376010478,65
757,56678477010478,65
758,56678653010478,65
759,56678784010478,65
760,56679082010478,65
761,56679404010478,65
762,56679483010478,65
763,56680071010478,65
764,56680161010478,65
765,56680406010478,65
766,56680504010478,65
767,56680566010478,65
768,56680790010478,65
769,56680888010478,65
770,56680982010478,65
771,56681082010478,65
772,56681476010478,65
773,56681689010478,65
774,56681874010478,65
775,56682929010478,45
776,56683029010478,45
777,56683133010478,45
778,56684030010478,45
779,56684151010478,45
780,56684262010478,45
781,56684391010478,45
782,56684462010478,45
783,56684631010478,45
784,56684738010478,45
785,56684785010478,45
786,56684917010478,45
787,56685010010478,45
788,56685144010478,45
789,56685275010478,45
790,56685417010478,45
791,56685550010478,45
792,56685661010478,45
793,56685865010478,45
794,56686025010478,45
795,56686237010478,45
796,56686409010478,45
797,56686774010478,65
798,56687205010478,65
799,56687662010478,65
800,56687754010478,65
801,56688149010478,65
802,56688388010478,65
803,56688503010478,65
804,56688691010478,65
805,56689004010478,65
806,56689246010478,65
807,56689451010478,65
808,56690429010478,45
809,56690605010478,45
810,56690653010478,45
811,56690831010478,45
812,56690982010478,45
813,56691322010478,45
814,56691642010478,45
815,56691798010478,45
816,56691922010478,45
817,56692049010478,45
818,56692327010478,45
819,56692557010478,45
820,56692684010478,45
821,56693112010478,45
822,56693192010478,45
823,56693434010478,45
824,56693514010478,45
825,56693647010478,65
826,56693883010478,65
827,56694107010478,65
828,56694294010478,65
829,56694358010478,65
830,56694572010478,65
831,56694660010478,65
832,56694728010478,65
833,56695582010478,45
834,56695689010478,45
835,56695773010478,45
836,56695822010478,45
837,56695928010478,45
838,56696061010478,45
839,56696223010478,45
840,56696433010478,45
841,56696545010478,45
842,56697093010478,45
843,56697420010478,67
844,56697512010478,67
845,56697657010478,67
846,56697788010478,67
847,56697986010478,67
848,56698086010478,67
849,56698187010478,67
850,56698251010478,67
851,56698418010478,67
852,56698510010478,66
853,56698592010478,66
854,56698744010478,66
855,56698827010478,66
856,56698922010478,66
857,56699050010478,67
858,56699102010478,66
859,56699181010478,66
860,56699277010478,67
861,56699424010478,67
862,56699563010478,67
863,56699844010478,65
864,56699946010478,45
865,56700166010478,45
866,56700760010478,65
867,56700834010478,65
868,56700917010478,65
869,56701282010478,45
870,56701544010478,45
871,56701744010478,45
872,56701864010478,45
873,56701973010478,45
874,56702201010478,45
875,56702952010478,45
876,56703123010478,45
877,56703221010478,45
878,56703307010478,45
879,56703481010478,45
880,56703531010478,45
881,56703781010478,45
882,56703895010478,45
883,56704154010478,45
884,56704206010478,45
885,56704274010478,45
886,56704377010478,45
887,56704506010478,45
888,56705512010478,45
889,56705659010478,45
890,56705755010478,45
891,56706042010478,45
892,56706394010478,45
893,56706573010478,45
894,56706673010478,45
895,56706975010478,45
896,56707153010478,45
897,56707400010478,45
898,56707622010478,45
899,56707729010478,45
900,56707855010478,45
901,56707926010478,45
902,56708083010478,45
903,56708325010478,45
904,56708762010478,45
905,56708850010478,45
906,56709001010478,45
907,56709095010478,45
908,56709380010478,45
909,56709443010478,45
910,56709576010478,45
911,56709675010478,45
912,56709791010478,45
913,56710082010478,45
914,56710552010478,45
915,56710658010478,45
916,56710809010478,45
917,56711198010478,45
918,56711255010478,45
919,56711371010478,45
920,56711542010478,45
921,56711620010478,45
922,56711800010478,45
923,56711868010478,45
924,56712191010478,45
925,56712287010478,45
926,56712458010478,45
927,56712613010478,45
928,56712748010478,45
929,56713005010478,45
930,56713088010478,45
931,56713451010478,45
932,56713574010478,45
933,56713642010478,45
934,56713779010478,66
935,56713869010478,45
936,56714055010478,45
937,56714322010478,66
938,56714431010478,45
939,56714573010478,45
940,56714754010478,45
941,56714834010478,45
942,56714898010478,45
943,56714986010478,45
944,56715091010478,45
945,56715159010478,45
946,56715287010478,45
947,56715742010478,45
948,56715834010478,45
949,56715954010478,45
950,56716175010478,45
951,56716239010478,45
952,56716340010478,45
953,56716554010478,45
954,56716651010478,45
955,56716827010478,45
956,56716988010478,45
957,56717088010478,45
958,56717255010478,45
959,56717377010478,45
960,56717516010478,45
961,56717700010478,45
962,56717853010478,45
963,56718076010478,45
964,56718330010478,45
965,56718439010478,45
966,56718667010478,45
967,56718832010478,45
968,56719306010478,65
969,56719667010478,65
970,56720135010478,45
971,56720297010478,45
972,56720463010478,45
973,56720691010478,45
974,56720939010478,45
975,56721161010478,65
976,56721390010478,45
977,56721520010478,45
978,56721808010478,65
979,56722066010478,45
980,56722354010478,45
981,56722578010478,65
982,56722688010478,45
983,56722772010478,45
984,56722851010478,45
985,56723124010478,45
986,56723178010478,45
987,56723292010478,45
988,56723414010478,45
989,56723536010478,45
990,56723638010478,45
991,56723786010478,45
992,56723991010478,45
993,56724177010478,45
994,56724397010478,45
995,56724600010478,45
996,56724796010478,45
997,56725190010478,45
998,56725293010478,45
999,56725382010478,45
1000,56725517010478,45
1001,56725884010478,45
1002,56726167010478,45
1003,56726290010478,45
1004,56726422010478,45
1005,56726536010478,45
1006,56726650010478,45
1007,56726793010478,45
1008,56726894010478,45
1009,56727123010478,45
1010,56727183010478,45
1011,56727337010478,45
1012,56727460010478,45
1013,56727739010478,45
1014,56727848010478,45
1015,56727907010478,45
1016,56728045010478,45
1017,56728325010478,45
1018,56728441010478,45
1019,56728510010478,45
1020,56728665010478,45
1021,56728917010478,45
1022,56729002010478,45
1023,56729046010478,45
1024,56729180010478,45
1025,56729249010478,45
1026,56729397010478,45
1027,56729473010478,45
1028,56729582010478,45
1029,56729806010478,45
1030,56729976010478,45
1031,56730243010478,45
1032,56730345010478,45
1033,56730439010478,45
1034,56730563010478,45
1035,56730703010478,45
1036,56730866010478,45
1037,56730997010478,45
1038,56731093010478,45
1039,56731270010478,45
1040,56731336010478,45
1041,56731553010478,45
1042,56731720010478,45
1043,56731950010478,45
1044,56732358010478,45
1045,56732518010478,45
1046,56732649010478,45
1047,56732783010478,45
1048,56733066010478,45
1049,56733214010478,45
1050,56733296010478,45
1051,56733464010478,45
1052,56733799010478,45
1053,56734211010478,45
1054,56734450010478,45
1055,56734587010478,45
1056,56734658010478,45
1057,56734951010478,65
1058,56735074010478,65
1059,56735156010478,65
1060,56735350010478,65
1061,56735480010478,65
1062,56735674010478,65
1063,56735789010478,65
1064,56735915010478,65
1065,56736073010478,65
1066,56736388010478,65
1067,56736535010478,65
1068,56736718010478,65
1069,56736924010478,65
1070,56736996010478,65
1071,56737160010478,65
1072,56737229010478,65
1073,56737394010478,65
1074,56737497010478,65
1075,56737683010478,65
1076,56737855010478,75
1077,56737927010478,66
1078,56738078010478,66
1079,56738313010478,66
1080,56738595010478,66
1081,56738672010478,66
1082,56738735010478,66
1083,56738823010478,66
1084,56739027010478,66
1085,56739113010478,66
1086,56739223010478,66
1087,56739304010478,66
1088,56739387010478,66
1089,56739494010478,66
1090,56739572010478,66
1091,56739682010478,66
1092,56739847010478,66
1093,56739957010478,66
1094,56740043010478,66
1095,56740124010478,66
1096,56740267010478,66
1097,56740347010478,66
1098,56740440010478,66
1099,56740512010478,66
1100,56740617010478,66
1101,56740906010478,66
1102,56741068010478,45
1103,56741445010478,45
1104,56741597010478,45
1105,56741786010478,45
1106,56741908010478,67
1107,56742093010478,67
1108,56742203010478,67
1109,56742688010478,67
1110,56742778010478,67
1111,56743106010478,67
1112,56743329010478,67
1113,56743404010478,67
1114,56743488010478,67
1115,56743846010478,67
1116,56744303010478,67
1117,56744395010478,67
1118,56744518010478,67
1119,56744707010478,67
1120,56744795010478,67
1121,56744884010478,67
1122,56744943010478,67
1123,56745043010478,67
1124,56745139010478,67
1125,56745228010478,67
1126,56745287010478,45
1127,56745403010478,45
1128,56745510010478,45
1129,56745708010478,45
1130,56745813010478,45
1131,56746007010478,45
1132,56746108010478,45
1133,56746212010478,45
1134,56746361010478,45
1135,56746546010478,45
1136,56746709010478,45
1137,56746764010478,45
1138,56746936010478,45
1139,56747238010478,45
1140,56747309010478,45
1141,56747356010478,45
1142,56747571010478,45
1143,56747695010478,45
1144,56747781010478,45
1145,56747821010478,45
1146,56748097010478,45
1147,56748282010478,45
1148,56748372010478,45
1149,56748556010478,45
1150,56748676010478,45
1151,56748898010478,45
1152,56748969010478,45
1153,56749062010478,45
1154,56749159010478,45
1155,56749287010478,45
1156,56749361010478,45
1157,56749446010478,45
1158,56749549010478,45
1159,56749684010478,45
1160,56749768010478,45
1161,56749915010478,45
1162,56750029010478,45
1163,56750180010478,45
1164,56750369010478,45
1165,56750427010478,45
1166,56750497010478,45
1167,56750709010478,45
1168,56751107010478,45
1169,56751215010478,45
1170,56751309010478,45
1171,56751412010478,45
1172,56751537010478,45
1173,56751619010478,45
1174,56751810010478,66
1175,56751863010478,66
1176,56751950010478,66
1177,56752051010478,66
1178,56752161010478,66
1179,56752282010478,66
1180,56752468010478,66
1181,56752642010478,66
1182,56752729010478,66
1183,56752811010478,66
1184,56752913010478,66
1185,56753017010478,66
1186,56753093010478,66
1187,56753191010478,66
1188,56753265010478,66
1189,56753372010478,66
1190,56753466010478,66
1191,56753592010478,66
1192,56753684010478,66
1193,56753793010478,66
1194,56753879010478,66
1195,56753960010478,66
1196,56754053010478,66
1197,56754134010478,66
1198,56754241010478,66
1199,56754309010478,66
1200,56754432010478,66
1201,56754503010478,66
1202,56754611010478,66
1203,56754701010478,66
1204,56754768010478,66
1205,56754842010478,66
1206,56754931010478,66
1207,56755080010478,66
1208,56755184010478,65
1209,56755275010478,65
1210,56755353010478,65
1211,56755640010478,65
1212,56756012010478,65
1213,56756313010478,75
1214,56756406010478,75
1215,56756745010478,75
1216,56757408010478,75
1217,56757478010478,75
1218,56757606010478,75
1219,56757748010478,75
1220,56758150010478,75
1221,56758484010478,75
1222,56758748010478,75
1223,56759086010478,75
1224,56759264010478,75
1225,56759379010478,67
1226,56759425010478,67
1227,56759814010478,67
1228,56760021010478,67
1229,56760207010478,67
1230,56760328010478,67
1231,56760455010478,67
1232,56760876010478,67
1233,56760968010478,67
1234,56761036010478,66
1235,56761128010478,66
1236,56761355010478,67
1237,56761817010478,65
1238,56761969010478,65
1239,56762129010478,65
1240,56762242010478,65
1241,56762286010478,65
1242,56762442010478,65
1243,56762557010478,65
1244,56763327010478,65
1245,56763378010478,65
1246,56763448010478,65
1247,56763491010478,65
1248,56763551010478,65
1249,56763632010478,65
1250,56763761010478,65
1251,56763844010478,65
1252,56763992010478,65
1253,56764144010478,65
1254,56764441010478,45
1255,56764740010478,45
1256,56765275010478,45
1257,56765472010478,45
1258,56765761010478,65
1259,56765814010478,65
1260,56765879010478,65
1261,56765987010478,65
1262,56766030010478,65
1263,56766163010478,65
1264,56766345010478,65
1265,56766431010478,65
1266,56766596010478,65
1267,56766675010478,65
1268,56766905010478,65
1269,56767005010478,65
1270,56767395010478,65
1271,56767652010478,65
1272,56767742010478,65
1273,56767929010478,65
1274,56767989010478,65
1275,56768071010478,65
1276,56768180010478,65
1277,56768419010478,65
1278,56768710010478,65
1279,56768869010478,65
1280,56768962010478,65
1281,56769155010478,65
1282,56769225010478,65
1283,56769270010478,65
1284,56769446010478,65
1285,56769712010478,65
1286,56769761010478,65
1287,56769974010478,65
1288,56770347010478,65
1289,56770439010478,65
1290,56770535010478,65
1291,56770616010478,65
1292,56770744010478,65
1293,56771279010478,65
1294,56771901010478,65
1295,56771990010478,65
1296,56772113010478,65
1297,56772537010478,65
1298,56772670010478,65
1299,56773015010478,65
1300,56773135010478,65
1301,56773250010478,65
1302,56773330010478,65
1303,56773538010478,65
1304,56773583010478,65
1305,56773714010478,65
1306,56774198010478,65
1307,56774302010478,65
1308,56774518010478,65
1309,56774711010478,65
1310,56774763010478,65
1311,56775031010478,65
1312,56775133010478,65
1313,56775228010478,65
1314,56775752010478,65
1315,56775895010478,65
1316,56775975010478,65
1317,56776190010478,65
1318,56776871010478,65
1319,56777167010478,65
1320,56777405010478,65
1321,56777497010478,65
1322,56777555010478,65
1323,56777645010478,65
1324,56777747010478,65
1325,56777921010478,65
1326,56778255010478,65
1327,56778428010478,65
1328,56778616010478,65
1329,56778752010478,65
1330,56779050010478,65
1331,56779280010478,45
1332,56779360010478,45
1333,56779502010478,45
1334,56779586010478,45
1335,56779655010478,45
1336,56779822010478,45
1337,56780184010478,45
1338,56780277010478,45
1339,56780410010478,45
1340,56780475010478,45
1341,56780598010478,45
1342,56780677010478,45
1343,56780772010478,45
1344,56780854010478,65
1345,56780941010478,65
1346,56781063010478,65
1347,56781104010478,65
1348,56781195010478,65
1349,56781389010478,65
1350,56781760010478,65
1351,56782077010478,65
1352,56782211010478,65
1353,56782654010478,65
1354,56782865010478,65
1355,56782923010478,65
1356,56783021010478,65
1357,56783165010478,65
1358,56783259010478,65
1359,56784133010478,75
1360,56784183010478,75
1361,56784469010478,75
1362,56784611010478,75
1363,56784830010478,75
1364,56785034010478,75
1365,56785714010478,75
1366,56785866010478,75
1367,56785986010478,75
1368,56786158010478,75
1369,56786296010478,75
1370,56786425010478,75
1371,56786614010478,75
1372,56787270010478,75
1373,56787580010478,75
1374,56787637010478,75
1375,56787688010478,75
1376,56787894010478,75
1377,56788076010478,75
1378,56788209010478,75
1379,56788411010478,75
1380,56788470010478,75
1381,56788525010478,75
1382,56788628010478,75
1383,56788708010478,75
1384,56788794010478,75
1385,56789038010478,75
1386,56789450010478,75
1387,56789598010478,75
1388,56789977010478,75
1389,56790146010478,75
1390,56790354010478,75
1391,56790508010478,75
1392,56790620010478,75
1393,56790714010478,75
1394,56790839010478,75
1395,56790972010478,45
1396,56791182010478,45
1397,56791311010478,45
1398,56791544010478,45
1399,56791635010478,45
1400,56791777010478,45
1401,56791876010478,45
1402,56791952010478,45
1403,56792085010478,45
1404,56792344010478,45
1405,56792493010478,45
1406,56792559010478,45
1407,56792647010478,45
1408,56792806010478,45
1409,56792910010478,45
1410,56793064010478,45
1411,56793115010478,45
1412,56793225010478,45
1413,56793336010478,45
1414,56793579010478,65
1415,56793663010478,65
1416,56793781010478,65
1417,56793834010478,65
1418,56793951010478,65
1419,56794033010478,65
1420,56794180010478,65
1421,56794262010478,65
1422,56794325010478,65
1423,56794553010478,65
1424,56794767010478,65
1425,56794854010478,65
1426,56794941010478,65
1427,56795059010478,65
1428,56795145010478,65
1429,56795407010478,65
1430,56795674010478,65
1431,56795771010478,65
1432,56795995010478,65
1433,56796049010478,65
1434,56796279010478,65
1435,56796431010478,65
1436,56796525010478,65
1437,56796688010478,65
1438,56796822010478,65
1439,56796902010478,65
1440,56797009010478,65
1441,56797280010478,65
1442,56797508010478,65
1443,56797615010478,65
1444,56797741010478,65
1445,56798031010478,65
1446,56798124010478,65
1447,56798228010478,65
1448,56798462010478,65
1449,56798591010478,65
1450,56798737010478,65
1451,56798920010478,65
1452,56799078010478,65
1453,56799123010478,65
1454,56799233010478,65
1455,56799498010478,65
1456,56799599010478,65
1457,56799933010478,65
1458,56800081010478,75
1459,56800162010478,65
1460,56800289010478,65
1461,56800385010478,75
1462,56800527010478,75
1463,56800712010478,65
1464,56800804010478,75
1465,56800983010478,45
1466,56801058010478,45
1467,56801261010478,65
1468,56801810010478,65
1469,56802063010478,65
1470,56802145010478,65
1471,56802240010478,65
1472,56802297010478,65
1473,56802473010478,75
1474,56802963010478,65
1475,56803128010478,65
1476,56803252010478,65
1477,56803482010478,75
1478,56803521010478,75
1479,56803740010478,75
1480,56803869010478,75
1481,56804044010478,75
1482,56804467010478,65
1483,56804757010478,75
1484,56804855010478,75
1485,56805203010478,75
1486,56805253010478,75
1487,56805425010478,75
1488,56805759010478,65
1489,56806040010478,65
1490,56806480010478,65
1491,56806704010478,65
1492,56806883010478,65
1493,56807758010478,65
1494,56808062010478,65
1495,56808410010478,65
1496,56808456010478,65
1497,56808547010478,65
1498,56808687010478,45
1499,56808880010478,45
1500,56809052010478,65
1501,56809177010478,65
1502,56809355010478,45
1503,56809415010478,45
1504,56809531010478,45
1505,56809655010478,45
1506,56810011010478,45
1507,56810483010478,45
1508,56810530010478,65
1509,56810601010478,65
1510,56811068010478,65
1511,56811220010478,65
1512,56811486010478,65
1513,56811826010478,45
1514,56811870010478,45
1515,56812011010478,45
1516,56812115010478,45
1517,56812253010478,45
1518,56812557010478,45
1519,56812665010478,45
1520,56812706010478,45
1521,56812773010478,45
1522,56812908010478,45
1523,56812994010478,45
1524,56813160010478,45
1525,56813369010478,45
1526,56813439010478,45
1527,56813494010478,45
1528,56813574010478,45
1529,56813796010478,45
1530,56813909010478,45
1531,56814133010478,45
1532,56814477010478,45
1533,56814586010478,45
1534,56814718010478,45
1535,56815058010478,45
1536,56815244010478,45
1537,56815301010478,45
1538,56815457010478,45
1539,56815628010478,45
1540,56815795010478,65
1541,56815882010478,45
1542,56816055010478,45
1543,56816175010478,45
1544,56816301010478,65
1545,56816551010478,65
1546,56816820010478,65
1547,56816969010478,65
1548,56817113010478,45
1549,56817239010478,65
1550,56817346010478,65
1551,56817426010478,45
1552,56817526010478,45
1553,56817665010478,45
1554,56817802010478,65
1555,56817964010478,65
1556,56818041010478,65
1557,56818282010478,65
1558,56818411010478,65
1559,56818720010478,65
1560,56818799010478,65
1561,56818908010478,65
1562,56819059010478,65
1563,56819356010478,65
1564,56819436010478,65
1565,56819595010478,65
1566,56819769010478,65
1567,56819889010478,65
1568,56820058010478,68
1569,56820155010478,68
1570,56820238010478,68
1571,56820330010478,67
1572,56820406010478,67
1573,56820515010478,68
1574,56820591010478,67
1575,56820709010478,68
1576,56820803010478,68
1577,56820844010478,67
1578,56820979010478,68
1579,56821125010478,45
1580,56821218010478,66
1581,56821304010478,66
1582,56821432010478,66
1583,56821688010478,45
1584,56821811010478,45
1585,56821942010478,45
1586,56822046010478,45
1587,56822117010478,66
1588,56822204010478,45
1589,56822304010478,45
1590,56822464010478,45
1591,56822579010478,45
1592,56822684010478,45
1593,56822830010478,66
1594,56822938010478,45
1595,56823129010478,45
1596,56823352010478,65
1597,56823438010478,65
1598,56823539010478,65
1599,56823634010478,65
1600,56823763010478,65
1601,56823933010478,65
1602,56824207010478,65
1603,56824690010478,65
1604,56824907010478,65
1605,56825063010478,65
1606,56825428010478,65
1607,56825705010478,65
1608,56825782010478,65
1609,56825873010478,65
1610,56826044010478,65
1611,56826307010478,65
1612,56826576010478,65
1613,56826815010478,65
1614,56826928010478,65
1615,56827291010478,45
1616,56827418010478,45
1617,56827598010478,45
1618,56827770010478,45
1619,56827899010478,45
1620,56827966010478,45
1621,56828043010478,45
1622,56828145010478,45
1623,56828190010478,45
1624,56828245010478,45
1625,56828506010478,45
1626,56828698010478,65
1627,56829039010478,45
1628,56829115010478,45
1629,56829209010478,45
1630,56829324010478,45
1631,56829748010478,45
1632,56829865010478,45
1633,56830006010478,45
1634,56830142010478,45
1635,56830423010478,45
1636,56830530010478,45
1637,56830719010478,45
1638,56830830010478,45
1639,56830889010478,45
1640,56831203010478,67
1641,56831295010478,67
1642,56831370010478,67
1643,56831437010478,67
1644,56831703010478,67
1645,56831750010478,67
1646,56831953010478,75
1647,56832211010478,75
1648,56832347010478,75
1649,56832479010478,75
1650,56832773010478,75
1651,56832868010478,75
1652,56832962010478,75
1653,56833064010478,75
1654,56833328010478,75
1655,56833643010478,75
1656,56834025010478,75
1657,56834440010478,75
1658,56834726010478,75
1659,56835317010478,75
1660,56835906010478,75
1661,56836000010478,75
1662,56836148010478,75
1663,56836315010478,75
1664,56836411010478,75
1665,56836541010478,75
1666,56837320010478,75
1667,56837597010478,75
1668,56837684010478,75
1669,56838132010478,75
1670,56838210010478,75
1671,56838411010478,75
1672,56838548010478,75
1673,56838800010478,65
1674,56838855010478,65
1675,56838933010478,65
1676,56839134010478,65
1677,56839245010478,65
1678,56839361010478,65
1679,56839485010478,65
1680,56839523010478,65
1681,56839629010478,65
1682,56839791010478,65
1683,56839882010478,65
1684,56840026010478,65
1685,56840109010478,65
1686,56840310010478,65
1687,56840406010478,68
1688,56840509010478,68
1689,56840643010478,67
1690,56840723010478,67
1691,56840859010478,67
1692,56840959010478,67
1693,56841253010478,67
1694,56841412010478,67
1695,56841522010478,67
1696,56841627010478,67
1697,56841838010478,67
1698,56841944010478,67
1699,56842192010478,67
1700,56842368010478,67
1701,56842551010478,67
1702,56842640010478,67
1703,56842729010478,67
1704,56842889010478,67
1705,56843040010478,68
1706,56843086010478,66
1707,56843162010478,66
1708,56843542010478,45
1709,56843672010478,45
1710,56843842010478,66
1711,56843920010478,66
1712,56843971010478,66
1713,56844071010478,66
1714,56844255010478,45
1715,56844354010478,45
1716,56844526010478,45
1717,56844577010478,66
1718,56844648010478,66
1719,56844720010478,66
1720,56844834010478,66
1721,56845039010478,66
1722,56845195010478,66
1723,56845321010478,45
1724,56845422010478,45
1725,56845544010478,66
1726,56845617010478,66
1727,56845882010478,45
1728,56846006010478,45
1729,56846081010478,66
1730,56846312010478,45
1731,56846394010478,45
1732,56846821010478,45
1733,56846916010478,45
1734,56847014010478,45
1735,56847376010478,65
1736,56847539010478,65
1737,56847705010478,65
1738,56847990010478,65
1739,56848146010478,65
1740,56848224010478,65
1741,56848423010478,65
1742,56848561010478,65
1743,56848944010478,65
1744,56849047010478,45
1745,56849173010478,45
1746,56849374010478,45
1747,56849538010478,45
1748,56849711010478,75
1749,56849935010478,75
1750,56850161010478,75
1751,56850303010478,75
1752,56850486010478,75
1753,56850602010478,75
1754,56850762010478,75
1755,56850825010478,75
1756,56851032010478,75
1757,56851136010478,75
1758,56851329010478,75
1759,56851420010478,75
1760,56851600010478,75
1761,56851780010478,75
1762,56851994010478,75
1763,56852086010478,75
1764,56852272010478,75
1765,56852426010478,75
1766,56852856010478,75
1767,56852926010478,75
1768,56853076010478,75
1769,56853231010478,75
1770,56853513010478,75
1771,56853743010478,75
1772,56853993010478,75
1773,56854168010478,75
1774,56854255010478,75
1775,56854626010478,75
1776,56855059010478,75
1777,56855177010478,75
1778,56855385010478,75
1779,56855530010478,75
1780,56855678010478,75
1781,56855876010478,75
1782,56856172010478,75
1783,56856288010478,75
1784,56856412010478,75
1785,56856477010478,75
1786,56856664010478,75
1787,56856742010478,75
1788,56856921010478,75
1789,56857096010478,75
1790,56857256010478,75
1791,56857330010478,75
1792,56857622010478,75
1793,56857911010478,75
1794,56857970010478,45
1795,56858060010478,45
1796,56858176010478,45
1797,56858559010478,45
1798,56858818010478,45
1799,56859096010478,45
1800,56859498010478,65
1801,56859585010478,65
1802,56859848010478,65
1803,56860329010478,65
1804,56860528010478,65
1805,56860625010478,65
1806,56860822010478,45
1807,56861351010478,65
1808,56861537010478,45
1809,56861813010478,45
1810,56861911010478,45
1811,56862088010478,45
1812,56862422010478,65
1813,56862516010478,45
1814,56862568010478,65
1815,56862725010478,65
1816,56863068010478,45
1817,56863176010478,45
1818,56863302010478,45
1819,56863395010478,45
1820,56863487010478,45
1821,56863589010478,45
1822,56863711010478,45
1823,56863971010478,45
1824,56864041010478,45
1825,56864128010478,45
1826,56864206010478,45
1827,56864298010478,45
1828,56864395010478,45
1829,56864647010478,45
1830,56864725010478,45
1831,56864929010478,45
1832,56865031010478,45
1833,56865136010478,45
1834,56865500010478,67
1835,56865652010478,67
1836,56865750010478,67
1837,56866059010478,67
1838,56866189010478,67
1839,56866488010478,67
1840,56866612010478,67
1841,56866790010478,67
1842,56866978010478,67
1843,56867037010478,67
1844,56867118010478,67
1845,56867368010478,67
1846,56867450010478,67
1847,56867522010478,67
1848,56867684010478,66
1849,56868125010478,67
1850,56868215010478,66
1851,56868421010478,67
1852,56868723010478,65
1853,56869165010478,65
1854,56869303010478,65
1855,56869899010478,65
1856,56869999010478,65
1857,56870104010478,65
1858,56870249010478,65
1859,56870292010478,65
1860,56870554010478,65
1861,56870761010478,65
1862,56870968010478,65
1863,56871115010478,65
1864,56871201010478,75
1865,56871320010478,75
1866,56871459010478,65
1867,56871557010478,65
1868,56871810010478,75
1869,56872183010478,75
1870,56872248010478,65
1871,56872502010478,75
1872,56872672010478,65
1873,56872756010478,75
1874,56872855010478,75
1875,56873200010478,75
1876,56873486010478,75
1877,56873697010478,65
1878,56873799010478,75
1879,56873867010478,75
1880,56874011010478,65
1881,56874415010478,65
1882,56874521010478,65
1883,56874579010478,75
1884,56874773010478,75
1885,56874957010478,75
1886,56875131010478,65
1887,56875222010478,75
1888,56875339010478,75
1889,56875468010478,65
1890,56875693010478,75
1891,56876031010478,75
1892,56876176010478,75
1893,56876361010478,75
1894,56876468010478,75
1895,56876631010478,75
1896,56876741010478,75
1897,56876963010478,75
1898,56877109010478,75
1899,56877228010478,75
1900,56877370010478,75
1901,56877450010478,75
1902,56877929010478,75
1903,56878227010478,75
1904,56878387010478,75
1905,56878506010478,75
1906,56878934010478,75
1907,56879845010478,65
1908,56879955010478,65
1909,56880039010478,65
1910,56880307010478,65
1911,56880498010478,65
1912,56880640010478,65
1913,56880816010478,65
1914,56880977010478,75
1915,56881092010478,75
1916,56881492010478,75
1917,56881948010478,75
1918,56882183010478,75
1919,56882259010478,75
1920,56882358010478,65
1921,56882578010478,65
1922,56882668010478,75
1923,56882835010478,65
1924,56882913010478,45
1925,56882960010478,45
1926,56883558010478,65
1927,56883877010478,65
1928,56884150010478,65
1929,56884278010478,65
1930,56884510010478,65
1931,56884748010478,65
1932,56884880010478,65
1933,56884955010478,65
1934,56884995010478,65
1935,56885185010478,75
1936,56885231010478,75
1937,56885281010478,75
1938,56885456010478,75
1939,56885662010478,75
1940,56885907010478,75
1941,56886174010478,75
1942,56886585010478,75
1943,56886724010478,75
1944,56886864010478,75
1945,56886930010478,75
1946,56887013010478,75
1947,56887287010478,75
1948,56887446010478,75
1949,56887590010478,75
1950,56887868010478,75
1951,56887969010478,75
1952,56888238010478,75
1953,56888498010478,75
1954,56888668010478,75
1955,56888770010478,75
1956,56888844010478,75
1957,56889043010478,75
1958,56889129010478,75
1959,56889333010478,75
1960,56889488010478,75
1961,56889547010478,75
1962,56889651010478,75
1963,56889749010478,75
1964,56889866010478,75
1965,56889993010478,75
1966,56890519010478,75
1967,56890651010478,75
1968,56890784010478,75
1969,56890953010478,75
1970,56891096010478,75
1971,56891217010478,75
1972,56891381010478,75
1973,56891503010478,75
1974,56891749010478,75
1975,56891859010478,75
1976,56891984010478,75
1977,56892232010478,75
1978,56892450010478,75
1979,56892556010478,75
1980,56892733010478,75
1981,56892871010478,75
1982,56892967010478,75
1983,56893106010478,75
1984,56893201010478,75
1985,56893351010478,75
1986,56893630010478,45
1987,56893782010478,65
1988,56894476010478,65
1989,56894541010478,65
1990,56894822010478,45
1991,56894911010478,45
1992,56895064010478,45
1993,56895142010478,45
1994,56895186010478,45
1995,56895461010478,45
1996,56895536010478,65
1997,56895642010478,45
1998,56895705010478,45
1999,56895845010478,65
2000,56896188010478,65
2001,56896406010478,65
2002,56896476010478,65
2003,56896792010478,65
2004,56896909010478,65
2005,56897007010478,65
2006,56897103010478,65
2007,56897178010478,65
2008,56897244010478,65
2009,56897519010478,65
2010,56897637010478,65
2011,56897763010478,65
2012,56897955010478,65
2013,56898057010478,65
2014,56898153010478,65
2015,56898424010478,65
2016,56899092010478,65
2017,56899189010478,65
2018,56899739010478,65
2019,56900086010478,65
2020,56900178010478,65
2021,56900621010478,75
2022,56900709010478,75
2023,56900803010478,75
2024,56901039010478,75
2025,56901178010478,75
2026,56901259010478,75
2027,56901429010478,75
2028,56901637010478,75
2029,56902326010478,75
2030,56902502010478,75
2031,56902610010478,75
2032,56902655010478,75
2033,56902825010478,75
2034,56902993010478,75
2035,56903390010478,75
2036,56903679010478,75
2037,56903746010478,75
2038,56903885010478,75
2039,56904113010478,75
2040,56904249010478,75
2041,56904316010478,75
2042,56904496010478,75
2043,56904661010478,75
2044,56904817010478,75
2045,56904947010478,75
2046,56905121010478,75
2047,56905559010478,65
2048,56905733010478,65
2049,56906089010478,65
2050,56906244010478,65
2051,56906393010478,65
2052,56906508010478,65
2053,56906594010478,65
2054,56906740010478,65
2055,56906921010478,65
2056,56907137010478,65
2057,56907403010478,65
2058,56907554010478,65
2059,56907792010478,65
2060,56907924010478,65
2061,56907993010478,65
2062,56908215010478,65
2063,56908503010478,65
2064,56908704010478,65
2065,56908952010478,45
2066,56909072010478,45
2067,56909111010478,45
2068,56909192010478,45
2069,56909298010478,45
2070,56909853010478,45
2071,56909983010478,45
2072,56910097010478,66
2073,56910231010478,66
2074,56910429010478,45
2075,56910528010478,66
2076,56910632010478,67
2077,56910717010478,67
2078,56910833010478,67
2079,56910974010478,67
2080,56911035010478,67
2081,56911129010478,67
2082,56911223010478,67
2083,56911381010478,67
2084,56911440010478,67
2085,56911542010478,67
2086,56911808010478,67
2087,56911934010478,67
2088,56912121010478,67
2089,56912463010478,65
2090,56912535010478,65
2091,56912616010478,65
2092,56913103010478,65
2093,56913195010478,65
2094,56913238010478,65
2095,56913333010478,65
2096,56913688010478,65
2097,56913961010478,65
2098,56914356010478,65
2099,56914566010478,65
2100,56914799010478,65
2101,56914943010478,65
2102,56915011010478,65
2103,56915112010478,65
2104,56915306010478,65
2105,56915554010478,45
2106,56915981010478,45
2107,56916103010478,45
2108,56916236010478,45
2109,56916358010478,45
2110,56916534010478,45
2111,56916873010478,45
2112,56917023010478,45
2113,56917249010478,45
2114,56917404010478,45
2115,56917589010478,45
2116,56917671010478,45
2117,56918183010478,45
2118,56918391010478,65
2119,56918647010478,65
2120,56918686010478,65
2121,56918820010478,65
2122,56918961010478,65
2123,56919028010478,65
2124,56919073010478,65
2125,56919153010478,65
2126,56919507010478,65
2127,56919829010478,65
2128,56919900010478,65
2129,56920027010478,65
2130,56920217010478,65
2131,56920423010478,65
2132,56920600010478,65
2133,56920694010478,65
2134,56921169010478,65
2135,56921753010478,65
2136,56921848010478,65
2137,56921932010478,65
2138,56922245010478,65
2139,56922688010478,65
2140,56922790010478,65
2141,56922832010478,65
2142,56923121010478,65
2143,56923318010478,65
2144,56923604010478,65
2145,56923999010478,65
2146,56924198010478,65
2147,56924473010478,65
2148,56924524010478,65
2149,56925196010478,65
2150,56925413010478,66
2151,56925524010478,66
2152,56925609010478,66
2153,56925782010478,66
2154,56925878010478,66
2155,56925948010478,66
2156,56926091010478,66
2157,56926200010478,66
2158,56926300010478,65
2159,56926453010478,65
2160,56926876010478,65
2161,56927111010478,65
2162,56927277010478,65
2163,56927542010478,65
2164,56927618010478,65
2165,56927739010478,65
2166,56927797010478,65
2167,56928098010478,45
2168,56928221010478,45
2169,56928273010478,45
2170,56928617010478,45
2171,56928660010478,45
2172,56928784010478,45
2173,56928997010478,45
2174,56929092010478,45
2175,56929220010478,45
2176,56929325010478,45
2177,56929416010478,45
2178,56929615010478,45
2179,56929676010478,45
2180,56929787010478,45
2181,56929869010478,45
2182,56929928010478,45
2183,56930072010478,45
2184,56930226010478,45
2185,56930386010478,45
2186,56930504010478,45
2187,56930611010478,45
2188,56930772010478,45
2189,56931086010478,45
2190,56931279010478,65
2191,56931344010478,65
2192,56931777010478,65
2193,56931986010478,65
2194,56932405010478,65
2195,56932527010478,65
2196,56932603010478,65
2197,56932771010478,65
2198,56932890010478,65
2199,56932973010478,65
2200,56933072010478,65
2201,56933232010478,65
2202,56933297010478,65
2203,56933489010478,65
2204,56933567010478,65
2205,56933665010478,65
2206,56933827010478,65
2207,56933996010478,65
2208,56934101010478,65
2209,56934308010478,65
2210,56934364010478,65
2211,56934764010478,65
2212,56935117010478,65
2213,56935750010478,66
2214,56936040010478,66
2215,56936154010478,66
2216,56936264010478,66
2217,56936351010478,66
2218,56936544010478,66
2219,56936636010478,66
2220,56936848010478,66
2221,56936952010478,66
2222,56937051010478,66
2223,56937141010478,66
2224,56937273010478,66
2225,56937313010478,66
2226,56937375010478,66
2227,56937599010478,66
2228,56937680010478,66
2229,56937832010478,45
2230,56937907010478,45
2231,56938040010478,45
2232,56938274010478,45
2233,56938398010478,45
2234,56938587010478,45
2235,56938646010478,45
2236,56938809010478,45
2237,56938935010478,45
2238,56939040010478,45
2239,56939184010478,45
2240,56939314010478,45
2241,56939559010478,45
2242,56939735010478,45
2243,56939980010478,45
2244,56940103010478,45
2245,56940143010478,45
2246,56940233010478,68
2247,56940324010478,67
2248,56940532010478,68
2249,56940630010478,68
2250,56940749010478,68
2251,56940845010478,68
2252,56940931010478,68
2253,56941029010478,67
2254,56941258010478,68
2255,56941387010478,67
2256,56941472010478,67
2257,56941525010478,67
2258,56941875010478,67
2259,56941947010478,67
2260,56942054010478,67
2261,56942217010478,67
2262,56942274010478,67
2263,56942360010478,67
2264,56942468010478,67
2265,56942555010478,67
2266,56942644010478,67
2267,56942723010478,67
2268,56942859010478,67
2269,56943319010478,68
2270,56943455010478,68
2271,56943524010478,67
2272,56943663010478,67
2273,56943767010478,45
2274,56943890010478,45
2275,56944179010478,45
2276,56944369010478,45
2277,56944467010478,45
2278,56944566010478,45
2279,56944642010478,45
2280,56944688010478,45
2281,56944721010478,45
2282,56944886010478,45
2283,56944987010478,45
2284,56945070010478,45
2285,56945259010478,45
2286,56945361010478,45
2287,56945452010478,45
2288,56945732010478,45
2289,56945804010478,45
2290,56945861010478,45
2291,56946145010478,65
2292,56946607010478,65
2293,56946867010478,65
2294,56947245010478,65
2295,56947538010478,45
2296,56947764010478,45
2297,56948031010478,45
2298,56948209010478,45
2299,56948317010478,45
2300,56948504010478,45
2301,56948585010478,45
2302,56948700010478,45
2303,56948771010478,45
2304,56948840010478,45
2305,56948920010478,45
2306,56949029010478,45
2307,56949123010478,66
2308,56949189010478,45
2309,56949342010478,45
2310,56949420010478,45
2311,56949491010478,45
2312,56949538010478,45
2313,56949598010478,45
2314,56949734010478,45
2315,56949833010478,45
2316,56950108010478,45
2317,56950373010478,65
2318,56950447010478,65
2319,56950623010478,65
2320,56950737010478,65
2321,56950862010478,65
2322,56950962010478,65
2323,56951064010478,65
2324,56951279010478,65
2325,56951411010478,65
2326,56951520010478,65
2327,56951726010478,65
2328,56951834010478,65
2329,56952256010478,65
2330,56952376010478,65
2331,56952659010478,65
2332,56952850010478,65
2333,56953065010478,65
2334,56953124010478,65
2335,56953271010478,65
2336,56953384010478,65
2337,56953552010478,65
2338,56953905010478,65
2339,56954386010478,65
2340,56954624010478,65
2341,56954696010478,65
2342,56954844010478,65
2343,56955256010478,65
2344,56955359010478,65
2345,56955706010478,65
2346,56955833010478,65
2347,56956256010478,65
2348,56956665010478,65
2349,56956959010478,45
2350,56957113010478,45
2351,56957228010478,45
2352,56957489010478,65
2353,56957689010478,45
2354,56957748010478,45
2355,56958026010478,65
2356,56958135010478,65
2357,56958346010478,65
2358,56958520010478,45
2359,56958676010478,45
2360,56958728010478,45
2361,56958851010478,45
2362,56958957010478,45
2363,56959077010478,65
2364,56959199010478,45
2365,56959255010478,45
2366,56959481010478,45
2367,56959662010478,45
2368,56959806010478,65
2369,56960074010478,45
2370,56960175010478,65
2371,56960608010478,45
2372,56960837010478,45
2373,56960910010478,45
2374,56961169010478,45
2375,56961332010478,45
2376,56961427010478,45
2377,56961558010478,45
2378,56961631010478,45
2379,56961757010478,45
2380,56961886010478,45
2381,56961964010478,65
2382,56962166010478,65
2383,56962220010478,65
2384,56962324010478,65
2385,56962667010478,65
2386,56962779010478,65
2387,56962858010478,65
2388,56963026010478,65
2389,56963111010478,65
2390,56963297010478,75
2391,56963501010478,65
2392,56963608010478,65
2393,56963865010478,75
2394,56964073010478,65
2395,56964165010478,65
2396,56964262010478,65
2397,56964333010478,65
2398,56964578010478,65
2399,56964693010478,65
2400,56964927010478,65
2401,56965091010478,65
2402,56965157010478,65
2403,56965358010478,65
2404,56965453010478,65
2405,56965697010478,65
2406,56965883010478,65
2407,56966177010478,65
2408,56966214010478,65
2409,56966391010478,65
2410,56966536010478,45
2411,56966720010478,65
2412,56967007010478,65
2413,56967056010478,65
2414,56967240010478,45
2415,56967497010478,45
2416,56967774010478,65
2417,56967861010478,65
2418,56967947010478,65
2419,56968022010478,65
2420,56968097010478,65
2421,56968201010478,65
2422,56968735010478,65
2423,56969158010478,65
2424,56969249010478,65
2425,56969332010478,65
2426,56969375010478,65
2427,56969446010478,65
2428,56969489010478,65
2429,56970045010478,65
2430,56970162010478,65
2431,56970270010478,65
2432,56970451010478,65
2433,56970822010478,65
2434,56971020010478,65
2435,56971105010478,65
2436,56971364010478,65
2437,56971498010478,65
2438,56971642010478,65
2439,56971861010478,65
2440,56972010010478,65
2441,56972234010478,65
2442,56972648010478,65
2443,56972740010478,65
2444,56973101010478,65
2445,56973601010478,65
2446,216102253010854,45
2447,61066918010478,65
2448,61066999010478,65
2449,61067634010478,65
2450,61067866010478,65
2451,61068016010478,65
2452,61068117010478,65
2453,61068217010478,65
2454,61068627010478,65
2455,61069135010478,65
2456,61071026010478,65
2457,61071204010478,45
2458,61071482010478,45
2459,61071892010478,45
2460,61072093010478,65
2461,61072833010478,65
2462,61072998010478,65
2463,61073292010478,65
2464,61073395010478,65
2465,61073590010478,65
2466,61074262010478,45
2467,61074518010478,45
2468,61075291010478,67
2469,61075678010478,45
2470,61076789010478,75
2471,61077090010478,75
2472,61077566010478,45
2473,61077957010478,45
2474,61078357010478,65
2475,61078766010478,65
2476,61078853010478,65
2477,61078995010478,65
2478,61079703010478,75
2479,61080271010478,75
2480,61080802010478,65
2481,61081544010478,65
2482,61081764010478,65
2483,61081842010478,65
2484,61082386010478,45
2485,61083383010478,65
2486,61083521010478,65
2487,61083914010478,45
2488,61084391010478,45
2489,61084502010478,65
2490,61084633010478,65
2491,61084971010478,65
2492,61085324010478,65
2493,61085682010478,65
2494,61129527010478,65
2495,61129956010478,65
2496,61130369010478,65
2497,61130856010478,65
2498,61131550010478,65
2499,61132218010478,75
2500,61132282010478,75
2501,61133354010478,75
2502,61133775010478,75
2503,61133855010478,75
2504,61133979010478,75
2505,61134260010478,45
2506,61134417010478,45
2507,61134852010478,45
2508,61135460010478,65
2509,61135699010478,65
2510,61136119010478,65
2511,61138480010478,67
2512,61138553010478,67
2513,61140567010478,45
2514,61141241010478,45
2515,61142376010478,75
2516,61142532010478,75
2517,61143291010478,67
2518,61143566010478,67
2519,61143921010478,65
2520,61144128010478,65
2521,61144470010478,45
2522,61144520010478,45
2523,61144799010478,45
2524,61144864010478,45
2525,61144953010478,45
2526,61145096010478,45
2527,61145836010478,45
2528,61146058010478,66
2529,61147243010478,45
2530,61147699010478,65
2531,61148310010478,45
2532,61148729010478,45
2533,61148786010478,45
2534,61149293010478,45
2535,61150040010478,45
2536,61151012010478,65
2537,61151458010478,65
2538,61151565010478,65
2539,61152291010478,45
2540,61152395010478,45
2541,61153245010478,45
2542,61153400010478,45
2543,61153628010478,45
2544,61153844010478,75
2545,61154332010478,75
2546,61154457010478,65
2547,61155163010478,65
2548,61155303010478,65
2549,61156974010478,65
2550,61157247010478,45
2551,61196096010478,45
2552,61196565010478,75
2553,61197553010478,65
2554,61197914010478,65
2555,61198209010478,65
2556,61198652010478,65
2557,61198876010478,75
2558,61199743010478,45
2559,61203435010478,45
2560,61203882010478,75
2561,61204020010478,75
2562,61204212010478,65
2563,61204769010478,75
2564,61206554010478,75
2565,61207064010478,65
2566,61207294010478,65
2567,61207352010478,65
2568,61207519010478,45
2569,61208318010478,65
2570,61208533010478,45
2571,61208616010478,45
2572,61208726010478,45
2573,61209491010478,45
2574,61209566010478,65
2575,61209817010478,65
2576,61213680010478,45
2577,61213759010478,45
2578,61214305010478,45
2579,61214567010478,65
2580,61215285010478,45
2581,61215350010478,45
2582,61215434010478,45
2583,61215509010478,67
2584,61216227010478,45
2585,61216594010478,45
2586,61216885010478,45
2587,61216953010478,45
2588,61217099010478,45
2589,61217448010478,45
2590,61217664010478,45
2591,61217811010478,45
2592,61222026010478,45
2593,61222180010478,65
2594,61222227010478,66
2595,61223786010478,67
2596,61223923010478,67
2597,61224193010478,65
2598,61224361010478,65
2599,61224850010478,45
2600,61226998010478,65
2601,61227357010478,65
2602,61228104010478,65
2603,61228789010478,65
2604,61229409010478,65
2605,61229860010478,45
2606,61230179010478,45
2607,61230445010478,45
2608,61230572010478,65
2609,61230918010478,65
2610,61231665010478,65
2611,61231911010478,65
2612,61232190010478,45
2613,61233028010478,45
2614,61233462010478,45
2615,61233586010478,65
2616,61233621010478,65
2617,61233804010478,75
2618,61234128010478,65
2619,61234200010478,45
2620,61234416010478,65
2621,61234633010478,65
2622,61235581010478,66
2623,61235876010478,67
2624,61235952010478,67
2625,61236158010478,65
2626,61236257010478,65
2627,61236864010478,75
2628,61237288010478,65
2629,61237483010478,65
2630,61237555010478,65
2631,61237695010478,65
2632,61238339010478,75
2633,61238429010478,75
2634,61238496010478,75
2635,61239162010478,75
2636,61239956010478,65
2637,61240018010478,65
2638,61241249010478,65
2639,61242317010478,65
2640,61242696010478,65
2641,61243410010478,45
2642,61243693010478,65
2643,61244064010478,75
2644,61244329010478,75
2645,61244385010478,75
2646,61244827010478,75
2647,61245126010478,45
2648,61245316010478,45
2649,61245925010478,67
2650,61246051010478,75
2651,61246336010478,75
2652,61246406010478,75
2653,61246501010478,75
2654,61246704010478,75
2655,61246776010478,75
2656,61246830010478,75
2657,61247151010478,75
2658,61247385010478,75
2659,61248349010478,65
2660,61248394010478,65
2661,61248512010478,65
2662,61248743010478,67
2663,61249086010478,67
2664,61249935010478,45
2665,61250128010478,75
2666,61250399010478,75
2667,61251416010478,75
2668,61251478010478,75
2669,61251792010478,75
2670,61251877010478,75
2671,61251931010478,75
2672,61252243010478,65
2673,61252368010478,65
2674,61253747010478,45
2675,61253859010478,75
2676,61254096010478,75
2677,61254302010478,75
2678,61254544010478,75
2679,61255471010478,75
2680,61255691010478,45
2681,61256062010478,65
2682,61257474010478,65
2683,61258094010478,65
2684,61258539010478,45
2685,61258928010478,45
2686,61259023010478,45
2687,61259121010478,45
2688,61259828010478,45
2689,61260370010478,65
2690,61262097010478,65
2691,177976583010854,75
2692,61038739010478,65
2693,61039764010478,66
2694,61040174010478,67
2695,61040282010478,67
2696,61041046010478,45
2697,61041223010478,45
2698,61041324010478,45
2699,61041537010478,45
2700,61041618010478,45
2701,61043605010478,65
2702,61043795010478,75
2703,61043936010478,75
2704,61044213010478,75
2705,61044506010478,67
2706,61044722010478,67
2707,61045543010478,65
2708,61046673010478,45
2709,61046803010478,45
2710,61047170010478,45
2711,61047344010478,45
2712,61047780010478,45
2713,61048051010478,45
2714,61048463010478,45
2715,61048768010478,45
2716,61049950010478,45
2717,61050115010478,65
2718,61050367010478,45
2719,61050434010478,45
2720,61050540010478,45
2721,61051098010478,45
2722,61051193010478,45
2723,61052713010478,45
2724,61053068010478,45
2725,61054084010478,45
2726,61054261010478,45
2727,61055311010478,65
2728,61056391010478,45
2729,61056726010478,45
2730,61056834010478,45
2731,61057351010478,45
2732,61057692010478,65
2733,61058076010478,65
2734,61058212010478,65
2735,61058640010478,65
2736,61059130010478,65
2737,61059876010478,65
2738,61060372010478,65
2739,61060551010478,65
2740,61060983010478,65
2741,61061279010478,45
2742,61061484010478,45
2743,61061974010478,45
2744,61062036010478,45
2745,61062914010478,75
2746,61062971010478,75
2747,61063092010478,65
2748,61063205010478,65
2749,61063336010478,65
2750,61063548010478,65
2751,61063846010478,65
2752,61064056010478,65
2753,61064133010478,65
2754,61064252010478,65
2755,61064926010478,75
2756,61064965010478,75
2757,61065329010478,75
2758,61066722010478,75
2759,61086525010478,75
2760,61086602010478,65
2761,61087848010478,75
2762,61087897010478,75
2763,61088272010478,75
2764,61088366010478,65
2765,61088619010478,65
2766,61088976010478,65
2767,61089209010478,45
2768,61089440010478,45
2769,61089966010478,45
2770,61090257010478,45
2771,61090481010478,67
2772,61090578010478,66
2773,61091548010478,67
2774,61091589010478,65
2775,61092813010478,75
2776,61093120010478,75
2777,61093179010478,75
2778,61093418010478,65
2779,61093732010478,65
2780,61093939010478,65
2781,61094411010478,65
2782,61094627010478,75
2783,61094663010478,75
2784,61095435010478,65
2785,61095728010478,65
2786,61096046010478,65
2787,61096802010478,75
2788,61158155010478,75
2789,61158318010478,75
2790,61160071010478,65
2791,61160641010478,65
2792,61160941010478,65
2793,61161037010478,65
2794,61161666010478,65
2795,61161781010478,65
2796,61161991010478,45
2797,61162257010478,45
2798,61162575010478,65
2799,61163133010478,75
2800,61163779010478,75
2801,61164158010478,75
2802,61164449010478,65
2803,61164700010478,45
2804,61165034010478,45
2805,61165496010478,45
2806,61166065010478,75
2807,61166143010478,75
2808,61167504010478,75
2809,61167850010478,75
2810,61168070010478,65
2811,61168213010478,65
2812,61170730010478,75
2813,61171285010478,75
2814,61173269010478,75
2815,61173628010478,75
2816,61173769010478,75
2817,61174920010478,65
2818,61175029010478,65
2819,61175494010478,75
2820,61179081010478,65
2821,61182849010478,45
2822,61182957010478,45
2823,61183026010478,45
2824,61183408010478,65
2825,61183544010478,65
2826,61183848010478,45
2827,61183977010478,45
2828,61185095010478,45
2829,61185426010478,65
2830,61185477010478,45
2831,61185673010478,65
2832,61187146010478,65
2833,61187243010478,65
2834,61188465010478,65
2835,61188949010478,65
2836,61189043010478,65
2837,61189339010478,65
2838,61190317010478,65
2839,61191829010478,65
2840,61192073010478,75
2841,61192357010478,75
2842,61192707010478,75
2843,61193369010478,75
2844,61193462010478,75
2845,61193674010478,75
2846,61193721010478,75
2847,61193860010478,75
2848,61194282010478,45
2849,61195693010478,65
2850,61571107010478,65
2851,61571518010478,65
2852,61571910010478,65
2853,61572543010478,65
2854,61572967010478,65
2855,61573025010478,65
2856,61573261010478,65
2857,61573556010478,45
2858,61573736010478,45
2859,61574267010478,45
2860,61575230010478,65
2861,61575314010478,65
2862,61576132010478,45
2863,61576310010478,45
2864,61576517010478,45
2865,61578531010478,75
2866,61578614010478,75
2867,61579171010478,75
2868,61580193010478,45
2869,61580244010478,45
2870,61580290010478,45
2871,61580794010478,65
2872,61580847010478,65
2873,61581105010478,65
2874,61581635010478,65
2875,61582780010478,75
2876,61582934010478,75
2877,61583574010478,65
2878,61585904010478,65
2879,61586027010478,65
2880,61586435010478,65
2881,61586876010478,45
2882,61587272010478,45
2883,61587465010478,45
2884,61588489010478,65
2885,61588587010478,65
2886,61589344010478,65
2887,61589451010478,65
2888,61589732010478,65
2889,61589828010478,65
2890,61602560010478,65
2891,61603045010478,65
2892,61603925010478,45
2893,61605100010478,65
2894,61605809010478,65
2895,61605933010478,65
2896,61606097010478,45
2897,61606278010478,45
2898,61607383010478,65
2899,61607953010478,45
2900,61608469010478,45
2901,61608635010478,45
2902,61608824010478,65
2903,61609184010478,65
2904,61609618010478,65
2905,61610369010478,45
2906,61610683010478,45
2907,61611130010478,65
2908,61611333010478,65
2909,61611807010478,45
2910,61611959010478,45
2911,61612979010478,45
2912,61613183010478,45
2913,61613507010478,45
2914,61613810010478,45
2915,61614005010478,45
2916,61614181010478,45
2917,61614360010478,45
2918,61614621010478,45
2919,61614701010478,45
2920,61614889010478,45
2921,61615126010478,45
2922,61615450010478,45
2923,61615879010478,66
2924,61616046010478,66
2925,61616762010478,75
2926,61616869010478,75
2927,61617043010478,45
2928,61617591010478,67
2929,61617750010478,67
2930,61617903010478,65
2931,61618049010478,65
2932,61619341010478,45
2933,61619763010478,65
2934,61620017010478,66
2935,61621323010478,65
2936,61621580010478,65
2937,61622239010478,65
2938,61622522010478,65
2939,61622657010478,65
2940,61622796010478,65
2941,61622892010478,65
2942,61623571010478,75
2943,61623901010478,65
2944,61624033010478,65
2945,61625642010478,65
2946,61627406010478,65
2947,61627842010478,65
2948,61628334010478,65
2949,61628430010478,45
2950,61628575010478,65
2951,61629703010478,45
2952,61629869010478,65
2953,61630115010478,65
2954,61630227010478,75
2955,61631536010478,65
2956,61631782010478,65
2957,61631984010478,65
2958,61632053010478,65
2959,61632352010478,65
2960,61632516010478,65
2961,61632928010478,65
2962,61633473010478,65
2963,176107959010854,65
2964,61511857010478,65
2965,61512006010478,45
2966,61512597010478,65
2967,61512697010478,65
2968,61512802010478,65
2969,61512886010478,65
2970,61513151010478,45
2971,61513381010478,45
2972,61513456010478,45
2973,61513563010478,65
2974,61513908010478,65
2975,61514196010478,45
2976,61514503010478,45
2977,61514572010478,45
2978,61514713010478,65
2979,61514801010478,65
2980,61514867010478,65
2981,61514931010478,45
2982,61515033010478,45
2983,61515151010478,45
2984,61515730010478,45
2985,61516402010478,45
2986,61516456010478,45
2987,61516831010478,45
2988,61516947010478,65
2989,61517138010478,66
2990,61517327010478,66
2991,61517536010478,75
2992,61517736010478,75
2993,61517904010478,45
2994,61517970010478,45
2995,61518251010478,67
2996,61518508010478,65
2997,61518560010478,65
2998,61518625010478,45
2999,61518792010478,45
3000,61519079010478,65
3001,61519494010478,66
3002,61519568010478,65
3003,61520583010478,65
3004,61520667010478,65
3005,61520730010478,65
3006,61520793010478,65
3007,61521362010478,75
3008,61521468010478,65
3009,61521629010478,65
3010,61521797010478,45
3011,61521869010478,45
3012,61522026010478,45
3013,61522526010478,65
3014,61522602010478,65
3015,61522831010478,65
3016,61522898010478,65
3017,61523032010478,65
3018,61523207010478,65
3019,61523379010478,65
3020,61524185010478,45
3021,61524280010478,45
3022,61524422010478,65
3023,61524810010478,65
3024,61524863010478,75
3025,61524960010478,65
3026,61525005010478,65
3027,61525453010478,65
3028,61525583010478,65
3029,61525840010478,65
3030,61525900010478,65
3031,61525951010478,65
3032,61526028010478,65
3033,61526080010478,65
3034,61526224010478,65
3035,61526349010478,65
3036,61526649010478,65
3037,61526882010478,65
3038,61526999010478,65
3039,61527346010478,65
3040,61527492010478,65
3041,61528777010478,65
3042,61529219010478,66
3043,61529295010478,66
3044,61529415010478,66
3045,61529485010478,66
3046,61529845010478,45
3047,61531689010478,75
3048,61532111010478,75
3049,61532164010478,75
3050,61532229010478,75
3051,61532324010478,75
3052,61532414010478,45
3053,61532451010478,65
3054,61533086010478,65
3055,61533317010478,65
3056,61533655010478,75
3057,61533801010478,65
3058,61534193010478,75
3059,61534323010478,75
3060,61534502010478,65
3061,61534713010478,65
3062,61534886010478,65
3063,61535048010478,45
3064,61535169010478,45
3065,61535408010478,67
3066,61535457010478,67
3067,61536039010478,65
3068,61536190010478,45
3069,61536273010478,45
3070,61536476010478,45
3071,61536616010478,45
3072,61537581010478,65
3073,61537669010478,65
3074,61537744010478,65
3075,61537825010478,65
3076,61537968010478,65
3077,61538033010478,65
3078,61540857010478,67
3079,61540917010478,67
3080,61540988010478,67
3081,61541064010478,67
3082,61541256010478,66
3083,61541367010478,66
3084,61541476010478,45
3085,61541659010478,45
3086,61541763010478,65
3087,61542158010478,65
3088,61542417010478,75
3089,61542614010478,75
3090,61542853010478,75
3091,61542920010478,75
3092,61543509010478,75
3093,61543586010478,75
3094,61543671010478,75
3095,61543822010478,75
3096,61544529010478,65
3097,61544564010478,75
3098,61544679010478,65
3099,61544750010478,75
3100,61545064010478,65
3101,61545230010478,45
3102,61545387010478,45
3103,61545631010478,65
3104,61545762010478,65
3105,61546069010478,45
3106,61546165010478,45
3107,61546529010478,65
3108,61547062010478,45
3109,61547380010478,65
3110,61548313010478,65
3111,61548354010478,65
3112,61548542010478,65
3113,61548666010478,65
3114,61548846010478,65
3115,61548938010478,65
3116,61549058010478,65
3117,61549258010478,65
3118,61549585010478,65
3119,61549664010478,65
3120,61549915010478,65
3121,61549968010478,65
3122,61550101010478,75
3123,61550289010478,75
3124,61550347010478,75
3125,61550406010478,75
3126,61550780010478,75
3127,61550869010478,75
3128,61550988010478,75
3129,61551062010478,45
3130,61551267010478,65
3131,61551681010478,65
3132,61551737010478,65
3133,61551814010478,65
3134,61551940010478,75
3135,61552124010478,66
3136,61552330010478,66
3137,61552434010478,66
3138,61552512010478,66
3139,61552823010478,45
3140,61553021010478,67
3141,61553105010478,67
3142,61553314010478,67
3143,61553719010478,45
3144,61553804010478,45
3145,61554138010478,45
3146,61554609010478,45
3147,61555000010478,66
3148,61555088010478,66
3149,61555147010478,66
3150,61555557010478,65
3151,61555755010478,75
3152,61556033010478,75
3153,61556102010478,75
3154,61556354010478,67
3155,61556438010478,67
3156,61557101010478,45
3157,61557243010478,45
3158,61557377010478,45
3159,61557618010478,45
3160,61557696010478,45
3161,61557823010478,45
3162,61558087010478,45
3163,61558171010478,45
3164,61558700010478,65
3165,61558770010478,45
3166,61558872010478,45
3167,61559184010478,45
3168,61559262010478,45
3169,61559458010478,45
3170,61559587010478,45
3171,61559705010478,45
3172,61560428010478,45
3173,61561348010478,45
3174,61561440010478,45
3175,61561510010478,45
3176,61561577010478,45
3177,61561687010478,65
3178,61561801010478,65
3179,61562157010478,65
3180,61562222010478,65
3181,61562654010478,65
3182,61562813010478,45
3183,61562989010478,45
3184,61563131010478,45
3185,61564068010478,75
3186,61564187010478,65
3187,61564648010478,65
3188,61564796010478,65
3189,61564967010478,65
3190,61565056010478,65
3191,61565288010478,65
3192,61565347010478,65
3193,61565414010478,45
3194,61565587010478,45
3195,61565699010478,45
3196,61565963010478,45
3197,61567131010478,65
3198,61567240010478,65
3199,61567327010478,65
3200,61567572010478,65
3201,61567989010478,75
3202,61568211010478,45
3203,61568281010478,45
3204,61568435010478,45
3205,61568480010478,45
3206,61569126010478,75
3207,61570017010478,75
3208,61570126010478,65
3209,61570238010478,65
3210,61570958010478,65
3211,61590628010478,65
3212,61590705010478,75
3213,61591251010478,75
3214,61591310010478,75
3215,61591651010478,75
3216,61591721010478,75
3217,61592663010478,45
3218,61592743010478,45
3219,61592869010478,45
3220,61592949010478,45
3221,61593185010478,45
3222,61593487010478,67
3223,61593909010478,65
3224,61594174010478,45
3225,61594583010478,75
3226,61595084010478,65
3227,61595194010478,75
3228,61596751010478,65
3229,61597175010478,65
3230,61597635010478,65
3231,61598072010478,65
3232,61598201010478,65
3233,61599308010478,75
3234,61599684010478,75
3235,61599767010478,75
3236,61600204010478,45
3237,61600297010478,45
3238,61600396010478,45
3239,61600465010478,45
3240,61600597010478,45
3241,61600808010478,67
3242,61601038010478,75
3243,61601195010478,75
3244,61601303010478,75
3245,61601387010478,75
3246,61601556010478,75
3247,61601618010478,75
3248,61602194010478,75
3249,61602384010478,67
3250,61602494010478,67
3251,216102250010854,75
3252,61262214010478,67
3253,61262296010478,66
3254,61262397010478,65
3255,61262723010478,65
3256,61262830010478,65
3257,61263016010478,65
3258,61263215010478,65
3259,61263339010478,75
3260,61263411010478,75
3261,61263596010478,75
3262,61263630010478,75
3263,61263789010478,65
3264,61264121010478,65
3265,61264706010478,75
3266,61264827010478,65
3267,61265063010478,65
3268,61265311010478,65
3269,61265396010478,65
3270,61265975010478,45
3271,61267201010478,75
3272,61267670010478,65
3273,61267776010478,65
3274,61267988010478,45
3275,61268067010478,45
3276,61268322010478,75
3277,61268411010478,75
3278,61269008010478,75
3279,61269099010478,75
3280,61269172010478,75
3281,61269750010478,65
3282,61270146010478,65
3283,61270271010478,67
3284,61270372010478,67
3285,61271163010478,66
3286,61271330010478,45
3287,61271864010478,65
3288,61272334010478,75
3289,61273198010478,75
3290,61273579010478,75
3291,61273667010478,75
3292,61273734010478,75
3293,61273814010478,75
3294,61273909010478,75
3295,61274471010478,65
3296,61275145010478,65
3297,61275417010478,45
3298,61275573010478,45
3299,61275776010478,65
3300,61275867010478,65
3301,61276239010478,45
3302,61276349010478,45
3303,61276462010478,45
3304,61277912010478,45
3305,61278475010478,65
3306,61278637010478,65
3307,61279074010478,65
3308,61279149010478,65
3309,61279214010478,65
3310,61279569010478,65
3311,61279795010478,65
3312,61280308010478,65
3313,61280703010478,65
3314,61280768010478,65
3315,61280844010478,75
3316,61280898010478,75
3317,61281037010478,75
3318,61281104010478,75
3319,61281258010478,75
3320,61281345010478,75
3321,61281402010478,75
3322,61281740010478,75
3323,61281966010478,45
3324,61282497010478,65
3325,61282577010478,65
3326,61282718010478,65
3327,61283298010478,66
3328,61283397010478,45
3329,61283801010478,67
3330,61283869010478,67
3331,61283940010478,67
3332,61284320010478,45
3333,61284380010478,45
3334,61284623010478,45
3335,61285245010478,66
3336,61285396010478,66
3337,61285495010478,65
3338,61285571010478,65
3339,61285899010478,75
3340,61285981010478,75
3341,61286017010478,75
3342,61286481010478,67
3343,61286746010478,67
3344,61287033010478,65
3345,61287099010478,65
3346,61287212010478,45
3347,61287631010478,45
3348,61287865010478,45
3349,61288507010478,65
3350,61288609010478,45
3351,61288714010478,45
3352,61289135010478,65
3353,61289240010478,45
3354,61289435010478,45
3355,61289483010478,45
3356,61289605010478,45
3357,61289829010478,45
3358,61290016010478,45
3359,61290149010478,45
3360,61290207010478,45
3361,61290457010478,45
3362,61290517010478,45
3363,61290810010478,45
3364,61291628010478,45
3365,61291732010478,45
3366,61291819010478,45
3367,61292276010478,45
3368,61292628010478,75
3369,61292708010478,75
3370,61293640010478,65
3371,61478984010478,65
3372,61479131010478,45
3373,61479269010478,75
3374,61480095010478,65
3375,61481342010478,75
3376,61481378010478,75
3377,61482045010478,75
3378,61482116010478,75
3379,61482408010478,75
3380,61482544010478,45
3381,61482941010478,45
3382,61482995010478,45
3383,61483076010478,45
3384,61483187010478,45
3385,61483405010478,75
3386,61483705010478,75
3387,61484402010478,65
3388,61484871010478,45
3389,61485513010478,45
3390,61486179010478,45
3391,61486289010478,65
3392,61486560010478,65
3393,61486698010478,65
3394,61486752010478,65
3395,61486888010478,45
3396,61487013010478,45
3397,61487125010478,65
3398,61487232010478,65
3399,61487455010478,45
3400,61487657010478,45
3401,61488224010478,67
3402,61488391010478,65
3403,61488543010478,45
3404,61488957010478,45
3405,61489119010478,45
3406,61489207010478,45
3407,61489287010478,45
3408,61489384010478,45
3409,61490009010478,66
3410,61491374010478,45
3411,61491497010478,65
3412,61491805010478,66
3413,61491895010478,66
3414,61491978010478,66
3415,61492052010478,66
3416,61493045010478,65
3417,61493166010478,65
3418,61493470010478,65
3419,61493626010478,65
3420,61493750010478,65
3421,61493908010478,65
3422,61494223010478,65
3423,61494283010478,65
3424,61494468010478,65
3425,61494644010478,65
3426,61494744010478,45
3427,61494797010478,45
3428,61495084010478,45
3429,61495614010478,65
3430,61495731010478,65
3431,61496868010478,45
3432,61496953010478,45
3433,61497249010478,45
3434,61497670010478,65
3435,61497817010478,65
3436,61497916010478,65
3437,61498594010478,65
3438,61498742010478,65
3439,61498828010478,65
3440,61499598010478,65
3441,61499995010478,65
3442,61500066010478,65
3443,61500113010478,65
3444,61500296010478,65
3445,61500410010478,65
3446,61500631010478,65
3447,61500740010478,65
3448,61500939010478,66
3449,61501162010478,45
3450,61501628010478,65
3451,61502133010478,65
3452,61502631010478,66
3453,61503037010478,45
3454,61503476010478,67
3455,61504117010478,45
3456,61504578010478,45
3457,61504675010478,45
3458,61504965010478,65
3459,61505203010478,65
3460,61505282010478,65
3461,61505646010478,75
3462,61506028010478,65
3463,61506404010478,65
3464,61506805010478,67
3465,61506878010478,67
3466,61507394010478,65
3467,61507557010478,65
3468,61507909010478,65
3469,61507961010478,65
3470,61508070010478,45
3471,61508124010478,45
3472,61508768010478,65
3473,61508936010478,65
3474,61509930010478,65
3475,61538545010478,75
3476,61539218010478,75
3477,61539261010478,75
3478,61539489010478,75
3479,61539599010478,45
3480,61539890010478,45
3481,61539925010478,45
3482,61540186010478,45
3483,61540369010478,45
3484,61540625010478,67
3485,61540670010478,67
3486,61096869010478,45
3487,61097144010478,45
3488,61097225010478,45
3489,61097987010478,45
3490,61098134010478,45
3491,61098960010478,65
3492,61099112010478,65
3493,61099173010478,65
3494,61099645010478,45
3495,61099715010478,45
3496,61099805010478,45
3497,61099920010478,45
3498,61100588010478,65
3499,61101293010478,65
3500,61101692010478,65
3501,61101755010478,65
3502,61101912010478,65
3503,61101956010478,65
3504,61102105010478,65
3505,61102168010478,65
3506,61102941010478,45
3507,61103266010478,45
3508,61103397010478,75
3509,61103602010478,75
3510,61104022010478,65
3511,61104196010478,65
3512,61104258010478,65
3513,61104509010478,65
3514,61104557010478,65
3515,61105384010478,75
3516,61105546010478,45
3517,61105622010478,45
3518,61105911010478,75
3519,61105950010478,75
3520,61106104010478,75
3521,61106281010478,65
3522,61106475010478,75
3523,61106534010478,65
3524,61106693010478,65
3525,61106949010478,45
3526,61107044010478,45
3527,61107266010478,45
3528,61107346010478,65
3529,61107628010478,75
3530,61107944010478,65
3531,61108015010478,65
3532,61108294010478,45
3533,61108421010478,65
3534,61108508010478,65
3535,61108885010478,45
3536,61109278010478,45
3537,61109413010478,45
3538,61110006010478,65
3539,61110216010478,65
3540,61110286010478,65
3541,61110762010478,45
3542,61110839010478,45
3543,61111253010478,65
3544,61111597010478,45
3545,61111688010478,45
3546,61112458010478,67
3547,61112600010478,65
3548,61112807010478,65
3549,61113119010478,45
3550,61113214010478,45
3551,61113308010478,45
3552,61113568010478,45
3553,61113671010478,45
3554,61113750010478,45
3555,61113827010478,45
3556,61113984010478,45
3557,61114084010478,45
3558,61114158010478,45
3559,61114276010478,65
3560,61114675010478,66
3561,61114807010478,75
3562,61114951010478,45
3563,61115252010478,45
3564,61115598010478,67
3565,61115694010478,45
3566,61115983010478,67
3567,61116024010478,67
3568,61116168010478,45
3569,61116472010478,45
3570,61116602010478,45
3571,61116678010478,45
3572,61116783010478,45
3573,61116947010478,65
3574,61117237010478,66
3575,61117300010478,66
3576,61117563010478,65
3577,61117835010478,65
3578,61118062010478,65
3579,61118266010478,65
3580,61118988010478,65
3581,61119305010478,65
3582,61119349010478,65
3583,61119456010478,65
3584,61119843010478,45
3585,61119921010478,45
3586,61120380010478,65
3587,61120494010478,65
3588,61120651010478,65
3589,61120974010478,65
3590,61121089010478,65
3591,61121266010478,65
3592,61121515010478,45
3593,61121610010478,45
3594,61121667010478,45
3595,61121778010478,45
3596,61121893010478,45
3597,61122070010478,45
3598,61122195010478,45
3599,61122248010478,45
3600,61122376010478,65
3601,61123565010478,65
3602,61123624010478,65
3603,61123824010478,65
3604,61123932010478,65
3605,61124029010478,65
3606,61124427010478,65
3607,61125445010478,65
3608,61125534010478,45
3609,61125833010478,45
3610,61125986010478,45
3611,61126048010478,45
3612,61126129010478,65
3613,61126540010478,65
3614,61126689010478,65
3615,61126917010478,66
3616,61126996010478,66
3617,61127113010478,66
3618,61127267010478,45
3619,61127415010478,68
3620,61127687010478,67
3621,61128167010478,45
3622,61128217010478,45
3623,61129056010478,75
3624,61410023010478,75
3625,61410181010478,45
3626,61410441010478,45
3627,61411045010478,65
3628,61411336010478,65
3629,61411481010478,65
3630,61411634010478,75
3631,61412220010478,75
3632,61412302010478,65
3633,61412355010478,75
3634,61413059010478,65
3635,61413484010478,45
3636,61413553010478,45
3637,61413669010478,67
3638,61413816010478,67
3639,61413858010478,67
3640,61413916010478,67
3641,61413988010478,65
3642,61414359010478,65
3643,61414416010478,45
3644,61414734010478,45
3645,61414849010478,65
3646,61415005010478,65
3647,61415187010478,65
3648,61415425010478,65
3649,61415509010478,65
3650,61445694010478,75
3651,61446008010478,65
3652,61446356010478,65
3653,61446763010478,45
3654,61446812010478,45
3655,61446880010478,67
3656,61447012010478,66
3657,61447087010478,67
3658,61447161010478,67
3659,61447270010478,67
3660,61447478010478,65
3661,61447561010478,65
3662,61447911010478,75
3663,61448400010478,65
3664,61449110010478,75
3665,61449265010478,65
3666,61449297010478,65
3667,61449677010478,75
3668,61449906010478,75
3669,61449977010478,75
3670,61451272010478,65
3671,61451356010478,65
3672,61451411010478,75
3673,61451514010478,65
3674,61451715010478,65
3675,61451848010478,65
3676,61451923010478,65
3677,61452256010478,65
3678,61452359010478,65
3679,61452491010478,45
3680,61452552010478,45
3681,61452620010478,65
3682,61452955010478,75
3683,61453193010478,75
3684,61453342010478,65
3685,61453533010478,45
3686,61454685010478,75
3687,61454769010478,75
3688,61454927010478,75
3689,61455606010478,75
3690,61455687010478,75
3691,61455744010478,75
3692,61456124010478,65
3693,61456268010478,65
3694,61457194010478,66
3695,61457372010478,45
3696,61459940010478,75
3697,61460026010478,75
3698,61460104010478,75
3699,61460972010478,65
3700,61461337010478,75
3701,61461488010478,65
3702,61461729010478,65
3703,61462444010478,65
3704,61463088010478,45
3705,61463600010478,65
3706,61463937010478,65
3707,61464040010478,68
3708,61464121010478,68
3709,61465983010478,45
3710,61466560010478,65
3711,61466953010478,65
3712,61467046010478,65
3713,61467320010478,65
3714,61467443010478,65
3715,61467642010478,65
3716,61467793010478,65
3717,61467945010478,45
3718,61468097010478,65
3719,61469804010478,75
3720,61470117010478,45
3721,61470824010478,65
3722,61470982010478,65
3723,61471781010478,65
3724,61472313010478,45
3725,61472529010478,67
3726,61472833010478,67
3727,61473639010478,45
3728,61474279010478,66
3729,61474554010478,75
3730,61475356010478,67
3731,61475441010478,67
3732,61475497010478,67
3733,61475615010478,65
3734,61476021010478,45
3735,61476123010478,45
3736,61476170010478,45
3737,61476628010478,45
3738,61476759010478,45
3739,61476826010478,45
3740,61476930010478,45
3741,61477063010478,45
3742,61477176010478,45
3743,61477254010478,45
3744,61477848010478,45
3745,61477907010478,45
3746,61477950010478,45
3747,61478070010478,45
3748,61478129010478,45
3749,61510172010478,65
3750,61510470010478,75
3751,61510660010478,75
3752,61510759010478,65
3753,61511175010478,75
3754,61511274010478,75
3755,61511342010478,65
3756,216102255010854,45
3757,61342807010478,45
3758,61343288010478,45
3759,61343450010478,45
3760,61343962010478,75
3761,61344655010478,75
3762,61344766010478,75
3763,61344849010478,45
3764,61344946010478,65
3765,61345033010478,45
3766,61345593010478,65
3767,61345979010478,65
3768,61346036010478,65
3769,61346102010478,65
3770,61346353010478,75
3771,61346410010478,75
3772,61346620010478,75
3773,61346908010478,75
3774,61347008010478,75
3775,61347595010478,65
3776,61347670010478,65
3777,61347771010478,45
3778,61347847010478,45
3779,61347911010478,66
3780,61348328010478,67
3781,61348980010478,45
3782,61349064010478,45
3783,61349181010478,45
3784,61349236010478,45
3785,61349284010478,65
3786,61349955010478,65
3787,61350110010478,65
3788,61350196010478,65
3789,61350346010478,65
3790,61350434010478,65
3791,61375608010478,66
3792,61376248010478,66
3793,61376337010478,66
3794,61376489010478,65
3795,61376534010478,75
3796,61376831010478,75
3797,61377179010478,65
3798,61377419010478,45
3799,61377903010478,45
3800,61378064010478,45
3801,61378687010478,45
3802,61378888010478,45
3803,61378941010478,45
3804,61379250010478,45
3805,61379505010478,45
3806,61379675010478,45
3807,61379803010478,45
3808,61380072010478,45
3809,61380151010478,45
3810,61380282010478,45
3811,61380335010478,45
3812,61381061010478,65
3813,61381457010478,45
3814,61381564010478,65
3815,61381737010478,75
3816,61381818010478,75
3817,61382796010478,65
3818,61384836010478,65
3819,61385065010478,65
3820,61385181010478,65
3821,61385324010478,65
3822,61385475010478,65
3823,61385590010478,65
3824,61385636010478,65
3825,61385750010478,65
3826,61385826010478,65
3827,61385919010478,65
3828,61386724010478,75
3829,61386995010478,45
3830,61387043010478,75
3831,61387154010478,75
3832,61388469010478,75
3833,61388547010478,65
3834,61389128010478,66
3835,61389374010478,65
3836,61390018010478,75
3837,61390219010478,75
3838,61390781010478,65
3839,61390974010478,45
3840,61391244010478,65
3841,61391316010478,65
3842,61391399010478,65
3843,61391823010478,45
3844,61391929010478,45
3845,61391994010478,45
3846,61392514010478,65
3847,61392606010478,65
3848,61392692010478,65
3849,61393040010478,45
3850,61393098010478,45
3851,61393224010478,65
3852,61393303010478,65
3853,61393358010478,45
3854,61393778010478,45
3855,61393960010478,65
3856,61395374010478,45
3857,61395415010478,45
3858,61395763010478,66
3859,61395981010478,66
3860,61396020010478,66
3861,61396374010478,75
3862,61397145010478,67
3863,61397638010478,65
3864,61398403010478,65
3865,61398775010478,66
3866,61399332010478,65
3867,61399401010478,65
3868,61399442010478,65
3869,61399995010478,65
3870,61400142010478,65
3871,61400360010478,65
3872,61400457010478,65
3873,61400505010478,65
3874,61400631010478,75
3875,61400715010478,65
3876,61400790010478,65
3877,61401119010478,45
3878,61401196010478,45
3879,61401263010478,65
3880,61401645010478,65
3881,61401825010478,65
3882,61401898010478,65
3883,61401998010478,65
3884,61402175010478,65
3885,61403038010478,45
3886,61403319010478,45
3887,61403705010478,45
3888,61403971010478,65
3889,61404033010478,65
3890,61404732010478,65
3891,61404800010478,65
3892,61405063010478,65
3893,61405102010478,65
3894,61405204010478,65
3895,61405396010478,65
3896,61405476010478,65
3897,61405582010478,65
3898,61406002010478,65
3899,61406581010478,65
3900,61406869010478,65
3901,61407747010478,66
3902,61407810010478,65
3903,61408040010478,65
3904,61408261010478,45
3905,61409346010478,65
3906,61409663010478,66
3907,61409877010478,66
3908,61415561010478,65
3909,61415743010478,75
3910,61415818010478,75
3911,61416356010478,75
3912,61417550010478,65
3913,61417587010478,65
3914,61418165010478,45
3915,61418678010478,66
3916,61418926010478,45
3917,61419122010478,65
3918,61420426010478,65
3919,61421071010478,75
3920,61421654010478,75
3921,61421755010478,65
3922,61421942010478,65
3923,61422054010478,65
3924,61422111010478,65
3925,61422538010478,75
3926,61422984010478,65
3927,61423082010478,65
3928,61423230010478,75
3929,61423579010478,65
3930,61424231010478,65
3931,61424298010478,65
3932,61425155010478,65
3933,61425720010478,75
3934,61426009010478,75
3935,61426219010478,65
3936,61426624010478,45
3937,61426746010478,45
3938,61427212010478,75
3939,61427283010478,75
3940,61427340010478,75
3941,61427412010478,75
3942,61427512010478,75
3943,61428236010478,65
3944,61428389010478,65
3945,61428516010478,67
3946,61428730010478,67
3947,61428798010478,67
3948,61429022010478,45
3949,61429547010478,66
3950,61431516010478,75
3951,61431696010478,75
3952,61431795010478,75
3953,61431897010478,75
3954,61433334010478,65
3955,61433378010478,65
3956,61433563010478,65
3957,61435313010478,45
3958,61436367010478,45
3959,61436503010478,65
3960,61436710010478,68
3961,61436782010478,68
3962,61437003010478,45
3963,61437218010478,65
3964,61438127010478,65
3965,61438458010478,65
3966,61438665010478,65
3967,61438716010478,65
3968,61438807010478,65
3969,61439278010478,65
3970,61439371010478,65
3971,61440720010478,75
3972,61440845010478,75
3973,61440944010478,75
3974,61440985010478,75
3975,61441461010478,75
3976,61442007010478,75
3977,61442283010478,45
3978,61442365010478,65
3979,61442485010478,65
3980,61442961010478,65
3981,61443076010478,65
3982,61444144010478,66
3983,216102251010854,65
3984,29166084010478,65
3985,29166391010478,65
3986,29166530010478,65
3987,29166965010478,65
3988,29167175010478,75
3989,29167349010478,45
3990,29167696010478,45
3991,29168005010478,75
3992,29168208010478,45
3993,29168338010478,66
3994,29168446010478,65
3995,29168546010478,65
3996,29168810010478,65
3997,29168981010478,66
3998,29169224010478,65
3999,29169354010478,75
4000,61294478010478,45
4001,61295058010478,66
4002,61295157010478,66
4003,61295223010478,65
4004,61295298010478,75
4005,61295615010478,67
4006,61295838010478,65
4007,61295914010478,65
4008,61295963010478,65
4009,61296596010478,45
4010,61296720010478,45
4011,61296784010478,45
4012,61297598010478,45
4013,61297986010478,45
4014,61298073010478,45
4015,61298410010478,45
4016,61298589010478,45
4017,61299949010478,45
4018,61300722010478,45
4019,61300796010478,45
4020,61301549010478,45
4021,61301618010478,45
4022,61301784010478,45
4023,61302089010478,65
4024,61302213010478,65
4025,61302259010478,65
4026,61302459010478,65
4027,61302693010478,45
4028,61303120010478,45
4029,61303319010478,45
4030,61303431010478,75
4031,61303877010478,65
4032,61304102010478,75
4033,61304409010478,65
4034,61304484010478,65
4035,61304767010478,65
4036,61304913010478,65
4037,61304980010478,65
4038,61305637010478,65
4039,61306681010478,45
4040,61307056010478,75
4041,61307173010478,65
4042,61307675010478,65
4043,61308159010478,65
4044,61308252010478,65
4045,61308444010478,65
4046,61308651010478,65
4047,61309428010478,75
4048,61309501010478,75
4049,61309559010478,75
4050,61310446010478,75
4051,61310683010478,65
4052,61310871010478,65
4053,61311176010478,45
4054,61311398010478,45
4055,61311480010478,45
4056,61312036010478,75
4057,61312120010478,75
4058,61312213010478,75
4059,61313046010478,75
4060,61313105010478,65
4061,61313779010478,65
4062,61314079010478,45
4063,61315114010478,45
4064,61315205010478,65
4065,61315497010478,65
4066,61315600010478,65
4067,61316389010478,45
4068,61316794010478,45
4069,61316916010478,45
4070,61317021010478,65
4071,61317148010478,45
4072,61317218010478,45
4073,61317295010478,45
4074,61317888010478,45
4075,61318123010478,45
4076,61318308010478,45
4077,61318371010478,45
4078,61318429010478,45
4079,61318604010478,45
4080,61319185010478,45
4081,61319350010478,45
4082,61319814010478,66
4083,61320382010478,75
4084,61320570010478,45
4085,61320867010478,67
4086,61320938010478,67
4087,61322297010478,66
4088,61322377010478,66
4089,61322477010478,66
4090,61322551010478,65
4091,61322617010478,65
4092,61322817010478,65
4093,61322862010478,65
4094,61323269010478,65
4095,61323369010478,65
4096,61323487010478,45
4097,61324432010478,65
4098,61324833010478,65
4099,61324962010478,65
4100,61325861010478,45
4101,61325956010478,65
4102,61326492010478,65
4103,61327244010478,65
4104,61327344010478,65
4105,61327866010478,45
4106,61327957010478,45
4107,61328360010478,45
4108,61328424010478,45
4109,61328641010478,45
4110,61329235010478,65
4111,61329380010478,75
4112,61329480010478,65
4113,61329629010478,65
4114,61329847010478,65
4115,61330031010478,65
4116,61330108010478,65
4117,61330191010478,65
4118,61330644010478,65
4119,61330751010478,65
4120,61331356010478,65
4121,61331532010478,65
4122,61331603010478,65
4123,61331718010478,65
4124,61332565010478,65
4125,61332886010478,65
4126,61332935010478,65
4127,61333084010478,45
4128,61333307010478,45
4129,61333405010478,45
4130,61333678010478,65
4131,61333847010478,66
4132,61334048010478,66
4133,61334353010478,66
4134,61334435010478,66
4135,61334981010478,68
4136,61335168010478,67
4137,61335273010478,67
4138,61335696010478,45
4139,61336362010478,75
4140,61337154010478,75
4141,61337219010478,75
4142,61337313010478,45
4143,61337659010478,45
4144,61338034010478,65
4145,61338114010478,65
4146,61338668010478,65
4147,61339273010478,75
4148,61339508010478,75
4149,61339745010478,75
4150,61339831010478,75
4151,61339946010478,75
4152,61340242010478,65
4153,61340309010478,65
4154,61340484010478,45
4155,61340603010478,45
4156,61341107010478,65
4157,61341652010478,45
4158,61341805010478,45
4159,61341997010478,65
4160,61342350010478,65
4161,61342717010478,65
4162,61350736010478,75
4163,61351213010478,65
4164,61351365010478,75
4165,61351776010478,75
4166,61352097010478,75
4167,61352967010478,66
4168,61353095010478,67
4169,61353151010478,65
4170,61353332010478,65
4171,61353500010478,65
4172,61353711010478,45
4173,61353913010478,75
4174,61354286010478,75
4175,61354889010478,65
4176,61355225010478,75
4177,61355317010478,65
4178,61355623010478,75
4179,61355816010478,65
4180,61356006010478,65
4181,61356084010478,65
4182,61356538010478,65
4183,61356660010478,65
4184,61356741010478,65
4185,61356830010478,65
4186,61356903010478,65
4187,61356999010478,65
4188,61357244010478,45
4189,61358979010478,65
4190,61359356010478,45
4191,61359539010478,45
4192,61359623010478,45
4193,61359787010478,67
4194,61360178010478,75
4195,61360332010478,75
4196,61360493010478,75
4197,61360707010478,75
4198,61361420010478,67
4199,61361537010478,67
4200,61361587010478,67
4201,61361829010478,66
4202,61362300010478,66
4203,61363695010478,75
4204,61363782010478,75
4205,61363934010478,75
4206,61363994010478,75
4207,61365422010478,65
4208,61365863010478,65
4209,61366005010478,45
4210,61366079010478,65
4211,61366650010478,45
4212,61366771010478,45
4213,61366886010478,45
4214,61367283010478,65
4215,61367738010478,65
4216,61367862010478,65
4217,61367935010478,65
4218,61368788010478,65
4219,61369309010478,45
4220,61369393010478,65
4221,61369655010478,65
4222,61369762010478,65
4223,61369927010478,65
4224,61369984010478,65
4225,61370101010478,65
4226,61370424010478,65
4227,61370490010478,65
4228,61370533010478,45
4229,61370598010478,45
4230,61370938010478,65
4231,61371708010478,75
4232,61371956010478,75
4233,61372890010478,75
4234,61373409010478,45
4235,61373494010478,45
4236,61374087010478,65
4237,61374457010478,66
4238,61374549010478,66
4239,61374644010478,66
4240,61374713010478,45
4241,61374922010478,67
4242,61375182010478,67
4243,61375252010478,67
4244,29107455010478,65
4245,29110088010478,65
4246,29111053010478,65
4247,29111308010478,65
4248,76311748010478,45
4249,76314442010478,65
4250,76318190010478,45
4251,76318535010478,66
4252,76319310010478,65
4253,76323871010478,67
4254,76324208010478,67
4255,76325509010478,65
4256,76326151010478,65
4257,76326463010478,65
4258,76328874010478,65
4259,76329996010478,65
4260,76331553010478,65
4261,76332235010478,65
4262,76333501010478,45
4263,76335439010478,65
4264,76335983010478,65
4265,76337995010478,65
4266,76338041010478,65
4267,76341767010478,45
4268,76345104010478,67
4269,76346645010478,75
4270,76347499010478,75
4271,76348366010478,45
4272,76350779010478,75
4273,76351573010478,65
4274,76354437010478,45
4275,76355947010478,75
4276,76356679010478,66
4277,76357708010478,67
4278,76358852010478,45
4279,76360351010478,65
4280,76363502010478,45
4281,76365135010478,65
4282,76365913010478,65
4283,76372706010478,45
4284,76373228010478,45
4285,76375391010478,65
4286,76376970010478,75
4287,76378226010478,65
4288,76380892010478,75
4289,76380964010478,45
4290,76382198010478,75
4291,76382672010478,75
4292,76383603010478,45
4293,76383904010478,45
4294,76385872010478,65
4295,76389089010478,75
4296,76389365010478,75
4297,76390127010478,65
4298,76391253010478,66
4299,76391468010478,65
4300,76392538010478,65
4301,76392898010478,65
4302,76394521010478,75
4303,76395516010478,65
4304,76395567010478,45
4305,76400354010478,65
4306,76400500010478,75
4307,76401000010478,75
4308,76401390010478,65
4309,76402427010478,65
4310,76404396010478,65
4311,76405119010478,65
4312,76405738010478,65
4313,76406329010478,65
4314,76407150010478,65
4315,76407277010478,65
4316,76407340010478,75
4317,76407910010478,75
4318,76408571010478,65
4319,76408656010478,65
4320,76410859010478,75
4321,76411677010478,75
4322,76411732010478,75
4323,76412214010478,75
4324,76412309010478,75
4325,76412577010478,65
4326,76414348010478,65
4327,76416840010478,75
4328,76417402010478,45
4329,76418720010478,65
4330,76419035010478,65
4331,76419099010478,65
4332,76421782010478,65
4333,76422705010478,65
4334,76422914010478,65
4335,76423130010478,75
4336,76697892010478,45
4337,76698610010478,65
4338,76699253010478,45
4339,76700192010478,45
4340,76701275010478,65
4341,76701782010478,65
4342,76702583010478,45
4343,76702930010478,45
4344,76703110010478,65
4345,76703778010478,65
4346,76705435010478,66
4347,76707959010478,45
4348,76708352010478,65
4349,76711912010478,45
4350,76714552010478,65
4351,76716812010478,65
4352,76717387010478,65
4353,76720705010478,65
4354,76720939010478,65
4355,76726496010478,65
4356,76727436010478,65
4357,76728945010478,65
4358,76729078010478,65
4359,76730119010478,65
4360,76730246010478,65
4361,76731673010478,45
4362,76731907010478,65
4363,76733654010478,66
4364,76734262010478,45
4365,76739106010478,75
4366,76739181010478,75
4367,76740245010478,75
4368,76740610010478,45
4369,76746063010478,67
4370,76746191010478,67
4371,76752552010478,65
4372,76752681010478,65
4373,76755428010478,45
4374,76757103010478,45
4375,76760192010478,45
4376,76762562010478,45
4377,76763096010478,45
4378,76763943010478,75
4379,76764463010478,65
4380,76764785010478,65
4381,76764994010478,65
4382,76767695010478,45
4383,76768946010478,75
4384,76769304010478,65
4385,76769702010478,65
4386,76770178010478,65
4387,76772257010478,45
4388,76772998010478,75
4389,76774217010478,65
4390,76774420010478,65
4391,76774564010478,65
4392,76775253010478,65
4393,76778570010478,75
4394,76778703010478,75
4395,76787046010478,75
4396,76787691010478,75
4397,76789472010478,75
4398,76789964010478,65
4399,76790583010478,75
4400,76790951010478,65
4401,76791122010478,65
4402,76791237010478,65
4403,76791768010478,45
4404,76792267010478,65
4405,76792353010478,75
4406,76792760010478,75
4407,76794280010478,75
4408,76798296010478,65
4409,76799600010478,65
4410,76800038010478,65
4411,76803613010478,75
4412,76805082010478,75
4413,76805339010478,65
4414,76806218010478,65
4415,76807349010478,65
4416,76808515010478,65
4417,76812690010478,65
4418,76812742010478,65
4419,76815614010478,65
4420,76819478010478,65
4421,76819537010478,65
4422,76820811010478,75
4423,76821103010478,75
4424,76821213010478,75
4425,76821888010478,65
4426,76822479010478,65
4427,76823673010478,65
4428,76825749010478,45
4429,76827143010478,65
4430,76827239010478,65
4431,76827564010478,65
4432,76827914010478,65
4433,76940398010478,65
4434,76948932010478,45
4435,76951579010478,65
4436,123900460010478,45
4437,123900610010478,68
4438,123901708010478,45
4439,123902688010478,75
4440,123902903010478,75
4441,123904280010478,65
4442,123904875010478,65
4443,123905218010478,75
4444,123905255010478,75
4445,123907018010478,65
4446,123909774010478,45
4447,123909851010478,45
4448,123909903010478,45
4449,123911414010478,65
4450,123913069010478,65
4451,123913987010478,45
4452,123914623010478,75
4453,123914703010478,75
4454,123916246010478,45
4455,123916680010478,65
4456,123916723010478,45
4457,123919348010478,45
4458,123919784010478,65
4459,123921986010478,45
4460,123923049010478,45
4461,123924974010478,65
4462,123925316010478,66
4463,123925858010478,75
4464,123928492010478,65
4465,123929194010478,66
4466,123930846010478,65
4467,123930951010478,65
4468,123932548010478,45
4469,123935123010478,65
4470,123937469010478,65
4471,123937717010478,75
4472,123938525010478,45
4473,123938690010478,65
4474,123938851010478,65
4475,123938911010478,65
4476,123939125010478,65
4477,123939304010478,65
4478,123939563010478,65
4479,123939633010478,65
4480,123939999010478,65
4481,123941231010478,65
4482,123942461010478,45
4483,123942770010478,45
4484,123943103010478,65
4485,123944273010478,66
4486,123945863010478,45
4487,123946477010478,65
4488,123946577010478,75
4489,123947778010478,75
4490,123948176010478,75
4491,123950572010478,65
4492,123951014010478,65
4493,123953381010478,45
4494,123954622010478,45
4495,123959362010478,45
4496,123961132010478,45
4497,123961264010478,45
4498,123967144010478,45
4499,123968703010478,65
4500,123968885010478,65
4501,123969865010478,65
4502,123969964010478,65
4503,123970272010478,65
4504,123970308010478,65
4505,123971631010478,45
4506,123971716010478,45
4507,123971900010478,65
4508,123973439010478,65
4509,123974150010478,65
4510,123974365010478,65
4511,123974564010478,65
4512,123975281010478,75
4513,123977662010478,65
4514,123978671010478,67
4515,123979076010478,65
4516,123979239010478,65
4517,123981361010478,75
4518,123981528010478,75
4519,123982041010478,75
4520,123982804010478,45
4521,123983028010478,45
4522,123983111010478,45
4523,123985432010478,65
4524,123985747010478,65
4525,123986788010478,75
4526,123987005010478,65
4527,123987207010478,65
4528,123989494010478,75
4529,123989851010478,65
4530,123991321010478,45
4531,123993477010478,45
4532,123993656010478,45
4533,123994536010478,75
4534,123994733010478,75
4535,123998483010478,65
4536,123998991010478,45
4537,124001210010478,75
4538,124001347010478,75
4539,124002076010478,65
4540,124002441010478,65
4541,124002904010478,65
4542,124003097010478,65
4543,124004958010478,65
4544,173673264010854,65
4545,216102302010854,65
4546,216102303010854,45
4547,144444782010478,65
4548,144444897010478,75
4549,144445429010478,75
4550,144445500010478,75
4551,144446742010478,65
4552,144447858010478,65
4553,144448481010478,65
4554,144448666010478,45
4555,144449440010478,45
4556,144450182010478,65
4557,144450728010478,65
4558,144451418010478,65
4559,144454843010478,65
4560,144459260010478,67
4561,144462292010478,65
4562,144463509010478,65
4563,144464464010478,45
4564,144465236010478,45
4565,144466803010478,45
4566,144466928010478,45
4567,144468656010478,45
4568,144469718010478,45
4569,144472202010478,65
4570,144472489010478,65
4571,144472690010478,65
4572,144473212010478,65
4573,144474930010478,65
4574,144478397010478,65
4575,144478436010478,65
4576,144478942010478,75
4577,144480122010478,75
4578,144482226010478,75
4579,144482280010478,75
4580,144484687010478,45
4581,144487964010478,65
4582,144489643010478,45
4583,144489849010478,45
4584,144490000010478,45
4585,144490668010478,45
4586,144491368010478,65
4587,144492558010478,75
4588,144493890010478,65
4589,144494667010478,45
4590,144496868010478,65
4591,144499869010478,65
4592,144500983010478,65
4593,144501054010478,65
4594,144501866010478,65
4595,144503297010478,75
4596,144507823010478,65
4597,144509245010478,45
4598,144509383010478,65
4599,144509808010478,65
4600,144510009010478,65
4601,144511137010478,45
4602,144513266010478,75
4603,144513574010478,45
4604,144513889010478,65
4605,144515279010478,75
4606,144515714010478,75
4607,144515832010478,75
4608,144515975010478,75
4609,144516976010478,65
4610,144518171010478,65
4611,144519281010478,75
4612,144519710010478,75
4613,144522395010478,75
4614,144523837010478,66
4615,144525275010478,75
4616,144528293010478,65
4617,144529241010478,65
4618,144530073010478,75
4619,144530191010478,75
4620,144531195010478,65
4621,144534050010478,65
4622,144534512010478,45
4623,144534981010478,75
4624,144535467010478,75
4625,144535957010478,65
4626,144540354010478,65
4627,144540423010478,65
4628,144541174010478,65
4629,144541534010478,65
4630,144543192010478,65
4631,144543233010478,65
4632,144543435010478,45
4633,216102300010854,75
4634,153846290010854,75
4635,153846320010854,45
4636,153846370010854,65
4637,153846395010854,75
4638,153846409010854,65
4639,153846415010854,45
4640,153846425010854,75
4641,153846436010854,75
4642,153846443010854,65
4643,153846459010854,67
4644,153846467010854,75
4645,153846471010854,75
4646,153846473010854,75
4647,153846559010854,65
4648,153846562010854,65
4649,153846563010854,65
4650,153846594010854,45
4651,153846595010854,65
4652,153846605010854,45
4653,153846608010854,45
4654,153846627010854,45
4655,153846638010854,65
4656,153846640010854,65
4657,153846649010854,65
4658,153846673010854,75
4659,153846711010854,65
4660,153846738010854,45
4661,153846765010854,66
4662,153846789010854,67
4663,153846834010854,45
4664,153846844010854,45
4665,153846848010854,45
4666,153846850010854,45
4667,153846878010854,45
4668,153846881010854,65
4669,153846895010854,65
4670,153846899010854,65
4671,153846915010854,45
4672,153846935010854,65
4673,153846952010854,65
4674,153846953010854,45
4675,153846961010854,65
4676,153846966010854,75
4677,153846977010854,65
4678,153846985010854,65
4679,153846994010854,65
4680,153847019010854,45
4681,153847024010854,75
4682,153847025010854,75
4683,153847039010854,75
4684,153847078010854,45
4685,153847087010854,65
4686,153847091010854,45
4687,153847120010854,65
4688,153847137010854,45
4689,153847150010854,67
4690,153847174010854,45
4691,153847175010854,45
4692,153847208010854,65
4693,153847213010854,45
4694,153847234010854,65
4695,153847235010854,65
4696,153847236010854,65
4697,153847244010854,65
4698,153847258010854,65
4699,153847275010854,45
4700,153847286010854,65
4701,153847299010854,65
4702,153847306010854,45
4703,153847310010854,65
4704,153847342010854,65
4705,153847358010854,65
4706,153847359010854,65
4707,153847364010854,65
4708,153847370010854,65
4709,153847372010854,65
4710,153847379010854,65
4711,153847389010854,45
4712,153847395010854,65
4713,153847396010854,65
4714,153847399010854,65
4715,153847411010854,66
4716,153847412010854,66
4717,153847437010854,45
4718,153847475010854,65
4719,153847480010854,65
4720,153847505010854,65
4721,153847517010854,67
4722,153847521010854,65
4723,153847526010854,45
4724,153847528010854,45
4725,153847532010854,45
4726,153847537010854,65
4727,153847542010854,65
4728,153847554010854,65
4729,153847555010854,65
4730,176548716010854,75
4731,176548910010854,45
4732,176549056010854,65
4733,176549128010854,45
4734,176549136010854,45
4735,176549181010854,65
4736,176549187010854,45
4737,176549243010854,45
4738,176549308010854,65
4739,176549347010854,45
4740,176549360010854,65
4741,176549361010854,45
4742,176549503010854,65
4743,176549515010854,45
4744,176549564010854,65
4745,176549644010854,65
4746,176549710010854,75
4747,176549723010854,75
4748,176549772010854,65
4749,176549786010854,65
4750,236495583010854,45
4751,236495617010854,66
4752,236495751010854,45
4753,236496019010854,45
4754,236496079010854,45
4755,236496153010854,65
4756,236496377010854,65
4757,236496469010854,45
4758,236496611010854,45
4759,236496643010854,65
4760,236496669010854,45
4761,236496697010854,65
4762,236496799010854,45
4763,236496937010854,45
4764,236496959010854,65
4765,236496985010854,45
4766,236497043010854,65
4767,236497047010854,65
4768,236497273010854,75
4769,236497487010854,65
4770,236497495010854,65
4771,236497587010854,75
4772,236497645010854,75
4773,236497671010854,75
4774,236497713010854,75
4775,236497751010854,75
4776,236497755010854,75
4777,246591057010854,67
4778,246591065010854,67
4779,246591071010854,66
4780,246591073010854,66
4781,246591081010854,66
4782,246591091010854,66
4783,246591103010854,45
4784,246591113010854,66
4785,246591121010854,66
4786,246591123010854,66
4787,246591133010854,66
4788,246591157010854,66
4789,246591161010854,66
4790,246591165010854,45
4791,246591169010854,45
4792,246591171010854,45
4793,246591187010854,66
4794,246591199010854,66
4795,246591213010854,66
4796,246591227010854,66
4797,246591237010854,45
4798,246591241010854,67
4799,246591243010854,67
4800,246591247010854,66
4801,246591269010854,67
4802,246591285010854,66
4803,246591315010854,66
4804,246591339010854,66
4805,246591341010854,66
4806,246591402010854,66
4807,246591404010854,67
4808,246591412010854,66
4809,246591414010854,66
4810,246591416010854,66
4811,246591418010854,66
4812,246591424010854,66
4813,246591426010854,66
4814,246591428010854,45
4815,246591430010854,45
4816,246591436010854,66
4817,246591440010854,66
4818,246591442010854,66
4819,246591448010854,66
4820,246591450010854,66
4821,246591460010854,67
4822,246591462010854,67
4823,246591470010854,45
4824,246591480010854,66
4825,246591482010854,66
4826,246591484010854,66
4827,246591488010854,66
4828,259082054010854,68
4829,259082067010854,67
4830,259082107010854,67
4831,259082154010854,45
4832,259082199010854,65
4833,259082202010854,65
4834,259082206010854,45
4835,259082224010854,45
4836,259082225010854,66
4837,259082226010854,66
4838,259082266010854,45
4839,259082291010854,45
4840,259082292010854,45
4841,259082375010854,65
4842,259082410010854,45
4843,259082433010854,45
4844,259082475010854,65
4845,259082489010854,65
4846,259082520010854,65
4847,259082524010854,65
4848,259082550010854,65
4849,259082551010854,65
4850,259082554010854,65
4851,259082603010854,45
4852,259082708010854,65
4853,259082709010854,65
4854,259082796010854,65
4855,259082797010854,65
4856,259082818010854,65
4857,259082820010854,65
4858,259082826010854,65
4859,259082834010854,65
4860,259082860010854,65
4861,259082876010854,65
4862,259082885010854,65
4863,259082902010854,65
4864,259082944010854,65
4865,259082973010854,65
4866,259083107010854,75
4867,259083132010854,75
4868,259083146010854,75
4869,259083185010854,65
4870,259083201010854,75
4871,259083232010854,75
4872,259083235010854,75
4873,259083257010854,75
4874,259083308010854,75
4875,259083323010854,66
4876,259083324010854,67
4877,259083325010854,66
4878,259083326010854,66
4879,259083327010854,66
4880,259083328010854,66
4881,259083329010854,45
4882,259083330010854,66
4883,259083331010854,66
4884,259083332010854,66
4885,259083333010854,45
4886,259083334010854,45
4887,259083335010854,45
4888,259083336010854,66
4889,259083337010854,66
4890,259083338010854,66
4891,259083339010854,66
4892,259083340010854,66
4893,259083341010854,66
4894,259083342010854,45
4895,259083343010854,45
4896,259083344010854,45
4897,259083345010854,67
4898,259083346010854,66
4899,259083347010854,66
4900,259083348010854,66
4901,259083349010854,66
4902,259083350010854,66
4903,259083351010854,66
4904,259083352010854,45
4905,259083353010854,45
4906,259083355010854,66
4907,259083356010854,67
4908,259083357010854,67
4909,259083358010854,67
4910,259083359010854,66
4911,259083360010854,66
4912,259083361010854,66
4913,259083362010854,66
4914,259083363010854,66
4915,259083364010854,45
4916,259083365010854,66
4917,259083366010854,66
4918,259083367010854,66
4919,259083368010854,66
4920,259083369010854,66
4921,259083370010854,66
4922,259083371010854,66
4923,259083372010854,66
4924,259083373010854,66
4925,259083374010854,45
4926,259083375010854,45
4927,259083376010854,66
4928,43265177020004,45
4929,43265222020004,45
4930,43265269020004,67
4931,43265295020004,65
4932,43265442020004,65
4933,43265636020004,45
4934,43265642020004,65
4935,43265643020004,45
4936,43265644020004,65
4937,43265669020004,68
4938,43265680020004,67
4939,43265729020004,45
4940,43265741020004,75
4941,43265744020004,45
4942,43265766020004,45
4943,43265802020004,65
4944,43265833020004,65
4945,43265834020004,65
4946,43265835020004,65
4947,43265874020004,75
4948,43265908020004,75
4949,43265961020004,65
4950,43265965020004,75
4951,43265967020004,65
4952,43265982020004,75
4953,43266022020004,75
4954,43266078020004,65
4955,43266079020004,65
4956,43266084020004,65
4957,43266087020004,65
4958,43266281020004,75
4959,43266284020004,75
4960,43266315020004,45
4961,43266316020004,45
4962,43266317020004,66
4963,43266318020004,45
4964,43266319020004,45
4965,43266321020004,66
4966,43266322020004,66
4967,43266323020004,66
4968,43266324020004,66
4969,43266325020004,66
4970,43266326020004,66
4971,43266327020004,66
4972,43266328020004,67
4973,43266329020004,45
4974,43266330020004,66
4975,43266331020004,66
4976,43266332020004,66
4977,43266333020004,66
4978,43266334020004,66
4979,43266335020004,66
4980,43266336020004,66
4981,43266337020004,66
4982,43266338020004,45
4983,43266339020004,66
4984,43266340020004,66
4985,43266341020004,66
4986,43266342020004,66
4987,43266343020004,66
4988,43266344020004,66
4989,43266345020004,66
4990,43266346020004,66
4991,43266347020004,66
4992,43266348020004,66
4993,43266349020004,66
4994,43266350020004,45
4995,43266351020004,45
4996,43266352020004,45
4997,43266353020004,66
4998,43266354020004,45
4999,43266355020004,66
5000,43266356020004,45
5001,43266357020004,66
5002,43266358020004,66
5003,43266359020004,45
5004,43266360020004,66
5005,43266361020004,66
5006,43266362020004,45
5007,43266363020004,66
5008,43266364020004,66
5009,43266365020004,66
5010,43266366020004,66
5011,43266367020004,66
5012,43266368020004,66
5013,43266369020004,66
5014,43266370020004,66
5015,43266371020004,66
5016,216219066020004,65
5017,216219163020004,65
5018,216219199020004,45
5019,216219263020004,67
5020,216219317020004,65
5021,216219415020004,65
5022,216219416020004,65
5023,216219427020004,65
5024,216219537020004,45
5025,216219550020004,65
5026,216219551020004,65
5027,216219622020004,45
5028,216219685020004,45
5029,216219696020004,65
5030,216219728020004,65
5031,216219760020004,65
5032,216219804020004,75
5033,216219834020004,75
5034,216219872020004,65
5035,216219924020004,75
5036,216219949020004,75
5037,216220049020004,75
5038,216220068020004,75
5039,216220082020004,65
5040,216220090020004,65
5041,216220094020004,65
5042,216220104020004,65
5043,216220134020004,65
5044,216220244020004,75
5045,216220329020004,66
5046,216220330020004,66
5047,216220331020004,66
5048,216220332020004,45
5049,216220333020004,45
5050,216220334020004,66
5051,216220335020004,66
5052,216220336020004,66
5053,216220338020004,66
5054,216220339020004,66
5055,216220340020004,66
5056,216220341020004,66
5057,216220342020004,45
5058,216220343020004,67
5059,216220344020004,67
5060,216220345020004,66
5061,216220346020004,66
5062,216220347020004,66
5063,216220348020004,66
5064,216220349020004,66
5065,216220350020004,66
5066,216220351020004,66
5067,216220352020004,45
5068,216220353020004,66
5069,216220354020004,66
5070,216220355020004,66
5071,216220356020004,66
5072,216220357020004,66
5073,216220358020004,45
5074,216220359020004,66
5075,216220360020004,66
5076,216220361020004,66
5077,216220362020004,66
5078,216220363020004,66
5079,216220364020004,66
5080,216220365020004,67
5081,216220366020004,67
5082,216220367020004,66
5083,216220368020004,66
5084,216220369020004,66
5085,216220370020004,66
5086,216220371020004,66
5087,216220372020004,66
5088,216220373020004,66
5089,216220374020004,66
5090,216220375020004,66
5091,216220376020004,66
5092,216220377020004,66
5093,216220378020004,66
5094,216220379020004,66
5095,216220380020004,66
5096,216220381020004,66
5097,216220382020004,66
5098,216220383020004,66
5099,282501608489998,65
5100,282501709489998,65
5101,282501835489998,45
5102,282502009489998,45
5103,282502064489998,65
5104,282502318489998,65
5105,282502635489998,65
5106,282502677489998,65
5107,282502794489998,45
5108,282502795489998,45
5109,282502796489998,45
5110,282502797489998,45
5111,282502798489998,66
5112,282502799489998,66
5113,282502800489998,66
5114,282502801489998,66
5115,282502804489998,66
5116,282502805489998,66
5117,282502806489998,66
5118,282502807489998,66
5119,282502808489998,66
5120,282502809489998,67
5121,282502810489998,67
5122,282502811489998,67
5123,282502812489998,66
5124,282502813489998,66
5125,282502814489998,66
5126,282502815489998,66
5127,282502816489998,66
5128,282502817489998,45
5129,282502818489998,67
5130,282502819489998,45
5131,282502820489998,66
5132,282502821489998,66
5133,282502822489998,66
5134,282502823489998,66
5135,282502824489998,66
5136,282502825489998,66
5137,282502826489998,66
5138,282502827489998,66
5139,282502828489998,66
5140,282502829489998,45
5141,282502830489998,45
5142,282502831489998,66
5143,282502832489998,66
5144,282502833489998,66
5145,282502834489998,66
5146,282502835489998,66
5147,282502836489998,66
5148,282502837489998,66
5149,282502838489998,67
5150,282502839489998,67
5151,282502841489998,66
5152,282502842489998,66
5153,282502843489998,45
5154,282502844489998,66
5155,282502845489998,66
5156,282502846489998,66
5157,282502847489998,66
5158,282502848489998,66
5159,282502849489998,66
5160,282502850489998,66
5161,282502851489998,66
5162,385727405489998,65
5163,385728863489998,65
5164,385728986489998,45
5165,385729039489998,65
5166,385729099489998,65
5167,385729208489998,45
5168,385729302489998,65
5169,385729432489998,45
5170,385729501489998,45
5171,385729528489998,45
5172,385729590489998,65
5173,385729629489998,65
5174,385729785489998,45
5175,385729805489998,65
5176,385729892489998,65
5177,385730025489998,65
5178,385730072489998,75
5179,385730150489998,67
5180,385730163489998,66
5181,385730178489998,66
5182,385730179489998,45
5183,451135914489998,65
5184,451136192489998,67
5185,451136375489998,67
5186,451136496489998,65
5187,451136660489998,65
5188,451136670489998,65
5189,451136756489998,65
5190,451136880489998,65
5191,451136882489998,65
5192,451136904489998,65
5193,451136970489998,75
5194,533664253126144,65
5195,533664467126144,45
5196,533664585126144,45
5197,533664624126144,65
5198,533664760126144,65
5199,533664946126144,65
5200,533664962126144,65
5201,533664982126144,75
5202,533665091126144,65
5203,533665376126144,75
5204,635663735126144,65
5205,635663780126144,68
5206,635663805126144,45
5207,635664317126144,65
5208,635664362126144,45
5209,635664419126144,65
5210,635664427126144,65
5211,635664437126144,65
5212,635664546126144,65
5213,635664666126144,45
5214,635664800126144,65
5215,635664884126144,75
5216,635664957126144,45
