plot_id,plt_cn,eco
1,54793640010661,50
2,54927534010661,50
3,55151721010661,50
4,55144084010661,50
5,55619674010661,56
6,54673633010661,56
7,54937460010661,57
8,55081889010661,56
9,54741244010661,50
10,54741986010661,50
11,55389498010661,56
12,55332955010661,56
13,55223669010661,50
14,54615517010661,50
15,54794166010661,50
16,54721247010661,50
17,55302940010661,50
18,55479063010661,56
19,54574922010661,51
20,54574192010661,57
21,55159497010661,50
22,55257440010661,50
23,55150032010661,50
24,54917657010661,50
25,54761374010661,50
26,54662545010661,56
27,55777032010661,50
28,54833310010661,50
29,54542720010661,50
30,54682760010661,50
31,55462836010661,50
32,54623417010661,50
33,54690655010661,50
34,55356470010661,50
35,55268335010661,50
36,54810707010661,57
37,62213277010661,50
38,54822366010661,50
39,54768964010661,50
40,55290992010661,50
41,54944257010661,50
42,55386362010661,50
43,55195068010661,50
44,55379201010661,57
45,55272724010661,50
46,54563490010661,50
47,54581560010661,56
48,54666647010661,50
49,55397413010661,50
50,54833418010661,50
51,55813114010661,57
52,54547799010661,50
53,54681678010661,51
54,54819108010661,56
55,54569902010661,50
56,55350751010661,50
57,54798796010661,50
58,54720136010661,50
59,55368743010661,50
60,55236689010661,50
61,54700568010661,50
62,55135730010661,56
63,55003298010661,50
64,55560783010661,50
65,54738697010661,56
66,54957905010661,50
67,54802582010661,56
68,54779875010661,56
69,54544906010661,50
70,55359289010661,50
71,55491685010661,50
72,55458000010661,50
73,54838017010661,56
74,54806722010661,56
75,54931114010661,50
76,55037155010661,56
77,54637110010661,50
78,55571080010661,50
79,54861001010661,50
80,54833089010661,50
81,54802694010661,51
82,55156268010661,50
83,55145857010661,50
84,55314288010661,50
85,55815156010661,57
86,54607407010661,50
87,55196855010661,50
88,54805043010661,51
89,55372387010661,57
90,60133237010661,50
91,54633657010661,50
92,55208315010661,50
93,54754913010661,50
94,62257675010661,56
95,55805293010661,56
96,54856478010661,56
97,54936991010661,50
98,55172488010661,56
99,55054622010661,50
100,55725617010661,50
101,55472521010661,56
102,54831973010661,50
103,55475694010661,50
104,55634768010661,50
105,54943863010661,50
106,54543242010661,50
107,55405573010661,50
108,54860641010661,50
109,55397332010661,50
110,54938094010661,50
111,55290797010661,50
112,54817457010661,50
113,54988091010661,56
114,55523260010661,56
115,54830140010661,50
116,55239242010661,50
117,54873183010661,50
118,54602530010661,50
119,54751537010661,50
120,54902401010661,50
121,55625967010661,50
122,54571590010661,50
123,55532777010661,50
124,55745969010661,56
125,55287517010661,50
126,54951899010661,50
127,54724076010661,57
128,54557375010661,50
129,55731001010661,50
130,55195461010661,50
131,54833890010661,50
132,54783149010661,56
133,55492612010661,50
134,55476967010661,50
135,55363692010661,56
136,62235699010661,50
137,54648921010661,50
138,55307089010661,50
139,54627278010661,50
140,54830544010661,50
141,54731166010661,56
142,54742271010661,56
143,54726639010661,50
144,55367577010661,50
145,54542540010661,50
146,55277709010661,50
147,55390080010661,51
148,55208187010661,50
149,54671059010661,56
150,55303728010661,55
151,54662169010661,56
152,55061705010661,50
153,60120444010661,50
154,55309848010661,56
155,54668955010661,51
156,55288247010661,50
157,54972403010661,50
158,54610904010661,50
159,54976324010661,50
160,54735669010661,50
161,60363366010661,50
162,54693020010661,50
163,54975878010661,57
164,54983445010661,56
165,55497904010661,50
166,54934774010661,50
167,54669874010661,51
168,55650505010661,50
169,55565518010661,50
170,60185313010661,55
171,55379609010661,50
172,55613812010661,50
173,54944034010661,50
174,55311646010661,50
175,62275116010661,57
176,54945531010661,50
177,54700346010661,55
178,54542824010661,50
179,55051556010661,50
180,55495345010661,50
181,55529958010661,50
182,55407388010661,50
183,55459349010661,50
184,54644677010661,50
185,55637470010661,57
186,54562495010661,50
187,55391361010661,57
188,55365084010661,56
189,54811500010661,56
190,54742558010661,50
191,54635440010661,50
192,55271810010661,50
193,55388545010661,56
194,55377171010661,50
195,54830911010661,50
196,55340103010661,57
197,54676205010661,50
198,54645380010661,57
199,55050389010661,50
200,55387028010661,50
201,55275051010661,50
202,55344384010661,50
203,60204193010661,50
204,55468361010661,50
205,55177611010661,56
206,54824752010661,50
207,54719771010661,50
208,55010690010661,56
209,54543153010661,50
210,55232807010661,50
211,55576288010661,50
212,54783995010661,56
213,55371127010661,50
214,55563286010661,56
215,54911494010661,50
216,54721740010661,50
217,54727266010661,56
218,54865173010661,50
219,55012901010661,50
220,60214832010661,50
221,54590717010661,50
222,55346845010661,50
223,55594313010661,57
224,54915254010661,57
225,55334105010661,56
226,55466394010661,50
227,55289744010661,50
228,54596499010661,50
229,54859345010661,50
230,54778965010661,56
231,55641083010661,50
232,54777415010661,50
233,55575040010661,57
234,55107825010661,57
235,54757375010661,50
236,55348332010661,50
237,54929525010661,50
238,55405265010661,56
239,54758751010661,50
240,55159986010661,50
241,54750407010661,50
242,54624216010661,50
243,54936313010661,50
244,54859916010661,50
245,55141200010661,50
246,54769583010661,50
247,54676388010661,56
248,54939862010661,50
249,55242670010661,50
250,55344793010661,50
251,62215842010661,50
252,54817774010661,50
253,54699097010661,56
254,54690231010661,50
255,54668736010661,50
256,55389954010661,56
257,62241776010661,56
258,55038670010661,50
259,54725253010661,57
260,54743260010661,50
261,54953653010661,50
262,54692026010661,50
263,55340332010661,50
264,55047512010661,50
265,55312978010661,50
266,54745694010661,56
267,54547400010661,50
268,55573916010661,57
269,55136012010661,56
270,55006721010661,56
271,55173833010661,56
272,55295928010661,50
273,54946139010661,50
274,55213342010661,50
275,55378962010661,57
276,54753791010661,50
277,54844461010661,50
278,55186293010661,50
279,55312786010661,56
280,54547064010661,50
281,54578588010661,56
282,55048774010661,50
283,54874244010661,56
284,54896273010661,50
285,55300037010661,51
286,55744634010661,56
287,54671754010661,56
288,54836532010661,56
289,54816393010661,56
290,55622368010661,56
291,54989713010661,56
292,55318180010661,50
293,55027966010661,50
294,55401666010661,50
295,55391736010661,57
296,54617353010661,50
297,55530298010661,50
298,55407139010661,50
299,55033968010661,50
300,55328300010661,50
301,55566141010661,50
302,54919799010661,56
303,55317255010661,57
304,54577118010661,56
305,54814762010661,50
306,55107158010661,57
307,55631791010661,56
308,55299187010661,51
309,54998204010661,50
310,54927310010661,50
311,54642012010661,50
312,55033960010661,50
313,55325449010661,50
314,54636504010661,50
315,55404874010661,56
316,55185585010661,56
317,55401979010661,50
318,55415795010661,50
319,55042888010661,50
320,55703833010661,50
321,55176204010661,56
322,54953109010661,50
323,55649889010661,56
324,55593869010661,57
325,54831642010661,50
326,55726877010661,50
327,54987892010661,56
328,55316602010661,57
329,55037319010661,50
330,54618650010661,50
331,54853236010661,50
332,54788240010661,50
333,54755080010661,50
334,55610764010661,50
335,54704020010661,50
336,54686675010661,50
337,54992459010661,50
338,62227590010661,50
339,55542987010661,50
340,55298500010661,51
341,55112107010661,50
342,55215380010661,50
343,54935079010661,50
344,55119166010661,57
345,54614280010661,50
346,54929005010661,50
347,54837209010661,56
348,55109114010661,57
349,54875040010661,55
350,54585607010661,50
351,55314940010661,50
352,55057258010661,56
353,55651832010661,56
354,54915814010661,50
355,55035207010661,56
356,55175110010661,56
357,60372694010661,50
358,55725037010661,50
359,54582219010661,50
360,54603987010661,50
361,54662634010661,56
362,55376247010661,50
363,55163157010661,50
364,54711073010661,50
365,55083159010661,56
366,54691760010661,50
367,55499722010661,50
368,54718699010661,50
369,55317072010661,50
370,54586402010661,50
371,55406736010661,50
372,55154188010661,50
373,54941489010661,51
374,54817458010661,50
375,55117885010661,50
376,54634432010661,50
377,55639386010661,56
378,54604625010661,50
379,55290821010661,56
380,55638903010661,57
381,55775922010661,50
382,55311824010661,56
383,55724586010661,50
384,54552627010661,56
385,54614348010661,50
386,54561104010661,50
387,54576777010661,56
388,55161567010661,50
389,54812206010661,56
390,60372188010661,50
391,54665809010661,57
392,55072669010661,51
393,55060814010661,56
394,54576550010661,56
395,54801307010661,51
396,54795284010661,56
397,55503248010661,50
398,54866098010661,50
399,54619912010661,50
400,55558437010661,50
401,55137957010661,56
402,54608341010661,50
403,54707911010661,50
404,54544395010661,50
405,55638661010661,57
406,55563487010661,50
407,54553188010661,56
408,55562245010661,50
409,55014628010661,56
410,54612181010661,50
411,62208868010661,50
412,54938537010661,50
413,54694025010661,50
414,55227496010661,56
415,55406470010661,50
416,54814147010661,50
417,55359560010661,50
418,55656821010661,50
419,54621773010661,50
420,54689157010661,50
421,54691453010661,50
422,54793117010661,50
423,54832401010661,50
424,54898684010661,50
425,54837766010661,50
426,55028948010661,50
427,54741140010661,50
428,54544123010661,50
429,55120881010661,57
430,55378937010661,50
431,54862223010661,50
432,54905198010661,50
433,54963318010661,50
434,54543889010661,50
435,54894125010661,50
436,54693776010661,50
437,55281526010661,50
438,54561540010661,51
439,54640052010661,50
440,54614646010661,50
441,55049822010661,50
442,60371796010661,50
443,55349046010661,50
444,55738685010661,50
445,55006315010661,50
446,54859715010661,50
447,55210635010661,50
448,54794351010661,50
449,55469229010661,50
450,55247976010661,50
451,55050616010661,50
452,55355329010661,50
453,54830790010661,50
454,54853666010661,50
455,62229122010661,50
456,54748565010661,50
457,55736241010661,50
458,55400610010661,50
459,54795332010661,50
460,55516937010661,50
461,54637792010661,50
462,55330436010661,50
463,54915486010661,57
464,54674327010661,50
465,54843269010661,50
466,54686747010661,50
467,54817040010661,50
468,55137113010661,56
469,54976877010661,57
470,55559887010661,50
471,54857816010661,50
472,54758310010661,51
473,55055238010661,50
474,54558025010661,50
475,55061506010661,56
476,55032969010661,50
477,55777472010661,50
478,55011727010661,50
479,55569818010661,50
480,55115317010661,50
481,55015649010661,56
482,55221919010661,50
483,55208948010661,50
484,60373761010661,50
485,55798763010661,57
486,55108540010661,57
487,55663007010661,50
488,55418755010661,50
489,54586119010661,50
490,55118929010661,50
491,55001529010661,50
492,62205085010661,50
493,55601548010661,50
494,55634871010661,57
495,54628716010661,56
496,54789634010661,50
497,54657566010661,50
498,54748392010661,50
499,55411392010661,50
500,55640009010661,57
501,55289472010661,50
502,55538138010661,50
503,55442288010661,50
504,54587431010661,50
505,55814125010661,57
506,54592393010661,50
507,55267355010661,50
508,54904570010661,50
509,54675405010661,56
510,55099255010661,50
511,55233670010661,50
512,54618812010661,50
513,60165929010661,57
514,55284549010661,50
515,54966282010661,50
516,54863236010661,51
517,55287006010661,50
518,54910708010661,50
519,54933532010661,50
520,54621877010661,50
521,55348383010661,50
522,55286033010661,50
523,54611536010661,50
524,54707706010661,50
525,55076225010661,55
526,54743888010661,50
527,54816103010661,50
528,54709593010661,50
529,54948672010661,50
530,55491610010661,50
531,54869494010661,50
532,55288580010661,50
533,54729366010661,50
534,54645851010661,50
535,55240047010661,50
536,55783043010661,50
537,54744439010661,56
538,55013215010661,56
539,55531588010661,57
540,54773098010661,56
541,55251801010661,56
542,54904888010661,50
543,54781708010661,50
544,55415786010661,50
545,54723047010661,57
546,54841334010661,50
547,55299642010661,50
548,55011523010661,56
549,54640682010661,50
550,55272698010661,50
551,55265135010661,50
552,55035368010661,50
553,55419055010661,50
554,55238258010661,50
555,54757568010661,50
556,55117281010661,50
557,62206321010661,50
558,55451825010661,50
559,55150226010661,50
560,54635746010661,50
561,54632492010661,50
562,54974571010661,50
563,55085496010661,50
564,54972908010661,50
565,54886745010661,50
566,55213121010661,50
567,55457515010661,50
568,55414388010661,50
569,55526451010661,56
570,55599401010661,50
571,55307841010661,50
572,54818670010661,50
573,54736647010661,50
574,55365770010661,56
575,55281083010661,50
576,54838218010661,56
577,54713764010661,50
578,55308001010661,50
579,62222050010661,50
580,55215367010661,50
581,54780771010661,56
582,55366073010661,56
583,62251597010661,57
584,55308520010661,50
585,55094301010661,50
586,55461037010661,50
587,54541353010661,50
588,54736998010661,50
589,55048561010661,50
590,62252478010661,57
591,54888524010661,50
592,55032257010661,56
593,54541466010661,50
594,55376094010661,50
595,55308913010661,50
596,55180743010661,56
597,55309434010661,50
598,55252846010661,56
599,54541539010661,50
600,54683856010661,50
601,54677446010661,56
602,54825634010661,50
603,62223201010661,50
604,55310078010661,50
605,55230562010661,50
606,54573273010661,56
607,62223910010661,50
608,55244572010661,50
609,54737763010661,50
610,54950832010661,50
611,54817141010661,56
612,55248828010661,50
613,55266166010661,50
614,55393996010661,57
615,55191436010661,50
616,54931420010661,50
617,55252490010661,50
618,55311320010661,50
619,54827498010661,50
620,55401879010661,56
621,54738949010661,50
622,55193467010661,50
623,54542119010661,50
624,55402272010661,50
625,55212598010661,50
626,55268142010661,56
627,55070931010661,50
628,55484114010661,50
629,54662434010661,50
630,55194380010661,50
631,55043755010661,50
632,55484864010661,50
633,54931288010661,50
634,55485191010661,50
635,54636951010661,50
636,54608685010661,50
637,55485684010661,50
638,55600062010661,56
639,54988921010661,50
640,54926111010661,50
641,55391670010661,50
642,54609182010661,50
643,55413805010661,50
644,54862194010661,50
645,55269612010661,50
646,55366991010661,56
647,55033551010661,50
648,54620853010661,50
649,60366789010661,50
650,55045647010661,50
651,55114087010661,50
652,55329166010661,50
653,54810520010661,50
654,55488867010661,50
655,54933425010661,50
656,60367092010661,50
657,55489533010661,50
658,54609767010661,50
659,60130572010661,50
660,54972001010661,50
661,55047333010661,50
662,55096834010661,50
663,55644198010661,50
664,55490417010661,50
665,55047718010661,50
666,55491121010661,50
667,55261113010661,50
668,55151572010661,50
669,55368080010661,56
670,55280903010661,50
671,54714153010661,50
672,55202880010661,50
673,55176153010661,50
674,55109238010661,50
675,55282456010661,50
676,55361202010661,50
677,55204208010661,50
678,54715321010661,50
679,55175666010661,50
680,54565125010661,50
681,54716083010661,50
682,55205226010661,50
683,55343938010661,50
684,55377902010661,50
685,54894307010661,50
686,55319410010661,50
687,55544514010661,50
688,54588369010661,50
689,55257456010661,50
690,55306509010661,50
691,55617228010661,50
692,54650264010661,50
693,54615286010661,50
694,55379503010661,50
695,55113997010661,57
696,55402143010661,50
697,55380192010661,50
698,54854060010661,50
699,55436145010661,50
700,55537032010661,57
701,54980552010661,50
702,54747783010661,50
703,54748068010661,50
704,55381074010661,50
705,55537799010661,57
706,55431270010661,50
707,54652553010661,50
708,55371652010661,50
709,54627162010661,50
710,54869259010661,51
711,55421777010661,50
712,55255782010661,50
713,54869719010661,50
714,54620118010661,50
715,55280262010661,50
716,54870063010661,50
717,54760734010661,50
718,55361678010661,50
719,55115084010661,50
720,55106772010661,50
721,55787005010661,50
722,54602226010661,50
723,55384112010661,50
724,55266265010661,50
725,55233513010661,50
726,55033801010661,50
727,54637547010661,50
728,60368279010661,50
729,55120696010661,50
730,60368903010661,50
731,55258678010661,50
732,55404268010661,56
733,54699594010661,50
734,54829359010661,50
735,54559879010661,50
736,55156024010661,50
737,54860263010661,50
738,55311492010661,50
740,54703480010661,50
741,54570369010661,50
742,54649699010661,50
743,55205687010661,50
744,54617770010661,50
745,54689579010661,50
746,54786674010661,50
747,54603005010661,50
748,54645612010661,50
749,54984617010661,50
750,55459945010661,50
751,54776012010661,50
752,54543336010661,50
753,55378569010661,50
754,55249149010661,50
755,54728196010661,50
756,54785339010661,50
757,54571420010661,50
758,62207470010661,50
759,55602264010661,50
760,54828499010661,50
761,54908699010661,50
762,54915693010661,50
763,54552315010661,50
764,54964666010661,50
765,54722369010661,50
766,54703981010661,50
767,55082031010661,50
768,54641267010661,50
769,54718237010661,50
770,54631102010661,50
771,55028524010661,50
772,54648707010661,50
773,55024434010661,50
774,55032614010661,50
775,54573890010661,56
776,54930670010661,50
777,55292114010661,50
778,55026795010661,50
779,54572078010661,50
780,55214276010661,50
781,54643477010661,50
782,54892378010661,50
783,54770669010661,50
784,55355741010661,50
785,55408693010661,50
786,55356440010661,50
787,55555224010661,50
788,55199446010661,50
789,54655821010661,50
790,54932159010661,50
791,55107122010661,50
792,55420188010661,50
793,54653310010661,50
794,54647099010661,50
795,55288270010661,50
796,54688431010661,50
797,55035951010661,50
798,55452279010661,50
799,54782924010661,50
800,55051572010661,50
801,54770235010661,50
802,54620504010661,50
803,54794027010661,50
804,54592659010661,50
805,55052615010661,50
806,55702489010661,50
807,54691894010661,50
808,54825120010661,50
809,54840107010661,50
810,55103929010661,50
811,55116743010661,50
812,54678138010661,50
813,54970105010661,50
814,54551708010661,50
815,54786062010661,50
816,54731888010661,50
817,55207517010661,50
818,54783976010661,50
819,54678915010661,50
820,55221284010661,56
821,54621513010661,50
822,55325476010661,50
823,55207651010661,50
824,54969033010661,50
825,55183081010661,50
826,54592879010661,50
827,55627423010661,50
828,55692549010661,50
829,54744123010661,50
830,54681629010661,50
831,54897286010661,50
832,55422339010661,50
833,55062973010661,50
834,55091823010661,50
835,54624244010661,50
836,54843102010661,50
837,54972623010661,50
838,55093302010661,50
839,54843879010661,50
840,54844266010661,50
841,55117586010661,50
842,55214783010661,50
843,54844952010661,50
844,54845961010661,50
845,54971028010661,50
846,54846545010661,50
847,54661593010661,50
848,54911988010661,50
849,54544305010661,50
850,55605426010661,50
851,54847888010661,50
852,54776999010661,50
853,55210389010661,50
854,55303618010661,50
855,55241482010661,50
856,54848253010661,50
857,54728700010661,50
858,54658535010661,50
859,54704993010661,50
860,54785201010661,50
861,54702248010661,50
862,55039653010661,50
863,54549741010661,50
864,54956437010661,50
865,55040182010661,50
866,54618830010661,50
867,54652340010661,50
868,55617517010661,50
869,54960869010661,50
870,55415009010661,50
871,54550299010661,50
872,54550485010661,50
873,55213689010661,50
874,55056430010661,50
875,54907644010661,50
876,54624672010661,50
877,55315790010661,50
878,54632957010661,50
879,54625530010661,50
880,54713676010661,50
881,55411058010661,50
882,55426379010661,50
883,55351017010661,50
884,55607744010661,50
885,54566786010661,50
886,55239018010661,50
887,54715589010661,50
888,55666420010661,50
889,55427126010661,50
890,54634358010661,50
891,55291201010661,50
892,54977354010661,50
893,54634681010661,50
894,54738551010661,50
895,54662172010661,50
896,54901676010661,50
897,54738862010661,50
898,54634958010661,50
899,54635372010661,50
900,54902409010661,50
901,54950965010661,50
902,54766231010661,50
903,54903994010661,50
904,54904639010661,50
905,54766677010661,50
906,54766993010661,50
907,55258660010661,50
908,54767275010661,50
909,54919512010661,50
910,55179149010661,50
911,54767640010661,50
912,54874972010661,50
913,54967048010661,50
914,54769246010661,50
915,55107784010661,50
916,54921574010661,50
917,54770966010661,50
918,54923360010661,50
919,55110499010661,50
920,54948105010661,50
921,54924179010661,50
922,54659616010661,50
923,55111151010661,50
924,54948611010661,50
925,54595305010661,50
926,55204439010661,50
927,55161718010661,50
928,55598458010661,50
929,54661406010661,50
930,55163480010661,50
931,54999385010661,50
932,55164001010661,50
933,55164360010661,50
934,54550866010661,50
935,55166159010661,50
936,54791699010661,50
937,55166624010661,50
938,54969372010661,50
939,54793363010661,50
940,54955988010661,50
941,54960698010661,50
942,55367926010661,50
943,55274007010661,50
944,54763884010661,50
945,55276072010661,50
946,55236609010661,50
947,54988482010661,50
948,55277054010661,50
949,55438356010661,50
950,54765815010661,50
951,55278789010661,50
952,60156959010661,50
953,54906805010661,50
954,55279868010661,50
955,54961064010661,50
956,55007887010661,50
957,54895332010661,50
958,54961443010661,50
959,55281645010661,50
960,54962010010661,50
961,55282027010661,50
962,54698321010661,50
963,55282766010661,50
964,54571159010661,50
965,55435832010661,50
966,60159164010661,50
967,55436317010661,50
968,55439319010661,50
969,55440629010661,50
970,55441465010661,50
971,55199052010661,50
972,55442218010661,50
973,55443982010661,50
974,55619983010661,50
975,55284677010661,50
976,54702589010661,50
977,55445840010661,50
978,62191370010661,50
979,62194221010661,50
980,55424743010661,50
981,55680774010661,50
982,54705882010661,50
983,55681859010661,50
984,54958464010661,50
985,55685112010661,50
986,54998286010661,50
987,55685770010661,50
988,62200267010661,50
989,54928261010661,50
990,55168675010661,50
991,55622597010661,50
992,54928857010661,50
993,60148098010661,50
994,60148684010661,50
995,55171712010661,50
996,60149701010661,50
997,60152067010661,50
998,60152949010661,50
999,60153277010661,50
1000,54767684010661,50
1001,55447522010661,50
1002,55448203010661,50
1003,55223099010661,50
1004,55623944010661,50
1005,54709158010661,50
1006,54603571010661,50
1007,54597490010661,50
1008,60154208010661,50
1009,55213832010661,50
1010,54603329010661,50
1011,55252092010661,50
1012,54598608010661,50
1013,54598754010661,50
1014,54598861010661,50
1015,54598959010661,50
1016,54599046010661,50
1017,55227861010661,50
1018,54600098010661,50
1019,54600281010661,50
1020,54600443010661,50
1021,54714526010661,50
1022,54715139010661,50
1023,54716248010661,50
1024,54717119010661,50
1025,54717440010661,50
1026,55004654010661,50
1027,54718837010661,50
1028,54719250010661,50
1029,54882707010661,50
1030,54883535010661,50
1031,54885260010661,50
1032,54886607010661,50
1033,54887854010661,50
1034,54889480010661,50
1035,55212597010661,50
1036,55007378010661,50
1037,54600637010661,50
1038,54600830010661,50
1039,54601612010661,50
1040,54601692010661,50
1041,54602006010661,50
1042,54723622010661,50
1043,54724416010661,50
1044,55243914010661,50
1045,54989783010661,50
1046,55201458010661,50
1047,54994134010661,50
1048,55463393010661,50
1049,55053127010661,50
1050,55263137010661,50
1051,55056912010661,50
1052,55289102010661,50
1053,54595918010661,50
1054,55174809010661,50
1055,55292383010661,50
1056,54910029010661,50
1057,54685579010661,50
1058,54740773010661,50
1059,54727454010661,50
1060,54933222010661,50
1061,54776276010661,50
1062,55173651010661,50
1063,54899364010661,50
1064,55461478010661,50
1065,55611186010661,50
1066,55319316010661,50
1067,54834747010661,50
1068,55635681010661,50
1069,54944688010661,50
1070,54636399010661,50
1071,54606361010661,50
1072,55627852010661,50
1073,55213989010661,50
1074,55315568010661,50
1075,54637350010661,50
1076,55657955010661,50
1077,55163612010661,50
1078,55182895010661,50
1079,55141174010661,50
1080,54952420010661,50
1081,55286238010661,50
1082,55696290010661,50
1083,54898087010661,50
1084,55157525010661,50
1085,55270579010661,56
1086,55118398010661,50
1087,55288924010661,50
1088,54626220010661,50
1089,54908973010661,50
1090,55047283010661,50
1091,54824805010661,50
1092,55396544010661,50
1093,54743554010661,50
1094,54953982010661,50
1095,54888355010661,50
1096,55612135010661,50
1097,60369437010661,50
1098,55053104010661,50
1099,54768289010661,50
1100,54722809010661,50
1101,62234334010661,50
1102,55113309010661,50
1103,55395229010661,50
1104,54779156010661,50
1105,54752420010661,50
1106,54891999010661,50
1107,54594968010661,50
1108,55614298010661,50
1109,54944546010661,51
1110,55052414010661,50
1111,55671804010661,50
1112,54606616010661,50
1113,54933787010661,50
1114,55210725010661,50
1115,54611932010661,50
1116,55387654010661,50
1117,55400213010661,50
1118,54973372010661,50
1119,54699784010661,50
1120,54780050010661,50
1121,55320629010661,50
1122,54682435010661,50
1123,54926096010661,50
1124,54762987010661,50
1125,55263770010661,50
1126,55676284010661,50
1127,55021820010661,50
1128,54866634010661,50
1129,54692534010661,50
1130,55495969010661,50
1131,54676952010661,50
1132,54698034010661,50
1133,54685890010661,50
1134,54859446010661,50
1135,55454810010661,50
1136,55030848010661,50
1137,54688044010661,50
1138,54852631010661,50
1139,54855416010661,50
1140,54670504010661,50
1141,54686494010661,50
1142,54856808010661,50
1143,54850810010661,50
1144,55738774010661,57
1145,100215786010661,51
1146,55074687010661,50
1147,89840607010661,50
1148,89840666010661,50
1149,55808637010661,50
1150,55990271010661,50
1151,89629577010661,50
1152,102510192010661,50
1153,89738415010661,50
1154,89738643010661,50
1155,55579800010661,50
1156,55580470010661,50
1157,102442715010661,50
1158,89591428010661,50
1159,89713403010661,50
1160,89690302010661,50
1161,55052840010661,50
1162,89638851010661,50
1163,89638896010661,50
1164,55664688010661,50
1165,55665843010661,50
1166,89762519010661,50
1167,89811978010661,57
1168,89596781010661,56
1169,89672404010661,50
1170,54949974010661,56
1171,54675463010661,50
1172,55539193010661,50
1173,54909317010661,50
1174,54681834010661,51
1175,56086764010661,50
1176,89596387010661,56
1177,55015021010661,50
1178,89724103010661,50
1179,62217511010661,50
1180,89720539010661,50
1181,54759318010661,50
1182,60199576010661,50
1183,102444323010661,56
1184,55399650010661,50
1185,55960071010661,56
1186,89781347010661,50
1187,55340795010661,50
1188,102444107010661,50
1189,55609415010661,50
1190,55746762010661,56
1191,89769604010661,56
1192,89765600010661,50
1193,54787401010661,50
1194,54589457010661,50
1195,89621961010661,50
1196,55770685010661,50
1197,55178058010661,56
1198,100219726010661,56
1199,54796580010661,56
1200,62249340010661,57
1201,55060266010661,50
1202,55288404010661,50
1203,55387315010661,56
1204,55474886010661,51
1205,89693490010661,50
1206,104974094010661,50
1207,55097257010661,50
1208,54995765010661,50
1209,89752574010661,50
1210,89645701010661,50
1211,89714238010661,57
1212,89594432010661,56
1213,89826627010661,50
1214,55111666010661,50
1215,55086027010661,50
1216,54557501010661,50
1217,54678887010661,56
1218,55498929010661,50
1219,54863102010661,50
1220,55116768010661,50
1221,54648936010661,50
1222,54895459010661,50
1223,55013549010661,50
1224,55218062010661,50
1225,55737253010661,50
1226,55046724010661,50
1227,89735034010661,50
1228,89830005010661,50
1229,54840191010661,50
1230,102510378010661,56
1231,55191943010661,50
1232,54664102010661,56
1233,60185724010661,55
1234,55230230010661,50
1235,55283481010661,55
1236,100254047010661,50
1237,54792492010661,50
1238,89696389010661,50
1239,55872450010661,50
1240,100196443010661,50
1241,54578720010661,56
1242,102441995010661,56
1243,55370569010661,50
1244,55703108010661,50
1245,54616622010661,50
1246,54800655010661,56
1247,55756651010661,50
1248,100205603010661,50
1249,89750936010661,50
1250,89775990010661,50
1251,55074287010661,50
1252,89686649010661,50
1253,55286467010661,50
1254,89723095010661,50
1255,89719271010661,57
1256,89769430010661,55
1257,54951990010661,50
1258,55210152010661,50
1259,55228966010661,50
1260,55459253010661,50
1261,55600864010661,50
1262,55167408010661,50
1263,56082340010661,50
1264,89796895010661,50
1265,55810071010661,57
1266,55967343010661,50
1267,55757341010661,50
1268,89620708010661,56
1269,54578863010661,56
1270,102387375010661,56
1271,54741116010661,50
1272,100201278010661,56
1273,89772707010661,50
1274,55398470010661,50
1275,55057121010661,50
1276,62212373010661,50
1277,89722804010661,50
1278,54699907010661,55
1279,54814826010661,50
1280,89679650010661,50
1282,54718595010661,50
1283,55518103010661,50
1284,89766341010661,50
1285,55653479010661,55
1286,55385981010661,56
1287,89679793010661,50
1288,54581395010661,56
1289,89763390010661,50
1290,55395069010661,56
1291,55265401010661,50
1292,54805839010661,50
1293,54788761010661,50
1294,55475758010661,51
1295,89606811010661,50
1296,89759396010661,50
1297,89659526010661,50
1298,55189894010661,56
1299,55227735010661,56
1300,55584825010661,56
1301,89618638010661,56
1302,89643560010661,50
1303,89808919010661,50
1304,55729698010661,50
1305,55543089010661,50
1306,54733142010661,50
1307,55708994010661,50
1308,54827029010661,50
1309,62273809010661,55
1310,54854512010661,50
1311,62218167010661,50
1312,55275917010661,50
1313,54987425010661,56
1314,89809180010661,51
1315,55739571010661,50
1316,55970521010661,50
1317,54603718010661,50
1318,54560716010661,50
1319,54694755010661,50
1320,89750376010661,50
1321,54685300010661,50
1322,100249358010661,50
1323,55419261010661,50
1324,55482832010661,50
1325,54719462010661,50
1326,54980423010661,50
1327,56072992010661,50
1328,89816833010661,50
1329,54844388010661,51
1330,89733100010661,50
1331,54656145010661,50
1332,102442676010661,56
1333,55184924010661,51
1334,89722405010661,50
1335,100225046010661,56
1336,55463287010661,50
1337,54788796010661,50
1338,55937097010661,50
1339,55589449010661,51
1340,55572434010661,50
1341,54769690010661,50
1342,55670646010661,50
1343,89621818010661,50
1344,89721095010661,50
1345,89776839010661,50
1346,55160376010661,50
1347,55310707010661,56
1348,55472861010661,50
1349,54986182010661,51
1350,54553347010661,56
1351,55487046010661,56
1352,55593089010661,50
1353,55670936010661,56
1354,89614584010661,51
1355,102442085010661,50
1356,54712167010661,50
1357,54739541010661,50
1358,102508569010661,50
1359,55832420010661,50
1360,55221075010661,50
1361,55117240010661,50
1362,89623010010661,50
1363,55595032010661,50
1364,54836728010661,50
1365,55409563010661,50
1366,54904987010661,51
1367,55053870010661,50
1368,89865325010661,50
1369,100254893010661,50
1370,89817392010661,50
1371,55382370010661,50
1372,54732447010661,50
1373,55122627010661,50
1374,55005624010661,50
1375,55942756010661,50
1376,89656517010661,50
1377,89812107010661,56
1378,89612729010661,56
1379,54901954010661,50
1380,54949805010661,56
1381,55068199010661,51
1382,54818594010661,56
1383,55573086010661,50
1384,55031654010661,50
1385,54980932010661,50
1386,89704980010661,50
1387,89777841010661,57
1388,102508449010661,56
1389,55320724010661,56
1390,89664841010661,57
1391,55686995010661,50
1392,56023406010661,57
1393,55009672010661,50
1394,54919659010661,50
1395,55138561010661,50
1396,55386232010661,56
1397,55316543010661,50
1398,89627949010661,50
1399,55562815010661,50
1400,55278754010661,50
1401,55450884010661,50
1402,60184354010661,56
1403,54967465010661,50
1404,55296637010661,51
1405,55539668010661,50
1406,55411282010661,50
1407,55520530010661,50
1408,89865087010661,50
1409,89791170010661,50
1410,55639806010661,50
1411,55335629010661,50
1412,54929246010661,50
1413,55266718010661,50
1414,89828464010661,50
1415,89650703010661,57
1416,89834759010661,56
1417,54578454010661,56
1418,55477261010661,50
1419,54799864010661,57
1420,55250730010661,56
1421,89833352010661,50
1422,89665190010661,57
1423,55320316010661,57
1424,54903068010661,50
1425,55382429010661,57
1426,60203225010661,50
1427,54694532010661,50
1428,55408993010661,50
1429,89701143010661,56
1430,55075269010661,56
1431,54902396010661,51
1432,89696698010661,50
1433,54824063010661,50
1434,55424827010661,50
1435,55381834010661,57
1436,55806791010661,56
1437,55054129010661,50
1438,55511294010661,50
1439,55338442010661,50
1440,55629847010661,50
1441,55307762010661,50
1442,55502189010661,50
1443,54887433010661,50
1444,55706464010661,50
1445,55111654010661,50
1446,54616450010661,50
1447,54629290010661,56
1448,55786625010661,56
1449,54663972010661,56
1450,55267363010661,50
1451,55722188010661,50
1452,55602333010661,50
1453,55283201010661,50
1454,54920540010661,56
1455,102444833010661,50
1456,54731445010661,50
1457,54743008010661,56
1458,55455236010661,50
1459,55043737010661,50
1461,54852349010661,50
1462,89612320010661,56
1463,60215910010661,50
1464,55755072010661,57
1465,89618526010661,56
1466,54918207010661,50
1467,55217555010661,50
1468,54743024010661,50
1469,55135353010661,56
1470,60819979010661,50
1471,100260833010661,50
1472,89841971010661,50
1473,60792991010661,56
1474,100212797010661,57
1475,60175887010661,56
1476,55925485010661,50
1477,55316565010661,50
1478,55400988010661,50
1479,54820973010661,50
1480,55291783010661,50
1481,89606213010661,50
1482,55410996010661,50
1483,55036483010661,50
1484,55121456010661,57
1485,54586825010661,50
1486,54901856010661,50
1487,102508377010661,50
1488,102443387010661,51
1489,55560019010661,50
1490,89725377010661,50
1491,55029230010661,56
1492,54923515010661,50
1493,54826302010661,51
1494,55091220010661,50
1495,55104897010661,57
1496,104974565010661,50
1497,100216017010661,56
1498,54852044010661,50
1499,89704283010661,50
1500,55112718010661,50
1501,54998390010661,51
1502,54994440010661,50
1503,55312107010661,50
1504,55241238010661,50
1505,89839080010661,50
1506,55934697010661,50
1507,54950648010661,56
1508,89673072010661,50
1509,54709927010661,50
1510,55556570010661,50
1511,89597148010661,56
1512,55791462010661,56
1513,55097567010661,50
1514,89791722010661,50
1515,89813511010661,50
1516,54604831010661,50
1517,89663676010661,56
1518,89834137010661,50
1519,55636032010661,57
1520,102444818010661,56
1521,55318003010661,57
1522,55778404010661,50
1523,55943824010661,50
1524,54630589010661,56
1525,55782458010661,56
1526,54718149010661,50
1527,55697648010661,50
1528,89733987010661,50
1529,54669427010661,50
1530,54866265010661,51
1531,55216825010661,56
1532,55411224010661,50
1533,55379870010661,50
1534,54965535010661,50
1535,55386442010661,56
1536,89715986010661,50
1537,55430354010661,50
1538,54683390010661,50
1539,55713025010661,50
1540,55249744010661,56
1541,54779102010661,56
1542,102442745010661,50
1543,55524692010661,56
1544,55220074010661,50
1545,55197579010661,50
1546,55507403010661,50
1547,55787368010661,56
1548,55505064010661,50
1549,55376016010661,56
1550,60806279010661,50
1551,89667148010661,56
1552,54906485010661,50
1553,55939689010661,50
1554,55448071010661,50
1555,55318679010661,56
1556,55633389010661,50
1557,89851361010661,56
1558,89851123010661,56
1559,54959842010661,51
1560,89648465010661,50
1561,100263192010661,50
1562,54823302010661,50
1563,55389411010661,56
1564,60179322010661,56
1565,55547405010661,50
1566,55385254010661,56
1567,54753473010661,50
1568,89697919010661,50
1569,89825021010661,50
1570,55375699010661,50
1571,54816437010661,50
1572,55249282010661,56
1573,55240970010661,50
1574,55276373010661,50
1575,55065152010661,50
1576,55194961010661,50
1577,89615596010661,51
1578,89801210010661,50
1579,89750590010661,50
1580,55279337010661,50
1581,55914451010661,50
1582,60818546010661,50
1583,55396499010661,56
1584,89648927010661,50
1585,55054786010661,50
1586,89728448010661,56
1587,55576986010661,50
1588,100183466010661,57
1589,55510517010661,50
1590,54575370010661,51
1591,55240361010661,50
1592,89800570010661,50
1593,54742591010661,50
1594,89753947010661,50
1595,89784197010661,50
1596,54873962010661,50
1597,54940616010661,51
1598,55636586010661,56
1599,55064219010661,50
1600,89594626010661,56
1601,89726572010661,56
1602,55151626010661,50
1603,55629202010661,50
1604,54795436010661,56
1605,54967966010661,56
1606,55781130010661,50
1607,89714379010661,57
1608,89864036010661,50
1609,55211970010661,56
1610,54807890010661,50
1611,56036585010661,56
1612,54583600010661,50
1613,89784594010661,50
1614,54906991010661,51
1615,55334605010661,50
1616,89849229010661,50
1617,89640842010661,50
1618,55854691010661,50
1619,89641305010661,50
1620,54721622010661,50
1621,102508338010661,50
1622,102508587010661,50
1623,55455767010661,50
1624,89653708010661,56
1625,54551227010661,50
1626,55058752010661,56
1627,55361653010661,50
1628,60213617010661,50
1629,55542147010661,50
1630,55773247010661,50
1631,54774439010661,50
1632,55825443010661,50
1633,54878302010661,56
1634,54789043010661,50
1635,89699474010661,50
1636,89833946010661,50
1637,89784482010661,50
1638,55221812010661,50
1639,55795267010661,50
1640,89610957010661,50
1641,54604512010661,50
1642,54820992010661,50
1643,55712545010661,50
1644,55371751010661,50
1645,89853738010661,51
1646,89692917010661,50
1647,54597864010661,50
1648,54849212010661,55
1649,55291271010661,56
1650,55723949010661,50
1651,102443459010661,51
1652,55380159010661,57
1653,54749500010661,50
1654,89648694010661,50
1655,55457012010661,50
1656,89642253010661,50
1657,89644225010661,50
1658,54611534010661,50
1659,55555035010661,57
1660,54837690010661,50
1661,55199815010661,50
1662,102507804010661,56
1663,54637495010661,50
1664,55701115010661,50
1665,89788759010661,50
1666,100254946010661,50
1667,54772109010661,50
1668,54628297010661,56
1669,100183155010661,56
1670,102443120010661,50
1671,89696165010661,50
1672,89596205010661,56
1673,62214131010661,50
1674,89765963010661,51
1675,55704771010661,50
1676,54718943010661,50
1677,55001479010661,50
1678,89723232010661,50
1679,89829098010661,50
1680,54646319010661,50
1681,54854498010661,56
1682,100263707010661,57
1683,54947515010661,56
1684,89621147010661,56
1685,89597370010661,56
1686,55362070010661,56
1687,55201726010661,50
1688,55479707010661,50
1689,62232063010661,50
1690,55175130010661,50
1691,55492864010661,50
1692,89664003010661,56
1693,89766964010661,50
1694,55404899010661,50
1695,89599856010661,50
1696,55336738010661,50
1697,55116232010661,50
1698,89743948010661,50
1699,89641120010661,50
1700,89704644010661,50
1701,55202425010661,50
1702,54687902010661,50
1703,55188064010661,56
1704,55319554010661,56
1705,54552183010661,50
1706,54879938010661,56
1707,56054910010661,50
1708,89616249010661,51
1709,55652292010661,55
1710,54838403010661,50
1711,102443021010661,50
1712,89743580010661,50
1713,54562551010661,50
1714,54796000010661,56
1715,55164079010661,50
1716,60362285010661,50
1717,55625777010661,56
1718,89659250010661,50
1719,54977084010661,56
1720,55000821010661,50
1721,54611135010661,50
1722,54935732010661,50
1723,55423326010661,50
1724,55067696010661,56
1725,54572683010661,56
1726,89747294010661,57
1727,89592625010661,50
1728,102509214010661,56
1729,89714032010661,57
1730,55858808010661,50
1731,55346375010661,50
1732,54623612010661,50
1733,55648259010661,50
1734,54564558010661,50
1735,89672943010661,50
1736,55783806010661,56
1737,56026282010661,57
1738,89642081010661,50
1739,89869703010661,50
1740,102315746010661,56
1741,55432425010661,50
1742,54899658010661,50
1743,89776724010661,50
1744,55627509010661,56
1745,55667082010661,50
1746,89698841010661,50
1747,102365449010661,50
1748,89666622010661,56
1749,54956667010661,51
1750,55597791010661,50
1751,54948448010661,56
1752,89678862010661,50
1753,89614517010661,51
1754,60354859010661,57
1755,54912439010661,57
1756,54997344010661,50
1757,55280010010661,50
1758,55610345010661,50
1759,55997977010661,50
1760,55345947010661,50
1761,54772564010661,57
1762,55640247010661,50
1763,54729614010661,50
1764,55509268010661,50
1765,55521817010661,50
1766,55784299010661,56
1767,54708904010661,50
1768,89822333010661,51
1769,89702256010661,56
1770,54822821010661,51
1771,55628350010661,56
1772,55603634010661,50
1773,55653908010661,50
1774,55312289010661,56
1775,55137079010661,56
1776,55362794010661,56
1777,89748591010661,51
1778,54663790010661,50
1779,54834631010661,50
1780,54939546010661,51
1781,89645100010661,50
1782,89601377010661,56
1783,58035928010661,57
1784,55580675010661,57
1785,55726284010661,50
1786,55480117010661,50
1787,55391960010661,56
1788,54543479010661,50
1789,55935992010661,50
1790,54667446010661,51
1791,89795407010661,50
1792,55700254010661,50
1793,54979434010661,50
1794,89675783010661,56
1795,89854062010661,51
1796,89841100010661,50
1797,89660717010661,50
1798,55798994010661,50
1799,89612114010661,56
1800,54754095010661,50
1801,102444380010661,50
1802,89710380010661,50
1803,55611590010661,50
1804,54836207010661,56
1805,102442577010661,50
1806,102509778010661,50
1807,89867649010661,50
1808,89794091010661,50
1809,55727615010661,50
1810,54681545010661,51
1811,55290163010661,56
1812,89606665010661,50
1813,89746324010661,50
1814,89724454010661,50
1815,54796022010661,50
1816,54612221010661,50
1817,55618976010661,56
1818,55193680010661,50
1819,55417543010661,50
1820,89704456010661,56
1821,55162146010661,50
1822,54914653010661,50
1823,55217643010661,50
1824,58034250010661,57
1825,102443618010661,50
1826,55197411010661,50
1827,55303595010661,50
1828,102443978010661,50
1829,54665183010661,50
1830,54893592010661,50
1831,55221400010661,50
1833,55148729010661,50
1834,55654386010661,55
1835,54787336010661,50
1836,54638036010661,50
1837,55672420010661,50
1838,54646477010661,50
1839,55378457010661,56
1840,55396693010661,56
1841,60358993010661,50
1842,54613995010661,50
1843,54645129010661,50
1844,54880197010661,50
1845,54613157010661,50
1846,55059974010661,56
1847,89835583010661,56
1848,55833080010661,50
1849,55673571010661,56
1850,89592130010661,50
1851,55148366010661,50
1852,55129122010661,56
1853,55792019010661,57
1854,89606749010661,50
1855,55226030010661,56
1856,55150747010661,50
1857,54885790010661,50
1858,55617090010661,56
1859,89873309010661,50
1860,100219022010661,57
1861,55464457010661,56
1862,54996912010661,50
1863,89788290010661,50
1864,89847177010661,50
1865,89798349010661,50
1866,54734331010661,50
1867,89669886010661,50
1868,55578954010661,50
1869,54768785010661,50
1870,60211524010661,50
1871,55463602010661,56
1872,55415193010661,50
1873,55076319010661,56
1874,100211797010661,57
1875,55223936010661,57
1876,55561992010661,50
1877,55063409010661,50
1878,60797825010661,57
1879,55099868010661,50
1880,55026726010661,50
1881,89767111010661,51
1882,89705074010661,50
1883,89814039010661,50
1884,89742866010661,50
1885,55473156010661,51
1886,55091499010661,50
1887,100264960010661,50
1888,54622163010661,50
1889,55231394010661,50
1890,89609041010661,50
1891,89625559010661,50
1892,54990551010661,50
1893,54539883010661,50
1894,89790838010661,50
1895,60212738010661,50
1896,54970639010661,50
1897,54573992010661,57
1898,54720991010661,50
1899,55353863010661,50
1900,55187538010661,50
1901,102510765010661,57
1902,55363271010661,50
1903,89809528010661,50
1904,89750169010661,50
1905,55324850010661,50
1906,56024652010661,57
1907,55560136010661,50
1908,89835054010661,56
1909,89613556010661,51
1910,54743340010661,56
1911,55482231010661,55
1912,89671698010661,50
1913,54800249010661,56
1914,54994733010661,50
1915,54789957010661,50
1916,89807175010661,50
1917,55841459010661,50
1918,62247851010661,56
1919,89861986010661,50
1920,89762161010661,50
1921,55214472010661,50
1922,54842490010661,50
1923,54569074010661,50
1924,54588867010661,50
1925,100207957010661,50
1926,54546224010661,50
1927,54582614010661,50
1928,55591339010661,50
1929,54720229010661,50
1930,54594080010661,50
1931,55249012010661,56
1932,89595214010661,56
1933,55634720010661,50
1934,55329578010661,50
1935,55572349010661,57
1936,102508269010661,50
1937,55946987010661,50
1938,54753416010661,50
1939,89870571010661,50
1940,89712025010661,50
1941,54972938010661,50
1942,55472433010661,51
1943,89684549010661,50
1944,54580077010661,56
1945,100226989010661,56
1946,54711023010661,50
1947,54757068010661,50
1948,55342143010661,50
1949,100223886010661,56
1950,54763696010661,50
1951,55238012010661,50
1952,102443609010661,50
1953,54725328010661,50
1954,55376524010661,50
1955,54658542010661,50
1956,54858082010661,50
1957,56002926010661,50
1958,55698871010661,50
1959,55234231010661,56
1960,89675266010661,50
1961,55258999010661,50
1962,89743352010661,50
1963,89839723010661,50
1964,55169435010661,50
1965,54612932010661,50
1966,55417863010661,56
1967,55374589010661,50
1968,89604152010661,50
1969,54817935010661,50
1970,54676865010661,56
1971,55055414010661,50
1972,54759251010661,50
1973,54865744010661,50
1974,55343345010661,50
1975,55940494010661,50
1976,54553073010661,56
1977,62267494010661,55
1978,54675962010661,56
1979,54651752010661,50
1980,55264438010661,50
1981,89697431010661,50
1982,89598792010661,50
1983,54612016010661,50
1984,55326701010661,50
1985,55774504010661,50
1986,54843696010661,50
1987,55655536010661,50
1988,89606490010661,50
1989,55700676010661,50
1990,55244724010661,50
1991,54913180010661,50
1992,55304641010661,55
1993,89835717010661,56
1994,55602875010661,50
1995,55444092010661,50
1996,89809947010661,50
1997,89624776010661,50
1998,55484835010661,50
1999,56063296010661,50
2000,89825826010661,50
2001,54569354010661,50
2002,55809384010661,57
2003,54701299010661,50
2004,55010680010661,50
2005,56028364010661,57
2006,54858937010661,50
2007,54628075010661,56
2008,55427292010661,50
2009,102508098010661,50
2010,54882903010661,56
2011,55238614010661,50
2012,55407966010661,50
2013,100199562010661,50
2014,54689726010661,50
2015,55321079010661,57
2016,55324712010661,50
2017,55021971010661,50
2018,54553529010661,56
2019,55365936010661,50
2020,60167479010661,56
2021,55947634010661,50
2022,55089739010661,50
2023,55191865010661,50
2024,55241506010661,50
2025,55789845010661,57
2026,55299707010661,50
2027,56085649010661,50
2028,100249813010661,50
2029,102323170010661,56
2030,55506313010661,50
2031,54831620010661,50
2032,54589790010661,50
2033,55352904010661,50
2034,102443900010661,50
2035,89848688010661,50
2036,89860425010661,50
2037,54702004010661,50
2038,54978015010661,50
2039,55911681010661,50
2040,102442739010661,50
2041,55115558010661,50
2042,89841444010661,50
2043,89825321010661,50
2044,102517782010661,50
2045,100240581010661,50
2046,54549005010661,50
2047,55814524010661,56
2048,55029874010661,50
2049,54687735010661,50
2050,55111955010661,50
2051,100201868010661,50
2052,55781275010661,50
2053,55325629010661,50
2054,55350696010661,50
2055,55626521010661,50
2056,89760046010661,50
2057,89829207010661,50
2058,55513509010661,50
2059,54999798010661,50
2060,89626767010661,50
2061,54567164010661,50
2062,55817559010661,56
2063,54932802010661,50
2064,54898253010661,50
2065,89867072010661,50
2066,89599086010661,50
2067,55344088010661,50
2068,55814774010661,56
2069,102508818010661,50
2070,60154848010661,50
2071,55645430010661,50
2072,54673034010661,50
2073,54616214010661,50
2074,55247696010661,50
2075,89686779010661,50
2076,55754105010661,50
2077,89806282010661,50
2078,89626894010661,50
2079,55912264010661,50
2080,55335415010661,50
2081,55977431010661,50
2082,89850525010661,50
2083,55152989010661,50
2084,102443366010661,50
2085,89592411010661,50
2086,89818263010661,50
2087,54970351010661,50
2088,54587850010661,50
2089,55323343010661,50
2090,54729820010661,50
2091,89645782010661,50
2092,100260107010661,50
2093,56057671010661,50
2094,89639634010661,50
2095,55514329010661,50
2096,55049211010661,50
2097,55896364010661,50
2098,54866966010661,50
2099,55345367010661,50
2100,89828786010661,50
2101,89843064010661,50
2102,55450413010661,50
2103,55316702010661,57
2104,55003549010661,50
2105,55007830010661,56
2106,55548669010661,50
2107,89810424010661,50
2108,89730673010661,55
2109,54705686010661,50
2110,55488753010661,56
2111,89803917010661,50
2112,55144092010661,50
2113,100231094010661,55
2114,60785948010661,56
2115,54924291010661,56
2116,55001923010661,50
2118,55190589010661,56
2119,55229170010661,56
2120,89617699010661,56
2121,54968957010661,56
2122,54773070010661,50
2123,89808234010661,56
2124,54803676010661,56
2125,55081914010661,50
2126,100222731010661,50
2127,54615866010661,50
2128,55229478010661,56
2129,89736353010661,50
2130,89721179010661,50
2131,89652534010661,57
2132,89685494010661,50
2133,102507789010661,56
2134,55397228010661,56
2135,54803805010661,56
2136,54968181010661,50
2137,55388837010661,56
2138,89654501010661,57
2139,55366404010661,56
2140,54554549010661,56
2141,60170761010661,57
2142,55693388010661,50
2143,54971825010661,50
2144,89668398010661,55
2145,100224657010661,56
2146,102507342010661,56
2147,60161972010661,56
2148,55003119010661,50
2149,55760894010661,50
2150,55224384010661,50
2151,89603305010661,50
2152,89651087010661,57
2153,55345346010661,56
2154,55587897010661,56
2155,60189212010661,56
2156,54804052010661,56
2157,54657157010661,50
2158,89674692010661,50
2159,62225926010661,50
2160,55421073010661,56
2161,54777732010661,50
2162,54734674010661,50
2163,55421487010661,56
2164,54733752010661,50
2165,100180926010661,50
2166,102448292010661,50
2167,55031533010661,50
2168,55906628010661,50
2169,55607959010661,50
2170,55267684010661,50
2171,60365144010661,50
2172,54968367010661,50
2173,89787152010661,50
2174,89605248010661,50
2175,55121121010661,50
2176,54884204010661,50
2177,55051321010661,50
2178,102449111010661,50
2179,54608996010661,50
2180,54726079010661,50
2181,54925778010661,50
2182,89771248010661,50
2183,55265921010661,50
2184,54551896010661,50
2185,55031163010661,50
2186,54786965010661,50
2187,55652340010661,50
2188,89655359010661,57
2189,54975608010661,50
2190,89674173010661,50
2191,54823362010661,50
2192,102443414010661,50
2193,55488326010661,50
2194,54865342010661,50
2195,54835057010661,50
2196,54700789010661,50
2197,89833049010661,50
2198,55133829010661,50
2199,102449276010661,50
2200,55612800010661,50
2201,55102527010661,50
2202,54627916010661,50
2203,54946945010661,50
2204,55150851010661,50
2205,89850779010661,50
2206,89592891010661,50
2207,55115092010661,50
2208,60207937010661,50
2209,55034656010661,50
2210,54878275010661,50
2211,55059995010661,50
2212,55477974010661,50
2213,89691553010661,50
2214,55298107010661,50
2215,55152646010661,50
2216,89632006010661,50
2217,54810011010661,50
2218,55478392010661,50
2219,55719415010661,50
2220,102516936010661,50
2221,55203591010661,50
2222,55720568010661,50
2223,55363859010661,50
2224,55153784010661,50
2225,54995336010661,50
2226,55766312010661,50
2227,89802915010661,50
2228,54936609010661,50
2229,54590614010661,50
2230,55982124010661,50
2231,55211059010661,50
2232,89806028010661,50
2233,55057007010661,50
2234,104973212010661,50
2235,54762708010661,50
2236,55429493010661,50
2237,100221573010661,50
2238,55874294010661,50
2239,55521077010661,50
2240,55322798010661,50
2241,55429196010661,50
2242,89763132010661,50
2243,54702385010661,50
2244,89833512010661,50
2245,54564428010661,50
2246,102510627010661,50
2247,55610892010661,50
2248,54765422010661,50
2249,54562219010661,50
2250,54966330010661,50
2251,55737587010661,57
2252,54562379010661,50
2253,89630573010661,50
2254,54947829010661,50
2255,55570644010661,50
2256,55425215010661,50
2257,55226445010661,50
2258,55266909010661,50
2259,55277175010661,50
2260,55506576010661,50
2261,54750103010661,50
2262,89765399010661,50
2263,54706740010661,50
2264,54927281010661,50
2265,54799079010661,50
2266,89758824010661,50
2267,54993432010661,50
2268,54931099010661,50
2269,55563117010661,50
2270,89845890010661,50
2271,54609383010661,50
2272,55302646010661,50
2273,102443591010661,50
2274,54741740010661,50
2275,54812337010661,50
2276,55263334010661,50
2277,55016589010661,50
2278,54566246010661,50
2279,55359339010661,50
2280,89740193010661,50
2281,54829154010661,50
2282,55870217010661,50
2283,89739482010661,50
2284,89806527010661,50
2285,89634530010661,50
2286,54568410010661,50
2287,55606464010661,50
2288,89805380010661,50
2289,54928753010661,50
2290,54862952010661,50
2291,54914147010661,50
2292,55445779010661,50
2293,54545488010661,50
2294,54622685010661,50
2295,54619555010661,50
2296,56072076010661,50
2297,54992869010661,50
2298,55284391010661,50
2299,55607866010661,50
2300,54890833010661,50
2301,55560499010661,50
2302,54876618010661,50
2303,55509232010661,50
2304,55141785010661,50
2305,54867122010661,50
2306,54931252010661,50
2307,89660125010661,50
2308,54593335010661,50
2309,102510126010661,50
2310,89846629010661,50
2311,89604431010661,50
2312,54896003010661,50
2313,55553830010661,50
2314,89628288010661,50
2315,89751850010661,50
2316,54636676010661,50
2317,54845275010661,50
2318,55543579010661,50
2319,55086269010661,50
2320,54732974010661,50
2321,54751720010661,50
2322,89828179010661,50
2323,54690558010661,50
2324,54769419010661,50
2325,89754960010661,50
2326,54799544010661,56
2327,102443939010661,50
2328,60130093010661,50
2329,54687137010661,50
2330,102443654010661,50
2331,89777341010661,50
2332,55665481010661,50
2333,54665370010661,56
2334,55145378010661,50
2335,89606155010661,50
2336,55551767010661,50
2337,102509523010661,50
2338,55180688010661,50
2339,89806352010661,50
2340,55700087010661,50
2341,55263286010661,50
2342,54729028010661,50
2343,55655813010661,50
2344,54636188010661,50
2345,60790982010661,56
2346,89662584010661,50
2347,55110059010661,50
2348,55123411010661,50
2349,89788978010661,50
2350,89764752010661,50
2351,55348877010661,50
2352,54697258010661,50
2353,55551199010661,50
2354,89686203010661,50
2355,89804859010661,50
2356,55318352010661,50
2357,55138998010661,50
2358,55453489010661,50
2359,54673952010661,50
2360,55360722010661,50
2361,54883005010661,50
2362,89829784010661,50
2363,55431794010661,50
2364,89742476010661,50
2365,55296697010661,50
2366,54646175010661,50
2367,55568150010661,50
2368,55100573010661,50
2369,55234690010661,50
2370,55615275010661,50
2371,89605909010661,50
2372,55582305010661,50
2373,89708517010661,50
2374,54849005010661,50
2375,89873883010661,50
2376,55695599010661,50
2377,60141284010661,50
2378,54982295010661,50
2379,54780762010661,50
2380,54602757010661,50
2381,55626054010661,50
2382,56074495010661,50
2383,89777037010661,50
2384,102443537010661,50
2385,55308664010661,50
2386,55522586010661,50
2387,60174807010661,57
2388,54962571010661,50
2389,54727037010661,50
2390,54729018010661,50
2391,54875458010661,50
2392,54740205010661,50
2393,89754467010661,50
2394,100181725010661,50
2395,54955502010661,50
2396,54866136010661,50
2397,89805697010661,50
2398,55104551010661,50
2399,100235380010661,50
2400,54970929010661,50
2401,55327108010661,50
2402,89741686010661,50
2403,54565814010661,50
2404,89802372010661,50
2405,55088250010661,50
2406,55900211010661,50
2407,89794548010661,50
2408,54626046010661,50
2409,55053917010661,50
2410,60135138010661,50
2411,89657210010661,50
2412,89733382010661,50
2413,89818967010661,50
2414,55037311010661,50
2415,89819080010661,50
2416,54967945010661,50
2417,55161377010661,50
2418,54879981010661,50
2419,54869117010661,50
2420,54939891010661,50
2421,89737049010661,50
2422,104970416010661,50
2423,89691016010661,50
2424,54695280010661,50
2425,54789953010661,50
2426,54551588010661,50
2427,55154832010661,50
2428,55584180010661,50
2429,89710855010661,50
2430,89684718010661,50
2431,55101674010661,50
2432,54597960010661,50
2433,89802038010661,50
2434,54564930010661,50
2435,55539438010661,50
2436,104974232010661,50
2437,55694611010661,50
2438,54681278010661,50
2439,89759089010661,50
2440,104974562010661,50
2441,55239500010661,50
2442,54681787010661,50
2443,55618418010661,50
2444,55291005010661,50
2445,55084852010661,50
2446,55060993010661,50
2447,102447911010661,50
2448,55425574010661,50
2449,89771673010661,50
2450,54734842010661,50
2451,55702336010661,50
2452,55550672010661,50
2453,89658386010661,50
2454,104974151010661,50
2455,89657452010661,50
2456,54755817010661,50
2457,89657378010661,50
2458,100234823010661,50
2459,89797816010661,50
2460,54622443010661,50
2461,55313513010661,50
2462,55013230010661,50
2463,89870052010661,50
2464,54847672010661,50
2465,102509646010661,50
2466,55667421010661,50
2467,54868460010661,50
2468,54746103010661,50
2469,102509880010661,50
2470,55613834010661,50
2471,89740897010661,50
2472,54921107010661,50
2473,54653906010661,50
2474,54786765010661,50
2475,56052040010661,50
2476,55042093010661,50
2477,55356091010661,50
2478,55456250010661,50
2479,55042573010661,50
2480,55043773010661,50
2481,55537105010661,50
2482,54947225010661,50
2483,55044406010661,50
2484,89798700010661,50
2485,104974091010661,50
2486,89798781010661,50
2487,54874444010661,50
2489,54756696010661,50
2490,54658692010661,50
2491,55302213010661,50
2492,89603800010661,50
2493,55302634010661,50
2494,54632751010661,50
2495,104969894010661,50
2496,54713050010661,50
2497,104969936010661,50
2498,54735970010661,50
2499,89847856010661,50
2500,55690518010661,50
2501,89709061010661,50
2502,89706679010661,50
2503,102513327010661,50
2504,54714731010661,50
2505,54715056010661,50
2506,54634023010661,50
2507,55417014010661,50
2508,100186718010661,50
2509,54727940010661,50
2510,55904429010661,50
2511,55250778010661,50
2512,102444395010661,50
2513,102448040010661,50
2514,55517592010661,50
2515,55875862010661,50
2516,55104310010661,50
2517,54932233010661,50
2518,55055779010661,50
2519,102447170010661,50
2520,89744170010661,50
2521,55171797010661,50
2522,55364529010661,50
2523,102443219010661,50
2524,55565173010661,50
2525,54905191010661,50
2526,55649601010661,50
2527,89631179010661,50
2528,55856180010661,50
2529,54652936010661,50
2530,56068296010661,50
2531,89756072010661,50
2532,104969264010661,50
2533,55302044010661,50
2534,104969261010661,50
2535,60157912010661,50
2536,54958791010661,50
2537,55319095010661,50
2538,55026089010661,50
2539,104973281010661,50
2540,89633292010661,50
2541,55159811010661,50
2542,54739103010661,50
2543,54949512010661,50
2544,54949915010661,50
2545,60143570010661,50
2546,100202965010661,50
2547,54660837010661,50
2548,55011952010661,50
2549,55046184010661,50
2550,54550597010661,50
2551,100187091010661,50
2552,54791415010661,50
2553,54952591010661,50
2554,54953601010661,50
2555,55668177010661,50
2556,54954735010661,50
2557,54955009010661,50
2558,55032600010661,50
2559,89688137010661,50
2560,54706871010661,50
2561,55366027010661,50
2562,89688195010661,50
2563,102509544010661,50
2564,102442691010661,50
2566,54956818010661,50
2567,104971211010661,50
2568,60121550010661,50
2569,55368670010661,50
2570,55369624010661,50
2571,54764953010661,50
2572,104974097010661,50
2573,102443555010661,50
2574,55514286010661,50
2575,55370596010661,50
2576,55278233010661,50
2577,55432494010661,50
2578,55011870010661,50
2579,89630060010661,50
2580,55280688010661,50
2581,55112089010661,50
2582,54964049010661,50
2583,60158710010661,50
2584,89631593010661,50
2585,54985813010661,50
2586,55437139010661,50
2587,54853877010661,50
2588,55497313010661,50
2589,55405605010661,50
2590,102513735010661,50
2591,54977895010661,50
2592,89866746010661,50
2593,55199357010661,50
2594,55508900010661,50
2595,102451514010661,50
2596,55200530010661,50
2597,89873712010661,50
2598,102517698010661,50
2599,55444823010661,50
2600,55201557010661,50
2601,55202739010661,50
2602,89635359010661,50
2603,55679793010661,50
2604,55203430010661,50
2605,62194899010661,50
2606,55683438010661,50
2607,55010783010661,50
2608,55430341010661,50
2609,55634183010661,50
2610,89632276010661,50
2611,54879052010661,50
2612,102450977010661,50
2613,55371766010661,50
2614,54979961010661,50
2615,55057839010661,50
2616,89756419010661,50
2617,54597129010661,50
2618,54767258010661,50
2619,55001961010661,50
2620,54898767010661,50
2621,89752093010661,50
2622,55026182010661,50
2623,89860945010661,50
2624,104974163010661,50
2625,55687713010661,50
2626,55620644010661,50
2627,102510876010661,50
2628,55449051010661,50
2629,54857253010661,50
2630,55648612010661,50
2631,54700216010661,50
2632,89757517010661,50
2633,55668295010661,50
2634,89635211010661,50
2635,102443201010661,50
2636,54599258010661,50
2637,54599327010661,50
2638,55644336010661,50
2639,55455340010661,50
2640,89757217010661,50
2641,54883153010661,50
2642,54883837010661,50
2643,54886295010661,50
2644,55219745010661,50
2645,54887069010661,50
2646,54892461010661,50
2647,55416682010661,50
2648,102443651010661,50
2649,55427694010661,50
2650,100189204010661,50
2651,89757882010661,50
2652,102443864010661,50
2653,54601869010661,50
2654,55052582010661,50
2655,55000608010661,50
2656,55428016010661,50
2657,55412877010661,50
2658,102509853010661,50
2659,54986779010661,50
2660,55273518010661,50
2661,54845621010661,50
2662,54900701010661,51
2663,102444758010661,57
2664,89869219010661,50
2665,55022652010661,50
2666,55663143010661,50
2667,89596549010661,56
2668,55998499010661,50
2669,89747394010661,57
2670,89777495010661,57
2671,89703959010661,50
2672,102507126010661,57
2673,54743768010661,50
2674,55556216010661,50
2675,89669999010661,50
2676,56083849010661,50
2677,54730159010661,50
2678,55558657010661,56
2679,55413722010661,50
2680,89793713010661,50
2681,102508074010661,50
2682,55161499010661,50
2683,56055958010661,50
2684,54620756010661,50
2685,54593875010661,50
2686,54942377010661,50
2687,55933673010661,50
2688,55115413010661,50
2689,55824917010661,50
2690,54650565010661,50
2691,55932258010661,50
2692,54973771010661,50
2693,54740221010661,50
2694,89765176010661,50
2695,55471261010661,56
2696,55193520010661,50
2697,55082805010661,50
2698,55375174010661,56
2699,89640479010661,50
2700,54652016010661,50
2701,54830646010661,50
2702,89670739010661,50
2703,55673361010661,56
2704,55208203010661,50
2705,55038279010661,50
2706,55625014010661,50
2707,54920976010661,50
2708,55496775010661,50
2709,54649836010661,50
2710,102451427010661,50
2711,55047657010661,50
2712,100237026010661,51
2713,54822765010661,50
2714,55680695010661,50
2715,54934432010661,50
2716,54900544010661,50
2717,102444188010661,50
2718,55305835010661,50
2719,55397084010661,50
2720,54896917010661,50
2721,55350691010661,50
2722,55091664010661,50
2723,54548851010661,50
2724,100266241010661,50
2725,55675790010661,50
2726,55156301010661,50
2727,55809771010661,50
2728,89672027010661,50
2729,89694769010661,50
2730,100221974010661,50
2731,54898065010661,50
2732,89785170010661,50
2733,89794259010661,50
2734,89829427010661,50
2735,60125516010661,50
2736,54960060010661,50
2737,102450500010661,50
2738,55693155010661,50
2739,89674964010661,50
2740,89663078010661,50
2741,55143186010661,50
2742,55040335010661,50
2743,55053390010661,50
2744,54826536010661,50
2745,89694667010661,50
2746,54952807010661,50
2747,55722971010661,50
2748,60821151010661,50
2749,54842591010661,50
2750,55134370010661,50
2751,55049787010661,50
2752,89872576010661,50
2753,89764012010661,50
2754,54603291010661,50
2755,89788469010661,50
2756,89801837010661,50
2757,55318683010661,50
2758,55691993010661,50
2759,55245453010661,50
2760,89729262010661,50
2761,54894885010661,50
2762,55357899010661,50
2763,54937016010661,50
2764,89868552010661,50
2765,54735918010661,50
2766,102509892010661,50
2767,89630329010661,50
2768,55308952010661,50
2769,55305122010661,50
2770,89801530010661,50
2771,100203198010661,50
2772,102444410010661,50
2773,54696214010661,50
2774,54775716010661,50
2775,55300531010661,50
2776,55268921010661,50
2777,55310242010661,50
2778,89629800010661,50
2779,55897352010661,50
2780,89765319010661,50
2781,55031831010661,50
2782,55460150010661,50
2783,55262145010661,50
2784,89764643010661,50
2785,55688685010661,50
2786,89815287010661,50
2787,55032668010661,50
2788,55242405010661,50
2789,55050897010661,50
2790,54688692010661,50
2791,107862023010661,51
2792,89650134010661,50
2793,89650168010661,50
2794,100206216010661,50
2795,107861228010661,50
2796,89696058010661,50
2797,89824963010661,50
2798,89812784010661,56
2799,89673988010661,50
2800,107861168010661,50
2801,89807958010661,50
2802,89821921010661,50
2803,89822152010661,50
2804,55532329010661,50
2805,89591515010661,50
2806,89690076010661,50
2807,89690161010661,50
2808,89690438010661,50
2809,89662471010661,50
2810,54982138010661,56
2811,55059091010661,50
2812,107862974010661,50
2813,221275871010661,50
2814,89611397010661,50
2815,89801759010661,50
2816,100245933010661,50
2817,55522470010661,56
2818,89727004010661,56
2819,54971578010661,56
2820,102443408010661,56
2821,100203113010661,50
2822,221276011010661,50
2823,54916645010661,57
2824,89842620010661,51
2825,100196769010661,50
2826,89690957010661,50
2827,60802338010661,50
2828,55088311010661,50
2829,55500421010661,50
2830,54540412010661,50
2831,54563773010661,50
2832,55744163010661,50
2833,89596259010661,56
2834,54963620010661,56
2835,55586216010661,56
2836,55742861010661,50
2837,89727081010661,56
2838,62229792010661,50
2839,89680443010661,50
2840,55373232010661,57
2841,55901720010661,50
2842,55130901010661,56
2843,54845367010661,51
2844,89808837010661,50
2845,89826523010661,50
2846,102507960010661,56
2847,221275161010661,56
2848,60168506010661,57
2849,89610709010661,50
2850,55811779010661,50
2851,55766342010661,50
2852,54841906010661,51
2853,100203814010661,50
2854,221276687010661,57
2855,54704327010661,50
2856,221276165010661,50
2857,60807455010661,50
2858,54776239010661,50
2859,55373963010661,56
2860,89692321010661,50
2861,54878798010661,56
2862,102443234010661,51
2863,89792365010661,50
2864,107861132010661,56
2865,168979541010661,50
2866,89813005010661,50
2867,107859776010661,57
2868,54760930010661,50
2869,247006841010661,51
2870,54813410010661,50
2871,55575047010661,50
2872,54954971010661,51
2873,54832986010661,50
2874,89837132010661,50
2875,102442211010661,56
2876,54742093010661,50
2877,107863367010661,50
2878,89614023010661,51
2879,89817889010661,50
2880,54946533010661,50
2881,107860142010661,56
2882,89698619010661,50
2883,89608440010661,50
2884,54796944010661,56
2885,102508668010661,50
2886,54943123010661,50
2887,89640368010661,50
2888,55169156010661,50
2889,221275983010661,50
2890,55115789010661,50
2891,54935891010661,57
2892,54680337010661,56
2893,102105622010661,55
2894,55412463010661,50
2895,102510708010661,50
2896,107863247010661,50
2897,89830718010661,50
2898,55598996010661,50
2899,89766237010661,50
2900,55791273010661,56
2901,102108634010661,57
2902,55165408010661,50
2903,55933425010661,50
2904,89598460010661,50
2905,168977943010661,56
2906,89721037010661,56
2907,55223662010661,50
2908,102442970010661,56
2909,102106531010661,50
2910,54613259010661,50
2911,102108685010661,50
2912,54605067010661,50
2913,55324916010661,56
2914,54579178010661,56
2915,55042166010661,50
2916,55381073010661,57
2917,102106321010661,56
2918,55222572010661,50
2919,55085006010661,50
2920,55340991010661,57
2921,55425622010661,50
2922,89615119010661,56
2923,60360076010661,50
2924,54618377010661,50
2925,56033793010661,56
2926,89679099010661,56
2927,55797314010661,57
2928,107863550010661,56
2929,89666736010661,56
2930,55337381010661,50
2931,55332455010661,56
2932,55278034010661,50
2933,100196614010661,50
2934,102509304010661,50
2935,55101121010661,50
2936,54553398010661,56
2937,247007057010661,50
2938,221276243010661,56
2939,54872708010661,57
2940,89677782010661,56
2941,247006481010661,50
2942,55527818010661,50
2943,89654095010661,56
2944,54611094010661,50
2945,55017028010661,50
2946,107860274010661,56
2947,55311986010661,50
2948,55034581010661,50
2949,55406511010661,50
2950,60802914010661,50
2951,89601703010661,56
2952,89699882010661,50
2953,55939146010661,50
2954,54930551010661,50
2955,89601860010661,56
2956,89813258010661,50
2957,102443633010661,50
2958,55242916010661,50
2959,102106852010661,56
2960,54605940010661,50
2961,102375623010661,57
2962,55577753010661,50
2963,102509202010661,56
2964,168978395010661,51
2965,89698954010661,50
2966,107860010010661,56
2967,221275387010661,51
2968,55323690010661,56
2969,102106681010661,50
2970,55704351010661,50
2971,54821848010661,50
2972,55679722010661,56
2973,55836377010661,50
2974,55416241010661,56
2975,89748163010661,51
2976,89729361010661,56
2977,54675645010661,56
2978,55140076010661,50
2979,89785313010661,50
2980,54815257010661,50
2981,54751011010661,50
2982,54915901010661,50
2983,89659886010661,50
2984,104973341010661,50
2985,102411842010661,50
2986,102444362010661,51
2987,89617105010661,56
2988,89844042010661,50
2989,55260077010661,50
2990,247006961010661,56
2991,102106582010661,56
2992,107862917010661,56
2993,221276109010661,50
2994,89849005010661,50
2995,55098485010661,50
2996,55407276010661,50
2997,55191098010661,50
2998,107863238010661,50
2999,55495374010661,50
3000,54843015010661,50
3001,89780548010661,56
3002,168977305010661,56
3003,102442865010661,50
3004,100267293010661,57
3005,54736872010661,56
3006,54833499010661,50
3007,60785175010661,56
3008,100182860010661,50
3009,89703005010661,56
3010,54841512010661,50
3011,221276155010661,50
3012,54902002010661,50
3013,89865978010661,51
3014,55398652010661,56
3015,102509265010661,51
3016,89731686010661,56
3017,54574598010661,51
3018,221274465010661,57
3019,55424614010661,50
3020,55561678010661,50
3021,102510639010661,56
3022,54879704010661,56
3023,89674583010661,50
3024,55119655010661,50
3025,55258215010661,50
3026,102442556010661,50
3027,55755612010661,50
3028,89826443010661,50
3029,102108307010661,50
3030,54734773010661,50
3031,55715373010661,50
3032,55710089010661,50
3033,55038968010661,50
3034,54891854010661,50
3035,55383367010661,57
3036,55959542010661,56
3037,55295895010661,51
3038,107862320010661,50
3039,89724934010661,50
3040,54614954010661,50
3042,55541559010661,50
3043,55348545010661,50
3044,107862215010661,50
3045,54742414010661,50
3046,102507111010661,57
3047,55220466010661,50
3048,102443465010661,51
3049,54664312010661,50
3050,102105550010661,56
3051,89720432010661,56
3052,54777258010661,56
3053,54814115010661,56
3054,55227860010661,50
3055,54851787010661,50
3056,55336615010661,50
3057,221276417010661,56
3058,54921432010661,50
3059,102443510010661,50
3060,55646197010661,56
3061,54629605010661,56
3062,55757088010661,50
3063,102507864010661,50
3064,100193889010661,50
3065,55527554010661,57
3066,62277358010661,57
3067,55599496010661,50
3068,55229684010661,56
3069,247006322010661,56
3070,102107200010661,56
3071,107861846010661,50
3072,89680186010661,50
3073,89780674010661,56
3074,54752869010661,50
3075,55445229010661,50
3076,55222047010661,56
3077,89784757010661,50
3078,102508425010661,56
3079,100230966010661,55
3080,89656742010661,50
3081,55219448010661,57
3082,55002771010661,50
3083,56044624010661,57
3084,55271346010661,50
3085,102108319010661,50
3086,54783788010661,50
3087,89611620010661,56
3088,55001820010661,50
3089,54967373010661,56
3090,89746525010661,50
3091,89681752010661,50
3092,89622300010661,51
3093,89769655010661,56
3094,102107161010661,50
3095,62259047010661,56
3096,102106210010661,50
3097,55957225010661,56
3098,89722699010661,50
3099,54919899010661,50
3100,55716699010661,50
3101,102443999010661,50
3102,107863457010661,57
3103,102105673010661,57
3104,55403887010661,50
3105,89653389010661,56
3106,54634935010661,50
3107,102442370010661,50
3108,168978213010661,50
3109,89697045010661,50
3110,221274447010661,51
3111,55264251010661,50
3112,55388474010661,56
3113,55631989010661,56
3114,102105784010661,57
3115,168977235010661,56
3116,55909871010661,50
3117,102106573010661,56
3118,89751210010661,50
3119,102443198010661,56
3120,55427469010661,50
3121,168978595010661,50
3122,89868365010661,50
3123,60200464010661,50
3124,107861078010661,56
3125,55753280010661,57
3126,102106306010661,56
3127,55339790010661,50
3128,89814222010661,57
3129,102108700010661,56
3130,55843847010661,50
3131,55675163010661,50
3132,55273545010661,50
3133,55772650010661,50
3134,55190264010661,50
3135,55512616010661,50
3136,107860502010661,56
3137,55092057010661,50
3138,55105558010661,50
3139,55286879010661,50
3140,102510663010661,50
3141,55391037010661,50
3142,89619705010661,56
3143,89789830010661,56
3144,54890156010661,50
3145,102442661010661,56
3146,55605633010661,50
3147,54834382010661,50
3148,102106750010661,50
3149,55352111010661,50
3150,54652515010661,56
3151,102105676010661,56
3152,54682918010661,51
3153,55075959010661,56
3154,54912469010661,50
3155,89696930010661,50
3156,89785021010661,50
3157,55040711010661,50
3158,102508539010661,50
3159,102510831010661,56
3160,54903207010661,50
3161,100259294010661,56
3162,100208791010661,50
3163,102507915010661,50
3164,100245253010661,50
3165,55503432010661,50
3166,55432304010661,50
3167,107860211010661,56
3168,89720911010661,50
3169,102443054010661,50
3170,55355241010661,50
3171,221275421010661,50
3172,89647462010661,50
3173,100239213010661,51
3174,54871883010661,50
3175,55074833010661,56
3176,55921855010661,50
3177,54992263010661,50
3178,55612428010661,50
3179,107861939010661,56
3180,54749890010661,50
3181,102510828010661,56
3182,55186763010661,50
3183,55023471010661,50
3184,89870676010661,50
3185,89766615010661,50
3186,102442550010661,50
3187,55775875010661,50
3188,54874424010661,50
3189,55968511010661,50
3190,54655023010661,50
3191,54632954010661,50
3192,55157676010661,50
3193,55519492010661,50
3194,55426743010661,50
3195,102509970010661,50
3196,55195779010661,50
3197,89766793010661,50
3198,54782973010661,56
3199,55342832010661,50
3200,54770219010661,50
3201,89710764010661,50
3202,102108424010661,50
3203,102443297010661,50
3204,221276103010661,50
3205,89719396010661,57
3206,55470054010661,50
3207,89607866010661,50
3208,89776949010661,50
3209,55410784010661,50
3210,89846089010661,50
3211,55056453010661,57
3212,100224896010661,56
3213,54901541010661,50
3214,55593147010661,50
3215,89707293010661,50
3216,221276393010661,56
3217,55232086010661,50
3218,107861615010661,56
3219,89786955010661,50
3220,89611293010661,50
3221,168978821010661,50
3222,55012350010661,50
3223,54911749010661,50
3224,54741569010661,50
3225,168977915010661,56
3226,102442310010661,50
3227,247006919010661,50
3228,89703771010661,56
3229,54832685010661,50
3230,89847087010661,50
3231,100239015010661,50
3232,54790128010661,50
3233,55615946010661,56
3234,55437035010661,50
3235,89872830010661,50
3236,54540794010661,50
3237,54679713010661,56
3238,54984917010661,50
3239,102106690010661,50
3240,102509946010661,50
3241,54894253010661,50
3242,107863622010661,50
3243,221276689010661,57
3244,60186850010661,55
3245,55331515010661,50
3246,55176448010661,50
3247,89797553010661,50
3248,55797335010661,50
3249,221275865010661,50
3250,54605480010661,50
3251,102442832010661,50
3252,54811190010661,56
3253,55399801010661,56
3254,102106126010661,56
3255,102443615010661,50
3256,89734574010661,50
3257,102106444010661,50
3258,54729807010661,56
3259,54768154010661,50
3260,54778708010661,56
3261,89769479010661,55
3262,55387904010661,51
3263,55654049010661,50
3264,89598239010661,50
3265,89790011010661,56
3266,102444506010661,57
3267,102507678010661,50
3268,54771082010661,50
3269,55739352010661,50
3270,102108490010661,56
3271,55037676010661,50
3272,54877098010661,50
3273,89763871010661,50
3274,55374672010661,50
3275,54940083010661,51
3276,54655192010661,50
3277,55811253010661,50
3278,168977307010661,56
3279,168977497010661,57
3280,54665784010661,50
3281,102106426010661,50
3282,54695268010661,50
3283,247006528010661,50
3284,54809059010661,50
3285,55575481010661,50
3286,55220504010661,50
3287,89839243010661,50
3288,89709879010661,50
3289,55498090010661,50
3290,89815611010661,50
3291,102444698010661,57
3292,54710123010661,50
3293,54642305010661,50
3294,55474358010661,56
3295,100184159010661,56
3296,55342290010661,50
3297,55012485010661,50
3298,100195652010661,50
3299,168979429010661,56
3300,55162035010661,50
3301,89826034010661,50
3302,107863355010661,50
3303,89773169010661,50
3304,54929856010661,50
3305,89725136010661,50
3306,55061198010661,50
3307,89846244010661,50
3308,89679212010661,50
3309,55259320010661,50
3310,107861120010661,56
3311,55809178010661,50
3312,55062623010661,50
3313,56071101010661,50
3314,89644616010661,50
3315,54580571010661,56
3316,54710579010661,50
3317,55832085010661,56
3318,89632910010661,50
3319,221276697010661,57
3320,55913402010661,50
3321,55592649010661,51
3322,89682776010661,50
3323,89720834010661,50
3324,102107080010661,50
3325,107861318010661,56
3326,107860133010661,56
3327,55791392010661,57
3328,55025926010661,50
3329,56018101010661,57
3330,54807214010661,50
3331,89839804010661,50
3332,107862722010661,50
3333,89723708010661,50
3334,102107095010661,50
3335,89690695010661,50
3336,55364687010661,50
3337,89650469010661,57
3338,55687366010661,50
3339,55406061010661,50
3340,221274409010661,56
3341,55304069010661,57
3342,89713819010661,57
3343,55848618010661,50
3344,247006651010661,56
3345,62237398010661,50
3346,54539774010661,50
3347,55240981010661,50
3348,54950036010661,50
3349,55009687010661,50
3350,54776142010661,56
3351,168977335010661,55
3352,54930106010661,50
3353,55222173010661,50
3354,55713536010661,50
3355,55382339010661,57
3356,55558442010661,50
3357,55260829010661,50
3358,89826299010661,50
3359,55639796010661,56
3360,54975457010661,56
3361,55621433010661,56
3362,54585370010661,50
3363,107859779010661,57
3364,54841939010661,50
3365,89699746010661,50
3366,54755548010661,50
3367,55030240010661,50
3368,221276653010661,57
3369,89834456010661,50
3370,55757863010661,50
3371,55420337010661,56
3372,55103796010661,50
3373,54763878010661,50
3374,54666465010661,50
3375,55088578010661,50
3376,55625618010661,50
3377,55198756010661,50
3378,55902835010661,50
3379,54801934010661,56
3380,102508746010661,50
3381,55333726010661,50
3382,89825578010661,50
3383,55576267010661,57
3384,54831648010661,50
3385,107860970010661,50
3386,55797625010661,50
3387,60126167010661,50
3388,55730839010661,57
3389,89639316010661,50
3390,54865999010661,50
3391,107861012010661,50
3392,221274403010661,50
3393,102507573010661,57
3394,55269524010661,50
3395,89826167010661,50
3396,54752018010661,50
3397,168977761010661,50
3398,55295842010661,50
3399,55305831010661,50
3400,55895567010661,50
3401,54899237010661,50
3402,221275847010661,50
3403,54978945010661,50
3404,247006858010661,50
3405,168979535010661,56
3406,89832943010661,50
3407,54941986010661,50
3408,221275579010661,50
3409,55121744010661,50
3410,54749150010661,50
3411,89674084010661,50
3412,55849898010661,50
3413,102108592010661,50
3414,102507327010661,57
3415,54636661010661,50
3416,55568890010661,50
3417,54552438010661,56
3418,89728953010661,50
3419,89650254010661,57
3420,100253026010661,50
3421,54800699010661,50
3422,89778063010661,57
3423,107860916010661,50
3424,89686459010661,50
3425,89682681010661,50
3426,89648301010661,50
3427,89795576010661,50
3428,102508116010661,50
3429,55341351010661,50
3430,89823031010661,50
3431,89764542010661,50
3432,89735722010661,50
3433,102444029010661,50
3434,55004166010661,50
3435,89830473010661,50
3436,55531122010661,57
3437,168977637010661,50
3438,55355606010661,50
3439,89650812010661,57
3440,54844825010661,50
3441,89593899010661,57
3442,102105523010661,57
3443,89746829010661,50
3444,107863613010661,50
3445,168978241010661,50
3446,89717302010661,50
3447,55313052010661,50
3448,100232789010661,50
3449,54901344010661,50
3450,55120377010661,50
3451,102107176010661,50
3452,247006644010661,50
3453,54893023010661,50
3454,55591329010661,57
3455,102106204010661,50
3456,89657649010661,50
3457,168977877010661,50
3458,55245114010661,50
3459,54887638010661,50
3460,55239532010661,50
3461,89776483010661,50
3462,102107794010661,50
3463,89863385010661,50
3464,54863981010661,50
3465,54904281010661,50
3466,89648177010661,50
3467,54941432010661,50
3468,102508254010661,50
3469,55602600010661,56
3470,107863421010661,50
3471,54639142010661,50
3472,89806913010661,50
3473,55428270010661,50
3474,107862338010661,50
3475,55907736010661,50
3476,54939516010661,50
3477,89627410010661,50
3478,54567900010661,50
3479,107862629010661,50
3480,55650171010661,56
3481,54723543010661,50
3482,102108361010661,50
3483,54541260010661,50
3484,100192202010661,50
3485,107860286010661,56
3486,55349100010661,50
3487,100211195010661,50
3488,100238664010661,56
3489,89617665010661,56
3490,55475870010661,56
3491,55816527010661,56
3492,102105325010661,57
3493,55156453010661,50
3494,107861711010661,50
3495,55917034010661,50
3496,54764059010661,51
3497,89829732010661,50
3498,89843170010661,51
3499,55633430010661,56
3500,54882060010661,50
3501,55451601010661,50
3502,60800270010661,57
3503,102105541010661,57
3504,89836224010661,56
3505,89644031010661,50
3506,102507636010661,55
3507,55347632010661,50
3508,107863013010661,50
3509,107861129010661,56
3510,55420658010661,56
3511,55650512010661,56
3512,102507828010661,50
3513,54690353010661,50
3514,55388230010661,56
3515,89851799010661,56
3516,60794864010661,56
3517,102510492010661,56
3518,54825933010661,50
3519,54796512010661,56
3520,221275795010661,56
3521,55545044010661,50
3522,54961738010661,50
3523,168977555010661,56
3524,55174485010661,50
3525,89774227010661,50
3526,54809070010661,56
3527,55502446010661,50
3528,89617756010661,56
3529,89868056010661,50
3530,247006686010661,50
3531,55690736010661,50
3532,55175324010661,50
3533,55192668010661,50
3534,55819875010661,56
3535,55017451010661,50
3536,89830135010661,50
3537,89632124010661,50
3538,102107659010661,50
3539,102319154010661,56
3540,107860025010661,56
3541,56045520010661,57
3542,55862490010661,50
3543,89643791010661,50
3544,54926567010661,50
3545,55581698010661,50
3546,55285940010661,50
3547,55391997010661,56
3548,55046662010661,50
3549,89803099010661,50
3550,55117834010661,50
3551,54793308010661,50
3552,55150041010661,50
3553,55093260010661,50
3554,102107803010661,50
3555,89734495010661,50
3556,55615267010661,50
3557,107862773010661,50
3558,55428693010661,50
3559,54874818010661,50
3560,54928509010661,50
3561,55828357010661,56
3562,89787965010661,50
3563,55719869010661,50
3564,107863400010661,50
3565,89857065010661,50
3566,54848087010661,50
3567,55597021010661,50
3568,102106618010661,50
3569,60210692010661,50
3570,55830008010661,50
3571,89870862010661,50
3572,55721413010661,50
3573,102515544010661,50
3574,55310793010661,50
3575,55830544010661,56
3576,55925797010661,50
3577,60812437010661,50
3578,55831168010661,56
3579,55677656010661,56
3580,221274983010661,50
3581,54933491010661,50
3582,55926243010661,50
3583,54904050010661,50
3584,247006191010661,50
3585,100217401010661,50
3586,55611451010661,50
3587,89793296010661,50
3588,55926515010661,50
3589,55927253010661,50
3590,89772951010661,50
3591,55418779010661,50
3592,55927641010661,50
3593,54835396010661,50
3594,89787720010661,50
3595,55147784010661,50
3596,55332079010661,50
3597,60814762010661,50
3598,54836017010661,50
3599,55928407010661,50
3600,60815340010661,50
3601,55332704010661,50
3602,89749985010661,50
3603,54687534010661,50
3604,54877800010661,50
3605,89609520010661,50
3606,89682097010661,50
3607,60815907010661,50
3608,60816622010661,50
3609,54876409010661,50
3610,54836592010661,50
3611,54644112010661,50
3612,54838636010661,50
3613,89703253010661,50
3614,55929628010661,50
3615,89609720010661,50
3616,54837238010661,50
3617,54968712010661,50
3618,55334250010661,50
3619,89703367010661,56
3620,55930111010661,50
3621,55259736010661,50
3622,54808286010661,50
3623,55931220010661,50
3624,89739346010661,50
3625,89703425010661,50
3626,102108022010661,50
3627,54838247010661,50
3628,89783330010661,50
3629,89671090010661,50
3630,89609894010661,50
3631,102444194010661,50
3632,89640543010661,50
3633,89671218010661,50
3634,55877785010661,50
3635,89610005010661,50
3636,54810195010661,50
3637,89678450010661,56
3638,54798586010661,50
3639,89678576010661,56
3640,89695565010661,50
3641,89783522010661,50
3642,54839904010661,50
3643,89610173010661,50
3644,89783650010661,50
3645,55899427010661,50
3646,89678670010661,56
3647,89783749010661,50
3648,89764277010661,50
3649,89823953010661,50
3650,89610453010661,50
3651,89695853010661,50
3652,54590069010661,50
3653,54566146010661,50
3654,89695961010661,50
3655,55605933010661,50
3656,89709988010661,50
3657,54981752010661,50
3658,89786784010661,50
3659,55540629010661,50
3660,89824635010661,50
3661,55283700010661,50
3662,89691435010661,50
3663,89846445010661,50
3664,102107692010661,50
3665,89686343010661,50
3666,89711218010661,50
3667,55803815010661,50
3668,54959704010661,50
3669,55761256010661,50
3670,55692584010661,50
3671,89732677010661,50
3672,89727923010661,56
3673,54648436010661,50
3674,55804779010661,50
3675,102510204010661,50
3676,55546904010661,50
3677,55805308010661,50
3678,55079371010661,56
3679,100251542010661,50
3680,54868445010661,50
3681,60164086010661,56
3682,55806174010661,50
3683,55806877010661,50
3684,89847514010661,50
3685,55807357010661,50
3686,55298513010661,50
3687,55069442010661,50
3688,54684551010661,50
3689,89639071010661,50
3690,55150473010661,50
3691,89593018010661,50
3692,89673184010661,50
3693,55220731010661,50
3694,55120839010661,50
3695,89673403010661,50
3696,89735601010661,50
3697,89800777010661,50
3698,102107806010661,50
3699,107863346010661,50
3700,55177993010661,50
3701,89673672010661,50
3702,89673769010661,50
3703,55271358010661,50
3704,54697362010661,50
3705,55137872010661,50
3706,89742312010661,50
3707,102509919010661,50
3708,100255146010661,50
3709,55910053010661,50
3710,102510726010661,50
3711,89848386010661,50
3712,54867770010661,50
3713,56060957010661,50
3714,89845983010661,50
3715,55347988010661,50
3716,55430424010661,50
3717,247006402010661,50
3718,89796202010661,50
3719,89603859010661,50
3720,55105190010661,50
3721,54657626010661,50
3722,89640081010661,50
3723,54925560010661,50
3724,89733582010661,50
3725,102108118010661,50
3726,54858218010661,50
3727,55290213010661,50
3728,55270360010661,50
3729,54643738010661,50
3730,55866092010661,50
3731,55158776010661,50
3732,55639819010661,50
3733,54656113010661,50
3734,89764826010661,50
3735,89771772010661,50
3736,89690546010661,50
3737,54924187010661,50
3738,54861242010661,50
3739,55135663010661,50
3740,55360932010661,50
3741,55353805010661,50
3742,54878524010661,50
3743,55626848010661,50
3744,54707967010661,50
3745,55174993010661,50
3746,89736516010661,50
3747,55300907010661,50
3748,89801681010661,50
3749,55349441010661,50
3750,55246166010661,50
3751,55899037010661,50
3752,102443945010661,50
3753,89741290010661,50
3754,54882556010661,50
3755,89847363010661,50
3756,89754715010661,50
3757,55333132010661,50
3758,54920056010661,50
3759,89685830010661,50
3760,55564511010661,50
3761,54877546010661,50
3762,55642727010661,50
3763,89770858010661,50
3764,102444038010661,50
3765,55701669010661,50
3766,89776335010661,50
3767,89739785010661,50
3768,55326314010661,50
3769,55304848010661,50
3770,55268669010661,50
3771,55619350010661,50
3772,89707882010661,50
3773,107862719010661,50
3774,55400996010661,50
3775,54961362010661,50
3776,102517746010661,50
3777,100255889010661,50
3778,55249154010661,50
3779,55249884010661,50
3780,55250334010661,50
3781,54934374010661,50
3782,89691317010661,50
3783,55252028010661,50
3784,89711365010661,50
3785,55253778010661,50
3786,89787289010661,50
3787,89632636010661,50
3788,89746698010661,50
3789,54737840010661,50
3790,55254304010661,50
3791,54745667010661,50
3792,55254983010661,50
3793,55256099010661,50
3794,55256785010661,50
3795,102444377010661,50
3796,89630854010661,50
3797,54869567010661,50
3798,55698534010661,50
3799,89819469010661,50
3800,107862122010661,50
3801,89819740010661,50
3802,89819857010661,50
3803,89787638010661,50
3804,89819965010661,50
3805,54905670010661,50
3806,55102768010661,50
3807,54872455010661,50
3808,89820090010661,50
3809,54873112010661,50
3810,102443483010661,50
3811,89831269010661,50
3812,89683461010661,50
3813,89831515010661,50
3814,55709997010661,50
3815,89821141010661,50
3816,89821233010661,50
3817,56063989010661,50
3818,89821390010661,50
3819,89821552010661,50
3820,89821581010661,50
3821,89832131010661,50
3822,89821727010661,50
3823,89832252010661,50
3824,102513333010661,50
3825,107862521010661,50
3826,247006639010661,50
3827,55216472010661,50
3828,55303640010661,50
3829,55304909010661,50
3830,55616792010661,50
3831,55307754010661,50
3832,54954328010661,50
3833,54958457010661,50
3834,89774770010661,50
3835,54873604010661,50
3836,247007576010661,50
3837,89774830010661,50
3838,89775074010661,50
3839,54956409010661,50
3840,54941337010661,50
3841,54942181010661,50
3842,54942602010661,50
3843,89775506010661,50
3844,54943686010661,50
3845,89775608010661,50
3846,54716972010661,50
3847,55126070010661,50
3848,55565562010661,50
3849,55127574010661,50
3850,55566148010661,50
3851,89849766010661,50
3852,89708171010661,50
3853,55567711010661,50
3854,55568706010661,50
3855,55128756010661,50
3856,55064615010661,50
3857,55129395010661,50
3858,55569483010661,50
3859,55130544010661,50
3860,55697140010661,50
3861,55571529010661,50
3862,55434695010661,50
3863,55133634010661,50
3864,89798856010661,50
3865,55572915010661,50
3866,89798948010661,50
3867,89799131010661,50
3868,89799216010661,50
3869,55575328010661,50
3870,221275075010661,50
3871,89799328010661,50
3872,55576937010661,50
3873,89799411010661,50
3874,55577590010661,50
3875,89799518010661,50
3876,55578052010661,50
3877,89707102010661,50
3878,89799735010661,50
3879,89744373010661,50
3880,55340484010661,50
3881,89799844010661,50
3882,89744520010661,50
3883,102451784010661,50
3884,89634691010661,50
3885,55025409010661,50
3886,102514398010661,50
3887,89745446010661,50
3888,55367214010661,50
3889,55367696010661,50
3890,89745712010661,50
3891,89745932010661,50
3892,89634064010661,50
3893,55370120010661,50
3894,89746112010661,50
3895,55020745010661,50
3896,102447134010661,50
3897,55371362010661,50
3898,55884199010661,50
3899,55371983010661,50
3900,55885543010661,50
3901,55886836010661,50
3902,55373453010661,50
3903,55887768010661,50
3904,55891030010661,50
3905,55891400010661,50
3906,89590602010661,50
3907,89868429010661,50
3908,55893169010661,50
3909,89590752010661,50
3910,55893754010661,50
3911,89639424010661,50
3912,60151601010661,50
3913,89590964010661,50
3914,89591080010661,50
3915,89688387010661,50
3916,89868477010661,50
3917,102106183010661,50
3918,56074954010661,50
3919,89688623010661,50
3920,56075517010661,50
3921,56075801010661,50
3922,56076859010661,50
3923,89689360010661,50
3924,89689499010661,50
3925,56079807010661,50
3926,89753627010661,50
3927,89689794010661,50
3928,89661399010661,50
3929,55605703010661,50
3930,89661974010661,50
3931,89662136010661,50
3932,55688332010661,50
3933,89662298010661,50
3934,89662383010661,50
3935,55624109010661,50
3936,107862416010661,50
3937,60154052010661,50
3938,102107656010661,50
3939,55243175010661,50
3940,102509736010661,50
3941,102443804010661,50
3942,55621483010661,50
3943,54599821010661,50
3944,102451064010661,50
3945,89758298010661,50
3946,54715728010661,50
3947,55229947010661,50
3948,55609851010661,50
3949,102512877010661,50
3950,102509685010661,50
3951,89762451010661,50
3952,55220156010661,50
3953,55042689010661,50
3954,55043701010661,50
3955,102509754010661,50
3956,55044116010661,50
3957,55044253010661,50
3958,55046085010661,50
3959,55046920010661,50
3960,55422479010661,50
3961,55047409010661,50
3962,55048852010661,50
3963,55049830010661,50
3964,55050851010661,50
3965,89637078010661,50
3966,89637261010661,50
3967,89637496010661,50
3968,89637813010661,50
3969,89637976010661,50
3970,89638286010661,50
3971,89638550010661,50
3972,89756871010661,50
3973,102443012010661,50
3974,102443816010661,50
3975,102509340010661,50
3976,102107866010661,50
3977,55652282010661,50
3978,102510516010661,50
3979,55607475010661,50
3980,107862413010661,50
3981,55631359010661,50
3982,55013100010661,50
3983,55658248010661,50
3984,89760766010661,50
3985,89761606010661,50
3986,55036288010661,50
3987,102107542010661,50
3988,54605290010661,50
3989,55933236010661,50
3990,55025526010661,50
3991,55599983010661,50
3992,60821881010661,50
3993,55593559010661,50
3994,89703863010661,50
3995,89872155010661,56
3996,55909294010661,50
3997,60817381010661,50
3998,55373278010661,50
3999,102509922010661,50
4000,89611501010661,50
4001,107862740010661,50
4002,55359184010661,50
4003,89674876010661,50
4004,89792540010661,50
4005,89784870010661,50
4006,55190011010661,50
4007,54748580010661,50
4008,55377829010661,50
4009,100182494010661,50
4010,100221332010661,50
4011,54954627010661,50
4012,89608303010661,50
4013,54781880010661,50
4014,55350559010661,50
4015,89825789010661,50
4016,55681663010661,50
4017,89776594010661,50
4018,54942851010661,50
4019,89635920010661,50
4020,55547324010661,50
4021,55681302010661,50
4022,54753053010661,50
4023,89607961010661,50
4024,168979007010661,50
4025,54540521010661,50
4026,102107743010661,50
4027,55921044010661,50
4028,62211301010661,50
4029,54709080010661,50
4030,89608576010661,50
4031,100248810010661,50
4032,55603159010661,50
4033,107862746010661,50
4034,55923702010661,50
4035,55694067010661,50
4036,221275325010661,50
4037,89610784010661,50
4038,55299144010661,50
4039,54765567010661,50
4040,89772340010661,50
4041,102447926010661,50
4042,89795806010661,50
4043,55311502010661,50
4044,54829678010661,50
4045,55377494010661,50
4046,89801410010661,50
4047,55288110010661,50
4048,89696665010661,50
4049,89873219010661,50
4050,89690832010661,50
4051,55259874010661,50
4052,55256499010661,50
4053,55673765010661,50
4054,102510117010661,50
4055,89868187010661,50
4056,55261722010661,50
4057,89832822010661,50
4058,89800382010661,50
4059,89638953010661,50
4060,102442925010661,56
4061,54562798010661,50
4062,55173040010661,56
4063,54761101010661,50
4064,54999802010661,50
4065,54801850010661,51
4066,55351714010661,50
4067,54606910010661,50
4068,54689894010661,50
4069,54790839010661,50
4070,55465230010661,50
4071,55541588010661,50
4072,54875915010661,50
4073,60201299010661,50
4074,55492064010661,50
4075,100215965010661,57
4076,54775953010661,56
4077,54991909010661,50
4078,55164666010661,50
4079,55236589010661,50
4080,55012610010661,56
4081,55148871010661,50
4082,55319832010661,57
4083,55632940010661,56
4084,55014533010661,50
4085,55513185010661,50
4086,55406434010661,50
4087,375684132489998,56
4088,55021164010661,50
4089,100262918010661,56
4090,102108028010661,50
4091,102444608010661,50
4092,54777848010661,56
4093,170071823020004,50
4094,300164182489998,56
4095,54649244010661,50
4096,55325358010661,50
4097,55264340010661,56
4098,55587199010661,56
4099,55498828010661,50
4100,54553833010661,56
4101,89613929010661,51
4102,107860949010661,50
4103,54581630010661,56
4104,54669500010661,51
4105,54816719010661,50
4106,55229232010661,56
4107,55343156010661,50
4108,60188177010661,56
4109,54556060010661,50
4110,54661870010661,56
4111,55346359010661,50
4112,54782478010661,50
4113,54802230010661,50
4114,55301732010661,50
4115,55406926010661,50
4116,55130316010661,56
4117,55545160010661,50
4118,247006823010661,50
4119,54663106010661,56
4120,55099292010661,50
4121,55299648010661,51
4122,55493208010661,50
4123,107859851010661,57
4124,100192837010661,50
4125,55396282010661,50
4126,54755124010661,50
4127,55973530010661,50
4128,89691840010661,50
4129,54554433010661,56
4130,54621310010661,50
4131,54975193010661,50
4132,54732893010661,50
4133,55347434010661,50
4134,55239633010661,50
4135,15721913020004,57
4136,54774986010661,50
4137,55401487010661,56
4138,15722284020004,56
4139,55031232010661,50
4140,55632226010661,56
4141,54875248010661,50
4142,54901748010661,50
4143,55028792010661,50
4144,55738311010661,50
4145,55578602010661,50
4146,102106060010661,57
4147,54575574010661,51
4148,55175812010661,56
4149,62218982010661,50
4150,54872493010661,57
4151,54743231010661,50
4152,54821907010661,50
4153,55011904010661,50
4154,55272108010661,50
4155,55358569010661,50
4156,54790658010661,50
4157,62256377010661,56
4158,54946728010661,50
4159,54973221010661,50
4160,55386019010661,51
4161,55540727010661,50
4162,54962465010661,50
4163,54762507010661,50
4164,54826259010661,50
4165,102105859010661,56
4166,54572616010661,56
4167,54584006010661,50
4168,54835622010661,56
4169,54691588010661,50
4170,54815632010661,50
4171,54994755010661,50
4172,55219875010661,50
4173,55779011010661,50
4174,55518810010661,50
4175,55718033010661,50
4176,170071757020004,51
4177,102105715010661,56
4178,54644657010661,50
4179,54844699010661,51
4180,55037713010661,50
4181,54753189010661,50
4182,107860382010661,50
4183,54580496010661,56
4184,54584510010661,51
4185,54620229010661,50
4186,62219386010661,50
4187,54820082010661,50
4188,54804885010661,51
4189,55058196010661,56
4190,55320664010661,57
4191,55326340010661,50
4192,55385909010661,51
4193,89643130010661,50
4194,234192950020004,56
4195,89612600010661,56
4196,54556105010661,50
4197,54583852010661,50
4198,54560843010661,50
4199,54611864010661,50
4200,55476356010661,50
4201,15722285020004,56
4202,54557981010661,50
4203,54656886010661,50
4204,55136778010661,50
4205,55467707010661,50
4206,55529102010661,57
4207,55137497010661,50
4208,89647905010661,50
4209,107861828010661,51
4210,55597323010661,56
4211,55386837010661,56
4212,54813372010661,56
4213,55257970010661,50
4214,102507270010661,57
4215,55573385010661,50
4216,60128769010661,50
4217,54674671010661,50
4218,55168798010661,50
4219,60176440010661,56
4220,54680532010661,56
4221,102507105010661,57
4222,54594467010661,50
4223,54807754010661,50
4224,55224575010661,56
4225,54711551010661,50
4226,54908025010661,50
4227,55473554010661,56
4228,55798157010661,57
4229,55443518010661,50
4230,54556304010661,50
4231,55107394010661,57
4232,55400760010661,50
4233,54686119010661,50
4234,54670024010661,51
4235,55027886010661,50
4236,54663695010661,56
4237,55290106010661,50
4238,54708759010661,50
4239,54822444010661,51
4240,55221161010661,57
4241,55322164010661,50
4242,55240277010661,50
4243,55780930010661,50
4244,89694882010661,50
4245,168977059010661,57
4246,54561432010661,50
4247,55200743010661,50
4248,54981877010661,50
4249,54883707010661,50
4250,54681949010661,50
4251,54744505010661,50
4252,55244299010661,50
4253,89869797010661,51
4254,55312504010661,50
4255,247007388010661,57
4256,54573131010661,56
4257,54578516010661,56
4258,55106405010661,57
4259,54576383010661,56
4260,54652790010661,50
4261,54686386010661,50
4262,55409952010661,50
4263,54767816010661,50
4264,55216938010661,50
4265,55303036010661,56
4266,54577397010661,56
4267,54664831010661,50
4268,54575834010661,51
4269,54733965010661,50
4270,54628421010661,56
4271,54754350010661,50
4272,55544183010661,50
4273,102508515010661,50
4274,55542965010661,50
4275,247006347010661,56
4276,54699668010661,56
4277,54642843010661,50
4278,54897489010661,50
4279,55067453010661,51
4280,54722419010661,50
4281,54935075010661,50
4282,375683826489998,50
4283,55584934010661,57
4284,55707938010661,50
4285,55565015010661,50
4286,54574697010661,51
4287,54893405010661,50
4288,54799151010661,50
4289,55386466010661,50
4290,58036717010661,57
4291,102510030010661,50
4292,89853081010661,57
4293,54700529010661,56
4294,54863625010661,50
4295,54788418010661,50
4296,55068653010661,51
4297,55333143010661,50
4298,55715976010661,50
4299,300163806489998,50
4300,54755481010661,50
4301,89779992010661,56
4302,54641709010661,50
4303,55139806010661,56
4304,55012465010661,56
4305,55101691010661,50
4306,247006937010661,56
4307,247006292010661,50
4308,55274240010661,50
4309,54857452010661,50
4310,54657967010661,50
4311,54866110010661,50
4312,300164270489998,56
4313,55159388010661,50
4314,54670261010661,51
4315,54871563010661,56
4316,54991998010661,50
4317,54738053010661,56
4318,55076949010661,55
4319,55751248010661,50
4320,54905876010661,50
4321,54650047010661,50
4322,54548507010661,50
4323,54925539010661,50
4324,55277876010661,50
4325,55381315010661,57
4326,300163817489998,56
4327,54995365010661,50
4328,375684137489998,56
4329,55254711010661,50
4330,54762869010661,50
4331,55557473010661,50
4332,55735725010661,50
4333,55219760010661,50
4334,60358109010661,50
4335,300163821489998,51
4336,89747166010661,50
4337,54823899010661,50
4338,55366771010661,50
4339,55039926010661,50
4340,54732687010661,50
4341,54769171010661,50
4342,55058461010661,51
4343,54730259010661,56
4344,54552972010661,56
4345,54605827010661,50
4346,55339789010661,50
4347,55058028010661,50
4348,55639324010661,50
4349,55233178010661,50
4350,55659458010661,50
4351,60194906010661,57
4352,102107068010661,50
4353,55501265010661,50
4354,170071289020004,50
4355,56010923010661,57
4356,107861126010661,56
4357,102510807010661,56
4358,54568294010661,50
4359,55395816010661,56
4360,54582424010661,51
4361,54913782010661,57
4362,55286903010661,50
4363,55638002010661,50
4364,55653665010661,50
4365,55754410010661,50
4366,54658084010661,51
4367,62258392010661,56
4368,55363149010661,50
4369,54682525010661,51
4370,54733717010661,50
4371,55300606010661,50
4372,54840960010661,50
4373,60170159010661,56
4374,102105907010661,57
4375,55587832010661,56
4376,102108514010661,51
4377,89667975010661,56
4378,102108091010661,50
4379,54694913010661,50
4380,55197570010661,56
4381,54619927010661,50
4382,54879678010661,50
4383,55237305010661,50
4384,55283983010661,50
4385,55291987010661,56
4386,55300431010661,51
4387,55814830010661,57
4388,55799094010661,57
4389,54560494010661,51
4390,54619791010661,50
4391,55502607010661,50
4392,55499654010661,50
4393,54603881010661,50
4394,54667171010661,57
4395,54707761010661,50
4396,54772056010661,50
4397,102508794010661,50
4398,234193525020004,50
4399,15722916020004,57
4400,89702573010661,56
4401,55768852010661,50
4402,247006653010661,56
4403,54822764010661,50
4404,55322077010661,50
4405,89727409010661,56
4406,54793347010661,50
4407,55294043010661,50
4408,54846675010661,51
4409,54804150010661,50
4410,55154973010661,50
4411,55653108010661,55
4412,55289448010661,50
4413,102444350010661,56
4414,54654743010661,50
4415,55118127010661,50
4416,54836364010661,50
4417,55274812010661,50
4418,54643281010661,50
4419,54627810010661,56
4420,55324338010661,50
4421,55541112010661,50
4422,55097015010661,50
4423,55627141010661,50
4424,89804024010661,50
4425,89870745010661,50
4426,55821939010661,56
4427,54944004010661,50
4428,62267024010661,56
4429,54742257010661,50
4430,54737369010661,56
4431,55709668010661,50
4432,89601081010661,56
4433,89677149010661,56
4434,107862992010661,56
4435,55091147010661,50
4436,55265784010661,50
4437,54917117010661,50
4438,55318934010661,50
4439,54658289010661,51
4440,55365550010661,50
4441,55162536010661,50
4442,54669807010661,51
4443,54731420010661,50
4444,54980586010661,50
4445,55275317010661,50
4446,55105743010661,57
4447,54711767010661,50
4448,55005710010661,56
4449,54803541010661,51
4450,54823485010661,50
4451,55298857010661,51
4452,54678773010661,56
4453,54922549010661,50
4454,55628867010661,50
4455,55823720010661,56
4456,102106657010661,50
4457,54583386010661,51
4458,54676760010661,50
4459,55197266010661,56
4460,54783757010661,50
4461,55121795010661,50
4462,54994226010661,50
4463,89720290010661,50
4464,54627111010661,50
4465,54581463010661,56
4466,55058230010661,50
4467,62240391010661,56
4468,54742771010661,56
4469,55080027010661,50
4470,55637681010661,50
4471,55682198010661,50
4472,170072402020004,57
4473,54675094010661,56
4474,54614562010661,50
4475,55153162010661,50
4476,54664364010661,56
4477,55321445010661,57
4478,55803506010661,56
4479,168978025010661,50
4480,54567988010661,50
4481,54545112010661,50
4482,54998692010661,50
4483,55241247010661,50
4484,54989313010661,56
4485,55147956010661,50
4486,55325324010661,50
4487,55103408010661,50
4488,54919282010661,50
4489,54821594010661,50
4490,55714461010661,50
4491,60131009010661,50
4492,170071623020004,56
4493,107862005010661,51
4494,55412181010661,50
4495,54806683010661,50
4496,55306741010661,50
4497,55358866010661,50
4498,54643055010661,50
4499,54691121010661,50
4500,55327894010661,50
4501,54754892010661,50
4502,55218567010661,57
4503,60202076010661,50
4504,55544750010661,50
4505,107863007010661,56
4506,54553456010661,56
4507,54615873010661,50
4508,54995774010661,50
4509,54782370010661,50
4510,375683832489998,56
4511,102444854010661,51
4512,54664445010661,56
4513,55528422010661,57
4514,102107365010661,50
4515,89853328010661,57
4516,89782568010661,50
4517,55050756010661,50
4518,54682232010661,51
4519,55059477010661,56
4520,55512234010661,50
4521,54917763010661,50
4522,54908526010661,50
4523,55763371010661,50
4524,89594864010661,56
4525,89705552010661,50
4526,55028694010661,50
4527,54630254010661,50
4528,55000632010661,50
4529,55343463010661,50
4530,55737663010661,50
4531,55573662010661,50
4532,55504273010661,50
4533,54570175010661,50
4534,54642673010661,50
4535,54627557010661,50
4536,54595355010661,50
4537,55189371010661,50
4538,54928264010661,50
4539,55574800010661,57
4540,54823916010661,50
4541,55079954010661,50
4542,55713853010661,50
4543,60205552010661,50
4544,54544789010661,50
4545,54643285010661,50
4546,55027356010661,50
4547,54854152010661,50
4548,60165614010661,57
4549,55470952010661,56
4550,55546117010661,50
4551,15722675020004,50
4552,54893528010661,50
4553,54563712010661,50
4554,54872721010661,50
4555,54628605010661,56
4556,55381565010661,57
4557,54800351010661,50
4558,55647819010661,56
4559,102507987010661,56
4560,55738218010661,50
4561,170072395020004,56
4562,170072257020004,50
4563,54864964010661,50
4564,55020751010661,50
4565,54806658010661,50
4566,55039733010661,50
4567,55184356010661,50
4568,55660581010661,50
4569,55572787010661,50
4570,55558233010661,50
4571,55385514010661,56
4572,15723022020004,56
4573,54589273010661,50
4574,54574799010661,51
4575,55240606010661,50
4576,54999721010661,50
4577,55586133010661,56
4578,54808218010661,56
4579,55449541010661,50
4580,54887028010661,50
4581,54996312010661,50
4582,15722697020004,57
4583,107863484010661,56
4584,54788431010661,50
4585,55142959010661,50
4586,107860607010661,56
4587,54563374010661,50
4588,55042950010661,50
4589,54672314010661,56
4590,55311375010661,56
4591,55798450010661,56
4592,89805173010661,50
4593,107859893010661,56
4594,54580392010661,56
4595,54546138010661,50
4596,54575705010661,51
4597,54581286010661,56
4598,55297167010661,50
4599,55307502010661,50
4600,54787721010661,50
4601,168978151010661,56
4602,15722884020004,50
4603,55812897010661,56
4604,100262863010661,56
4605,55044485010661,50
4606,55090689010661,50
4607,54979968010661,50
4608,55350156010661,50
4609,102105670010661,57
4610,54739855010661,50
4611,55612060010661,50
4612,54837078010661,50
4613,54811728010661,56
4614,54657142010661,50
4615,54611148010661,50
4616,54539649010661,50
4617,54783583010661,56
4618,55071623010661,51
4619,55355888010661,50
4620,55364654010661,56
4621,89730461010661,55
4622,102106159010661,56
4623,55134924010661,50
4624,54554320010661,56
4625,54566459010661,50
4626,54894449010661,50
4627,55410495010661,50
4628,55298762010661,50
4629,54688703010661,50
4630,54792611010661,50
4631,55331861010661,50
4632,55010355010661,50
4633,451158350489998,51
4634,55276834010661,50
4635,55601379010661,50
4636,54575217010661,51
4637,55379724010661,57
4638,55508755010661,50
4639,55289375010661,50
4640,54776592010661,50
4641,54823561010661,50
4642,60785665010661,56
4643,54860032010661,50
4644,55596952010661,50
4645,89640794010661,50
4646,54784575010661,50
4647,54993657010661,50
4648,55070450010661,51
4649,55303294010661,50
4650,54713156010661,50
4651,54803952010661,51
4652,55776744010661,50
4653,102510147010661,50
4654,107862962010661,50
4655,54640809010661,51
4656,54588520010661,50
4657,54572491010661,56
4658,62258787010661,56
4659,54654255010661,50
4660,54786826010661,50
4661,60203645010661,50
4662,89813754010661,50
4663,55000188010661,50
4664,54556883010661,50
4665,54749702010661,50
4666,54799928010661,50
4667,55240129010661,50
4668,55638912010661,50
4669,300163985489998,55
4670,55340497010661,57
4671,107862920010661,56
4672,300164189489998,56
4673,55348710010661,50
4674,54645197010661,50
4675,54739216010661,56
4676,54708356010661,50
4677,55148675010661,50
4678,55668442010661,50
4679,55453848010661,50
4680,55734181010661,50
4681,89823283010661,50
4682,54584282010661,50
4683,54802067010661,51
4684,55094647010661,50
4685,54846799010661,51
4686,55224770010661,56
4687,54651036010661,50
4688,54899927010661,50
4689,54996966010661,50
4690,89792093010661,50
4691,54617218010661,50
4692,102430297010661,56
4693,55016557010661,56
4694,54999416010661,50
4695,62266088010661,55
4696,55543623010661,50
4697,55296411010661,51
4698,55324015010661,50
4699,100205825010661,50
4700,54795854010661,50
4701,62255950010661,56
4702,55022961010661,50
4703,62276714010661,57
4704,55372259010661,50
4705,55512631010661,50
4706,55304394010661,57
4707,55556832010661,50
4708,55813191010661,56
4709,15723012020004,50
4710,89666480010661,56
4711,100248693010661,50
4712,54799519010661,56
4713,55319528010661,57
4714,54734075010661,50
4715,55062506010661,50
4716,55660111010661,50
4717,55774893010661,50
4718,55924173010661,50
4719,54614125010661,50
4720,54876653010661,50
4721,54979317010661,50
4722,55353595010661,50
4723,55303140010661,50
4724,247006740010661,50
4725,55018624010661,50
4726,55751790010661,50
4727,100191941010661,50
4728,55284541010661,55
4729,55671914010661,56
4730,89802271010661,50
4731,54707547010661,50
4732,54998411010661,50
4733,54810856010661,56
4734,55239451010661,50
4735,89757811010661,50
4736,89593632010661,50
4737,54860795010661,50
4738,55362637010661,56
4739,55266763010661,50
4740,55602331010661,50
4741,60129945010661,50
4742,102106231010661,50
4743,107860703010661,50
4744,375683900489998,50
4745,54583180010661,51
4746,54806248010661,50
4747,54623029010661,50
4748,54983968010661,56
4749,55378198010661,50
4750,55511324010661,50
4751,55764394010661,50
4752,54972483010661,56
4753,54771526010661,56
4754,54606448010661,50
4755,54890202010661,50
4756,54662840010661,56
4757,55181401010661,51
4758,55372686010661,50
4759,55179011010661,57
4760,55360462010661,50
4761,55385940010661,56
4762,54636285010661,50
4763,54667251010661,51
4764,55334770010661,56
4765,54783448010661,50
4766,55325683010661,50
4767,55509842010661,50
4768,54931201010661,50
4769,55334357010661,50
4770,60178178010661,56
4771,89845054010661,50
4772,451158555489998,56
4773,54908462010661,50
4774,54815794010661,50
4775,54803657010661,50
4776,54712874010661,50
4777,54974148010661,50
4778,55122489010661,57
4779,54746438010661,56
4780,54940868010661,51
4781,54681361010661,50
4782,55033101010661,50
4783,55082474010661,50
4784,55278261010661,50
4785,55227284010661,56
4786,54676035010661,56
4787,55235399010661,50
4788,55554359010661,57
4789,56018619010661,57
4790,102507849010661,50
4791,54630915010661,50
4792,55323569010661,50
4793,54923105010661,56
4794,55221976010661,50
4795,55274375010661,50
4796,55085519010661,50
4797,89706425010661,50
4798,107863067010661,50
4799,55289355010661,56
4800,54585985010661,50
4801,55225712010661,50
4802,102507426010661,57
4803,55390530010661,50
4804,102509574010661,50
4805,102442436010661,56
4806,168977817010661,56
4807,54842844010661,51
4808,54791572010661,50
4809,55357587010661,50
4810,55331327010661,50
4811,54755311010661,50
4812,54763208010661,50
4813,102106546010661,56
4814,89814362010661,50
4815,89791906010661,50
4816,15723259020004,50
4817,55686240010661,50
4818,102444122010661,50
4819,54569560010661,50
4820,62256945010661,56
4821,54801920010661,50
4822,375684064489998,57
4823,55453134010661,50
4824,170071237020004,50
4825,15722046020004,51
4826,55119557010661,50
4827,54671718010661,50
4828,54866820010661,50
4829,54817687010661,50
4830,55218632010661,50
4831,55430122010661,50
4832,55598295010661,50
4833,170072242020004,56
4834,451158559489998,57
4835,221276419010661,56
4836,54556197010661,50
4837,54704810010661,50
4838,55278393010661,50
4839,54993774010661,50
4840,55057475010661,50
4841,55270974010661,50
4842,55574411010661,50
4843,55800076010661,56
4844,102510846010661,56
4845,55364685010661,50
4846,54940373010661,50
4847,54978859010661,50
4848,54730581010661,50
4849,102508530010661,50
4850,55267721010661,50
4851,55758232010661,50
4852,451158627489998,56
4853,54572908010661,56
4854,54582451010661,51
4855,54644993010661,50
4856,54876684010661,56
4857,55708442010661,50
4858,55412300010661,50
4859,89601145010661,56
4860,54650359010661,50
4861,54887906010661,50
4862,55295331010661,50
4863,55226612010661,56
4864,54795597010661,56
4865,54745159010661,56
4866,247007215010661,56
4867,55732375010661,57
4868,102108157010661,50
4869,54816231010661,50
4870,54731244010661,56
4871,55364849010661,50
4872,54654847010661,50
4873,55508097010661,50
4874,55244895010661,50
4875,54843876010661,51
4876,54567051010661,50
4877,54778803010661,56
4878,54596774010661,50
4879,54734684010661,50
4880,55347392010661,50
4881,55555943010661,50
4882,102508125010661,57
4883,55462698010661,56
4884,107862422010661,50
4885,55120857010661,50
4886,54683551010661,50
4887,54808668010661,50
4888,54810404010661,57
4889,54976820010661,50
4890,89631795010661,50
4891,107861447010661,50
4892,54588768010661,50
4893,54703547010661,50
4894,54547336010661,50
4895,54946986010661,50
4896,54989318010661,50
4897,54663498010661,56
4898,54751541010661,50
4899,54914840010661,50
4900,55011173010661,50
4901,55031201010661,50
4902,55672977010661,50
4903,55530290010661,57
4904,89833856010661,50
4905,89709507010661,50
4906,55388646010661,51
4907,55148041010661,50
4908,247006877010661,56
4909,55358138010661,50
4910,55336869010661,50
4911,55777840010661,50
4912,55548108010661,50
4913,102108208010661,50
4914,54567348010661,50
4915,54654518010661,50
4916,54640472010661,50
4917,54848741010661,56
4918,54634195010661,50
4919,55317711010661,57
4920,55711899010661,50
4921,55803950010661,56
4922,107861519010661,50
4923,55458720010661,50
4924,15722023020004,57
4925,54596891010661,50
4926,55631981010661,56
4927,54614663010661,50
4928,54881715010661,50
4929,54594747010661,50
4930,54914984010661,57
4931,54871381010661,56
4932,54710342010661,50
4933,55228235010661,56
4934,55388377010661,51
4935,247007294010661,55
4936,54901849010661,50
4937,54729675010661,56
4938,54619157010661,50
4939,55648324010661,56
4940,54758884010661,50
4941,89666224010661,56
4942,89822670010661,50
4943,55295193010661,50
4944,54943215010661,51
4945,54846235010661,51
4946,54754587010661,50
4947,247007400010661,57
4948,15722955020004,56
4949,55416566010661,56
4950,55592061010661,57
4951,55149609010661,50
4952,55311039010661,50
4953,55471226010661,50
4954,55400715010661,50
4955,55220833010661,56
4956,55256951010661,50
4957,102509889010661,50
4958,221276665010661,57
4959,54702915010661,50
4960,54540581010661,50
4961,54552863010661,56
4962,55387568010661,56
4963,54983287010661,50
4964,54663337010661,56
4965,55562581010661,50
4966,54979276010661,50
4967,55276594010661,50
4968,55480897010661,50
4969,15722744020004,56
4970,55327851010661,50
4971,107861036010661,50
4972,54645311010661,50
4973,62246346010661,57
4974,54967719010661,50
4975,55041483010661,50
4976,54732188010661,50
4977,55011157010661,50
4978,54761542010661,50
4979,54835852010661,50
4980,55259953010661,50
4981,170072359020004,56
4982,89851450010661,56
4983,54845093010661,51
4984,54687757010661,50
4985,55000465010661,50
4986,55511804010661,50
4987,55404990010661,50
4988,60194026010661,55
4989,89619573010661,56
4990,451158611489998,50
4991,54589586010661,50
4992,54657847010661,50
4993,54562971010661,50
4994,54830101010661,50
4995,54966087010661,50
4996,55295238010661,51
4997,55303355010661,57
4998,55799756010661,57
4999,300163507489998,50
5000,54984096010661,56
5001,55158604010661,50
5002,54668377010661,51
5003,54741813010661,50
5004,55573156010661,57
5005,60358327010661,50
5006,60186181010661,55
5007,55393531010661,57
5008,54759913010661,51
5009,55074497010661,56
5010,55789013010661,57
5011,55061847010661,50
5012,107863586010661,50
5013,54583112010661,51
5014,54673175010661,50
5015,55294418010661,50
5016,55184642010661,51
5017,55653809010661,56
5018,55001044010661,50
5019,55657380010661,50
5020,55839290010661,50
5021,54555820010661,50
5022,54916943010661,50
5023,55750962010661,50
5024,55780779010661,50
5025,168978157010661,56
5026,89664920010661,57
5027,54693404010661,51
5028,54806857010661,50
5029,55665127010661,50
5030,55760044010661,50
5031,55571680010661,50
5032,55622734010661,56
5033,56015913010661,57
5034,55645917010661,56
5035,54631480010661,50
5036,55404041010661,50
5037,55069129010661,51
5038,55140594010661,50
5039,60198570010661,50
5040,54649199010661,50
5041,55108528010661,50
5042,54983079010661,56
5043,55329090010661,50
5044,55235001010661,50
5045,55705609010661,50
5046,55779362010661,50
5047,55826659010661,56
5048,102106288010661,50
5049,89697267010661,50
5050,451158206489998,50
5051,55340855010661,50
5052,55373657010661,57
5053,55289549010661,56
5054,60204816010661,50
5055,54592546010661,50
5056,54584170010661,50
5057,54569470010661,50
5058,54791386010661,50
5059,54801588010661,50
5060,55215499010661,50
5061,54750387010661,50
5062,55643025010661,50
5063,55486252010661,50
5064,55372973010661,50
5065,55386652010661,51
5066,54881227010661,50
5067,375684085489998,56
5068,221275745010661,50
5069,55408107010661,50
5070,54754051010661,50
5071,54934720010661,50
5072,54977103010661,50
5073,55223260010661,56
5074,102443852010661,50
5075,54555503010661,50
5076,54880743010661,50
5077,54670162010661,50
5078,55217259010661,56
5079,54689485010661,50
5080,54817345010661,50
5081,54741334010661,50
5082,54765079010661,50
5083,55072224010661,51
5084,54773461010661,50
5085,54583148010661,51
5086,54695400010661,51
5087,54986885010661,56
5088,55253294010661,50
5089,60164603010661,57
5090,55312509010661,56
5091,247007358010661,57
5092,54567755010661,50
5093,55060099010661,50
5094,55403849010661,50
5095,54983931010661,50
5096,54734472010661,50
5097,55177406010661,50
5098,55078655010661,50
5099,54635205010661,50
5100,54650865010661,50
5101,54988380010661,56
5102,54846587010661,50
5103,54617141010661,50
5104,54891453010661,50
5105,54552732010661,56
5106,55388147010661,56
5107,54868028010661,50
5108,54900717010661,50
5109,55013123010661,50
5110,55482047010661,50
5111,54631750010661,50
5112,54801454010661,56
5113,54741014010661,50
5114,55606682010661,50
5115,55447687010661,50
5116,55596683010661,50
5117,54938846010661,50
5118,55145296010661,50
5119,55514640010661,50
5120,54907265010661,50
5121,55837715010661,50
5122,107863517010661,50
5123,107861552010661,50
5124,54664585010661,50
5125,54978093010661,50
5126,54789426010661,50
5127,54745558010661,50
5128,55301127010661,51
5129,60133001010661,50
5130,102442889010661,50
5131,55404478010661,50
5132,89644923010661,50
5133,89680834010661,50
5134,451158246489998,51
5135,55086383010661,50
5136,54671492010661,50
5137,54875543010661,50
5138,55269642010661,50
5139,55225313010661,56
5140,102442406010661,56
5141,55638189010661,57
5142,55730519010661,50
5143,54658811010661,50
5144,55357894010661,50
5145,54587670010661,50
5146,54623038010661,50
5147,54791321010661,50
5148,54919000010661,50
5149,55221383010661,50
5150,54991153010661,50
5151,89852913010661,57
5152,54883099010661,50
5153,55321486010661,50
5154,55350002010661,50
5155,55412402010661,50
5156,102510291010661,57
5157,89685074010661,50
5158,55741001010661,50
5159,55103780010661,50
5160,54690096010661,50
5161,62268345010661,55
5162,55501676010661,50
5163,55557118010661,50
5164,54787485010661,50
5165,55186272010661,50
5166,55235507010661,50
5167,60129507010661,50
5168,89714555010661,57
5169,54799770010661,50
5170,55354111010661,50
5171,55328586010661,50
5172,54915383010661,50
5173,55636992010661,50
5174,54892740010661,50
5175,55561659010661,50
5176,55712406010661,50
5177,54649103010661,50
5178,54945557010661,50
5179,55232781010661,51
5180,55632323010661,56
5181,89589216010661,50
5182,55905612010661,50
5183,170072680020004,50
5184,102106930010661,50
5185,55236036010661,50
5186,55773594010661,50
5187,55598737010661,50
5188,234192989020004,56
5189,54555706010661,50
5190,54666231010661,50
5191,54758564010661,51
5192,54853092010661,50
5193,55098651010661,50
5194,168979561010661,50
5195,54643052010661,50
5196,55260596010661,50
5197,54827308010661,50
5198,55501486010661,50
5199,55083415010661,50
5200,55780018010661,50
5201,55067705010661,50
5202,55060643010661,50
5203,54733057010661,50
5204,55083274010661,50
5205,54785189010661,50
5206,54729205010661,50
5207,54587272010661,50
5208,54605463010661,50
5209,55087789010661,50
5210,55511014010661,50
5211,55410558010661,50
5212,55096250010661,50
5213,55620086010661,56
5214,55298426010661,50
5215,54816901010661,50
5216,55235857010661,50
5217,54749943010661,50
5218,55567089010661,50
5219,55529046010661,50
5220,54938013010661,50
5221,55637385010661,50
5222,55276150010661,50
5223,55865143010661,50
5224,54665043010661,50
5225,54640570010661,51
5226,54805627010661,50
5227,55354987010661,50
5228,55242163010661,50
5229,170071568020004,50
5230,54803148010661,50
5231,55022662010661,50
5232,54672445010661,50
5233,54801311010661,56
5234,55328717010661,50
5235,55329928010661,50
5236,55405813010661,50
5237,60140007010661,50
5238,55194982010661,50
5239,54650093010661,50
5240,54807018010661,50
5241,170071789020004,50
5242,54663684010661,50
5243,54784070010661,50
5244,55038839010661,50
5245,55364155010661,50
5246,54839721010661,50
5247,55334021010661,50
5248,55340984010661,50
5249,102106216010661,50
5250,54793996010661,50
5251,54615683010661,50
5252,55420652010661,50
5253,55577434010661,50
5254,55484404010661,50
5255,54567426010661,50
5256,55239033010661,50
5257,54878890010661,50
5258,54763513010661,50
5259,55619255010661,56
5260,107860754010661,57
5261,89724607010661,50
5262,55323902010661,50
5263,55251635010661,56
5264,55363652010661,50
5265,55508429010661,50
5266,54590804010661,50
5268,54969185010661,50
5269,55079317010661,50
5270,89698252010661,50
5271,54560591010661,50
5272,54744683010661,50
5273,55256404010661,50
5274,54892084010661,50
5275,54625498010661,50
5276,54611246010661,50
5277,55372722010661,57
5278,55249683010661,50
5279,55318163010661,50
5280,55529622010661,57
5281,89837078010661,50
5282,89697822010661,50
5283,55251962010661,50
5284,55237476010661,50
5285,54606735010661,50
5286,15721885020004,50
5287,54565496010661,50
5288,55239147010661,50
5289,55510986010661,50
5290,234193528020004,50
5291,375684221489998,50
5292,54642425010661,50
5293,55345348010661,50
5294,55506694010661,50
5295,55410664010661,50
5296,55562033010661,50
5297,54914318010661,50
5298,54781201010661,50
5299,54568884010661,50
5300,54649412010661,50
5301,55241823010661,50
5302,107862635010661,50
5303,55915941010661,50
5304,55114878010661,50
5305,54628903010661,50
5306,54553265010661,56
5307,54859560010661,50
5308,54952448010661,50
5309,55155228010661,50
5310,54858495010661,50
5311,55731541010661,50
5312,54712263010661,50
5313,55240644010661,50
5314,54606195010661,50
5315,55299053010661,50
5316,62250264010661,57
5317,55412715010661,50
5318,55190432010661,50
5319,54622678010661,50
5320,55368355010661,50
5321,55329663010661,50
5322,107862407010661,50
5323,54710114010661,50
5324,55370706010661,50
5325,55542565010661,50
5326,60167068010661,57
5327,107862638010661,50
5328,55243212010661,50
5329,54625076010661,50
5330,54620479010661,50
5331,55238343010661,50
5332,54635585010661,50
5333,102108421010661,50
5334,55367224010661,50
5335,55250717010661,50
5336,55531095010661,50
5337,55705327010661,50
5338,54730922010661,50
5339,170072688020004,50
5340,54771850010661,56
5341,54874454010661,50
5342,107861525010661,50
5343,89730132010661,50
5344,221275999010661,50
5345,54630475010661,50
5346,54837227010661,50
5347,107861246010661,50
5348,55040532010661,50
5349,54702184010661,50
5350,55348792010661,50
5351,54971327010661,50
5352,55123343010661,50
5353,54864906010661,50
5354,55345460010661,50
5355,102107782010661,50
5356,54703136010661,50
5357,54750846010661,50
5358,60132316010661,50
5359,247006728010661,50
5360,54545980010661,50
5361,55165255010661,50
5362,55570702010661,50
5363,54984186010661,50
5364,55026950010661,50
5365,55546675010661,50
5366,54621586010661,50
5367,54783273010661,50
5368,55591069010661,57
5369,247006421010661,50
5370,54547934010661,50
5371,55349950010661,50
5373,54746750010661,50
5374,300164168489998,50
5375,54873868010661,50
5376,55543892010661,50
5377,55068103010661,50
5378,55153038010661,50
5379,54831407010661,50
5380,54548390010661,50
5381,55199466010661,50
5382,54775897010661,50
5383,54832724010661,50
5384,55189039010661,50
5385,55764900010661,50
5386,89675653010661,56
5387,54868419010661,50
5388,54958320010661,50
5389,54747705010661,50
5390,54946252010661,50
5391,55494449010661,50
5392,89657296010661,50
5393,54879026010661,50
5394,54570119010661,50
5395,54692689010661,50
5396,247007362010661,57
5397,451157322489998,50
5398,56019557010661,57
5399,102108172010661,50
5400,102107836010661,50
5401,221274487010661,50
5402,55138415010661,56
5403,54584668010661,51
5404,55110830010661,57
5405,54608352010661,50
5406,54773889010661,50
5407,54614753010661,50
5408,54575869010661,51
5409,54847455010661,51
5410,54736279010661,50
5411,54947798010661,50
5412,62219704010661,50
5413,54755660010661,50
5414,375683757489998,56
5415,54584918010661,50
5416,54915107010661,50
5417,54608466010661,50
5418,54774316010661,57
5419,54615128010661,50
5420,54575968010661,51
5421,54695774010661,50
5422,54563968010661,50
5423,54894916010661,50
5424,107859923010661,57
5425,54584995010661,50
5426,54558749010661,50
5427,54608543010661,50
5428,54774441010661,50
5429,54667673010661,50
5430,54615485010661,50
5431,54576050010661,51
5432,54695946010661,50
5433,54847811010661,51
5434,54564113010661,50
5435,55242923010661,50
5436,55390189010661,57
5437,55031540010661,50
5438,55167133010661,50
5439,55370114010661,50
5440,55228338010661,56
5441,55289809010661,50
5442,55245713010661,50
5443,55411738010661,50
5444,89795660010661,50
5445,55341572010661,57
5446,54585163010661,51
5447,55111316010661,57
5448,54774569010661,57
5449,54659527010661,50
5450,54667764010661,50
5451,54615767010661,50
5452,54696084010661,50
5453,54796590010661,50
5454,55243253010661,50
5455,55300334010661,50
5456,55167630010661,50
5457,54711209010661,50
5458,55210150010661,50
5459,102108619010661,55
5460,54558825010661,50
5461,54775113010661,56
5462,54660042010661,50
5463,54667842010661,50
5464,54848033010661,51
5465,54937931010661,57
5466,54949707010661,50
5467,54831380010661,50
5468,55231575010661,50
5469,54911786010661,56
5470,247007162010661,56
5471,170071663020004,56
5472,234193183020004,56
5473,54574431010661,57
5474,54616051010661,50
5475,54660319010661,50
5476,54825419010661,50
5477,54561624010661,50
5478,54950127010661,51
5479,55168856010661,50
5480,55370529010661,50
5481,55335700010661,56
5482,54684004010661,50
5483,55389664010661,56
5484,54933725010661,50
5485,55759305010661,50
5486,102106828010661,56
5487,451158744489998,56
5488,54559017010661,50
5489,54616160010661,50
5490,54541689010661,50
5491,55112163010661,57
5492,54609071010661,50
5493,54660464010661,50
5494,54696541010661,51
5495,54667968010661,50
5496,54706404010661,50
5497,54561765010661,51
5498,54797049010661,50
5499,55032963010661,50
5500,55168967010661,50
5501,55370969010661,50
5502,55330978010661,50
5503,55073514010661,51
5504,55314475010661,50
5505,221275465010661,56
5506,89619972010661,56
5507,54565702010661,50
5508,55125749010661,50
5509,54653555010661,56
5510,54696821010661,51
5511,54668231010661,50
5512,54610178010661,56
5513,55181508010661,56
5514,55243865010661,50
5515,54731718010661,56
5516,54784685010661,56
5517,55046273010661,50
5518,55371122010661,50
5519,54670608010661,51
5520,55073751010661,51
5521,54559273010661,50
5522,54616402010661,50
5523,54881367010661,50
5524,55112950010661,57
5525,55126577010661,50
5526,54668277010661,50
5527,54826465010661,50
5528,54561894010661,50
5529,54581853010661,56
5530,55310907010661,50
5531,54784980010661,56
5532,62224765010661,50
5533,55371421010661,50
5534,54670713010661,51
5535,55331606010661,50
5536,55074216010661,51
5537,54951291010661,56
5538,54559374010661,50
5539,54660754010661,50
5540,54628344010661,50
5541,54857238010661,56
5542,55182159010661,56
5543,54797750010661,50
5544,55245234010661,50
5545,55300798010661,50
5546,54951211010661,51
5547,54785048010661,56
5548,62225326010661,50
5549,55046581010661,50
5550,55371557010661,50
5551,55231584010661,56
5552,55332094010661,50
5553,55336201010661,56
5554,54734352010661,50
5555,54745914010661,50
5556,55074557010661,51
5557,54590940010661,50
5558,54559448010661,50
5559,54541848010661,50
5560,54697261010661,50
5561,54725957010661,57
5562,54827155010661,50
5563,54798120010661,50
5564,62254063010661,57
5565,55388674010661,56
5566,55140674010661,50
5567,55170005010661,50
5568,55232155010661,56
5569,55383184010661,57
5570,54818890010661,50
5571,54746414010661,50
5572,62268631010661,55
5573,55075012010661,51
5574,55567502010661,50
5575,54805537010661,51
5576,55762776010661,50
5577,89602127010661,56
5578,54559490010661,50
5579,54573444010661,56
5580,54579501010661,56
5581,54577575010661,56
5582,54781135010661,56
5583,54697392010661,50
5584,54562017010661,50
5585,54857604010661,56
5586,54738324010661,50
5587,55182832010661,56
5588,55141193010661,50
5589,55389037010661,56
5590,54838588010661,56
5591,54647215010661,50
5592,54746877010661,50
5593,54684536010661,50
5594,62268829010661,55
5595,55322351010661,57
5596,55471894010661,50
5597,55567853010661,50
5598,55519199010661,50
5599,54805822010661,51
5600,102509964010661,50
5601,54781467010661,56
5602,54577650010661,56
5603,54827885010661,50
5604,62261226010661,56
5605,54647372010661,50
5606,54666635010661,57
5607,54747072010661,50
5608,54684853010661,51
5609,62268983010661,57
5610,55192549010661,51
5611,55075563010661,51
5612,55357967010661,50
5613,55267098010661,56
5614,55388869010661,56
5615,55568382010661,50
5616,55519991010661,50
5617,54839883010661,50
5618,54653855010661,56
5619,54542062010661,50
5620,54811950010661,50
5621,54661197010661,50
5622,54697725010661,50
5623,54738806010661,50
5624,55183184010661,56
5625,55132092010661,57
5626,54728836010661,56
5627,62261804010661,56
5628,54732355010661,56
5629,55047070010661,50
5630,55003717010661,51
5631,54735153010661,50
5632,55358400010661,50
5633,55322689010661,57
5634,55472726010661,50
5635,54770960010661,50
5636,55520591010661,50
5637,60364038010661,50
5638,54969456010661,50
5639,54806383010661,51
5640,54582051010661,56
5641,54938461010661,57
5642,55183852010661,56
5643,55246310010661,50
5644,55142040010661,50
5645,62243455010661,56
5646,55389328010661,56
5647,55375337010661,57
5648,54649554010661,50
5649,54685011010661,51
5650,54819488010661,50
5651,54954163010661,50
5652,55004495010661,50
5653,54735432010661,50
5654,55336005010661,50
5655,55483274010661,50
5656,56060056010661,50
5657,54554876010661,56
5658,54621155010661,50
5659,54654160010661,56
5660,54542295010661,50
5661,54938926010661,56
5662,62262470010661,56
5663,54839520010661,56
5664,54868523010661,50
5665,54808516010661,50
5666,55194116010661,51
5667,55359254010661,50
5668,55323199010661,57
5669,55336496010661,50
5670,55402622010661,56
5672,55739820010661,50
5673,54577778010661,56
5674,54858365010661,56
5675,62254894010661,56
5676,55246873010661,50
5677,55269060010661,50
5678,55142912010661,50
5679,54781915010661,56
5680,54839939010661,56
5681,54643742010661,50
5682,54685575010661,51
5683,54666916010661,50
5684,54754172010661,50
5685,55005847010661,50
5686,55359632010661,50
5687,55337121010661,50
5688,55569315010661,50
5689,54924335010661,50
5690,60365777010661,50
5691,54555051010661,56
5692,54579661010661,56
5693,55184288010661,56
5694,55199075010661,50
5695,55143736010661,56
5696,54782030010661,56
5697,55389798010661,56
5698,55376434010661,57
5699,54819627010661,50
5700,55006481010661,50
5701,54735906010661,50
5702,55337284010661,50
5703,55413021010661,50
5704,55473831010661,50
5705,54924899010661,50
5706,60365971010661,50
5707,54577828010661,56
5708,54663124010661,56
5709,54646093010661,50
5710,54752901010661,50
5711,54840447010661,57
5712,54639344010661,50
5713,54687201010661,50
5714,54819831010661,50
5715,62270134010661,56
5716,55044570010661,50
5717,54736184010661,50
5718,55096877010661,50
5719,55359962010661,50
5720,55269187010661,56
5721,55413224010661,50
5722,54771607010661,50
5723,54925278010661,50
5724,54786160010661,50
5725,54827480010661,50
5726,54800610010661,57
5727,55740962010661,50
5728,55783451010661,50
5729,54555142010661,56
5730,54573676010661,56
5731,54579738010661,56
5732,54580936010661,56
5733,54639851010661,50
5734,55132974010661,57
5735,54868881010661,50
5736,54689562010661,50
5737,55007043010661,50
5738,55360414010661,50
5739,55486158010661,50
5740,55015266010661,50
5741,55741535010661,50
5742,54577908010661,56
5743,54729303010661,56
5744,54785633010661,56
5745,54840802010661,56
5746,62263089010661,56
5747,55384422010661,57
5748,54797697010661,56
5749,55337319010661,56
5750,54680899010661,56
5751,55007251010661,50
5752,54809845010661,50
5753,62270588010661,55
5754,55045209010661,50
5755,55279297010661,50
5756,55337761010661,50
5757,55413531010661,50
5758,55015381010661,50
5759,55221705010661,50
5760,55301930010661,51
5761,55783943010661,50
5762,54579855010661,56
5763,55068898010661,50
5764,54858664010661,56
5765,54732818010661,56
5766,54609389010661,50
5767,62271321010661,56
5768,55045480010661,50
5769,55361078010661,50
5770,55403560010661,56
5771,55474660010661,50
5772,55002552010661,50
5773,60366587010661,50
5774,54909541010661,50
5775,55392127010661,50
5776,55752508010661,50
5777,55784095010661,50
5778,55533055010661,57
5779,54573778010661,56
5780,55144383010661,50
5781,54786000010661,56
5782,54841236010661,56
5783,55337778010661,56
5784,54933024010661,50
5785,55414351010661,50
5786,55487858010661,50
5787,55003310010661,50
5788,54926671010661,50
5789,54828834010661,50
5790,55015988010661,50
5791,55756967010661,50
5792,55785085010661,50
5793,55579632010661,50
5794,54852121010661,55
5795,62281985010661,57
5796,55376875010661,57
5797,54639771010661,50
5798,54654590010661,50
5799,54797993010661,56
5800,55046105010661,50
5801,55414685010661,50
5802,55004067010661,50
5803,54829327010661,51
5804,55742375010661,50
5805,55785529010661,50
5806,55579971010661,50
5807,55549391010661,50
5808,55603725010661,50
5809,55487086010661,50
5810,54573843010661,56
5811,54648009010661,50
5812,54610821010661,56
5813,54858949010661,56
5814,55145520010661,50
5815,62264008010661,56
5816,54921304010661,56
5817,55588726010661,56
5818,54764402010661,51
5819,55004427010661,50
5820,55016220010661,50
5821,55633330010661,56
5822,55393502010661,51
5823,55476244010661,50
5824,55580669010661,50
5825,55593856010661,50
5826,54576234010661,51
5827,54859087010661,56
5828,54805290010661,50
5829,55145845010661,56
5830,55384769010661,57
5831,54886542010661,50
5832,55008889010661,50
5833,54921490010661,56
5834,55046937010661,50
5835,55414996010661,50
5836,54764769010661,50
5837,60367515010661,50
5838,54785741010661,50
5839,54829693010661,50
5840,55065549010661,50
5841,55711221010661,50
5842,55786230010661,50
5843,55549604010661,50
5844,54836274010661,50
5845,54578007010661,56
5846,55146615010661,50
5847,54613970010661,50
5848,62264642010661,56
5849,55020130010661,50
5850,54921612010661,56
5851,54924576010661,56
5852,54664764010661,56
5853,55342029010661,57
5854,55367477010661,56
5855,54764945010661,51
5856,55489843010661,50
5857,55004959010661,50
5858,55016553010661,50
5859,55394581010661,50
5860,55581280010661,50
5861,55535257010661,57
5862,55549828010661,50
5863,55176944010661,50
5864,54555300010661,56
5865,54989295010661,56
5866,54756226010661,50
5867,54765165010661,50
5868,54910088010661,50
5869,55634089010661,50
5870,55150668010661,50
5871,55222390010661,57
5872,55711490010661,50
5873,55394761010661,51
5874,55476637010661,56
5875,55581810010661,50
5876,55536012010661,57
5877,55487534010661,50
5878,54923753010661,50
5879,54590398010661,50
5880,54581137010661,56
5881,54578085010661,56
5882,54805519010661,56
5883,54610186010661,50
5884,54798419010661,56
5885,55010284010661,50
5886,54707456010661,50
5887,55083712010661,56
5888,55342408010661,57
5889,54765684010661,50
5890,55527092010661,56
5891,55066415010661,50
5892,55644844010661,50
5893,55357797010661,50
5894,55550525010661,50
5895,55604983010661,50
5896,54585732010661,50
5897,54578163010661,56
5898,54853025010661,55
5899,54879684010661,50
5900,54703261010661,50
5901,55218279010661,56
5902,55385634010661,57
5903,54798747010661,56
5904,54921843010661,56
5905,55135347010661,50
5906,55266178010661,50
5907,55645049010661,50
5908,55222633010661,56
5909,55477624010661,50
5910,55582475010661,50
5911,55551116010661,50
5912,55488161010661,50
5913,89873599010661,50
5914,54663492010661,56
5915,54853669010661,55
5916,54630833010661,56
5917,54754637010661,50
5918,54877426010661,56
5919,55368619010661,56
5920,54756719010661,50
5921,54772596010661,50
5922,55650851010661,56
5923,55270533010661,50
5924,55246033010661,50
5925,55152183010661,50
5926,55718785010661,50
5927,60208369010661,50
5928,55551884010661,50
5929,55536467010661,57
5930,55488361010661,50
5931,54854079010661,55
5932,55401994010661,50
5933,55005842010661,50
5934,55202208010661,50
5935,55395191010661,57
5936,54924907010661,56
5937,54664939010661,56
5938,62273129010661,56
5939,55084037010661,56
5940,55062947010661,56
5941,55136519010661,50
5942,55281609010661,50
5943,55246729010661,50
5944,60208994010661,50
5945,55505141010661,50
5946,55218809010661,56
5947,54925064010661,56
5948,55084407010661,56
5949,55369323010661,56
5950,54714516010661,50
5951,54757015010661,50
5952,55581958010661,57
5953,55641014010661,57
5954,54929711010661,50
5955,54819580010661,56
5956,54836093010661,50
5957,55282147010661,50
5958,55247375010661,50
5959,55153298010661,50
5960,60209215010661,50
5961,55583321010661,50
5962,55552407010661,50
5963,54631019010661,56
5964,54890606010661,50
5965,54985723010661,56
5966,54672586010661,56
5967,54714819010661,50
5968,54757275010661,50
5969,60356415010661,57
5970,55247957010661,50
5971,55646096010661,50
5972,55488778010661,50
5973,54628012010661,50
5974,55219132010661,56
5975,54631130010661,56
5976,55029103010661,50
5977,54677599010661,56
5978,54672647010661,56
5979,55078390010661,56
5980,55369691010661,56
5981,54715051010661,50
5982,60351032010661,56
5983,55248413010661,50
5984,60209959010661,50
5985,55584459010661,50
5986,54631220010661,56
5987,55395886010661,57
5988,54812675010661,56
5989,54757478010661,50
5990,55641433010661,57
5991,54912186010661,56
5992,55248537010661,50
5993,55647160010661,50
5994,55415211010661,50
5995,89710112010661,50
5996,54848314010661,51
5997,55204794010661,50
5998,54631330010661,56
5999,54990183010661,56
6000,54878223010661,56
6001,55346075010661,56
6002,54819818010661,56
6003,55269895010661,50
6004,55442170010661,50
6005,54631494010661,56
6006,54917150010661,57
6007,54885081010661,50
6008,54990560010661,56
6009,54672915010661,56
6010,55370235010661,56
6011,55582664010661,57
6012,55577242010661,57
6013,54819930010661,56
6014,55283219010661,50
6015,55138730010661,56
6016,89867475010661,50
6017,54564796010661,50
6018,54861281010661,50
6019,55206035010661,50
6020,55219703010661,56
6021,54889673010661,50
6022,55078739010661,55
6023,55417763010661,50
6024,54716407010661,50
6025,55590330010661,56
6026,55641939010661,57
6027,55302467010661,51
6028,55588275010661,56
6029,54545235010661,50
6030,55017010010661,56
6031,54677804010661,56
6032,54761922010661,50
6033,55582819010661,57
6034,55590833010661,56
6035,60352076010661,56
6036,54820246010661,56
6037,55071398010661,56
6038,55520453010661,50
6039,102509535010661,50
6040,55396538010661,57
6041,55351566010661,50
6042,55219891010661,56
6043,54917611010661,57
6044,54677875010661,56
6045,54665269010661,56
6046,54986248010661,56
6047,54717101010661,50
6048,55583037010661,57
6049,54820603010661,56
6050,55078013010661,56
6051,55512726010661,50
6052,15723155020004,50
6053,55207144010661,50
6054,55220368010661,56
6055,54799424010661,56
6056,54677997010661,56
6057,55064926010661,56
6058,54717408010661,50
6059,55583541010661,57
6060,54820808010661,56
6061,55071789010661,56
6062,55588911010661,56
6063,60124495010661,50
6064,55905920010661,50
6065,55024419010661,50
6066,54992998010661,50
6067,55352181010661,50
6068,55086405010661,56
6069,54717635010661,50
6070,60352802010661,56
6071,54796774010661,56
6072,55072249010661,56
6073,55589284010661,56
6074,89707170010661,50
6075,54595757010661,50
6076,55352521010661,50
6077,54678211010661,56
6078,55086766010661,56
6079,55112860010661,50
6080,60353125010661,55
6081,54842019010661,50
6082,54796986010661,56
6083,54820996010661,56
6084,55132402010661,56
6085,60180809010661,56
6086,89797087010661,50
6087,100240320010661,50
6088,54545382010661,50
6089,55353028010661,50
6090,54813295010661,56
6091,54945381010661,50
6092,55225887010661,50
6093,55347039010661,50
6094,55079376010661,56
6095,60357217010661,57
6096,54797209010661,56
6097,55139604010661,56
6098,54908784010661,50
6099,54813477010661,57
6100,54784709010661,50
6101,55347396010661,50
6102,55080083010661,56
6103,54812586010661,56
6104,55231348010661,56
6105,55132762010661,56
6106,55743236010661,50
6107,55748349010661,56
6108,55589527010661,56
6109,55114268010661,57
6110,54815496010661,50
6111,55353630010661,50
6112,54813583010661,56
6113,54830156010661,50
6114,55072641010661,56
6115,54685865010661,50
6116,170072548020004,50
6117,89736265010661,50
6118,55353872010661,50
6119,54631896010661,56
6120,54918311010661,57
6121,54758007010661,50
6122,55066517010661,56
6123,60353445010661,57
6124,55521932010661,50
6125,54990675010661,56
6126,54812844010661,56
6127,54821416010661,56
6128,55225203010661,56
6129,55590586010661,56
6130,55333272010661,50
6131,54585288010661,50
6132,55353957010661,50
6133,55017905010661,56
6134,55380760010661,50
6135,55324423010661,57
6136,54809411010661,56
6137,55072855010661,56
6138,60163443010661,56
6139,55292875010661,56
6140,55313422010661,56
6141,55591107010661,56
6142,54677498010661,50
6143,54595538010661,50
6144,54652248010661,50
6145,55018197010661,56
6146,55584244010661,57
6147,55643250010661,57
6148,60163811010661,56
6149,55231712010661,56
6150,55140126010661,56
6151,55743948010661,50
6152,55749156010661,56
6153,54623215010661,50
6154,54668486010661,50
6155,54548634010661,50
6156,54995340010661,50
6157,55034342010661,50
6158,55156783010661,50
6159,55381424010661,50
6160,55584699010661,57
6161,55578267010661,57
6162,54809593010661,56
6163,55067104010661,51
6164,55232242010661,56
6165,55500456010661,50
6166,54588988010661,50
6167,54661468010661,50
6168,55156159010661,50
6169,55643564010661,57
6170,54990928010661,56
6171,54809794010661,56
6172,55016883010661,57
6173,55293533010661,56
6174,60189365010661,55
6175,55749746010661,56
6176,55171112010661,50
6177,54612771010661,50
6178,54644389010661,50
6179,54919034010661,57
6180,54813943010661,56
6181,55105512010661,50
6182,55584926010661,57
6183,55644214010661,56
6184,54991487010661,56
6185,60189571010661,56
6186,55591929010661,56
6187,54593030010661,50
6188,54913001010661,50
6189,55009171010661,50
6190,55018804010661,56
6191,54820657010661,50
6192,55361231010661,50
6193,54766889010661,50
6194,55571028010661,50
6195,55545482010661,50
6196,54797890010661,56
6197,55124721010661,57
6198,60189719010661,55
6199,60146279010661,50
6200,55592480010661,56
6201,89695387010661,50
6202,55101621010661,50
6203,55382810010661,50
6204,55644629010661,57
6205,55545867010661,50
6206,60190371010661,55
6207,55808310010661,56
6208,55301495010661,50
6209,54814351010661,56
6210,55383161010661,56
6211,55585730010661,57
6212,55644964010661,56
6213,55546265010661,50
6214,54810141010661,56
6215,55313852010661,56
6216,55125308010661,57
6217,60196552010661,57
6218,55786519010661,50
6219,55423875010661,50
6220,54597592010661,50
6221,55546523010661,50
6222,55595629010661,57
6223,54992159010661,56
6224,55269043010661,50
6225,107862674010661,50
6226,170072573020004,50
6227,54619367010661,50
6228,55019485010661,56
6229,55244704010661,50
6230,55383803010661,50
6231,55547375010661,50
6232,55294021010661,56
6233,60182260010661,56
6234,55134652010661,56
6235,55787632010661,50
6236,55564996010661,50
6237,54736592010661,50
6238,55096332010661,50
6239,55392798010661,56
6240,55604454010661,50
6241,55271467010661,50
6242,55314104010661,56
6243,55225819010661,56
6244,54781028010661,50
6245,55384455010661,50
6246,54893181010661,50
6247,55128207010661,50
6248,55475323010661,50
6249,55548190010661,50
6250,55599085010661,50
6251,54798295010661,56
6252,55307400010661,55
6253,55549211010661,50
6254,55294475010661,56
6255,55126183010661,57
6256,55801468010661,57
6257,55385173010661,50
6258,55549815010661,50
6259,54817939010661,56
6260,54798590010661,56
6261,55307570010661,55
6262,55226196010661,56
6263,89783943010661,50
6264,55212286010661,50
6265,55385552010661,50
6266,54748213010661,56
6267,55793958010661,57
6268,54778276010661,50
6269,55852797010661,50
6270,54543827010661,50
6271,54559638010661,50
6272,55393238010661,56
6273,55385801010661,50
6274,54748461010661,56
6275,55619129010661,50
6276,60369158010661,50
6277,55294962010661,56
6278,55767216010661,50
6279,54559726010661,50
6280,54705869010661,50
6281,54829960010661,50
6282,55008474010661,56
6283,55127127010661,57
6284,55417563010661,50
6285,60191246010661,56
6286,60211106010661,50
6287,55054193010661,50
6288,54640018010661,50
6289,54659145010661,50
6290,55047942010661,50
6291,54939098010661,50
6292,55098045010661,50
6293,55226650010661,56
6294,60191713010661,55
6295,60197812010661,57
6296,55566021010661,50
6297,54950380010661,50
6298,55032340010661,50
6299,55048365010661,50
6300,55127442010661,57
6301,60172088010661,57
6302,60192301010661,55
6303,55607138010661,56
6304,54596085010661,50
6305,55049502010661,50
6306,54640282010661,50
6307,55393605010661,56
6308,54748840010661,56
6309,55566558010661,50
6310,54610351010661,50
6311,54749049010661,56
6312,54854830010661,50
6313,55308009010661,55
6314,55226910010661,56
6315,55253592010661,56
6316,60172365010661,57
6317,55769313010661,50
6318,55393873010661,56
6319,54932100010661,50
6320,55227389010661,56
6321,60192898010661,55
6322,55770083010661,50
6323,55567088010661,56
6324,54593255010661,50
6325,55433060010661,50
6326,55008960010661,56
6327,55321221010661,50
6328,55127806010661,57
6329,55770998010661,50
6330,55567445010661,56
6331,55009408010661,56
6332,60173103010661,57
6333,55608379010661,56
6334,55794891010661,57
6335,107863061010661,50
6336,54817287010661,50
6337,54751308010661,50
6338,54610775010661,50
6339,54749381010661,56
6340,55802741010661,57
6341,55167584010661,50
6342,55114953010661,50
6343,55394362010661,56
6344,54717853010661,50
6345,60193628010661,55
6346,54894899010661,50
6347,55254392010661,56
6348,60173394010661,57
6349,55795258010661,57
6350,170072599020004,50
6351,54883629010661,50
6352,54940961010661,50
6353,60173978010661,57
6354,55272209010661,50
6355,54812751010661,50
6356,55152667010661,50
6357,55597304010661,57
6358,55308643010661,55
6359,55255156010661,56
6360,54887918010661,50
6361,55394645010661,55
6362,55309201010661,56
6363,102444026010661,50
6364,55165429010661,50
6365,55603639010661,50
6366,55309514010661,57
6367,55796017010661,57
6368,55409594010661,50
6369,55132027010661,50
6370,54783062010661,50
6371,55251375010661,50
6372,54614116010661,50
6373,55094743010661,50
6374,247006539010661,50
6375,55634404010661,56
6376,54591109010661,50
6377,54811586010661,50
6378,54598306010661,50
6379,54591213010661,50
6380,55076932010661,50
6381,54641952010661,50
6382,55182567010661,50
6383,54591379010661,50
6384,54564689010661,50
6385,55866278010661,50
6386,55286084010661,50
6387,55073613010661,56
6388,60144609010661,50
6389,54591625010661,50
6390,55407053010661,50
6391,55191190010661,50
6392,55624023010661,56
6393,54791880010661,50
6394,55612854010661,50
6395,102509769010661,50
6396,54591859010661,50
6397,55078935010661,56
6398,55671423010661,50
6399,54591920010661,50
6400,60117862010661,57
6401,55624532010661,56
6402,54592078010661,50
6403,54646790010661,50
6404,55338211010661,56
6405,55130997010661,50
6406,55326429010661,50
6407,54732059010661,50
6408,54779782010661,50
6409,55376851010661,50
6410,55665922010661,50
6411,54639701010661,50
6412,54708695010661,50
6413,54993731010661,50
6414,54693274010661,50
6415,55527992010661,56
6416,54578347010661,56
6417,54626345010661,50
6418,55087174010661,56
6419,54870894010661,50
6420,60123489010661,50
6421,54595067010661,50
6422,54693898010661,50
6423,54887242010661,50
6424,60118874010661,57
6425,55293162010661,50
6426,102509184010661,56
6427,55419651010661,50
6428,54616996010661,50
6429,55265102010661,50
6430,55247856010661,50
6431,89789089010661,50
6432,54694472010661,50
6433,55331576010661,50
6434,54643611010661,50
6435,54899772010661,50
6436,54694683010661,50
6437,55299283010661,50
6438,55677789010661,50
6439,55625304010661,55
6440,60119770010661,57
6441,89632853010661,50
6442,55355311010661,50
6443,54623433010661,50
6444,54658303010661,50
6445,54694925010661,50
6446,60127182010661,50
6447,55625598010661,56
6448,54695070010661,50
6449,55236150010661,50
6450,55550228010661,50
6451,55095251010661,50
6452,60145069010661,50
6453,54592292010661,50
6454,55119504010661,50
6455,55267854010661,50
6456,102107959010661,50
6457,54570244010661,50
6458,55253492010661,50
6459,54946771010661,50
6460,54846086010661,50
6461,54900284010661,50
6462,55356859010661,50
6463,54756902010661,50
6464,55084673010661,50
6465,54846374010661,50
6466,55053408010661,50
6467,55551934010661,50
6468,54861774010661,50
6469,54846971010661,50
6470,54782720010661,56
6471,55553101010661,50
6472,54847185010661,50
6473,54848078010661,50
6474,55320990010661,50
6475,54897480010661,50
6476,55026304010661,50
6477,55554871010661,50
6478,54848543010661,50
6479,60127333010661,50
6480,55490395010661,50
6481,54855733010661,50
6482,55232984010661,50
6483,55614237010661,50
6484,55861920010661,50
6485,54849674010661,50
6486,55354935010661,50
6487,55229422010661,50
6488,54849941010661,50
6489,55511740010661,50
6490,55567829010661,50
6491,54728793010661,50
6492,54850261010661,50
6493,54594291010661,50
6494,54669013010661,50
6495,54704493010661,50
6496,54850829010661,50
6497,54785526010661,50
6498,55426399010661,50
6499,55615151010661,50
6500,54851263010661,50
6501,54877444010661,50
6502,54907360010661,50
6503,55331961010661,50
6504,54880991010661,50
6505,54642217010661,50
6506,54656906010661,50
6507,89868967010661,50
6508,54818346010661,50
6509,54704890010661,50
6510,55107789010661,50
6511,54818803010661,50
6512,54919302010661,57
6513,54819225010661,50
6514,54951467010661,50
6515,55495486010661,50
6516,55173890010661,50
6517,55128320010661,57
6518,54726733010661,57
6519,55034871010661,50
6520,54859462010661,50
6521,55027775010661,50
6522,55333435010661,50
6523,55234349010661,50
6524,54618043010661,50
6525,55035746010661,50
6526,60140714010661,50
6527,55068608010661,50
6528,54954976010661,50
6529,54789778010661,50
6530,55036197010661,50
6531,54781512010661,50
6532,55498442010661,50
6533,55273136010661,50
6534,55417399010661,50
6535,55092958010661,50
6536,55273749010661,50
6537,15721881020004,50
6538,54899006010661,50
6539,55290501010661,50
6540,55297920010661,50
6541,54869872010661,50
6542,55189717010661,50
6543,54976441010661,50
6544,55362523010661,50
6545,54783622010661,50
6546,62190120010661,50
6547,54861219010661,50
6548,55353289010661,50
6549,89732939010661,50
6550,54949596010661,50
6551,54760853010661,50
6552,89589837010661,50
6553,54640250010661,50
6554,107862707010661,50
6555,55600733010661,50
6556,55337034010661,50
6557,54877130010661,50
6558,54727389010661,50
6559,55409178010661,50
6560,55600091010661,50
6561,55665294010661,50
6562,55502136010661,50
6563,54902709010661,50
6564,54626295010661,50
6565,55011028010661,50
6566,55328364010661,50
6567,54678485010661,50
6568,54549151010661,50
6569,54975030010661,50
6570,60126886010661,50
6571,55285686010661,50
6572,54592193010661,50
6573,54593954010661,50
6574,54678687010661,50
6575,54760554010661,50
6576,54548756010661,50
6577,55508041010661,50
6578,89796649010661,50
6579,54679022010661,50
6580,54679547010661,50
6581,55418728010661,50
6582,54786121010661,50
6583,89759606010661,50
6584,55860542010661,50
6585,54680019010661,50
6586,54937515010661,50
6587,54650816010661,50
6588,54680317010661,50
6589,55052330010661,50
6590,54819814010661,50
6591,54870758010661,50
6592,55421205010661,50
6593,54865625010661,50
6594,54651256010661,50
6595,55036863010661,50
6596,54568712010661,50
6597,54651555010661,50
6598,54725132010661,50
6599,55274125010661,50
6600,54651867010661,50
6601,54701851010661,50
6602,55274726010661,50
6603,54793985010661,50
6604,54707056010661,50
6605,54794347010661,50
6606,54782711010661,50
6607,54682162010661,50
6608,54820154010661,50
6609,54794649010661,50
6610,54910303010661,50
6611,54794735010661,50
6612,54548003010661,50
6613,54840460010661,50
6614,100251120010661,50
6615,15722132020004,50
6616,54567575010661,50
6617,54887251010661,50
6618,54795021010661,50
6619,55275323010661,50
6620,54983161010661,50
6621,55315043010661,50
6622,55343778010661,50
6623,54983855010661,50
6624,170071452020004,50
6625,54984367010661,50
6626,300163487489998,50
6627,54843480010661,50
6628,54984746010661,50
6629,54721957010661,50
6630,54985485010661,50
6631,54872565010661,50
6632,54985921010661,50
6633,54567238010661,50
6634,54844728010661,50
6635,54727854010661,50
6636,54986224010661,50
6637,55317082010661,50
6638,55249829010661,50
6639,55214257010661,50
6640,54987029010661,50
6641,54898921010661,50
6642,54745204010661,50
6643,55248617010661,50
6644,60124079010661,50
6645,54845361010661,50
6646,54987673010661,50
6647,55066556010661,50
6648,54618701010661,50
6649,55429344010661,50
6650,54569783010661,50
6651,54847223010661,50
6652,55093599010661,50
6653,54986346010661,50
6654,54733628010661,50
6655,15721947020004,50
6656,55329986010661,50
6657,55399147010661,50
6658,54959465010661,50
6659,54698813010661,50
6660,55142644010661,50
6661,54786543010661,50
6662,107862395010661,50
6663,55103534010661,50
6664,55038672010661,50
6665,55414558010661,50
6666,54549363010661,50
6667,55038956010661,50
6668,55187805010661,50
6669,54701328010661,50
6670,54549612010661,50
6671,54858271010661,50
6672,54622597010661,50
6673,55056101010661,50
6674,54549858010661,50
6675,55139077010661,50
6676,54652069010661,50
6677,54549940010661,50
6678,54899452010661,50
6679,55040840010661,50
6680,54699454010661,50
6681,55041522010661,50
6682,54550249010661,50
6683,55317585010661,50
6684,54751199010661,50
6685,55282462010661,50
6686,55043118010661,50
6687,55328030010661,50
6688,54881727010661,50
6689,54706308010661,50
6690,55050020010661,50
6691,55238451010661,50
6692,54784836010661,50
6693,55332822010661,50
6694,54632245010661,50
6695,54706650010661,50
6696,54632362010661,50
6697,55668735010661,50
6698,55507280010661,50
6699,102107926010661,50
6700,54625038010661,50
6701,54956861010661,50
6702,55307596010661,50
6703,55426800010661,50
6704,89754214010661,50
6705,54712691010661,50
6706,55417055010661,50
6707,54625281010661,50
6708,54853383010661,50
6709,54968390010661,50
6710,54870391010661,50
6711,55672334010661,50
6712,54713268010661,50
6713,55599465010661,50
6714,89785890010661,50
6715,15723085020004,50
6716,54714145010661,50
6717,54633295010661,50
6718,54594560010661,50
6719,54566666010661,50
6720,54714409010661,50
6721,54633516010661,50
6722,54736312010661,50
6723,55321674010661,50
6724,54788050010661,50
6725,55132933010661,50
6726,55334924010661,50
6727,54912240010661,50
6728,54633801010661,50
6729,54759769010661,50
6730,54736990010661,50
6731,55610301010661,50
6732,54716016010661,50
6733,54653708010661,50
6734,55254518010661,50
6735,56067318010661,50
6736,54738084010661,50
6737,54696794010661,50
6738,54868828010661,50
6739,55533164010661,50
6740,54902093010661,50
6741,170072582020004,50
6742,54636092010661,50
6743,170072699020004,50
6744,54903175010661,50
6745,55441010010661,50
6746,54903455010661,50
6747,54568548010661,50
6748,55072141010661,50
6749,55106572010661,50
6750,55073950010661,50
6751,55247500010661,50
6752,168978993010661,50
6753,54747183010661,50
6754,15723219020004,50
6755,54918885010661,50
6756,54651222010661,50
6757,54656610010661,50
6758,54905915010661,50
6759,55286560010661,50
6760,54768059010661,50
6761,54774393010661,50
6762,89820471010661,50
6763,54920605010661,50
6764,54965405010661,50
6765,54651510010661,50
6766,55106760010661,50
6767,54747858010661,50
6768,55107268010661,50
6769,55880373010661,50
6770,102513732010661,50
6771,54570504010661,50
6772,54963448010661,50
6773,54769625010661,50
6774,55185033010661,50
6775,54770037010661,50
6776,55505531010661,50
6777,54570620010661,50
6778,54922651010661,50
6779,55198775010661,50
6780,54860750010661,50
6781,54570678010661,50
6782,170072565020004,50
6783,234192918020004,50
6784,55080605010661,50
6785,54659450010661,50
6786,54772010010661,50
6787,102510138010661,50
6788,300163526489998,50
6789,55070287010661,50
6790,54659768010661,50
6791,55209258010661,50
6792,89832367010661,50
6793,54659975010661,50
6794,54848847010661,50
6795,55303227010661,50
6796,55261521010661,50
6797,54758874010661,50
6798,55160300010661,50
6799,54949085010661,50
6800,55045276010661,50
6801,54660350010661,50
6802,54849388010661,50
6803,55161339010661,50
6804,55441519010661,50
6805,54660524010661,50
6806,55203668010661,50
6807,54739514010661,50
6808,55362132010661,50
6809,54660694010661,50
6810,54951234010661,50
6811,55347180010661,50
6812,54660981010661,50
6813,15723270020004,50
6814,54951853010661,50
6815,54871664010661,50
6816,54888039010661,50
6817,55619298010661,50
6818,54791021010661,50
6819,54550662010661,50
6820,55092462010661,50
6821,60125263010661,50
6822,55489603010661,50
6823,54792160010661,50
6824,55517181010661,50
6825,54877883010661,50
6826,54551117010661,50
6827,54626068010661,50
6828,54792352010661,50
6829,54864079010661,50
6830,54995784010661,50
6831,54792784010661,50
6832,55364970010661,50
6833,55661108010661,50
6834,54739909010661,50
6835,55365150010661,50
6836,54793005010661,50
6837,55273724010661,50
6838,55286507010661,50
6839,55366704010661,50
6840,55451646010661,50
6841,55526227010661,50
6842,55274513010661,50
6843,55513762010661,50
6844,54764301010661,50
6845,55289009010661,50
6846,55368185010661,50
6847,55275287010661,50
6848,54764546010661,50
6849,54764784010661,50
6850,54957420010661,50
6851,54890069010661,50
6852,55276687010661,50
6853,55123989010661,50
6854,54890243010661,50
6855,55416194010661,50
6856,55370000010661,50
6857,55075292010661,50
6858,55277630010661,50
6859,54765607010661,50
6860,55125440010661,50
6861,54890441010661,50
6862,54891041010661,50
6863,54765900010661,50
6864,54891259010661,50
6865,55278884010661,50
6866,54717405010661,50
6867,55279454010661,50
6868,55124575010661,50
6869,54766979010661,50
6870,55125339010661,50
6871,55398828010661,50
6872,55126096010661,50
6873,54598480010661,50
6874,54961352010661,50
6875,55127021010661,50
6876,55111854010661,50
6877,55129865010661,50
6878,54962794010661,50
6879,55128206010661,50
6880,55300069010661,50
6881,60125774010661,50
6882,54963159010661,50
6883,55338345010661,50
6884,54963366010661,50
6885,55433408010661,50
6886,55424313010661,50
6887,60133527010661,50
6888,15723217020004,50
6889,89639481010661,50
6890,15723232020004,50
6891,54570818010661,50
6892,54963723010661,50
6893,55434110010661,50
6894,15723216020004,50
6895,54570952010661,50
6896,54964620010661,50
6897,55435218010661,50
6898,54965060010661,50
6899,55496058010661,50
6900,54571236010661,50
6901,54695847010661,50
6902,55436719010661,50
6903,54965902010661,50
6904,55437872010661,50
6905,55194765010661,50
6906,55451508010661,50
6907,55129385010661,50
6908,54985551010661,50
6909,55130080010661,50
6910,55440069010661,50
6911,54864652010661,50
6912,55196458010661,50
6913,60137575010661,50
6914,55197640010661,50
6915,55338801010661,50
6916,55307434010661,50
6917,55198101010661,50
6918,55407689010661,50
6919,55339922010661,50
6920,55442707010661,50
6921,55200034010661,50
6922,55245547010661,50
6923,62190708010661,50
6924,55202095010661,50
6925,89744801010661,50
6926,55678327010661,50
6927,55298923010661,50
6928,55678976010661,50
6929,55407944010661,50
6930,62192103010661,50
6931,55058826010661,50
6932,54772645010661,50
6933,55203852010661,50
6934,54772878010661,50
6935,55680457010661,50
6936,55366165010661,50
6937,54773522010661,50
6938,55095982010661,50
6939,62195418010661,50
6940,54774188010661,50
6941,55096852010661,50
6942,62196831010661,50
6943,54958014010661,50
6944,55097785010661,50
6945,55682263010661,50
6946,55421634010661,50
6947,55098215010661,50
6948,62198494010661,50
6949,55682881010661,50
6950,55099144010661,50
6952,55684271010661,50
6953,55099576010661,50
6954,54925748010661,50
6955,55369519010661,50
6956,55312117010661,50
6957,62199367010661,50
6958,55312778010661,50
6959,62202093010661,50
6960,55313131010661,50
6961,55686537010661,50
6962,55407756010661,50
6963,55314002010661,50
6964,55620309010661,50
6965,55314503010661,50
6966,54926932010661,50
6967,55621033010661,50
6968,54927166010661,50
6969,54699253010661,50
6970,55315160010661,50
6971,55621454010661,50
6972,54597377010661,50
6973,55621997010661,50
6974,55448546010661,50
6975,55622381010661,50
6976,55169842010661,50
6977,55521680010661,50
6978,55170576010661,50
6979,55623079010661,50
6980,55522401010661,50
6981,55888824010661,50
6982,55623677010661,50
6983,55371455010661,50
6984,55524066010661,50
6985,170072521020004,50
6986,60146598010661,50
6987,55524487010661,50
6988,60147013010661,50
6989,55372338010661,50
6990,60147443010661,50
6991,170072524020004,50
6992,55891958010661,50
6993,55373235010661,50
6994,55418091010661,50
6995,60149228010661,50
6996,55374995010661,50
6997,15722516020004,50
6998,55894125010661,50
6999,60150734010661,50
7000,55894875010661,50
7001,60151074010661,50
7002,89688503010661,50
7003,54696045010661,50
7004,55204181010661,50
7005,55204721010661,50
7006,247006465010661,50
7007,89689621010661,50
7008,170072615020004,50
7009,54987284010661,50
7010,89661234010661,50
7011,55099968010661,50
7012,55687525010661,50
7013,89661496010661,50
7014,55101153010661,50
7015,55446825010661,50
7016,55101934010661,50
7017,54972918010661,50
7018,54996178010661,50
7019,55525076010661,50
7020,54864939010661,50
7021,55284079010661,50
7022,55525602010661,50
7023,54876731010661,50
7024,55010496010661,50
7025,62203162010661,50
7026,62203842010661,50
7027,62204507010661,50
7028,55624522010661,50
7029,55624753010661,50
7030,54595647010661,50
7031,54954357010661,50
7032,54876507010661,50
7033,54703815010661,50
7034,55217214010661,50
7035,54855149010661,50
7036,54697001010661,50
7037,55429987010661,50
7038,54862262010661,50
7039,55200051010661,50
7041,54599659010661,50
7042,54599888010661,50
7043,54600254010661,50
7044,54600320010661,50
7045,55431830010661,50
7046,54713146010661,50
7047,54713645010661,50
7048,54713982010661,50
7049,54961956010661,50
7050,54715322010661,50
7051,54957844010661,50
7052,54717858010661,50
7053,54717979010661,50
7054,55430098010661,50
7055,54974494010661,50
7056,54718408010661,50
7058,54720393010661,50
7059,55200615010661,50
7060,54720753010661,50
7061,54721825010661,50
7062,54881353010661,50
7063,100189111010661,50
7064,54881927010661,50
7065,55435628010661,50
7066,54884213010661,50
7067,54884323010661,50
7068,54957151010661,50
7069,54884685010661,50
7070,54884864010661,50
7071,54885951010661,50
7072,54887414010661,50
7073,54888319010661,50
7074,54888787010661,50
7075,55452907010661,50
7076,54890380010661,50
7077,54891115010661,50
7078,54891516010661,50
7079,54891958010661,50
7080,55011753010661,50
7081,55048190010661,50
7082,55051327010661,50
7083,55250112010661,50
7084,55213485010661,50
7085,89637872010661,50
7086,55205493010661,50
7087,54960356010661,50
7088,54722310010661,50
7089,54600969010661,50
7090,54601182010661,50
7091,55206748010661,50
7092,54601444010661,50
7093,54722525010661,50
7094,54722913010661,50
7095,54998888010661,50
7096,54724893010661,50
7097,54894552010661,50
7098,55425307010661,50
7099,55247105010661,50
7100,55408338010661,50
7101,55233831010661,50
7102,55222571010661,50
7103,55428962010661,50
7104,55417151010661,50
7105,55404053010661,50
7106,55234214010661,50
7107,55627915010661,50
7108,54970891010661,50
7109,55439411010661,50
7110,55434508010661,50
7111,55230987010661,50
7112,55432126010661,50
7113,54987724010661,50
7114,54996840010661,50
7115,54967090010661,50
7116,55427028010661,50
7117,55430748010661,50
7118,55225131010661,50
7119,55013532010661,50
7120,55014381010661,50
7121,55015074010661,50
7122,55015360010661,50
7123,55016001010661,50
7124,55016601010661,50
7125,55017189010661,50
7126,55018026010661,50
7127,55018247010661,50
7128,55019576010661,50
7129,55020213010661,50
7130,55020407010661,50
7131,55021430010661,50
7132,55022001010661,50
7133,55254921010661,50
7134,55255223010661,50
7135,55255537010661,50
7136,55255816010661,50
7137,55256321010661,50
7138,55257015010661,50
7139,55257753010661,50
7140,55258653010661,50
7141,55259439010661,50
7142,55260339010661,50
7143,55260887010661,50
7144,55261484010661,50
7145,55458285010661,50
7146,55458812010661,50
7147,55459796010661,50
7148,55462020010661,50
7149,55462622010661,50
7150,55463852010661,50
7151,55464553010661,50
7152,55464876010661,50
7153,55465580010661,50
7154,55466347010661,50
7155,89808578010661,50
7156,55031366010661,50
7157,54876213010661,50
7158,55733100010661,50
7159,55262104010661,50
7160,55022970010661,50
7161,55024395010661,50
7162,55024882010661,50
7163,55468186010661,50
7164,55262462010661,50
7165,55468689010661,50
7166,55468798010661,50
7167,451158134489998,50
7168,54560348010661,50
7169,54612727010661,50
7170,55296741010661,50
7171,55393133010661,57
7172,54984641010661,56
7173,55649052010661,56
7174,55535358010661,50
7175,55235136010661,50
7176,55171814010661,56
7177,54822075010661,50
7178,55251414010661,50
7179,54744081010661,50
7180,170072179020004,50
7181,55174942010661,56
7182,54953825010661,50
7183,89702787010661,50
7184,54568158010661,50
7185,54611387010661,50
7186,55174680010661,56
7187,54753194010661,50
7188,54620970010661,50
7189,55597721010661,50
7190,55454416010661,50
7191,60201620010661,50
7192,247006661010661,50
7193,102108100010661,50
7194,54545876010661,50
7195,107863037010661,50
7196,54613878010661,50
7197,55360734010661,50
7198,55181781010661,51
7199,54712481010661,50
7200,55024676010661,50
7201,54546911010661,50
7202,62210999010661,50
7203,100212833010661,50
7204,55349027010661,50
7205,54965996010661,50
7206,54929143010661,50
7207,54877101010661,50
7208,55629601010661,50
7209,54975968010661,50
7210,55642731010661,50
7211,55473370010661,56
7212,55599092010661,50
7213,55139849010661,50
7214,60121276010661,50
7215,15723161020004,50
7216,54981325010661,50
7217,54595169010661,50
7218,54655496010661,50
7219,55630357010661,56
7220,54596247010661,50
7221,55027351010661,50
7222,55631316010661,56
7223,55663439010661,50
7224,107861573010661,56
7225,102443390010661,51
7226,60199192010661,50
7227,375684454489998,50
7228,54948877010661,50
7229,54701523010661,50
7230,55594411010661,50
7231,54548425010661,50
7232,55303478010661,50
7233,54947240010661,50
7234,60362846010661,50
7235,54669667010661,50
7236,451158854489998,50
7237,55431925010661,50
7238,60131500010661,50
7239,89671593010661,50
7240,55041888010661,50
7241,55187403010661,50
7242,54543590010661,50
7243,54673708010661,50
7244,55415466010661,50
7245,55148093010661,50
7246,55675333010661,50
7247,55603980010661,50
7248,54749806010661,50
7249,55477676010661,50
7250,54944501010661,50
7251,55420137010661,50
7252,102507651010661,50
7253,54941808010661,51
7254,54748807010661,50
7255,55091008010661,50
7256,55428025010661,50
7257,54593759010661,50
7258,54936435010661,50
7259,54539966010661,50
7260,55418031010661,50
7261,54597799010661,50
7262,54622782010661,50
7263,55277473010661,50
7264,55601879010661,56
7265,170071750020004,50
7266,54942847010661,50
7267,102509289010661,50
7268,89781709010661,50
7269,54862628010661,50
7270,89870148010661,50
7271,62217199010661,50
7272,54758393010661,50
7273,54863891010661,50
7274,55713183010661,50
7275,55461120010661,50
7276,107863439010661,50
7277,60143743010661,50
7278,55253824010661,50
7279,55019143010661,50
7280,54945317010661,50
7281,89816177010661,50
7282,55656512010661,50
7283,54592579010661,50
7284,54755220010661,50
7285,55275839010661,50
7286,55669217010661,50
7287,54698137010661,50
7288,55714794010661,50
7289,102108184010661,50
7290,54708364010661,50
7291,54708217010661,50
7292,54927814010661,50
7293,54710775010661,50
7294,247007059010661,50
7295,54941902010661,50
7296,55257012010661,50
7297,55375328010661,50
7298,54593675010661,50
7299,54763572010661,50
7300,375683629489998,50
7301,55087316010661,50
7302,107863166010661,50
7303,55273120010661,50
7304,55478319010661,50
7305,55038583010661,50
7306,54833044010661,50
7307,55652970010661,50
7308,107862728010661,50
7309,54880698010661,50
7310,54701596010661,50
7311,55081568010661,50
7312,55090317010661,50
7313,55025426010661,50
7314,55419483010661,50
7315,54835857010661,50
7316,55422861010661,50
7317,54827913010661,50
7318,54675920010661,50
7319,54675324010661,50
7320,102108232010661,50
7321,55237674010661,50
7322,89817762010661,50
7323,221274695010661,50
