PLOT,FIRST_PLTCN,FIRST_INVYR,PUB_LAT,PUB_LONG,COUNTYCD,N_CYCLES,BIOM_2001_Mgha,BIOM_2002_Mgha,BIOM_2003_Mgha,BIOM_2004_Mgha,BIOM_2005_Mgha,BIOM_2006_Mgha,BIOM_2007_Mgha,BIOM_2008_Mgha,BIOM_2009_Mgha,BIOM_2010_Mgha,BIOM_2011_Mgha,BIOM_2012_Mgha,BIOM_2013_Mgha,BIOM_2014_Mgha,BIOM_2015_Mgha,BIOM_2016_Mgha,BIOM_2017_Mgha,BIOM_2018_Mgha,BIOM_2019_Mgha,BIOM_2020_Mgha,BIOM_2021_Mgha,BIOM_2022_Mgha
98838,26490,2001,47.291909,-121.084648,37,4,83.292,112.307,,,,,,,,,,141.754,,,,,,,,,,118.596
50709,24170347010900,2002,48.678786,-120.440782,47,3,,102.797,,,,,,,,,,102.819,,,,,,,,,,90.592
51117,22398376010497,2002,46.092285,-121.508036,77,3,,302.385,,,,,,,,,,194.021,,,,,,,,,,124.714
51129,24150101010900,2002,47.376374,-121.783681,33,3,,213.272,,,,,,,,,,246.141,,,,,,,,,,266.016
51138,22398267010497,2002,47.448326,-123.320915,45,3,,12.227,,,,,,,,,,24.89,,,,,,,,,,40.074
51153,24183298010900,2002,47.07776,-121.946422,53,3,,1.449,,,,,,,,,,70.043,,,,,,,,,,160.878
51237,24142021010900,2002,47.086285,-123.747473,27,3,,44.664,,,,,,,,,,121.52,,,,,,,,,,183.068
51253,24152479010900,2002,47.499584,-122.766283,35,3,,0.385,,,,,,,,,,1.46,,,,,,,,,,4.717
51567,24180244010900,2002,48.769319,-117.37381,51,3,,295.12,,,,,,,,,,345.168,,,,,,,,,,393.383
51728,24204972010900,2002,48.897025,-121.908967,73,3,,373.985,,,,,,,,,,385.478,,,,,,,,,,379.613
51780,24156401010900,2002,47.485525,-120.965955,37,3,,8.823,,,,,,,,,,13.118,,,,,,,,,,14.845
52030,24180847010900,2002,48.861347,-117.214594,51,3,,153.763,,,,,,,,,,144.884,,,,,,,,,,122.075
52551,24183014010900,2002,47.048554,-121.740165,53,3,,407.651,,,,,,,,,,420.523,,,,,,,,,,400.897
52832,22398192010497,2002,47.871931,-120.649582,7,3,,132.875,,,,,,,,,,175.311,,,,,,,,,,229.461
52922,24167614010900,2002,48.375168,-119.666721,47,3,,9.036,,,,,,,,,,11.607,,,,,,,,,,28.406
52940,22398194010497,2002,47.975229,-120.756324,7,3,,84.341,,,,,,,,,,135.558,,,,,,,,,,80.556
52988,22398221010497,2002,48.786508,-118.340052,19,3,,100.64,,,,,,,,,,117.18,,,,,,,,,,95.542
53050,24185085010900,2002,48.408105,-121.845518,57,3,,76.63,,,,,,,,,,142.385,,,,,,,,,,232.129
53114,22398249010497,2002,47.393739,-121.254899,37,3,,111.702,,,,,,,,,,141.583,,,,,,,,,,154.172
53270,24160953010900,2002,46.534104,-121.997017,41,3,,191.186,,,,,,,,,,192.801,,,,,,,,,,182.075
53377,24204728010900,2002,48.848467,-121.774165,73,3,,265.024,,,,,,,,,,231.621,,,,,,,,,,198.407
53442,24144773010900,2002,47.512526,-123.978153,27,3,,444.252,,,,,,,,,,425.959,,,,,,,,,,422.928
53481,24143992010900,2002,47.379638,-123.62455,27,3,,370.652,,,,,,,,,,385.785,,,,,,,,,,320.765
53571,22398354010497,2002,48.155458,-121.44677,61,3,,399.981,,,,,,,,,,445.562,,,,,,,,,,486.847
53702,22398248010497,2002,47.311365,-120.746793,37,3,,294.936,,,,,,,,,,354.334,,,,,,,,,,325.705
53720,24188988010900,2002,45.926966,-122.080957,59,3,,74.561,,,,,,,,,,139.546,,,,,,,,,,214.094
53982,24122888010900,2002,47.701186,-120.273585,7,3,,290.629,,,,,,,,,,340.809,,,,,,,,,,332.51
54004,24135615010900,2002,48.452569,-118.405889,19,3,,103.792,,,,,,,,,,107.747,,,,,,,,,,165.079
54026,24165577010900,2002,47.572838,-123.246916,45,3,,263.619,,,,,,,,,,297.675,,,,,,,,,,279.024
54039,24131587010900,2002,46.044207,-122.414931,15,3,,1.149,,,,,,,,,,32.811,,,,,,,,,,101.744
54268,22398341010497,2002,46.164354,-121.966757,59,3,,417.151,,,,,,,,,,386.535,,,,,,,,,,341.3
54350,24190530010900,2002,46.093627,-121.54673,59,3,,249.021,,,,,,,,,,219.326,,,,,,,,,,277.902
54618,24165848010900,2002,48.029039,-119.952494,47,3,,14.552,,,,,,,,,,17.136,,,,,,,,,,21.537
54656,24167156010900,2002,48.331007,-120.371386,47,3,,231.06,,,,,,,,,,252.985,,,,,,,,,,20.64
54849,24152069010900,2002,47.76205,-121.64794,33,3,,39.071,,,,,,,,,,55.414,,,,,,,,,,74.497
54967,22398277010497,2002,48.907782,-118.933849,47,3,,102.045,,,,,,,,,,112.538,,,,,,,,,,123.297
55222,24134260010900,2002,48.105538,-118.572526,19,3,,74.172,,,,,,,,,,86.293,,,,,,,,,,99.055
55398,24166668010900,2002,48.222269,-119.075434,47,3,,93.102,,,,,,,,,,99.46,,,,,,,,,,113.354
56157,22398210010497,2002,46.167184,-122.252986,15,3,,61.451,,,,,,,,,,75.872,,,,,,,,,,77.388
56317,24134721010900,2002,48.248236,-118.414866,19,3,,65.303,,,,,,,,,,93.136,,,,,,,,,,97.466
56324,24134547010900,2002,48.231796,-118.73619,19,3,,93.715,,,,,,,,,,126.372,,,,,,,,,,162.451
56342,24135965010900,2002,48.572412,-118.431364,19,3,,49.855,,,,,,,,,,67.609,,,,,,,,,,84.336
56692,24203697010900,2002,48.747542,-121.003724,73,3,,186.491,,,,,,,,,,205.744,,,,,,,,,,262.22
56804,24155744010900,2002,47.419276,-121.119147,37,3,,80.312,,,,,,,,,,54.651,,,,,,,,,,69.762
57510,22398245010497,2002,47.386175,-121.108216,37,3,,259.723,,,,,,,,,,303.502,,,,,,,,,,218.777
57549,24203073010900,2002,48.701786,-121.695277,73,3,,320.166,,,,,,,,,,215.645,,,,,,,,,,178.832
57679,24144528010900,2002,47.473988,-124.325602,27,3,,3.229,,,,,,,,,,9.971,,,,,,,,,,27.857
57689,13230130010497,2002,46.388136,-122.169526,41,3,,778.188,,,,,,,,,,757.642,,,,,,,,,,781.002
58073,24168297010900,2002,48.502084,-120.44665,47,3,,7.795,,,,,,,,,,8.862,,,,,,,,,,9.909
58190,24168902010900,2002,48.551646,-119.173647,47,3,,87.592,,,,,,,,,,87.853,,,,,,,,,,106.409
58248,22398359010497,2002,48.206923,-121.452469,61,3,,11.924,,,,,,,,,,38.44,,,,,,,,,,94.839
58356,24174610010900,2002,48.963484,-119.967948,47,3,,117.237,,,,,,,,,,142.162,,,,,,,,,,148.207
58801,24164825010900,2002,47.27311,-122.866401,45,3,,38.652,,,,,,,,,,34.699,,,,,,,,,,70.764
58844,24130280010900,2002,46.047217,-122.285877,11,3,,430.645,,,,,,,,,,485.667,,,,,,,,,,254.886
58874,22398309010497,2002,48.496723,-117.406651,51,3,,61.44,,,,,,,,,,78.477,,,,,,,,,,93.954
58876,22398314010497,2002,46.983194,-121.931071,53,3,,261.079,,,,,,,,,,319.039,,,,,,,,,,351.157
58901,24120681010900,2002,46.082761,-117.278237,3,3,,50.263,,,,,,,,,,61.238,,,,,,,,,,86.68
58999,24121803010900,2002,47.620797,-120.813781,7,3,,157.317,,,,,,,,,,169.035,,,,,,,,,,152.888
59077,22398352010497,2002,46.064369,-121.835706,59,3,,34.836,,,,,,,,,,85.237,,,,,,,,,,151.4
59120,22398215010497,2002,48.529013,-118.69931,19,3,,90.147,,,,,,,,,,107.75,,,,,,,,,,60.906
59251,22398520010497,2002,48.661538,-120.728105,47,3,,242.729,,,,,,,,,,268.103,,,,,,,,,,309.089
59350,22398346010497,2002,46.0454,-121.724422,59,3,,398.57,,,,,,,,,,468.759,,,,,,,,,,444.06
59383,22398240010497,2002,47.406345,-120.965373,37,3,,123.83,,,,,,,,,,143.345,,,,,,,,,,156.337
59445,22398546010497,2002,48.936172,-117.288195,51,3,,208.368,,,,,,,,,,250.156,,,,,,,,,,261.788
59454,24197940010900,2002,48.289555,-117.645627,65,3,,71.656,,,,,,,,,,89.494,,,,,,,,,,105.955
59525,22398233010497,2002,47.569231,-123.945053,31,3,,111.269,,,,,,,,,,167.983,,,,,,,,,,239.01
59643,24121999010900,2002,47.639772,-120.416372,7,3,,65.447,,,,,,,,,,57.495,,,,,,,,,,82.058
59843,24154415010900,2002,47.174017,-120.512291,37,3,,170.656,,,,,,,,,,218.594,,,,,,,,,,200.495
60111,24132612010900,2002,46.169883,-122.280547,15,3,,605.642,,,,,,,,,,658.129,,,,,,,,,,680.542
60359,24180537010900,2002,48.827821,-117.601686,65,3,,41.868,,,,,,,,,,62.992,,,,,,,,,,82.9
60369,24153555010900,2002,47.068399,-120.940831,37,3,,154.302,,,,,,,,,,193.78,,,,,,,,,,199.967
60575,22398202010497,2002,48.116015,-120.321555,7,3,,199.15,,,,,,,,,,204.755,,,,,,,,,,214.868
60668,24153398010900,2002,46.982713,-120.87793,37,3,,37.035,,,,,,,,,,39.803,,,,,,,,,,87.944
60976,22398208010497,2002,48.109804,-124.14345,9,3,,254.875,,,,,,,,,,316.459,,,,,,,,,,354.028
61269,22398279010497,2002,48.918142,-119.378927,47,3,,103.585,,,,,,,,,,108.694,,,,,,,,,,113.687
61362,24195284010900,2002,48.293129,-121.116207,57,3,,37.189,,,,,,,,,,65.275,,,,,,,,,,93.385
61595,22398371010497,2002,48.948058,-121.798258,73,3,,521.337,,,,,,,,,,575.427,,,,,,,,,,521.87
61657,22398335010497,2002,46.145399,-121.794034,59,3,,414.07,,,,,,,,,,414.595,,,,,,,,,,452.914
61677,24172101010900,2002,48.785192,-120.64702,47,3,,26.478,,,,,,,,,,29.654,,,,,,,,,,35.584
61817,24208648010900,2002,46.437205,-121.285829,77,3,,390.358,,,,,,,,,,255.459,,,,,,,,,,237.56
62210,24187984010900,2002,45.794152,-121.697637,59,3,,277.94,,,,,,,,,,338.06,,,,,,,,,,367.31
62704,22398263010497,2002,46.61275,-121.611083,41,3,,247.313,,,,,,,,,,248.335,,,,,,,,,,279.595
62927,24157483010900,2002,45.960052,-121.226822,39,3,,87.622,,,,,,,,,,117.8,,,,,,,,,,133.615
62992,22398252010497,2002,46.658546,-121.491523,41,3,,334.967,,,,,,,,,,360.592,,,,,,,,,,398.263
63112,24121086010900,2002,47.359466,-120.576872,7,3,,43.578,,,,,,,,,,57.733,,,,,,,,,,74.59
63319,24149614010900,2002,47.270695,-121.434049,33,3,,143.94,,,,,,,,,,229.872,,,,,,,,,,253.892
63694,22398364010497,2002,48.256056,-121.447676,61,3,,5.623,,,,,,,,,,33.612,,,,,,,,,,59.491
63727,24193687010900,2002,48.154404,-121.049784,61,3,,364.777,,,,,,,,,,404.841,,,,,,,,,,441.066
63743,22398286010497,2002,48.158212,-120.20239,47,3,,198.538,,,,,,,,,,137.342,,,,,,,,,,81.784
63844,24210735010900,2002,46.823787,-121.170616,77,3,,397.653,,,,,,,,,,382.234,,,,,,,,,,185.182
64037,24160442010900,2002,46.489892,-122.717296,41,3,,114.836,,,,,,,,,,134.351,,,,,,,,,,110.928
64239,24191159010900,2002,46.245999,-122.106178,59,3,,9.597,,,,,,,,,,58.197,,,,,,,,,,142.311
64267,24196872010900,2002,47.980948,-118.175344,65,3,,9.235,,,,,,,,,,18.052,,,,,,,,,,32.305
64720,24193223010900,2002,48.109472,-121.412075,61,3,,733.035,,,,,,,,,,933.083,,,,,,,,,,956.488
64851,24165155010900,2002,47.454302,-123.436229,45,3,,65.577,,,,,,,,,,87.208,,,,,,,,,,128.471
65065,22398336010497,2002,46.302501,-121.581885,59,3,,133.787,,,,,,,,,,159.925,,,,,,,,,,203.061
65099,22398348010497,2002,46.117837,-121.578163,59,3,,489.011,,,,,,,,,,474.106,,,,,,,,,,333.292
65188,22398318010497,2002,48.380631,-121.772721,57,3,,200.454,,,,,,,,,,243.918,,,,,,,,,,262.219
65561,22398294010497,2002,48.75207,-120.278324,47,3,,148.565,,,,,,,,,,127.695,,,,,,,,,,5.099
65573,24186703010900,2002,48.575917,-121.477256,57,3,,275.966,,,,,,,,,,306.762,,,,,,,,,,315.394
65729,24188372010900,2002,45.875483,-122.222763,59,3,,98.896,,,,,,,,,,185.618,,,,,,,,,,265.044
65919,24167452010900,2002,48.322356,-119.80318,47,3,,4.86,,,,,,,,,,1.305,,,,,,,,,,7.316
66704,24122543010900,2002,47.655239,-120.638357,7,3,,50.559,,,,,,,,,,61.157,,,,,,,,,,68.72
66754,24169158010900,2002,48.637669,-120.813292,57,3,,129.477,,,,,,,,,,144.799,,,,,,,,,,156.696
66819,22398223010497,2002,48.830189,-118.221185,19,3,,110.926,,,,,,,,,,62.733,,,,,,,,,,40.863
66851,22398275010497,2002,48.811062,-118.976763,47,3,,109.005,,,,,,,,,,128.616,,,,,,,,,,132.928
66962,22398550010497,2002,48.375606,-117.453346,51,3,,45.768,,,,,,,,,,77.898,,,,,,,,,,139.173
66972,22398266010497,2002,47.400719,-123.283473,45,3,,233.288,,,,,,,,,,197.01,,,,,,,,,,220.191
67193,22398304010497,2002,48.426111,-117.443892,51,3,,126.229,,,,,,,,,,152.886,,,,,,,,,,140.788
67327,24146682010900,2002,47.671377,-124.036524,31,3,,468.532,,,,,,,,,,477.168,,,,,,,,,,488.251
67774,24201986010900,2002,46.293046,-123.527573,69,3,,2.154,,,,,,,,,,65.499,,,,,,,,,,134.154
68207,22398324010497,2002,48.455792,-121.708517,57,3,,543.092,,,,,,,,,,434.372,,,,,,,,,,223.26
68474,22398201010497,2002,47.645021,-120.44487,7,3,,46.436,,,,,,,,,,77.381,,,,,,,,,,109.998
68682,22398372010497,2002,48.997056,-121.918796,73,3,,244.607,,,,,,,,,,255.96,,,,,,,,,,272.428
68739,24192177010900,2002,47.894077,-121.571686,61,3,,188.443,,,,,,,,,,199.133,,,,,,,,,,195.181
68783,24194292010900,2002,48.204307,-121.633422,61,3,,128.081,,,,,,,,,,149.431,,,,,,,,,,146.386
69063,24181139010900,2002,48.94556,-117.390584,51,3,,153.72,,,,,,,,,,221.698,,,,,,,,,,273.447
69098,24197823010900,2002,48.290734,-118.023388,65,3,,41.776,,,,,,,,,,65.541,,,,,,,,,,100.57
69215,24163885010900,2002,47.7622,-118.321723,43,3,,78.863,,,,,,,,,,43.747,,,,,,,,,,27.708
70087,22398218010497,2002,48.513305,-118.3305,19,3,,122.702,,,,,,,,,,143.263,,,,,,,,,,144.584
70113,22398258010497,2002,46.709727,-121.921484,41,3,,153.094,,,,,,,,,,252.726,,,,,,,,,,364.459
70150,22398260010497,2002,46.398293,-122.083363,41,3,,352.258,,,,,,,,,,372.875,,,,,,,,,,382.51
70192,22398224010497,2002,48.517312,-118.25789,19,3,,56.114,,,,,,,,,,79.49,,,,,,,,,,88.516
70328,22398244010497,2002,47.233557,-120.572776,37,3,,89.669,,,,,,,,,,112.762,,,,,,,,,,13.887
70509,22398289010497,2002,48.548365,-119.257357,47,3,,64.439,,,,,,,,,,74.062,,,,,,,,,,65.137
70714,24211245010900,2002,46.849244,-120.835673,77,3,,40.593,,,,,,,,,,59.026,,,,,,,,,,73.518
71032,22398231010497,2002,47.456547,-123.548923,27,3,,586.251,,,,,,,,,,673.759,,,,,,,,,,526.438
71090,22398280010497,2002,48.834757,-118.967702,47,3,,139.354,,,,,,,,,,168.248,,,,,,,,,,165.301
71276,24175148010900,2002,46.399237,-123.731207,49,3,,437.241,,,,,,,,,,477.977,,,,,,,,,,454.622
71462,22398247010497,2002,47.3398,-121.300116,37,3,,15.868,,,,,,,,,,24.723,,,,,,,,,,30.941
71544,24134431010900,2002,48.105827,-118.353676,19,3,,37.018,,,,,,,,,,34.221,,,,,,,,,,48.3
71726,24195996010900,2002,47.744923,-117.638622,63,3,,111.555,,,,,,,,,,95.636,,,,,,,,,,56.195
72308,22398271010497,2002,48.461806,-120.401679,47,3,,65.116,,,,,,,,,,57.428,,,,,,,,,,50.994
72434,24168055010900,2002,48.430901,-118.949268,47,3,,157.419,,,,,,,,,,170.485,,,,,,,,,,26.516
72529,22398220010497,2002,48.866193,-118.375268,19,3,,32.783,,,,,,,,,,59.419,,,,,,,,,,34.55
72560,24182090010900,2002,46.91515,-121.900314,53,3,,288.832,,,,,,,,,,352.436,,,,,,,,,,390.56
72767,24143771010900,2002,47.432623,-123.763728,27,3,,331.329,,,,,,,,,,316.854,,,,,,,,,,210.44
72951,24151714010900,2002,47.726072,-122.074473,33,3,,386.638,,,,,,,,,,398.046,,,,,,,,,,437.524
72996,22398276010497,2002,48.631884,-120.320124,47,3,,150.604,,,,,,,,,,186.71,,,,,,,,,,184.681
73099,22398344010497,2002,46.371811,-122.138482,59,3,,309.615,,,,,,,,,,266.335,,,,,,,,,,315.997
73265,24162608010900,2002,46.665743,-122.392703,41,3,,549.875,,,,,,,,,,549.915,,,,,,,,,,690.381
73443,24173727010900,2002,48.895461,-119.371409,47,3,,104.383,,,,,,,,,,127.601,,,,,,,,,,154.666
73542,24147565010900,2002,47.775351,-122.952664,31,3,,139.878,,,,,,,,,,209.626,,,,,,,,,,275.774
73606,22398217010497,2002,48.793644,-118.383381,19,3,,123.365,,,,,,,,,,223.351,,,,,,,,,,187.478
73614,24146892010900,2002,47.676525,-122.941587,31,3,,6.99,,,,,,,,,,50.902,,,,,,,,,,162.134
73664,24136264010900,2002,48.607575,-118.279441,19,3,,105.148,,,,,,,,,,130.905,,,,,,,,,,136.851
73817,24179552010900,2002,48.659113,-117.166099,51,3,,98.357,,,,,,,,,,123.742,,,,,,,,,,142.517
73830,24154669010900,2002,47.318087,-121.261606,37,3,,20.84,,,,,,,,,,193.168,,,,,,,,,,146.068
74372,22398255010497,2002,46.732735,-122.288162,41,3,,470.247,,,,,,,,,,462.875,,,,,,,,,,554.666
74582,22398370010497,2002,48.823024,-121.910983,73,3,,102.576,,,,,,,,,,57.375,,,,,,,,,,38.07
74661,24194431010900,2002,48.252744,-121.419688,61,3,,190.116,,,,,,,,,,328.595,,,,,,,,,,440.121
74781,24151234010900,2002,47.598672,-121.666097,33,3,,104.596,,,,,,,,,,258.026,,,,,,,,,,380.741
74896,22398374010497,2002,48.874692,-121.769114,73,3,,119.462,,,,,,,,,,166.85,,,,,,,,,,259.334
74960,24149217010900,2002,47.216418,-121.793909,33,3,,91.52,,,,,,,,,,171.524,,,,,,,,,,269.303
75008,22398360010497,2002,48.185452,-121.490599,61,3,,444.174,,,,,,,,,,488.842,,,,,,,,,,559.763
75389,22398519010497,2002,48.591621,-119.701165,47,3,,55.225,,,,,,,,,,67.528,,,,,,,,,,10.16
75761,24203376010900,2002,48.746059,-121.54369,73,3,,358.406,,,,,,,,,,452.19,,,,,,,,,,429.052
75840,22398397010497,2002,47.405011,-120.464309,7,3,,136.747,,,,,,,,,,172.609,,,,,,,,,,186.499
75914,22398189010497,2002,47.719476,-120.265152,7,3,,24.327,,,,,,,,,,24.416,,,,,,,,,,12.215
76424,22398205010497,2002,48.08677,-124.058074,9,3,,455.695,,,,,,,,,,487.819,,,,,,,,,,415.317
76537,24145147010900,2002,47.520357,-124.170944,27,3,,170.55,,,,,,,,,,68.356,,,,,,,,,,87.049
76639,22398256010497,2002,46.424139,-121.848945,41,3,,228.095,,,,,,,,,,282.451,,,,,,,,,,371.537
76814,24129466010900,2002,48.263441,-124.55815,9,3,,137.733,,,,,,,,,,190.894,,,,,,,,,,251.228
76871,22398251010497,2002,46.99327,-121.054984,37,3,,120.274,,,,,,,,,,143.404,,,,,,,,,,169.973
77020,22398298010497,2002,48.856669,-119.010789,47,3,,108.817,,,,,,,,,,87.85,,,,,,,,,,41.622
77199,24133522010900,2002,46.345829,-122.350497,15,3,,83.437,,,,,,,,,,187.405,,,,,,,,,,275.795
77244,24140680010900,2002,46.93518,-123.674965,27,3,,81.181,,,,,,,,,,175.126,,,,,,,,,,271.753
77308,22398320010497,2002,48.352514,-121.591456,57,3,,742.922,,,,,,,,,,706.564,,,,,,,,,,794.954
77505,24127766010900,2002,48.0142,-124.281792,9,3,,508.111,,,,,,,,,,508.714,,,,,,,,,,459.212
77674,24168542010900,2002,48.522352,-120.075826,47,3,,88.419,,,,,,,,,,20.391,,,,,,,,,,10.739
77787,24209888010900,2002,46.77667,-121.355877,77,3,,235.255,,,,,,,,,,389.402,,,,,,,,,,393.855
77857,22398506010497,2002,48.554468,-120.484122,47,3,,179.489,,,,,,,,,,153.92,,,,,,,,,,28.256
77882,22398542010497,2002,48.937491,-117.251006,51,3,,123.925,,,,,,,,,,160.973,,,,,,,,,,170.927
77997,24162878010900,2002,46.701969,-122.052887,41,3,,189.247,,,,,,,,,,280.21,,,,,,,,,,354.189
78315,30826408020004,2002,46.15888,-117.466902,23,3,,228.962,,,,,,,,,,156.007,,,,,,,,,,160.852
78321,22398253010497,2002,46.490543,-121.857592,41,3,,162.027,,,,,,,,,,265.876,,,,,,,,,,411.165
78649,22398259010497,2002,46.46098,-121.752499,41,3,,142.525,,,,,,,,,,220.244,,,,,,,,,,274.303
78676,24156837010900,2002,45.775266,-121.150794,39,3,,167.966,,,,,,,,,,166.629,,,,,,,,,,184.441
78688,22398350010497,2002,45.917881,-121.837808,59,3,,201.956,,,,,,,,,,288.576,,,,,,,,,,303.908
78693,24158617010900,2002,46.393573,-121.962616,41,3,,454.805,,,,,,,,,,517.469,,,,,,,,,,582.058
79058,22398383010497,2002,47.067846,-121.346064,77,3,,120.472,,,,,,,,,,179.263,,,,,,,,,,206.602
79221,24128071010900,2002,48.059553,-123.962698,9,3,,465.336,,,,,,,,,,434.36,,,,,,,,,,495.799
79382,24207697010900,2002,46.281716,-121.435202,77,3,,193.717,,,,,,,,,,247.371,,,,,,,,,,276.315
79584,22398333010497,2002,46.238461,-121.65767,59,3,,475.101,,,,,,,,,,497.522,,,,,,,,,,663.714
79855,22398216010497,2002,48.803665,-118.711819,19,3,,69.628,,,,,,,,,,89.057,,,,,,,,,,85.309
79930,22398330010497,2002,46.169043,-122.212286,59,3,,89.915,,,,,,,,,,100.153,,,,,,,,,,123.336
79962,22398533010497,2002,48.661101,-120.701536,47,3,,186.421,,,,,,,,,,180.768,,,,,,,,,,203.39
80226,24187755010900,2002,45.749743,-122.071966,59,3,,99.7,,,,,,,,,,146.054,,,,,,,,,,187.761
80234,24124884010900,2002,47.950844,-120.833212,7,3,,4.364,,,,,,,,,,7.153,,,,,,,,,,10.828
80459,24185902010900,2002,48.552435,-122.238085,57,3,,14.65,,,,,,,,,,17.501,,,,,,,,,,18.744
80489,24136537010900,2002,48.731732,-118.79251,19,3,,161.638,,,,,,,,,,158.34,,,,,,,,,,73.307
80531,22398312010497,2002,48.496233,-117.32735,51,3,,160.961,,,,,,,,,,183.237,,,,,,,,,,192.562
80627,24173457010900,2002,48.923959,-120.643864,47,3,,200.231,,,,,,,,,,117.469,,,,,,,,,,108.163
80746,24145502010900,2002,47.553667,-123.636466,31,3,,50.812,,,,,,,,,,23.159,,,,,,,,,,61.612
81144,24144992010900,2002,47.521311,-124.255899,27,3,,20.819,,,,,,,,,,44.211,,,,,,,,,,63.808
81166,24158339010900,2002,46.041198,-120.391493,39,3,,108.043,,,,,,,,,,134.123,,,,,,,,,,31.951
81546,24161552010900,2002,46.585822,-121.819639,41,3,,50.311,,,,,,,,,,110.665,,,,,,,,,,194.729
81559,24196098010900,2002,47.7953,-117.281842,63,3,,6.302,,,,,,,,,,15.934,,,,,,,,,,27.521
81772,22398254010497,2002,46.709878,-121.752924,41,3,,521.228,,,,,,,,,,605.076,,,,,,,,,,567.268
81804,24196478010900,2002,48.04305,-117.124524,63,3,,206.468,,,,,,,,,,247.408,,,,,,,,,,286.697
81831,22398548010497,2002,48.899003,-117.105851,51,3,,187.88,,,,,,,,,,146.982,,,,,,,,,,178.373
82163,24151150010900,2002,47.567487,-121.506157,33,3,,34.766,,,,,,,,,,42.402,,,,,,,,,,46.399
82187,22398195010497,2002,47.68175,-120.74593,7,3,,90.187,,,,,,,,,,124.925,,,,,,,,,,8.502
82655,22398380010497,2002,46.387726,-121.499568,77,3,,232.659,,,,,,,,,,215.283,,,,,,,,,,242.429
82671,22398329010497,2002,45.918773,-121.768432,59,3,,77.61,,,,,,,,,,70.842,,,,,,,,,,71.597
82820,22398261010497,2002,46.411253,-121.506243,41,3,,387.749,,,,,,,,,,428.606,,,,,,,,,,471.609
82857,24153837010900,2002,47.098149,-121.048694,37,3,,156.756,,,,,,,,,,182.581,,,,,,,,,,155.486
83100,22398313010497,2002,48.522877,-117.367398,51,3,,236.657,,,,,,,,,,253.653,,,,,,,,,,300.545
83108,22398509010497,2002,48.160276,-120.352458,47,3,,64.421,,,,,,,,,,85.548,,,,,,,,,,101.132
83677,24184034010900,2002,47.207224,-122.111032,53,3,,196.756,,,,,,,,,,176.028,,,,,,,,,,138.609
84154,22398339010497,2002,45.945644,-121.872272,59,3,,118.453,,,,,,,,,,139.035,,,,,,,,,,158.742
84228,22398382010497,2002,46.947167,-121.163624,77,3,,174.076,,,,,,,,,,169.212,,,,,,,,,,167.919
84273,24174388010900,2002,48.979161,-120.489397,47,3,,78.88,,,,,,,,,,37.466,,,,,,,,,,37.653
84281,24157821010900,2002,45.991194,-120.856306,39,3,,77.88,,,,,,,,,,65.75,,,,,,,,,,110.661
84373,13229700010497,2002,47.988292,-124.102919,9,3,,239.931,,,,,,,,,,325.122,,,,,,,,,,360.879
84413,24146243010900,2002,47.624575,-123.115611,31,3,,157.771,,,,,,,,,,152.179,,,,,,,,,,140.984
84597,24197141010900,2002,47.944418,-117.646583,65,3,,77.684,,,,,,,,,,99.444,,,,,,,,,,107.458
84600,24150481010900,2002,47.429669,-121.644515,33,3,,74.713,,,,,,,,,,92.402,,,,,,,,,,104.248
85033,22398184010497,2002,47.771242,-120.482857,7,3,,34.859,,,,,,,,,,82.946,,,,,,,,,,93.207
85067,22398213010497,2002,48.665323,-118.460489,19,3,,12.127,,,,,,,,,,23.371,,,,,,,,,,31.619
85411,22398196010497,2002,47.909907,-120.24508,7,3,,123.741,,,,,,,,,,45.768,,,,,,,,,,27.693
85435,24148755010900,2002,47.871152,-123.881454,31,3,,596.056,,,,,,,,,,318.305,,,,,,,,,,217.846
85599,24126717010900,2002,47.917651,-123.032052,9,3,,57.914,,,,,,,,,,122.702,,,,,,,,,,182.937
85646,22398226010497,2002,47.430317,-123.863863,27,3,,181.945,,,,,,,,,,139.562,,,,,,,,,,184.575
85679,24155165010900,2002,47.311217,-120.946391,37,3,,266.039,,,,,,,,,,315.901,,,,,,,,,,303.585
85738,24210314010900,2002,46.772925,-121.034479,77,3,,47.926,,,,,,,,,,56.039,,,,,,,,,,64.999
86004,22398186010497,2002,47.88475,-121.058265,7,3,,111.826,,,,,,,,,,140.418,,,,,,,,,,144.426
86121,22398278010497,2002,48.703519,-120.316212,47,3,,127.805,,,,,,,,,,127.317,,,,,,,,,,10.047
86142,22398367010497,2002,48.978152,-118.137932,65,3,,0.74,,,,,,,,,,14.845,,,,,,,,,,15.613
86293,22398238010497,2002,47.740288,-121.243624,33,3,,185.312,,,,,,,,,,233.677,,,,,,,,,,251.757
86377,22398366010497,2002,48.945007,-117.991035,65,3,,211.325,,,,,,,,,,244.96,,,,,,,,,,268.252
86450,22398272010497,2002,48.138002,-120.201135,47,3,,187.258,,,,,,,,,,179.284,,,,,,,,,,202.089
86464,24124220010900,2002,47.845446,-120.399285,7,3,,42.208,,,,,,,,,,38.639,,,,,,,,,,65.149
86642,24198187010900,2002,48.334324,-117.871277,65,3,,244.65,,,,,,,,,,215.381,,,,,,,,,,223.204
86652,22398373010497,2002,48.774479,-121.954824,73,3,,460.008,,,,,,,,,,516.389,,,,,,,,,,502.468
86840,22398303010497,2002,48.602368,-117.425128,51,3,,129.154,,,,,,,,,,194.493,,,,,,,,,,202.398
87009,22398356010497,2002,48.138587,-121.563281,61,3,,375.272,,,,,,,,,,416.688,,,,,,,,,,370.581
87051,22398197010497,2002,47.869583,-120.554193,7,3,,259.137,,,,,,,,,,240.514,,,,,,,,,,13.864
87375,22398343010497,2002,46.093376,-122.218453,59,3,,102.672,,,,,,,,,,111.645,,,,,,,,,,118.25
87406,22398229010497,2002,47.422289,-123.639028,27,3,,3.551,,,,,,,,,,41.895,,,,,,,,,,54.723
87442,22398361010497,2002,48.236507,-121.258519,61,3,,423.577,,,,,,,,,,441.613,,,,,,,,,,218.166
87685,24161771010900,2002,46.643218,-123.242119,41,3,,21.897,,,,,,,,,,48.971,,,,,,,,,,88.4
87842,24205290010900,2002,48.895612,-121.551149,73,3,,8.866,,,,,,,,,,16.076,,,,,,,,,,26.769
88022,22398211010497,2002,48.760172,-118.374026,19,3,,93.752,,,,,,,,,,137.874,,,,,,,,,,85.23
88354,22398190010497,2002,47.873846,-120.504291,7,3,,73.959,,,,,,,,,,39.314,,,,,,,,,,32.454
88426,24161339010900,2002,46.559969,-121.680676,41,3,,258.527,,,,,,,,,,291.812,,,,,,,,,,240.8
88480,22398375010497,2002,48.748724,-121.590068,73,3,,393.451,,,,,,,,,,449.161,,,,,,,,,,463.347
88753,22398316010497,2002,47.0997,-121.551348,53,3,,29.749,,,,,,,,,,118.873,,,,,,,,,,239.305
88836,24135120010900,2002,48.400281,-118.774028,19,3,,148.217,,,,,,,,,,174.908,,,,,,,,,,122.069
88845,24170051010900,2002,48.588157,-118.958303,47,3,,37.915,,,,,,,,,,46.645,,,,,,,,,,78.458
89172,22398479010497,2002,47.118837,-121.344645,37,3,,222.164,,,,,,,,,,224.358,,,,,,,,,,229.862
89209,24168311010900,2002,48.515641,-119.853244,47,3,,127.775,,,,,,,,,,138.156,,,,,,,,,,173.809
89271,24132229010900,2002,46.202972,-122.720418,15,3,,32.961,,,,,,,,,,141.842,,,,,,,,,,236.371
89432,24123071010900,2002,47.776258,-120.819337,7,3,,107.693,,,,,,,,,,101.219,,,,,,,,,,129.555
89457,22398322010497,2002,48.433029,-121.51821,57,3,,146.102,,,,,,,,,,245.813,,,,,,,,,,383.493
89678,24159360010900,2002,46.414998,-121.642553,41,3,,183.475,,,,,,,,,,182.962,,,,,,,,,,203.366
89762,24188643010900,2002,45.890183,-121.907419,59,3,,781.311,,,,,,,,,,669.524,,,,,,,,,,694.332
89768,24135041010900,2002,48.295733,-118.200968,19,3,,98.08,,,,,,,,,,84.492,,,,,,,,,,66.144
89943,24145995010900,2002,47.62114,-123.436619,31,3,,722.48,,,,,,,,,,760.87,,,,,,,,,,746.113
90123,22398230010497,2002,47.35212,-123.578348,27,3,,143.423,,,,,,,,,,190.816,,,,,,,,,,240.047
90279,22398631010497,2002,47.045075,-121.299665,77,3,,303.712,,,,,,,,,,364.196,,,,,,,,,,424.978
90314,24152241010900,2002,47.501424,-122.541086,35,3,,337.732,,,,,,,,,,253.003,,,,,,,,,,308.424
90361,24125434010900,2002,47.997715,-120.678825,7,3,,36.939,,,,,,,,,,31.642,,,,,,,,,,2.872
90397,22398250010497,2002,47.41093,-120.820976,37,3,,68.702,,,,,,,,,,89.601,,,,,,,,,,33.392
90585,24133127010900,2002,46.326253,-123.186862,15,3,,192.285,,,,,,,,,,169.162,,,,,,,,,,257.337
90829,22398206010497,2002,47.94905,-123.065168,9,3,,23.621,,,,,,,,,,80.807,,,,,,,,,,207.027
91030,24128718010900,2002,48.149784,-124.700359,9,3,,431.673,,,,,,,,,,485.378,,,,,,,,,,447.53
91104,24151898010900,2002,47.768914,-121.714469,33,3,,64.114,,,,,,,,,,154.321,,,,,,,,,,243.889
91224,24175379010900,2002,46.415874,-123.913135,49,3,,228.985,,,,,,,,,,339.114,,,,,,,,,,412.795
91265,24138390010900,2002,48.958714,-118.326425,19,3,,146.883,,,,,,,,,,60.164,,,,,,,,,,58.087
91456,22398331010497,2002,46.368123,-121.853095,59,3,,482.25,,,,,,,,,,479.538,,,,,,,,,,435.072
91810,24197671010900,2002,48.137662,-117.645589,65,3,,1.45,,,,,,,,,,5.716,,,,,,,,,,18.783
92000,22398310010497,2002,48.743749,-117.333914,51,3,,124.528,,,,,,,,,,172.955,,,,,,,,,,186.559
92388,24126481010900,2002,48.415038,-120.953472,7,3,,326.796,,,,,,,,,,349.217,,,,,,,,,,316.159
92421,22398338010497,2002,45.801248,-121.875471,59,3,,450.714,,,,,,,,,,372.3,,,,,,,,,,408.229
92734,22398302010497,2002,48.260747,-120.26861,47,3,,66.672,,,,,,,,,,73.416,,,,,,,,,,51.665
92751,24186459010900,2002,48.553947,-121.332446,57,3,,103.085,,,,,,,,,,140.451,,,,,,,,,,170.072
93117,24146474010900,2002,47.644029,-122.973697,31,3,,0.462,,,,,,,,,,22.978,,,,,,,,,,115.775
93257,22398326010497,2002,46.288784,-121.832191,59,3,,325.464,,,,,,,,,,358.185,,,,,,,,,,387.748
93337,24159855010900,2002,46.488796,-121.47215,41,3,,380.064,,,,,,,,,,427.205,,,,,,,,,,389.48
93345,24211430010900,2002,46.973011,-121.236473,77,3,,87.748,,,,,,,,,,84.436,,,,,,,,,,90.704
93349,22398219010497,2002,48.597028,-118.44136,19,3,,69.009,,,,,,,,,,82.868,,,,,,,,,,90.145
93417,22398347010497,2002,45.901555,-122.146694,59,3,,41.419,,,,,,,,,,95.295,,,,,,,,,,168.495
93469,13384702010497,2002,47.428243,-123.257907,45,3,,21.996,,,,,,,,,,45.048,,,,,,,,,,60.66
93512,24147975010900,2002,47.820688,-124.394581,31,3,,522.64,,,,,,,,,,601.762,,,,,,,,,,559.286
93522,24184758010900,2002,48.350782,-121.637921,57,3,,282.081,,,,,,,,,,436.276,,,,,,,,,,533.151
93590,24138095010900,2002,48.916822,-118.487122,19,3,,183.136,,,,,,,,,,202.25,,,,,,,,,,173.58
93596,24169827010900,2002,48.615504,-119.910791,47,3,,30.438,,,,,,,,,,1.724,,,,,,,,,,3.926
93646,22398315010497,2002,46.951625,-121.962883,53,3,,223.61,,,,,,,,,,287.73,,,,,,,,,,351.416
93694,22398207010497,2002,48.085821,-123.955209,9,3,,250.637,,,,,,,,,,319.218,,,,,,,,,,378.685
93700,22398384010497,2002,46.60525,-121.287268,77,3,,34.93,,,,,,,,,,68.357,,,,,,,,,,103.367
93870,24148518010900,2002,47.826686,-124.052389,31,3,,150.849,,,,,,,,,,249.822,,,,,,,,,,344.355
93930,22398308010497,2002,48.355488,-117.42016,51,3,,241.429,,,,,,,,,,259.608,,,,,,,,,,318.658
94557,24129855010900,2002,45.854463,-122.554375,11,3,,15.567,,,,,,,,,,99.008,,,,,,,,,,140.487
94899,24150326010900,2002,47.399305,-121.483832,33,3,,42.676,,,,,,,,,,62.847,,,,,,,,,,73.544
95108,24137524010900,2002,48.812006,-118.259784,19,3,,246.148,,,,,,,,,,277.391,,,,,,,,,,215.911
95542,22398301010497,2002,48.665171,-118.947607,47,3,,233.697,,,,,,,,,,243.831,,,,,,,,,,233.628
95896,24183554010900,2002,47.072713,-121.377836,53,3,,212.532,,,,,,,,,,292.237,,,,,,,,,,293.645
95921,22398477010497,2002,47.091081,-120.945804,37,3,,184.804,,,,,,,,,,220.743,,,,,,,,,,221.6
96209,24201661010900,2002,47.132369,-122.81186,67,3,,116.645,,,,,,,,,,148.394,,,,,,,,,,183.286
96263,22398311010497,2002,48.210782,-117.064099,51,3,,99.486,,,,,,,,,,97.105,,,,,,,,,,124.738
96331,22398377010497,2002,46.631332,-121.208286,77,3,,145.928,,,,,,,,,,143.032,,,,,,,,,,157.363
96349,24182317010900,2002,46.955376,-121.555305,53,3,,452.783,,,,,,,,,,474.564,,,,,,,,,,510.528
96711,24135336010900,2002,48.400066,-118.402411,19,3,,131.184,,,,,,,,,,140.752,,,,,,,,,,150.035
96914,22398199010497,2002,47.748782,-120.803553,7,3,,111.355,,,,,,,,,,124.713,,,,,,,,,,123.357
96992,24209066010900,2002,46.578076,-121.321577,77,3,,224.295,,,,,,,,,,236.435,,,,,,,,,,227.944
97011,22398349010497,2002,46.290558,-121.571123,59,3,,26.537,,,,,,,,,,35.419,,,,,,,,,,45.759
97158,24208121010900,2002,46.29787,-121.443701,77,3,,31.612,,,,,,,,,,18.745,,,,,,,,,,21.305
97246,24142232010900,2002,47.181391,-123.89887,27,3,,0.9,,,,,,,,,,74.019,,,,,,,,,,156.069
97469,22398351010497,2002,45.898983,-121.931849,59,3,,272.424,,,,,,,,,,333.825,,,,,,,,,,403.799
97488,22398212010497,2002,48.937092,-118.329333,19,3,,103.132,,,,,,,,,,101.343,,,,,,,,,,73.821
97529,22398325010497,2002,46.314602,-121.903404,59,3,,213.515,,,,,,,,,,232.812,,,,,,,,,,264.213
97552,22398323010497,2002,48.480835,-121.924408,57,3,,0.287,,,,,,,,,,1.348,,,,,,,,,,33.726
97617,24131419010900,2002,46.052275,-122.783162,15,3,,45.124,,,,,,,,,,126.985,,,,,,,,,,248.72
97659,22398232010497,2002,47.631449,-122.997733,31,3,,241.958,,,,,,,,,,285.867,,,,,,,,,,294.736
97704,22398203010497,2002,47.792756,-120.594727,7,3,,63.486,,,,,,,,,,166.277,,,,,,,,,,190.024
97780,24150792010900,2002,47.515231,-121.436916,33,3,,398.529,,,,,,,,,,418.734,,,,,,,,,,426.674
97813,24130026010900,2002,45.894803,-122.413396,11,3,,650.888,,,,,,,,,,716.536,,,,,,,,,,719.66
97902,24167707010900,2002,48.368354,-119.145887,47,3,,35.298,,,,,,,,,,39.229,,,,,,,,,,53.409
97938,24206681010900,2002,46.081764,-121.19174,77,3,,87.911,,,,,,,,,,103.56,,,,,,,,,,129.563
98038,24151506010900,2002,47.726067,-121.857321,33,3,,205.606,,,,,,,,,,128.843,,,,,,,,,,142.713
98147,22398227010497,2002,47.481381,-123.577318,27,3,,156.217,,,,,,,,,,99.191,,,,,,,,,,99.758
98203,22398287010497,2002,48.026936,-119.989652,47,3,,2.997,,,,,,,,,,66.321,,,,,,,,,,12.177
98414,24135843010900,2002,48.556084,-118.762183,19,3,,43.893,,,,,,,,,,46.496,,,,,,,,,,54.222
98418,22398265010497,2002,47.406196,-123.332341,45,3,,23.908,,,,,,,,,,82.402,,,,,,,,,,122.449
98690,22398262010497,2002,46.70865,-121.71508,41,3,,144.132,,,,,,,,,,259.857,,,,,,,,,,135.269
98786,22398209010497,2002,47.901407,-122.954988,9,3,,333.123,,,,,,,,,,383.868,,,,,,,,,,438.009
98930,24158488010900,2002,46.397588,-122.492985,41,3,,56.952,,,,,,,,,,84.304,,,,,,,,,,121.889
98931,22398381010497,2002,46.850038,-121.064618,77,3,,99.406,,,,,,,,,,83.804,,,,,,,,,,26.131
99031,24131222010900,2002,45.995046,-122.609794,15,3,,5.267,,,,,,,,,,77.255,,,,,,,,,,175.803
99185,24191349010900,2002,46.2333,-121.614063,59,3,,581.228,,,,,,,,,,659.112,,,,,,,,,,685.857
99191,22398369010497,2002,48.728168,-121.586528,73,3,,474.371,,,,,,,,,,530.529,,,,,,,,,,525.255
99233,24156119010900,2002,47.464121,-121.298592,37,3,,10.839,,,,,,,,,,25.603,,,,,,,,,,22.069
99308,22398378010497,2002,46.950639,-121.207059,77,3,,149.428,,,,,,,,,,225.568,,,,,,,,,,164.998
99608,24148207010900,2002,47.815652,-122.797701,31,3,,56.3,,,,,,,,,,100.179,,,,,,,,,,200.922
99686,24152642010900,2002,47.594967,-122.898683,35,3,,163.587,,,,,,,,,,169.797,,,,,,,,,,174.469
99706,22398319010497,2002,48.461506,-121.955248,57,3,,25.812,,,,,,,,,,83.4,,,,,,,,,,188.37
99779,24201192010900,2002,46.811613,-122.765427,67,3,,27.653,,,,,,,,,,98.921,,,,,,,,,,137.04
99851,13229216010497,2002,47.966031,-123.1849,9,3,,313.71,,,,,,,,,,373.693,,,,,,,,,,430.751
99854,22398342010497,2002,46.194312,-122.018072,59,3,,535.58,,,,,,,,,,556.733,,,,,,,,,,576.723
99911,24145628010900,2002,47.572519,-123.842972,31,3,,457.817,,,,,,,,,,491.524,,,,,,,,,,553.893
99952,24189628010900,2002,45.937924,-121.720424,59,3,,243.674,,,,,,,,,,262.984,,,,,,,,,,258.964
50019,40220446010497,2010,47.424256,-123.470825,45,2,,,,,,,,,,69.648,,,,,,,,,,120.378,,
50074,22954433010497,2007,46.577603,-121.143052,77,2,,,,,,,63.011,,,,,,,,,,111.71,,,,,
50078,29883542010497,2009,48.721756,-117.310455,51,2,,,,,,,,,191.038,,,,,,,,,,224.374,,,
50091,22954485010497,2007,47.511835,-121.135737,37,2,,,,,,,151.015,,,,,,,,,,78.746,,,,,
50135,48205720010497,2011,48.705844,-117.566218,51,2,,,,,,,,,,,86.733,,,,,,,,,,110.091,
50154,24460214010900,2003,47.083441,-122.790151,67,2,,,40.203,,,,,,,,,,64.552,,,,,,,,,
50157,30764350020004,2012,46.246774,-123.870858,49,2,,,,,,,,,,,,229.618,,,,,,,,,,338.618
50161,24177258010900,2002,48.138487,-117.278779,51,2,,24.895,,,,,,,,,,40.37,,,,,,,,,,
50166,48203108010497,2011,48.152366,-118.569742,19,2,,,,,,,,,,,54.978,,,,,,,,,,77.398,
50170,13204531010497,2005,47.180427,-123.447047,45,2,,,,,34.636,,,,,,,,,,68.822,,,,,,,
50198,48203425010497,2011,48.264657,-121.869314,61,2,,,,,,,,,,,125.233,,,,,,,,,,175.401,
50201,8619130010901,2006,46.689318,-122.229357,41,2,,,,,,2.031,,,,,,,,,,11.885,,,,,,
50221,22954381010497,2007,46.345293,-122.642799,15,2,,,,,,,206.005,,,,,,,,,,269.032,,,,,
50226,29882615010497,2009,45.992322,-121.832053,59,2,,,,,,,,,416.487,,,,,,,,,,407.695,,,
50227,12974727010497,2005,48.192123,-124.575712,9,2,,,,,111.26,,,,,,,,,,191.103,,,,,,,
50228,24879350010900,2004,47.3236,-124.247778,27,2,,,,47.608,,,,,,,,,,185.227,,,,,,,,
50251,40220492010497,2010,47.585722,-121.763237,33,2,,,,,,,,,,129.003,,,,,,,,,,139.944,,
50266,22954463010497,2006,46.868869,-121.895696,53,2,,,,,,13.613,,,,,,,,,,22.732,,,,,,
50268,24480780010900,2003,48.521695,-119.361477,47,2,,,30.377,,,,,,,,,,39.366,,,,,,,,,
50277,22827530010497,2007,48.163534,-120.313489,47,2,,,,,,,140.827,,,,,,,,,,96.58,,,,,
50282,24489334010900,2003,48.913815,-117.319527,51,2,,,114.134,,,,,,,,,,156.913,,,,,,,,,
50332,24515644010900,2003,48.130347,-123.569281,9,2,,,490.345,,,,,,,,,,458.111,,,,,,,,,
50367,12988512010497,2005,48.689777,-120.872253,73,2,,,,,324.238,,,,,,,,,,358.169,,,,,,,
50373,48202991010497,2011,48.534605,-117.575497,65,2,,,,,,,,,,,307.621,,,,,,,,,,278.996,
50387,22954558010497,2007,47.380237,-120.748099,37,2,,,,,,,28.494,,,,,,,,,,32.607,,,,,
50390,22933141010497,2008,47.835963,-120.25673,7,2,,,,,,,,25.059,,,,,,,,,,47.568,,,,
50400,29882839010497,2009,48.686346,-117.268486,51,2,,,,,,,,,165.44,,,,,,,,,,135.117,,,
50432,29883549010497,2009,48.941589,-122.254274,73,2,,,,,,,,,86.62,,,,,,,,,,169.147,,,
50446,22933042010497,2008,47.44867,-122.689225,35,2,,,,,,,,102.514,,,,,,,,,,162.561,,,,
50457,8612489010901,2006,47.614095,-121.504631,33,2,,,,,,9.121,,,,,,,,,,21.334,,,,,,
50469,8628712010901,2006,48.487703,-117.207068,51,2,,,,,,162.09,,,,,,,,,,218.52,,,,,,
50473,24192363010900,2002,47.918306,-121.717907,61,2,,334.867,,,,,,,,,,,,,,,,,,,,5.384
50478,24481695010900,2003,48.616315,-119.847177,47,2,,,174.957,,,,,,,,,,151.534,,,,,,,,,
50496,22932888010497,2008,45.748443,-122.410998,11,2,,,,,,,,283.251,,,,,,,,,,382.936,,,,
50505,48205877010497,2011,46.297195,-122.35876,15,2,,,,,,,,,,,135.428,,,,,,,,,,231.469,
50514,12971572010497,2005,47.952513,-123.80213,9,2,,,,,1046.582,,,,,,,,,,1008.761,,,,,,,
50515,22954553010497,2007,47.348867,-121.65473,33,2,,,,,,,430.599,,,,,,,,,,490.003,,,,,
50535,40220362010497,2010,47.085652,-122.011021,53,2,,,,,,,,,,143.792,,,,,,,,,,243.322,,
50538,40220668010497,2010,48.304901,-118.343098,19,2,,,,,,,,,,310.818,,,,,,,,,,282.09,,
50576,29883212010497,2009,47.319454,-121.297628,37,2,,,,,,,,,559.138,,,,,,,,,,502.42,,,
50582,24457812010900,2003,48.583842,-118.093595,65,2,,,49.223,,,,,,,,,,66.444,,,,,,,,,
50590,22933096010497,2008,47.682672,-124.331669,31,2,,,,,,,,631.782,,,,,,,,,,567.411,,,,
50603,29883435010497,2009,46.694424,-120.92452,77,2,,,,,,,,,78.05,,,,,,,,,,102.203,,,
50625,24482023010900,2003,48.634306,-118.94686,47,2,,,28.176,,,,,,,,,,49.066,,,,,,,,,
50626,8604558010901,2006,48.564885,-118.297188,19,2,,,,,,96.964,,,,,,,,,,83.566,,,,,,
50704,29882865010497,2009,47.256586,-120.828807,37,2,,,,,,,,,24.844,,,,,,,,,,51.67,,,
50741,24506015010900,2003,46.106533,-117.233538,3,2,,,44.061,,,,,,,,,,59.662,,,,,,,,,
50768,22954351010497,2007,45.934022,-120.5264,39,2,,,,,,,15.5,,,,,,,,,,19.616,,,,,
50773,22930956010497,2008,46.136987,-117.908274,13,2,,,,,,,,72.802,,,,,,,,,,71.162,,,,
50774,30764569020004,2012,48.685146,-117.533322,51,2,,,,,,,,,,,,197.562,,,,,,,,,,181.632
50804,24826607010900,2004,48.699108,-121.625938,73,2,,,,313.953,,,,,,,,,,332.714,,,,,,,,
50815,25096791010900,2004,47.843901,-120.552036,7,2,,,,55.84,,,,,,,,,,40.496,,,,,,,,
50948,22954780010497,2007,48.711106,-118.265904,19,2,,,,,,,99.689,,,,,,,,,,68.027,,,,,
50956,22954335010497,2007,45.718051,-121.697004,59,2,,,,,,,520.17,,,,,,,,,,440.17,,,,,
50966,24832535010900,2004,46.679961,-121.107706,77,2,,,,81.93,,,,,,,,,,100.51,,,,,,,,
50969,13194358010497,2004,47.602911,-121.612225,33,2,,,,226.993,,,,,,,,,,254.619,,,,,,,,
50971,22932994010497,2008,47.244428,-123.35255,45,2,,,,,,,,7.161,,,,,,,,,,60.509,,,,
50974,24838897010900,2004,47.132603,-121.159454,37,2,,,,8.823,,,,,,,,,,13.592,,,,,,,,
50979,48205187010497,2011,47.89829,-120.90869,7,2,,,,,,,,,,,301.192,,,,,,,,,,146.082,
50993,13195383010497,2004,48.782735,-120.577075,47,2,,,,37.716,,,,,,,,,,52.608,,,,,,,,
50994,48203064010497,2011,48.685424,-117.947585,65,2,,,,,,,,,,,46.502,,,,,,,,,,57.631,
51013,22933130010497,2008,47.827369,-122.961836,31,2,,,,,,,,268.644,,,,,,,,,,310.087,,,,
51029,24176559010900,2002,46.723677,-123.812268,49,2,,361.439,,,,,,,,,,,,,,,,,,,,102.961
51039,24142911010900,2002,47.273948,-123.74457,27,2,,414.426,,,,,,,,,,,,,,,,,,,,159.142
51057,24516867010900,2003,45.808045,-122.349906,11,2,,,286.952,,,,,,,,,,329.246,,,,,,,,,
51070,24508542010900,2003,47.741551,-120.266247,7,2,,,16.248,,,,,,,,,,19.555,,,,,,,,,
51085,24491758010900,2003,47.105569,-122.469957,53,2,,,135.866,,,,,,,,,,235.096,,,,,,,,,
51109,48203266010497,2011,48.231681,-120.196039,47,2,,,,,,,,,,,185.331,,,,,,,,,,196.617,
51111,22933177010497,2008,48.004396,-120.835796,7,2,,,,,,,,9.03,,,,,,,,,,6.913,,,,
51119,22954631010497,2007,47.912505,-124.083292,9,2,,,,,,,327.24,,,,,,,,,,335.578,,,,,
51125,29883190010497,2009,47.574271,-117.172795,63,2,,,,,,,,,23.526,,,,,,,,,,33.428,,,
51127,8618720010901,2006,46.627105,-121.388446,41,2,,,,,,279.314,,,,,,,,,,263.648,,,,,,
51130,22399275010497,2006,46.163404,-121.893427,59,2,,,,,,410.113,,,,,,,,,,496.993,,,,,,
51139,29395720010497,2008,48.399409,-120.004338,47,2,,,,,,,,108.15,,,,,,,,,,9.751,,,,
51157,40403564010497,2010,48.303215,-117.426564,51,2,,,,,,,,,,81.227,,,,,,,,,,114.301,,
51185,13196865010497,2004,48.98287,-120.785059,47,2,,,,78.075,,,,,,,,,,106.724,,,,,,,,
51192,22933174010497,2008,47.9745,-123.000091,9,2,,,,,,,,204.596,,,,,,,,,,236.406,,,,
51200,48206674010497,2011,45.972818,-122.080327,59,2,,,,,,,,,,,399.565,,,,,,,,,,431.414,
51207,22398540010497,2003,48.790037,-117.216553,51,2,,,82.15,,,,,,,,,,126.713,,,,,,,,,
51209,22827505010497,2007,47.978903,-120.79519,7,2,,,,,,,90.117,,,,,,,,,,127.047,,,,,
51220,48206349010497,2011,46.045474,-121.937681,59,2,,,,,,,,,,,694.208,,,,,,,,,,789.487,
51222,29395677010497,2008,47.051242,-121.593678,53,2,,,,,,,,152.674,,,,,,,,,,233.575,,,,
51225,8642232010901,2006,48.933722,-117.578696,65,2,,,,,,7.755,,,,,,,,,,33.355,,,,,,
51231,29883427010497,2009,48.071505,-122.23644,61,2,,,,,,,,,81.721,,,,,,,,,,153.462,,,
51263,40220851010497,2010,48.615877,-120.88254,57,2,,,,,,,,,,276.539,,,,,,,,,,188.195,,
51266,24840869010900,2004,47.423187,-121.026844,37,2,,,,142.874,,,,,,,,,,127.99,,,,,,,,
51269,22954488010497,2007,47.564982,-124.342986,31,2,,,,,,,33.13,,,,,,,,,,97.219,,,,,
51285,48206612010497,2011,48.712835,-120.80408,73,2,,,,,,,,,,,90.429,,,,,,,,,,126.507,
51304,8652360010901,2006,48.150163,-120.893441,7,2,,,,,,181.373,,,,,,,,,,139.477,,,,,,
51314,22954754010497,2007,48.529997,-118.588553,19,2,,,,,,,130.539,,,,,,,,,,158.414,,,,,
51331,13005723010497,2005,46.162791,-121.646235,59,2,,,,,180.352,,,,,,,,,,209.211,,,,,,,
51361,24853023010900,2004,48.377702,-119.882389,47,2,,,,23.979,,,,,,,,,,34.525,,,,,,,,
51398,29883266010497,2009,48.64836,-121.589352,73,2,,,,,,,,,378.316,,,,,,,,,,353.531,,,
51411,22954610010497,2007,48.338087,-120.527099,47,2,,,,,,,291.267,,,,,,,,,,252.945,,,,,
51421,48206683010497,2011,48.98428,-118.996915,47,2,,,,,,,,,,,71.355,,,,,,,,,,89.375,
51426,22954569010497,2006,47.463512,-121.140604,37,2,,,,,,93.614,,,,,,,,,,105.797,,,,,,
51440,24466222010900,2003,46.352102,-121.420625,77,2,,,418.052,,,,,,,,,,427.64,,,,,,,,,
51441,24854727010900,2004,48.546497,-119.106066,47,2,,,,15.982,,,,,,,,,,31.572,,,,,,,,
51449,22932909010497,2008,45.941355,-121.838491,59,2,,,,,,,,291.789,,,,,,,,,,301.411,,,,
51453,29881470010497,2009,48.218427,-120.998104,61,2,,,,,,,,,126.398,,,,,,,,,,160.808,,,
51455,29883362010497,2009,46.544886,-123.236191,41,2,,,,,,,,,128.724,,,,,,,,,,211.425,,,
51461,22828585010497,2007,48.555293,-118.666136,19,2,,,,,,,14.73,,,,,,,,,,24.627,,,,,
51480,29882048010497,2009,45.771655,-121.765744,59,2,,,,,,,,,493.491,,,,,,,,,,519.576,,,
51520,48206652010497,2011,48.356698,-120.265405,47,2,,,,,,,,,,,53.088,,,,,,,,,,82.404,
51524,48206554010497,2011,48.977641,-118.810449,19,2,,,,,,,,,,,53.018,,,,,,,,,,56.014,
51531,40220879010497,2010,47.077961,-121.773168,53,2,,,,,,,,,,320.369,,,,,,,,,,339.888,,
51534,22399261010497,2006,46.114023,-121.693502,59,2,,,,,,262.198,,,,,,,,,,276.45,,,,,,
51536,40220639010497,2010,48.193514,-120.819952,7,2,,,,,,,,,,84.703,,,,,,,,,,104.55,,
51572,29883171010497,2009,46.363438,-121.709402,59,2,,,,,,,,,217.062,,,,,,,,,,236.137,,,
51585,22954388010497,2007,46.345398,-122.146729,59,2,,,,,,,0.64,,,,,,,,,,6.346,,,,,
51594,29882940010497,2009,47.360911,-121.224601,37,2,,,,,,,,,232.331,,,,,,,,,,221.895,,,
51598,24132057010900,2002,46.195394,-122.812849,15,2,,166.918,,,,,,,,,,,,,,,,,,,,92.703
51600,40403550010497,2010,48.261268,-117.578678,65,2,,,,,,,,,,183.164,,,,,,,,,,170.661,,
51602,29882892010497,2009,47.245303,-121.299539,37,2,,,,,,,,,96.051,,,,,,,,,,203.229,,,
51611,13044164010497,2005,47.627242,-123.905784,31,2,,,,,426.057,,,,,,,,,,417.897,,,,,,,
51615,40220882010497,2010,45.847814,-121.870977,59,2,,,,,,,,,,176.037,,,,,,,,,,213.374,,
51631,22930950010497,2008,46.269456,-121.936242,59,2,,,,,,,,36.792,,,,,,,,,,105.114,,,,
51633,29883480010497,2009,46.861465,-123.584239,27,2,,,,,,,,,123.788,,,,,,,,,,134.253,,,
51650,22954557010497,2007,47.367588,-121.293913,37,2,,,,,,,147.435,,,,,,,,,,151.08,,,,,
51661,24468462010900,2003,46.87194,-121.164872,77,2,,,123.839,,,,,,,,,,141.862,,,,,,,,,
51675,48206413010497,2011,46.511397,-121.750312,41,2,,,,,,,,,,,462.481,,,,,,,,,,531.379,
51678,24505686010900,2003,46.134849,-117.402045,3,2,,,158.992,,,,,,,,,,132.608,,,,,,,,,
51694,22933188010497,2008,47.98733,-120.274914,7,2,,,,,,,,48.446,,,,,,,,,,48.281,,,,
51716,29882873010497,2009,47.284262,-122.064953,33,2,,,,,,,,,102.039,,,,,,,,,,174.946,,,
51745,29883334010497,2009,48.784576,-117.383181,51,2,,,,,,,,,233.598,,,,,,,,,,270.635,,,
51749,29882889010497,2009,46.65451,-122.412194,41,2,,,,,,,,,427.586,,,,,,,,,,464.775,,,
51758,29881797010497,2009,48.444231,-119.966022,47,2,,,,,,,,,23.847,,,,,,,,,,34.684,,,
51767,22931266010497,2008,48.708271,-122.016994,73,2,,,,,,,,19.952,,,,,,,,,,43.615,,,,
51769,12984099010497,2005,46.1112,-117.508033,23,2,,,,,61.845,,,,,,,,,,50.211,,,,,,,
51789,29882787010497,2009,48.453778,-117.485532,51,2,,,,,,,,,149.732,,,,,,,,,,192.873,,,
51794,12992573010497,2005,46.275868,-120.791022,77,2,,,,,27.843,,,,,,,,,,0.81,,,,,,,
51806,24460341010900,2003,46.250766,-123.300301,69,2,,,231.284,,,,,,,,,,228.226,,,,,,,,,
51813,48206095010497,2011,47.872215,-120.620325,7,2,,,,,,,,,,,74.696,,,,,,,,,,103.512,
51830,24878256010900,2004,47.177486,-124.169812,27,2,,,,6.535,,,,,,,,,,39.091,,,,,,,,
51840,13024455010497,2005,48.580786,-120.514188,47,2,,,,,94.096,,,,,,,,,,68.243,,,,,,,
51865,13204702010497,2005,48.304512,-121.342097,57,2,,,,,544.968,,,,,,,,,,556.803,,,,,,,
51871,22954421010497,2007,46.539575,-123.591211,49,2,,,,,,,57.997,,,,,,,,,,164.143,,,,,
51876,13034192010497,2005,48.574806,-117.068825,51,2,,,,,60.041,,,,,,,,,,46.625,,,,,,,
51886,22954694010497,2007,48.453437,-122.238486,57,2,,,,,,,115.461,,,,,,,,,,76.402,,,,,
51896,29395714010497,2008,47.118963,-121.159081,37,2,,,,,,,,153.623,,,,,,,,,,194.909,,,,
51913,48204646010497,2011,47.944922,-117.280737,63,2,,,,,,,,,,,54.042,,,,,,,,,,90.123,
51914,22399143010497,2006,46.211613,-117.542676,23,2,,,,,,233.542,,,,,,,,,,208.026,,,,,,
51920,22933002010497,2008,47.307289,-123.188829,45,2,,,,,,,,136.41,,,,,,,,,,98.199,,,,
51922,29882836010497,2009,48.544314,-119.927223,47,2,,,,,,,,,152.876,,,,,,,,,,105.735,,,
51931,24831181010900,2004,46.334468,-121.013757,77,2,,,,112.02,,,,,,,,,,114.52,,,,,,,,
51933,22399176010497,2006,45.914392,-121.594785,39,2,,,,,,192.998,,,,,,,,,,298.507,,,,,,
51934,29882923010497,2009,47.331277,-121.380559,37,2,,,,,,,,,72.7,,,,,,,,,,145.201,,,
51947,24539823010900,2003,47.369078,-121.440765,37,2,,,180.816,,,,,,,,,,224.563,,,,,,,,,
51993,22398409010497,2003,48.019117,-120.687404,7,2,,,34.471,,,,,,,,,,44.687,,,,,,,,,
52003,22398852010497,2004,46.992563,-121.19946,77,2,,,,253.025,,,,,,,,,,228.979,,,,,,,,
52005,8640632010901,2006,48.335751,-117.712763,65,2,,,,,,45.551,,,,,,,,,,74.424,,,,,,
52025,26127580010900,2004,48.061913,-121.501348,61,2,,,,345.822,,,,,,,,,,339.486,,,,,,,,
52026,22398470010497,2002,47.441465,-121.081257,37,2,,268.454,,,,,,,,,,,,,,,,,,,,193.444
52035,13012698010497,2005,48.03197,-118.076207,65,2,,,,,113.419,,,,,,,,,,106.44,,,,,,,
52044,40220502010497,2010,47.605932,-120.842315,7,2,,,,,,,,,,123.958,,,,,,,,,,116.302,,
52093,29883066010497,2009,47.461233,-117.311319,63,2,,,,,,,,,44.727,,,,,,,,,,55.852,,,
52099,24132946010900,2002,46.218579,-122.467097,15,2,,177.163,,,,,,,,,,275.161,,,,,,,,,,
52113,22398912010497,2005,48.558105,-118.694889,19,2,,,,,89.086,,,,,,,,,,112.009,,,,,,,
52115,8651533010901,2006,47.948891,-120.76598,7,2,,,,,,125.631,,,,,,,,,,135.946,,,,,,
52116,40220417010497,2010,47.252394,-120.64314,37,2,,,,,,,,,,103.822,,,,,,,,,,69.045,,
52122,22933041010497,2008,47.470346,-123.227843,45,2,,,,,,,,274.954,,,,,,,,,,289.614,,,,
52126,29883429010497,2009,48.040994,-120.463731,7,2,,,,,,,,,91.3,,,,,,,,,,106.371,,,
52155,22954401010497,2006,46.211897,-117.508968,23,2,,,,,,99.576,,,,,,,,,,95.765,,,,,,
52173,25071709010900,2004,45.746891,-121.809196,59,2,,,,283.354,,,,,,,,,,392.993,,,,,,,,
52174,29883045010497,2009,46.090509,-118.058185,71,2,,,,,,,,,18.953,,,,,,,,,,33.362,,,
52206,40220716010497,2010,48.605218,-122.878844,55,2,,,,,,,,,,79.782,,,,,,,,,,60.563,,
52220,30764406020004,2012,46.973644,-123.328761,27,2,,,,,,,,,,,,185.082,,,,,,,,,,248.225
52230,24486945010900,2003,48.384586,-117.490918,51,2,,,190.391,,,,,,,,,,184.261,,,,,,,,,
52247,40220802010497,2010,48.992256,-117.27911,51,2,,,,,,,,,,140.58,,,,,,,,,,163.642,,
52296,22399213010497,2006,48.296995,-119.975724,47,2,,,,,,30.978,,,,,,,,,,26.389,,,,,,
52327,25078802010900,2004,48.25021,-121.193723,61,2,,,,373.4,,,,,,,,,,430.159,,,,,,,,
52335,24853169010900,2004,48.384447,-119.050843,47,2,,,,179.217,,,,,,,,,,193.285,,,,,,,,
52342,22954417010497,2007,46.485797,-122.139857,41,2,,,,,,,124.173,,,,,,,,,,52.77,,,,,
52346,24495364010900,2003,45.79322,-121.770342,59,2,,,268.128,,,,,,,,,,473.604,,,,,,,,,
52351,48206281010497,2011,48.489823,-118.295213,19,2,,,,,,,,,,,78.967,,,,,,,,,,107.171,
52364,30763969020004,2012,47.571477,-122.011453,33,2,,,,,,,,,,,,159.976,,,,,,,,,,152.557
52419,24512600010900,2003,47.896524,-124.220535,9,2,,,423.181,,,,,,,,,,486.736,,,,,,,,,
52436,48204012010497,2011,48.748597,-121.920871,73,2,,,,,,,,,,,428.648,,,,,,,,,,369.464,
52446,24160723010900,2002,46.491762,-122.368502,41,2,,157.134,,,,,,,,,,,,,,,,,,,,225.729
52448,24482771010900,2003,48.770952,-119.714577,47,2,,,218.318,,,,,,,,,,247.956,,,,,,,,,
52461,29882887010497,2009,48.252301,-120.192478,47,2,,,,,,,,,146.949,,,,,,,,,,115.95,,,
52465,40220165010497,2010,46.292432,-123.100381,15,2,,,,,,,,,,137.729,,,,,,,,,,273.247,,
52470,22933155010497,2008,47.919796,-121.862859,61,2,,,,,,,,58.049,,,,,,,,,,125.259,,,,
52505,29882996010497,2009,47.422848,-120.49214,7,2,,,,,,,,,84.193,,,,,,,,,,88.66,,,
52517,12980320010497,2005,48.493838,-118.484997,19,2,,,,,12.625,,,,,,,,,,13.246,,,,,,,
52519,48204479010497,2011,47.478827,-121.865162,33,2,,,,,,,,,,,57.199,,,,,,,,,,94.674,
52522,22399167010497,2006,47.238007,-120.718341,37,2,,,,,,173.678,,,,,,,,,,192.145,,,,,,
52529,29882715010497,2009,47.02512,-123.622906,27,2,,,,,,,,,25.338,,,,,,,,,,14.843,,,
52534,8605721010901,2006,48.909719,-118.330896,19,2,,,,,,187.182,,,,,,,,,,173.497,,,,,,
52583,22398942010497,2005,46.460229,-121.965146,41,2,,,,,175.65,,,,,,,,,,293.905,,,,,,,
52600,24202303010900,2002,48.647586,-122.614857,73,2,,297.656,,,,,,,,,,316.271,,,,,,,,,,
52601,22954772010497,2007,48.74577,-122.628349,73,2,,,,,,,43.053,,,,,,,,,,65.63,,,,,
52632,22399015010497,2005,48.435795,-121.775068,57,2,,,,,94.667,,,,,,,,,,162.53,,,,,,,
52637,8631262010901,2006,47.075755,-121.58642,53,2,,,,,,5.912,,,,,,,,,,16.776,,,,,,
52653,22398849010497,2004,46.95254,-121.314656,77,2,,,,484.3,,,,,,,,,,386.746,,,,,,,,
52654,40220079010497,2010,45.608116,-122.072063,59,2,,,,,,,,,,305.44,,,,,,,,,,302.329,,
52670,40220812010497,2010,47.83477,-121.280147,61,2,,,,,,,,,,460.255,,,,,,,,,,482.78,,
52671,29395670010497,2008,47.927086,-120.910822,7,2,,,,,,,,633.577,,,,,,,,,,649.04,,,,
52694,29883153010497,2009,47.924247,-120.769535,7,2,,,,,,,,,210.048,,,,,,,,,,100.14,,,
52704,48206322010497,2011,47.23199,-120.612998,37,2,,,,,,,,,,,357.687,,,,,,,,,,259.518,
52715,24196160010900,2002,47.852745,-117.09575,63,2,,55.557,,,,,,,,,,133.596,,,,,,,,,,
52716,13195112010497,2004,48.678997,-120.358096,47,2,,,,203.139,,,,,,,,,,116.31,,,,,,,,
52738,8649944010901,2006,47.609895,-121.004102,7,2,,,,,,214.188,,,,,,,,,,273.262,,,,,,
52758,22398949010497,2005,46.633583,-121.429606,41,2,,,,,37.557,,,,,,,,,,92.033,,,,,,,
52769,29395691010497,2008,46.562085,-121.89194,41,2,,,,,,,,781.499,,,,,,,,,,878.766,,,,
52775,193209080020004,2007,47.428998,-123.284153,45,2,,,,,,,139.379,,,,,,,,,,171.083,,,,,
52780,40403512010497,2010,48.941633,-117.916379,65,2,,,,,,,,,,193.397,,,,,,,,,,216.845,,
52794,8643546010901,2006,48.680217,-122.486252,73,2,,,,,,414.783,,,,,,,,,,513.247,,,,,,
52805,24484927010900,2003,46.3395,-124.018752,49,2,,,30.285,,,,,,,,,,70.786,,,,,,,,,
52837,29394996010497,2008,45.799937,-121.835836,59,2,,,,,,,,239.717,,,,,,,,,,208.333,,,,
52839,13057932010497,2005,45.936451,-120.5729,39,2,,,,,30.975,,,,,,,,,,44.876,,,,,,,
52855,29881708010497,2009,48.964942,-118.773533,19,2,,,,,,,,,206.201,,,,,,,,,,95.816,,,
52892,22954588010497,2007,48.160467,-118.719624,19,2,,,,,,,127.207,,,,,,,,,,159.658,,,,,
52899,25070007010900,2004,48.454543,-121.415628,57,2,,,,530.775,,,,,,,,,,518.01,,,,,,,,
52907,8634729010901,2006,45.947463,-121.905649,59,2,,,,,,410.852,,,,,,,,,,498.175,,,,,,
52908,22398415010497,2003,47.864,-120.295046,7,2,,,6.99,,,,,,,,,,2.907,,,,,,,,,
52917,48202586010497,2011,48.555854,-120.629368,47,2,,,,,,,,,,,81.48,,,,,,,,,,90.669,
52946,29881564010497,2009,48.318626,-119.080477,47,2,,,,,,,,,184.896,,,,,,,,,,17.825,,,
52951,29883091010497,2009,46.200974,-121.16862,77,2,,,,,,,,,142.852,,,,,,,,,,218.055,,,
52956,24504877010900,2003,48.002276,-118.160959,65,2,,,37.936,,,,,,,,,,41.365,,,,,,,,,
52960,22399140010497,2006,46.265824,-117.529108,23,2,,,,,,41.486,,,,,,,,,,22.302,,,,,,
52983,22399166010497,2006,47.17437,-121.185668,37,2,,,,,,361.103,,,,,,,,,,233.614,,,,,,
52989,24860341010900,2004,47.906697,-121.131364,7,2,,,,139.359,,,,,,,,,,198.593,,,,,,,,
53008,22398967010497,2005,48.489137,-119.815203,47,2,,,,,91.771,,,,,,,,,,125.635,,,,,,,
53067,8619631010901,2006,46.756896,-123.312932,41,2,,,,,,38.231,,,,,,,,,,98.726,,,,,,
53085,24504052010900,2003,47.901628,-117.055578,63,2,,,225.878,,,,,,,,,,301.805,,,,,,,,,
53101,22399292010497,2006,48.206745,-121.371339,61,2,,,,,,208.357,,,,,,,,,,342.544,,,,,,
53107,40220791010497,2010,48.94595,-120.37645,47,2,,,,,,,,,,14.103,,,,,,,,,,27.572,,
53110,8636114010901,2006,46.286683,-121.690814,59,2,,,,,,157.324,,,,,,,,,,249.019,,,,,,
53117,40220815010497,2010,46.610587,-121.819493,41,2,,,,,,,,,,533.035,,,,,,,,,,497.849,,
53120,29395693010497,2008,48.57311,-119.215025,47,2,,,,,,,,115.503,,,,,,,,,,98.338,,,,
53144,22954674010497,2007,48.119408,-123.745292,9,2,,,,,,,244.367,,,,,,,,,,275.303,,,,,
53151,24883193010900,2004,47.964868,-122.719216,31,2,,,,113.973,,,,,,,,,,206.446,,,,,,,,
53164,22827727010497,2007,48.655203,-118.172534,19,2,,,,,,,183.719,,,,,,,,,,217.107,,,,,
53166,40220671010497,2010,48.360364,-121.706572,57,2,,,,,,,,,,338.65,,,,,,,,,,341.504,,
53172,22828584010497,2007,47.838295,-120.9543,7,2,,,,,,,167.392,,,,,,,,,,198.739,,,,,
53177,22398859010497,2005,47.718719,-120.413392,7,2,,,,,41.367,,,,,,,,,,90.149,,,,,,,
53182,48205589010497,2011,45.890824,-121.074885,39,2,,,,,,,,,,,93.789,,,,,,,,,,111.55,
53190,29882807010497,2009,47.180927,-121.346548,33,2,,,,,,,,,299.297,,,,,,,,,,331.095,,,
53197,24465043010900,2003,46.092703,-120.870782,77,2,,,185.443,,,,,,,,,,160.614,,,,,,,,,
53203,24834929010900,2004,47.427048,-121.93219,33,2,,,,178.3,,,,,,,,,,156.458,,,,,,,,
53233,40220896010497,2010,46.562755,-121.963323,41,2,,,,,,,,,,365.158,,,,,,,,,,421.096,,
53234,22398426010497,2003,46.083169,-117.828383,13,2,,,144.166,,,,,,,,,,184.817,,,,,,,,,
53236,29881844010497,2009,46.119162,-122.218165,59,2,,,,,,,,,224.659,,,,,,,,,,290.613,,,
53243,12993100010497,2005,46.379145,-121.541104,59,2,,,,,477.417,,,,,,,,,,507.535,,,,,,,
53249,22399133010497,2006,48.810987,-118.23343,19,2,,,,,,62.347,,,,,,,,,,79.102,,,,,,
53252,40403595010497,2010,48.655161,-120.39791,47,2,,,,,,,,,,189.613,,,,,,,,,,213.853,,
53266,40220586010497,2010,47.989179,-124.171454,9,2,,,,,,,,,,342.861,,,,,,,,,,452.017,,
53272,22399122010497,2006,48.720047,-118.577432,19,2,,,,,,141.685,,,,,,,,,,162.317,,,,,,
53278,13062886010497,2005,46.635497,-121.744258,41,2,,,,,407.363,,,,,,,,,,471.693,,,,,,,
53284,29882788010497,2009,45.952979,-122.076908,59,2,,,,,,,,,160.841,,,,,,,,,,239.851,,,
53286,22931134010497,2008,48.484462,-120.374096,47,2,,,,,,,,283.005,,,,,,,,,,281.669,,,,
53296,22399269010497,2006,45.968704,-121.728207,59,2,,,,,,33.971,,,,,,,,,,77.486,,,,,,
53321,22954402010497,2006,46.391874,-123.591404,49,2,,,,,,169.4,,,,,,,,,,246.801,,,,,,
53324,48202478010497,2011,46.675934,-121.17449,77,2,,,,,,,,,,,122.283,,,,,,,,,,152.7,
53349,48206050010497,2011,47.12419,-121.51961,33,2,,,,,,,,,,,901.9,,,,,,,,,,987.031,
53369,8647455010901,2006,46.620403,-121.173132,77,2,,,,,,297.808,,,,,,,,,,295.719,,,,,,
53371,193209232020004,2007,45.993339,-122.009657,59,2,,,,,,,245.018,,,,,,,,,,315.514,,,,,
53372,24833221010900,2004,46.828406,-121.09517,77,2,,,,71.766,,,,,,,,,,64.787,,,,,,,,
53381,40220839010497,2010,47.35502,-123.252081,45,2,,,,,,,,,,158.476,,,,,,,,,,107.91,,
53383,8642760010901,2006,46.888205,-122.496125,67,2,,,,,,248.804,,,,,,,,,,185.942,,,,,,
53395,29881546010497,2009,48.174588,-118.311377,19,2,,,,,,,,,57.76,,,,,,,,,,72.958,,,
53401,22398897010497,2005,46.272506,-122.360733,15,2,,,,,17.881,,,,,,,,,,65.802,,,,,,,
53408,25078257010900,2004,48.270727,-121.723673,61,2,,,,550.325,,,,,,,,,,603.139,,,,,,,,
53414,48203989010497,2011,46.504714,-121.512213,41,2,,,,,,,,,,,85.001,,,,,,,,,,103.086,
53415,12995584010497,2005,46.72395,-121.243759,77,2,,,,,101.056,,,,,,,,,,96.768,,,,,,,
53418,22398710010497,2004,46.948044,-121.064728,37,2,,,,107.773,,,,,,,,,,89.84,,,,,,,,
53427,24143523010900,2002,47.382658,-124.103768,27,2,,492.747,,,,,,,,,,,,,,,,,,,,143.155
53437,29882931010497,2009,47.363556,-121.030129,37,2,,,,,,,,,96.078,,,,,,,,,,25.304,,,
53451,22398974010497,2005,48.958349,-118.851958,47,2,,,,,70.797,,,,,,,,,,84.752,,,,,,,
53457,40220107010497,2010,45.976024,-121.443312,39,2,,,,,,,,,,151.882,,,,,,,,,,187.943,,
53463,8631070010901,2006,47.078087,-121.808113,53,2,,,,,,510.232,,,,,,,,,,517.257,,,,,,
53469,22399126010497,2006,48.520662,-118.55872,19,2,,,,,,125.786,,,,,,,,,,150.849,,,,,,
53475,29395008010497,2008,47.885328,-123.500902,9,2,,,,,,,,479.084,,,,,,,,,,504.597,,,,
53501,22954496010497,2007,47.080461,-120.883258,37,2,,,,,,,2.793,,,,,,,,,,6.933,,,,,
53502,22398406010497,2003,47.8438,-120.285824,7,2,,,46.202,,,,,,,,,,54.58,,,,,,,,,
53513,22398641010497,2004,48.112755,-120.353743,7,2,,,,119.442,,,,,,,,,,98.442,,,,,,,,
53543,29395673010497,2008,48.900584,-121.878515,73,2,,,,,,,,465.759,,,,,,,,,,535.194,,,,
53544,13003271010497,2005,45.991344,-122.175147,59,2,,,,,689.532,,,,,,,,,,802.069,,,,,,,
53546,29883052010497,2009,47.511904,-121.066021,37,2,,,,,,,,,75.397,,,,,,,,,,84.335,,,
53548,40220276010497,2010,46.742001,-122.323502,41,2,,,,,,,,,,649.71,,,,,,,,,,706.629,,
53587,24880241010900,2004,47.428273,-123.692035,27,2,,,,226.994,,,,,,,,,,212.59,,,,,,,,
53590,40403554010497,2010,48.864068,-119.081164,47,2,,,,,,,,,,92.842,,,,,,,,,,100.045,,
53599,40220808010497,2010,47.029408,-121.846298,53,2,,,,,,,,,,135.999,,,,,,,,,,148.11,,
53611,29883276010497,2009,48.413425,-117.703226,65,2,,,,,,,,,212.567,,,,,,,,,,240.474,,,
53621,24205541010900,2002,48.897292,-121.02144,73,2,,265.538,,,,,,,,,,307.657,,,,,,,,,,
53624,24163060010900,2002,46.727698,-122.223721,41,2,,205.849,,,,,,,,,,197.993,,,,,,,,,,
53626,13046000010497,2004,47.747381,-123.248837,31,2,,,,81.31,,,,,,,,,,95.121,,,,,,,,
53632,40220701010497,2010,48.090832,-117.134665,51,2,,,,,,,,,,77.836,,,,,,,,,,82.092,,
53642,24832382010900,2004,46.630292,-120.864803,77,2,,,,54.696,,,,,,,,,,78.571,,,,,,,,
53650,29882879010497,2009,47.333514,-123.655151,27,2,,,,,,,,,226.371,,,,,,,,,,175.307,,,
53651,40220835010497,2010,46.586387,-121.855732,41,2,,,,,,,,,,557.149,,,,,,,,,,524.079,,
53666,22398874010497,2005,47.424768,-120.422911,7,2,,,,,90.998,,,,,,,,,,19.856,,,,,,,
53693,22398827010497,2004,48.994288,-117.469027,65,2,,,,143.971,,,,,,,,,,199.959,,,,,,,,
53706,13026585010497,2005,48.663989,-119.062233,47,2,,,,,237.174,,,,,,,,,,220.572,,,,,,,
53716,22398305010497,2002,48.601941,-117.467712,51,2,,92.186,,,,,,,,,,139.406,,,,,,,,,,
53727,29395561010497,2008,48.409983,-117.599835,65,2,,,,,,,,90.316,,,,,,,,,,92.051,,,,
53733,22954684010497,2007,48.277156,-120.005178,47,2,,,,,,,54.006,,,,,,,,,,45.644,,,,,
53753,25072297010900,2004,45.877493,-122.162067,59,2,,,,7.16,,,,,,,,,,38.205,,,,,,,,
53757,193209122020004,2007,47.478118,-123.432845,45,2,,,,,,,263.832,,,,,,,,,,274.387,,,,,
53776,13205079010497,2005,48.458148,-121.922782,57,2,,,,,394.662,,,,,,,,,,334.365,,,,,,,
53780,48202804010497,2011,47.919916,-124.03779,9,2,,,,,,,,,,,451.401,,,,,,,,,,414.369,
53805,48206418010497,2011,47.663084,-121.322238,33,2,,,,,,,,,,,177.334,,,,,,,,,,266.248,
53813,8605545010901,2006,48.780877,-118.162759,19,2,,,,,,2.589,,,,,,,,,,0.659,,,,,,
53831,12967289010497,2005,47.898369,-120.764744,7,2,,,,,26.79,,,,,,,,,,102.375,,,,,,,
53836,40220175010497,2010,46.282,-121.543181,59,2,,,,,,,,,,299.055,,,,,,,,,,334.846,,
53841,29882779010497,2009,48.537692,-118.771718,19,2,,,,,,,,,105.15,,,,,,,,,,117.796,,,
53855,29883142010497,2009,48.774506,-120.246525,47,2,,,,,,,,,29.471,,,,,,,,,,15.867,,,
53877,25071903010900,2004,45.797146,-121.983808,59,2,,,,170.618,,,,,,,,,,218.52,,,,,,,,
53878,48204088010497,2011,45.791316,-122.089636,59,2,,,,,,,,,,,331.673,,,,,,,,,,392.861,
53880,48203511010497,2011,47.002382,-121.593277,53,2,,,,,,,,,,,196.317,,,,,,,,,,215.709,
53881,24501439010900,2003,48.112959,-121.712321,61,2,,,170.129,,,,,,,,,,110.854,,,,,,,,,
53910,48202595010497,2011,48.770456,-119.941459,47,2,,,,,,,,,,,8.738,,,,,,,,,,7.325,
53913,24545666010900,2003,46.63427,-122.311218,41,2,,,34.174,,,,,,,,,,84.245,,,,,,,,,
53919,48204243010497,2011,47.248852,-124.137789,27,2,,,,,,,,,,,49.192,,,,,,,,,,91.039,
53921,24846081010900,2004,46.610446,-121.787148,41,2,,,,565.426,,,,,,,,,,530.646,,,,,,,,
53922,8617791010901,2006,46.545707,-122.416346,41,2,,,,,,324.686,,,,,,,,,,358.662,,,,,,
53933,22398437010497,2003,48.592071,-118.508472,19,2,,,8.633,,,,,,,,,,17.116,,,,,,,,,
53935,48205685010497,2011,47.507666,-120.992763,37,2,,,,,,,,,,,92.953,,,,,,,,,,105.184,
53940,22398459010497,2003,47.596469,-123.979124,31,2,,,415.913,,,,,,,,,,415.579,,,,,,,,,
53941,8653229010901,2006,47.94935,-123.408563,9,2,,,,,,4.345,,,,,,,,,,9.741,,,,,,
53952,48204249010497,2011,47.147245,-121.705532,53,2,,,,,,,,,,,1.941,,,,,,,,,,93.091,
53960,22399117010497,2006,46.130909,-117.750039,13,2,,,,,,60.035,,,,,,,,,,85.515,,,,,,
53963,29883500010497,2009,48.66459,-118.353271,19,2,,,,,,,,,142.605,,,,,,,,,,130.447,,,
53990,22827443010497,2007,48.286237,-117.090671,51,2,,,,,,,208.275,,,,,,,,,,300.795,,,,,
53999,13015400010497,2005,48.685493,-117.800633,65,2,,,,,143.4,,,,,,,,,,165.225,,,,,,,
54008,22399224010497,2006,48.556056,-120.447124,47,2,,,,,,28.104,,,,,,,,,,23.252,,,,,,
54018,29882792010497,2009,47.629428,-123.171923,31,2,,,,,,,,,306.882,,,,,,,,,,149.116,,,
54040,40220150010497,2010,46.213582,-122.011232,59,2,,,,,,,,,,354.688,,,,,,,,,,349.365,,
54069,22954481010497,2007,47.491888,-121.483025,33,2,,,,,,,424.137,,,,,,,,,,435.595,,,,,
54082,22954446010497,2007,46.678446,-121.313541,77,2,,,,,,,222.509,,,,,,,,,,180.016,,,,,
54088,22399289010497,2006,48.031493,-121.610081,61,2,,,,,,150.096,,,,,,,,,,162.449,,,,,,
54095,22398881010497,2005,47.905423,-121.099465,7,2,,,,,510.073,,,,,,,,,,545.722,,,,,,,
54098,8636345010901,2006,46.383012,-121.751491,59,2,,,,,,381.828,,,,,,,,,,427.268,,,,,,
54102,40220763010497,2010,48.860045,-121.846524,73,2,,,,,,,,,,10.521,,,,,,,,,,18.928,,
54112,24477957010900,2003,48.168219,-119.07701,47,2,,,40.444,,,,,,,,,,52.851,,,,,,,,,
54114,40220788010497,2010,48.800986,-117.067913,51,2,,,,,,,,,,33.186,,,,,,,,,,77.535,,
54135,22932959010497,2008,47.119919,-121.380897,37,2,,,,,,,,306.933,,,,,,,,,,358.594,,,,
54136,40220544010497,2010,47.796631,-124.47773,31,2,,,,,,,,,,405.03,,,,,,,,,,418.458,,
54142,22399070010497,2005,48.776483,-121.551167,73,2,,,,,57.309,,,,,,,,,,85.366,,,,,,,
54158,22398538010497,2003,48.333942,-117.458545,51,2,,,292.946,,,,,,,,,,338.959,,,,,,,,,
54173,22930972010497,2008,46.19602,-117.744578,13,2,,,,,,,,16.12,,,,,,,,,,16.331,,,,
54175,40220297010497,2010,46.81876,-121.245013,77,2,,,,,,,,,,392.468,,,,,,,,,,173.192,,
54189,40220634010497,2010,48.067761,-118.799274,19,2,,,,,,,,,,30.333,,,,,,,,,,50.347,,
54199,8648137010901,2006,46.773603,-121.388284,77,2,,,,,,275.316,,,,,,,,,,262.278,,,,,,
54219,24883863010900,2004,47.796565,-123.070433,31,2,,,,99.005,,,,,,,,,,175.235,,,,,,,,
54224,22399027010497,2005,46.334976,-121.711295,59,2,,,,,234.684,,,,,,,,,,275.8,,,,,,,
54226,29882816010497,2009,47.228146,-121.151801,37,2,,,,,,,,,54.153,,,,,,,,,,62.823,,,
54243,22933115010497,2008,47.744955,-121.844008,33,2,,,,,,,,396.042,,,,,,,,,,449.922,,,,
54247,29395600010497,2008,48.455009,-120.260124,47,2,,,,,,,,135.469,,,,,,,,,,176.842,,,,
54256,29883233010497,2009,46.43433,-121.01984,77,2,,,,,,,,,139.273,,,,,,,,,,165.019,,,
54284,22399233010497,2006,48.988804,-117.391644,51,2,,,,,,189.854,,,,,,,,,,224.057,,,,,,
54295,48204971010497,2011,47.905639,-121.214236,61,2,,,,,,,,,,,236.113,,,,,,,,,,305.289,
54314,48202751010497,2011,48.052155,-124.317987,9,2,,,,,,,,,,,133.69,,,,,,,,,,236.805,
54316,22398954010497,2005,48.982595,-118.890055,47,2,,,,,86.581,,,,,,,,,,98.753,,,,,,,
54318,22399299010497,2006,48.920144,-117.987624,65,2,,,,,,19.211,,,,,,,,,,25.741,,,,,,
54371,30764343020004,2012,46.430625,-123.582805,49,2,,,,,,,,,,,,64.769,,,,,,,,,,152.003
54378,24847759010900,2004,46.706895,-122.510831,41,2,,,,123.859,,,,,,,,,,205.455,,,,,,,,
54391,40403379010497,2010,48.640212,-119.804371,47,2,,,,,,,,,,137.916,,,,,,,,,,162.123,,
54397,22933123010497,2008,47.767077,-121.493767,33,2,,,,,,,,133.042,,,,,,,,,,166.628,,,,
54408,29395730010497,2008,46.190559,-117.538139,23,2,,,,,,,,75.695,,,,,,,,,,71.913,,,,
54422,29395520010497,2008,48.852175,-118.746327,19,2,,,,,,,,70.42,,,,,,,,,,106.218,,,,
54438,24857537010900,2004,48.968203,-119.865891,47,2,,,,125.731,,,,,,,,,,12.905,,,,,,,,
54440,24499031010900,2003,46.38392,-121.613868,59,2,,,406.092,,,,,,,,,,401.468,,,,,,,,,
54452,22954376010497,2007,46.198319,-121.248379,77,2,,,,,,,22.034,,,,,,,,,,45.197,,,,,
54466,48203142010497,2011,48.166727,-119.160368,47,2,,,,,,,,,,,3.034,,,,,,,,,,12.67,
54479,22398782010497,2004,48.386298,-121.811512,57,2,,,,59.392,,,,,,,,,,126.152,,,,,,,,
54524,29882886010497,2009,47.329585,-120.572389,7,2,,,,,,,,,47.401,,,,,,,,,,34.466,,,
54532,22398523010497,2003,48.3115,-120.224244,47,2,,,6.664,,,,,,,,,,4.322,,,,,,,,,
54543,29883072010497,2009,47.708893,-121.101916,33,2,,,,,,,,,594.833,,,,,,,,,,596.435,,,
54548,24874091010900,2004,48.914223,-118.398041,19,2,,,,61.087,,,,,,,,,,74.677,,,,,,,,
54555,24881836010900,2004,47.554532,-123.572929,31,2,,,,496.967,,,,,,,,,,371.205,,,,,,,,
54588,22398770010497,2004,48.807876,-117.471606,51,2,,,,199.05,,,,,,,,,,238.187,,,,,,,,
54610,22933253010497,2008,48.261601,-124.328796,9,2,,,,,,,,38.401,,,,,,,,,,67.263,,,,
54611,22398705010497,2004,47.304465,-120.608419,37,2,,,,30.664,,,,,,,,,,46.699,,,,,,,,
54620,29883473010497,2009,48.57784,-117.469102,51,2,,,,,,,,,262.954,,,,,,,,,,291.104,,,
54634,22398995010497,2005,48.962849,-117.395363,51,2,,,,,237.742,,,,,,,,,,278.854,,,,,,,
54635,22398656010497,2003,48.076606,-120.795189,7,2,,,133.069,,,,,,,,,,154.56,,,,,,,,,
54645,29883231010497,2009,46.393309,-122.63238,41,2,,,,,,,,,276.952,,,,,,,,,,355.617,,,
54661,24535881010900,2003,47.499755,-121.81695,33,2,,,83.885,,,,,,,,,,64.895,,,,,,,,,
54666,24851883010900,2004,48.212463,-119.006114,47,2,,,,62.463,,,,,,,,,,69.895,,,,,,,,
54668,22954768010497,2007,48.707167,-121.176503,73,2,,,,,,,89.127,,,,,,,,,,135.572,,,,,
54670,12999992010497,2005,48.5015,-121.590797,57,2,,,,,398.407,,,,,,,,,,442.426,,,,,,,
54678,29882987010497,2009,47.423801,-122.07626,33,2,,,,,,,,,192.849,,,,,,,,,,84.35,,,
54689,29881474010497,2009,48.08939,-117.434476,51,2,,,,,,,,,48.291,,,,,,,,,,49.164,,,
54704,48206366010497,2011,47.79844,-122.998486,31,2,,,,,,,,,,,197.644,,,,,,,,,,279.269,
54710,48204686010497,2011,47.962507,-121.947858,61,2,,,,,,,,,,,50.3,,,,,,,,,,102.601,
54715,22954711010497,2007,48.385509,-117.869569,65,2,,,,,,,32.538,,,,,,,,,,43.099,,,,,
54718,22930920010497,2008,46.092743,-121.902415,59,2,,,,,,,,439.31,,,,,,,,,,480.057,,,,
54723,25064269010900,2004,48.347779,-117.073884,51,2,,,,39.009,,,,,,,,,,89.598,,,,,,,,
54733,13240308010497,2004,48.932776,-118.930717,47,2,,,,77.215,,,,,,,,,,100.239,,,,,,,,
54746,24873819010900,2004,48.876808,-118.785738,19,2,,,,153.767,,,,,,,,,,148.309,,,,,,,,
54766,22399138010497,2006,48.64401,-118.51081,19,2,,,,,,343.227,,,,,,,,,,369.735,,,,,,
54769,22954702010497,2007,48.773096,-122.2838,73,2,,,,,,,261.228,,,,,,,,,,378.506,,,,,
54792,29883518010497,2009,48.791493,-119.085045,47,2,,,,,,,,,277.042,,,,,,,,,,281.719,,,
54799,22954367010497,2007,46.145049,-121.969756,59,2,,,,,,,492.316,,,,,,,,,,560.354,,,,,
54812,48205382010497,2011,48.621904,-122.085763,57,2,,,,,,,,,,,160.498,,,,,,,,,,202.7,
54828,22398411010497,2003,47.989667,-120.435553,7,2,,,276.948,,,,,,,,,,114.734,,,,,,,,,
54850,22954428010497,2007,46.506876,-121.825519,41,2,,,,,,,107.095,,,,,,,,,,126.174,,,,,
54867,13194596010497,2004,47.417952,-121.365479,37,2,,,,81.593,,,,,,,,,,142.432,,,,,,,,
54868,29881641010497,2009,48.881203,-117.882509,65,2,,,,,,,,,74.829,,,,,,,,,,71.228,,,
54884,22398941010497,2005,46.565622,-121.748047,41,2,,,,,759.504,,,,,,,,,,706.931,,,,,,,
54891,24862447010900,2004,48.318933,-120.65702,7,2,,,,102.615,,,,,,,,,,103.434,,,,,,,,
54892,24860876010900,2004,47.963732,-120.432899,7,2,,,,172.682,,,,,,,,,,62.43,,,,,,,,
54917,25094343010900,2004,47.512115,-120.854824,7,2,,,,27.171,,,,,,,,,,18.641,,,,,,,,
54918,40220087010497,2010,45.756615,-122.142779,59,2,,,,,,,,,,329.257,,,,,,,,,,391.442,,
54928,48205110010497,2011,48.554251,-121.002628,57,2,,,,,,,,,,,317.066,,,,,,,,,,362.727,
54929,22954339010497,2007,45.803081,-122.188896,59,2,,,,,,,259.57,,,,,,,,,,344.404,,,,,
54937,48206649010497,2011,48.382045,-117.528855,65,2,,,,,,,,,,,76.487,,,,,,,,,,105.052,
54954,24522629010900,2003,48.718521,-118.423803,19,2,,,101.393,,,,,,,,,,41.197,,,,,,,,,
54956,8604281010901,2006,48.578093,-118.658103,19,2,,,,,,173.501,,,,,,,,,,195.302,,,,,,
54970,22398831010497,2004,48.922506,-118.075218,65,2,,,,46.755,,,,,,,,,,88.285,,,,,,,,
54982,48203101010497,2011,48.504728,-118.624867,19,2,,,,,,,,,,,174.29,,,,,,,,,,155.091,
54990,8648677010901,2006,46.975247,-121.073629,77,2,,,,,,38.499,,,,,,,,,,34.003,,,,,,
55029,22931119010497,2008,48.225818,-119.444639,47,2,,,,,,,,1.812,,,,,,,,,,11.032,,,,
55030,22931284010497,2008,48.637363,-117.681463,65,2,,,,,,,,166.704,,,,,,,,,,188.618,,,,
55040,48203442010497,2011,47.331135,-121.634559,33,2,,,,,,,,,,,138.742,,,,,,,,,,135.454,
55044,8618114010901,2006,46.591032,-123.312838,41,2,,,,,,66.201,,,,,,,,,,147.942,,,,,,
55062,22399028010497,2005,45.920109,-121.800413,59,2,,,,,456.522,,,,,,,,,,492.48,,,,,,,
55078,29882785010497,2009,48.579726,-120.326674,47,2,,,,,,,,,45.84,,,,,,,,,,59.336,,,
55088,40220700010497,2010,48.40172,-118.491321,19,2,,,,,,,,,,152.002,,,,,,,,,,159.911,,
55093,12993736010497,2005,46.413329,-121.194622,77,2,,,,,247.674,,,,,,,,,,289.611,,,,,,,
55095,22954756010497,2007,48.655827,-121.892572,73,2,,,,,,,152.672,,,,,,,,,,218.196,,,,,
55124,193208969020004,2007,47.550303,-123.98088,31,2,,,,,,,611.8,,,,,,,,,,631.051,,,,,
55125,8633856010901,2006,48.602997,-121.005766,57,2,,,,,,19.239,,,,,,,,,,2.289,,,,,,
55143,29883254010497,2009,47.81149,-121.498547,61,2,,,,,,,,,541.37,,,,,,,,,,607.896,,,
55202,13055193010497,2005,47.373336,-121.36727,37,2,,,,,5.976,,,,,,,,,,40.678,,,,,,,
55205,22954554010497,2007,47.361922,-121.112142,37,2,,,,,,,91.12,,,,,,,,,,97.998,,,,,
55208,13008955010497,2005,48.011287,-121.45473,61,2,,,,,158.944,,,,,,,,,,156.084,,,,,,,
55231,8607314010901,2006,46.980539,-123.17007,27,2,,,,,,224.844,,,,,,,,,,295.617,,,,,,
55241,24851755010900,2004,48.265032,-119.223531,47,2,,,,40.507,,,,,,,,,,13.071,,,,,,,,
55258,29882706010497,2009,48.159576,-121.706906,61,2,,,,,,,,,22.253,,,,,,,,,,19.187,,,
55263,29395630010497,2008,47.597784,-123.11119,45,2,,,,,,,,438.768,,,,,,,,,,448.481,,,,
55270,24849419010900,2004,47.104704,-123.09964,45,2,,,,31.837,,,,,,,,,,116.5,,,,,,,,
55291,29394738010497,2007,48.849419,-121.189391,73,2,,,,,,,180.394,,,,,,,,,,199.492,,,,,
55293,22398673010497,2004,48.497682,-118.589943,19,2,,,,249.956,,,,,,,,,,299.164,,,,,,,,
55294,22399019010497,2005,46.248291,-122.079303,59,2,,,,,3.897,,,,,,,,,,13.401,,,,,,,
55298,29881970010497,2009,47.43407,-121.003434,37,2,,,,,,,,,13.045,,,,,,,,,,16.187,,,
55308,40220889010497,2010,46.387919,-121.717565,59,2,,,,,,,,,,354.795,,,,,,,,,,407.102,,
55331,24477151010900,2003,47.381984,-123.218705,45,2,,,22.68,,,,,,,,,,101.16,,,,,,,,,
55349,8642449010901,2006,46.777841,-122.939259,67,2,,,,,,115.274,,,,,,,,,,223.126,,,,,,
55380,22398720010497,2004,46.759648,-122.315765,41,2,,,,281.068,,,,,,,,,,244.068,,,,,,,,
55384,22399059010497,2005,48.179531,-121.339147,61,2,,,,,121.022,,,,,,,,,,232.075,,,,,,,
55393,30764778020004,2012,48.60299,-121.161618,57,2,,,,,,,,,,,,450.99,,,,,,,,,,447.125
55407,22398692010497,2004,47.423423,-123.79551,27,2,,,,730.694,,,,,,,,,,743.27,,,,,,,,
55466,24497166010900,2003,46.065112,-121.549418,59,2,,,380.309,,,,,,,,,,480.167,,,,,,,,,
55470,8647911010901,2006,46.773377,-121.23394,77,2,,,,,,279.386,,,,,,,,,,189.68,,,,,,
55476,40403594010497,2010,47.71904,-120.371944,7,2,,,,,,,,,,53.729,,,,,,,,,,69.055,,
55481,25070287010900,2004,48.506936,-121.943886,57,2,,,,179.365,,,,,,,,,,229.684,,,,,,,,
55494,24537422010900,2003,47.764759,-122.006422,33,2,,,112.952,,,,,,,,,,155.798,,,,,,,,,
55498,8610184010901,2006,47.724648,-123.523255,31,2,,,,,,357.017,,,,,,,,,,330.775,,,,,,
55499,40220901010497,2010,46.41372,-121.823748,41,2,,,,,,,,,,244.069,,,,,,,,,,329.964,,
55535,193209117020004,2007,46.58172,-121.934288,41,2,,,,,,,348.065,,,,,,,,,,369.419,,,,,
55546,22398785010497,2004,48.327945,-121.709605,57,2,,,,32.527,,,,,,,,,,69.816,,,,,,,,
55552,22398599010497,2003,45.77014,-121.728499,59,2,,,697.577,,,,,,,,,,839.303,,,,,,,,,
55556,8616467010901,2006,46.390685,-121.825011,41,2,,,,,,353.318,,,,,,,,,,400.243,,,,,,
55562,24493462010900,2003,48.457254,-121.778222,57,2,,,27.993,,,,,,,,,,63.501,,,,,,,,,
55563,40220431010497,2010,47.377582,-121.865535,33,2,,,,,,,,,,364.818,,,,,,,,,,437.607,,
55579,40220904010497,2010,46.661281,-121.961444,41,2,,,,,,,,,,297.068,,,,,,,,,,445.607,,
55591,22399306010497,2006,48.702232,-121.879293,73,2,,,,,,205.381,,,,,,,,,,163.419,,,,,,
55606,29883352010497,2009,46.614336,-122.318601,41,2,,,,,,,,,343.524,,,,,,,,,,389.767,,,
55608,24143306010900,2002,47.344028,-123.943647,27,2,,253.815,,,,,,,,,,,,,,,,,,,,59.18
55614,8652543010901,2006,48.142348,-120.38931,7,2,,,,,,31.841,,,,,,,,,,4.563,,,,,,
55615,13036367010497,2005,48.88032,-117.096792,51,2,,,,,280.103,,,,,,,,,,234.705,,,,,,,
55624,22398614010497,2003,48.665901,-117.769364,65,2,,,102.889,,,,,,,,,,163.48,,,,,,,,,
55641,24206805010900,2002,46.116263,-121.23548,77,2,,252.425,,,,,,,,,,,,,,,,,,,,95.179
55660,48206733010497,2011,46.713191,-122.318405,41,2,,,,,,,,,,,464.279,,,,,,,,,,513.596,
55671,40220514010497,2010,47.543092,-117.132919,63,2,,,,,,,,,,44.732,,,,,,,,,,70.94,,
55694,22828592010497,2007,48.883685,-118.819088,19,2,,,,,,,21.954,,,,,,,,,,16.611,,,,,
55695,40403560010497,2010,48.654317,-120.360799,47,2,,,,,,,,,,2.569,,,,,,,,,,14.131,,
55703,40220508010497,2010,47.674725,-124.101137,31,2,,,,,,,,,,174.996,,,,,,,,,,261.318,,
55715,22933187010497,2008,47.991406,-120.465453,7,2,,,,,,,,140.984,,,,,,,,,,23.995,,,,
55727,29883551010497,2009,48.952275,-121.915983,73,2,,,,,,,,,299.111,,,,,,,,,,315.881,,,
55730,48206475010497,2011,47.940847,-124.097529,9,2,,,,,,,,,,,459.028,,,,,,,,,,441.558,
55787,29394875010497,2008,46.434055,-121.426627,41,2,,,,,,,,647.614,,,,,,,,,,627.909,,,,
55827,26125943010900,2003,47.480654,-123.38962,45,2,,,287.359,,,,,,,,,,317.246,,,,,,,,,
55835,13018219010497,2005,47.901572,-118.244917,43,2,,,,,55.241,,,,,,,,,,71.83,,,,,,,
55843,29395748010497,2008,47.07145,-121.268829,77,2,,,,,,,,358.587,,,,,,,,,,378.546,,,,
55844,22828586010497,2007,46.432696,-121.709713,41,2,,,,,,,537.488,,,,,,,,,,604.662,,,,,
55849,22398885010497,2004,48.011563,-120.352816,7,2,,,,2.665,,,,,,,,,,6.017,,,,,,,,
55862,22398799010497,2004,46.23927,-122.005524,59,2,,,,74.664,,,,,,,,,,179.487,,,,,,,,
55863,24831596010900,2004,46.473418,-121.402526,77,2,,,,51.888,,,,,,,,,,40.44,,,,,,,,
55869,30852506020004,2012,46.17115,-121.794779,59,2,,,,,,,,,,,,51.407,,,,,,,,,,121.716
55877,22398604010497,2003,48.084575,-121.378105,61,2,,,628.578,,,,,,,,,,674.092,,,,,,,,,
55881,48203105010497,2011,48.33076,-118.61418,19,2,,,,,,,,,,,30.205,,,,,,,,,,33.612,
55884,22954438010497,2007,46.694439,-122.794354,41,2,,,,,,,82.42,,,,,,,,,,149.0,,,,,
55886,22399004010497,2005,47.026138,-121.697938,53,2,,,,,302.402,,,,,,,,,,404.98,,,,,,,
55897,12969073010497,2005,48.090915,-120.239314,7,2,,,,,80.706,,,,,,,,,,56.328,,,,,,,
55906,48206417010497,2011,47.666072,-121.540792,33,2,,,,,,,,,,,124.69,,,,,,,,,,58.339,
55928,48205247010497,2011,47.690712,-121.541078,33,2,,,,,,,,,,,280.267,,,,,,,,,,188.54,
55949,22398725010497,2004,46.419708,-121.96366,41,2,,,,771.0,,,,,,,,,,785.869,,,,,,,,
55957,24456853010900,2003,48.41087,-117.635436,65,2,,,44.799,,,,,,,,,,69.249,,,,,,,,,
55963,29882882010497,2009,47.242335,-121.413197,33,2,,,,,,,,,6.984,,,,,,,,,,62.42,,,
55979,48204942010497,2011,46.586574,-122.434378,41,2,,,,,,,,,,,154.405,,,,,,,,,,61.595,
56013,25065632010900,2004,48.643372,-117.27635,51,2,,,,143.793,,,,,,,,,,187.016,,,,,,,,
56016,29395705010497,2008,48.022779,-120.760185,7,2,,,,,,,,225.285,,,,,,,,,,228.461,,,,
56019,22933178010497,2008,47.948105,-120.614993,7,2,,,,,,,,138.67,,,,,,,,,,115.036,,,,
56023,22398662010497,2004,47.92089,-123.078393,9,2,,,,219.709,,,,,,,,,,242.683,,,,,,,,
56033,29881478010497,2009,48.257127,-121.590693,61,2,,,,,,,,,149.968,,,,,,,,,,168.14,,,
56060,29882780010497,2009,47.267131,-121.328858,37,2,,,,,,,,,163.493,,,,,,,,,,172.187,,,
56072,40220140010497,2010,46.190455,-122.361985,15,2,,,,,,,,,,10.457,,,,,,,,,,24.956,,
56082,40220320010497,2010,46.910663,-121.966341,53,2,,,,,,,,,,326.745,,,,,,,,,,382.523,,
56124,24502332010900,2003,48.16196,-121.565759,61,2,,,282.014,,,,,,,,,,310.723,,,,,,,,,
56126,29883206010497,2009,47.869946,-120.321908,7,2,,,,,,,,,3.712,,,,,,,,,,11.37,,,
56158,40220493010497,2010,47.623347,-121.206734,33,2,,,,,,,,,,302.018,,,,,,,,,,329.516,,
56160,22954349010497,2007,45.951845,-122.273813,11,2,,,,,,,160.941,,,,,,,,,,247.842,,,,,
56176,13026974010497,2005,48.771645,-120.130638,47,2,,,,,145.149,,,,,,,,,,163.569,,,,,,,
56193,22933132010497,2008,47.799168,-120.608334,7,2,,,,,,,,138.947,,,,,,,,,,160.631,,,,
56216,22954687010497,2007,48.192267,-117.644854,65,2,,,,,,,92.907,,,,,,,,,,101.051,,,,,
56227,22399290010497,2006,48.205845,-121.524808,61,2,,,,,,1258.281,,,,,,,,,,1360.103,,,,,,
56229,40220761010497,2010,48.666312,-117.243805,51,2,,,,,,,,,,104.77,,,,,,,,,,107.933,,
56230,48203610010497,2011,47.248827,-122.321697,53,2,,,,,,,,,,,45.929,,,,,,,,,,57.942,
56235,24479236010900,2003,48.340385,-119.087054,47,2,,,102.357,,,,,,,,,,114.981,,,,,,,,,
56236,48206257010497,2011,48.679695,-120.396646,47,2,,,,,,,,,,,4.319,,,,,,,,,,13.379,
56247,48206537010497,2011,47.948248,-120.726766,7,2,,,,,,,,,,,328.298,,,,,,,,,,355.747,
56260,40220890010497,2010,47.909149,-121.314297,61,2,,,,,,,,,,548.975,,,,,,,,,,442.711,,
56268,40220437010497,2010,47.403579,-123.864896,27,2,,,,,,,,,,508.692,,,,,,,,,,594.802,,
56272,40220254010497,2010,46.638464,-121.022031,77,2,,,,,,,,,,220.144,,,,,,,,,,233.814,,
56287,48206445010497,2011,46.293972,-122.217056,59,2,,,,,,,,,,,3.86,,,,,,,,,,17.037,
56296,29883255010497,2009,47.805986,-121.058865,7,2,,,,,,,,,101.144,,,,,,,,,,98.655,,,
56303,48205454010497,2011,48.239597,-120.38956,47,2,,,,,,,,,,,78.133,,,,,,,,,,65.639,
56318,29395550010497,2008,46.042496,-121.654864,59,2,,,,,,,,88.646,,,,,,,,,,163.049,,,,
56322,13013990010497,2005,48.364582,-117.747244,65,2,,,,,72.128,,,,,,,,,,107.284,,,,,,,
56326,24496621010900,2003,46.024683,-121.865597,59,2,,,255.297,,,,,,,,,,248.09,,,,,,,,,
56338,24862779010900,2004,47.870837,-123.034911,9,2,,,,174.801,,,,,,,,,,200.366,,,,,,,,
56356,40220831010497,2010,47.988947,-124.208548,9,2,,,,,,,,,,233.576,,,,,,,,,,308.036,,
56366,13029231010497,2005,48.898984,-120.555316,47,2,,,,,30.398,,,,,,,,,,39.884,,,,,,,
56371,40220704010497,2010,48.556317,-122.173626,57,2,,,,,,,,,,165.687,,,,,,,,,,243.589,,
56443,30764449020004,2012,48.160802,-124.34238,9,2,,,,,,,,,,,,181.993,,,,,,,,,,306.974
56452,48203699010497,2011,47.172984,-123.387971,45,2,,,,,,,,,,,8.893,,,,,,,,,,57.275,
56460,22398724010497,2004,46.513152,-121.720329,41,2,,,,7.084,,,,,,,,,,22.411,,,,,,,,
56475,48203255010497,2011,48.572151,-120.078499,47,2,,,,,,,,,,,158.689,,,,,,,,,,176.049,
56492,22931133010497,2008,48.486804,-120.509814,47,2,,,,,,,,58.524,,,,,,,,,,58.343,,,,
56531,22827779010497,2007,47.397631,-121.621254,33,2,,,,,,,392.886,,,,,,,,,,382.335,,,,,
56553,12996941010497,2005,46.917706,-121.230908,77,2,,,,,131.009,,,,,,,,,,93.485,,,,,,,
56577,22398499010497,2003,47.401202,-123.47167,45,2,,,111.028,,,,,,,,,,196.46,,,,,,,,,
56578,22931272010497,2008,48.757918,-121.696326,73,2,,,,,,,,451.649,,,,,,,,,,425.579,,,,
56581,29395003010497,2008,47.565864,-121.287761,33,2,,,,,,,,17.773,,,,,,,,,,18.937,,,,
56582,8629129010901,2006,48.681835,-117.037657,51,2,,,,,,93.173,,,,,,,,,,116.943,,,,,,
56586,48206507010497,2011,47.530799,-120.781226,7,2,,,,,,,,,,,0.526,,,,,,,,,,3.568,
56610,22933051010497,2008,47.522592,-123.074458,45,2,,,,,,,,240.872,,,,,,,,,,304.705,,,,
56612,12994639010497,2005,46.578577,-121.180685,77,2,,,,,15.004,,,,,,,,,,18.806,,,,,,,
56620,22827513010497,2007,45.916933,-121.689864,59,2,,,,,,,499.59,,,,,,,,,,496.322,,,,,
56652,40220105010497,2010,45.938483,-121.624332,59,2,,,,,,,,,,63.094,,,,,,,,,,125.803,,
56659,48202980010497,2011,47.723622,-117.46631,63,2,,,,,,,,,,,45.52,,,,,,,,,,49.222,
56670,24845887010900,2004,46.532535,-121.466112,41,2,,,,113.387,,,,,,,,,,134.861,,,,,,,,
56680,24863458010900,2004,47.966929,-123.108218,9,2,,,,295.728,,,,,,,,,,331.614,,,,,,,,
56684,22932906010497,2008,45.896116,-122.042021,59,2,,,,,,,,355.731,,,,,,,,,,359.144,,,,
56705,193209046020004,2007,45.796971,-121.793756,59,2,,,,,,,403.251,,,,,,,,,,461.623,,,,,
56713,22827689010497,2007,48.308644,-120.304676,47,2,,,,,,,28.012,,,,,,,,,,26.608,,,,,
56719,48206551010497,2011,48.676325,-121.623352,73,2,,,,,,,,,,,117.85,,,,,,,,,,197.136,
56728,29395742010497,2008,46.110257,-117.404452,3,2,,,,,,,,73.982,,,,,,,,,,106.939,,,,
56736,8601444010901,2006,46.019661,-122.469605,15,2,,,,,,300.081,,,,,,,,,,349.914,,,,,,
56759,29882783010497,2009,47.373716,-123.866625,27,2,,,,,,,,,158.667,,,,,,,,,,197.295,,,
56762,13023283010497,2005,48.460842,-119.221347,47,2,,,,,158.551,,,,,,,,,,179.898,,,,,,,
56764,48205647010497,2011,48.966224,-119.629065,47,2,,,,,,,,,,,18.442,,,,,,,,,,21.739,
56769,24829480010900,2004,46.094886,-121.48019,77,2,,,,318.657,,,,,,,,,,325.987,,,,,,,,
56773,29883223010497,2009,46.387009,-122.954983,15,2,,,,,,,,,190.896,,,,,,,,,,299.627,,,
56783,22931027010497,2008,46.495078,-123.300155,41,2,,,,,,,,1.695,,,,,,,,,,15.723,,,,
56786,24529023010900,2003,47.449884,-124.293119,27,2,,,170.522,,,,,,,,,,325.078,,,,,,,,,
56787,13043929010497,2005,47.626087,-123.736558,31,2,,,,,496.348,,,,,,,,,,401.923,,,,,,,
56790,22399064010497,2005,48.893487,-117.991079,65,2,,,,,55.87,,,,,,,,,,45.246,,,,,,,
56793,40220472010497,2010,47.536238,-123.705826,31,2,,,,,,,,,,248.599,,,,,,,,,,246.77,,
56824,22398239010497,2002,47.518807,-121.549565,33,2,,432.967,,,,,,,,,,458.124,,,,,,,,,,
56835,48206515010497,2011,48.838468,-117.292638,51,2,,,,,,,,,,,86.422,,,,,,,,,,82.299,
56850,29395698010497,2008,48.474444,-121.258629,57,2,,,,,,,,138.114,,,,,,,,,,160.847,,,,
56857,40220603010497,2010,48.065073,-123.454147,9,2,,,,,,,,,,367.522,,,,,,,,,,400.446,,
56880,8613768010901,2006,47.616997,-122.789413,35,2,,,,,,267.253,,,,,,,,,,343.018,,,,,,
56916,24173984010900,2002,48.964435,-120.299109,47,2,,152.475,,,,,,,,,,177.365,,,,,,,,,,
56938,22398759010497,2004,48.600533,-120.328212,47,2,,,,143.204,,,,,,,,,,124.316,,,,,,,,
56947,29883016010497,2009,48.265221,-117.172209,51,2,,,,,,,,,23.99,,,,,,,,,,59.165,,,
56973,24162423010900,2002,46.678795,-122.908968,41,2,,30.082,,,,,,,,,,76.533,,,,,,,,,,
56983,24527445010900,2003,46.989911,-123.293234,27,2,,,141.922,,,,,,,,,,216.709,,,,,,,,,
56992,22398527010497,2003,48.592193,-118.926605,47,2,,,30.207,,,,,,,,,,19.332,,,,,,,,,
56998,29883217010497,2009,47.767183,-120.21946,7,2,,,,,,,,,4.15,,,,,,,,,,5.109,,,
57000,29882619010497,2009,45.990964,-120.313034,39,2,,,,,,,,,67.311,,,,,,,,,,98.867,,,
57008,13056359010497,2005,45.78645,-121.077544,39,2,,,,,86.789,,,,,,,,,,105.571,,,,,,,
57024,24149957010900,2002,47.428273,-121.990973,33,2,,14.071,,,,,,,,,,42.782,,,,,,,,,,
57033,24481528010900,2003,48.600449,-120.213028,47,2,,,82.262,,,,,,,,,,97.619,,,,,,,,,
57037,22398456010497,2003,47.356098,-123.982714,27,2,,,342.348,,,,,,,,,,336.897,,,,,,,,,
57047,24509895010900,2003,47.943044,-120.471798,7,2,,,0.708,,,,,,,,,,2.461,,,,,,,,,
57096,48206611010497,2011,46.504854,-121.251248,77,2,,,,,,,,,,,208.622,,,,,,,,,,223.19,
57105,40220447010497,2010,47.450519,-122.968059,45,2,,,,,,,,,,69.373,,,,,,,,,,90.006,,
57118,22398803010497,2004,45.825874,-121.944992,59,2,,,,291.158,,,,,,,,,,331.545,,,,,,,,
57144,29882703010497,2009,46.19437,-122.040076,59,2,,,,,,,,,622.617,,,,,,,,,,650.591,,,
57147,24502803010900,2003,48.171307,-121.043211,61,2,,,401.75,,,,,,,,,,401.508,,,,,,,,,
57152,8637815010901,2006,48.108319,-121.269301,61,2,,,,,,65.575,,,,,,,,,,82.076,,,,,,
57172,22954398010497,2006,48.097561,-120.766553,7,2,,,,,,74.723,,,,,,,,,,48.845,,,,,,
57180,29395588010497,2008,47.425385,-123.435741,45,2,,,,,,,,194.142,,,,,,,,,,235.411,,,,
57189,22398597010497,2003,46.217628,-121.612894,59,2,,,192.463,,,,,,,,,,219.255,,,,,,,,,
57204,22398793010497,2004,45.826505,-122.229292,59,2,,,,224.425,,,,,,,,,,278.187,,,,,,,,
57215,24530460010900,2003,47.598544,-124.11087,31,2,,,436.444,,,,,,,,,,321.563,,,,,,,,,
57234,25085192010900,2004,46.828475,-122.363273,67,2,,,,15.932,,,,,,,,,,85.262,,,,,,,,
57242,24861786010900,2004,48.099811,-120.836734,7,2,,,,40.247,,,,,,,,,,62.638,,,,,,,,
57245,8649647010901,2006,47.356927,-120.422178,7,2,,,,,,43.494,,,,,,,,,,50.875,,,,,,
57253,30764211020004,2012,47.947939,-121.059405,7,2,,,,,,,,,,,,42.938,,,,,,,,,,49.737
57258,13011286010497,2005,47.59939,-117.506806,63,2,,,,,35.487,,,,,,,,,,22.924,,,,,,,
57275,13033539010497,2005,48.41775,-117.229665,51,2,,,,,53.71,,,,,,,,,,71.799,,,,,,,
57295,8609172010901,2006,47.548579,-124.017698,31,2,,,,,,576.87,,,,,,,,,,483.949,,,,,,
57299,22399288010497,2006,48.104623,-121.312239,61,2,,,,,,521.835,,,,,,,,,,493.96,,,,,,
57303,8624556010901,2006,48.669022,-119.724352,47,2,,,,,,191.455,,,,,,,,,,231.027,,,,,,
57305,48203387010497,2011,46.027205,-121.43703,39,2,,,,,,,,,,,31.338,,,,,,,,,,59.551,
57316,24852012010900,2004,48.286282,-120.449831,47,2,,,,193.012,,,,,,,,,,203.506,,,,,,,,
57333,12989549010497,2005,48.88035,-122.768284,73,2,,,,,204.524,,,,,,,,,,224.94,,,,,,,
57346,22827672010497,2007,47.571519,-120.486187,7,2,,,,,,,27.351,,,,,,,,,,24.884,,,,,
57355,22933154010497,2008,47.93128,-123.156983,9,2,,,,,,,,323.418,,,,,,,,,,347.805,,,,
57357,22398771010497,2004,48.64476,-117.30337,51,2,,,,83.126,,,,,,,,,,97.034,,,,,,,,
57363,29883224010497,2009,46.394395,-121.383529,77,2,,,,,,,,,61.534,,,,,,,,,,81.483,,,
57365,48204252010497,2011,48.332679,-121.667049,57,2,,,,,,,,,,,593.214,,,,,,,,,,619.299,
57373,48206238010497,2011,48.602559,-120.252146,47,2,,,,,,,,,,,50.569,,,,,,,,,,48.657,
57376,24520893010900,2003,48.1523,-118.498234,19,2,,,90.763,,,,,,,,,,85.263,,,,,,,,,
57401,24182570010900,2002,46.960095,-122.191173,53,2,,366.754,,,,,,,,,,,,,,,,,,,,29.012
57409,22954544010497,2007,47.279041,-121.635134,33,2,,,,,,,44.053,,,,,,,,,,70.277,,,,,
57432,8602201010901,2006,46.290627,-123.032892,15,2,,,,,,109.881,,,,,,,,,,153.087,,,,,,
57444,29883363010497,2009,46.636436,-121.959763,41,2,,,,,,,,,29.818,,,,,,,,,,73.065,,,
57449,24511790010900,2003,48.35423,-120.742513,7,2,,,379.226,,,,,,,,,,257.565,,,,,,,,,
57457,48203553010497,2011,47.025561,-121.80294,53,2,,,,,,,,,,,97.009,,,,,,,,,,108.092,
57459,22398678010497,2004,48.535306,-118.84583,19,2,,,,14.272,,,,,,,,,,39.632,,,,,,,,
57489,24504300010900,2003,47.945059,-117.214492,63,2,,,20.83,,,,,,,,,,45.55,,,,,,,,,
57517,22954792010497,2007,48.800507,-118.825643,19,2,,,,,,,41.996,,,,,,,,,,53.007,,,,,
57518,48203388010497,2011,45.854487,-121.400903,39,2,,,,,,,,,,,42.855,,,,,,,,,,62.545,
57521,22399119010497,2006,48.658681,-118.311612,19,2,,,,,,6.176,,,,,,,,,,56.884,,,,,,
57526,24513145010900,2003,47.917492,-123.885748,9,2,,,447.55,,,,,,,,,,431.895,,,,,,,,,
57530,48204755010497,2011,47.919223,-120.513318,7,2,,,,,,,,,,,67.956,,,,,,,,,,107.506,
57581,22398935010497,2005,47.093425,-120.982623,37,2,,,,,125.739,,,,,,,,,,124.624,,,,,,,
57589,48205699010497,2011,46.083696,-121.281906,77,2,,,,,,,,,,,177.808,,,,,,,,,,204.459,
57600,13002451010497,2005,45.871825,-121.799237,59,2,,,,,740.931,,,,,,,,,,772.269,,,,,,,
57626,24184569010900,2002,48.353169,-122.019133,57,2,,11.57,,,,,,,,,,,,,,,,,,,,146.082
57629,13023123010497,2005,48.469104,-119.732284,47,2,,,,,99.961,,,,,,,,,,117.691,,,,,,,
57642,22398747010497,2004,48.383649,-120.332458,47,2,,,,42.451,,,,,,,,,,48.705,,,,,,,,
57665,29882840010497,2009,48.092032,-121.709877,61,2,,,,,,,,,160.637,,,,,,,,,,209.688,,,
57669,29394877010497,2008,46.562515,-121.819805,41,2,,,,,,,,423.8,,,,,,,,,,438.534,,,,
57675,40403494010497,2010,46.850967,-121.347707,77,2,,,,,,,,,,313.633,,,,,,,,,,253.735,,
57695,22931043010497,2008,46.642339,-121.63826,41,2,,,,,,,,82.47,,,,,,,,,,118.821,,,,
57720,48203546010497,2011,47.378771,-121.932092,33,2,,,,,,,,,,,219.72,,,,,,,,,,306.104,
57727,8635925010901,2006,46.241692,-121.826797,59,2,,,,,,463.958,,,,,,,,,,505.803,,,,,,
57748,8609367010901,2006,47.525424,-123.830553,31,2,,,,,,381.35,,,,,,,,,,443.902,,,,,,
57750,22399221010497,2006,48.557463,-120.516108,47,2,,,,,,166.125,,,,,,,,,,206.737,,,,,,
57759,22399285010497,2006,48.255715,-121.524847,61,2,,,,,,318.07,,,,,,,,,,315.544,,,,,,
57763,22398413010497,2003,47.430892,-120.677451,7,2,,,51.447,,,,,,,,,,49.644,,,,,,,,,
57772,29882727010497,2009,47.035401,-120.977786,37,2,,,,,,,,,42.962,,,,,,,,,,75.657,,,
57775,40220893010497,2010,48.590557,-120.846493,57,2,,,,,,,,,,335.708,,,,,,,,,,316.897,,
57780,40220683010497,2010,48.404492,-121.481732,57,2,,,,,,,,,,93.215,,,,,,,,,,188.166,,
57785,25069634010900,2004,48.408637,-121.77513,57,2,,,,226.025,,,,,,,,,,307.647,,,,,,,,
57789,24467269010900,2003,46.577823,-121.242991,77,2,,,381.447,,,,,,,,,,308.324,,,,,,,,,
57801,48203559010497,2011,46.490988,-121.896472,41,2,,,,,,,,,,,661.305,,,,,,,,,,631.263,
57812,22933010010497,2008,47.333395,-124.110895,27,2,,,,,,,,179.705,,,,,,,,,,217.687,,,,
57813,29395010010497,2008,47.958517,-121.196244,61,2,,,,,,,,282.446,,,,,,,,,,298.0,,,,
57816,22398412010497,2003,47.876885,-120.918427,7,2,,,253.138,,,,,,,,,,233.811,,,,,,,,,
57822,48206303010497,2011,48.518958,-119.070833,47,2,,,,,,,,,,,159.311,,,,,,,,,,68.802,
57825,29883090010497,2009,46.187362,-121.687953,59,2,,,,,,,,,51.742,,,,,,,,,,118.757,,,
57829,22954430010497,2007,46.556031,-124.040844,49,2,,,,,,,44.594,,,,,,,,,,58.574,,,,,
57839,29883554010497,2009,48.872075,-120.200143,47,2,,,,,,,,,23.328,,,,,,,,,,27.505,,,
57847,22398191010497,2002,47.901023,-120.435578,7,2,,11.937,,,,,,,,,,,,,,,,,,,,26.499
57856,22827605010497,2007,47.720147,-120.554485,7,2,,,,,,,104.627,,,,,,,,,,129.586,,,,,
57874,8627613010901,2006,46.424471,-123.779113,49,2,,,,,,285.402,,,,,,,,,,309.449,,,,,,
57892,29395534010497,2008,48.084869,-121.565728,61,2,,,,,,,,483.486,,,,,,,,,,418.835,,,,
57923,29395660010497,2008,47.40507,-123.583409,27,2,,,,,,,,195.462,,,,,,,,,,290.726,,,,
57935,13050584010497,2005,47.515951,-121.372942,33,2,,,,,470.121,,,,,,,,,,461.114,,,,,,,
57966,40220735010497,2010,48.669917,-119.97903,47,2,,,,,,,,,,6.433,,,,,,,,,,11.956,,
57979,8653315010901,2006,47.969024,-123.036023,9,2,,,,,,558.186,,,,,,,,,,641.841,,,,,,
57980,24881597010900,2004,47.566505,-123.744615,31,2,,,,721.904,,,,,,,,,,758.404,,,,,,,,
57988,40220710010497,2010,48.4368,-118.098269,65,2,,,,,,,,,,101.75,,,,,,,,,,157.289,,
57989,29882044010497,2009,48.044836,-120.500195,7,2,,,,,,,,,242.082,,,,,,,,,,241.326,,,
58003,24177507010900,2002,48.184528,-117.127592,51,2,,125.329,,,,,,,,,,155.616,,,,,,,,,,
58014,29882894010497,2009,46.511386,-121.57192,41,2,,,,,,,,,147.7,,,,,,,,,,224.681,,,
58018,29394733010497,2007,48.15689,-121.272468,61,2,,,,,,,318.723,,,,,,,,,,233.588,,,,,
58055,40220642010497,2010,48.269145,-119.292309,47,2,,,,,,,,,,1.805,,,,,,,,,,4.267,,
58077,22954773010497,2007,48.749406,-122.085069,73,2,,,,,,,359.405,,,,,,,,,,435.296,,,,,
58085,29883078010497,2009,48.090904,-120.639704,7,2,,,,,,,,,17.866,,,,,,,,,,26.904,,,
58086,22827666010497,2007,48.589613,-120.777396,57,2,,,,,,,99.205,,,,,,,,,,104.151,,,,,
58087,22933024010497,2008,47.382857,-124.319817,27,2,,,,,,,,47.095,,,,,,,,,,130.002,,,,
58098,8651353010901,2006,47.906348,-121.058726,7,2,,,,,,269.188,,,,,,,,,,296.088,,,,,,
58112,29882825010497,2009,46.658535,-121.8945,41,2,,,,,,,,,620.326,,,,,,,,,,579.875,,,
58120,22398811010497,2004,45.815483,-121.681837,59,2,,,,60.346,,,,,,,,,,67.409,,,,,,,,
58135,24198975010900,2002,48.503682,-117.521806,65,2,,122.042,,,,,,,,,,174.423,,,,,,,,,,
58142,40403468010497,2010,47.436968,-121.039167,37,2,,,,,,,,,,145.916,,,,,,,,,,82.726,,
58145,24139157010900,2002,46.153278,-117.441621,23,2,,65.792,,,,,,,,,,50.309,,,,,,,,,,
58150,13056786010497,2005,45.839354,-121.623995,59,2,,,,,536.832,,,,,,,,,,583.156,,,,,,,
58161,29395611010497,2008,45.895555,-121.728951,59,2,,,,,,,,24.714,,,,,,,,,,38.467,,,,
58177,13050083010497,2005,47.446333,-121.901012,33,2,,,,,337.33,,,,,,,,,,389.373,,,,,,,
58221,40220376010497,2010,47.129106,-123.078351,45,2,,,,,,,,,,80.412,,,,,,,,,,164.811,,
58245,40220867010497,2010,48.702949,-121.808547,73,2,,,,,,,,,,430.4,,,,,,,,,,448.959,,
58254,24178501010900,2002,48.469856,-117.331147,51,2,,3.369,,,,,,,,,,34.818,,,,,,,,,,
58276,22954539010497,2007,47.219275,-120.359674,37,2,,,,,,,30.124,,,,,,,,,,27.56,,,,,
58281,12981628010497,2005,48.669626,-118.495178,19,2,,,,,213.977,,,,,,,,,,191.233,,,,,,,
58301,48203603010497,2011,47.070659,-122.673361,53,2,,,,,,,,,,,195.663,,,,,,,,,,291.894,
58325,22398649010497,2003,47.968019,-120.656843,7,2,,,364.196,,,,,,,,,,366.26,,,,,,,,,
58349,22933049010497,2008,47.303811,-117.34547,63,2,,,,,,,,10.341,,,,,,,,,,11.218,,,,
58354,29883339010497,2009,47.33804,-123.508381,45,2,,,,,,,,,133.022,,,,,,,,,,211.311,,,
58366,22954400010497,2007,46.247849,-117.803247,13,2,,,,,,,73.41,,,,,,,,,,127.663,,,,,
58375,22826450010497,2007,46.082014,-117.801152,13,2,,,,,,,366.742,,,,,,,,,,405.397,,,,,
58379,24537567010900,2003,47.548415,-122.69006,35,2,,,292.244,,,,,,,,,,307.785,,,,,,,,,
58385,29882823010497,2009,48.890165,-119.262258,47,2,,,,,,,,,22.331,,,,,,,,,,42.701,,,
58392,29395653010497,2008,48.831002,-117.144264,51,2,,,,,,,,122.633,,,,,,,,,,173.309,,,,
58414,22954776010497,2007,48.669362,-118.431215,19,2,,,,,,,107.44,,,,,,,,,,108.691,,,,,
58416,40220755010497,2010,48.621046,-117.069394,51,2,,,,,,,,,,82.174,,,,,,,,,,119.004,,
58421,22398441010497,2003,48.641499,-118.280598,19,2,,,107.576,,,,,,,,,,109.819,,,,,,,,,
58427,13026273010497,2005,48.727623,-120.356717,47,2,,,,,131.782,,,,,,,,,,128.813,,,,,,,
58430,22398959010497,2005,48.768812,-119.163919,47,2,,,,,41.752,,,,,,,,,,40.529,,,,,,,
58446,8603058010901,2006,48.16336,-118.652941,19,2,,,,,,96.378,,,,,,,,,,98.428,,,,,,
58494,8634084010901,2006,45.785533,-121.910328,59,2,,,,,,48.766,,,,,,,,,,99.114,,,,,,
58505,22399076010497,2005,48.928357,-121.878796,73,2,,,,,73.51,,,,,,,,,,84.777,,,,,,,
58523,22398601010497,2003,46.33422,-121.573416,59,2,,,10.519,,,,,,,,,,30.659,,,,,,,,,
58529,8633261010901,2006,48.544328,-121.715576,57,2,,,,,,167.88,,,,,,,,,,154.339,,,,,,
58562,40403495010497,2010,48.607654,-120.474582,47,2,,,,,,,,,,85.804,,,,,,,,,,19.312,,
58584,22399253010497,2006,48.574254,-121.621001,57,2,,,,,,289.471,,,,,,,,,,274.214,,,,,,
58587,48206617010497,2011,45.824552,-122.01234,59,2,,,,,,,,,,,120.063,,,,,,,,,,214.789,
58593,22399255010497,2006,48.302685,-121.702961,57,2,,,,,,696.979,,,,,,,,,,647.136,,,,,,
58605,22954426010497,2007,47.067627,-121.23471,37,2,,,,,,,188.507,,,,,,,,,,232.919,,,,,
58614,48206769010497,2011,48.853544,-118.783521,19,2,,,,,,,,,,,67.453,,,,,,,,,,96.606,
58622,24534250010900,2003,47.129876,-121.571326,33,2,,,88.354,,,,,,,,,,172.087,,,,,,,,,
58627,22954353010497,2007,45.997975,-121.899216,59,2,,,,,,,79.265,,,,,,,,,,117.428,,,,,
58658,25064561010900,2004,48.503015,-117.440346,51,2,,,,294.682,,,,,,,,,,344.426,,,,,,,,
58663,22933284010497,2008,48.880794,-119.53652,47,2,,,,,,,,22.591,,,,,,,,,,32.796,,,,
58701,8623978010901,2006,48.568597,-119.581516,47,2,,,,,,1.058,,,,,,,,,,0.447,,,,,,
58704,29883432010497,2009,46.748092,-123.239052,41,2,,,,,,,,,351.316,,,,,,,,,,386.631,,,
58723,22931145010497,2008,48.600667,-122.936486,55,2,,,,,,,,71.672,,,,,,,,,,73.886,,,,
58734,25067276010900,2004,46.805159,-121.462505,53,2,,,,119.317,,,,,,,,,,138.796,,,,,,,,
58736,40220093010497,2010,45.831575,-121.41213,39,2,,,,,,,,,,85.007,,,,,,,,,,130.819,,
58759,22398991010497,2005,48.796775,-117.444987,51,2,,,,,153.677,,,,,,,,,,126.923,,,,,,,
58763,22954654010497,2007,48.014441,-121.427923,61,2,,,,,,,322.532,,,,,,,,,,231.374,,,,,
58786,40220853010497,2010,48.457686,-121.888314,57,2,,,,,,,,,,387.96,,,,,,,,,,307.486,,
58816,22932951010497,2008,47.07553,-122.082496,53,2,,,,,,,,111.321,,,,,,,,,,117.604,,,,
58833,22954719010497,2007,48.565149,-120.767622,57,2,,,,,,,169.193,,,,,,,,,,187.552,,,,,
58845,29882622010497,2009,46.039173,-121.690407,59,2,,,,,,,,,271.917,,,,,,,,,,311.245,,,
58870,24884838010900,2004,47.871575,-124.180031,31,2,,,,551.778,,,,,,,,,,573.108,,,,,,,,
58880,48205866010497,2011,47.85641,-121.058293,7,2,,,,,,,,,,,98.262,,,,,,,,,,132.995,
58890,13046576010497,2005,47.812878,-123.387213,31,2,,,,,482.705,,,,,,,,,,471.735,,,,,,,
58915,29882957010497,2009,48.308062,-120.116174,47,2,,,,,,,,,55.448,,,,,,,,,,70.561,,,
58922,22398667010497,2004,47.946651,-122.954638,9,2,,,,236.92,,,,,,,,,,272.549,,,,,,,,
58937,40220096010497,2010,45.855334,-122.280919,11,2,,,,,,,,,,60.231,,,,,,,,,,67.491,,
58939,13004016010497,2005,46.150963,-122.185146,59,2,,,,,191.476,,,,,,,,,,245.573,,,,,,,
58943,24143105010900,2002,47.326128,-123.960215,27,2,,106.059,,,,,,,,,,,,,,,,,,,,200.395
58951,48206465010497,2011,48.259267,-121.745166,61,2,,,,,,,,,,,482.39,,,,,,,,,,352.273,
58964,8620764010901,2006,47.374494,-123.466871,45,2,,,,,,31.405,,,,,,,,,,92.741,,,,,,
58982,193209183020004,2007,47.455085,-123.404482,45,2,,,,,,,34.589,,,,,,,,,,65.122,,,,,
58983,40220587010497,2010,47.970014,-123.363883,9,2,,,,,,,,,,437.013,,,,,,,,,,474.085,,
59006,22827598010497,2007,47.43277,-120.63741,7,2,,,,,,,17.934,,,,,,,,,,26.031,,,,,
59027,24840602010900,2004,47.467571,-121.210169,37,2,,,,200.095,,,,,,,,,,155.167,,,,,,,,
59032,22827561010497,2007,46.312212,-121.606307,59,2,,,,,,,774.57,,,,,,,,,,857.589,,,,,
59052,24514332010900,2003,48.063859,-124.251361,9,2,,,420.836,,,,,,,,,,545.641,,,,,,,,,
59055,22398458010497,2003,47.393738,-123.734304,27,2,,,193.909,,,,,,,,,,159.583,,,,,,,,,
59056,22954434010497,2007,46.638549,-123.811529,49,2,,,,,,,43.328,,,,,,,,,,100.875,,,,,
59076,22933273010497,2008,48.406171,-121.624592,57,2,,,,,,,,120.47,,,,,,,,,,168.442,,,,
59087,29395708010497,2008,47.823003,-122.998486,31,2,,,,,,,,230.864,,,,,,,,,,307.417,,,,
59091,29883547010497,2009,48.750642,-117.492427,51,2,,,,,,,,,76.449,,,,,,,,,,122.237,,,
59096,48204562010497,2011,47.328227,-123.464491,45,2,,,,,,,,,,,181.248,,,,,,,,,,185.748,
59098,22398481010497,2003,47.266351,-121.186813,37,2,,,190.575,,,,,,,,,,220.439,,,,,,,,,
59101,22398492010497,2003,46.40786,-121.785072,41,2,,,313.799,,,,,,,,,,389.494,,,,,,,,,
59149,40220369010497,2010,47.130431,-123.463203,45,2,,,,,,,,,,71.74,,,,,,,,,,129.084,,
59156,29395625010497,2008,47.507637,-123.364212,45,2,,,,,,,,273.171,,,,,,,,,,349.826,,,,
59161,8645269010901,2006,48.902084,-121.27144,73,2,,,,,,320.724,,,,,,,,,,375.192,,,,,,
59170,29395683010497,2008,46.674231,-121.066944,77,2,,,,,,,,86.534,,,,,,,,,,110.256,,,,
59198,40220855010497,2010,48.062368,-121.749957,61,2,,,,,,,,,,221.154,,,,,,,,,,238.827,,
59258,22398593010497,2003,46.171913,-122.119061,59,2,,,111.61,,,,,,,,,,126.872,,,,,,,,,
59283,48206619010497,2011,48.410914,-120.484347,47,2,,,,,,,,,,,136.569,,,,,,,,,,152.589,
59292,22954771010497,2007,48.582302,-117.504471,65,2,,,,,,,99.182,,,,,,,,,,141.546,,,,,
59302,29882883010497,2009,48.619429,-118.391039,19,2,,,,,,,,,157.272,,,,,,,,,,135.606,,,
59308,22931060010497,2008,46.728671,-122.365535,41,2,,,,,,,,145.109,,,,,,,,,,208.92,,,,
59310,29395612010497,2008,47.551058,-123.909601,31,2,,,,,,,,236.692,,,,,,,,,,318.211,,,,
59311,24501961010900,2003,48.158095,-121.411436,61,2,,,229.837,,,,,,,,,,289.929,,,,,,,,,
59316,29883019010497,2009,48.731385,-117.196468,51,2,,,,,,,,,166.25,,,,,,,,,,185.812,,,
59374,22931123010497,2008,48.259135,-117.064407,51,2,,,,,,,,91.358,,,,,,,,,,76.546,,,,
59386,48204563010497,2011,48.013746,-123.38181,9,2,,,,,,,,,,,359.318,,,,,,,,,,385.999,
59412,24536541010900,2003,47.661498,-121.285568,33,2,,,149.803,,,,,,,,,,238.218,,,,,,,,,
59422,40220482010497,2010,47.584765,-123.374673,45,2,,,,,,,,,,283.918,,,,,,,,,,234.683,,
59424,8639460010901,2006,47.791563,-117.492902,63,2,,,,,,92.268,,,,,,,,,,114.032,,,,,,
59426,22827466010497,2007,48.090181,-121.783844,61,2,,,,,,,476.453,,,,,,,,,,550.92,,,,,
59429,8610899010901,2006,47.81673,-124.460334,31,2,,,,,,104.545,,,,,,,,,,171.357,,,,,,
59431,48203558010497,2011,46.547532,-121.684604,41,2,,,,,,,,,,,195.944,,,,,,,,,,235.605,
59433,25076199010900,2004,47.915673,-121.63163,61,2,,,,231.354,,,,,,,,,,258.234,,,,,,,,
59437,48206606010497,2011,46.415718,-122.037303,41,2,,,,,,,,,,,810.598,,,,,,,,,,911.129,
59451,40220475010497,2010,47.512623,-120.652906,7,2,,,,,,,,,,109.754,,,,,,,,,,121.885,,
59453,25096348010900,2004,47.800724,-120.920211,7,2,,,,157.675,,,,,,,,,,180.632,,,,,,,,
59459,24480435010900,2003,48.471075,-118.899309,47,2,,,100.413,,,,,,,,,,105.814,,,,,,,,,
59481,13004400010497,2005,46.146962,-122.013177,59,2,,,,,435.37,,,,,,,,,,447.116,,,,,,,
59505,22399125010497,2006,48.930388,-118.809649,19,2,,,,,,12.676,,,,,,,,,,21.571,,,,,,
59508,24841869010900,2004,45.984108,-121.148446,39,2,,,,9.731,,,,,,,,,,47.806,,,,,,,,
59511,22398984010497,2005,48.583065,-120.554953,47,2,,,,,183.066,,,,,,,,,,202.011,,,,,,,
59545,22827753010497,2007,47.101221,-121.585655,53,2,,,,,,,236.307,,,,,,,,,,305.41,,,,,
59553,22933256010497,2008,48.303764,-120.339447,47,2,,,,,,,,40.437,,,,,,,,,,34.934,,,,
59554,13020452010497,2005,47.544998,-123.178824,45,2,,,,,352.147,,,,,,,,,,378.906,,,,,,,
59560,22954414010497,2006,46.475065,-123.434649,49,2,,,,,,95.086,,,,,,,,,,137.755,,,,,,
59570,40220703010497,2010,48.552327,-122.297495,57,2,,,,,,,,,,110.799,,,,,,,,,,118.073,,
59574,22399154010497,2006,47.714181,-121.470123,33,2,,,,,,294.959,,,,,,,,,,343.77,,,,,,
59578,22398865010497,2005,47.325763,-120.399745,7,2,,,,,57.666,,,,,,,,,,79.046,,,,,,,
59587,40220721010497,2010,48.483857,-117.582429,65,2,,,,,,,,,,167.304,,,,,,,,,,164.793,,
59640,48206588010497,2011,47.377192,-123.795832,27,2,,,,,,,,,,,575.121,,,,,,,,,,574.338,
59660,25063890010900,2004,48.332625,-117.422323,51,2,,,,295.993,,,,,,,,,,336.076,,,,,,,,
59670,8644227010901,2006,48.752585,-121.183459,73,2,,,,,,534.28,,,,,,,,,,607.297,,,,,,
59672,24183904010900,2002,47.107095,-121.604464,53,2,,27.119,,,,,,,,,,53.101,,,,,,,,,,
59683,22399153010497,2006,47.755118,-121.172417,33,2,,,,,,70.539,,,,,,,,,,97.127,,,,,,
59693,40403470010497,2010,48.191204,-120.568764,7,2,,,,,,,,,,291.493,,,,,,,,,,289.396,,
59698,22399105010497,2006,47.404593,-120.607814,7,2,,,,,,136.822,,,,,,,,,,131.442,,,,,,
59711,22398435010497,2003,48.729118,-118.831771,19,2,,,182.52,,,,,,,,,,199.179,,,,,,,,,
59713,13039392010497,2005,46.978772,-121.451893,53,2,,,,,427.29,,,,,,,,,,479.759,,,,,,,
59718,40220900010497,2010,48.639731,-120.844399,57,2,,,,,,,,,,64.407,,,,,,,,,,90.625,,
59753,22827631010497,2007,47.172771,-121.515454,33,2,,,,,,,481.009,,,,,,,,,,447.915,,,,,
59757,22954716010497,2007,48.456663,-118.775011,19,2,,,,,,,45.629,,,,,,,,,,3.142,,,,,
59765,40403384010497,2010,48.576145,-120.179382,47,2,,,,,,,,,,40.889,,,,,,,,,,43.923,,
59796,13025184010497,2005,48.624192,-120.145093,47,2,,,,,36.14,,,,,,,,,,47.732,,,,,,,
59802,22398640010497,2004,47.403768,-120.75104,7,2,,,,40.268,,,,,,,,,,72.722,,,,,,,,
59811,29882835010497,2009,48.161244,-121.597576,61,2,,,,,,,,,206.211,,,,,,,,,,193.991,,,
59828,22827604010497,2007,48.567319,-118.327845,19,2,,,,,,,146.666,,,,,,,,,,106.3,,,,,
59830,22398446010497,2003,48.76905,-118.449325,19,2,,,192.978,,,,,,,,,,151.602,,,,,,,,,
59862,22954628010497,2007,47.740269,-117.433514,63,2,,,,,,,20.89,,,,,,,,,,29.493,,,,,
59865,13052688010497,2005,47.521796,-122.983943,35,2,,,,,23.656,,,,,,,,,,61.376,,,,,,,
59876,24842284010900,2004,46.003571,-120.969201,39,2,,,,26.098,,,,,,,,,,36.551,,,,,,,,
59900,24533327010900,2003,47.817936,-123.103579,31,2,,,76.077,,,,,,,,,,90.637,,,,,,,,,
59923,40403445010497,2010,48.446602,-119.92755,47,2,,,,,,,,,,108.145,,,,,,,,,,105.886,,
59930,22932914010497,2008,46.95373,-123.457592,27,2,,,,,,,,59.132,,,,,,,,,,131.193,,,,
59931,22954436010497,2007,46.638367,-122.016249,41,2,,,,,,,69.541,,,,,,,,,,82.184,,,,,
59933,24488526010900,2003,48.71247,-117.136406,51,2,,,142.52,,,,,,,,,,164.472,,,,,,,,,
59946,193209225020004,2007,45.730866,-122.194688,59,2,,,,,,,148.248,,,,,,,,,,202.186,,,,,
59955,22398983010497,2005,48.608827,-120.402335,47,2,,,,,269.846,,,,,,,,,,280.052,,,,,,,
59958,48206656010497,2011,48.638558,-118.318519,19,2,,,,,,,,,,,112.759,,,,,,,,,,2.04,
59970,8616160010901,2006,46.024026,-120.908604,39,2,,,,,,98.427,,,,,,,,,,116.474,,,,,,
59975,22931285010497,2008,48.620684,-117.145286,51,2,,,,,,,,173.253,,,,,,,,,,196.869,,,,
59979,22827706010497,2007,48.678194,-120.154831,47,2,,,,,,,50.413,,,,,,,,,,72.715,,,,,
59997,22398880010497,2005,47.799697,-120.878144,7,2,,,,,450.326,,,,,,,,,,570.034,,,,,,,
60001,22398672010497,2004,48.563928,-118.397409,19,2,,,,27.969,,,,,,,,,,29.109,,,,,,,,
60014,40220242010497,2010,46.586867,-123.669535,49,2,,,,,,,,,,74.697,,,,,,,,,,171.706,,
60031,29883089010497,2009,45.924942,-122.185415,59,2,,,,,,,,,130.072,,,,,,,,,,230.63,,,
60040,87466737020004,2012,48.460861,-118.236283,19,2,,,,,,,,,,,,111.684,,,,,,,,,,124.195
60051,24844205010900,2004,46.43745,-121.753046,41,2,,,,365.835,,,,,,,,,,446.378,,,,,,,,
60058,22954386010497,2007,46.124499,-117.266303,3,2,,,,,,,139.788,,,,,,,,,,148.888,,,,,
60077,48206230010497,2011,46.119677,-121.971666,59,2,,,,,,,,,,,387.13,,,,,,,,,,428.357,
60086,48204984010497,2011,48.861623,-117.591,65,2,,,,,,,,,,,18.512,,,,,,,,,,24.942,
60100,29395007010497,2008,47.867193,-124.027603,31,2,,,,,,,,441.603,,,,,,,,,,340.301,,,,
60101,40403501010497,2010,47.896084,-120.582624,7,2,,,,,,,,,,96.361,,,,,,,,,,115.351,,
60123,22827657010497,2007,48.428772,-119.959915,47,2,,,,,,,85.42,,,,,,,,,,77.929,,,,,
60126,29395521010497,2008,46.53717,-121.856766,41,2,,,,,,,,320.65,,,,,,,,,,393.687,,,,
60138,29394748010497,2007,46.37874,-121.46009,77,2,,,,,,,493.47,,,,,,,,,,480.254,,,,,
60140,29395547010497,2008,48.725959,-121.659201,73,2,,,,,,,,152.384,,,,,,,,,,106.385,,,,
60161,29883415010497,2009,48.056184,-122.595881,29,2,,,,,,,,,110.804,,,,,,,,,,179.476,,,
60180,29883211010497,2009,48.060661,-120.136106,47,2,,,,,,,,,39.466,,,,,,,,,,84.211,,,
60181,22399254010497,2006,48.407431,-121.659356,57,2,,,,,,425.837,,,,,,,,,,351.856,,,,,,
60196,24875233010900,2004,46.06167,-117.514747,23,2,,,,149.108,,,,,,,,,,165.072,,,,,,,,
60205,48205994010497,2011,48.203254,-118.410422,19,2,,,,,,,,,,,69.437,,,,,,,,,,87.228,
60214,13046245010497,2005,47.822346,-123.961547,31,2,,,,,830.591,,,,,,,,,,792.274,,,,,,,
60221,24465727010900,2003,46.240775,-121.205611,77,2,,,51.736,,,,,,,,,,75.278,,,,,,,,,
60226,29883063010497,2009,47.550903,-120.704483,7,2,,,,,,,,,120.931,,,,,,,,,,131.399,,,
60229,24486692010900,2003,48.063443,-117.091333,51,2,,,183.487,,,,,,,,,,237.896,,,,,,,,,
60257,22398545010497,2003,48.784847,-117.188346,51,2,,,152.631,,,,,,,,,,194.81,,,,,,,,,
60288,25083809010900,2004,48.818797,-117.85583,65,2,,,,31.486,,,,,,,,,,65.371,,,,,,,,
60295,22954675010497,2007,48.116228,-123.075585,9,2,,,,,,,128.833,,,,,,,,,,160.424,,,,,
60318,8633064010901,2006,48.552394,-121.545097,57,2,,,,,,204.382,,,,,,,,,,240.489,,,,,,
60322,22931019010497,2008,46.502594,-121.908371,41,2,,,,,,,,81.631,,,,,,,,,,90.345,,,,
60328,25073985010900,2004,46.075469,-121.867091,59,2,,,,19.23,,,,,,,,,,35.596,,,,,,,,
60348,48206233010497,2011,46.113696,-117.474933,3,2,,,,,,,,,,,86.094,,,,,,,,,,128.2,
60351,24869629010900,2004,46.1805,-122.566673,15,2,,,,32.174,,,,,,,,,,174.529,,,,,,,,
60365,22398909010497,2005,48.779125,-118.188454,19,2,,,,,215.74,,,,,,,,,,218.574,,,,,,,
60377,24479417010900,2003,48.418933,-120.536437,47,2,,,27.582,,,,,,,,,,45.339,,,,,,,,,
60391,22954523010497,2007,47.153942,-121.958214,53,2,,,,,,,83.445,,,,,,,,,,138.936,,,,,
60398,29395529010497,2008,46.115134,-117.874239,13,2,,,,,,,,167.026,,,,,,,,,,99.819,,,,
60409,8619237010901,2006,46.708529,-121.887079,41,2,,,,,,98.768,,,,,,,,,,155.708,,,,,,
60412,29881975010497,2009,48.747044,-119.121509,47,2,,,,,,,,,208.372,,,,,,,,,,170.756,,,
60420,29882525010497,2009,45.651345,-122.138343,59,2,,,,,,,,,129.1,,,,,,,,,,195.773,,,
60423,12965572010497,2005,47.706577,-120.85476,7,2,,,,,85.001,,,,,,,,,,57.8,,,,,,,
60430,22827468010497,2007,48.037516,-120.284045,7,2,,,,,,,11.593,,,,,,,,,,17.551,,,,,
60454,29883523010497,2009,46.896947,-121.130764,77,2,,,,,,,,,92.199,,,,,,,,,,128.226,,,
60463,29395700010497,2008,47.780189,-120.953243,7,2,,,,,,,,32.181,,,,,,,,,,48.076,,,,
60472,40220094010497,2010,45.835317,-121.078706,39,2,,,,,,,,,,82.047,,,,,,,,,,87.398,,
60485,8605189010901,2006,48.765839,-118.49142,19,2,,,,,,31.287,,,,,,,,,,49.172,,,,,,
60486,25081321010900,2004,47.992946,-117.717171,65,2,,,,35.657,,,,,,,,,,46.176,,,,,,,,
60506,29395583010497,2008,48.898288,-117.509921,65,2,,,,,,,,200.233,,,,,,,,,,234.937,,,,
60520,22398478010497,2003,47.363056,-121.040271,37,2,,,117.781,,,,,,,,,,79.859,,,,,,,,,
60528,24536986010900,2003,47.687596,-121.502452,33,2,,,38.94,,,,,,,,,,52.457,,,,,,,,,
60542,24531189010900,2003,47.632689,-123.953187,31,2,,,239.908,,,,,,,,,,265.462,,,,,,,,,
60571,29883088010497,2009,47.501407,-123.576604,27,2,,,,,,,,,356.945,,,,,,,,,,350.476,,,
60580,40220157010497,2010,46.24155,-121.681538,59,2,,,,,,,,,,257.155,,,,,,,,,,315.966,,
60581,29395539010497,2008,48.487996,-118.888046,47,2,,,,,,,,66.255,,,,,,,,,,26.18,,,,
60595,22399071010497,2005,48.706402,-120.723268,73,2,,,,,19.379,,,,,,,,,,46.763,,,,,,,
60612,22398449010497,2003,48.932872,-118.400521,19,2,,,151.374,,,,,,,,,,166.2,,,,,,,,,
60622,22398508010497,2003,48.569857,-119.952949,47,2,,,127.343,,,,,,,,,,101.937,,,,,,,,,
60655,30852447020004,2012,47.818497,-120.439889,7,2,,,,,,,,,,,,10.77,,,,,,,,,,0.882
60666,24534537010900,2003,47.175463,-121.715852,33,2,,,61.912,,,,,,,,,,121.16,,,,,,,,,
60674,13034882010497,2005,48.732255,-117.610759,51,2,,,,,89.496,,,,,,,,,,130.497,,,,,,,
60675,24842721010900,2004,46.03896,-120.660884,39,2,,,,14.45,,,,,,,,,,5.317,,,,,,,,
60703,40220302010497,2010,46.859082,-122.667339,67,2,,,,,,,,,,243.628,,,,,,,,,,70.104,,
60724,22954394010497,2007,46.39307,-123.032123,41,2,,,,,,,35.275,,,,,,,,,,84.766,,,,,
60731,13044558010497,2005,47.662359,-123.380929,31,2,,,,,485.436,,,,,,,,,,507.12,,,,,,,
60740,13055977010497,2005,47.513332,-121.215134,37,2,,,,,21.225,,,,,,,,,,29.705,,,,,,,
60752,48206278010497,2011,48.998005,-118.69648,19,2,,,,,,,,,,,314.031,,,,,,,,,,175.022,
60754,40220764010497,2010,48.821501,-120.535408,47,2,,,,,,,,,,124.379,,,,,,,,,,138.711,,
60767,29883555010497,2009,48.827949,-118.930681,47,2,,,,,,,,,111.572,,,,,,,,,,125.446,,,
60789,22398837010497,2004,48.740084,-120.762193,73,2,,,,274.817,,,,,,,,,,369.646,,,,,,,,
60817,8632713010901,2006,48.463697,-122.617198,57,2,,,,,,276.5,,,,,,,,,,262.274,,,,,,
60855,24131014010900,2002,46.321725,-117.803813,13,2,,21.409,,,,,,,,,,,,,,,,,,,,0.796
60867,22954336010497,2007,45.717382,-121.171543,39,2,,,,,,,67.345,,,,,,,,,,83.635,,,,,
60868,29882880010497,2009,46.885031,-123.656184,27,2,,,,,,,,,126.12,,,,,,,,,,161.046,,,
60918,8614672010901,2006,47.195084,-120.392575,37,2,,,,,,54.36,,,,,,,,,,76.386,,,,,,
60934,22398765010497,2004,48.789193,-117.343365,51,2,,,,361.682,,,,,,,,,,314.444,,,,,,,,
60947,29882541010497,2009,45.898317,-121.62691,59,2,,,,,,,,,838.487,,,,,,,,,,965.919,,,
60961,48206237010497,2011,48.60516,-120.363363,47,2,,,,,,,,,,,149.331,,,,,,,,,,169.724,
60962,22399265010497,2006,46.214622,-121.829771,59,2,,,,,,28.964,,,,,,,,,,106.675,,,,,,
60988,29882042010497,2009,46.89835,-121.08902,77,2,,,,,,,,,113.515,,,,,,,,,,105.115,,,
60991,8638626010901,2006,48.249981,-121.120891,61,2,,,,,,203.727,,,,,,,,,,223.197,,,,,,
60997,22932912010497,2008,45.981808,-121.485251,39,2,,,,,,,,16.676,,,,,,,,,,11.146,,,,
61005,24875484010900,2004,46.214363,-117.572509,23,2,,,,185.368,,,,,,,,,,187.652,,,,,,,,
61007,22954420010497,2007,46.486468,-121.680578,41,2,,,,,,,22.451,,,,,,,,,,48.175,,,,,
61037,29395725010497,2008,47.919849,-120.544893,7,2,,,,,,,,190.205,,,,,,,,,,152.933,,,,
61038,13000318010497,2005,48.575422,-122.201121,57,2,,,,,17.968,,,,,,,,,,87.52,,,,,,,
61082,22399012010497,2005,48.379136,-121.710801,57,2,,,,,450.228,,,,,,,,,,366.361,,,,,,,
61093,22954689010497,2007,48.351729,-121.500037,57,2,,,,,,,229.191,,,,,,,,,,260.083,,,,,
61094,24840377010900,2004,47.327487,-120.870492,37,2,,,,163.976,,,,,,,,,,168.851,,,,,,,,
61096,12965856010497,2005,47.699017,-120.704012,7,2,,,,,194.763,,,,,,,,,,220.806,,,,,,,
61110,29881886010497,2009,48.605742,-122.164504,57,2,,,,,,,,,213.291,,,,,,,,,,285.05,,,
61125,22399262010497,2006,45.79442,-121.728906,59,2,,,,,,300.537,,,,,,,,,,359.9,,,,,,
61138,48204912010497,2011,48.495591,-119.192305,47,2,,,,,,,,,,,104.381,,,,,,,,,,137.223,
61139,24478062010900,2003,48.166233,-118.850377,47,2,,,133.24,,,,,,,,,,142.175,,,,,,,,,
61142,22827764010497,2007,47.779711,-121.025617,7,2,,,,,,,26.621,,,,,,,,,,77.003,,,,,
61158,24858663010900,2004,46.558925,-123.700894,49,2,,,,288.638,,,,,,,,,,277.262,,,,,,,,
61178,25072608010900,2004,45.896499,-121.835263,59,2,,,,171.46,,,,,,,,,,247.752,,,,,,,,
61189,48203081010497,2011,47.888768,-118.016133,65,2,,,,,,,,,,,46.396,,,,,,,,,,69.629,
61198,22954759010497,2007,48.533951,-117.727436,65,2,,,,,,,174.064,,,,,,,,,,196.524,,,,,
61218,22827321010497,2007,48.773933,-121.734348,73,2,,,,,,,191.097,,,,,,,,,,214.447,,,,,
61224,8601898010901,2006,46.186807,-123.019962,15,2,,,,,,110.365,,,,,,,,,,123.599,,,,,,
61227,40220727010497,2010,48.625737,-120.284791,47,2,,,,,,,,,,178.228,,,,,,,,,,200.279,,
61230,29395548010497,2008,48.751545,-121.664892,73,2,,,,,,,,215.133,,,,,,,,,,190.979,,,,
61254,22931081010497,2008,46.778636,-121.167155,77,2,,,,,,,,211.905,,,,,,,,,,205.285,,,,
61264,13053565010497,2005,46.912626,-120.945496,37,2,,,,,73.529,,,,,,,,,,66.417,,,,,,,
61265,22954494010497,2007,47.078356,-124.106611,27,2,,,,,,,29.625,,,,,,,,,,84.875,,,,,
61276,13057728010497,2005,45.88248,-120.933295,39,2,,,,,76.789,,,,,,,,,,90.272,,,,,,,
61287,13054497010497,2005,47.23786,-120.654501,37,2,,,,,147.271,,,,,,,,,,123.043,,,,,,,
61313,12983238010497,2005,48.811723,-118.33923,19,2,,,,,244.172,,,,,,,,,,176.566,,,,,,,
61336,48206364010497,2011,47.764473,-121.538042,33,2,,,,,,,,,,,94.552,,,,,,,,,,117.246,
61337,22398846010497,2004,46.553123,-121.252296,77,2,,,,210.939,,,,,,,,,,240.091,,,,,,,,
61345,22398976010497,2005,48.545558,-120.028741,47,2,,,,,75.907,,,,,,,,,,14.985,,,,,,,
61350,22398931010497,2005,47.260124,-120.689231,37,2,,,,,100.684,,,,,,,,,,128.016,,,,,,,
61355,22827767010497,2007,48.232794,-117.50916,65,2,,,,,,,30.631,,,,,,,,,,100.397,,,,,
61380,22827603010497,2007,47.097607,-121.477966,53,2,,,,,,,49.836,,,,,,,,,,117.949,,,,,
61417,22398748010497,2004,48.589591,-119.917476,47,2,,,,120.067,,,,,,,,,,73.262,,,,,,,,
61422,29395623010497,2008,48.597172,-117.394203,51,2,,,,,,,,99.974,,,,,,,,,,117.271,,,,
61451,40220605010497,2010,47.990997,-120.394521,7,2,,,,,,,,,,32.781,,,,,,,,,,25.917,,
61526,29882777010497,2009,46.647161,-121.029841,77,2,,,,,,,,,116.454,,,,,,,,,,146.241,,,
61535,22398669010497,2004,46.00881,-117.972651,13,2,,,,209.364,,,,,,,,,,229.618,,,,,,,,
61545,40220129010497,2010,46.108795,-121.304599,77,2,,,,,,,,,,253.966,,,,,,,,,,300.504,,
61546,24186246010900,2002,48.556295,-121.86378,57,2,,52.597,,,,,,,,,,,,,,,,,,,,159.828
61552,48202603010497,2011,48.870357,-120.125593,47,2,,,,,,,,,,,13.278,,,,,,,,,,12.267,
61586,22398685010497,2004,48.64593,-118.459875,19,2,,,,177.745,,,,,,,,,,130.492,,,,,,,,
61593,40220844010497,2010,46.103686,-117.338899,3,2,,,,,,,,,,201.608,,,,,,,,,,257.808,,
61597,24868374010900,2004,46.186303,-117.909606,13,2,,,,23.681,,,,,,,,,,47.721,,,,,,,,
61598,48206419010497,2011,46.202128,-117.785274,13,2,,,,,,,,,,,49.018,,,,,,,,,,57.169,
61619,48204206010497,2011,48.558081,-117.206484,51,2,,,,,,,,,,,283.675,,,,,,,,,,329.707,
61632,29395634010497,2008,46.94242,-120.913503,37,2,,,,,,,,178.499,,,,,,,,,,211.767,,,,
61645,40220510010497,2010,47.648727,-120.700052,7,2,,,,,,,,,,25.117,,,,,,,,,,5.138,,
61653,22954599010497,2007,48.213229,-118.569871,19,2,,,,,,,139.014,,,,,,,,,,182.963,,,,,
61655,22398462010497,2003,47.152193,-121.517483,33,2,,,330.823,,,,,,,,,,369.878,,,,,,,,,
61659,8652732010901,2006,48.408412,-120.873805,7,2,,,,,,190.467,,,,,,,,,,168.324,,,,,,
61660,24496038010900,2003,45.845664,-121.835256,59,2,,,570.313,,,,,,,,,,565.625,,,,,,,,,
61662,22398581010497,2003,46.114581,-121.794667,59,2,,,294.183,,,,,,,,,,334.965,,,,,,,,,
61680,193209129020004,2007,45.921517,-121.945732,59,2,,,,,,,197.416,,,,,,,,,,264.713,,,,,
61711,30764671020004,2012,48.606992,-122.802304,55,2,,,,,,,,,,,,494.769,,,,,,,,,,576.746
61757,22399120010497,2006,48.705841,-118.166522,19,2,,,,,,57.065,,,,,,,,,,72.336,,,,,,
61790,24514156010900,2003,48.030921,-123.344915,9,2,,,212.065,,,,,,,,,,272.143,,,,,,,,,
61807,48205244010497,2011,48.055943,-121.272253,61,2,,,,,,,,,,,359.86,,,,,,,,,,379.307,
61811,22954344010497,2007,45.869618,-121.728383,59,2,,,,,,,69.093,,,,,,,,,,69.985,,,,,
61820,40220801010497,2010,48.947397,-117.468112,65,2,,,,,,,,,,155.17,,,,,,,,,,179.03,,
61828,22398420010497,2003,48.108484,-124.205619,9,2,,,51.873,,,,,,,,,,127.584,,,,,,,,,
61831,48205122010497,2011,46.397954,-123.456341,49,2,,,,,,,,,,,22.803,,,,,,,,,,76.327,
61841,13047654010497,2005,47.865235,-123.238224,31,2,,,,,203.818,,,,,,,,,,208.326,,,,,,,
61845,22398264010497,2002,46.685686,-121.858107,41,2,,128.374,,,,,,,,,,221.406,,,,,,,,,,
61847,13032268010497,2005,48.092851,-117.204391,51,2,,,,,135.767,,,,,,,,,,179.886,,,,,,,
61882,8633377010901,2006,48.600858,-121.34813,57,2,,,,,,280.293,,,,,,,,,,316.104,,,,,,
61889,22930992010497,2008,46.442559,-123.741344,49,2,,,,,,,,94.326,,,,,,,,,,200.962,,,,
61901,48206345010497,2011,47.354183,-123.505675,27,2,,,,,,,,,,,36.643,,,,,,,,,,94.314,
61912,22827572010497,2007,46.309347,-121.64654,59,2,,,,,,,241.708,,,,,,,,,,220.805,,,,,
61913,193209141020004,2007,48.37818,-121.67101,57,2,,,,,,,305.722,,,,,,,,,,270.562,,,,,
61920,48206169010497,2011,47.702265,-120.737488,7,2,,,,,,,,,,,143.973,,,,,,,,,,156.644,
61941,24834286010900,2004,47.230021,-121.716543,33,2,,,,124.103,,,,,,,,,,175.718,,,,,,,,
61947,24850339010900,2004,47.430087,-123.159087,45,2,,,,81.818,,,,,,,,,,108.747,,,,,,,,
61950,29883469010497,2009,48.695698,-121.10686,73,2,,,,,,,,,96.392,,,,,,,,,,104.449,,,
61968,193209139020004,2007,48.36257,-121.820219,57,2,,,,,,,207.297,,,,,,,,,,220.074,,,,,
62005,29882831010497,2009,47.046921,-121.052451,37,2,,,,,,,,,134.926,,,,,,,,,,166.297,,,
62024,22399191010497,2006,47.35107,-123.439206,45,2,,,,,,13.087,,,,,,,,,,53.88,,,,,,
62029,24845230010900,2004,46.591164,-122.1304,41,2,,,,56.391,,,,,,,,,,155.384,,,,,,,,
62043,24483230010900,2003,48.875845,-120.426783,47,2,,,52.812,,,,,,,,,,66.561,,,,,,,,,
62075,8621073010901,2006,47.44818,-123.281881,45,2,,,,,,567.817,,,,,,,,,,619.084,,,,,,
62092,22398543010497,2002,48.907876,-117.242918,51,2,,81.522,,,,,,,,,,88.245,,,,,,,,,,
62109,29883277010497,2009,48.523394,-118.48162,19,2,,,,,,,,,19.84,,,,,,,,,,63.401,,,
62114,29883070010497,2009,46.750364,-121.131446,77,2,,,,,,,,,108.144,,,,,,,,,,70.169,,,
62128,29395530010497,2008,47.641633,-121.605037,33,2,,,,,,,,194.056,,,,,,,,,,307.343,,,,
62145,29883292010497,2009,46.486053,-121.59801,41,2,,,,,,,,,469.653,,,,,,,,,,487.048,,,
62152,29883263010497,2009,47.854844,-121.126505,7,2,,,,,,,,,364.742,,,,,,,,,,342.804,,,
62156,48206453010497,2011,46.603261,-121.248083,77,2,,,,,,,,,,,315.19,,,,,,,,,,312.148,
62161,24130453010900,2002,46.036188,-117.940058,13,2,,183.68,,,,,,,,,,213.95,,,,,,,,,,
62166,24198552010900,2002,48.436253,-117.728666,65,2,,278.811,,,,,,,,,,253.101,,,,,,,,,,
62168,40220604010497,2010,48.060499,-121.639366,61,2,,,,,,,,,,291.896,,,,,,,,,,355.775,,
62169,24459116010900,2003,48.884385,-117.719157,65,2,,,132.046,,,,,,,,,,180.51,,,,,,,,,
62206,29883027010497,2009,48.019922,-124.033253,9,2,,,,,,,,,1130.533,,,,,,,,,,1088.754,,,
62207,22398989010497,2005,48.232834,-120.27653,47,2,,,,,186.728,,,,,,,,,,227.21,,,,,,,
62229,24530985010900,2003,47.626619,-123.811074,31,2,,,548.221,,,,,,,,,,558.708,,,,,,,,,
62232,48204115010497,2011,46.100349,-122.487618,15,2,,,,,,,,,,,148.162,,,,,,,,,,222.396,
62247,12967580010497,2005,47.891345,-120.546321,7,2,,,,,171.432,,,,,,,,,,193.003,,,,,,,
62263,22954704010497,2007,48.717434,-119.909228,47,2,,,,,,,49.057,,,,,,,,,,49.863,,,,,
62264,22399043010497,2005,46.144583,-122.221933,59,2,,,,,26.771,,,,,,,,,,54.689,,,,,,,
62266,24161169010900,2002,46.568796,-122.198729,41,2,,1.494,,,,,,,,,,80.534,,,,,,,,,,
62271,29395558010497,2008,47.379688,-123.512802,27,2,,,,,,,,219.568,,,,,,,,,,327.923,,,,
62287,8603953010901,2006,48.430406,-118.814691,19,2,,,,,,75.88,,,,,,,,,,72.503,,,,,,
62296,29883265010497,2009,48.689929,-118.274702,19,2,,,,,,,,,45.514,,,,,,,,,,23.417,,,
62312,48204211010497,2011,48.240974,-117.127958,51,2,,,,,,,,,,,89.859,,,,,,,,,,71.236,
62314,12976932010497,2005,46.07956,-122.692176,15,2,,,,,72.34,,,,,,,,,,156.324,,,,,,,
62337,40403491010497,2010,48.353977,-117.457965,51,2,,,,,,,,,,266.214,,,,,,,,,,335.529,,
62340,22931278010497,2008,48.618546,-117.429425,51,2,,,,,,,,346.493,,,,,,,,,,379.459,,,,
62345,40403585010497,2010,48.069,-120.611261,7,2,,,,,,,,,,310.184,,,,,,,,,,294.266,,
62347,193209119020004,2005,47.969537,-120.622858,7,2,,,,,286.868,,,,,,,,,,288.907,,,,,,,
62362,22398999010497,2005,48.303497,-117.469772,51,2,,,,,211.737,,,,,,,,,,246.451,,,,,,,
62375,48204447010497,2011,48.529724,-120.443837,47,2,,,,,,,,,,,187.774,,,,,,,,,,207.353,
62380,40403463010497,2010,48.834824,-118.300219,19,2,,,,,,,,,,115.88,,,,,,,,,,122.391,,
62399,22398608010497,2003,48.254747,-121.709658,61,2,,,384.933,,,,,,,,,,398.793,,,,,,,,,
62417,8641306010901,2006,48.637877,-117.763373,65,2,,,,,,84.315,,,,,,,,,,123.219,,,,,,
62446,22932897010497,2008,45.845208,-122.709467,11,2,,,,,,,,25.523,,,,,,,,,,8.99,,,,
62460,29883383010497,2009,48.004228,-121.684903,61,2,,,,,,,,,328.824,,,,,,,,,,360.845,,,
62477,29395666010497,2008,46.171745,-122.360557,15,2,,,,,,,,379.819,,,,,,,,,,488.293,,,,
62490,24199205010900,2002,48.614029,-117.686663,65,2,,105.618,,,,,,,,,,131.908,,,,,,,,,,
62494,22399185010497,2006,46.392808,-122.001705,41,2,,,,,,370.779,,,,,,,,,,449.334,,,,,,
62502,40220252010497,2010,46.634771,-121.822377,41,2,,,,,,,,,,631.075,,,,,,,,,,604.53,,
62505,22399008010497,2005,48.423163,-121.449471,57,2,,,,,324.799,,,,,,,,,,302.039,,,,,,,
62527,22398551010497,2003,48.40352,-117.377249,51,2,,,212.254,,,,,,,,,,249.272,,,,,,,,,
62529,48204856010497,2011,48.390679,-117.712804,65,2,,,,,,,,,,,157.457,,,,,,,,,,218.859,
62560,22398241010497,2002,47.328518,-120.7212,37,2,,13.506,,,,,,,,,,,,,,,,,,,,35.023
62590,24125006010900,2002,47.972818,-120.507931,7,2,,154.063,,,,,,,,,,163.804,,,,,,,,,,
62593,8632170010901,2006,48.362033,-121.878448,57,2,,,,,,46.344,,,,,,,,,,88.381,,,,,,
62599,29883170010497,2009,46.345849,-123.303087,69,2,,,,,,,,,151.213,,,,,,,,,,227.886,,,
62611,29883271010497,2009,47.286265,-120.755714,37,2,,,,,,,,,183.962,,,,,,,,,,184.322,,,
62615,48203118010497,2011,48.83052,-118.860248,47,2,,,,,,,,,,,44.034,,,,,,,,,,54.549,
62645,8650442010901,2006,47.672003,-120.482634,7,2,,,,,,68.342,,,,,,,,,,97.211,,,,,,
62675,29882951010497,2009,48.727905,-121.699784,73,2,,,,,,,,,322.369,,,,,,,,,,326.984,,,
62682,29882535010497,2009,45.788441,-120.586529,39,2,,,,,,,,,20.155,,,,,,,,,,22.036,,,
62699,22399134010497,2006,48.736279,-118.2782,19,2,,,,,,130.623,,,,,,,,,,135.508,,,,,,
62703,22954763010497,2007,48.583088,-117.87515,65,2,,,,,,,20.362,,,,,,,,,,28.067,,,,,
62714,24866927010900,2004,48.30961,-124.632821,9,2,,,,164.36,,,,,,,,,,242.717,,,,,,,,
62716,22398908010497,2005,48.502174,-118.768368,19,2,,,,,48.182,,,,,,,,,,87.207,,,,,,,
62718,8631650010901,2006,48.652934,-122.828438,55,2,,,,,,285.528,,,,,,,,,,380.605,,,,,,
62730,40403415010497,2010,47.230462,-120.540775,37,2,,,,,,,,,,57.59,,,,,,,,,,31.239,,
62742,24207922010900,2002,46.278108,-121.284179,77,2,,131.704,,,,,,,,,,,,,,,,,,,,142.823
62759,24876578010900,2004,46.880253,-123.942181,27,2,,,,19.16,,,,,,,,,,101.11,,,,,,,,
62775,22398709010497,2004,47.396613,-121.407212,37,2,,,,277.655,,,,,,,,,,361.754,,,,,,,,
62776,24480264010900,2003,48.463175,-119.436688,47,2,,,34.112,,,,,,,,,,3.63,,,,,,,,,
62778,40220805010497,2010,46.462938,-121.822688,41,2,,,,,,,,,,90.538,,,,,,,,,,192.826,,
62790,48203974010497,2011,48.232255,-120.237934,47,2,,,,,,,,,,,90.928,,,,,,,,,,87.954,
62796,40220619010497,2010,48.116691,-124.549322,9,2,,,,,,,,,,107.928,,,,,,,,,,212.982,,
62800,24495541010900,2003,45.851641,-122.190457,59,2,,,80.59,,,,,,,,,,136.271,,,,,,,,,
62814,8614179010901,2006,47.103412,-120.932706,37,2,,,,,,318.941,,,,,,,,,,338.996,,,,,,
62827,22398284010497,2002,48.674586,-120.030381,47,2,,159.834,,,,,,,,,,,,,,,,,,,,0.585
62839,22827625010497,2007,48.613564,-120.654215,47,2,,,,,,,31.578,,,,,,,,,,35.754,,,,,
62851,22933257010497,2008,48.264154,-119.072331,47,2,,,,,,,,54.059,,,,,,,,,,4.8,,,,
62861,48206668010497,2011,46.386236,-121.575275,59,2,,,,,,,,,,,313.158,,,,,,,,,,379.314,
62862,48204157010497,2011,47.768366,-123.881116,31,2,,,,,,,,,,,572.833,,,,,,,,,,600.285,
62872,22954407010497,2007,46.257449,-117.468044,23,2,,,,,,,55.563,,,,,,,,,,43.454,,,,,
62878,22398722010497,2004,46.653939,-121.563335,41,2,,,,80.948,,,,,,,,,,143.691,,,,,,,,
62890,22398646010497,2004,47.897112,-120.872919,7,2,,,,18.688,,,,,,,,,,28.961,,,,,,,,
62894,48206214010497,2011,45.822154,-121.765831,59,2,,,,,,,,,,,576.284,,,,,,,,,,751.956,
62895,48206667010497,2011,46.388695,-121.788702,41,2,,,,,,,,,,,230.21,,,,,,,,,,329.064,
62915,24468200010900,2003,46.876322,-121.311614,77,2,,,181.56,,,,,,,,,,195.009,,,,,,,,,
62931,8611606010901,2006,47.3765,-121.712739,33,2,,,,,,276.977,,,,,,,,,,255.245,,,,,,
62937,24498693010900,2003,46.343403,-121.974053,59,2,,,182.104,,,,,,,,,,220.321,,,,,,,,,
62947,40220818010497,2010,45.873777,-122.011467,59,2,,,,,,,,,,171.194,,,,,,,,,,145.013,,
62963,8605640010901,2006,48.88919,-118.68585,19,2,,,,,,101.256,,,,,,,,,,43.344,,,,,,
62982,8641564010901,2006,48.77582,-117.601902,65,2,,,,,,19.849,,,,,,,,,,30.01,,,,,,
63019,24469224010900,2003,47.052874,-121.359122,77,2,,,275.4,,,,,,,,,,269.127,,,,,,,,,
63025,29395510010497,2008,47.915792,-120.361988,7,2,,,,,,,,63.709,,,,,,,,,,106.271,,,,
63042,13205680010497,2005,46.293843,-122.031068,59,2,,,,,45.404,,,,,,,,,,111.417,,,,,,,
63049,22954670010497,2007,48.093216,-120.168594,47,2,,,,,,,88.434,,,,,,,,,,131.931,,,,,
63058,22933201010497,2008,48.05551,-121.34992,61,2,,,,,,,,238.677,,,,,,,,,,234.865,,,,
63065,22398903010497,2005,48.95644,-118.289653,19,2,,,,,317.951,,,,,,,,,,296.955,,,,,,,
63088,25067991010900,2004,47.009372,-122.39537,53,2,,,,195.867,,,,,,,,,,222.737,,,,,,,,
63089,48206721010497,2011,45.894749,-121.658436,59,2,,,,,,,,,,,172.366,,,,,,,,,,263.062,
63091,29395649010497,2008,46.921501,-121.129922,77,2,,,,,,,,159.98,,,,,,,,,,190.231,,,,
63094,40403513010497,2010,48.734824,-118.905129,47,2,,,,,,,,,,48.119,,,,,,,,,,56.91,,
63105,24844633010900,2004,46.481519,-122.645374,41,2,,,,219.037,,,,,,,,,,366.775,,,,,,,,
63137,40220865010497,2010,47.075443,-121.557001,53,2,,,,,,,,,,59.135,,,,,,,,,,117.591,,
63144,29882782010497,2009,48.925784,-117.468272,65,2,,,,,,,,,123.266,,,,,,,,,,148.826,,,
63178,29883379010497,2009,47.86199,-117.913521,65,2,,,,,,,,,37.808,,,,,,,,,,50.322,,,
63181,29882899010497,2009,47.969798,-120.579184,7,2,,,,,,,,,171.797,,,,,,,,,,16.623,,,
63184,22399074010497,2005,48.969861,-121.835973,73,2,,,,,403.41,,,,,,,,,,444.791,,,,,,,
63194,29881795010497,2009,48.454365,-121.574748,57,2,,,,,,,,,29.455,,,,,,,,,,111.309,,,
63219,29395571010497,2008,46.165997,-121.687295,59,2,,,,,,,,134.082,,,,,,,,,,167.853,,,,
63220,24123557010900,2002,47.849586,-120.616964,7,2,,200.799,,,,,,,,,,268.692,,,,,,,,,,
63228,40403484010497,2010,47.49239,-121.436638,33,2,,,,,,,,,,137.615,,,,,,,,,,169.418,,
63229,22398515010497,2003,48.445558,-120.045018,47,2,,,33.398,,,,,,,,,,41.036,,,,,,,,,
63259,29882754010497,2009,48.182963,-121.854537,61,2,,,,,,,,,525.418,,,,,,,,,,503.02,,,
63269,22954370010497,2007,46.025986,-117.653995,13,2,,,,,,,101.791,,,,,,,,,,20.939,,,,,
63275,24506532010900,2003,47.274226,-120.362083,7,2,,,165.656,,,,,,,,,,170.519,,,,,,,,,
63280,29883448010497,2009,46.802169,-124.08069,27,2,,,,,,,,,182.313,,,,,,,,,,247.221,,,
63283,22954638010497,2007,47.959272,-122.388,29,2,,,,,,,170.117,,,,,,,,,,143.634,,,,,
63289,40220810010497,2010,47.049865,-121.485647,53,2,,,,,,,,,,39.635,,,,,,,,,,62.283,,
63296,40403483010497,2010,47.918261,-120.471735,7,2,,,,,,,,,,38.924,,,,,,,,,,83.903,,
63316,22398674010497,2004,48.707331,-118.826196,19,2,,,,220.524,,,,,,,,,,206.786,,,,,,,,
63405,24178908010900,2002,48.525555,-117.140884,51,2,,204.638,,,,,,,,,,224.421,,,,,,,,,,
63413,48206422010497,2011,47.687637,-121.32145,33,2,,,,,,,,,,,193.073,,,,,,,,,,300.995,
63416,13035592010497,2005,48.761311,-117.226906,51,2,,,,,131.082,,,,,,,,,,163.009,,,,,,,
63429,24826188010900,2004,48.702205,-122.167338,73,2,,,,188.717,,,,,,,,,,251.861,,,,,,,,
63436,22398670010497,2004,46.22951,-117.777908,13,2,,,,101.581,,,,,,,,,,98.618,,,,,,,,
63450,22398919010497,2005,47.401124,-123.546777,27,2,,,,,50.572,,,,,,,,,,95.486,,,,,,,
63457,13035945010497,2005,48.71202,-117.069789,51,2,,,,,170.798,,,,,,,,,,192.657,,,,,,,
63461,29881796010497,2009,48.42515,-120.295677,47,2,,,,,,,,,81.128,,,,,,,,,,97.835,,,
63491,13053113010497,2005,47.719741,-122.664263,35,2,,,,,719.637,,,,,,,,,,871.63,,,,,,,
63494,25066283010900,2004,48.85552,-117.141504,51,2,,,,227.014,,,,,,,,,,278.363,,,,,,,,
63504,22399013010497,2005,48.60153,-121.409379,57,2,,,,,233.053,,,,,,,,,,256.462,,,,,,,
63515,22930964010497,2008,46.168718,-117.576185,23,2,,,,,,,,103.345,,,,,,,,,,83.133,,,,
63517,29882895010497,2009,48.012966,-124.326036,9,2,,,,,,,,,449.71,,,,,,,,,,429.259,,,
63521,22828661010497,2007,48.837171,-118.341529,19,2,,,,,,,162.78,,,,,,,,,,156.42,,,,,
63535,24847443010900,2004,46.687658,-122.320963,41,2,,,,99.685,,,,,,,,,,180.758,,,,,,,,
63556,13034498010497,2005,48.610483,-117.246033,51,2,,,,,193.571,,,,,,,,,,232.405,,,,,,,
63560,24478447010900,2003,48.248932,-119.98123,47,2,,,73.324,,,,,,,,,,84.776,,,,,,,,,
63578,22954548010497,2007,47.348208,-121.444558,37,2,,,,,,,113.305,,,,,,,,,,124.193,,,,,
63583,13042861010497,2005,47.445761,-124.227,27,2,,,,,178.497,,,,,,,,,,286.474,,,,,,,
63594,29883184010497,2009,47.707769,-121.291876,33,2,,,,,,,,,203.799,,,,,,,,,,215.593,,,
63606,22399011010497,2005,48.405163,-121.522886,57,2,,,,,165.098,,,,,,,,,,267.616,,,,,,,
63617,13055730010497,2005,47.35545,-120.785729,37,2,,,,,155.11,,,,,,,,,,141.629,,,,,,,
63647,22954385010497,2007,46.298337,-122.328791,15,2,,,,,,,4.365,,,,,,,,,,15.824,,,,,
63659,193209224020004,2007,48.651673,-121.441388,73,2,,,,,,,476.957,,,,,,,,,,527.399,,,,,
63660,13031154010497,2005,46.4385,-123.872664,49,2,,,,,126.247,,,,,,,,,,188.862,,,,,,,
63671,22399239010497,2006,48.558537,-117.460966,51,2,,,,,,193.482,,,,,,,,,,221.368,,,,,,
63680,22954392010497,2007,46.37466,-123.560518,69,2,,,,,,,9.802,,,,,,,,,,17.075,,,,,
63692,24862603010900,2004,47.917509,-123.807798,9,2,,,,145.014,,,,,,,,,,133.363,,,,,,,,
63719,12977848010497,2005,46.270724,-122.394615,15,2,,,,,39.007,,,,,,,,,,84.083,,,,,,,
63723,22398529010497,2003,48.764488,-119.129516,47,2,,,212.044,,,,,,,,,,195.976,,,,,,,,,
63737,29882626010497,2009,46.096181,-122.562819,15,2,,,,,,,,,134.933,,,,,,,,,,223.899,,,
63739,13045077010497,2005,47.674261,-123.026531,31,2,,,,,406.632,,,,,,,,,,417.19,,,,,,,
63741,22954514010497,2007,47.724683,-123.11546,31,2,,,,,,,491.874,,,,,,,,,,483.131,,,,,
63748,22932887010497,2008,45.7184,-122.50798,11,2,,,,,,,,213.153,,,,,,,,,,257.916,,,,
63761,24134853010900,2002,48.299284,-118.572586,19,2,,183.808,,,,,,,,,,220.653,,,,,,,,,,
63765,22398768010497,2004,48.590053,-117.214856,51,2,,,,10.372,,,,,,,,,,38.354,,,,,,,,
63782,29395644010497,2008,46.072557,-122.255575,15,2,,,,,,,,60.075,,,,,,,,,,78.018,,,,
63795,40403603010497,2010,47.568479,-121.616259,33,2,,,,,,,,,,11.422,,,,,,,,,,63.629,,
63801,48203326010497,2011,48.601426,-121.943612,57,2,,,,,,,,,,,127.119,,,,,,,,,,119.443,
63808,22398744010497,2004,48.554165,-120.365777,47,2,,,,202.933,,,,,,,,,,203.994,,,,,,,,
63837,40403569010497,2010,48.955746,-118.887045,47,2,,,,,,,,,,37.988,,,,,,,,,,34.699,,
63848,22398620010497,2003,48.720403,-120.947594,73,2,,,416.169,,,,,,,,,,384.196,,,,,,,,,
63855,13004916010497,2005,46.169115,-121.726666,59,2,,,,,692.983,,,,,,,,,,727.049,,,,,,,
63861,40220414010497,2010,47.297796,-121.336795,37,2,,,,,,,,,,470.45,,,,,,,,,,420.039,,
63869,22398975010497,2005,48.162655,-120.130756,47,2,,,,,172.223,,,,,,,,,,48.134,,,,,,,
63884,22931156010497,2008,48.483995,-117.648302,65,2,,,,,,,,175.31,,,,,,,,,,202.84,,,,
63893,22398944010497,2005,46.561027,-121.611225,41,2,,,,,16.741,,,,,,,,,,69.698,,,,,,,
63916,22954423010497,2007,48.057984,-118.159099,65,2,,,,,,,103.088,,,,,,,,,,150.964,,,,,
63930,25082984010900,2004,48.481849,-118.166026,65,2,,,,13.312,,,,,,,,,,128.615,,,,,,,,
63943,24870174010900,2004,46.339942,-122.559568,15,2,,,,224.569,,,,,,,,,,341.698,,,,,,,,
63944,48203735010497,2011,48.089706,-123.990804,9,2,,,,,,,,,,,319.908,,,,,,,,,,355.657,
63945,29882745010497,2009,48.159694,-121.825453,61,2,,,,,,,,,201.08,,,,,,,,,,199.457,,,
63976,22827577010497,2007,48.140138,-120.352796,7,2,,,,,,,299.922,,,,,,,,,,270.326,,,,,
63984,29883173010497,2009,46.379164,-121.219182,77,2,,,,,,,,,98.513,,,,,,,,,,119.892,,,
63986,40220887010497,2010,48.060676,-121.603122,61,2,,,,,,,,,,280.568,,,,,,,,,,251.103,,
63987,48203608010497,2011,46.639535,-122.414751,41,2,,,,,,,,,,,41.543,,,,,,,,,,84.932,
63995,29395591010497,2008,48.787657,-117.261148,51,2,,,,,,,,215.727,,,,,,,,,,243.343,,,,
64025,193209188020004,2007,46.10351,-117.827726,13,2,,,,,,,238.683,,,,,,,,,,297.976,,,,,
64026,12966076010497,2005,47.70718,-121.062219,7,2,,,,,72.079,,,,,,,,,,81.689,,,,,,,
64052,22398619010497,2003,48.931043,-121.947574,73,2,,,417.616,,,,,,,,,,465.244,,,,,,,,,
64081,48205351010497,2011,46.177047,-121.298082,77,2,,,,,,,,,,,49.211,,,,,,,,,,64.855,
64093,12976628010497,2005,46.118207,-117.647398,13,2,,,,,128.243,,,,,,,,,,112.805,,,,,,,
64094,24541934010900,2003,45.873771,-121.485727,39,2,,,151.539,,,,,,,,,,205.116,,,,,,,,,
64105,30852535020004,2012,48.358081,-117.159961,51,2,,,,,,,,,,,,76.302,,,,,,,,,,92.127
64106,22399295010497,2006,48.289178,-117.607953,65,2,,,,,,201.262,,,,,,,,,,184.508,,,,,,
64128,22398562010497,2003,46.928046,-121.48891,53,2,,,57.121,,,,,,,,,,81.312,,,,,,,,,
64137,22954472010497,2007,46.957599,-122.104965,53,2,,,,,,,4.046,,,,,,,,,,84.302,,,,,
64164,22827609010497,2007,47.339983,-120.896615,37,2,,,,,,,160.184,,,,,,,,,,149.975,,,,,
64171,40220676010497,2010,48.414392,-121.928112,57,2,,,,,,,,,,203.208,,,,,,,,,,256.584,,
64176,22399036010497,2005,46.359912,-121.607329,59,2,,,,,342.242,,,,,,,,,,379.583,,,,,,,
64194,22399157010497,2006,47.540125,-121.575552,33,2,,,,,,117.676,,,,,,,,,,126.512,,,,,,
64224,30852628020004,2012,45.603137,-122.119518,59,2,,,,,,,,,,,,92.693,,,,,,,,,,109.471
64241,24127366010900,2002,47.970643,-124.616023,9,2,,82.292,,,,,,,,,,216.078,,,,,,,,,,
64269,29394868010497,2008,46.0195,-122.405903,15,2,,,,,,,,282.424,,,,,,,,,,355.281,,,,
64272,40403377010497,2010,48.815774,-117.332503,51,2,,,,,,,,,,241.427,,,,,,,,,,284.028,,
64289,30764137020004,2012,48.180395,-120.385063,7,2,,,,,,,,,,,,101.62,,,,,,,,,,62.381
64291,40220237010497,2010,46.586329,-121.75128,41,2,,,,,,,,,,632.395,,,,,,,,,,701.765,,
64302,22399107010497,2006,48.015146,-120.583045,7,2,,,,,,153.396,,,,,,,,,,125.017,,,,,,
64303,12977415010497,2005,46.211772,-123.082238,15,2,,,,,266.702,,,,,,,,,,380.095,,,,,,,
64304,22954616010497,2007,48.371909,-120.580383,7,2,,,,,,,107.208,,,,,,,,,,109.063,,,,,
64310,22954491010497,2007,48.042919,-118.542205,19,2,,,,,,,158.342,,,,,,,,,,194.453,,,,,
64313,29883143010497,2009,47.451342,-123.833611,27,2,,,,,,,,,677.113,,,,,,,,,,634.524,,,
64334,22931094010497,2008,46.857481,-122.25335,53,2,,,,,,,,60.882,,,,,,,,,,59.344,,,,
64338,22398642010497,2004,47.847997,-120.442466,7,2,,,,15.159,,,,,,,,,,8.932,,,,,,,,
64341,48206014010497,2011,46.623496,-121.13888,77,2,,,,,,,,,,,54.719,,,,,,,,,,69.828,
64343,29882901010497,2009,48.466733,-119.820457,47,2,,,,,,,,,85.946,,,,,,,,,,9.396,,,
64380,22398391010497,2003,47.817035,-120.509231,7,2,,,59.32,,,,,,,,,,53.799,,,,,,,,,
64385,22398675010497,2004,48.778327,-118.225337,19,2,,,,19.267,,,,,,,,,,19.704,,,,,,,,
64392,24838280010900,2004,47.098233,-121.34633,37,2,,,,317.643,,,,,,,,,,367.069,,,,,,,,
64404,25069403010900,2004,48.354565,-121.572971,57,2,,,,105.713,,,,,,,,,,161.163,,,,,,,,
64410,40220811010497,2010,48.627566,-121.661811,57,2,,,,,,,,,,260.899,,,,,,,,,,287.577,,
64420,25077628010900,2004,48.151595,-120.974648,61,2,,,,64.948,,,,,,,,,,71.58,,,,,,,,
64435,13014268010497,2005,48.436261,-117.579078,65,2,,,,,204.962,,,,,,,,,,201.394,,,,,,,
64437,29882820010497,2009,46.580694,-121.277304,77,2,,,,,,,,,34.432,,,,,,,,,,66.802,,,
64448,48204882010497,2011,48.68757,-118.862879,47,2,,,,,,,,,,,199.046,,,,,,,,,,220.779,
64451,22398902010497,2005,48.662865,-118.382816,19,2,,,,,203.785,,,,,,,,,,77.69,,,,,,,
64452,8641090010901,2006,48.628286,-117.574207,65,2,,,,,,112.42,,,,,,,,,,147.602,,,,,,
64455,29395580010497,2008,48.804468,-118.787644,19,2,,,,,,,,101.946,,,,,,,,,,121.059,,,,
64458,40220572010497,2010,47.907508,-121.277121,61,2,,,,,,,,,,290.973,,,,,,,,,,347.894,,
64462,40220407010497,2010,47.232128,-121.500065,33,2,,,,,,,,,,171.691,,,,,,,,,,193.407,,
64467,22399214010497,2006,48.691393,-119.906265,47,2,,,,,,52.455,,,,,,,,,,61.312,,,,,,
64492,22398630010497,2003,46.599587,-121.209428,77,2,,,235.252,,,,,,,,,,237.2,,,,,,,,,
64499,48205950010497,2011,48.951943,-117.049963,51,2,,,,,,,,,,,125.434,,,,,,,,,,122.944,
64505,22954785010497,2006,48.786716,-119.016904,47,2,,,,,,79.645,,,,,,,,,,104.023,,,,,,
64520,22827714010497,2007,48.396977,-119.93023,47,2,,,,,,,154.269,,,,,,,,,,138.615,,,,,
64522,25064991010900,2004,48.524296,-117.32614,51,2,,,,102.815,,,,,,,,,,127.373,,,,,,,,
64526,193208980020004,2007,48.031271,-121.455302,61,2,,,,,,,175.834,,,,,,,,,,155.38,,,,,
64547,12968351010497,2005,47.985914,-120.180144,7,2,,,,,39.709,,,,,,,,,,52.188,,,,,,,
64555,29395648010497,2008,47.140476,-120.977931,37,2,,,,,,,,247.579,,,,,,,,,,246.372,,,,
64576,22933230010497,2008,48.403431,-118.629929,19,2,,,,,,,,55.651,,,,,,,,,,71.491,,,,
64597,22930936010497,2008,46.178015,-121.199817,77,2,,,,,,,,48.401,,,,,,,,,,59.756,,,,
64604,30852627020004,2012,46.123956,-122.145362,59,2,,,,,,,,,,,,385.389,,,,,,,,,,493.711
64607,8641867010901,2006,48.939761,-117.952148,65,2,,,,,,63.133,,,,,,,,,,59.943,,,,,,
64615,22398534010497,2003,48.520677,-120.032651,47,2,,,225.092,,,,,,,,,,87.114,,,,,,,,,
64624,22399146010497,2006,47.452421,-123.761126,27,2,,,,,,505.289,,,,,,,,,,434.136,,,,,,
64630,30852634020004,2012,47.497502,-123.32769,45,2,,,,,,,,,,,,367.526,,,,,,,,,,401.505
64642,22398899010497,2005,48.548098,-118.626379,19,2,,,,,29.04,,,,,,,,,,39.973,,,,,,,
64645,48204823010497,2011,46.252399,-122.855832,15,2,,,,,,,,,,,99.002,,,,,,,,,,158.221,
64648,30852630020004,2012,47.774442,-120.838788,7,2,,,,,,,,,,,,90.484,,,,,,,,,,117.352
64665,13027182010497,2005,48.719065,-119.979798,47,2,,,,,7.146,,,,,,,,,,0.469,,,,,,,
64670,22399147010497,2006,47.501203,-123.514086,27,2,,,,,,380.707,,,,,,,,,,333.487,,,,,,
64672,24485932010900,2003,46.648544,-123.597063,49,2,,,16.514,,,,,,,,,,40.178,,,,,,,,,
64678,30852626020004,2012,47.944221,-124.010155,9,2,,,,,,,,,,,,245.488,,,,,,,,,,112.987
64687,24543817010900,2003,46.460652,-122.531677,41,2,,,36.378,,,,,,,,,,83.018,,,,,,,,,
64712,30852631020004,2012,48.011578,-120.20677,7,2,,,,,,,,,,,,16.276,,,,,,,,,,19.232
64714,22398653010497,2004,47.937391,-119.999017,7,2,,,,1.47,,,,,,,,,,2.625,,,,,,,,
64740,12979966010497,2005,48.355373,-118.62947,19,2,,,,,46.209,,,,,,,,,,64.077,,,,,,,
64751,48206351010497,2011,47.017452,-120.982582,37,2,,,,,,,,,,,291.72,,,,,,,,,,184.092,
64752,22399061010497,2005,48.661357,-117.639944,65,2,,,,,176.801,,,,,,,,,,248.345,,,,,,,
64784,40403370010497,2010,48.692079,-118.425131,19,2,,,,,,,,,,116.399,,,,,,,,,,128.429,,
64793,29394880010497,2008,48.551154,-121.478352,57,2,,,,,,,,305.332,,,,,,,,,,352.382,,,,
64797,24832827010900,2004,46.771259,-121.315517,77,2,,,,125.027,,,,,,,,,,136.529,,,,,,,,
64876,29883200010497,2009,46.153807,-117.832114,13,2,,,,,,,,,59.295,,,,,,,,,,69.183,,,
64877,22398392010497,2003,47.604334,-120.821535,7,2,,,204.211,,,,,,,,,,233.472,,,,,,,,,
64878,193209269020004,2007,45.945611,-122.012196,59,2,,,,,,,215.051,,,,,,,,,,249.445,,,,,
64887,13021186010497,2005,48.317687,-119.7433,47,2,,,,,176.202,,,,,,,,,,122.322,,,,,,,
64889,48206735010497,2011,48.191976,-120.605546,7,2,,,,,,,,,,,21.201,,,,,,,,,,7.81,
64891,24458321010900,2003,48.83825,-117.868368,65,2,,,60.463,,,,,,,,,,76.551,,,,,,,,,
64917,48204250010497,2011,47.512718,-121.510448,33,2,,,,,,,,,,,140.605,,,,,,,,,,168.706,
64924,25066697010900,2004,48.963829,-117.352766,51,2,,,,156.887,,,,,,,,,,184.813,,,,,,,,
64926,13205354010497,2005,48.639811,-121.401417,73,2,,,,,46.488,,,,,,,,,,96.99,,,,,,,
64927,22399037010497,2005,46.212487,-121.760141,59,2,,,,,421.585,,,,,,,,,,497.267,,,,,,,
64934,22399088010497,2006,47.875779,-120.807745,7,2,,,,,,374.917,,,,,,,,,,369.543,,,,,,
64947,29883300010497,2009,46.53356,-121.749165,41,2,,,,,,,,,669.082,,,,,,,,,,717.801,,,
64951,26125506010900,2003,47.479999,-123.965312,27,2,,,191.728,,,,,,,,,,221.054,,,,,,,,,
64954,40220665010497,2010,48.308136,-120.269932,47,2,,,,,,,,,,133.161,,,,,,,,,,161.136,,
64992,22399168010497,2006,47.48658,-121.00267,37,2,,,,,,107.661,,,,,,,,,,125.375,,,,,,
65003,30764332020004,2012,47.58887,-121.154217,37,2,,,,,,,,,,,,206.292,,,,,,,,,,126.464
65009,22933110010497,2008,47.698368,-120.415824,7,2,,,,,,,,154.323,,,,,,,,,,155.141,,,,
65035,24843831010900,2004,46.417358,-122.115547,41,2,,,,525.464,,,,,,,,,,380.033,,,,,,,,
65038,48203389010497,2011,45.887079,-121.564215,39,2,,,,,,,,,,,319.412,,,,,,,,,,338.724,
65039,12978785010497,2005,48.036513,-118.61768,19,2,,,,,124.835,,,,,,,,,,116.611,,,,,,,
65072,13039127010497,2005,47.022984,-121.670416,53,2,,,,,15.022,,,,,,,,,,40.026,,,,,,,
65082,25074592010900,2004,46.19524,-122.265506,15,2,,,,478.653,,,,,,,,,,501.6,,,,,,,,
65100,22827564010497,2007,47.376406,-120.461515,7,2,,,,,,,87.532,,,,,,,,,,83.186,,,,,
65101,24830461010900,2004,46.191965,-121.024434,77,2,,,,185.922,,,,,,,,,,216.717,,,,,,,,
65147,29883002010497,2009,47.476256,-121.927994,33,2,,,,,,,,,404.389,,,,,,,,,,478.9,,,
65154,8618666010901,2006,46.633971,-122.935851,41,2,,,,,,19.892,,,,,,,,,,25.964,,,,,,
65178,8629583010901,2006,48.959674,-117.278885,51,2,,,,,,215.39,,,,,,,,,,234.524,,,,,,
65186,22398422010497,2003,47.997719,-124.321337,9,2,,,452.222,,,,,,,,,,462.382,,,,,,,,,
65191,48206620010497,2011,47.40424,-123.252316,45,2,,,,,,,,,,,342.43,,,,,,,,,,376.86,
65212,22399022010497,2005,46.087948,-121.720599,59,2,,,,,77.713,,,,,,,,,,130.74,,,,,,,
65213,22398926010497,2005,47.756635,-121.323787,33,2,,,,,168.277,,,,,,,,,,211.29,,,,,,,
65221,48206380010497,2011,46.119018,-121.900858,59,2,,,,,,,,,,,719.796,,,,,,,,,,860.767,
65222,8624672010901,2006,48.722429,-120.273998,47,2,,,,,,159.939,,,,,,,,,,171.274,,,,,,
65238,29395515010497,2008,46.410887,-121.574633,41,2,,,,,,,,110.489,,,,,,,,,,151.049,,,,
65246,30852541020004,2012,47.326835,-120.497811,7,2,,,,,,,,,,,,85.687,,,,,,,,,,55.894
65249,48203262010497,2011,48.428274,-120.24684,47,2,,,,,,,,,,,70.443,,,,,,,,,,88.177,
65264,22827723010497,2007,48.523585,-118.632698,19,2,,,,,,,175.782,,,,,,,,,,205.274,,,,,
65271,22399189010497,2006,47.385265,-123.355123,45,2,,,,,,30.378,,,,,,,,,,78.393,,,,,,
65290,12980723010497,2005,48.529145,-118.663138,19,2,,,,,174.139,,,,,,,,,,164.723,,,,,,,
65300,8610065010901,2006,47.718638,-124.101716,31,2,,,,,,507.423,,,,,,,,,,534.226,,,,,,
65344,29395716010497,2008,46.017421,-121.620128,59,2,,,,,,,,214.532,,,,,,,,,,254.735,,,,
65350,22399267010497,2006,46.166367,-121.934558,59,2,,,,,,139.3,,,,,,,,,,205.526,,,,,,
65357,8610439010901,2006,47.770459,-123.369467,31,2,,,,,,245.874,,,,,,,,,,222.949,,,,,,
65360,8621312010901,2006,47.482156,-122.943364,45,2,,,,,,208.878,,,,,,,,,,260.168,,,,,,
65371,22931157010497,2008,48.490968,-117.139479,51,2,,,,,,,,190.131,,,,,,,,,,167.445,,,,
65406,40220817010497,2010,47.35254,-123.795461,27,2,,,,,,,,,,420.76,,,,,,,,,,466.387,,
65424,29883315010497,2009,47.857592,-121.280929,61,2,,,,,,,,,75.068,,,,,,,,,,153.685,,,
65440,40403524010497,2010,47.123235,-121.447494,33,2,,,,,,,,,,32.312,,,,,,,,,,89.107,,
65455,22398558010497,2003,46.764235,-121.924152,53,2,,,411.243,,,,,,,,,,452.436,,,,,,,,,
65464,22399032010497,2005,46.212511,-121.786643,59,2,,,,,602.171,,,,,,,,,,612.464,,,,,,,
65468,22398930010497,2005,47.73767,-121.321102,33,2,,,,,349.26,,,,,,,,,,418.406,,,,,,,
65490,48203622010497,2011,45.947604,-122.11402,59,2,,,,,,,,,,,260.991,,,,,,,,,,231.705,
65494,24835294010900,2004,47.430632,-121.586288,33,2,,,,196.392,,,,,,,,,,250.678,,,,,,,,
65508,24513938010900,2003,48.019705,-124.626315,9,2,,,217.166,,,,,,,,,,355.699,,,,,,,,,
65516,12994987010497,2005,46.679761,-121.389169,77,2,,,,,380.588,,,,,,,,,,391.901,,,,,,,
65523,22827610010497,2007,48.57779,-118.698025,19,2,,,,,,,255.683,,,,,,,,,,278.773,,,,,
65530,22399225010497,2006,48.932635,-118.968064,47,2,,,,,,212.02,,,,,,,,,,220.738,,,,,,
65533,22398781010497,2004,48.62731,-121.620093,57,2,,,,48.198,,,,,,,,,,75.831,,,,,,,,
65575,24492962010900,2003,48.400569,-122.539283,57,2,,,75.425,,,,,,,,,,90.788,,,,,,,,,
65582,8628235010901,2006,48.144502,-117.481255,51,2,,,,,,40.26,,,,,,,,,,51.478,,,,,,
65617,40403438010497,2010,48.520216,-119.107799,47,2,,,,,,,,,,148.934,,,,,,,,,,113.381,,
65618,48203392010497,2011,48.650821,-121.774094,73,2,,,,,,,,,,,356.069,,,,,,,,,,371.277,
65627,48205414010497,2011,46.196399,-121.971169,59,2,,,,,,,,,,,446.507,,,,,,,,,,517.043,
65630,29395586010497,2008,48.252836,-120.049784,47,2,,,,,,,,62.656,,,,,,,,,,39.521,,,,
65635,48204188010497,2011,46.658684,-122.07177,41,2,,,,,,,,,,,333.452,,,,,,,,,,383.973,
65639,22933266010497,2008,48.401574,-121.408923,57,2,,,,,,,,315.186,,,,,,,,,,342.303,,,,
65657,40403503010497,2010,47.395777,-121.584531,33,2,,,,,,,,,,140.104,,,,,,,,,,133.309,,
65674,22954497010497,2007,47.13828,-123.899845,27,2,,,,,,,126.845,,,,,,,,,,217.042,,,,,
65675,24507130010900,2003,47.406169,-120.56284,7,2,,,24.354,,,,,,,,,,27.319,,,,,,,,,
65680,48204890010497,2011,46.178782,-121.09938,77,2,,,,,,,,,,,73.995,,,,,,,,,,120.425,
65691,22398588010497,2003,46.362438,-121.682922,59,2,,,334.01,,,,,,,,,,342.044,,,,,,,,,
65706,40220816010497,2010,48.114426,-123.954183,9,2,,,,,,,,,,82.605,,,,,,,,,,73.489,,
65721,48206520010497,2011,48.848993,-121.655916,73,2,,,,,,,,,,,42.014,,,,,,,,,,10.883,
65730,24855195010900,2004,48.652761,-120.175787,47,2,,,,55.589,,,,,,,,,,61.136,,,,,,,,
65739,22398867010497,2005,47.921342,-120.725013,7,2,,,,,286.091,,,,,,,,,,285.249,,,,,,,
65745,40220601010497,2010,47.847965,-117.143584,63,2,,,,,,,,,,19.162,,,,,,,,,,42.995,,
65746,29881710010497,2009,48.903798,-117.134056,51,2,,,,,,,,,215.355,,,,,,,,,,262.72,,,
65755,22399202010497,2006,48.592552,-119.142991,47,2,,,,,,91.143,,,,,,,,,,94.465,,,,,,
65760,24129690010900,2002,45.95419,-122.353876,11,2,,72.777,,,,,,,,,,97.104,,,,,,,,,,
65784,24524540010900,2003,48.969262,-118.622043,19,2,,,103.773,,,,,,,,,,123.623,,,,,,,,,
65798,22398832010497,2004,48.635863,-117.64349,65,2,,,,169.334,,,,,,,,,,206.926,,,,,,,,
65806,22954566010497,2007,47.481602,-123.610056,27,2,,,,,,,698.225,,,,,,,,,,573.719,,,,,
65825,48205395010497,2011,47.593738,-122.083049,33,2,,,,,,,,,,,106.113,,,,,,,,,,101.866,
65827,40220753010497,2010,48.731819,-118.865637,47,2,,,,,,,,,,123.928,,,,,,,,,,133.305,,
65835,22954356010497,2007,46.031446,-121.568377,39,2,,,,,,,257.675,,,,,,,,,,276.657,,,,,
65847,193208973020004,2007,45.967295,-122.007292,59,2,,,,,,,151.706,,,,,,,,,,186.169,,,,,
65857,12994209010497,2005,46.529886,-121.398302,77,2,,,,,458.235,,,,,,,,,,511.592,,,,,,,
65858,29395607010497,2008,48.972116,-118.661312,19,2,,,,,,,,116.915,,,,,,,,,,128.789,,,,
65859,22398650010497,2004,47.864836,-120.481547,7,2,,,,83.36,,,,,,,,,,98.514,,,,,,,,
65860,193209047020004,2007,46.365475,-122.177672,59,2,,,,,,,214.229,,,,,,,,,,337.226,,,,,
65864,22398889010497,2005,47.896785,-123.074993,9,2,,,,,271.143,,,,,,,,,,283.556,,,,,,,
65875,22398541010497,2003,48.764379,-117.332087,51,2,,,224.197,,,,,,,,,,286.62,,,,,,,,,
65909,8627288010901,2006,48.968336,-120.335686,47,2,,,,,,156.58,,,,,,,,,,178.661,,,,,,
65916,29882747010497,2009,48.635826,-120.441707,47,2,,,,,,,,,27.208,,,,,,,,,,32.521,,,
65928,22954672010497,2007,47.94626,-117.106546,63,2,,,,,,,360.48,,,,,,,,,,362.157,,,,,
65931,40220421010497,2010,47.357839,-122.75838,53,2,,,,,,,,,,199.989,,,,,,,,,,250.429,,
65950,8629026010901,2006,48.635439,-117.198841,51,2,,,,,,28.691,,,,,,,,,,49.846,,,,,,
65951,29883074010497,2009,47.963917,-124.284506,9,2,,,,,,,,,24.592,,,,,,,,,,38.208,,,
65955,13015935010497,2005,48.886315,-118.027176,65,2,,,,,93.46,,,,,,,,,,81.186,,,,,,,
65959,13011721010497,2005,47.794073,-117.136986,63,2,,,,,27.096,,,,,,,,,,61.959,,,,,,,
65972,29882047010497,2009,48.429889,-121.704527,57,2,,,,,,,,,112.033,,,,,,,,,,144.477,,,
65973,13038078010497,2004,46.863361,-121.975923,53,2,,,,12.394,,,,,,,,,,24.18,,,,,,,,
65981,29394870010497,2008,46.141647,-121.55484,59,2,,,,,,,,184.308,,,,,,,,,,30.308,,,,
65986,24458686010900,2003,48.87281,-117.513442,65,2,,,201.146,,,,,,,,,,217.282,,,,,,,,,
65994,48206216010497,2011,48.706225,-118.795865,19,2,,,,,,,,,,,231.058,,,,,,,,,,150.996,
65999,40220498010497,2010,47.63372,-123.188526,31,2,,,,,,,,,,583.946,,,,,,,,,,304.917,,
66018,40220141010497,2010,46.175588,-121.125039,77,2,,,,,,,,,,222.598,,,,,,,,,,288.73,,
66034,22399063010497,2005,48.657581,-117.715896,65,2,,,,,330.827,,,,,,,,,,284.045,,,,,,,
66047,40403541010497,2010,48.980416,-118.249107,19,2,,,,,,,,,,42.565,,,,,,,,,,6.463,,
66050,24531880010900,2003,47.710875,-123.309227,31,2,,,21.858,,,,,,,,,,30.212,,,,,,,,,
66096,40220595010497,2010,48.011833,-123.805959,9,2,,,,,,,,,,483.357,,,,,,,,,,454.112,,
66100,22398560010497,2003,47.007829,-121.698175,53,2,,,58.56,,,,,,,,,,122.35,,,,,,,,,
66162,29881875010497,2009,48.446114,-118.548734,19,2,,,,,,,,,113.156,,,,,,,,,,99.892,,,
66169,22399235010497,2006,48.689192,-117.313035,51,2,,,,,,171.807,,,,,,,,,,209.27,,,,,,
66173,24876804010900,2004,46.93718,-123.444168,27,2,,,,226.509,,,,,,,,,,303.233,,,,,,,,
66180,24157109010900,2002,45.921648,-121.559004,39,2,,191.18,,,,,,,,,,289.872,,,,,,,,,,
66189,22398990010497,2005,48.531598,-117.480363,51,2,,,,,164.923,,,,,,,,,,186.094,,,,,,,
66197,22398786010497,2004,48.383192,-121.599931,57,2,,,,833.953,,,,,,,,,,778.742,,,,,,,,
66225,29395652010497,2008,45.874077,-122.046704,59,2,,,,,,,,385.145,,,,,,,,,,408.307,,,,
66231,22954440010497,2007,46.682809,-121.881487,41,2,,,,,,,88.406,,,,,,,,,,69.974,,,,,
66258,8653106010901,2006,47.920274,-123.228358,9,2,,,,,,249.786,,,,,,,,,,293.712,,,,,,
66269,22398818010497,2004,48.079276,-121.41941,61,2,,,,6.005,,,,,,,,,,6.686,,,,,,,,
66290,193208989020004,2007,45.873608,-121.870959,59,2,,,,,,,112.141,,,,,,,,,,147.784,,,,,
66299,24518635010900,2003,46.092545,-122.42508,15,2,,,132.484,,,,,,,,,,271.017,,,,,,,,,
66317,24498082010900,2003,46.219985,-121.559086,59,2,,,430.069,,,,,,,,,,360.59,,,,,,,,,
66344,8614641010901,2006,47.181253,-120.235336,37,2,,,,,,5.98,,,,,,,,,,7.556,,,,,,
66349,29395690010497,2008,47.414225,-121.14881,37,2,,,,,,,,15.81,,,,,,,,,,40.892,,,,
66386,48206328010497,2011,46.676557,-121.209941,77,2,,,,,,,,,,,175.948,,,,,,,,,,209.47,
66397,29395589010497,2008,48.865406,-119.939285,47,2,,,,,,,,72.552,,,,,,,,,,48.079,,,,
66420,22398877010497,2005,48.495628,-120.69674,7,2,,,,,359.609,,,,,,,,,,336.11,,,,,,,
66423,22398732010497,2004,47.553344,-123.136679,45,2,,,,182.406,,,,,,,,,,223.698,,,,,,,,
66450,22399161010497,2006,47.483597,-121.076061,37,2,,,,,,130.095,,,,,,,,,,145.564,,,,,,
66455,29395636010497,2008,47.328813,-120.536211,7,2,,,,,,,,44.711,,,,,,,,,,45.561,,,,
66503,22398907010497,2005,48.643136,-118.355522,19,2,,,,,70.233,,,,,,,,,,61.417,,,,,,,
66504,40220261010497,2010,46.656475,-121.218329,77,2,,,,,,,,,,114.309,,,,,,,,,,138.004,,
66505,24852275010900,2004,48.26722,-118.855175,47,2,,,,31.118,,,,,,,,,,55.395,,,,,,,,
66508,22399029010497,2005,46.073213,-122.227353,59,2,,,,,4.735,,,,,,,,,,21.956,,,,,,,
66511,22954767010497,2007,48.703844,-121.922332,73,2,,,,,,,238.084,,,,,,,,,,253.614,,,,,
66533,24835104010900,2004,47.388708,-121.743421,33,2,,,,8.345,,,,,,,,,,55.909,,,,,,,,
66538,29395596010497,2008,48.607779,-117.615856,65,2,,,,,,,,214.056,,,,,,,,,,251.417,,,,
66539,29395615010497,2008,47.382648,-123.43207,45,2,,,,,,,,53.682,,,,,,,,,,101.112,,,,
66573,22931274010497,2008,48.718227,-119.797701,47,2,,,,,,,,147.763,,,,,,,,,,149.315,,,,
66590,24879168010900,2004,47.278418,-124.17727,27,2,,,,90.497,,,,,,,,,,136.754,,,,,,,,
66643,22933025010497,2008,47.407712,-123.907538,27,2,,,,,,,,358.314,,,,,,,,,,319.724,,,,
66648,24497410010900,2003,46.150281,-122.142331,59,2,,,82.731,,,,,,,,,,136.371,,,,,,,,,
66651,13006851010497,2005,46.340557,-121.896464,59,2,,,,,406.33,,,,,,,,,,482.269,,,,,,,
66654,22930965010497,2008,46.289629,-123.306461,69,2,,,,,,,,95.889,,,,,,,,,,158.14,,,,
66657,22954345010497,2007,45.88681,-121.220855,39,2,,,,,,,109.473,,,,,,,,,,151.85,,,,,
66670,22932969010497,2008,47.174767,-121.027754,37,2,,,,,,,,24.013,,,,,,,,,,29.753,,,,
66680,40220182010497,2010,46.161152,-117.372033,3,2,,,,,,,,,,31.138,,,,,,,,,,38.494,,
66689,25073235010900,2004,45.968114,-121.66312,59,2,,,,329.167,,,,,,,,,,334.619,,,,,,,,
66694,22398561010497,2003,46.759668,-121.962123,53,2,,,612.54,,,,,,,,,,732.964,,,,,,,,,
66730,40220104010497,2010,45.947466,-121.758937,59,2,,,,,,,,,,297.634,,,,,,,,,,404.248,,
66737,29395709010497,2008,48.252446,-117.395221,51,2,,,,,,,,69.119,,,,,,,,,,37.388,,,,
66741,48204893010497,2011,48.155422,-121.630969,61,2,,,,,,,,,,,57.48,,,,,,,,,,59.949,
66756,8603504010901,2006,48.259828,-118.783912,19,2,,,,,,48.711,,,,,,,,,,37.468,,,,,,
66761,40220902010497,2010,46.688317,-122.282938,41,2,,,,,,,,,,593.587,,,,,,,,,,617.346,,
66780,22398663010497,2004,47.986943,-124.130176,9,2,,,,105.125,,,,,,,,,,179.384,,,,,,,,
66796,22398440010497,2003,48.641322,-118.423304,19,2,,,197.072,,,,,,,,,,230.421,,,,,,,,,
66797,29882826010497,2009,47.993656,-123.179567,9,2,,,,,,,,,218.405,,,,,,,,,,278.351,,,
66799,22827498010497,2007,47.365262,-121.472874,33,2,,,,,,,6.198,,,,,,,,,,15.486,,,,,
66802,29883539010497,2009,47.003083,-121.667003,53,2,,,,,,,,,367.089,,,,,,,,,,382.399,,,
66858,24839380010900,2004,47.136571,-120.874582,37,2,,,,120.671,,,,,,,,,,145.698,,,,,,,,
66876,22398750010497,2004,48.54735,-119.074509,47,2,,,,110.137,,,,,,,,,,135.593,,,,,,,,
66894,48205582010497,2011,47.85249,-121.202213,61,2,,,,,,,,,,,591.294,,,,,,,,,,528.719,
66920,22399121010497,2006,48.830634,-118.81571,19,2,,,,,,34.743,,,,,,,,,,48.29,,,,,,
66935,29882526010497,2009,45.69915,-121.992304,59,2,,,,,,,,,285.208,,,,,,,,,,372.532,,,
66938,22931135010497,2008,48.453954,-118.706291,19,2,,,,,,,,184.576,,,,,,,,,,205.828,,,,
66941,24170891010900,2002,48.671771,-120.063189,47,2,,254.461,,,,,,,,,,,,,,,,,,,,2.12
66953,24828219010900,2004,48.95076,-121.953577,73,2,,,,173.058,,,,,,,,,,271.635,,,,,,,,
66984,40220643010497,2010,48.12058,-118.648103,19,2,,,,,,,,,,79.205,,,,,,,,,,91.594,,
66994,8603138010901,2006,47.965415,-118.385206,19,2,,,,,,27.865,,,,,,,,,,52.381,,,,,,
67016,22954648010497,2006,47.845043,-117.269739,63,2,,,,,,46.675,,,,,,,,,,66.229,,,,,,
67023,22954809010497,2007,48.961899,-119.791788,47,2,,,,,,,45.303,,,,,,,,,,49.053,,,,,
67036,13027896010497,2005,48.836946,-120.720591,47,2,,,,,224.361,,,,,,,,,,222.542,,,,,,,
67040,8624376010901,2006,48.676322,-120.286379,47,2,,,,,,90.219,,,,,,,,,,100.5,,,,,,
67082,22954651010497,2007,48.021312,-123.585087,9,2,,,,,,,483.452,,,,,,,,,,582.721,,,,,
67110,193209083020004,2007,48.400159,-121.368291,57,2,,,,,,,326.61,,,,,,,,,,253.822,,,,,
67111,29881473010497,2009,47.965003,-118.715203,19,2,,,,,,,,,114.929,,,,,,,,,,73.585,,,
67121,29881562010497,2009,48.330935,-120.308386,47,2,,,,,,,,,73.817,,,,,,,,,,87.461,,,
67123,22398355010497,2003,48.140113,-121.823011,61,2,,,222.641,,,,,,,,,,300.015,,,,,,,,,
67132,48204941010497,2011,47.218315,-122.70238,53,2,,,,,,,,,,,215.42,,,,,,,,,,214.027,
67135,22954378010497,2007,46.112699,-117.445366,3,2,,,,,,,278.721,,,,,,,,,,209.335,,,,,
67159,29881980010497,2009,46.507103,-121.637127,41,2,,,,,,,,,383.575,,,,,,,,,,396.488,,,
67172,40220891010497,2010,45.799894,-122.012776,59,2,,,,,,,,,,113.597,,,,,,,,,,134.236,,
67181,29395655010497,2008,46.237956,-117.497928,23,2,,,,,,,,33.814,,,,,,,,,,38.91,,,,
67208,29395572010497,2008,45.772499,-122.217411,59,2,,,,,,,,290.87,,,,,,,,,,344.649,,,,
67220,22399042010497,2005,46.148017,-122.082441,59,2,,,,,380.52,,,,,,,,,,414.269,,,,,,,
67237,22399160010497,2006,47.707567,-121.250459,33,2,,,,,,538.882,,,,,,,,,,475.41,,,,,,
67246,24542422010900,2003,45.910993,-120.655,39,2,,,81.021,,,,,,,,,,101.46,,,,,,,,,
67254,8614440010901,2006,47.171215,-121.31064,37,2,,,,,,32.177,,,,,,,,,,67.05,,,,,,
67257,13058311010497,2005,45.978776,-120.413961,39,2,,,,,84.165,,,,,,,,,,138.567,,,,,,,
67266,24851563010900,2004,48.204641,-119.935362,47,2,,,,11.13,,,,,,,,,,8.192,,,,,,,,
67278,29883084010497,2009,48.815014,-117.263121,51,2,,,,,,,,,115.279,,,,,,,,,,37.986,,,
67297,193208986020004,2007,47.768806,-122.999023,31,2,,,,,,,709.299,,,,,,,,,,732.814,,,,,
67319,40220653010497,2010,48.254173,-121.488476,61,2,,,,,,,,,,235.699,,,,,,,,,,202.926,,
67321,22399192010497,2006,47.456016,-123.477404,45,2,,,,,,9.519,,,,,,,,,,42.258,,,,,,
67336,8608141010901,2006,47.321608,-124.171348,27,2,,,,,,73.901,,,,,,,,,,116.226,,,,,,
67338,29883330010497,2009,47.971811,-123.664196,9,2,,,,,,,,,920.149,,,,,,,,,,887.384,,,
67341,22398717010497,2004,45.896672,-121.581273,39,2,,,,96.349,,,,,,,,,,175.46,,,,,,,,
67354,12998890010497,2005,48.385349,-121.473832,57,2,,,,,249.403,,,,,,,,,,346.233,,,,,,,
67360,22399223010497,2006,48.46477,-120.551075,47,2,,,,,,78.417,,,,,,,,,,86.233,,,,,,
67364,24185970010900,2002,48.526974,-121.689373,57,2,,142.798,,,,,,,,,,,,,,,,,,,,222.446
67370,22398693010497,2004,47.39975,-123.794101,27,2,,,,301.411,,,,,,,,,,308.291,,,,,,,,
67375,40220467010497,2010,47.460274,-120.999092,37,2,,,,,,,,,,233.95,,,,,,,,,,238.351,,
67376,40403511010497,2010,48.638318,-120.770176,47,2,,,,,,,,,,7.465,,,,,,,,,,9.603,,
67377,13002903010497,2005,45.996482,-121.973796,59,2,,,,,73.93,,,,,,,,,,121.47,,,,,,,
67381,22399227010497,2006,48.404885,-120.361433,47,2,,,,,,46.618,,,,,,,,,,49.287,,,,,,
67386,29395632010497,2008,47.773104,-120.588333,7,2,,,,,,,,182.489,,,,,,,,,,203.619,,,,
67390,22399083010497,2005,46.605495,-121.099674,77,2,,,,,41.531,,,,,,,,,,98.735,,,,,,,
67416,22399258010497,2006,48.472566,-121.154925,57,2,,,,,,355.158,,,,,,,,,,448.58,,,,,,
67417,48206370010497,2011,47.385868,-120.93231,37,2,,,,,,,,,,,78.805,,,,,,,,,,83.91,
67426,48205261010497,2011,48.558202,-122.806153,55,2,,,,,,,,,,,123.851,,,,,,,,,,152.971,
67435,24880782010900,2004,48.014411,-122.383688,29,2,,,,85.311,,,,,,,,,,131.431,,,,,,,,
67441,22954580010497,2007,47.708369,-121.000385,7,2,,,,,,,38.042,,,,,,,,,,54.781,,,,,
67454,24487888010900,2003,48.578397,-117.142236,51,2,,,141.083,,,,,,,,,,173.876,,,,,,,,,
67466,22398408010497,2003,48.023143,-120.616363,7,2,,,343.803,,,,,,,,,,344.809,,,,,,,,,
67480,24503758010900,2003,47.598164,-117.207386,63,2,,,107.346,,,,,,,,,,74.357,,,,,,,,,
67485,29395656010497,2008,48.379138,-121.411277,57,2,,,,,,,,17.145,,,,,,,,,,24.071,,,,
67496,40220809010497,2010,46.190148,-121.651265,59,2,,,,,,,,,,348.304,,,,,,,,,,343.812,,
67500,40220538010497,2010,47.779242,-120.880686,7,2,,,,,,,,,,79.32,,,,,,,,,,65.851,,
67513,193209123020004,2007,47.477073,-123.29392,45,2,,,,,,,353.667,,,,,,,,,,326.278,,,,,
67517,13209264010497,2005,46.737384,-123.736162,49,2,,,,,117.627,,,,,,,,,,130.417,,,,,,,
67534,22399206010497,2006,48.710001,-118.936879,47,2,,,,,,138.018,,,,,,,,,,138.563,,,,,,
67552,48206438010497,2011,46.460538,-121.608967,41,2,,,,,,,,,,,57.358,,,,,,,,,,122.407,
67554,22398798010497,2004,46.287097,-121.938513,59,2,,,,38.603,,,,,,,,,,68.79,,,,,,,,
67559,40220588010497,2010,47.974314,-122.914096,31,2,,,,,,,,,,265.222,,,,,,,,,,386.484,,
67585,22399252010497,2006,48.456654,-121.364847,57,2,,,,,,354.454,,,,,,,,,,371.199,,,,,,
67586,22933064010497,2008,47.502493,-120.717657,7,2,,,,,,,,205.431,,,,,,,,,,288.573,,,,
67593,29883418010497,2009,48.049098,-120.800683,7,2,,,,,,,,,52.096,,,,,,,,,,37.361,,,
67634,22827452010497,2007,48.750432,-120.165095,47,2,,,,,,,108.399,,,,,,,,,,103.695,,,,,
67637,24850763010900,2004,47.575197,-123.189166,45,2,,,,245.674,,,,,,,,,,243.163,,,,,,,,
67642,48206194010497,2011,48.747292,-120.132584,47,2,,,,,,,,,,,55.409,,,,,,,,,,53.183,
67651,22954653010497,2007,48.010138,-123.004985,9,2,,,,,,,170.664,,,,,,,,,,233.133,,,,,
67667,22954627010497,2007,47.846035,-120.828548,7,2,,,,,,,300.897,,,,,,,,,,342.914,,,,,
67675,8642354010901,2006,46.787203,-123.086224,67,2,,,,,,13.522,,,,,,,,,,92.166,,,,,,
67731,29882781010497,2009,46.319789,-121.963776,59,2,,,,,,,,,403.968,,,,,,,,,,507.355,,,
67734,40403430010497,2010,48.609256,-120.548745,47,2,,,,,,,,,,33.101,,,,,,,,,,35.893,,
67745,22398922010497,2005,47.651486,-123.005944,31,2,,,,,281.723,,,,,,,,,,303.122,,,,,,,
67756,22827444010497,2007,48.99933,-118.101991,65,2,,,,,,,51.516,,,,,,,,,,58.774,,,,,
67786,40220359010497,2010,47.084054,-123.809531,27,2,,,,,,,,,,153.919,,,,,,,,,,228.954,,
67792,29882988010497,2009,47.40509,-120.854018,37,2,,,,,,,,,51.376,,,,,,,,,,60.518,,,
67823,29883452010497,2009,46.784091,-121.958222,53,2,,,,,,,,,318.458,,,,,,,,,,388.321,,,
67833,24490945010900,2003,47.024987,-121.736916,53,2,,,233.558,,,,,,,,,,270.886,,,,,,,,,
67849,24496911010900,2003,45.99426,-121.688781,59,2,,,9.372,,,,,,,,,,41.927,,,,,,,,,
67879,22398468010497,2003,47.291465,-121.195399,37,2,,,295.139,,,,,,,,,,291.672,,,,,,,,,
67882,24854559010900,2004,48.513724,-119.429565,47,2,,,,14.06,,,,,,,,,,22.279,,,,,,,,
67891,22398623010497,2003,48.874661,-121.840274,73,2,,,538.797,,,,,,,,,,563.402,,,,,,,,,
67901,24530176010900,2003,48.062555,-122.46048,29,2,,,49.167,,,,,,,,,,168.685,,,,,,,,,
67904,24541545010900,2003,45.791,-120.458036,39,2,,,218.015,,,,,,,,,,196.954,,,,,,,,,
67908,29883290010497,2009,46.496743,-123.882302,49,2,,,,,,,,,190.167,,,,,,,,,,231.344,,,
67929,29394734010497,2007,48.301106,-121.264909,57,2,,,,,,,553.273,,,,,,,,,,544.518,,,,,
67932,48205789010497,2011,48.379934,-117.207914,51,2,,,,,,,,,,,71.072,,,,,,,,,,78.809,
67935,40220227010497,2010,46.591069,-121.708092,41,2,,,,,,,,,,33.443,,,,,,,,,,120.765,,
67936,22931095010497,2008,46.860393,-122.183029,53,2,,,,,,,,134.888,,,,,,,,,,192.115,,,,
67937,29395703010497,2008,48.949783,-121.877411,73,2,,,,,,,,137.435,,,,,,,,,,92.376,,,,
67949,24206054010900,2002,48.99522,-122.69846,73,2,,359.76,,,,,,,,,,,,,,,,,,,,216.021
67957,24497836010900,2003,46.191037,-121.898918,59,2,,,61.615,,,,,,,,,,137.241,,,,,,,,,
67990,48202480010497,2011,46.89293,-120.871801,77,2,,,,,,,,,,,55.419,,,,,,,,,,93.319,
68003,29883087010497,2009,48.932103,-117.092852,51,2,,,,,,,,,427.47,,,,,,,,,,447.382,,,
68012,22398825010497,2004,48.115968,-121.750497,61,2,,,,322.511,,,,,,,,,,484.753,,,,,,,,
68017,29395004010497,2008,47.638161,-121.119278,33,2,,,,,,,,27.666,,,,,,,,,,26.9,,,,
68038,12968796010497,2005,48.048348,-120.762752,7,2,,,,,129.147,,,,,,,,,,113.272,,,,,,,
68044,22398618010497,2003,48.680252,-121.730043,73,2,,,455.119,,,,,,,,,,497.761,,,,,,,,,
68065,13001583010497,2005,45.713024,-121.748103,59,2,,,,,165.872,,,,,,,,,,199.179,,,,,,,
68073,40403439010497,2010,48.915432,-117.881681,65,2,,,,,,,,,,30.67,,,,,,,,,,75.006,,
68075,13043465010497,2005,47.617977,-124.243522,31,2,,,,,95.853,,,,,,,,,,159.252,,,,,,,
68080,22398585010497,2003,46.095634,-121.653318,59,2,,,713.368,,,,,,,,,,687.423,,,,,,,,,
68089,40220430010497,2010,47.332126,-124.029071,27,2,,,,,,,,,,70.932,,,,,,,,,,148.421,,
68093,26124846010900,2003,46.834024,-123.603939,27,2,,,132.604,,,,,,,,,,247.865,,,,,,,,,
68094,22398611010497,2003,48.027296,-121.267039,61,2,,,343.522,,,,,,,,,,361.318,,,,,,,,,
68110,40403592010497,2010,48.803101,-118.750486,19,2,,,,,,,,,,148.426,,,,,,,,,,76.288,,
68121,193209081020004,2007,47.450291,-123.872116,27,2,,,,,,,256.689,,,,,,,,,,250.189,,,,,
68139,22398575010497,2003,46.116932,-121.941375,59,2,,,244.962,,,,,,,,,,287.254,,,,,,,,,
68145,40220649010497,2010,48.150371,-118.290158,19,2,,,,,,,,,,33.337,,,,,,,,,,60.838,,
68150,193209107020004,2005,46.97172,-121.067196,37,2,,,,,91.629,,,,,,,,,,97.778,,,,,,,
68155,13058934010497,2005,46.392998,-123.27437,41,2,,,,,206.862,,,,,,,,,,331.29,,,,,,,
68185,29395579010497,2008,48.192736,-120.642328,7,2,,,,,,,,196.351,,,,,,,,,,76.301,,,,
68193,29881462010497,2009,48.208596,-121.342557,61,2,,,,,,,,,557.605,,,,,,,,,,606.025,,,
68194,22398690010497,2004,47.447144,-123.801793,27,2,,,,550.223,,,,,,,,,,219.323,,,,,,,,
68215,193209014020004,2007,48.549458,-121.373948,57,2,,,,,,,32.525,,,,,,,,,,47.004,,,,,
68221,22954538010497,2007,47.235032,-120.902091,37,2,,,,,,,154.732,,,,,,,,,,174.073,,,,,
68237,22827518010497,2007,48.800036,-117.597233,65,2,,,,,,,74.217,,,,,,,,,,70.458,,,,,
68248,22398749010497,2004,48.651859,-120.284169,47,2,,,,35.943,,,,,,,,,,46.069,,,,,,,,
68257,22954779010497,2007,48.793782,-119.722196,47,2,,,,,,,50.236,,,,,,,,,,74.314,,,,,
68289,22399194010497,2006,47.526085,-123.15132,45,2,,,,,,186.91,,,,,,,,,,149.27,,,,,,
68293,13053391010497,2005,47.773638,-122.513775,35,2,,,,,216.496,,,,,,,,,,311.726,,,,,,,
68310,24847105010900,2004,46.678937,-122.878122,41,2,,,,20.254,,,,,,,,,,63.174,,,,,,,,
68315,40220796010497,2010,48.966464,-120.042162,47,2,,,,,,,,,,17.588,,,,,,,,,,31.375,,
68321,22954546010497,2007,47.327222,-123.765912,27,2,,,,,,,463.799,,,,,,,,,,171.539,,,,,
68328,29883404010497,2009,46.674515,-121.247167,77,2,,,,,,,,,298.376,,,,,,,,,,241.561,,,
68331,24523166010900,2003,48.815235,-118.615,19,2,,,66.641,,,,,,,,,,90.123,,,,,,,,,
68344,22398410010497,2003,47.853317,-120.944386,7,2,,,32.122,,,,,,,,,,69.033,,,,,,,,,
68361,8638262010901,2006,48.205813,-121.491973,61,2,,,,,,312.676,,,,,,,,,,391.213,,,,,,
68371,40220245010497,2010,46.58017,-121.39408,77,2,,,,,,,,,,459.811,,,,,,,,,,488.63,,
68377,13011589010497,2005,47.743697,-117.502372,63,2,,,,,26.437,,,,,,,,,,20.11,,,,,,,
68378,22398934010497,2005,47.118412,-120.903806,37,2,,,,,149.093,,,,,,,,,,149.882,,,,,,,
68389,22933192010497,2008,48.06636,-123.519904,9,2,,,,,,,,343.512,,,,,,,,,,402.447,,,,
68398,29883505010497,2009,48.747008,-119.833029,47,2,,,,,,,,,227.622,,,,,,,,,,217.972,,,
68406,40403441010497,2010,48.842127,-117.366833,51,2,,,,,,,,,,96.673,,,,,,,,,,108.626,,
68418,25081492010900,2004,48.141889,-118.091339,65,2,,,,99.331,,,,,,,,,,122.183,,,,,,,,
68478,40403601010497,2010,47.12465,-121.555671,33,2,,,,,,,,,,236.042,,,,,,,,,,242.336,,
68483,24465325010900,2003,46.172241,-121.357784,77,2,,,172.052,,,,,,,,,,196.853,,,,,,,,,
68486,22954465010497,2007,46.826766,-121.38663,77,2,,,,,,,176.599,,,,,,,,,,137.987,,,,,
68487,22398636010497,2004,47.83136,-120.839769,7,2,,,,30.947,,,,,,,,,,70.785,,,,,,,,
68489,24467730010900,2003,46.730751,-121.31907,77,2,,,325.198,,,,,,,,,,354.67,,,,,,,,,
68505,29883286010497,2009,47.892756,-123.115659,9,2,,,,,,,,,617.503,,,,,,,,,,594.352,,,
68531,40220794010497,2010,48.873967,-117.432257,51,2,,,,,,,,,,33.074,,,,,,,,,,48.429,,
68544,22931297010497,2008,48.874994,-122.087165,73,2,,,,,,,,137.963,,,,,,,,,,164.021,,,,
68558,22398854010497,2004,46.953095,-121.138947,77,2,,,,54.527,,,,,,,,,,90.66,,,,,,,,
68566,24547473010900,2003,47.41047,-117.88738,43,2,,,79.829,,,,,,,,,,139.941,,,,,,,,,
68572,40220404010497,2010,47.228254,-123.155233,45,2,,,,,,,,,,74.232,,,,,,,,,,114.951,,
68578,24838588010900,2004,47.12042,-120.976555,37,2,,,,380.17,,,,,,,,,,368.485,,,,,,,,
68579,29883481010497,2009,46.831383,-123.372646,27,2,,,,,,,,,553.285,,,,,,,,,,596.701,,,
68593,8652932010901,2006,48.461548,-120.803745,7,2,,,,,,24.419,,,,,,,,,,28.951,,,,,,
68595,48202760010497,2011,47.716624,-124.256443,31,2,,,,,,,,,,,95.728,,,,,,,,,,168.079,
68605,48204633010497,2011,46.880119,-123.166314,27,2,,,,,,,,,,,81.732,,,,,,,,,,166.606,
68619,22398489010497,2003,46.712053,-121.85525,41,2,,,762.31,,,,,,,,,,760.609,,,,,,,,,
68627,24854901010900,2004,48.628613,-120.504509,47,2,,,,59.956,,,,,,,,,,58.035,,,,,,,,
68631,22827555010497,2007,46.388832,-122.140972,41,2,,,,,,,392.063,,,,,,,,,,428.815,,,,,
68640,22932898010497,2008,45.837819,-121.128557,39,2,,,,,,,,88.275,,,,,,,,,,71.455,,,,
68658,13032836010497,2005,48.375648,-117.413693,51,2,,,,,247.174,,,,,,,,,,262.236,,,,,,,
68661,24856074010900,2004,48.661561,-119.834546,47,2,,,,217.744,,,,,,,,,,268.305,,,,,,,,
68673,22399217010497,2006,48.498978,-119.074548,47,2,,,,,,138.22,,,,,,,,,,73.562,,,,,,
68674,22399021010497,2005,46.142199,-121.860699,59,2,,,,,635.615,,,,,,,,,,709.192,,,,,,,
68690,24536417010900,2003,47.668506,-121.861669,33,2,,,151.428,,,,,,,,,,270.672,,,,,,,,,
68697,22398978010497,2005,48.692851,-120.067397,47,2,,,,,148.971,,,,,,,,,,36.969,,,,,,,
68701,24193544010900,2002,48.162668,-122.298943,61,2,,62.994,,,,,,,,,,134.601,,,,,,,,,,
68702,22398801010497,2004,45.799208,-121.664029,59,2,,,,297.447,,,,,,,,,,320.763,,,,,,,,
68715,22827570010497,2007,47.537712,-121.503961,33,2,,,,,,,483.081,,,,,,,,,,556.488,,,,,
68717,22954447010497,2007,46.696551,-120.985588,77,2,,,,,,,94.353,,,,,,,,,,136.221,,,,,
68729,22931275010497,2008,48.685151,-119.323191,47,2,,,,,,,,8.505,,,,,,,,,,15.803,,,,
68750,22827435010497,2007,46.415688,-122.011798,41,2,,,,,,,378.032,,,,,,,,,,438.303,,,,,
68759,13028844010497,2005,48.838666,-119.073893,47,2,,,,,114.926,,,,,,,,,,134.04,,,,,,,
68760,48204802010497,2011,48.719458,-120.141456,47,2,,,,,,,,,,,85.092,,,,,,,,,,98.787,
68764,22954621010497,2007,47.833898,-121.206664,61,2,,,,,,,78.855,,,,,,,,,,121.654,,,,,
68775,48206379010497,2011,48.959066,-117.241444,51,2,,,,,,,,,,,246.167,,,,,,,,,,268.122,
68786,48205863010497,2011,47.427069,-123.836323,27,2,,,,,,,,,,,326.1,,,,,,,,,,204.16,
68844,22398698010497,2004,47.747515,-122.99295,31,2,,,,204.442,,,,,,,,,,243.048,,,,,,,,
68847,29883458010497,2009,48.080973,-120.095986,47,2,,,,,,,,,127.599,,,,,,,,,,124.991,,,
68861,40220432010497,2010,47.361356,-120.639813,7,2,,,,,,,,,,110.232,,,,,,,,,,130.54,,
68869,40220856010497,2010,46.264834,-121.72044,59,2,,,,,,,,,,409.741,,,,,,,,,,356.76,,
68870,22954794010497,2007,48.763784,-117.183306,51,2,,,,,,,306.307,,,,,,,,,,352.992,,,,,
68873,29883280010497,2009,48.279961,-117.061593,51,2,,,,,,,,,111.137,,,,,,,,,,122.461,,,
68879,29881804010497,2009,48.498678,-121.42178,57,2,,,,,,,,,28.296,,,,,,,,,,84.261,,,
68887,22398418010497,2003,47.899031,-123.033832,9,2,,,26.97,,,,,,,,,,73.289,,,,,,,,,
68911,40220880010497,2010,48.083441,-121.455551,61,2,,,,,,,,,,351.049,,,,,,,,,,375.558,,
68938,40403383010497,2010,46.602146,-121.176671,77,2,,,,,,,,,,177.089,,,,,,,,,,140.417,,
68942,48206271010497,2011,48.65346,-120.323689,47,2,,,,,,,,,,,61.451,,,,,,,,,,62.208,
68944,24871156010900,2004,48.108266,-118.824335,19,2,,,,21.685,,,,,,,,,,31.351,,,,,,,,
68955,22932988010497,2008,47.246734,-121.591007,33,2,,,,,,,,223.199,,,,,,,,,,259.653,,,,
68956,24468035010900,2003,46.732757,-120.949685,77,2,,,77.42,,,,,,,,,,97.654,,,,,,,,,
68987,22931069010497,2008,46.730916,-121.813298,41,2,,,,,,,,581.631,,,,,,,,,,617.639,,,,
68990,40403536010497,2010,48.700863,-120.246795,47,2,,,,,,,,,,0.122,,,,,,,,,,7.244,,
68995,193209198020004,2007,46.059316,-117.972914,13,2,,,,,,,245.782,,,,,,,,,,188.217,,,,,
68998,12972725010497,2005,48.014887,-124.549282,9,2,,,,,137.892,,,,,,,,,,188.159,,,,,,,
69000,22398296010497,2002,48.517283,-118.960708,47,2,,3.551,,,,,,,,,,1.072,,,,,,,,,,
69006,40220615010497,2010,48.087211,-121.3172,61,2,,,,,,,,,,390.527,,,,,,,,,,386.151,,
69020,24834563010900,2004,47.27789,-121.571602,33,2,,,,35.241,,,,,,,,,,96.316,,,,,,,,
69026,22933036010497,2008,47.416982,-121.234582,37,2,,,,,,,,56.52,,,,,,,,,,84.259,,,,
69029,22954766010497,2007,48.698257,-122.465057,73,2,,,,,,,406.374,,,,,,,,,,517.44,,,,,
69040,40220826010497,2010,48.432301,-121.81489,57,2,,,,,,,,,,436.462,,,,,,,,,,376.04,,
69044,22399175010497,2006,47.284708,-120.713471,37,2,,,,,,149.114,,,,,,,,,,147.447,,,,,,
69051,24196977010900,2002,47.997824,-117.86284,65,2,,86.576,,,,,,,,,,109.787,,,,,,,,,,
69057,29881647010497,2009,48.98329,-118.959848,47,2,,,,,,,,,138.535,,,,,,,,,,142.708,,,
69061,40220630010497,2010,48.162474,-122.602324,29,2,,,,,,,,,,23.85,,,,,,,,,,53.726,,
69075,24506863010900,2003,47.420676,-120.736165,7,2,,,95.419,,,,,,,,,,95.619,,,,,,,,,
69079,22954399010497,2007,48.082916,-120.313669,7,2,,,,,,,26.51,,,,,,,,,,87.41,,,,,
69151,40220707010497,2010,48.52549,-120.108806,47,2,,,,,,,,,,49.905,,,,,,,,,,50.35,,
69162,24878808010900,2004,47.230257,-123.524125,27,2,,,,0.281,,,,,,,,,,44.904,,,,,,,,
69197,48204018010497,2011,48.534394,-118.810258,19,2,,,,,,,,,,,139.002,,,,,,,,,,130.021,
69214,12994872010497,2005,46.532746,-121.028874,77,2,,,,,26.701,,,,,,,,,,27.294,,,,,,,
69217,22398564010497,2003,48.329778,-121.7832,57,2,,,244.977,,,,,,,,,,242.518,,,,,,,,,
69221,29883299010497,2009,46.545621,-123.030415,41,2,,,,,,,,,42.644,,,,,,,,,,136.299,,,
69225,29883453010497,2009,46.826189,-121.315375,77,2,,,,,,,,,109.494,,,,,,,,,,100.201,,,
69231,24533919010900,2003,47.91792,-122.795322,31,2,,,89.559,,,,,,,,,,185.287,,,,,,,,,
69232,12990036010497,2005,48.95221,-121.830164,73,2,,,,,327.33,,,,,,,,,,354.507,,,,,,,
69233,24141321010900,2002,47.058466,-124.054436,27,2,,69.404,,,,,,,,,,,,,,,,,,,,103.632
69236,22399313010497,2006,46.062186,-121.435235,77,2,,,,,,154.457,,,,,,,,,,144.587,,,,,,
69240,29395608010497,2008,48.680839,-121.657887,73,2,,,,,,,,203.997,,,,,,,,,,209.693,,,,
69309,40220578010497,2010,47.960806,-123.266821,9,2,,,,,,,,,,113.723,,,,,,,,,,76.548,,
69347,40220327010497,2010,46.934201,-123.229226,27,2,,,,,,,,,,299.189,,,,,,,,,,387.267,,
69355,24489967010900,2003,46.815007,-122.036813,53,2,,,201.18,,,,,,,,,,345.869,,,,,,,,,
69358,22827669010497,2007,48.706521,-120.277989,47,2,,,,,,,41.909,,,,,,,,,,60.132,,,,,
69367,29395734010497,2008,47.896871,-122.998485,9,2,,,,,,,,318.176,,,,,,,,,,403.013,,,,
69377,29881891010497,2009,48.517387,-118.508545,19,2,,,,,,,,,22.325,,,,,,,,,,38.146,,,
69387,29883416010497,2009,48.013602,-121.722198,61,2,,,,,,,,,101.604,,,,,,,,,,165.731,,,
69393,22399211010497,2006,48.664995,-119.803989,47,2,,,,,,144.703,,,,,,,,,,155.274,,,,,,
69400,22399312010497,2006,46.745181,-121.027848,77,2,,,,,,234.697,,,,,,,,,,236.899,,,,,,
69401,22398530010497,2003,48.576179,-120.144605,47,2,,,62.407,,,,,,,,,,25.345,,,,,,,,,
69409,22954574010497,2007,47.554539,-120.776648,7,2,,,,,,,145.797,,,,,,,,,,181.117,,,,,
69464,13058072010497,2005,45.949419,-120.751752,39,2,,,,,32.283,,,,,,,,,,66.003,,,,,,,
69477,48204594010497,2011,48.222967,-120.930725,7,2,,,,,,,,,,,139.015,,,,,,,,,,236.792,
69490,24883381010900,2004,47.778033,-122.880287,31,2,,,,304.646,,,,,,,,,,357.498,,,,,,,,
69526,29881876010497,2009,48.428092,-117.411257,51,2,,,,,,,,,209.009,,,,,,,,,,214.503,,,
69531,29882611010497,2009,45.886844,-120.724881,39,2,,,,,,,,,101.733,,,,,,,,,,87.259,,,
69532,22398281010497,2002,48.226394,-119.977614,47,2,,24.722,,,,,,,,,,,,,,,,,,,,47.502
69583,24513781010900,2003,48.017658,-123.160571,9,2,,,38.253,,,,,,,,,,103.807,,,,,,,,,
69611,40403428010497,2010,47.914945,-120.325409,7,2,,,,,,,,,,98.017,,,,,,,,,,118.67,,
69634,12986466010497,2005,47.034866,-123.162346,67,2,,,,,506.426,,,,,,,,,,638.128,,,,,,,
69636,22933050010497,2008,47.515866,-124.110398,27,2,,,,,,,,144.566,,,,,,,,,,213.31,,,,
69650,40220804010497,2010,46.61506,-122.391088,41,2,,,,,,,,,,46.884,,,,,,,,,,108.706,,
69653,24154066010900,2002,47.142614,-121.239364,37,2,,60.157,,,,,,,,,,93.731,,,,,,,,,,
69660,22398847010497,2004,46.5982,-121.147721,77,2,,,,237.036,,,,,,,,,,252.769,,,,,,,,
69661,22827654010497,2007,48.525808,-117.436641,51,2,,,,,,,140.377,,,,,,,,,,182.406,,,,,
69670,48204522010497,2011,46.149699,-122.332996,15,2,,,,,,,,,,,114.534,,,,,,,,,,216.147,
69698,22398764010497,2004,48.6708,-117.346766,51,2,,,,97.154,,,,,,,,,,116.795,,,,,,,,
69704,22398655010497,2004,47.774496,-120.549196,7,2,,,,178.1,,,,,,,,,,184.356,,,,,,,,
69706,48202803010497,2011,47.965551,-124.139302,9,2,,,,,,,,,,,440.277,,,,,,,,,,541.677,
69717,22954568010497,2007,47.460766,-121.830111,33,2,,,,,,,183.147,,,,,,,,,,257.141,,,,,
69718,29883155010497,2009,46.957256,-121.919967,53,2,,,,,,,,,137.638,,,,,,,,,,249.141,,,
69732,24837885010900,2004,46.956666,-120.958438,37,2,,,,18.329,,,,,,,,,,29.229,,,,,,,,
69753,29883010010497,2009,48.640551,-118.240261,19,2,,,,,,,,,90.04,,,,,,,,,,111.032,,,
69754,8651166010901,2006,47.797335,-120.328211,7,2,,,,,,28.025,,,,,,,,,,38.502,,,,,,
69762,48204406010497,2011,47.673544,-123.694223,31,2,,,,,,,,,,,123.935,,,,,,,,,,92.279,
69768,22398718010497,2004,46.458703,-121.792164,41,2,,,,235.607,,,,,,,,,,283.023,,,,,,,,
69788,12975042010497,2005,48.217139,-124.25757,9,2,,,,,684.609,,,,,,,,,,765.488,,,,,,,
69795,22398806010497,2004,45.942739,-122.051671,59,2,,,,561.773,,,,,,,,,,556.323,,,,,,,,
69816,22399303010497,2006,48.926475,-121.919416,73,2,,,,,,290.698,,,,,,,,,,208.835,,,,,,
69824,22931270010497,2008,48.617635,-118.432461,19,2,,,,,,,,191.556,,,,,,,,,,109.364,,,,
69837,22954680010497,2006,48.103896,-118.289819,19,2,,,,,,61.014,,,,,,,,,,76.29,,,,,,
69838,22931281010497,2008,48.766351,-120.77141,73,2,,,,,,,,42.088,,,,,,,,,,65.928,,,,
69862,29883340010497,2009,48.498857,-121.554512,57,2,,,,,,,,,232.633,,,,,,,,,,283.538,,,
69866,26125675010900,2003,47.413028,-121.079335,37,2,,,52.897,,,,,,,,,,77.969,,,,,,,,,
69888,22399128010497,2006,48.78169,-118.259113,19,2,,,,,,172.305,,,,,,,,,,223.728,,,,,,
69899,30764680020004,2012,48.787861,-120.791902,73,2,,,,,,,,,,,,425.056,,,,,,,,,,412.12
69903,24523761010900,2003,48.828299,-118.262252,19,2,,,129.913,,,,,,,,,,115.162,,,,,,,,,
69910,24195448010900,2002,47.303276,-117.573927,63,2,,62.003,,,,,,,,,,85.009,,,,,,,,,,
69913,22398824010497,2004,48.184115,-121.445877,61,2,,,,571.489,,,,,,,,,,754.111,,,,,,,,
69920,22954668010497,2007,48.113571,-121.936785,61,2,,,,,,,46.552,,,,,,,,,,116.209,,,,,
69921,24200744010900,2002,48.990569,-117.942299,65,2,,118.52,,,,,,,,,,,,,,,,,,,,135.149
69932,22398328010497,2002,46.215503,-121.899948,59,2,,28.89,,,,,,,,,,73.741,,,,,,,,,,
69954,48203736010497,2011,47.962858,-123.602217,9,2,,,,,,,,,,,470.745,,,,,,,,,,428.261,
69958,22827763010497,2007,47.051546,-121.557801,53,2,,,,,,,118.714,,,,,,,,,,153.197,,,,,
69965,48202983010497,2011,48.867789,-117.239952,51,2,,,,,,,,,,,192.058,,,,,,,,,,210.989,
69968,48206541010497,2011,48.652119,-121.661161,73,2,,,,,,,,,,,367.621,,,,,,,,,,429.144,
69969,48205120010497,2011,47.766123,-124.467643,31,2,,,,,,,,,,,444.25,,,,,,,,,,453.66,
69980,22932974010497,2008,47.183125,-124.034543,27,2,,,,,,,,226.567,,,,,,,,,,268.757,,,,
69986,29881633010497,2009,48.910641,-119.824696,47,2,,,,,,,,,115.888,,,,,,,,,,129.491,,,
70007,22398443010497,2003,48.564607,-118.217428,19,2,,,143.491,,,,,,,,,,120.841,,,,,,,,,
70017,24191871010900,2002,47.783996,-121.353795,61,2,,299.573,,,,,,,,,,238.641,,,,,,,,,,
70036,22399309010497,2006,46.904953,-121.421818,77,2,,,,,,400.761,,,,,,,,,,310.05,,,,,,
70054,22932996010497,2008,47.267673,-121.76764,33,2,,,,,,,,140.868,,,,,,,,,,19.167,,,,
70066,40220720010497,2010,48.524224,-119.2187,47,2,,,,,,,,,,208.465,,,,,,,,,,127.706,,
70067,22827611010497,2007,48.549332,-120.108842,47,2,,,,,,,50.752,,,,,,,,,,48.98,,,,,
70068,13017118010497,2005,46.936953,-122.672152,67,2,,,,,547.429,,,,,,,,,,581.924,,,,,,,
70070,40403559010497,2010,47.715273,-121.539419,33,2,,,,,,,,,,232.779,,,,,,,,,,254.953,,
70080,24485528010900,2003,46.500677,-123.723277,49,2,,,152.831,,,,,,,,,,242.578,,,,,,,,,
70086,22931124010497,2008,48.449905,-122.54096,57,2,,,,,,,,190.476,,,,,,,,,,244.152,,,,
70097,29395614010497,2008,46.017841,-121.655462,59,2,,,,,,,,201.767,,,,,,,,,,225.475,,,,
70106,29883107010497,2009,46.13618,-117.549103,23,2,,,,,,,,,175.011,,,,,,,,,,189.138,,,
70170,48205721010497,2011,48.38457,-117.567963,65,2,,,,,,,,,,,86.256,,,,,,,,,,135.429,
70180,40403449010497,2010,47.480191,-120.710725,7,2,,,,,,,,,,26.847,,,,,,,,,,9.208,,
70200,22399209010497,2006,48.640851,-119.874489,47,2,,,,,,44.522,,,,,,,,,,19.605,,,,,,
70232,48206725010497,2011,47.07871,-121.845234,53,2,,,,,,,,,,,37.037,,,,,,,,,,89.228,
70237,22954445010497,2007,46.70987,-121.522975,41,2,,,,,,,421.031,,,,,,,,,,473.405,,,,,
70257,22933162010497,2008,47.945844,-123.338376,9,2,,,,,,,,423.818,,,,,,,,,,463.23,,,,
70264,8626579010901,2006,48.88089,-119.041535,47,2,,,,,,14.891,,,,,,,,,,38.946,,,,,,
70269,22398416010497,2003,47.629099,-120.739287,7,2,,,28.376,,,,,,,,,,28.874,,,,,,,,,
70274,22398982010497,2005,48.641252,-118.913997,47,2,,,,,27.738,,,,,,,,,,51.738,,,,,,,
70281,48202898010497,2011,48.131302,-121.453767,61,2,,,,,,,,,,,16.933,,,,,,,,,,75.292,
70285,22398839010497,2004,48.893252,-121.649065,73,2,,,,666.244,,,,,,,,,,708.022,,,,,,,,
70293,25083273010900,2004,48.642387,-117.793885,65,2,,,,108.761,,,,,,,,,,133.439,,,,,,,,
70302,48205648010497,2011,48.57919,-120.292657,47,2,,,,,,,,,,,209.766,,,,,,,,,,151.757,
70305,22399112010497,2006,47.96527,-124.234936,9,2,,,,,,380.319,,,,,,,,,,452.437,,,,,,
70316,25095250010900,2004,47.594704,-120.419031,7,2,,,,10.954,,,,,,,,,,15.247,,,,,,,,
70324,24494906010900,2003,45.649851,-121.998374,59,2,,,326.06,,,,,,,,,,386.889,,,,,,,,,
70327,13011085010497,2005,47.447929,-117.498181,63,2,,,,,51.31,,,,,,,,,,68.842,,,,,,,
70341,24865217010900,2004,48.071766,-123.882728,9,2,,,,373.914,,,,,,,,,,431.474,,,,,,,,
70342,24877430010900,2004,47.060862,-123.99591,27,2,,,,74.796,,,,,,,,,,177.189,,,,,,,,
70363,48205875010497,2011,48.212003,-117.525094,65,2,,,,,,,,,,,72.266,,,,,,,,,,128.818,
70368,22827426010497,2007,48.10848,-120.244322,47,2,,,,,,,71.96,,,,,,,,,,120.532,,,,,
70372,22399060010497,2005,48.992946,-118.066631,65,2,,,,,87.286,,,,,,,,,,41.167,,,,,,,
70395,22399170010497,2006,47.242811,-121.112918,37,2,,,,,,177.851,,,,,,,,,,163.756,,,,,,
70402,22399137010497,2006,48.987955,-118.317397,19,2,,,,,,112.048,,,,,,,,,,149.707,,,,,,
70412,22954545010497,2007,47.256084,-120.575064,37,2,,,,,,,215.51,,,,,,,,,,24.997,,,,,
70417,24460589010900,2003,46.35018,-123.52073,69,2,,,111.661,,,,,,,,,,216.78,,,,,,,,,
70455,22954369010497,2006,46.03034,-117.806401,13,2,,,,,,50.192,,,,,,,,,,65.423,,,,,,
70459,12979628010497,2005,48.346993,-118.487722,19,2,,,,,183.081,,,,,,,,,,190.363,,,,,,,
70470,40220885010497,2010,47.966172,-124.024758,9,2,,,,,,,,,,246.178,,,,,,,,,,342.382,,
70487,40220650010497,2010,48.094259,-118.02063,65,2,,,,,,,,,,65.317,,,,,,,,,,94.069,,
70499,22398428010497,2003,46.24816,-117.640823,13,2,,,46.357,,,,,,,,,,36.097,,,,,,,,,
70501,48206505010497,2011,47.069182,-121.12476,37,2,,,,,,,,,,,224.933,,,,,,,,,,246.171,
70504,22399046010497,2005,46.145984,-121.718806,59,2,,,,,293.503,,,,,,,,,,300.724,,,,,,,
70506,29395624010497,2008,45.971916,-121.974405,59,2,,,,,,,,293.556,,,,,,,,,,355.933,,,,
70534,29395605010497,2008,45.927499,-122.222068,59,2,,,,,,,,85.247,,,,,,,,,,89.459,,,,
70568,29395513010497,2008,46.653097,-121.282231,77,2,,,,,,,,341.61,,,,,,,,,,366.339,,,,
70602,40220138010497,2010,46.007818,-117.485802,23,2,,,,,,,,,,44.761,,,,,,,,,,79.805,,
70631,40220396010497,2010,47.204374,-122.387162,53,2,,,,,,,,,,211.35,,,,,,,,,,140.804,,
70644,29883001010497,2009,47.529013,-123.182144,45,2,,,,,,,,,80.174,,,,,,,,,,137.57,,,
70668,24857195010900,2004,48.859679,-119.488503,47,2,,,,27.106,,,,,,,,,,33.981,,,,,,,,
70677,48206321010497,2011,48.407588,-120.336625,47,2,,,,,,,,,,,34.787,,,,,,,,,,25.359,
70691,12964449010497,2005,47.415896,-120.653763,7,2,,,,,62.919,,,,,,,,,,67.872,,,,,,,
70708,22954397010497,2007,48.134843,-121.603142,61,2,,,,,,,616.362,,,,,,,,,,597.595,,,,,
70723,24545346010900,2003,46.536117,-122.853531,41,2,,,317.591,,,,,,,,,,343.78,,,,,,,,,
70724,22954571010497,2006,47.530556,-121.714951,33,2,,,,,,74.164,,,,,,,,,,115.973,,,,,,
70732,22954341010497,2007,45.827309,-121.864478,59,2,,,,,,,516.94,,,,,,,,,,337.719,,,,,
70741,40403548010497,2010,48.633793,-120.547556,47,2,,,,,,,,,,18.321,,,,,,,,,,20.867,,
70759,193209017020004,2007,47.801032,-123.041031,31,2,,,,,,,260.284,,,,,,,,,,288.436,,,,,
70762,29883073010497,2009,48.327554,-120.196707,47,2,,,,,,,,,150.101,,,,,,,,,,126.147,,,
70764,29395005010497,2008,47.653996,-120.781192,7,2,,,,,,,,0.958,,,,,,,,,,7.891,,,,
70777,48204985010497,2011,48.679324,-120.476977,47,2,,,,,,,,,,,106.632,,,,,,,,,,92.103,
70792,40220841010497,2010,47.502841,-123.216471,45,2,,,,,,,,,,318.066,,,,,,,,,,367.813,,
70809,29882993010497,2009,47.474113,-123.536632,27,2,,,,,,,,,196.173,,,,,,,,,,199.712,,,
70811,22826482010497,2006,46.176664,-117.651792,13,2,,,,,,136.145,,,,,,,,,,101.488,,,,,,
70812,22399243010497,2006,48.226245,-117.390918,51,2,,,,,,226.021,,,,,,,,,,280.305,,,,,,
70837,12974382010497,2005,48.159956,-123.658671,9,2,,,,,658.7,,,,,,,,,,638.548,,,,,,,
70841,40220559010497,2010,47.698884,-117.142089,63,2,,,,,,,,,,19.675,,,,,,,,,,34.626,,
70873,24494561010900,2003,48.631671,-122.041082,57,2,,,12.695,,,,,,,,,,35.622,,,,,,,,,
70879,12976281010497,2005,46.084506,-117.870272,13,2,,,,,249.109,,,,,,,,,,248.435,,,,,,,
70889,22399232010497,2006,48.774383,-117.562186,51,2,,,,,,253.675,,,,,,,,,,275.418,,,,,,
70894,22398699010497,2004,47.741765,-121.35932,33,2,,,,27.182,,,,,,,,,,92.328,,,,,,,,
70897,22954551010497,2007,47.380256,-123.394072,45,2,,,,,,,160.517,,,,,,,,,,248.271,,,,,
70915,22399305010497,2006,48.982751,-121.946391,73,2,,,,,,427.353,,,,,,,,,,314.815,,,,,,
70927,29881629010497,2009,48.754704,-117.137346,51,2,,,,,,,,,130.557,,,,,,,,,,165.122,,,
70929,29882930010497,2009,47.380783,-121.564039,33,2,,,,,,,,,46.984,,,,,,,,,,92.07,,,
70944,8630640010901,2006,47.038605,-122.497053,53,2,,,,,,489.446,,,,,,,,,,546.484,,,,,,
70950,22399218010497,2006,48.794889,-119.979101,47,2,,,,,,0.24,,,,,,,,,,22.777,,,,,,
70951,12980164010497,2005,48.398671,-118.26857,19,2,,,,,46.871,,,,,,,,,,67.983,,,,,,,
70971,24514879010900,2003,48.112202,-123.879967,9,2,,,79.445,,,,,,,,,,131.146,,,,,,,,,
71023,24493125010900,2003,48.35334,-121.95072,57,2,,,131.669,,,,,,,,,,170.055,,,,,,,,,
71035,40220484010497,2010,47.567901,-121.580655,33,2,,,,,,,,,,287.625,,,,,,,,,,128.593,,
71038,12995357010497,2005,46.704393,-121.069857,77,2,,,,,97.692,,,,,,,,,,36.757,,,,,,,
71039,22398891010497,2005,47.965656,-124.17218,9,2,,,,,160.744,,,,,,,,,,239.522,,,,,,,
71049,22954696010497,2007,48.421594,-120.364605,47,2,,,,,,,43.752,,,,,,,,,,35.692,,,,,
71050,22954476010497,2007,47.009096,-123.703311,27,2,,,,,,,138.014,,,,,,,,,,234.12,,,,,
71063,22828659010497,2007,48.515836,-120.619154,47,2,,,,,,,14.89,,,,,,,,,,15.075,,,,,
71067,22398295010497,2002,48.347078,-119.977565,47,2,,126.369,,,,,,,,,,144.727,,,,,,,,,,
71077,24468927010900,2003,47.024133,-121.160818,77,2,,,92.288,,,,,,,,,,125.629,,,,,,,,,
71082,8627747010901,2006,46.56668,-123.630128,49,2,,,,,,0.437,,,,,,,,,,57.272,,,,,,
71085,22954511010497,2007,47.766533,-124.037014,31,2,,,,,,,716.556,,,,,,,,,,620.73,,,,,
71118,29883006010497,2009,48.281712,-121.492844,61,2,,,,,,,,,506.071,,,,,,,,,,534.664,,,
71152,29395019010497,2008,48.932533,-120.793951,73,2,,,,,,,,315.134,,,,,,,,,,266.934,,,,
71157,22932941010497,2008,47.031154,-123.654339,27,2,,,,,,,,73.624,,,,,,,,,,148.948,,,,
71162,48204519010497,2011,48.980472,-118.357258,19,2,,,,,,,,,,,160.45,,,,,,,,,,129.447,
71165,48206564010497,2011,47.991052,-123.988579,9,2,,,,,,,,,,,306.269,,,,,,,,,,295.263,
71185,22398469010497,2002,47.338434,-120.933019,37,2,,243.269,,,,,,,,,,247.3,,,,,,,,,,
71206,13038857010497,2005,46.964511,-121.828897,53,2,,,,,567.17,,,,,,,,,,561.72,,,,,,,
71212,24500369010900,2003,47.875928,-121.164556,61,2,,,21.379,,,,,,,,,,29.146,,,,,,,,,
71213,22827319010497,2007,48.585834,-117.171606,51,2,,,,,,,217.603,,,,,,,,,,272.967,,,,,
71218,8644549010901,2006,48.802832,-122.32931,73,2,,,,,,43.029,,,,,,,,,,109.255,,,,,,
71224,24868555010900,2004,46.270014,-117.708153,13,2,,,,186.203,,,,,,,,,,181.275,,,,,,,,
71236,8647117010901,2006,46.487217,-121.333926,77,2,,,,,,75.231,,,,,,,,,,119.641,,,,,,
71241,22398616010497,2003,48.659888,-117.681603,65,2,,,176.956,,,,,,,,,,182.0,,,,,,,,,
71263,8612080010901,2006,47.521068,-122.080371,33,2,,,,,,328.444,,,,,,,,,,371.011,,,,,,
71280,8652849010901,2006,48.455912,-120.955455,7,2,,,,,,32.934,,,,,,,,,,44.683,,,,,,
71309,48205392010497,2011,46.06804,-120.730012,77,2,,,,,,,,,,,179.345,,,,,,,,,,217.151,
71347,12964130010497,2005,47.269107,-120.297686,7,2,,,,,283.485,,,,,,,,,,255.707,,,,,,,
71352,29881471010497,2009,48.183913,-120.459237,7,2,,,,,,,,,5.781,,,,,,,,,,6.565,,,
71359,22398829010497,2004,48.41708,-117.741964,65,2,,,,58.343,,,,,,,,,,68.102,,,,,,,,
71364,12998273010497,2005,48.341906,-121.536454,57,2,,,,,151.512,,,,,,,,,,191.47,,,,,,,
71368,29881794010497,2009,48.462115,-121.848326,57,2,,,,,,,,,222.116,,,,,,,,,,244.534,,,
71398,22827678010497,2007,48.358821,-120.191915,47,2,,,,,,,208.852,,,,,,,,,,156.832,,,,,
71399,29883268010497,2009,48.690388,-117.240054,51,2,,,,,,,,,288.365,,,,,,,,,,315.936,,,
71404,22954636010497,2007,47.942628,-124.275869,9,2,,,,,,,120.483,,,,,,,,,,174.868,,,,,
71409,48204084010497,2011,47.714223,-121.198471,33,2,,,,,,,,,,,473.64,,,,,,,,,,531.358,
71450,40403566010497,2010,47.353445,-120.535065,7,2,,,,,,,,,,149.732,,,,,,,,,,48.997,,
71456,193209064020004,2005,46.948633,-120.982269,37,2,,,,,42.875,,,,,,,,,,36.599,,,,,,,
71472,48204186010497,2011,46.685178,-121.750521,41,2,,,,,,,,,,,375.996,,,,,,,,,,445.22,
71475,24867380010900,2004,45.901282,-122.345299,11,2,,,,27.644,,,,,,,,,,114.853,,,,,,,,
71477,24166383010900,2002,48.200506,-120.006504,47,2,,60.632,,,,,,,,,,57.146,,,,,,,,,,
71485,40403432010497,2010,47.96743,-120.469334,7,2,,,,,,,,,,241.937,,,,,,,,,,65.359,,
71489,22954342010497,2007,45.831215,-121.555197,39,2,,,,,,,538.571,,,,,,,,,,504.264,,,,,
71496,22399129010497,2006,48.489512,-118.261554,19,2,,,,,,242.946,,,,,,,,,,315.981,,,,,,
71517,22954587010497,2007,48.191387,-120.54226,7,2,,,,,,,3.87,,,,,,,,,,4.16,,,,,
71524,22399108010497,2006,47.941756,-120.436639,7,2,,,,,,131.272,,,,,,,,,,113.711,,,,,,
71525,22399281010497,2006,45.821975,-122.083054,59,2,,,,,,80.935,,,,,,,,,,148.933,,,,,,
71530,22398940010497,2005,46.635313,-121.709899,41,2,,,,,490.374,,,,,,,,,,518.665,,,,,,,
71534,13019610010497,2005,47.47817,-123.329278,45,2,,,,,319.798,,,,,,,,,,318.623,,,,,,,
71539,48205133010497,2011,48.83996,-120.880453,73,2,,,,,,,,,,,105.036,,,,,,,,,,121.54,
71546,8616066010901,2006,45.988311,-120.727232,39,2,,,,,,36.083,,,,,,,,,,76.281,,,,,,
71562,40220415010497,2010,47.265401,-121.155699,37,2,,,,,,,,,,362.119,,,,,,,,,,397.571,,
71568,22954572010497,2007,47.559317,-120.997969,7,2,,,,,,,18.032,,,,,,,,,,19.038,,,,,
71594,13197377010497,2004,48.978494,-120.417591,47,2,,,,281.003,,,,,,,,,,81.8,,,,,,,,
71595,22827749010497,2007,48.130171,-124.041974,9,2,,,,,,,424.652,,,,,,,,,,447.835,,,,,
71608,40220883010497,2010,45.947027,-121.939564,59,2,,,,,,,,,,184.425,,,,,,,,,,204.118,,
71624,29394874010497,2008,46.391194,-123.522098,49,2,,,,,,,,3.65,,,,,,,,,,100.4,,,,
71630,48205876010497,2011,48.350913,-118.784167,19,2,,,,,,,,,,,17.89,,,,,,,,,,6.737,
71637,29883069010497,2009,48.857254,-118.302221,19,2,,,,,,,,,142.67,,,,,,,,,,127.051,,,
71673,22827502010497,2007,48.598368,-118.47136,19,2,,,,,,,39.042,,,,,,,,,,61.718,,,,,
71681,24200393010900,2002,48.897164,-118.087829,65,2,,65.506,,,,,,,,,,48.643,,,,,,,,,,
71689,29882817010497,2009,47.191249,-120.99381,37,2,,,,,,,,,11.039,,,,,,,,,,57.805,,,
71716,22398719010497,2004,46.63881,-121.924217,41,2,,,,3.931,,,,,,,,,,35.297,,,,,,,,
71718,40220776010497,2010,48.898157,-121.620062,73,2,,,,,,,,,,87.299,,,,,,,,,,102.463,,
71723,48205164010497,2011,47.40265,-120.786296,7,2,,,,,,,,,,,36.71,,,,,,,,,,51.199,
71744,24176337010900,2002,46.583384,-123.457274,49,2,,398.144,,,,,,,,,,483.507,,,,,,,,,,
71760,29883316010497,2009,47.857897,-120.79138,7,2,,,,,,,,,355.2,,,,,,,,,,373.947,,,
71768,22399238010497,2006,48.788739,-117.299785,51,2,,,,,,112.968,,,,,,,,,,170.292,,,,,,
71769,40220139010497,2010,46.192221,-122.859216,15,2,,,,,,,,,,106.749,,,,,,,,,,185.437,,
71770,22827436010497,2007,46.667376,-122.358847,41,2,,,,,,,8.922,,,,,,,,,,48.957,,,,,
71795,22398804010497,2004,45.963641,-121.624671,59,2,,,,63.626,,,,,,,,,,125.71,,,,,,,,
71800,40220128010497,2010,46.14046,-121.755512,59,2,,,,,,,,,,705.496,,,,,,,,,,754.932,,
71806,48202654010497,2011,46.436288,-120.95269,77,2,,,,,,,,,,,189.165,,,,,,,,,,203.945,
71809,40220692010497,2010,48.412752,-118.849991,47,2,,,,,,,,,,145.698,,,,,,,,,,20.702,,
71811,48206225010497,2011,47.548958,-123.871141,31,2,,,,,,,,,,,267.728,,,,,,,,,,342.19,
71814,22398566010497,2003,48.55483,-121.441986,57,2,,,322.762,,,,,,,,,,378.138,,,,,,,,,
71817,24131857010900,2002,46.146203,-122.630701,15,2,,2.046,,,,,,,,,,56.181,,,,,,,,,,
71829,25075208010900,2004,46.235877,-121.544014,59,2,,,,6.942,,,,,,,,,,9.715,,,,,,,,
71834,22398652010497,2004,47.827528,-120.919685,7,2,,,,383.497,,,,,,,,,,404.846,,,,,,,,
71854,29883025010497,2009,48.718722,-120.018529,47,2,,,,,,,,,46.048,,,,,,,,,,28.645,,,
71858,22398482010497,2003,47.390567,-120.975906,37,2,,,209.373,,,,,,,,,,98.097,,,,,,,,,
71893,22398592010497,2003,45.895313,-122.07578,59,2,,,117.069,,,,,,,,,,208.943,,,,,,,,,
71895,22954418010497,2007,46.498342,-122.109216,41,2,,,,,,,298.975,,,,,,,,,,375.325,,,,,
71917,40220864010497,2010,48.329007,-121.411235,57,2,,,,,,,,,,367.618,,,,,,,,,,407.981,,
71921,22954690010497,2007,48.359304,-118.918795,47,2,,,,,,,58.317,,,,,,,,,,9.834,,,,,
71931,22398844010497,2004,48.879228,-121.908892,73,2,,,,358.089,,,,,,,,,,391.901,,,,,,,,
71937,29395740010497,2008,46.192458,-121.863937,59,2,,,,,,,,238.261,,,,,,,,,,328.713,,,,
72008,29395676010497,2008,48.563793,-120.736382,57,2,,,,,,,,290.193,,,,,,,,,,333.116,,,,
72025,22398814010497,2004,48.066832,-121.670706,61,2,,,,311.493,,,,,,,,,,369.115,,,,,,,,
72062,8619011010901,2006,46.741384,-122.440878,41,2,,,,,,62.87,,,,,,,,,,168.448,,,,,,
72072,29395675010497,2008,45.824851,-122.047545,59,2,,,,,,,,516.336,,,,,,,,,,531.096,,,,
72093,40403474010497,2010,47.409847,-120.895103,37,2,,,,,,,,,,16.314,,,,,,,,,,15.3,,
72098,40403545010497,2010,47.368842,-121.404071,37,2,,,,,,,,,,263.176,,,,,,,,,,239.632,,
72105,29883425010497,2009,48.063039,-124.068973,9,2,,,,,,,,,435.295,,,,,,,,,,580.107,,,
72120,22398734010497,2004,48.675082,-120.104003,47,2,,,,33.6,,,,,,,,,,29.576,,,,,,,,
72125,40403523010497,2010,46.970699,-121.128207,77,2,,,,,,,,,,37.4,,,,,,,,,,48.927,,
72141,22398741010497,2004,48.358319,-120.297479,47,2,,,,90.68,,,,,,,,,,100.708,,,,,,,,
72146,22398228010497,2002,47.398132,-123.757266,27,2,,198.31,,,,,,,,,,364.547,,,,,,,,,,
72162,22933124010497,2008,47.755412,-120.993245,7,2,,,,,,,,161.295,,,,,,,,,,200.597,,,,
72167,8629253010901,2006,48.812679,-117.211709,51,2,,,,,,144.961,,,,,,,,,,40.396,,,,,,
72177,29881977010497,2009,46.369634,-121.758048,59,2,,,,,,,,,367.981,,,,,,,,,,452.785,,,
72213,48205734010497,2011,47.916796,-123.964409,9,2,,,,,,,,,,,769.789,,,,,,,,,,787.409,
72217,8648778010901,2006,45.902948,-122.276874,11,2,,,,,,21.866,,,,,,,,,,83.875,,,,,,
72234,29395727010497,2008,48.084432,-120.206397,47,2,,,,,,,,232.842,,,,,,,,,,110.877,,,,
72240,48205061010497,2011,48.946513,-118.687665,19,2,,,,,,,,,,,142.89,,,,,,,,,,142.895,
72256,24844868010900,2004,46.544011,-122.505162,41,2,,,,116.752,,,,,,,,,,145.11,,,,,,,,
72267,25070604010900,2004,48.524175,-121.623703,57,2,,,,130.649,,,,,,,,,,193.35,,,,,,,,
72275,22931296010497,2008,48.75908,-118.266206,19,2,,,,,,,,61.684,,,,,,,,,,54.581,,,,
72287,29395554010497,2008,48.684516,-120.619445,47,2,,,,,,,,31.645,,,,,,,,,,45.317,,,,
72306,8649260010901,2006,46.183164,-117.310071,3,2,,,,,,11.638,,,,,,,,,,18.797,,,,,,
72324,8604814010901,2006,48.624654,-118.513581,19,2,,,,,,12.164,,,,,,,,,,25.588,,,,,,
72370,40403535010497,2010,48.849305,-117.515296,65,2,,,,,,,,,,70.555,,,,,,,,,,91.835,,
72395,8624216010901,2006,48.649091,-120.098061,47,2,,,,,,92.18,,,,,,,,,,94.035,,,,,,
72416,29882049010497,2009,48.619091,-119.245542,47,2,,,,,,,,,19.578,,,,,,,,,,26.412,,,
72420,22828588010497,2007,46.073332,-121.941238,59,2,,,,,,,396.19,,,,,,,,,,479.465,,,,,
72432,22933293010497,2008,48.818477,-117.369002,51,2,,,,,,,,243.613,,,,,,,,,,262.756,,,,
72452,8603412010901,2006,48.136761,-118.395186,19,2,,,,,,55.955,,,,,,,,,,67.224,,,,,,
72466,24885308010900,2004,47.995736,-122.762347,31,2,,,,77.311,,,,,,,,,,171.356,,,,,,,,
72471,24852474010900,2004,48.326017,-120.153221,47,2,,,,30.603,,,,,,,,,,38.726,,,,,,,,
72491,24846434010900,2004,46.578552,-121.600352,41,2,,,,65.009,,,,,,,,,,130.156,,,,,,,,
72509,8611129010901,2006,47.865394,-124.095573,31,2,,,,,,432.766,,,,,,,,,,414.442,,,,,,
72516,48206562010497,2011,48.756579,-117.637175,65,2,,,,,,,,,,,54.14,,,,,,,,,,59.879,
72553,48206566010497,2011,48.713537,-120.841246,73,2,,,,,,,,,,,105.701,,,,,,,,,,128.747,
72556,29395541010497,2008,48.603438,-120.289217,47,2,,,,,,,,24.117,,,,,,,,,,42.84,,,,
72569,22398932010497,2005,47.416407,-121.405754,37,2,,,,,279.612,,,,,,,,,,287.272,,,,,,,
72578,22932960010497,2008,47.099983,-121.202052,37,2,,,,,,,,235.103,,,,,,,,,,250.883,,,,
72594,22933306010497,2008,48.94907,-118.10452,65,2,,,,,,,,81.809,,,,,,,,,,99.521,,,,
72610,22398269010497,2002,48.640735,-119.995344,47,2,,108.881,,,,,,,,,,,,,,,,,,,,0.286
72620,24457295010900,2003,48.587231,-117.690539,65,2,,,131.154,,,,,,,,,,179.053,,,,,,,,,
72704,24836094010900,2004,47.525228,-121.787589,33,2,,,,340.669,,,,,,,,,,305.823,,,,,,,,
72711,8645944010901,2006,46.084559,-121.436613,77,2,,,,,,360.43,,,,,,,,,,234.683,,,,,,
72715,13008271010497,2005,47.956503,-121.634557,61,2,,,,,244.237,,,,,,,,,,233.931,,,,,,,
72743,48206391010497,2011,46.367073,-122.1093,59,2,,,,,,,,,,,24.72,,,,,,,,,,53.497,
72745,24538562010900,2003,47.071106,-121.024484,37,2,,,292.767,,,,,,,,,,325.321,,,,,,,,,
72751,22954565010497,2007,47.467631,-124.154618,27,2,,,,,,,17.36,,,,,,,,,,38.257,,,,,
72757,22954774010497,2007,48.738861,-120.80164,73,2,,,,,,,69.149,,,,,,,,,,47.107,,,,,
72759,40403499010497,2010,48.791653,-119.943778,47,2,,,,,,,,,,69.577,,,,,,,,,,36.765,,
72763,25076809010900,2004,48.066026,-122.077028,61,2,,,,64.933,,,,,,,,,,110.156,,,,,,,,
72777,22398714010497,2004,47.144479,-121.113957,37,2,,,,382.75,,,,,,,,,,383.218,,,,,,,,
72828,48204095010497,2011,46.485092,-122.384774,41,2,,,,,,,,,,,46.231,,,,,,,,,,45.666,
72831,22933191010497,2008,48.036611,-124.06251,9,2,,,,,,,,166.262,,,,,,,,,,220.427,,,,
72835,24877015010900,2004,46.931102,-123.583563,27,2,,,,185.069,,,,,,,,,,249.031,,,,,,,,
72851,22954364010497,2007,46.079533,-121.085231,77,2,,,,,,,163.726,,,,,,,,,,226.41,,,,,
72866,29395617010497,2008,48.470222,-119.8891,47,2,,,,,,,,91.689,,,,,,,,,,90.002,,,,
72870,40220570010497,2010,47.916347,-123.10668,9,2,,,,,,,,,,342.842,,,,,,,,,,375.96,,
72893,22828593010497,2007,48.917807,-117.951899,65,2,,,,,,,112.508,,,,,,,,,,126.812,,,,,
72906,22827692010497,2007,46.694167,-120.94923,77,2,,,,,,,127.351,,,,,,,,,,128.894,,,,,
72995,29882955010497,2009,48.591326,-119.736321,47,2,,,,,,,,,63.423,,,,,,,,,,66.142,,,
73009,12981943010497,2005,48.712781,-118.346437,19,2,,,,,212.158,,,,,,,,,,129.155,,,,,,,
73010,8602092010901,2006,46.23974,-122.357393,15,2,,,,,,27.078,,,,,,,,,,91.537,,,,,,
73012,24539171010900,2003,47.23177,-120.508016,37,2,,,374.125,,,,,,,,,,151.443,,,,,,,,,
73023,12984882010497,2005,46.834608,-123.725188,27,2,,,,,227.208,,,,,,,,,,308.225,,,,,,,
73064,29883201010497,2009,46.117557,-121.752442,59,2,,,,,,,,,285.854,,,,,,,,,,289.806,,,
73069,40220829010497,2010,46.931682,-121.920285,53,2,,,,,,,,,,710.369,,,,,,,,,,763.816,,
73073,12975907010497,2005,45.922886,-122.661796,11,2,,,,,95.051,,,,,,,,,,224.291,,,,,,,
73075,29881882010497,2009,48.543259,-118.881219,47,2,,,,,,,,,48.378,,,,,,,,,,19.531,,,
73104,22954416010497,2007,46.485252,-123.376243,49,2,,,,,,,199.593,,,,,,,,,,312.212,,,,,
73119,8607086010901,2006,46.934841,-123.381285,27,2,,,,,,101.53,,,,,,,,,,176.982,,,,,,
73120,8646439010901,2006,46.211503,-121.106146,77,2,,,,,,39.17,,,,,,,,,,97.155,,,,,,
73132,22398514010497,2003,48.659613,-120.62268,47,2,,,19.188,,,,,,,,,,21.763,,,,,,,,,
73147,48204114010497,2011,45.599309,-122.411087,11,2,,,,,,,,,,,148.305,,,,,,,,,,202.621,
73150,22398225010497,2002,48.671598,-118.543818,19,2,,48.933,,,,,,,,,,80.836,,,,,,,,,,
73152,24480602010900,2003,48.531446,-120.358701,47,2,,,87.66,,,,,,,,,,87.902,,,,,,,,,
73153,22398778010497,2004,48.523062,-121.213771,57,2,,,,171.318,,,,,,,,,,179.585,,,,,,,,
73156,40220834010497,2010,47.403949,-123.361101,45,2,,,,,,,,,,138.746,,,,,,,,,,203.438,,
73179,13043157010497,2005,47.528855,-123.529233,31,2,,,,,642.723,,,,,,,,,,570.743,,,,,,,
73183,48206174010497,2011,46.339478,-121.78979,59,2,,,,,,,,,,,59.616,,,,,,,,,,137.45,
73188,24872520010900,2004,48.561732,-118.359556,19,2,,,,98.896,,,,,,,,,,110.438,,,,,,,,
73189,22932949010497,2008,47.083077,-123.841516,27,2,,,,,,,,79.545,,,,,,,,,,176.151,,,,
73204,12979334010497,2005,48.154886,-118.423462,19,2,,,,,31.74,,,,,,,,,,42.096,,,,,,,
73212,29395609010497,2008,48.132137,-121.417317,61,2,,,,,,,,305.01,,,,,,,,,,319.009,,,,
73229,24482958010900,2003,48.765477,-119.872713,47,2,,,188.691,,,,,,,,,,119.386,,,,,,,,,
73235,24456186010900,2003,48.193735,-118.161898,65,2,,,29.802,,,,,,,,,,63.811,,,,,,,,,
73241,29883185010497,2009,47.681994,-121.083086,7,2,,,,,,,,,116.419,,,,,,,,,,128.752,,,
73242,24527997010900,2003,47.15301,-123.867379,27,2,,,25.05,,,,,,,,,,89.296,,,,,,,,,
73245,24171377010900,2002,48.671085,-119.913547,47,2,,125.254,,,,,,,,,,,,,,,,,,,,0.572
73253,24187325010900,2002,45.696585,-122.202962,59,2,,4.83,,,,,,,,,,41.468,,,,,,,,,,
73292,22954384010497,2007,46.290693,-122.494116,15,2,,,,,,,307.805,,,,,,,,,,479.522,,,,,
73307,48206514010497,2011,46.673001,-120.995446,77,2,,,,,,,,,,,82.228,,,,,,,,,,78.658,
73310,24882585010900,2004,47.623532,-123.025852,31,2,,,,43.245,,,,,,,,,,104.459,,,,,,,,
73316,40220677010497,2010,48.403058,-121.340059,57,2,,,,,,,,,,336.03,,,,,,,,,,312.431,,
73326,48204532010497,2011,48.443301,-119.88911,47,2,,,,,,,,,,,127.373,,,,,,,,,,126.661,
73327,22931068010497,2008,46.741921,-122.003623,41,2,,,,,,,,88.445,,,,,,,,,,152.485,,,,
73332,12988854010497,2005,48.740741,-120.879842,73,2,,,,,60.586,,,,,,,,,,76.904,,,,,,,
73334,22827482010497,2007,46.802263,-121.345168,77,2,,,,,,,422.15,,,,,,,,,,371.792,,,,,
73344,24141683010900,2002,47.084371,-123.513091,27,2,,0.804,,,,,,,,,,59.607,,,,,,,,,,
73345,48202505010497,2011,47.893012,-117.133736,63,2,,,,,,,,,,,335.171,,,,,,,,,,385.425,
73392,22933003010497,2008,47.284061,-121.423154,33,2,,,,,,,,284.967,,,,,,,,,,354.855,,,,
73423,24538412010900,2003,47.050016,-120.836959,37,2,,,54.046,,,,,,,,,,57.794,,,,,,,,,
73435,29883102010497,2009,46.239421,-120.868495,77,2,,,,,,,,,88.448,,,,,,,,,,68.151,,,
73439,22398704010497,2004,47.047773,-121.019501,37,2,,,,132.282,,,,,,,,,,181.143,,,,,,,,
73447,29882956010497,2009,46.343363,-121.924994,59,2,,,,,,,,,59.723,,,,,,,,,,101.762,,,
73467,8621536010901,2006,47.600139,-123.152526,45,2,,,,,,283.878,,,,,,,,,,309.261,,,,,,
73478,22827594010497,2007,48.514702,-118.406404,19,2,,,,,,,205.054,,,,,,,,,,241.055,,,,,
73481,29395713010497,2008,47.79997,-120.802015,7,2,,,,,,,,265.046,,,,,,,,,,316.905,,,,
73490,29883434010497,2009,46.720628,-121.095096,77,2,,,,,,,,,39.509,,,,,,,,,,43.009,,,
73497,22827548010497,2007,48.793455,-119.121683,47,2,,,,,,,119.554,,,,,,,,,,142.14,,,,,
73506,22933218010497,2008,48.135668,-124.282945,9,2,,,,,,,,365.989,,,,,,,,,,415.055,,,,
73517,24206994010900,2002,46.145862,-121.410002,77,2,,115.442,,,,,,,,,,58.052,,,,,,,,,,
73520,193209247020004,2007,47.645518,-124.025873,31,2,,,,,,,381.467,,,,,,,,,,418.881,,,,,
73547,22827483010497,2007,48.770417,-117.45656,51,2,,,,,,,2.397,,,,,,,,,,4.456,,,,,
73560,22931151010497,2008,48.454118,-117.465149,51,2,,,,,,,,26.973,,,,,,,,,,45.294,,,,
73576,22398860010497,2005,47.937842,-120.068316,7,2,,,,,0.653,,,,,,,,,,2.249,,,,,,,
73578,40403434010497,2010,48.49374,-119.85062,47,2,,,,,,,,,,243.797,,,,,,,,,,101.927,,
73601,24181671010900,2002,46.906813,-122.252008,53,2,,203.585,,,,,,,,,,,,,,,,,,,,53.21
73604,48206704010497,2011,46.658685,-121.599712,41,2,,,,,,,,,,,93.243,,,,,,,,,,112.883,
73607,24499321010900,2003,47.81295,-121.8647,61,2,,,253.842,,,,,,,,,,73.173,,,,,,,,,
73613,22933017010497,2008,47.364495,-124.271773,27,2,,,,,,,,89.551,,,,,,,,,,124.824,,,,
73628,8648570010901,2006,46.959636,-121.416707,77,2,,,,,,33.763,,,,,,,,,,43.58,,,,,,
73635,29395566010497,2008,48.979749,-117.164219,51,2,,,,,,,,176.812,,,,,,,,,,181.664,,,,
73640,8638171010901,2006,48.217079,-122.020185,61,2,,,,,,65.116,,,,,,,,,,37.743,,,,,,
73651,12996530010497,2005,46.901399,-121.273906,77,2,,,,,348.606,,,,,,,,,,284.035,,,,,,,
73673,48206327010497,2011,48.827439,-121.954709,73,2,,,,,,,,,,,315.317,,,,,,,,,,371.693,
73679,22827465010497,2007,47.047797,-121.276165,77,2,,,,,,,273.597,,,,,,,,,,237.716,,,,,
73682,40220861010497,2010,45.825683,-122.153202,59,2,,,,,,,,,,200.531,,,,,,,,,,229.517,,
73703,29882830010497,2009,47.395059,-121.518329,33,2,,,,,,,,,61.433,,,,,,,,,,94.864,,,
73720,24544769010900,2003,46.530014,-123.201218,41,2,,,1.642,,,,,,,,,,34.519,,,,,,,,,
73724,8637097010901,2006,47.964028,-121.279234,61,2,,,,,,412.596,,,,,,,,,,409.534,,,,,,
73727,8618225010901,2006,46.586024,-122.058664,41,2,,,,,,18.788,,,,,,,,,,62.014,,,,,,
73736,40220698010497,2010,48.480633,-120.291589,47,2,,,,,,,,,,145.197,,,,,,,,,,172.985,,
73743,22398797010497,2004,46.364459,-121.934439,59,2,,,,452.611,,,,,,,,,,523.693,,,,,,,,
73774,8612980010901,2006,47.654403,-121.3628,33,2,,,,,,479.582,,,,,,,,,,497.196,,,,,,
73787,22398483010497,2003,46.483866,-121.781557,41,2,,,97.252,,,,,,,,,,191.591,,,,,,,,,
73793,22398574010497,2003,46.12331,-121.865776,59,2,,,517.098,,,,,,,,,,618.84,,,,,,,,,
73796,22827432010497,2007,45.870254,-121.969231,59,2,,,,,,,155.538,,,,,,,,,,185.855,,,,,
73806,29883099010497,2009,46.239978,-122.038451,59,2,,,,,,,,,49.649,,,,,,,,,,95.555,,,
73826,22399109010497,2006,48.068405,-123.662788,9,2,,,,,,21.424,,,,,,,,,,74.521,,,,,,
73831,13024252010497,2005,48.494187,-119.036072,47,2,,,,,119.169,,,,,,,,,,142.594,,,,,,,
73844,22398871010497,2005,47.428883,-120.52784,7,2,,,,,111.413,,,,,,,,,,133.853,,,,,,,
73845,48206242010497,2011,48.230014,-121.37747,61,2,,,,,,,,,,,87.156,,,,,,,,,,15.276,
73859,8635467010901,2006,46.136293,-121.619775,59,2,,,,,,361.668,,,,,,,,,,473.797,,,,,,
73868,40220518010497,2010,47.688703,-121.950992,33,2,,,,,,,,,,125.246,,,,,,,,,,202.348,,
73910,40220577010497,2010,47.971505,-124.546281,9,2,,,,,,,,,,186.648,,,,,,,,,,317.14,,
73927,29395601010497,2008,47.57154,-120.379334,7,2,,,,,,,,0.295,,,,,,,,,,9.773,,,,
73941,48206378010497,2011,48.993917,-117.985879,65,2,,,,,,,,,,,140.593,,,,,,,,,,158.817,
73988,22398775010497,2004,47.001922,-121.563308,53,2,,,,452.86,,,,,,,,,,466.313,,,,,,,,
73991,40403460010497,2010,48.95152,-117.092728,51,2,,,,,,,,,,130.723,,,,,,,,,,154.456,,
74012,22398843010497,2004,48.77347,-121.586406,73,2,,,,119.271,,,,,,,,,,149.727,,,,,,,,
74016,24156639010900,2002,45.782842,-121.495792,39,2,,162.039,,,,,,,,,,235.243,,,,,,,,,,
74029,22399132010497,2006,48.616108,-118.474027,19,2,,,,,,311.978,,,,,,,,,,240.308,,,,,,
74052,29395638010497,2008,48.382316,-121.742145,57,2,,,,,,,,331.879,,,,,,,,,,363.264,,,,
74057,48206538010497,2011,46.578153,-121.213184,77,2,,,,,,,,,,,106.067,,,,,,,,,,111.359,
74120,13009978010497,2005,48.156266,-121.34626,61,2,,,,,631.838,,,,,,,,,,593.625,,,,,,,
74135,22931141010497,2008,48.468002,-119.995428,47,2,,,,,,,,12.48,,,,,,,,,,13.28,,,,
74139,24869037010900,2004,46.004567,-122.572079,15,2,,,,332.758,,,,,,,,,,303.116,,,,,,,,
74152,22399045010497,2005,46.316636,-122.110414,59,2,,,,,6.833,,,,,,,,,,13.141,,,,,,,
74154,22398528010497,2003,48.336313,-120.263123,47,2,,,26.898,,,,,,,,,,17.754,,,,,,,,,
74195,24204171010900,2002,48.853479,-122.097905,73,2,,13.253,,,,,,,,,,,,,,,,,,,,141.053
74226,24495112010900,2003,45.799057,-122.050983,59,2,,,151.109,,,,,,,,,,195.651,,,,,,,,,
74234,40220860010497,2010,46.215616,-121.721585,59,2,,,,,,,,,,648.595,,,,,,,,,,643.968,,
74243,22398634010497,2003,46.626891,-121.065576,77,2,,,29.25,,,,,,,,,,21.368,,,,,,,,,
74302,29395576010497,2008,47.699916,-122.998488,31,2,,,,,,,,278.063,,,,,,,,,,322.828,,,,
74317,48206719010497,2011,48.850635,-121.805042,73,2,,,,,,,,,,,469.335,,,,,,,,,,381.019,
74319,25085622010900,2004,46.986062,-122.732212,67,2,,,,63.903,,,,,,,,,,88.825,,,,,,,,
74325,48204883010497,2011,47.178622,-121.790344,33,2,,,,,,,,,,,11.484,,,,,,,,,,67.662,
74331,22954685010497,2007,48.271049,-119.440353,47,2,,,,,,,52.117,,,,,,,,,,74.504,,,,,
74332,22399172010497,2006,47.09425,-121.130466,37,2,,,,,,353.177,,,,,,,,,,352.173,,,,,,
74333,22398800010497,2004,45.791042,-122.142502,59,2,,,,302.947,,,,,,,,,,375.299,,,,,,,,
74371,8614909010901,2006,47.278495,-120.94824,37,2,,,,,,37.81,,,,,,,,,,65.359,,,,,,
74377,29882960010497,2009,48.524292,-121.249943,57,2,,,,,,,,,382.719,,,,,,,,,,438.076,,,
74396,22399101010497,2006,48.031936,-120.128854,7,2,,,,,,18.892,,,,,,,,,,15.668,,,,,,
74411,8637698010901,2006,48.112211,-121.643443,61,2,,,,,,70.624,,,,,,,,,,52.247,,,,,,
74419,22954804010497,2007,48.89791,-119.301692,47,2,,,,,,,101.512,,,,,,,,,,100.327,,,,,
74432,29883062010497,2009,47.580412,-120.889178,7,2,,,,,,,,,528.272,,,,,,,,,,522.658,,,
74449,24833110010900,2004,46.785489,-120.933362,77,2,,,,5.652,,,,,,,,,,10.602,,,,,,,,
74455,24536760010900,2003,47.660216,-121.136999,33,2,,,356.203,,,,,,,,,,360.242,,,,,,,,,
74461,22399068010497,2005,48.902964,-121.951118,73,2,,,,,199.084,,,,,,,,,,239.225,,,,,,,
74520,22399308010497,2006,46.74639,-121.106995,77,2,,,,,,81.794,,,,,,,,,,66.52,,,,,,
74535,12970163010497,2005,48.396092,-120.825547,7,2,,,,,40.702,,,,,,,,,,5.661,,,,,,,
74537,22399038010497,2005,45.947594,-122.143241,59,2,,,,,304.266,,,,,,,,,,312.863,,,,,,,
74540,22933285010497,2008,48.871721,-119.345982,47,2,,,,,,,,111.254,,,,,,,,,,59.893,,,,
74563,48206424010497,2011,47.782089,-121.062746,7,2,,,,,,,,,,,457.262,,,,,,,,,,522.337,
74565,29395567010497,2008,47.377987,-120.533921,7,2,,,,,,,,103.098,,,,,,,,,,100.935,,,,
74570,29395628010497,2008,47.745315,-120.443625,7,2,,,,,,,,45.03,,,,,,,,,,66.834,,,,
74592,22398936010497,2005,47.333359,-121.012801,37,2,,,,,80.625,,,,,,,,,,90.003,,,,,,,
74596,30764246020004,2012,47.659102,-120.99971,7,2,,,,,,,,,,,,218.415,,,,,,,,,,251.622
74603,24857734010900,2004,46.342016,-123.949198,49,2,,,,189.25,,,,,,,,,,200.39,,,,,,,,
74605,13059840010497,2005,46.443016,-122.57354,41,2,,,,,48.794,,,,,,,,,,108.906,,,,,,,
74648,22398299010497,2002,48.280416,-119.979633,47,2,,81.738,,,,,,,,,,,,,,,,,,,,101.028
74672,12970841010497,2005,47.913996,-124.318286,9,2,,,,,352.494,,,,,,,,,,364.786,,,,,,,
74691,22954584010497,2007,48.231964,-124.6972,9,2,,,,,,,406.115,,,,,,,,,,422.776,,,,,
74694,22954512010497,2007,47.764623,-122.79523,31,2,,,,,,,201.723,,,,,,,,,,238.153,,,,,
74704,29881887010497,2009,48.602158,-121.622778,57,2,,,,,,,,,402.409,,,,,,,,,,378.497,,,
74707,29881709010497,2009,48.992269,-118.40162,19,2,,,,,,,,,20.461,,,,,,,,,,15.5,,,
74713,48206160010497,2011,48.27689,-117.392539,51,2,,,,,,,,,,,80.848,,,,,,,,,,55.685,
74721,29881801010497,2009,48.363177,-117.984589,65,2,,,,,,,,,41.583,,,,,,,,,,30.427,,,
74736,22930941010497,2008,46.064545,-117.440527,3,2,,,,,,,,3.321,,,,,,,,,,1.042,,,,
74738,24148990010900,2002,47.997951,-122.841039,31,2,,18.791,,,,,,,,,,124.459,,,,,,,,,,
74741,29881803010497,2009,48.478386,-121.770449,57,2,,,,,,,,,34.962,,,,,,,,,,90.577,,,
74744,40403481010497,2010,47.461608,-121.038251,37,2,,,,,,,,,,85.881,,,,,,,,,,39.293,,
74762,48204205010497,2011,47.445706,-120.423227,7,2,,,,,,,,,,,201.49,,,,,,,,,,207.681,
74763,40220849010497,2010,48.378706,-121.446641,57,2,,,,,,,,,,104.173,,,,,,,,,,194.631,,
74766,40220754010497,2010,48.681456,-117.599557,51,2,,,,,,,,,,169.764,,,,,,,,,,215.512,,
74786,8611003010901,2006,47.849466,-123.936318,31,2,,,,,,490.972,,,,,,,,,,468.481,,,,,,
74787,22398958010497,2005,48.566475,-120.665363,47,2,,,,,3.356,,,,,,,,,,4.708,,,,,,,
74792,22399163010497,2006,47.044442,-121.122258,37,2,,,,,,85.976,,,,,,,,,,89.094,,,,,,
74801,40220872010497,2010,46.242453,-121.933884,59,2,,,,,,,,,,309.879,,,,,,,,,,309.746,,
74803,40220641010497,2010,48.135663,-120.22991,47,2,,,,,,,,,,184.182,,,,,,,,,,183.663,,
74807,13044806010497,2005,47.669202,-123.968266,31,2,,,,,734.159,,,,,,,,,,794.531,,,,,,,
74811,22398504010497,2003,48.277417,-120.165182,47,2,,,75.586,,,,,,,,,,78.25,,,,,,,,,
74851,40403577010497,2010,47.143517,-121.158233,37,2,,,,,,,,,,107.614,,,,,,,,,,133.347,,
74856,22933139010497,2008,47.846207,-122.612147,35,2,,,,,,,,88.22,,,,,,,,,,162.097,,,,
74858,48205444010497,2011,46.439489,-123.948509,49,2,,,,,,,,,,,371.992,,,,,,,,,,457.899,
74865,29883247010497,2009,47.748763,-120.544216,7,2,,,,,,,,,168.079,,,,,,,,,,203.147,,,
74885,24826994010900,2004,48.649282,-122.318496,73,2,,,,310.591,,,,,,,,,,332.594,,,,,,,,
74944,22398610010497,2003,48.082337,-121.642533,61,2,,,451.49,,,,,,,,,,512.306,,,,,,,,,
74946,29395009010497,2008,47.913091,-121.348418,61,2,,,,,,,,128.405,,,,,,,,,,141.627,,,,
74959,22954529010497,2006,47.163242,-121.225501,37,2,,,,,,166.071,,,,,,,,,,180.004,,,,,,
74976,22399113010497,2006,48.016959,-124.097027,9,2,,,,,,311.346,,,,,,,,,,418.071,,,,,,
74977,22398554010497,2003,48.869089,-117.323661,51,2,,,160.682,,,,,,,,,,166.52,,,,,,,,,
75009,22933160010497,2008,47.790807,-117.752103,63,2,,,,,,,,67.833,,,,,,,,,,89.912,,,,
75022,24128987010900,2002,48.159662,-124.110434,9,2,,163.535,,,,,,,,,,,,,,,,,,,,331.247
75050,22933258010497,2008,48.255709,-118.578014,19,2,,,,,,,,246.422,,,,,,,,,,272.905,,,,
75051,22399177010497,2006,46.456344,-121.527988,41,2,,,,,,261.703,,,,,,,,,,294.723,,,,,,
75053,13009244010497,2005,48.139936,-121.706202,61,2,,,,,232.128,,,,,,,,,,254.539,,,,,,,
75076,22954717010497,2007,48.401159,-117.521568,65,2,,,,,,,109.112,,,,,,,,,,190.682,,,,,
75077,8976310010901,2005,46.573421,-122.786289,41,2,,,,,40.437,,,,,,,,,,84.339,,,,,,,
75092,48206204010497,2011,47.852596,-120.877242,7,2,,,,,,,,,,,237.692,,,,,,,,,,229.684,
75098,13033855010497,2005,48.5213,-117.400965,51,2,,,,,68.045,,,,,,,,,,89.418,,,,,,,
75099,22399301010497,2006,48.868928,-121.618366,73,2,,,,,,151.033,,,,,,,,,,181.76,,,,,,
75107,8630424010901,2006,46.916258,-121.764598,53,2,,,,,,60.126,,,,,,,,,,78.027,,,,,,
75112,22398972010497,2005,48.535559,-120.6273,47,2,,,,,113.515,,,,,,,,,,132.467,,,,,,,
75115,8636584010901,2006,47.807781,-121.20862,61,2,,,,,,179.529,,,,,,,,,,221.738,,,,,,
75147,22933122010497,2008,47.79435,-122.766525,31,2,,,,,,,,74.202,,,,,,,,,,143.818,,,,
75156,29883451010497,2009,46.815838,-122.17909,53,2,,,,,,,,,590.686,,,,,,,,,,608.069,,,
75160,24157333010900,2002,45.983492,-121.363289,39,2,,87.672,,,,,,,,,,,,,,,,,,,,110.823
75173,29883151010497,2009,48.559499,-120.406716,47,2,,,,,,,,,200.942,,,,,,,,,,241.176,,,
75175,40220825010497,2010,46.336116,-121.505479,77,2,,,,,,,,,,213.821,,,,,,,,,,241.787,,
75192,8632827010901,2006,48.506118,-121.877386,57,2,,,,,,48.381,,,,,,,,,,107.586,,,,,,
75203,22933138010497,2008,47.865191,-123.451102,9,2,,,,,,,,544.626,,,,,,,,,,561.56,,,,
75217,22398677010497,2004,48.539665,-118.372194,19,2,,,,185.208,,,,,,,,,,213.807,,,,,,,,
75222,22954372010497,2007,46.188622,-121.75567,59,2,,,,,,,455.642,,,,,,,,,,453.293,,,,,
75231,22398838010497,2004,48.75776,-120.720027,73,2,,,,11.694,,,,,,,,,,14.839,,,,,,,,
75270,40220859010497,2010,48.600122,-121.439864,57,2,,,,,,,,,,456.702,,,,,,,,,,480.808,,
75274,22827574010497,2007,47.359357,-120.818404,37,2,,,,,,,268.904,,,,,,,,,,246.281,,,,,
75290,29883275010497,2009,48.23672,-121.556253,61,2,,,,,,,,,651.645,,,,,,,,,,782.524,,,
75295,8623151010901,2006,48.406417,-119.141751,47,2,,,,,,17.099,,,,,,,,,,25.881,,,,,,
75316,22398943010497,2005,46.583305,-121.783588,41,2,,,,,318.132,,,,,,,,,,349.247,,,,,,,
75317,22827491010497,2007,48.064103,-120.569657,7,2,,,,,,,315.847,,,,,,,,,,363.628,,,,,
75338,24546149010900,2003,46.676148,-121.45401,41,2,,,713.833,,,,,,,,,,641.893,,,,,,,,,
75341,40220285010497,2010,46.785796,-121.597961,53,2,,,,,,,,,,233.34,,,,,,,,,,265.06,,
75345,48205769010497,2011,46.220069,-121.647848,59,2,,,,,,,,,,,174.667,,,,,,,,,,194.912,
75359,48202540010497,2011,47.584368,-117.097783,63,2,,,,,,,,,,,120.131,,,,,,,,,,119.0,
75364,30764243020004,2012,47.453289,-120.780443,7,2,,,,,,,,,,,,140.713,,,,,,,,,,47.47
75370,29883308010497,2009,46.559849,-121.407557,41,2,,,,,,,,,435.719,,,,,,,,,,402.582,,,
75381,24869789010900,2004,46.246156,-122.417509,15,2,,,,148.999,,,,,,,,,,233.045,,,,,,,,
75411,29882964010497,2009,48.768878,-120.099109,47,2,,,,,,,,,66.015,,,,,,,,,,39.296,,,
75416,22398385010497,2003,46.065059,-117.41147,3,2,,,45.608,,,,,,,,,,53.407,,,,,,,,,
75417,29395535010497,2008,47.281916,-120.646933,37,2,,,,,,,,43.492,,,,,,,,,,49.467,,,,
75432,29395581010497,2008,48.793206,-118.490462,19,2,,,,,,,,173.907,,,,,,,,,,98.781,,,,
75436,22398419010497,2003,48.066013,-123.734758,9,2,,,266.702,,,,,,,,,,389.418,,,,,,,,,
75475,22398537010497,2003,48.812522,-119.088257,47,2,,,123.939,,,,,,,,,,84.198,,,,,,,,,
75488,40220903010497,2010,48.204399,-121.304628,61,2,,,,,,,,,,358.637,,,,,,,,,,91.087,,
75494,24463683010900,2003,48.895581,-122.244429,73,2,,,3.877,,,,,,,,,,35.287,,,,,,,,,
75501,22399065010497,2005,48.259236,-117.61181,65,2,,,,,72.141,,,,,,,,,,80.344,,,,,,,
75510,24533092010900,2003,47.816329,-123.461405,31,2,,,541.58,,,,,,,,,,443.675,,,,,,,,,
75517,24852682010900,2004,48.34686,-119.759542,47,2,,,,16.899,,,,,,,,,,14.655,,,,,,,,
75518,29881630010497,2009,48.9698,-121.875635,73,2,,,,,,,,,409.17,,,,,,,,,,426.391,,,
75550,29395639010497,2008,47.354979,-120.607455,7,2,,,,,,,,182.773,,,,,,,,,,181.586,,,,
75556,22954483010497,2007,47.548911,-122.903183,35,2,,,,,,,100.03,,,,,,,,,,107.31,,,,,
75573,22827635010497,2007,47.856471,-121.100044,7,2,,,,,,,635.706,,,,,,,,,,622.31,,,,,
75610,8632295010901,2006,48.411127,-121.697947,57,2,,,,,,354.059,,,,,,,,,,333.049,,,,,,
75620,22398998010497,2005,48.710788,-117.194992,51,2,,,,,161.678,,,,,,,,,,196.484,,,,,,,
75621,13411348010497,2005,47.377384,-123.1469,45,2,,,,,341.539,,,,,,,,,,333.852,,,,,,,
75636,22399030010497,2005,45.827688,-121.907951,59,2,,,,,469.926,,,,,,,,,,448.337,,,,,,,
75643,24834781010900,2004,47.381738,-122.081221,33,2,,,,274.728,,,,,,,,,,242.51,,,,,,,,
75649,22398427010497,2003,46.106308,-117.787156,13,2,,,243.268,,,,,,,,,,180.85,,,,,,,,,
75659,48205064010497,2011,45.9629,-120.551185,39,2,,,,,,,,,,,17.065,,,,,,,,,,14.855,
75674,22954359010497,2007,46.034111,-121.232801,39,2,,,,,,,112.353,,,,,,,,,,136.698,,,,,
75685,48206184010497,2011,47.60134,-123.18048,45,2,,,,,,,,,,,160.291,,,,,,,,,,181.896,
75694,25072130010900,2004,45.753151,-121.569542,59,2,,,,180.698,,,,,,,,,,263.424,,,,,,,,
75736,22827450010497,2007,48.514362,-120.667085,7,2,,,,,,,29.763,,,,,,,,,,32.263,,,,,
75742,22398536010497,2003,48.652783,-120.135422,47,2,,,51.211,,,,,,,,,,32.432,,,,,,,,,
75756,30852497020004,2012,46.337022,-122.005538,59,2,,,,,,,,,,,,65.869,,,,,,,,,,150.326
75759,48204187010497,2011,46.638509,-121.896707,41,2,,,,,,,,,,,410.671,,,,,,,,,,420.807,
75764,24864972010900,2004,48.018164,-123.664442,9,2,,,,610.996,,,,,,,,,,582.214,,,,,,,,
75771,22954727010497,2007,48.622737,-121.689378,57,2,,,,,,,145.279,,,,,,,,,,221.122,,,,,
75779,8628492010901,2006,48.316762,-117.205387,51,2,,,,,,132.097,,,,,,,,,,148.206,,,,,,
75798,29882992010497,2009,47.425762,-124.113738,27,2,,,,,,,,,26.761,,,,,,,,,,34.736,,,
75805,30764362020004,2012,47.952068,-118.006738,65,2,,,,,,,,,,,,92.233,,,,,,,,,,120.686
75817,29883381010497,2009,48.022464,-123.464838,9,2,,,,,,,,,133.674,,,,,,,,,,120.4,,,
75832,40220173010497,2010,46.314041,-122.803094,15,2,,,,,,,,,,74.345,,,,,,,,,,112.973,,
75861,22398887010497,2005,47.942677,-124.135216,9,2,,,,,477.631,,,,,,,,,,366.342,,,,,,,
75864,29395603010497,2008,48.738154,-118.346485,19,2,,,,,,,,150.848,,,,,,,,,,153.582,,,,
75867,29395671010497,2008,47.593172,-123.906133,31,2,,,,,,,,280.559,,,,,,,,,,360.935,,,,
75894,24511344010900,2003,48.192656,-120.673283,7,2,,,150.179,,,,,,,,,,162.232,,,,,,,,,
75899,22954352010497,2007,45.998729,-122.054843,59,2,,,,,,,414.082,,,,,,,,,,481.165,,,,,
75909,29883098010497,2009,46.242803,-122.55866,15,2,,,,,,,,,157.921,,,,,,,,,,212.362,,,
75911,22933091010497,2008,47.607449,-120.930017,7,2,,,,,,,,171.033,,,,,,,,,,205.848,,,,
75916,22398776010497,2004,48.6184,-120.80183,57,2,,,,32.974,,,,,,,,,,38.517,,,,,,,,
75924,13015137010497,2005,48.630784,-117.610821,65,2,,,,,21.39,,,,,,,,,,31.609,,,,,,,
75936,22930914010497,2008,46.089581,-122.769292,15,2,,,,,,,,54.76,,,,,,,,,,122.292,,,,
75940,24841169010900,2004,45.781599,-121.455858,39,2,,,,262.998,,,,,,,,,,240.156,,,,,,,,
75942,29882900010497,2009,45.973096,-122.11564,59,2,,,,,,,,,252.998,,,,,,,,,,272.11,,,
75951,22931054010497,2008,46.673784,-120.962861,77,2,,,,,,,,122.566,,,,,,,,,,142.333,,,,
75977,29395536010497,2008,48.59985,-120.140945,47,2,,,,,,,,46.202,,,,,,,,,,54.604,,,,
76003,24197513010900,2002,48.144097,-118.16554,65,2,,25.422,,,,,,,,,,54.626,,,,,,,,,,
76061,24462185010900,2003,48.683052,-120.731012,73,2,,,99.697,,,,,,,,,,138.519,,,,,,,,,
76096,22933265010497,2008,48.388181,-121.975182,57,2,,,,,,,,213.921,,,,,,,,,,249.352,,,,
76110,12997981010497,2005,48.312054,-121.87017,57,2,,,,,625.622,,,,,,,,,,723.816,,,,,,,
76115,12969696010497,2005,48.250349,-120.823517,7,2,,,,,15.293,,,,,,,,,,15.776,,,,,,,
76116,40220822010497,2010,47.576738,-123.144014,45,2,,,,,,,,,,334.157,,,,,,,,,,313.063,,
76122,22933052010497,2008,47.479193,-122.865721,45,2,,,,,,,,130.348,,,,,,,,,,183.691,,,,
76131,22954368010497,2007,46.092472,-120.726615,77,2,,,,,,,61.566,,,,,,,,,,66.967,,,,,
76142,8639972010901,2006,48.002626,-118.013114,65,2,,,,,,160.863,,,,,,,,,,68.663,,,,,,
76151,22398570010497,2003,48.438687,-121.959951,57,2,,,98.475,,,,,,,,,,184.686,,,,,,,,,
76179,40220895010497,2010,48.30764,-121.670196,57,2,,,,,,,,,,518.987,,,,,,,,,,512.615,,
76182,22399080010497,2005,46.723517,-121.132221,77,2,,,,,220.975,,,,,,,,,,213.145,,,,,,,
76193,29883207010497,2009,46.609712,-121.855319,41,2,,,,,,,,,555.826,,,,,,,,,,612.417,,,
76200,24531635010900,2003,47.668436,-123.671004,31,2,,,656.555,,,,,,,,,,663.566,,,,,,,,,
76203,24500634010900,2003,47.965044,-121.727268,61,2,,,169.1,,,,,,,,,,247.036,,,,,,,,,
76204,22954593010497,2007,48.175336,-118.390676,19,2,,,,,,,175.011,,,,,,,,,,185.455,,,,,
76214,22398454010497,2003,47.482171,-123.507104,27,2,,,514.05,,,,,,,,,,562.599,,,,,,,,,
76220,24540867010900,2003,47.360091,-120.863816,37,2,,,90.511,,,,,,,,,,84.019,,,,,,,,,
76239,22954431010497,2007,46.645078,-122.495852,41,2,,,,,,,128.28,,,,,,,,,,196.678,,,,,
76277,40220511010497,2010,47.646056,-120.488622,7,2,,,,,,,,,,119.488,,,,,,,,,,147.202,,
76284,48206305010497,2011,48.381051,-121.631333,57,2,,,,,,,,,,,201.92,,,,,,,,,,273.626,
76288,22827766010497,2007,48.755791,-117.559305,51,2,,,,,,,205.024,,,,,,,,,,209.458,,,,,
76293,29883068010497,2009,47.597559,-123.9447,31,2,,,,,,,,,301.749,,,,,,,,,,105.383,,,
76308,24478225010900,2003,48.235932,-120.302563,47,2,,,68.98,,,,,,,,,,77.196,,,,,,,,,
76311,22398816010497,2004,48.13511,-121.752671,61,2,,,,424.241,,,,,,,,,,241.712,,,,,,,,
76316,24134090010900,2002,48.068201,-118.720137,19,2,,103.163,,,,,,,,,,133.973,,,,,,,,,,
76328,48202639010497,2011,47.329874,-121.310256,37,2,,,,,,,,,,,52.031,,,,,,,,,,65.318,
76334,40220286010497,2010,46.758558,-121.428489,41,2,,,,,,,,,,610.912,,,,,,,,,,590.591,,
76343,24199913010900,2002,48.790597,-117.728669,65,2,,130.743,,,,,,,,,,,,,,,,,,,,132.887
76384,22932950010497,2008,47.074531,-123.294316,27,2,,,,,,,,234.047,,,,,,,,,,299.929,,,,
76386,29882946010497,2009,48.597965,-120.110083,47,2,,,,,,,,,32.007,,,,,,,,,,38.031,,,
76398,29395616010497,2008,48.328473,-120.119256,47,2,,,,,,,,65.445,,,,,,,,,,50.623,,,,
76417,48204589010497,2011,47.701574,-123.35765,31,2,,,,,,,,,,,563.909,,,,,,,,,,569.932,
76429,22954757010497,2007,48.624236,-120.07237,47,2,,,,,,,68.911,,,,,,,,,,59.031,,,,,
76456,22954632010497,2007,47.880278,-121.022143,7,2,,,,,,,212.795,,,,,,,,,,248.72,,,,,
76460,24508278010900,2003,47.770648,-120.442463,7,2,,,61.047,,,,,,,,,,41.954,,,,,,,,,
76461,22930985010497,2008,46.386773,-122.286232,41,2,,,,,,,,121.929,,,,,,,,,,217.541,,,,
76488,22398621010497,2003,48.662937,-120.877051,73,2,,,163.291,,,,,,,,,,188.596,,,,,,,,,
76493,24208877010900,2002,46.47217,-121.160229,77,2,,43.681,,,,,,,,,,,,,,,,,,,,49.882
76538,48206224010497,2011,47.548383,-123.943855,31,2,,,,,,,,,,,500.292,,,,,,,,,,493.108,
76548,29881965010497,2009,48.687038,-118.20612,19,2,,,,,,,,,95.546,,,,,,,,,,92.108,,,
76569,48203029010497,2011,46.07489,-117.648936,13,2,,,,,,,,,,,137.355,,,,,,,,,,76.227,
76599,29395542010497,2008,47.575549,-120.561039,7,2,,,,,,,,25.404,,,,,,,,,,16.974,,,,
76606,22827599010497,2007,48.072343,-120.536226,7,2,,,,,,,55.869,,,,,,,,,,65.104,,,,,
76614,29883086010497,2009,47.904542,-120.802364,7,2,,,,,,,,,97.453,,,,,,,,,,108.305,,,
76649,40220732010497,2010,48.482793,-117.069047,51,2,,,,,,,,,,212.146,,,,,,,,,,79.475,,
76651,29882746010497,2009,46.296306,-122.286755,15,2,,,,,,,,,4.33,,,,,,,,,,19.02,,,
76652,22399203010497,2006,48.888731,-119.8585,47,2,,,,,,141.139,,,,,,,,,,120.005,,,,,,
76658,8636845010901,2006,47.84972,-122.060486,61,2,,,,,,331.731,,,,,,,,,,426.547,,,,,,
76692,22398767010497,2004,48.834278,-117.216991,51,2,,,,200.715,,,,,,,,,,264.944,,,,,,,,
76704,25075433010900,2004,46.285625,-121.716581,59,2,,,,279.712,,,,,,,,,,262.161,,,,,,,,
76707,22398921010497,2005,47.377245,-123.583828,27,2,,,,,386.914,,,,,,,,,,400.596,,,,,,,
76721,13049455010497,2005,47.31165,-121.525163,33,2,,,,,468.707,,,,,,,,,,503.344,,,,,,,
76726,8619726010901,2006,46.761385,-121.742357,41,2,,,,,,391.245,,,,,,,,,,393.278,,,,,,
76727,40220862010497,2010,47.376094,-123.940775,27,2,,,,,,,,,,638.235,,,,,,,,,,583.474,,
76739,22954787010497,2007,48.725948,-117.522317,51,2,,,,,,,76.989,,,,,,,,,,108.822,,,,,
76742,22398496010497,2003,46.441128,-121.648667,41,2,,,55.861,,,,,,,,,,137.812,,,,,,,,,
76762,40220398010497,2010,47.21545,-120.295991,37,2,,,,,,,,,,67.506,,,,,,,,,,79.416,,
76766,13006511010497,2005,46.344395,-121.68182,59,2,,,,,114.064,,,,,,,,,,167.485,,,,,,,
76781,40220201010497,2010,46.439121,-121.890699,41,2,,,,,,,,,,58.334,,,,,,,,,,62.735,,
76798,22954524010497,2007,47.133019,-121.780289,53,2,,,,,,,85.056,,,,,,,,,,146.337,,,,,
76805,29882902010497,2009,48.523423,-119.14378,47,2,,,,,,,,,131.16,,,,,,,,,,103.273,,,
76810,22931080010497,2008,46.758922,-121.484877,41,2,,,,,,,,356.889,,,,,,,,,,405.857,,,,
76826,22827621010497,2007,48.894261,-118.077844,65,2,,,,,,,106.33,,,,,,,,,,104.69,,,,,
76829,22398664010497,2004,47.963745,-124.103049,9,2,,,,1042.577,,,,,,,,,,1101.519,,,,,,,,
76831,22398688010497,2004,46.190524,-117.568447,23,2,,,,134.029,,,,,,,,,,41.427,,,,,,,,
76833,30764181020004,2012,46.920947,-121.38119,77,2,,,,,,,,,,,,282.813,,,,,,,,,,97.321
76838,22933012010497,2008,47.31408,-121.043679,37,2,,,,,,,,258.509,,,,,,,,,,29.78,,,,
76841,29882871010497,2009,47.282603,-123.895756,27,2,,,,,,,,,112.468,,,,,,,,,,130.409,,,
76846,8633475010901,2006,48.592662,-120.818287,57,2,,,,,,531.757,,,,,,,,,,555.702,,,,,,
76850,22398933010497,2005,47.017095,-121.131293,37,2,,,,,256.771,,,,,,,,,,270.543,,,,,,,
76856,24513584010900,2003,47.98471,-123.687627,9,2,,,365.477,,,,,,,,,,353.623,,,,,,,,,
76866,24133962010900,2002,47.914215,-118.370357,19,2,,40.957,,,,,,,,,,,,,,,,,,,,9.012
76879,22399062010497,2005,48.356651,-117.569026,65,2,,,,,78.422,,,,,,,,,,117.612,,,,,,,
76924,48204207010497,2011,48.568871,-117.405113,51,2,,,,,,,,,,,94.813,,,,,,,,,,100.478,
76932,8647645010901,2006,46.673546,-121.029916,77,2,,,,,,197.859,,,,,,,,,,145.164,,,,,,
76948,40403419010497,2010,48.741281,-119.090736,47,2,,,,,,,,,,36.028,,,,,,,,,,59.673,,
76989,24877245010900,2004,46.98669,-123.234303,27,2,,,,57.033,,,,,,,,,,149.223,,,,,,,,
77005,8640902010901,2006,48.450664,-117.892489,65,2,,,,,,42.728,,,,,,,,,,44.693,,,,,,
77008,22954562010497,2007,47.403932,-120.426737,7,2,,,,,,,44.937,,,,,,,,,,53.622,,,,,
77024,22933236010497,2008,48.157383,-118.338426,19,2,,,,,,,,76.208,,,,,,,,,,97.97,,,,
77033,29883282010497,2009,47.455987,-123.579358,27,2,,,,,,,,,111.186,,,,,,,,,,61.581,,,
77034,22398429010497,2003,46.242624,-122.291496,15,2,,,2.303,,,,,,,,,,10.13,,,,,,,,,
77049,29882527010497,2009,45.715104,-121.627472,59,2,,,,,,,,,530.692,,,,,,,,,,574.612,,,
77055,40220193010497,2010,46.38166,-122.039125,41,2,,,,,,,,,,257.852,,,,,,,,,,306.256,,
77068,13206224010497,2005,47.831712,-121.239866,61,2,,,,,10.884,,,,,,,,,,16.362,,,,,,,
77074,22954395010497,2007,46.369999,-121.7926,59,2,,,,,,,218.772,,,,,,,,,,295.487,,,,,
77083,22398925010497,2005,47.167641,-121.548463,33,2,,,,,371.724,,,,,,,,,,352.363,,,,,,,
77097,22399006010497,2005,47.078052,-121.62491,53,2,,,,,157.915,,,,,,,,,,270.873,,,,,,,
77111,22398486010497,2003,46.705016,-121.497454,41,2,,,173.193,,,,,,,,,,32.775,,,,,,,,,
77112,22399041010497,2005,46.267683,-121.760878,59,2,,,,,64.744,,,,,,,,,,113.828,,,,,,,
77127,22398796010497,2004,46.193971,-121.723326,59,2,,,,290.546,,,,,,,,,,299.816,,,,,,,,
77129,22399018010497,2005,46.042503,-121.861616,59,2,,,,,269.994,,,,,,,,,,295.773,,,,,,,
77165,22931076010497,2008,46.763196,-123.780685,49,2,,,,,,,,151.205,,,,,,,,,,211.804,,,,
77183,8615716010901,2006,45.930481,-121.424259,39,2,,,,,,224.34,,,,,,,,,,154.038,,,,,,
77186,22398586010497,2003,45.899251,-121.792999,59,2,,,376.112,,,,,,,,,,388.481,,,,,,,,,
77202,25077876010900,2004,48.20026,-121.568512,61,2,,,,584.212,,,,,,,,,,686.481,,,,,,,,
77217,8654998010901,2006,45.84132,-122.772755,11,2,,,,,,279.487,,,,,,,,,,257.334,,,,,,
77220,24483705010900,2003,48.877275,-120.647872,47,2,,,312.528,,,,,,,,,,98.83,,,,,,,,,
77224,40220329010497,2010,46.946028,-121.621982,53,2,,,,,,,,,,112.795,,,,,,,,,,102.021,,
77238,40403571010497,2010,48.087909,-120.353189,7,2,,,,,,,,,,111.163,,,,,,,,,,139.876,,
77242,13054971010497,2005,47.340697,-121.184704,37,2,,,,,30.706,,,,,,,,,,16.683,,,,,,,
77252,40220813010497,2010,47.55206,-123.216674,45,2,,,,,,,,,,44.706,,,,,,,,,,89.096,,
77279,22398851010497,2004,46.797301,-121.09259,77,2,,,,73.9,,,,,,,,,,94.434,,,,,,,,
77294,22827778010497,2007,46.757563,-122.284537,41,2,,,,,,,115.666,,,,,,,,,,239.012,,,,,
77306,24484737010900,2003,46.296341,-123.880734,49,2,,,231.48,,,,,,,,,,245.946,,,,,,,,,
77357,22398624010497,2003,48.660573,-120.836653,73,2,,,63.874,,,,,,,,,,80.091,,,,,,,,,
77361,30852602020004,2012,47.945539,-120.588058,7,2,,,,,,,,,,,,14.958,,,,,,,,,,25.645
77385,24841397010900,2004,45.841693,-121.288254,39,2,,,,55.156,,,,,,,,,,107.903,,,,,,,,
77396,29883241010497,2009,46.466433,-121.920648,41,2,,,,,,,,,751.7,,,,,,,,,,809.782,,,
77399,22399025010497,2005,46.286809,-121.85792,59,2,,,,,188.553,,,,,,,,,,192.886,,,,,,,
77407,22398694010497,2004,47.649607,-123.03427,31,2,,,,14.09,,,,,,,,,,16.251,,,,,,,,
77445,13041320010497,2005,47.130778,-123.971132,27,2,,,,,142.913,,,,,,,,,,258.675,,,,,,,
77452,12990405010497,2005,48.94941,-122.02542,73,2,,,,,329.765,,,,,,,,,,361.731,,,,,,,
77461,22954778010497,2007,48.774391,-120.049512,47,2,,,,,,,55.004,,,,,,,,,,51.664,,,,,
77464,40220674010497,2010,48.305775,-118.640608,19,2,,,,,,,,,,84.569,,,,,,,,,,69.837,,
77470,13041599010497,2005,47.136682,-123.587454,27,2,,,,,405.075,,,,,,,,,,430.437,,,,,,,
77475,24149445010900,2002,47.254221,-121.971156,33,2,,191.138,,,,,,,,,,228.501,,,,,,,,,,
77487,22932935010497,2008,46.984671,-121.027199,37,2,,,,,,,,138.361,,,,,,,,,,95.789,,,,
77493,40220833010497,2010,45.971594,-121.939095,59,2,,,,,,,,,,452.262,,,,,,,,,,487.962,,
77496,40220354010497,2010,47.052719,-121.822003,53,2,,,,,,,,,,294.788,,,,,,,,,,229.501,,
77502,24878976010900,2004,47.280056,-123.669022,27,2,,,,148.19,,,,,,,,,,126.611,,,,,,,,
77504,24479644010900,2003,48.421987,-120.00858,47,2,,,41.975,,,,,,,,,,44.22,,,,,,,,,
77518,13025974010497,2005,48.635086,-118.877675,47,2,,,,,192.781,,,,,,,,,,202.762,,,,,,,
77550,13022083010497,2005,48.364254,-118.998847,47,2,,,,,43.501,,,,,,,,,,55.323,,,,,,,
77562,22398968010497,2005,48.745827,-119.982228,47,2,,,,,16.585,,,,,,,,,,6.32,,,,,,,
77564,24488200010900,2003,48.706236,-117.48921,51,2,,,153.202,,,,,,,,,,163.921,,,,,,,,,
77566,24179203010900,2002,48.532644,-117.068941,51,2,,144.442,,,,,,,,,,226.251,,,,,,,,,,
77583,40220244010497,2010,46.584246,-121.895196,41,2,,,,,,,,,,621.93,,,,,,,,,,601.999,,
77605,29883214010497,2009,47.238242,-120.679014,37,2,,,,,,,,,264.201,,,,,,,,,,238.717,,,
77618,22930916010497,2008,46.092051,-121.689698,59,2,,,,,,,,398.14,,,,,,,,,,435.198,,,,
77622,40220780010497,2010,48.804877,-117.987766,65,2,,,,,,,,,,147.615,,,,,,,,,,177.719,,
77628,8616803010901,2006,46.439731,-122.037492,41,2,,,,,,749.712,,,,,,,,,,832.052,,,,,,
77632,22398617010497,2003,48.602173,-117.57974,65,2,,,236.73,,,,,,,,,,259.301,,,,,,,,,
77642,48203865010497,2011,46.980768,-123.870757,27,2,,,,,,,,,,,561.072,,,,,,,,,,599.949,
77660,24527243010900,2003,47.032179,-123.479964,27,2,,,80.345,,,,,,,,,,210.935,,,,,,,,,
77662,22954802010497,2007,48.91827,-119.90199,47,2,,,,,,,158.267,,,,,,,,,,62.604,,,,,
77677,40403374010497,2010,47.043945,-121.08964,37,2,,,,,,,,,,240.024,,,,,,,,,,253.076,,
77679,22399159010497,2006,47.148507,-121.483752,33,2,,,,,,302.135,,,,,,,,,,320.859,,,,,,
77680,29395573010497,2008,48.876667,-118.744247,19,2,,,,,,,,105.189,,,,,,,,,,115.503,,,,
77691,8611282010901,2006,48.012913,-122.674731,31,2,,,,,,250.799,,,,,,,,,,344.315,,,,,,
77703,8609835010901,2006,47.670853,-124.248922,31,2,,,,,,182.524,,,,,,,,,,264.956,,,,,,
77707,25083080010900,2004,48.43765,-117.64914,65,2,,,,155.035,,,,,,,,,,182.226,,,,,,,,
77708,22398500010497,2003,47.355631,-123.363371,45,2,,,306.223,,,,,,,,,,363.447,,,,,,,,,
77728,25066955010900,2004,46.76683,-121.835023,53,2,,,,532.516,,,,,,,,,,597.11,,,,,,,,
77734,22398951010497,2005,48.701511,-120.357909,47,2,,,,,86.663,,,,,,,,,,84.004,,,,,,,
77735,8624089010901,2006,48.631582,-120.467415,47,2,,,,,,31.802,,,,,,,,,,35.431,,,,,,
77795,22398622010497,2003,48.973255,-121.759564,73,2,,,414.157,,,,,,,,,,433.172,,,,,,,,,
77803,40403489010497,2010,48.040412,-120.429048,7,2,,,,,,,,,,28.817,,,,,,,,,,32.738,,
77807,22398572010497,2003,45.996333,-121.653348,59,2,,,107.524,,,,,,,,,,139.902,,,,,,,,,
77828,29883366010497,2009,47.973934,-121.861925,61,2,,,,,,,,,137.266,,,,,,,,,,182.498,,,
77833,30852589020004,2012,47.767779,-120.509851,7,2,,,,,,,,,,,,2.875,,,,,,,,,,34.905
77877,22398474010497,2003,47.221518,-121.307491,37,2,,,408.115,,,,,,,,,,435.062,,,,,,,,,
77885,22954712010497,2007,48.391168,-117.672978,65,2,,,,,,,82.413,,,,,,,,,,98.847,,,,,
77895,29394869010497,2008,46.096441,-122.256599,15,2,,,,,,,,532.974,,,,,,,,,,600.974,,,,
77915,48206154010497,2011,48.179758,-121.305441,61,2,,,,,,,,,,,510.877,,,,,,,,,,545.07,
77925,40403556010497,2010,48.472199,-119.963027,47,2,,,,,,,,,,74.892,,,,,,,,,,83.003,,
77927,22930907010497,2008,45.989253,-120.646194,39,2,,,,,,,,35.028,,,,,,,,,,40.109,,,,
77939,22827508010497,2007,46.367151,-122.007879,59,2,,,,,,,207.417,,,,,,,,,,309.094,,,,,
77978,22399142010497,2006,46.144629,-117.571194,23,2,,,,,,395.829,,,,,,,,,,411.017,,,,,,
77993,22399282010497,2006,48.231848,-121.743488,61,2,,,,,,341.344,,,,,,,,,,428.429,,,,,,
78012,22398873010497,2004,47.944392,-120.366266,7,2,,,,140.21,,,,,,,,,,144.956,,,,,,,,
78022,24476652010900,2003,47.28197,-123.450175,45,2,,,8.424,,,,,,,,,,24.578,,,,,,,,,
78070,24519906010900,2003,46.349181,-122.295027,15,2,,,8.003,,,,,,,,,,61.748,,,,,,,,,
78084,22827630010497,2007,48.513929,-119.031531,47,2,,,,,,,35.071,,,,,,,,,,11.326,,,,,
78095,22399139010497,2006,46.161078,-117.53799,23,2,,,,,,321.225,,,,,,,,,,190.059,,,,,,
78107,48206499010497,2011,47.700057,-120.628175,7,2,,,,,,,,,,,45.808,,,,,,,,,,55.064,
78115,22398651010497,2004,47.654615,-120.672828,7,2,,,,182.994,,,,,,,,,,175.67,,,,,,,,
78124,29882749010497,2009,47.996944,-120.731107,7,2,,,,,,,,,93.917,,,,,,,,,,77.677,,,
78137,8621399010901,2006,47.564521,-123.499574,45,2,,,,,,696.345,,,,,,,,,,716.817,,,,,,
78139,40220450010497,2010,47.425332,-121.152849,37,2,,,,,,,,,,94.508,,,,,,,,,,153.174,,
78143,22399205010497,2006,48.505825,-120.549494,47,2,,,,,,186.929,,,,,,,,,,209.153,,,,,,
78148,8613561010901,2006,47.768124,-121.568571,33,2,,,,,,64.738,,,,,,,,,,75.131,,,,,,
78180,48204223010497,2011,47.063767,-121.092698,37,2,,,,,,,,,,,355.523,,,,,,,,,,400.407,
78182,22398388010497,2003,47.9969,-120.499474,7,2,,,49.098,,,,,,,,,,70.149,,,,,,,,,
78193,22827619010497,2007,48.637855,-118.392347,19,2,,,,,,,52.706,,,,,,,,,,56.278,,,,,
78219,40220372010497,2010,47.100936,-121.129497,37,2,,,,,,,,,,7.198,,,,,,,,,,39.861,,
78248,8649750010901,2006,47.454415,-120.639551,7,2,,,,,,36.744,,,,,,,,,,40.369,,,,,,
78276,40220100010497,2010,45.89927,-121.972019,59,2,,,,,,,,,,311.905,,,,,,,,,,362.313,,
78325,40220840010497,2010,47.451451,-123.724362,27,2,,,,,,,,,,385.379,,,,,,,,,,384.972,,
78331,29882796010497,2009,48.584468,-120.620329,47,2,,,,,,,,,235.44,,,,,,,,,,204.699,,,
78351,24521468010900,2003,48.374849,-118.369739,19,2,,,77.668,,,,,,,,,,85.736,,,,,,,,,
78358,22398425010497,2003,46.227756,-117.745361,13,2,,,54.624,,,,,,,,,,60.929,,,,,,,,,
78366,29395680010497,2008,48.774716,-121.620662,73,2,,,,,,,,273.251,,,,,,,,,,170.792,,,,
78385,22398204010497,2002,47.92279,-122.958977,9,2,,597.269,,,,,,,,,,,,,,,,,,,,452.226
78423,29883095010497,2009,46.079357,-117.733244,13,2,,,,,,,,,63.435,,,,,,,,,,81.048,,,
78455,29883083010497,2009,46.197104,-117.638196,13,2,,,,,,,,,65.787,,,,,,,,,,66.737,,,
78460,29394997010497,2008,46.951516,-121.693254,53,2,,,,,,,,421.557,,,,,,,,,,422.388,,,,
78464,48205170010497,2011,47.61654,-124.049731,31,2,,,,,,,,,,,236.189,,,,,,,,,,257.925,
78465,29883454010497,2009,48.108822,-124.251069,9,2,,,,,,,,,104.879,,,,,,,,,,113.072,,,
78497,193209169020004,2007,48.38428,-121.922605,57,2,,,,,,,100.02,,,,,,,,,,155.152,,,,,
78522,24493767010900,2003,48.455064,-121.487082,57,2,,,168.627,,,,,,,,,,260.16,,,,,,,,,
78545,22399208010497,2006,48.411747,-120.293006,47,2,,,,,,22.631,,,,,,,,,,13.291,,,,,,
78547,22399165010497,2006,47.307086,-120.6873,37,2,,,,,,181.661,,,,,,,,,,98.603,,,,,,
78574,25076062010900,2004,47.919761,-122.020121,61,2,,,,124.79,,,,,,,,,,162.925,,,,,,,,
78577,40220629010497,2010,48.167691,-124.190955,9,2,,,,,,,,,,67.189,,,,,,,,,,157.415,,
78601,29882959010497,2009,48.694976,-118.498155,19,2,,,,,,,,,139.967,,,,,,,,,,162.981,,,
78607,22398556010497,2003,48.655912,-117.609123,51,2,,,283.715,,,,,,,,,,333.282,,,,,,,,,
78645,48202625010497,2011,48.845865,-121.05411,73,2,,,,,,,,,,,278.513,,,,,,,,,,314.853,
78657,24462832010900,2003,48.801514,-122.098908,73,2,,,232.679,,,,,,,,,,267.749,,,,,,,,,
78659,40220874010497,2010,46.434999,-121.538389,41,2,,,,,,,,,,430.062,,,,,,,,,,417.091,,
78686,193209155020004,2007,47.991403,-124.057567,9,2,,,,,,,60.827,,,,,,,,,,149.834,,,,,
78716,24850046010900,2004,47.455832,-123.361019,45,2,,,,9.279,,,,,,,,,,27.828,,,,,,,,
78728,48202582010497,2011,48.886681,-120.720609,47,2,,,,,,,,,,,217.99,,,,,,,,,,236.753,
78745,40220459010497,2010,47.461768,-120.851884,7,2,,,,,,,,,,51.856,,,,,,,,,,69.298,,
78757,29883272010497,2009,47.626515,-120.627457,7,2,,,,,,,,,138.541,,,,,,,,,,166.93,,,
78776,40220675010497,2010,48.241537,-118.095318,65,2,,,,,,,,,,64.029,,,,,,,,,,105.425,,
78808,24874783010900,2004,48.951573,-118.259409,19,2,,,,264.168,,,,,,,,,,243.083,,,,,,,,
78809,22398731010497,2004,46.711286,-121.779012,41,2,,,,299.259,,,,,,,,,,297.206,,,,,,,,
78812,22827608010497,2007,45.826012,-121.978585,59,2,,,,,,,419.272,,,,,,,,,,408.762,,,,,
78827,30763653020004,2012,45.748489,-121.864432,59,2,,,,,,,,,,,,56.777,,,,,,,,,,132.227
78829,22398257010497,2002,46.630918,-121.783647,41,2,,3.062,,,,,,,,,,30.099,,,,,,,,,,
78836,22398431010497,2003,48.690576,-118.344895,19,2,,,212.509,,,,,,,,,,231.299,,,,,,,,,
78837,48204089010497,2011,46.026917,-121.938877,59,2,,,,,,,,,,,503.707,,,,,,,,,,565.8,
78868,12994021010497,2005,46.435714,-121.151446,77,2,,,,,101.267,,,,,,,,,,53.401,,,,,,,
78869,40403422010497,2010,46.699474,-121.101831,77,2,,,,,,,,,,80.105,,,,,,,,,,81.295,,
78883,12971869010497,2005,47.993162,-123.630651,9,2,,,,,570.81,,,,,,,,,,637.306,,,,,,,
78890,40220406010497,2010,47.279073,-121.719125,33,2,,,,,,,,,,131.725,,,,,,,,,,180.05,,
78907,22398403010497,2003,47.827372,-120.885186,7,2,,,69.109,,,,,,,,,,112.166,,,,,,,,,
78921,48206268010497,2011,48.610955,-118.246821,19,2,,,,,,,,,,,91.804,,,,,,,,,,102.753,
78943,40220745010497,2010,48.751955,-121.072665,73,2,,,,,,,,,,373.805,,,,,,,,,,392.831,,
78966,29882716010497,2009,47.031785,-123.092305,67,2,,,,,,,,,101.184,,,,,,,,,,200.659,,,
78972,48206664010497,2011,48.51936,-119.88609,47,2,,,,,,,,,,,30.774,,,,,,,,,,33.033,
78989,48206369010497,2011,47.39073,-121.222142,37,2,,,,,,,,,,,250.133,,,,,,,,,,282.695,
78992,22933089010497,2008,47.179628,-121.857631,33,2,,,,,,,,125.562,,,,,,,,,,150.786,,,,
78997,193208985020004,2007,45.801355,-121.902115,59,2,,,,,,,154.249,,,,,,,,,,168.947,,,,,
79021,22828583010497,2007,46.219725,-121.863182,59,2,,,,,,,163.113,,,,,,,,,,222.397,,,,,
79022,22399287010497,2006,47.913194,-121.454962,61,2,,,,,,396.016,,,,,,,,,,432.215,,,,,,
79030,22398433010497,2003,48.602947,-118.549409,19,2,,,18.476,,,,,,,,,,28.577,,,,,,,,,
79034,8612719010901,2006,47.636177,-121.177552,33,2,,,,,,170.083,,,,,,,,,,230.382,,,,,,
79050,29882961010497,2009,47.375536,-120.578588,7,2,,,,,,,,,142.165,,,,,,,,,,120.255,,,
79075,22399219010497,2006,48.630849,-120.405001,47,2,,,,,,62.154,,,,,,,,,,78.811,,,,,,
79099,48206552010497,2011,48.663662,-120.806218,73,2,,,,,,,,,,,486.441,,,,,,,,,,438.771,
79110,24545883010900,2003,46.689281,-122.010566,41,2,,,181.502,,,,,,,,,,282.621,,,,,,,,,
79112,48206533010497,2011,47.785024,-121.245262,61,2,,,,,,,,,,,48.818,,,,,,,,,,71.708,
79119,24521035010900,2003,48.327583,-118.534772,19,2,,,195.858,,,,,,,,,,205.293,,,,,,,,,
79122,22931088010497,2008,46.820731,-120.79543,77,2,,,,,,,,63.699,,,,,,,,,,82.577,,,,
79123,48206264010497,2011,48.538518,-120.700441,47,2,,,,,,,,,,,40.784,,,,,,,,,,54.321,
79133,8622315010901,2006,48.286868,-120.387392,47,2,,,,,,171.199,,,,,,,,,,162.871,,,,,,
79152,22827515010497,2007,48.502343,-120.334877,47,2,,,,,,,131.216,,,,,,,,,,126.575,,,,,
79186,22930902010497,2008,45.988915,-121.006304,39,2,,,,,,,,22.827,,,,,,,,,,33.008,,,,
79191,22827591010497,2007,46.648214,-121.250099,77,2,,,,,,,314.139,,,,,,,,,,345.599,,,,,
79218,8645459010901,2006,48.990451,-122.024344,73,2,,,,,,3.992,,,,,,,,,,36.705,,,,,,
79226,22932905010497,2008,45.897473,-122.191995,59,2,,,,,,,,568.249,,,,,,,,,,626.121,,,,
79238,24457948010900,2003,48.685142,-117.866081,65,2,,,62.371,,,,,,,,,,36.121,,,,,,,,,
79242,22398466010497,2003,47.144778,-121.33886,33,2,,,733.117,,,,,,,,,,751.5,,,,,,,,,
79245,29395749010497,2008,47.424938,-121.624368,33,2,,,,,,,,193.146,,,,,,,,,,267.83,,,,
79248,29883182010497,2009,47.730531,-123.031601,31,2,,,,,,,,,377.032,,,,,,,,,,428.718,,,
79254,24491293010900,2003,47.005802,-121.527464,53,2,,,357.407,,,,,,,,,,317.572,,,,,,,,,
79268,40220579010497,2010,47.769818,-124.325298,31,2,,,,,,,,,,187.179,,,,,,,,,,260.938,,
79281,8610319010901,2006,47.76006,-123.161909,31,2,,,,,,118.902,,,,,,,,,,135.707,,,,,,
79284,22399220010497,2006,48.363648,-120.412076,47,2,,,,,,168.331,,,,,,,,,,164.106,,,,,,
79291,24520543010900,2003,48.345435,-118.42088,19,2,,,74.53,,,,,,,,,,104.841,,,,,,,,,
79299,24509233010900,2003,47.9062,-120.835372,7,2,,,532.662,,,,,,,,,,640.474,,,,,,,,,
79300,8626678010901,2006,48.928429,-120.501501,47,2,,,,,,112.929,,,,,,,,,,135.509,,,,,,
79321,29882952010497,2009,45.84956,-122.016081,59,2,,,,,,,,,365.236,,,,,,,,,,273.097,,,
79325,22827618010497,2007,46.125528,-122.248339,15,2,,,,,,,219.634,,,,,,,,,,316.769,,,,,
79336,22930951010497,2008,46.239864,-121.749401,59,2,,,,,,,,125.484,,,,,,,,,,92.724,,,,
79337,8617249010901,2006,46.433494,-121.687429,41,2,,,,,,471.361,,,,,,,,,,382.054,,,,,,
79338,24186143010900,2002,48.544099,-121.233153,57,2,,360.118,,,,,,,,,,356.16,,,,,,,,,,
79342,24484545010900,2003,48.940572,-119.001115,47,2,,,99.885,,,,,,,,,,123.078,,,,,,,,,
79359,29881799010497,2009,48.362743,-118.517364,19,2,,,,,,,,,131.189,,,,,,,,,,148.752,,,
79419,24846767010900,2004,46.630731,-121.460961,41,2,,,,474.139,,,,,,,,,,393.955,,,,,,,,
79423,40220211010497,2010,46.484484,-121.532451,41,2,,,,,,,,,,230.309,,,,,,,,,,230.782,,
79449,48203129010497,2011,48.312073,-118.927345,47,2,,,,,,,,,,,95.787,,,,,,,,,,94.084,
79477,40220768010497,2010,48.874065,-121.997949,73,2,,,,,,,,,,196.637,,,,,,,,,,266.699,,
79506,29395517010497,2008,46.412167,-121.681397,41,2,,,,,,,,50.365,,,,,,,,,,80.182,,,,
79530,22399271010497,2006,46.117274,-121.726175,59,2,,,,,,221.791,,,,,,,,,,310.14,,,,,,
79538,40403433010497,2010,46.52895,-121.214799,77,2,,,,,,,,,,49.021,,,,,,,,,,62.93,,
79548,22827757010497,2007,47.258981,-120.60721,37,2,,,,,,,168.01,,,,,,,,,,106.188,,,,,
79578,22827773010497,2007,46.268887,-121.819553,59,2,,,,,,,328.683,,,,,,,,,,306.978,,,,,
79594,22954666010497,2007,48.064261,-124.10991,9,2,,,,,,,440.542,,,,,,,,,,508.311,,,,,
79623,29881805010497,2009,48.501043,-121.259993,57,2,,,,,,,,,257.277,,,,,,,,,,288.822,,,
79628,22954358010497,2007,46.042285,-121.761338,59,2,,,,,,,232.678,,,,,,,,,,271.175,,,,,
79643,22398858010497,2005,48.1099,-120.390064,7,2,,,,,51.088,,,,,,,,,,42.614,,,,,,,
79664,22933061010497,2008,47.534427,-123.77715,31,2,,,,,,,,215.28,,,,,,,,,,244.866,,,,
79665,29882837010497,2009,46.459403,-121.899975,41,2,,,,,,,,,361.339,,,,,,,,,,340.962,,,
79667,13054437010497,2005,47.228077,-120.811266,37,2,,,,,0.443,,,,,,,,,,1.082,,,,,,,
79682,22954612010497,2007,48.289081,-119.103738,47,2,,,,,,,153.487,,,,,,,,,,123.474,,,,,
79704,22954528010497,2007,47.176318,-121.43882,33,2,,,,,,,63.46,,,,,,,,,,177.015,,,,,
79706,24164617010900,2002,47.277626,-123.382652,45,2,,10.813,,,,,,,,,,86.426,,,,,,,,,,
79709,13030125010497,2005,48.984889,-118.931403,47,2,,,,,72.636,,,,,,,,,,79.676,,,,,,,
79718,48206531010497,2011,48.549265,-118.549313,19,2,,,,,,,,,,,35.387,,,,,,,,,,44.666,
79730,22954598010497,2007,48.262346,-120.356975,47,2,,,,,,,231.223,,,,,,,,,,135.399,,,,,
79753,29395733010497,2008,48.769517,-119.200267,47,2,,,,,,,,50.523,,,,,,,,,,72.867,,,,
79762,22398715010497,2004,47.340717,-121.256651,37,2,,,,155.965,,,,,,,,,,169.979,,,,,,,,
79764,13051689010497,2005,47.658791,-121.214257,33,2,,,,,154.399,,,,,,,,,,187.59,,,,,,,
79803,48204014010497,2011,48.60354,-122.020942,57,2,,,,,,,,,,,268.841,,,,,,,,,,198.726,
79820,22399257010497,2006,48.47404,-121.2176,57,2,,,,,,321.357,,,,,,,,,,294.195,,,,,,
79829,48204855010497,2011,48.594097,-117.735466,65,2,,,,,,,,,,,349.523,,,,,,,,,,332.957,
79831,29883522010497,2009,46.909172,-122.390431,53,2,,,,,,,,,2.985,,,,,,,,,,44.232,,,
79838,22827756010497,2007,48.40851,-120.256924,47,2,,,,,,,103.65,,,,,,,,,,12.756,,,,,
79839,22954641010497,2007,47.903048,-120.697796,7,2,,,,,,,165.114,,,,,,,,,,207.968,,,,,
79850,13020784010497,2005,48.275846,-120.099681,47,2,,,,,78.113,,,,,,,,,,89.895,,,,,,,
79861,22954409010497,2007,46.40846,-121.10834,77,2,,,,,,,162.068,,,,,,,,,,172.92,,,,,
79869,29882797010497,2009,46.192019,-117.470862,23,2,,,,,,,,,296.569,,,,,,,,,,347.992,,,
79884,22399116010497,2006,47.944316,-124.177304,9,2,,,,,,432.867,,,,,,,,,,550.95,,,,,,
79888,25071535010900,2004,45.709009,-122.136557,59,2,,,,345.056,,,,,,,,,,374.291,,,,,,,,
79890,22827454010497,2007,48.89808,-117.554229,65,2,,,,,,,143.114,,,,,,,,,,157.33,,,,,
79894,22954549010497,2007,47.293252,-120.227674,7,2,,,,,,,27.061,,,,,,,,,,36.383,,,,,
79905,22954660010497,2007,48.088427,-122.859708,31,2,,,,,,,109.742,,,,,,,,,,225.956,,,,,
79912,24845512010900,2004,46.56714,-121.928426,41,2,,,,258.043,,,,,,,,,,357.029,,,,,,,,
79916,22398993010497,2005,48.824329,-117.560837,51,2,,,,,34.75,,,,,,,,,,84.918,,,,,,,
79929,22399131010497,2006,48.857323,-118.224683,19,2,,,,,,15.041,,,,,,,,,,13.965,,,,,,
79934,13045763010497,2005,47.742271,-124.109538,31,2,,,,,158.745,,,,,,,,,,209.91,,,,,,,
79936,30852504020004,2012,48.869604,-117.469657,51,2,,,,,,,,,,,,181.373,,,,,,,,,,219.274
79950,40220269010497,2010,46.688875,-122.086137,41,2,,,,,,,,,,600.458,,,,,,,,,,531.515,,
79954,8612169010901,2006,47.572174,-121.862508,33,2,,,,,,312.478,,,,,,,,,,421.167,,,,,,
79967,12964657010497,2005,47.400757,-120.495058,7,2,,,,,161.215,,,,,,,,,,195.247,,,,,,,
79969,22398494010497,2003,46.419277,-122.149,41,2,,,460.245,,,,,,,,,,499.972,,,,,,,,,
79974,48206177010497,2011,48.856247,-118.857919,47,2,,,,,,,,,,,101.522,,,,,,,,,,119.644,
79985,22933207010497,2008,48.000749,-117.92891,65,2,,,,,,,,164.312,,,,,,,,,,223.434,,,,
79989,22398987010497,2005,48.721686,-119.166703,47,2,,,,,176.162,,,,,,,,,,221.689,,,,,,,
80000,22399199010497,2006,48.008967,-120.067344,47,2,,,,,,56.902,,,,,,,,,,104.935,,,,,,
80005,22931268010497,2008,48.67555,-120.211534,47,2,,,,,,,,108.516,,,,,,,,,,104.994,,,,
80033,22398878010497,2005,47.993852,-120.654506,7,2,,,,,220.254,,,,,,,,,,268.174,,,,,,,
80051,22827704010497,2007,46.337395,-121.641121,59,2,,,,,,,119.821,,,,,,,,,,165.783,,,,,
80064,22931159010497,2008,48.655712,-122.757726,55,2,,,,,,,,3.171,,,,,,,,,,7.509,,,,
80077,22933226010497,2008,48.21154,-121.792504,61,2,,,,,,,,241.869,,,,,,,,,,273.778,,,,
80082,29881793010497,2009,48.458252,-122.173475,57,2,,,,,,,,,34.001,,,,,,,,,,92.806,,,
80085,22954513010497,2007,47.719514,-124.392624,31,2,,,,,,,581.841,,,,,,,,,,544.713,,,,,
80093,22954662010497,2007,48.047025,-120.534918,7,2,,,,,,,218.824,,,,,,,,,,229.088,,,,,
80102,24542593010900,2003,45.934194,-120.856389,39,2,,,54.205,,,,,,,,,,86.316,,,,,,,,,
80125,22954659010497,2007,48.058056,-124.47974,9,2,,,,,,,194.089,,,,,,,,,,230.292,,,,,
80129,22827470010497,2007,48.708254,-118.909809,47,2,,,,,,,128.832,,,,,,,,,,150.77,,,,,
80142,24512151010900,2003,47.872482,-122.961576,9,2,,,172.046,,,,,,,,,,229.926,,,,,,,,,
80151,22399197010497,2006,48.924335,-119.341514,47,2,,,,,,30.026,,,,,,,,,,34.85,,,,,,
80157,48203426010497,2011,48.311379,-122.011922,57,2,,,,,,,,,,,481.053,,,,,,,,,,529.622,
80180,29395508010497,2008,48.428394,-121.482115,57,2,,,,,,,,10.384,,,,,,,,,,26.15,,,,
80196,40220832010497,2010,46.068259,-121.760356,59,2,,,,,,,,,,186.063,,,,,,,,,,217.741,,
80224,22398633010497,2003,47.021577,-121.200311,77,2,,,189.452,,,,,,,,,,193.733,,,,,,,,,
80245,22398788010497,2004,46.344929,-122.182499,59,2,,,,4.173,,,,,,,,,,22.603,,,,,,,,
80248,40403553010497,2010,48.61207,-118.915081,47,2,,,,,,,,,,59.555,,,,,,,,,,77.544,,
80255,29882607010497,2009,45.884047,-120.798456,39,2,,,,,,,,,31.06,,,,,,,,,,43.653,,,
80272,48203794010497,2011,47.518177,-123.668552,31,2,,,,,,,,,,,404.215,,,,,,,,,,380.956,
80285,40220394010497,2010,47.227963,-124.164105,27,2,,,,,,,,,,27.557,,,,,,,,,,35.184,,
80295,22954577010497,2007,47.596905,-124.013914,31,2,,,,,,,261.814,,,,,,,,,,318.232,,,,,
80297,24885078010900,2004,47.915461,-122.938618,31,2,,,,413.096,,,,,,,,,,360.239,,,,,,,,
80311,29395557010497,2008,46.165162,-121.616437,59,2,,,,,,,,130.322,,,,,,,,,,145.284,,,,
80314,193209086020004,2007,46.510507,-121.601788,41,2,,,,,,,329.959,,,,,,,,,,250.038,,,,,
80343,48206251010497,2011,48.089234,-124.027201,9,2,,,,,,,,,,,337.114,,,,,,,,,,410.37,
80355,22933303010497,2008,48.999109,-119.73173,47,2,,,,,,,,24.952,,,,,,,,,,22.119,,,,
80364,13061167010497,2005,46.534873,-123.307104,41,2,,,,,105.713,,,,,,,,,,135.422,,,,,,,
80374,40220894010497,2010,46.735062,-121.96003,41,2,,,,,,,,,,417.98,,,,,,,,,,441.982,,
80393,29395702010497,2008,46.218739,-122.040754,59,2,,,,,,,,55.482,,,,,,,,,,129.295,,,,
80394,22398448010497,2003,48.841029,-118.388845,19,2,,,90.601,,,,,,,,,,32.144,,,,,,,,,
80398,29395569010497,2008,48.500539,-120.109509,47,2,,,,,,,,81.853,,,,,,,,,,97.816,,,,
80399,12997799010497,2005,48.656399,-122.879034,55,2,,,,,113.706,,,,,,,,,,135.632,,,,,,,
80409,24495777010900,2003,45.850686,-121.690613,59,2,,,472.822,,,,,,,,,,532.824,,,,,,,,,
80425,24198346010900,2002,48.335184,-117.80816,65,2,,81.162,,,,,,,,,,147.769,,,,,,,,,,
80442,22827000010497,2007,47.876162,-124.437369,31,2,,,,,,,194.582,,,,,,,,,,249.809,,,,,
80444,22954679010497,2007,48.198642,-120.89479,7,2,,,,,,,8.021,,,,,,,,,,12.135,,,,,
80453,22399179010497,2006,46.683904,-121.783258,41,2,,,,,,576.412,,,,,,,,,,618.454,,,,,,
80465,22398495010497,2003,46.489006,-121.925458,41,2,,,864.891,,,,,,,,,,818.787,,,,,,,,,
80471,13007959010497,2005,47.964564,-122.001872,61,2,,,,,10.806,,,,,,,,,,17.277,,,,,,,
80478,48206536010497,2011,45.923003,-122.010593,59,2,,,,,,,,,,,453.511,,,,,,,,,,484.533,
80487,29394871010497,2008,46.293765,-123.661102,69,2,,,,,,,,76.035,,,,,,,,,,74.444,,,,
80500,24157971010900,2002,45.985666,-120.511808,39,2,,68.954,,,,,,,,,,106.111,,,,,,,,,,
80502,24544985010900,2003,46.540287,-121.608548,41,2,,,347.216,,,,,,,,,,349.536,,,,,,,,,
80511,193209078020004,2007,45.993057,-121.935322,59,2,,,,,,,284.589,,,,,,,,,,297.149,,,,,
80544,22827606010497,2007,47.028078,-121.555262,53,2,,,,,,,587.4,,,,,,,,,,588.262,,,,,
80550,24538131010900,2003,46.915411,-120.988808,37,2,,,105.865,,,,,,,,,,62.099,,,,,,,,,
80556,24459582010900,2003,46.809282,-122.381626,67,2,,,29.078,,,,,,,,,,143.108,,,,,,,,,
80585,48203233010497,2011,48.915427,-119.795738,47,2,,,,,,,,,,,153.073,,,,,,,,,,165.006,
80591,22398661010497,2004,48.090695,-123.915343,9,2,,,,158.66,,,,,,,,,,166.869,,,,,,,,
80596,29395522010497,2008,48.593111,-119.881556,47,2,,,,,,,,136.266,,,,,,,,,,165.647,,,,
80601,22398766010497,2004,48.416602,-117.156384,51,2,,,,11.994,,,,,,,,,,45.317,,,,,,,,
80603,22954678010497,2007,48.179309,-121.414588,61,2,,,,,,,92.018,,,,,,,,,,78.774,,,,,
80612,22398850010497,2004,46.747699,-121.071449,77,2,,,,85.782,,,,,,,,,,105.714,,,,,,,,
80618,193209197020004,2007,48.480279,-121.891882,57,2,,,,,,,351.053,,,,,,,,,,351.565,,,,,
80621,29395657010497,2008,46.632384,-121.568825,41,2,,,,,,,,337.854,,,,,,,,,,372.287,,,,
80625,48204433010497,2011,45.736303,-121.211966,39,2,,,,,,,,,,,71.268,,,,,,,,,,70.74,
80626,22827449010497,2007,48.813932,-119.935544,47,2,,,,,,,84.775,,,,,,,,,,35.587,,,,,
80639,40220845010497,2010,46.140804,-117.504902,23,2,,,,,,,,,,158.074,,,,,,,,,,165.16,,
80650,48206207010497,2011,47.92139,-120.61807,7,2,,,,,,,,,,,132.417,,,,,,,,,,92.852,
80662,40220837010497,2010,48.456161,-121.740322,57,2,,,,,,,,,,212.526,,,,,,,,,,218.38,,
80666,24486919010900,2003,48.223665,-117.437684,51,2,,,261.724,,,,,,,,,,283.916,,,,,,,,,
80670,22954449010497,2007,46.737133,-122.929016,41,2,,,,,,,19.205,,,,,,,,,,13.255,,,,,
80682,29395744010497,2008,46.055483,-117.951099,13,2,,,,,,,,20.906,,,,,,,,,,41.412,,,,
80689,30852483020004,2012,47.065323,-121.193246,37,2,,,,,,,,,,,,283.072,,,,,,,,,,284.69
80698,29883514010497,2009,48.681348,-117.679037,65,2,,,,,,,,,171.299,,,,,,,,,,192.711,,,
80718,40220352010497,2010,47.062117,-123.596881,27,2,,,,,,,,,,117.793,,,,,,,,,,192.405,,
80740,22954477010497,2007,47.009159,-121.915172,53,2,,,,,,,161.4,,,,,,,,,,143.991,,,,,
80749,40220852010497,2010,47.72457,-122.998487,31,2,,,,,,,,,,370.226,,,,,,,,,,394.456,,
80763,8617685010901,2006,46.535539,-122.212481,41,2,,,,,,136.469,,,,,,,,,,259.215,,,,,,
80794,22399273010497,2006,46.215532,-121.686109,59,2,,,,,,600.325,,,,,,,,,,604.079,,,,,,
80824,8633631010901,2006,48.602013,-121.551581,57,2,,,,,,328.71,,,,,,,,,,344.065,,,,,,
80827,29882945010497,2009,48.001823,-120.798745,7,2,,,,,,,,,143.767,,,,,,,,,,159.619,,,
80871,29882953010497,2009,48.013339,-120.49893,7,2,,,,,,,,,34.211,,,,,,,,,,42.174,,,
80880,22398784010497,2004,48.333499,-121.812466,57,2,,,,589.721,,,,,,,,,,525.73,,,,,,,,
80884,40403558010497,2010,47.438423,-121.225368,37,2,,,,,,,,,,290.355,,,,,,,,,,273.494,,
80891,22827589010497,2007,47.851005,-121.027931,7,2,,,,,,,52.394,,,,,,,,,,47.028,,,,,
80900,13216393010497,2004,48.750709,-118.905402,47,2,,,,9.45,,,,,,,,,,22.991,,,,,,,,
80908,40403407010497,2010,48.499411,-119.220521,47,2,,,,,,,,,,149.894,,,,,,,,,,70.077,,
80915,29882533010497,2009,45.801366,-122.118993,59,2,,,,,,,,,7.996,,,,,,,,,,32.117,,,
80929,40403471010497,2010,48.699063,-120.172516,47,2,,,,,,,,,,63.777,,,,,,,,,,79.772,,
80934,22399169010497,2006,47.098694,-121.157479,37,2,,,,,,225.961,,,,,,,,,,256.964,,,,,,
80939,48206144010497,2011,48.770738,-119.237421,47,2,,,,,,,,,,,72.489,,,,,,,,,,99.274,
80970,22398917010497,2005,47.475177,-123.645172,27,2,,,,,366.47,,,,,,,,,,368.367,,,,,,,
80973,29882614010497,2009,45.950133,-122.189178,59,2,,,,,,,,,452.251,,,,,,,,,,388.164,,,
80979,22398234010497,2002,47.663515,-121.393551,33,2,,112.196,,,,,,,,,,128.739,,,,,,,,,,
80983,22399051010497,2005,48.224621,-121.342861,61,2,,,,,432.452,,,,,,,,,,442.154,,,,,,,
81022,24839635010900,2004,47.322877,-121.223018,37,2,,,,139.443,,,,,,,,,,153.419,,,,,,,,
81030,24476841010900,2003,47.323635,-123.398097,45,2,,,14.857,,,,,,,,,,56.005,,,,,,,,,
81044,48206249010497,2011,47.16985,-121.265633,37,2,,,,,,,,,,,68.7,,,,,,,,,,136.658,
81050,8613355010901,2006,47.733704,-121.398087,33,2,,,,,,503.107,,,,,,,,,,529.357,,,,,,
81055,13003592010497,2005,45.993225,-121.615513,59,2,,,,,342.933,,,,,,,,,,299.476,,,,,,,
81057,22933185010497,2008,48.016762,-123.891364,9,2,,,,,,,,640.107,,,,,,,,,,629.968,,,,
81062,22399188010497,2006,46.487276,-121.714945,41,2,,,,,,95.008,,,,,,,,,,126.038,,,,,,
81083,40403589010497,2010,48.514621,-120.738575,7,2,,,,,,,,,,256.196,,,,,,,,,,266.974,,
81100,22398924010497,2005,47.19842,-121.370471,33,2,,,,,95.221,,,,,,,,,,166.009,,,,,,,
81117,22399242010497,2006,48.744998,-117.307618,51,2,,,,,,188.228,,,,,,,,,,181.724,,,,,,
81123,22398938010497,2005,47.06483,-121.059492,37,2,,,,,73.608,,,,,,,,,,95.121,,,,,,,
81137,29395735010497,2008,46.698265,-121.030298,77,2,,,,,,,,2.645,,,,,,,,,,4.792,,,,
81140,40403446010497,2010,48.821207,-117.443779,51,2,,,,,,,,,,141.094,,,,,,,,,,157.706,,
81147,48206444010497,2011,46.166788,-121.758144,59,2,,,,,,,,,,,666.059,,,,,,,,,,767.088,
81157,40220847010497,2010,48.974785,-121.914236,73,2,,,,,,,,,,273.995,,,,,,,,,,274.097,,
81199,40220884010497,2010,46.659892,-121.81842,41,2,,,,,,,,,,116.775,,,,,,,,,,230.698,,
81222,22933279010497,2008,48.773042,-118.410465,19,2,,,,,,,,76.565,,,,,,,,,,56.744,,,,
81256,8622633010901,2006,48.325854,-120.230491,47,2,,,,,,48.656,,,,,,,,,,64.952,,,,,,
81260,24466033010900,2003,46.277729,-120.869138,77,2,,,44.913,,,,,,,,,,75.05,,,,,,,,,
81287,22398518010497,2003,48.959623,-118.962842,47,2,,,228.82,,,,,,,,,,235.986,,,,,,,,,
81316,29395738010497,2008,48.808364,-117.184199,51,2,,,,,,,,196.714,,,,,,,,,,255.388,,,,
81342,8621937010901,2006,48.176809,-120.235374,47,2,,,,,,213.111,,,,,,,,,,181.756,,,,,,
81349,22933033010497,2008,47.434846,-123.544282,27,2,,,,,,,,76.2,,,,,,,,,,134.531,,,,
81357,48203197010497,2011,46.340141,-121.821391,59,2,,,,,,,,,,,68.876,,,,,,,,,,124.02,
81370,24874464010900,2004,48.921327,-118.660942,19,2,,,,160.644,,,,,,,,,,188.91,,,,,,,,
81375,48205709010497,2011,46.580832,-121.3545,77,2,,,,,,,,,,,37.932,,,,,,,,,,67.973,
81380,29881881010497,2009,48.566636,-120.18349,47,2,,,,,,,,,51.644,,,,,,,,,,60.617,,,
81397,22954786010497,2007,48.73888,-117.869156,65,2,,,,,,,62.49,,,,,,,,,,68.426,,,,,
81403,22827579010497,2007,46.239371,-117.463689,23,2,,,,,,,16.184,,,,,,,,,,26.053,,,,,
81406,22931292010497,2008,48.85153,-121.915561,73,2,,,,,,,,295.523,,,,,,,,,,377.014,,,,
81408,48205436010497,2011,47.912078,-124.280269,9,2,,,,,,,,,,,298.578,,,,,,,,,,289.098,
81409,22398463010497,2003,47.199875,-121.402665,33,2,,,319.545,,,,,,,,,,350.561,,,,,,,,,
81412,13027544010497,2005,48.766804,-119.80633,47,2,,,,,70.851,,,,,,,,,,49.435,,,,,,,
81429,8614749010901,2006,47.274945,-121.305237,37,2,,,,,,81.423,,,,,,,,,,117.068,,,,,,
81466,29395629010497,2008,47.872129,-123.144835,9,2,,,,,,,,599.687,,,,,,,,,,607.6,,,,
81482,22954484010497,2007,47.534898,-121.31238,33,2,,,,,,,532.712,,,,,,,,,,528.15,,,,,
81486,24831846010900,2004,46.494437,-121.058524,77,2,,,,103.477,,,,,,,,,,157.203,,,,,,,,
81497,22399296010497,2006,48.9938,-117.91148,65,2,,,,,,5.225,,,,,,,,,,15.103,,,,,,
81524,29883013010497,2009,47.151413,-121.583746,33,2,,,,,,,,,79.58,,,,,,,,,,124.769,,,
81547,22827655010497,2007,45.804056,-121.942906,59,2,,,,,,,454.218,,,,,,,,,,432.045,,,,,
81561,48206409010497,2011,47.412418,-121.040079,37,2,,,,,,,,,,,271.782,,,,,,,,,,267.834,
81567,24522496010900,2003,48.646046,-118.613921,19,2,,,56.267,,,,,,,,,,70.554,,,,,,,,,
81590,29882542010497,2009,45.858845,-121.470017,39,2,,,,,,,,,158.453,,,,,,,,,,204.327,,,
81591,30765028020004,2012,48.799544,-122.462575,73,2,,,,,,,,,,,,179.316,,,,,,,,,,70.867
81593,22399141010497,2006,46.231009,-117.433451,23,2,,,,,,63.254,,,,,,,,,,65.638,,,,,,
81599,22954550010497,2007,47.351251,-123.542799,27,2,,,,,,,99.919,,,,,,,,,,144.375,,,,,
81626,22398452010497,2003,46.188542,-117.50434,23,2,,,407.568,,,,,,,,,,341.939,,,,,,,,,
81627,22827545010497,2007,48.849165,-117.55371,65,2,,,,,,,152.298,,,,,,,,,,113.246,,,,,
81640,29883413010497,2009,48.064729,-123.155871,9,2,,,,,,,,,87.285,,,,,,,,,,150.794,,,
81650,40220516010497,2010,47.724161,-123.960737,31,2,,,,,,,,,,167.093,,,,,,,,,,237.894,,
81657,22398833010497,2004,48.971405,-118.025824,65,2,,,,57.182,,,,,,,,,,83.847,,,,,,,,
81669,29883273010497,2009,45.902288,-122.215267,59,2,,,,,,,,,870.74,,,,,,,,,,920.804,,,
81681,40220748010497,2010,48.633044,-117.948513,65,2,,,,,,,,,,46.116,,,,,,,,,,64.048,,
81698,25078480010900,2004,48.275363,-121.373204,61,2,,,,453.06,,,,,,,,,,435.09,,,,,,,,
81705,12970545010497,2005,47.909481,-124.194905,9,2,,,,,515.445,,,,,,,,,,501.95,,,,,,,
81721,13202675010497,2005,47.327901,-123.832452,27,2,,,,,342.998,,,,,,,,,,369.387,,,,,,,
81724,8617035010901,2006,46.432072,-121.468141,41,2,,,,,,394.169,,,,,,,,,,418.248,,,,,,
81726,24533767010900,2003,47.868294,-122.796921,31,2,,,21.711,,,,,,,,,,109.454,,,,,,,,,
81727,22398573010497,2003,46.169068,-122.047802,59,2,,,1087.919,,,,,,,,,,1084.805,,,,,,,,,
81736,24856340010900,2004,48.712927,-119.655963,47,2,,,,76.634,,,,,,,,,,87.111,,,,,,,,
81756,8627111010901,2006,48.937684,-118.888027,47,2,,,,,,32.223,,,,,,,,,,39.322,,,,,,
81771,22398398010497,2003,48.087228,-120.272895,7,2,,,136.305,,,,,,,,,,112.198,,,,,,,,,
81779,24837394010900,2004,47.626417,-122.874413,35,2,,,,334.02,,,,,,,,,,366.809,,,,,,,,
81794,24133291010900,2002,46.240061,-122.64958,15,2,,61.479,,,,,,,,,,,,,,,,,,,,203.458
81834,22398868010497,2005,47.433254,-120.707422,7,2,,,,,174.682,,,,,,,,,,175.634,,,,,,,
81845,24546494010900,2003,46.729476,-122.861741,41,2,,,82.125,,,,,,,,,,147.212,,,,,,,,,
81849,40220876010497,2010,46.24302,-117.603901,23,2,,,,,,,,,,17.449,,,,,,,,,,23.334,,
81851,48203397010497,2011,48.306475,-121.499529,57,2,,,,,,,,,,,120.482,,,,,,,,,,191.491,
81852,24521625010900,2003,48.50023,-118.554998,19,2,,,200.921,,,,,,,,,,250.057,,,,,,,,,
81853,22398460010497,2003,47.845352,-122.962208,31,2,,,115.446,,,,,,,,,,148.703,,,,,,,,,
81855,24855082010900,2004,48.563364,-119.282592,47,2,,,,32.738,,,,,,,,,,39.297,,,,,,,,
81897,48205874010497,2011,46.115676,-122.660113,15,2,,,,,,,,,,,192.497,,,,,,,,,,282.065,
81899,24524868010900,2003,48.981414,-118.28563,19,2,,,161.175,,,,,,,,,,149.775,,,,,,,,,
81935,22954451010497,2007,46.722253,-121.181211,77,2,,,,,,,253.026,,,,,,,,,,219.055,,,,,
81947,24868896010900,2004,45.952874,-122.629819,15,2,,,,143.233,,,,,,,,,,269.03,,,,,,,,
81951,8615300010901,2006,45.811634,-121.579334,39,2,,,,,,265.353,,,,,,,,,,299.121,,,,,,
81976,22827427010497,2007,45.965479,-121.761915,59,2,,,,,,,410.881,,,,,,,,,,399.925,,,,,
81981,8650592010901,2006,47.762126,-121.067759,7,2,,,,,,220.709,,,,,,,,,,237.407,,,,,,
81992,22827459010497,2007,47.972952,-120.72824,7,2,,,,,,,306.252,,,,,,,,,,153.4,,,,,
81996,193209253020004,2007,47.646542,-123.074525,31,2,,,,,,,380.274,,,,,,,,,,412.184,,,,,
82009,24859445010900,2004,46.639257,-123.379361,49,2,,,,150.131,,,,,,,,,,248.958,,,,,,,,
82010,24466734010900,2003,46.401602,-121.248997,77,2,,,281.556,,,,,,,,,,230.176,,,,,,,,,
82038,22399073010497,2005,48.731437,-121.958736,73,2,,,,,161.773,,,,,,,,,,159.558,,,,,,,
82039,30764567020004,2012,48.341118,-117.484397,51,2,,,,,,,,,,,,18.51,,,,,,,,,,61.984
82042,12999289010497,2005,48.408372,-122.091124,57,2,,,,,11.028,,,,,,,,,,80.287,,,,,,,
82051,22399017010497,2005,46.115068,-121.546877,59,2,,,,,277.592,,,,,,,,,,136.038,,,,,,,
82065,24544490010900,2003,46.488304,-121.821436,41,2,,,263.714,,,,,,,,,,330.007,,,,,,,,,
82115,29883012010497,2009,48.090672,-124.135961,9,2,,,,,,,,,400.154,,,,,,,,,,414.132,,,
82117,22931066010497,2008,46.729564,-123.593572,49,2,,,,,,,,207.725,,,,,,,,,,196.563,,,,
82122,22931170010497,2008,48.607575,-118.792934,19,2,,,,,,,,25.085,,,,,,,,,,28.322,,,,
82127,48206205010497,2011,46.895049,-121.0231,77,2,,,,,,,,,,,130.543,,,,,,,,,,198.714,
82134,22399000010497,2005,48.652909,-117.458825,51,2,,,,,299.069,,,,,,,,,,321.286,,,,,,,
82141,22954762010497,2007,48.604675,-119.141292,47,2,,,,,,,30.604,,,,,,,,,,36.116,,,,,
82153,22827595010497,2007,46.073661,-121.499142,77,2,,,,,,,192.066,,,,,,,,,,238.282,,,,,
82176,40403425010497,2010,48.718119,-118.459978,19,2,,,,,,,,,,6.134,,,,,,,,,,46.672,,
82183,48206521010497,2011,48.064586,-124.02671,9,2,,,,,,,,,,,467.651,,,,,,,,,,548.037,
82188,8635221010901,2006,46.089006,-121.973866,59,2,,,,,,473.83,,,,,,,,,,513.013,,,,,,
82213,29882725010497,2009,47.021987,-121.596618,53,2,,,,,,,,,285.078,,,,,,,,,,295.996,,,
82228,22398950010497,2005,47.35581,-123.390663,45,2,,,,,16.359,,,,,,,,,,64.521,,,,,,,
82246,24873531010900,2004,48.800919,-118.186333,19,2,,,,100.606,,,,,,,,,,73.326,,,,,,,,
82256,13199171010497,2004,48.106422,-121.347041,61,2,,,,58.707,,,,,,,,,,66.397,,,,,,,,
82260,40220863010497,2010,47.451674,-123.68807,27,2,,,,,,,,,,246.767,,,,,,,,,,240.558,,
82273,29883313010497,2009,47.872628,-123.107887,9,2,,,,,,,,,201.187,,,,,,,,,,240.401,,,
82287,29882537010497,2009,45.851109,-121.982245,59,2,,,,,,,,,172.751,,,,,,,,,,221.728,,,
82291,29395737010497,2008,48.512493,-118.886061,47,2,,,,,,,,200.161,,,,,,,,,,218.449,,,,
82305,48205591010497,2011,48.005553,-121.616128,61,2,,,,,,,,,,,433.352,,,,,,,,,,385.763,
82320,40220657010497,2010,48.149822,-117.912172,65,2,,,,,,,,,,81.835,,,,,,,,,,75.429,,
82338,48206673010497,2011,46.997056,-121.235248,77,2,,,,,,,,,,,67.993,,,,,,,,,,108.447,
82344,25077311010900,2004,48.061838,-121.713408,61,2,,,,363.9,,,,,,,,,,479.943,,,,,,,,
82353,40220828010497,2010,48.551909,-121.515501,57,2,,,,,,,,,,359.229,,,,,,,,,,364.319,,
82355,8622977010901,2006,48.484329,-120.439272,47,2,,,,,,40.444,,,,,,,,,,53.736,,,,,,
82358,8611720010901,2006,47.430668,-121.85429,33,2,,,,,,257.176,,,,,,,,,,286.72,,,,,,
82359,22933210010497,2008,48.105349,-122.831614,31,2,,,,,,,,142.444,,,,,,,,,,62.269,,,,
82370,8976192010901,2005,46.433594,-122.927115,41,2,,,,,68.67,,,,,,,,,,116.438,,,,,,,
82386,13013076010497,2005,48.03728,-117.727566,65,2,,,,,80.83,,,,,,,,,,88.479,,,,,,,
82398,48205354010497,2011,48.434175,-121.886285,57,2,,,,,,,,,,,452.806,,,,,,,,,,423.956,
82406,8613276010901,2006,47.719872,-121.93354,33,2,,,,,,56.382,,,,,,,,,,111.379,,,,,,
82407,25079444010900,2004,47.350673,-117.644636,63,2,,,,11.201,,,,,,,,,,16.758,,,,,,,,
82409,22398927010497,2005,47.687765,-121.280542,33,2,,,,,437.169,,,,,,,,,,500.123,,,,,,,
82448,22954334010497,2007,45.688126,-122.022605,59,2,,,,,,,198.806,,,,,,,,,,197.353,,,,,
82459,12987496010497,2005,46.111259,-118.025521,71,2,,,,,50.938,,,,,,,,,,56.604,,,,,,,
82467,24176192010900,2002,46.613454,-123.60608,49,2,,13.203,,,,,,,,,,,,,,,,,,,,141.661
82516,22399055010497,2005,48.158617,-121.745374,61,2,,,,,512.392,,,,,,,,,,514.539,,,,,,,
82543,22398394010497,2003,47.677433,-120.662757,7,2,,,105.586,,,,,,,,,,122.972,,,,,,,,,
82553,22398571010497,2003,45.973353,-121.904332,59,2,,,698.045,,,,,,,,,,728.189,,,,,,,,,
82557,8602439010901,2006,46.293077,-122.89644,15,2,,,,,,195.757,,,,,,,,,,50.31,,,,,,
82564,40220690010497,2010,48.444157,-121.187885,57,2,,,,,,,,,,422.835,,,,,,,,,,374.669,,
82591,22954673010497,2007,48.144222,-123.958795,9,2,,,,,,,323.077,,,,,,,,,,315.306,,,,,
82593,24136970010900,2002,48.742873,-118.459431,19,2,,106.964,,,,,,,,,,94.27,,,,,,,,,,
82597,29883121010497,2009,47.619265,-124.09888,31,2,,,,,,,,,333.971,,,,,,,,,,332.505,,,
82603,29395620010497,2008,46.73035,-121.530426,41,2,,,,,,,,416.338,,,,,,,,,,476.01,,,,
82605,22954460010497,2007,46.78851,-121.530952,53,2,,,,,,,440.407,,,,,,,,,,440.607,,,,,
82615,22399003010497,2005,48.412482,-117.187605,51,2,,,,,216.707,,,,,,,,,,259.809,,,,,,,
82629,48206164010497,2011,45.921693,-121.869479,59,2,,,,,,,,,,,670.538,,,,,,,,,,756.949,
82633,22398317010497,2002,48.423079,-121.368883,57,2,,34.395,,,,,,,,,,67.263,,,,,,,,,,
82636,22398615010497,2003,48.971768,-117.458327,65,2,,,33.423,,,,,,,,,,66.751,,,,,,,,,
82654,22827776010497,2007,48.523608,-119.177766,47,2,,,,,,,115.239,,,,,,,,,,117.585,,,,,
82677,48202761010497,2011,47.479389,-124.172595,27,2,,,,,,,,,,,14.135,,,,,,,,,,26.227,
82697,24882094010900,2004,47.619969,-123.381353,31,2,,,,619.039,,,,,,,,,,609.053,,,,,,,,
82728,22398291010497,2002,48.134269,-120.13392,47,2,,128.603,,,,,,,,,,,,,,,,,,,,69.121
82746,40220295010497,2010,46.835329,-123.033349,67,2,,,,,,,,,,2.456,,,,,,,,,,76.067,,
82771,29395736010497,2008,48.227841,-121.230168,61,2,,,,,,,,13.049,,,,,,,,,,19.268,,,,
82778,29882948010497,2009,47.019358,-120.908034,37,2,,,,,,,,,135.516,,,,,,,,,,113.405,,,
82801,29395570010497,2008,48.887432,-117.287049,51,2,,,,,,,,77.423,,,,,,,,,,82.245,,,,
82835,29883141010497,2009,47.751847,-120.503272,7,2,,,,,,,,,248.368,,,,,,,,,,294.852,,,
82838,24157666010900,2002,46.016266,-121.048934,39,2,,67.258,,,,,,,,,,93.149,,,,,,,,,,
82845,48206613010497,2011,48.667594,-119.096446,47,2,,,,,,,,,,,95.027,,,,,,,,,,85.405,
82859,40220846010497,2010,47.004099,-121.77486,53,2,,,,,,,,,,527.863,,,,,,,,,,400.452,,
82866,24547242010900,2003,46.754082,-122.544578,41,2,,,17.007,,,,,,,,,,93.907,,,,,,,,,
82896,8609564010901,2006,47.580428,-123.666379,31,2,,,,,,501.447,,,,,,,,,,421.692,,,,,,
82904,40220536010497,2010,47.773332,-123.032976,31,2,,,,,,,,,,141.707,,,,,,,,,,201.216,,
82916,13031419010497,2005,46.686432,-123.667024,49,2,,,,,104.469,,,,,,,,,,169.01,,,,,,,
82931,22398497010497,2003,46.663874,-122.325034,41,2,,,76.428,,,,,,,,,,134.136,,,,,,,,,
82932,22398555010497,2003,48.452938,-117.377207,51,2,,,128.309,,,,,,,,,,138.261,,,,,,,,,
82945,25074287010900,2004,46.145717,-121.673858,59,2,,,,110.192,,,,,,,,,,186.951,,,,,,,,
82948,29883011010497,2009,48.68974,-118.461482,19,2,,,,,,,,,106.185,,,,,,,,,,36.682,,,
82971,22398243010497,2002,47.306505,-120.533246,37,2,,226.24,,,,,,,,,,241.004,,,,,,,,,,
82978,40403480010497,2010,48.54638,-118.475395,19,2,,,,,,,,,,4.561,,,,,,,,,,32.211,,
82980,24170596010900,2002,48.620449,-120.206688,47,2,,64.889,,,,,,,,,,64.427,,,,,,,,,,
82993,22931154010497,2008,48.590179,-120.731202,47,2,,,,,,,,135.174,,,,,,,,,,149.334,,,,
82998,48206542010497,2011,48.641096,-120.918628,73,2,,,,,,,,,,,13.836,,,,,,,,,,8.681,
83023,193209153020004,2004,48.333699,-117.092348,51,2,,,,94.512,,,,,,,,,,121.936,,,,,,,,
83031,29883112010497,2009,47.577982,-123.595818,31,2,,,,,,,,,276.943,,,,,,,,,,295.784,,,
83032,22931053010497,2008,46.631018,-121.323886,77,2,,,,,,,,246.743,,,,,,,,,,165.399,,,,
83046,8646583010901,2006,46.284464,-121.472004,77,2,,,,,,97.375,,,,,,,,,,81.044,,,,,,
83051,40220725010497,2010,48.639749,-120.886605,57,2,,,,,,,,,,280.618,,,,,,,,,,303.45,,
83058,8640982010901,2006,48.490744,-118.093506,65,2,,,,,,77.768,,,,,,,,,,110.849,,,,,,
83079,29883240010497,2009,46.481801,-122.428664,41,2,,,,,,,,,247.318,,,,,,,,,,356.699,,,
83093,48204991010497,2011,45.99089,-121.753641,59,2,,,,,,,,,,,344.512,,,,,,,,,,356.25,
83103,24863215010900,2004,47.913799,-123.287497,9,2,,,,396.754,,,,,,,,,,396.243,,,,,,,,
83137,24487495010900,2003,48.435388,-117.278596,51,2,,,102.0,,,,,,,,,,169.258,,,,,,,,,
83141,22932926010497,2008,46.978433,-120.80181,37,2,,,,,,,,25.663,,,,,,,,,,29.299,,,,
83147,40220758010497,2010,48.773886,-120.355513,47,2,,,,,,,,,,6.394,,,,,,,,,,7.634,,
83154,29882794010497,2009,47.055775,-121.627547,53,2,,,,,,,,,475.316,,,,,,,,,,503.554,,,
83174,29883008010497,2009,47.4475,-123.648977,27,2,,,,,,,,,614.181,,,,,,,,,,592.619,,,
83182,13198972010497,2004,48.078748,-121.154959,61,2,,,,375.605,,,,,,,,,,406.641,,,,,,,,
83183,40220734010497,2010,48.680939,-120.50778,47,2,,,,,,,,,,39.586,,,,,,,,,,37.343,,
83189,29395695010497,2008,46.148313,-117.789923,13,2,,,,,,,,24.863,,,,,,,,,,11.054,,,,
83190,48206540010497,2011,48.544919,-118.43844,19,2,,,,,,,,,,,86.397,,,,,,,,,,120.7,
83203,48203570010497,2011,45.84448,-121.762066,59,2,,,,,,,,,,,667.619,,,,,,,,,,705.772,
83216,40220319010497,2010,46.896438,-123.565766,27,2,,,,,,,,,,26.326,,,,,,,,,,115.642,,
83224,40403580010497,2010,48.538958,-118.290651,19,2,,,,,,,,,,147.359,,,,,,,,,,111.48,,
83232,29883382010497,2009,48.016113,-122.938888,31,2,,,,,,,,,156.768,,,,,,,,,,262.956,,,
83233,40403533010497,2010,48.55069,-118.586276,19,2,,,,,,,,,,39.917,,,,,,,,,,47.946,,
83273,40220645010497,2010,48.212739,-121.873419,61,2,,,,,,,,,,304.655,,,,,,,,,,351.763,,
83296,48204201010497,2011,46.143361,-121.832488,59,2,,,,,,,,,,,135.755,,,,,,,,,,182.042,
83316,24175995010900,2002,46.543167,-123.732515,49,2,,164.441,,,,,,,,,,271.857,,,,,,,,,,
83327,22399201010497,2006,48.203485,-120.241853,47,2,,,,,,40.193,,,,,,,,,,45.562,,,,,,
83334,24521985010900,2003,48.506604,-118.740734,19,2,,,169.938,,,,,,,,,,158.078,,,,,,,,,
83338,40220151010497,2010,46.190403,-120.802304,77,2,,,,,,,,,,153.318,,,,,,,,,,197.996,,
83351,22954791010497,2007,48.836597,-119.014225,47,2,,,,,,,44.178,,,,,,,,,,65.388,,,,,
83388,40220192010497,2010,46.412141,-122.247959,41,2,,,,,,,,,,154.948,,,,,,,,,,207.036,,
83405,40220613010497,2010,48.064565,-121.857339,61,2,,,,,,,,,,65.746,,,,,,,,,,122.655,,
83408,22399246010497,2006,47.073143,-121.696536,53,2,,,,,,12.836,,,,,,,,,,10.882,,,,,,
83412,40220220010497,2010,46.474281,-121.230096,77,2,,,,,,,,,,166.301,,,,,,,,,,149.05,,
83448,25070935010900,2004,48.551683,-121.794217,57,2,,,,21.798,,,,,,,,,,112.429,,,,,,,,
83467,24508102010900,2003,47.723589,-120.588527,7,2,,,22.459,,,,,,,,,,25.151,,,,,,,,,
83481,29882538010497,2009,45.823367,-121.802893,59,2,,,,,,,,,142.857,,,,,,,,,,208.726,,,
83494,40220199010497,2010,46.442807,-123.655072,49,2,,,,,,,,,,195.224,,,,,,,,,,210.233,,
83508,22827140010497,2007,48.19373,-121.045331,61,2,,,,,,,124.121,,,,,,,,,,37.221,,,,,
83509,8635734010901,2006,46.26792,-122.004493,59,2,,,,,,33.99,,,,,,,,,,112.026,,,,,,
83522,40220260010497,2010,46.691616,-122.433074,41,2,,,,,,,,,,37.293,,,,,,,,,,98.932,,
83524,22954722010497,2007,48.493772,-118.402526,19,2,,,,,,,185.693,,,,,,,,,,204.351,,,,,
83544,29883331010497,2009,47.8086,-121.02978,7,2,,,,,,,,,386.259,,,,,,,,,,392.233,,,
83582,48206239010497,2011,47.819922,-120.476516,7,2,,,,,,,,,,,46.454,,,,,,,,,,19.882,
83586,29882748010497,2009,45.843054,-121.728438,59,2,,,,,,,,,111.48,,,,,,,,,,113.832,,,
83591,193209207020004,2007,48.513799,-120.512475,47,2,,,,,,,68.87,,,,,,,,,,65.632,,,,,
83605,22398485010497,2003,46.53558,-121.711242,41,2,,,306.593,,,,,,,,,,356.194,,,,,,,,,
83617,22954633010497,2007,47.890171,-120.470668,7,2,,,,,,,98.642,,,,,,,,,,168.875,,,,,
83619,48206665010497,2011,48.854902,-118.820719,19,2,,,,,,,,,,,3.957,,,,,,,,,,5.645,
83622,13012140010497,2005,48.040245,-117.348188,63,2,,,,,98.395,,,,,,,,,,138.049,,,,,,,
83640,13039723010497,2004,47.059528,-122.045912,53,2,,,,17.139,,,,,,,,,,94.873,,,,,,,,
83644,8624929010901,2006,48.69889,-119.949375,47,2,,,,,,88.907,,,,,,,,,,53.643,,,,,,
83672,29883393010497,2009,46.675413,-121.60703,41,2,,,,,,,,,523.554,,,,,,,,,,600.457,,,
83675,24836801010900,2004,47.737488,-121.468344,33,2,,,,495.287,,,,,,,,,,561.903,,,,,,,,
83689,22398507010497,2003,48.659196,-120.504204,47,2,,,276.344,,,,,,,,,,281.713,,,,,,,,,
83715,22931010010497,2008,46.483068,-121.264402,77,2,,,,,,,,290.935,,,,,,,,,,256.186,,,,
83732,22954541010497,2007,47.306017,-123.57783,27,2,,,,,,,114.133,,,,,,,,,,29.569,,,,,
83737,22398757010497,2004,48.628632,-120.171541,47,2,,,,41.608,,,,,,,,,,49.734,,,,,,,,
83749,40220330010497,2010,46.921075,-121.08834,77,2,,,,,,,,,,237.694,,,,,,,,,,248.319,,
83757,40220602010497,2010,48.042082,-123.989971,9,2,,,,,,,,,,142.05,,,,,,,,,,227.65,,
83758,40220803010497,2010,48.95167,-117.131694,51,2,,,,,,,,,,231.131,,,,,,,,,,272.638,,
83763,48206477010497,2011,47.946082,-123.035123,9,2,,,,,,,,,,,284.407,,,,,,,,,,329.269,
83765,29883023010497,2009,48.10899,-121.530625,61,2,,,,,,,,,128.708,,,,,,,,,,194.911,,,
83780,24524012010900,2003,48.861887,-118.415372,19,2,,,97.233,,,,,,,,,,123.139,,,,,,,,,
83787,40403502010497,2010,47.769126,-120.405939,7,2,,,,,,,,,,2.274,,,,,,,,,,9.052,,
83790,48205268010497,2011,46.979686,-122.12875,53,2,,,,,,,,,,,64.263,,,,,,,,,,159.398,
83795,24198812010900,2002,48.482498,-117.872443,65,2,,161.893,,,,,,,,,,,,,,,,,,,,175.484
83809,22399249010497,2006,48.35521,-121.738785,57,2,,,,,,317.579,,,,,,,,,,334.378,,,,,,
83814,25094063010900,2004,47.345958,-120.499758,7,2,,,,100.501,,,,,,,,,,102.161,,,,,,,,
83832,22954374010497,2007,46.197131,-122.986787,15,2,,,,,,,92.511,,,,,,,,,,209.229,,,,,
83837,48206195010497,2011,48.533866,-120.478256,47,2,,,,,,,,,,,63.919,,,,,,,,,,67.792,
83859,29882963010497,2009,48.898861,-119.336456,47,2,,,,,,,,,83.747,,,,,,,,,,89.571,,,
83865,22399127010497,2006,48.55652,-118.736424,19,2,,,,,,82.472,,,,,,,,,,100.648,,,,,,
83890,29881553010497,2009,48.188012,-117.937351,65,2,,,,,,,,,263.56,,,,,,,,,,227.251,,,
83891,40403552010497,2010,48.532966,-120.560079,47,2,,,,,,,,,,5.645,,,,,,,,,,7.988,,
83894,22954527010497,2007,47.195154,-121.596229,33,2,,,,,,,58.452,,,,,,,,,,110.461,,,,,
83908,8626429010901,2006,48.816453,-119.792996,47,2,,,,,,254.97,,,,,,,,,,232.529,,,,,,
83920,24461361010900,2003,48.698892,-122.314577,73,2,,,438.7,,,,,,,,,,457.745,,,,,,,,,
83934,40403581010497,2010,47.142335,-121.086116,37,2,,,,,,,,,,238.012,,,,,,,,,,226.114,,
83939,22399099010497,2006,47.924713,-120.954896,7,2,,,,,,85.159,,,,,,,,,,99.92,,,,,,
83940,22398488010497,2003,46.725696,-121.495044,41,2,,,320.048,,,,,,,,,,260.1,,,,,,,,,
83943,193209094020004,2007,48.871296,-121.649147,73,2,,,,,,,139.955,,,,,,,,,,111.5,,,,,
83969,40403538010497,2010,48.847529,-117.478174,51,2,,,,,,,,,,14.865,,,,,,,,,,37.229,,
83986,22398848010497,2004,46.116937,-121.507373,77,2,,,,304.52,,,,,,,,,,100.617,,,,,,,,
83999,22399229010497,2006,48.255625,-120.239719,47,2,,,,,,89.328,,,,,,,,,,99.492,,,,,,
84004,22954644010497,2007,47.968945,-123.905814,9,2,,,,,,,1010.719,,,,,,,,,,963.462,,,,,
84017,22398929010497,2005,47.731902,-121.17963,33,2,,,,,433.959,,,,,,,,,,443.903,,,,,,,
84023,24871448010900,2004,48.244467,-118.670542,19,2,,,,61.067,,,,,,,,,,69.752,,,,,,,,
84028,24467526010900,2003,46.699925,-121.145257,77,2,,,136.495,,,,,,,,,,144.812,,,,,,,,,
84031,22954693010497,2007,48.27147,-117.123657,51,2,,,,,,,58.079,,,,,,,,,,80.252,,,,,
84036,48205092010497,2011,48.893926,-120.96862,73,2,,,,,,,,,,,218.338,,,,,,,,,,228.604,
84040,22933223010497,2008,48.058038,-118.499547,19,2,,,,,,,,130.243,,,,,,,,,,137.336,,,,
84045,22827441010497,2007,48.939974,-117.363704,51,2,,,,,,,40.64,,,,,,,,,,37.713,,,,,
84076,29883195010497,2009,47.757184,-120.915876,7,2,,,,,,,,,133.03,,,,,,,,,,184.677,,,
84081,29395645010497,2008,47.637903,-121.28662,33,2,,,,,,,,361.354,,,,,,,,,,399.356,,,,
84087,24519074010900,2003,46.203309,-123.16158,15,2,,,223.718,,,,,,,,,,290.953,,,,,,,,,
84101,22398606010497,2003,48.104662,-121.453114,61,2,,,229.374,,,,,,,,,,167.155,,,,,,,,,
84105,29395682010497,2008,47.045695,-121.197624,77,2,,,,,,,,97.309,,,,,,,,,,126.94,,,,
84106,29394876010497,2008,46.437913,-121.614894,41,2,,,,,,,,309.22,,,,,,,,,,369.366,,,,
84117,8620177010901,2006,47.809596,-118.380684,43,2,,,,,,27.459,,,,,,,,,,30.212,,,,,,
84125,22398517010497,2003,48.698671,-120.202368,47,2,,,151.234,,,,,,,,,,135.031,,,,,,,,,
84145,24540114010900,2003,47.342261,-121.217271,37,2,,,164.451,,,,,,,,,,195.413,,,,,,,,,
84157,12987584010497,2005,48.57665,-122.673003,57,2,,,,,239.335,,,,,,,,,,308.469,,,,,,,
84179,22398918010497,2005,47.400096,-123.651149,27,2,,,,,159.102,,,,,,,,,,218.724,,,,,,,
84184,40220363010497,2010,47.074005,-121.449017,53,2,,,,,,,,,,418.27,,,,,,,,,,457.996,,
84194,22398948010497,2005,46.51396,-121.681875,41,2,,,,,124.748,,,,,,,,,,173.415,,,,,,,
84199,22399007010497,2005,47.058948,-121.881282,53,2,,,,,173.489,,,,,,,,,,263.546,,,,,,,
84218,25073639010900,2004,46.053738,-122.21662,59,2,,,,188.952,,,,,,,,,,169.296,,,,,,,,
84236,8651715010901,2006,47.946083,-120.689081,7,2,,,,,,151.551,,,,,,,,,,157.398,,,,,,
84254,29883512010497,2009,48.711303,-118.194717,19,2,,,,,,,,,161.968,,,,,,,,,,207.542,,,
84263,8608495010901,2006,47.379756,-124.020777,27,2,,,,,,33.909,,,,,,,,,,68.583,,,,,,
84265,22399279010497,2006,45.826381,-121.724037,59,2,,,,,,302.227,,,,,,,,,,389.014,,,,,,
84291,29394873010497,2008,46.400544,-124.02197,49,2,,,,,,,,10.358,,,,,,,,,,14.994,,,,
84300,22398756010497,2004,48.326641,-119.978063,47,2,,,,64.86,,,,,,,,,,68.231,,,,,,,,
84303,22399268010497,2006,46.064363,-121.901451,59,2,,,,,,513.871,,,,,,,,,,557.28,,,,,,
84310,24478997010900,2003,48.384482,-120.379343,47,2,,,105.711,,,,,,,,,,113.247,,,,,,,,,
84324,24494715010900,2003,45.671872,-122.158236,59,2,,,353.624,,,,,,,,,,276.394,,,,,,,,,
84331,29395631010497,2008,46.036091,-117.97566,13,2,,,,,,,,87.697,,,,,,,,,,100.991,,,,
84332,29881552010497,2009,48.204861,-118.49455,19,2,,,,,,,,,126.36,,,,,,,,,,129.847,,,
84337,22933073010497,2008,47.573498,-121.790584,33,2,,,,,,,,231.754,,,,,,,,,,231.77,,,,
84340,24534776010900,2003,47.229473,-121.376637,33,2,,,394.86,,,,,,,,,,415.292,,,,,,,,,
84342,22827562010497,2007,48.565441,-119.068346,47,2,,,,,,,99.185,,,,,,,,,,109.523,,,,,
84344,8623649010901,2006,48.517657,-119.733222,47,2,,,,,,62.031,,,,,,,,,,20.355,,,,,,
84369,24491986010900,2003,47.401667,-122.68363,53,2,,,16.955,,,,,,,,,,50.171,,,,,,,,,
84379,24486093010900,2003,46.708215,-123.406624,49,2,,,42.222,,,,,,,,,,171.732,,,,,,,,,
84390,48206258010497,2011,48.676242,-120.248138,47,2,,,,,,,,,,,233.018,,,,,,,,,,270.767,
84391,22954760010497,2007,48.665492,-122.810686,55,2,,,,,,,596.688,,,,,,,,,,654.101,,,,,
84417,40220270010497,2010,46.67304,-120.879802,77,2,,,,,,,,,,11.217,,,,,,,,,,20.288,,
84421,22398869010497,2005,47.755288,-120.846486,7,2,,,,,399.603,,,,,,,,,,347.039,,,,,,,
84423,22933129010497,2008,47.817765,-124.167241,31,2,,,,,,,,169.911,,,,,,,,,,197.876,,,,
84442,29882767010497,2009,47.077899,-120.811578,37,2,,,,,,,,,66.155,,,,,,,,,,64.052,,,
84447,22398730010497,2004,46.640712,-122.391504,41,2,,,,337.731,,,,,,,,,,391.71,,,,,,,,
84448,29395578010497,2008,45.970916,-121.868477,59,2,,,,,,,,120.073,,,,,,,,,,151.292,,,,
84451,40220736010497,2010,48.604106,-118.693173,19,2,,,,,,,,,,98.752,,,,,,,,,,93.309,,
84454,22398733010497,2004,47.50108,-123.464163,45,2,,,,178.26,,,,,,,,,,197.07,,,,,,,,
84493,22398288010497,2002,48.588642,-119.776426,47,2,,125.612,,,,,,,,,,157.324,,,,,,,,,,
84510,22399158010497,2006,47.743746,-121.49959,33,2,,,,,,122.557,,,,,,,,,,101.832,,,,,,
84529,29881468010497,2009,48.207764,-124.481644,9,2,,,,,,,,,133.12,,,,,,,,,,274.62,,,
84561,22398728010497,2004,46.660772,-121.747395,41,2,,,,179.959,,,,,,,,,,186.02,,,,,,,,
84568,22933234010497,2008,48.183639,-120.1645,47,2,,,,,,,,55.661,,,,,,,,,,73.488,,,,
84573,29883333010497,2009,46.996224,-121.163339,77,2,,,,,,,,,126.597,,,,,,,,,,127.777,,,
84580,24130742010900,2002,46.172115,-117.794689,13,2,,293.603,,,,,,,,,,,,,,,,,,,,0.122
84584,22398657010497,2004,47.86816,-120.440943,7,2,,,,109.802,,,,,,,,,,107.227,,,,,,,,
84589,29882954010497,2009,48.364331,-117.785725,65,2,,,,,,,,,299.682,,,,,,,,,,314.115,,,
84614,22933019010497,2008,47.35611,-120.712603,37,2,,,,,,,,129.596,,,,,,,,,,141.68,,,,
84634,40220336010497,2010,46.987616,-123.032381,67,2,,,,,,,,,,258.96,,,,,,,,,,152.699,,
84649,13023641010497,2005,48.485112,-119.391048,47,2,,,,,13.026,,,,,,,,,,15.429,,,,,,,
84654,29883377010497,2009,47.864073,-118.429083,19,2,,,,,,,,,5.883,,,,,,,,,,6.351,,,
84662,30763799020004,2012,48.054145,-121.566621,61,2,,,,,,,,,,,,14.889,,,,,,,,,,5.427
84669,22398773010497,2004,48.88257,-117.142043,51,2,,,,189.446,,,,,,,,,,216.687,,,,,,,,
84676,24880976010900,2004,47.543349,-124.122114,31,2,,,,478.84,,,,,,,,,,476.301,,,,,,,,
84680,22933261010497,2008,48.359214,-121.771536,57,2,,,,,,,,271.748,,,,,,,,,,215.994,,,,
84691,8605352010901,2006,48.738957,-118.305997,19,2,,,,,,234.252,,,,,,,,,,254.433,,,,,,
84703,29395532010497,2008,47.018696,-121.054539,37,2,,,,,,,,119.461,,,,,,,,,,125.463,,,,
84705,22399216010497,2006,48.410871,-120.403182,47,2,,,,,,81.548,,,,,,,,,,87.987,,,,,,
84724,22398810010497,2004,46.369383,-121.826997,59,2,,,,351.372,,,,,,,,,,408.104,,,,,,,,
84734,48206476010497,2011,47.946037,-123.108402,9,2,,,,,,,,,,,459.34,,,,,,,,,,493.525,
84754,22932997010497,2008,47.263431,-121.218307,37,2,,,,,,,,146.579,,,,,,,,,,176.487,,,,
84774,8604185010901,2006,48.454231,-118.447873,19,2,,,,,,204.941,,,,,,,,,,310.853,,,,,,
84782,12963634010497,2005,46.108047,-117.171488,3,2,,,,,4.144,,,,,,,,,,15.166,,,,,,,
84786,22931138010497,2008,48.507092,-121.813892,57,2,,,,,,,,41.849,,,,,,,,,,48.227,,,,
84797,22827615010497,2007,47.878925,-120.83822,7,2,,,,,,,24.636,,,,,,,,,,23.71,,,,,
84803,22398762010497,2004,48.288014,-117.130351,51,2,,,,317.56,,,,,,,,,,307.35,,,,,,,,
84805,22398963010497,2005,48.646895,-120.067949,47,2,,,,,104.181,,,,,,,,,,7.332,,,,,,,
84807,29883130010497,2009,47.667514,-123.241996,31,2,,,,,,,,,491.454,,,,,,,,,,534.687,,,
84838,22398856010497,2004,46.646844,-121.074372,77,2,,,,84.073,,,,,,,,,,107.642,,,,,,,,
84842,40403435010497,2010,48.54228,-119.031947,47,2,,,,,,,,,,89.552,,,,,,,,,,52.292,,
84844,29883281010497,2009,47.683609,-120.61992,7,2,,,,,,,,,111.782,,,,,,,,,,126.279,,,
84846,22954480010497,2007,47.471017,-121.99841,33,2,,,,,,,288.274,,,,,,,,,,380.938,,,,,
84865,40220627010497,2010,47.990785,-117.355245,63,2,,,,,,,,,,15.216,,,,,,,,,,12.802,,
84867,22933163010497,2008,47.968822,-122.788127,31,2,,,,,,,,92.502,,,,,,,,,,149.185,,,,
84880,22954462010497,2007,46.862981,-123.12673,67,2,,,,,,,220.314,,,,,,,,,,313.681,,,,,
84885,22954715010497,2007,48.492358,-119.313148,47,2,,,,,,,102.508,,,,,,,,,,36.52,,,,,
84886,22399204010497,2006,48.581336,-120.470312,47,2,,,,,,332.661,,,,,,,,,,317.031,,,,,,
84906,40220857010497,2010,46.461788,-121.71583,41,2,,,,,,,,,,328.744,,,,,,,,,,342.267,,
84912,48206265010497,2011,48.876029,-121.879066,73,2,,,,,,,,,,,182.693,,,,,,,,,,285.018,
84946,29881883010497,2009,48.478717,-118.733517,19,2,,,,,,,,,54.79,,,,,,,,,,31.386,,,
84961,22954396010497,2007,46.356146,-121.285974,77,2,,,,,,,6.995,,,,,,,,,,45.378,,,,,
84988,24532022010900,2003,47.720819,-124.179153,31,2,,,2.97,,,,,,,,,,25.748,,,,,,,,,
85029,22398512010497,2003,48.5505,-119.211424,47,2,,,61.64,,,,,,,,,,91.471,,,,,,,,,
85048,22398702010497,2004,47.692068,-121.356735,33,2,,,,519.368,,,,,,,,,,456.866,,,,,,,,
85061,22399054010497,2005,48.184345,-121.383463,61,2,,,,,958.931,,,,,,,,,,972.59,,,,,,,
85065,40220877010497,2010,48.802884,-121.955221,73,2,,,,,,,,,,369.122,,,,,,,,,,352.9,,
85068,22398966010497,2005,48.919914,-119.307891,47,2,,,,,34.235,,,,,,,,,,54.436,,,,,,,
85079,12982397010497,2005,48.675659,-118.160104,19,2,,,,,49.746,,,,,,,,,,62.399,,,,,,,
85084,29394872010497,2008,46.386496,-122.110701,41,2,,,,,,,,427.862,,,,,,,,,,516.138,,,,
85089,22398647010497,2004,47.924669,-120.698442,7,2,,,,239.525,,,,,,,,,,272.284,,,,,,,,
85102,40220610010497,2010,47.954445,-118.084801,65,2,,,,,,,,,,90.066,,,,,,,,,,119.116,,
85117,29395651010497,2008,46.169213,-122.006185,59,2,,,,,,,,47.143,,,,,,,,,,112.502,,,,
85119,22399111010497,2006,48.091209,-124.10203,9,2,,,,,,221.783,,,,,,,,,,264.954,,,,,,
85127,22930933010497,2008,46.174941,-122.943664,15,2,,,,,,,,25.349,,,,,,,,,,60.625,,,,
85133,8643642010901,2006,48.656684,-121.921355,73,2,,,,,,124.53,,,,,,,,,,86.232,,,,,,
85140,22399259010497,2006,48.525676,-121.474431,57,2,,,,,,236.85,,,,,,,,,,332.6,,,,,,
85148,24489008010900,2003,48.880927,-117.17377,51,2,,,135.107,,,,,,,,,,128.363,,,,,,,,,
85160,13198150010497,2004,48.666261,-117.147005,51,2,,,,206.718,,,,,,,,,,236.65,,,,,,,,
85174,48204978010497,2011,46.896067,-121.059993,77,2,,,,,,,,,,,120.212,,,,,,,,,,90.943,
85177,22827659010497,2007,48.485277,-117.220529,51,2,,,,,,,187.637,,,,,,,,,,222.557,,,,,
85204,22933213010497,2008,48.120507,-120.626973,7,2,,,,,,,,23.586,,,,,,,,,,13.041,,,,
85205,40220705010497,2010,48.550384,-121.944174,57,2,,,,,,,,,,450.002,,,,,,,,,,536.512,,
85218,29395553010497,2008,47.685985,-121.21213,33,2,,,,,,,,36.43,,,,,,,,,,99.944,,,,
85233,40220869010497,2010,46.340208,-121.860879,59,2,,,,,,,,,,176.787,,,,,,,,,,222.499,,
85238,24192561010900,2002,47.940357,-121.386597,61,2,,291.159,,,,,,,,,,345.075,,,,,,,,,,
85270,22954706010497,2007,48.395055,-118.215629,19,2,,,,,,,311.683,,,,,,,,,,327.7,,,,,
85271,24542155010900,2003,45.871973,-120.539851,39,2,,,31.506,,,,,,,,,,37.307,,,,,,,,,
85296,48204377010497,2011,48.759835,-117.065832,51,2,,,,,,,,,,,159.973,,,,,,,,,,182.484,
85310,40220733010497,2010,48.702506,-121.771466,73,2,,,,,,,,,,210.218,,,,,,,,,,179.833,,
85314,29395665010497,2008,47.005083,-121.817069,53,2,,,,,,,,396.021,,,,,,,,,,363.763,,,,
85318,22399047010497,2005,45.851769,-122.088439,59,2,,,,,493.329,,,,,,,,,,487.016,,,,,,,
85320,22398805010497,2004,45.875054,-122.118247,59,2,,,,117.655,,,,,,,,,,157.838,,,,,,,,
85331,22399183010497,2006,46.587629,-121.717265,41,2,,,,,,213.376,,,,,,,,,,310.946,,,,,,
85342,25071141010900,2004,48.590404,-120.879496,57,2,,,,14.548,,,,,,,,,,31.828,,,,,,,,
85343,8603672010901,2006,48.297313,-118.410788,19,2,,,,,,41.896,,,,,,,,,,77.4,,,,,,
85360,40220898010497,2010,47.859865,-121.315897,61,2,,,,,,,,,,393.128,,,,,,,,,,384.659,,
85373,40220448010497,2010,47.423412,-121.714738,33,2,,,,,,,,,,34.799,,,,,,,,,,77.228,,
85418,48204425010497,2011,48.912327,-119.964674,47,2,,,,,,,,,,,0.708,,,,,,,,,,1.132,
85419,22399184010497,2006,46.733238,-121.914502,41,2,,,,,,147.211,,,,,,,,,,151.238,,,,,,
85423,13013656010497,2005,48.196061,-118.087864,65,2,,,,,107.241,,,,,,,,,,125.727,,,,,,,
85424,8602576010901,2006,46.348749,-122.493697,15,2,,,,,,231.483,,,,,,,,,,292.08,,,,,,
85431,29395627010497,2008,46.273508,-122.322726,15,2,,,,,,,,2.547,,,,,,,,,,24.868,,,,
85436,29882621010497,2009,46.045828,-121.835437,59,2,,,,,,,,,82.822,,,,,,,,,,141.523,,,
85450,193209059020004,2007,48.877781,-121.800455,73,2,,,,,,,23.469,,,,,,,,,,51.06,,,,,
85455,12985394010497,2005,46.882186,-123.382158,27,2,,,,,379.813,,,,,,,,,,376.724,,,,,,,
85459,29882751010497,2009,47.135692,-120.945265,37,2,,,,,,,,,177.988,,,,,,,,,,138.498,,,
85462,48206724010497,2011,48.060785,-120.244404,7,2,,,,,,,,,,,60.783,,,,,,,,,,76.791,
85466,24858057010900,2004,46.396845,-123.661518,49,2,,,,169.435,,,,,,,,,,268.043,,,,,,,,
85469,24537809010900,2003,47.708136,-122.737714,35,2,,,176.123,,,,,,,,,,222.142,,,,,,,,,
85481,22399002010497,2005,48.830414,-117.175571,51,2,,,,,123.784,,,,,,,,,,162.969,,,,,,,
85484,48204224010497,2011,47.373965,-121.154883,37,2,,,,,,,,,,,1.999,,,,,,,,,,19.03,
85504,8615050010901,2006,47.303373,-120.569065,37,2,,,,,,111.908,,,,,,,,,,36.614,,,,,,
85505,13062498010497,2005,46.682675,-121.925649,41,2,,,,,292.762,,,,,,,,,,329.517,,,,,,,
85508,40403574010497,2010,47.994429,-120.578031,7,2,,,,,,,,,,197.411,,,,,,,,,,130.941,,
85540,48204657010497,2011,48.39561,-120.964506,7,2,,,,,,,,,,,6.384,,,,,,,,,,10.939,
85560,8635058010901,2006,46.073529,-121.796188,59,2,,,,,,387.452,,,,,,,,,,440.305,,,,,,
85566,48205851010497,2011,46.007844,-122.276438,11,2,,,,,,,,,,,190.929,,,,,,,,,,215.151,
85579,29883332010497,2009,48.62313,-121.399669,57,2,,,,,,,,,279.599,,,,,,,,,,305.034,,,
85600,25084852010900,2004,46.786017,-123.027645,67,2,,,,119.86,,,,,,,,,,184.619,,,,,,,,
85601,22827685010497,2007,48.906169,-118.14573,65,2,,,,,,,224.204,,,,,,,,,,261.762,,,,,
85624,22930949010497,2008,46.250253,-122.249749,15,2,,,,,,,,14.368,,,,,,,,,,33.298,,,,
85628,40220873010497,2010,47.523732,-123.943412,31,2,,,,,,,,,,572.561,,,,,,,,,,579.516,,
85632,48203391010497,2011,48.796811,-121.592372,73,2,,,,,,,,,,,43.073,,,,,,,,,,65.416,
85641,22954801010497,2007,48.923089,-120.129119,47,2,,,,,,,107.005,,,,,,,,,,131.4,,,,,
85649,29395559010497,2008,47.027029,-121.630321,53,2,,,,,,,,21.859,,,,,,,,,,82.149,,,,
85683,24522856010900,2003,48.657623,-118.241637,19,2,,,114.506,,,,,,,,,,174.009,,,,,,,,,
85694,22954522010497,2007,47.179811,-122.871876,45,2,,,,,,,693.049,,,,,,,,,,718.963,,,,,
85696,22933294010497,2008,48.802711,-117.153879,51,2,,,,,,,,15.611,,,,,,,,,,42.633,,,,
85715,29882717010497,2009,47.003828,-121.847599,53,2,,,,,,,,,351.198,,,,,,,,,,397.98,,,
85732,40220696010497,2010,48.47155,-120.83925,7,2,,,,,,,,,,108.884,,,,,,,,,,149.704,,
85733,13194226010497,2004,47.762209,-123.45456,31,2,,,,137.258,,,,,,,,,,149.112,,,,,,,,
85739,48206350010497,2011,47.025217,-121.486345,53,2,,,,,,,,,,,6.36,,,,,,,,,,15.435,
85758,29882891010497,2009,48.058154,-121.45526,61,2,,,,,,,,,107.639,,,,,,,,,,118.924,,,
85811,48205865010497,2011,48.7282,-120.667143,47,2,,,,,,,,,,,15.477,,,,,,,,,,20.083,
85812,22398584010497,2003,45.92124,-121.901353,59,2,,,421.02,,,,,,,,,,462.502,,,,,,,,,
85843,24536111010900,2003,47.620681,-121.646824,33,2,,,82.409,,,,,,,,,,111.114,,,,,,,,,
85844,30852559020004,2012,47.319165,-121.152702,37,2,,,,,,,,,,,,255.856,,,,,,,,,,205.289
85845,22954721010497,2007,48.48599,-118.960389,47,2,,,,,,,22.12,,,,,,,,,,52.118,,,,,
85881,22399081010497,2005,46.896877,-121.452298,77,2,,,,,224.163,,,,,,,,,,215.264,,,,,,,
85884,48206156010497,2011,48.702157,-121.734193,73,2,,,,,,,,,,,228.904,,,,,,,,,,317.085,
85901,22399144010497,2006,47.426022,-123.718111,27,2,,,,,,238.922,,,,,,,,,,331.31,,,,,,
85927,22954586010497,2007,48.230615,-121.809022,61,2,,,,,,,325.992,,,,,,,,,,344.686,,,,,
85947,22398985010497,2005,48.696251,-120.131678,47,2,,,,,42.782,,,,,,,,,,60.005,,,,,,,
85951,48206365010497,2011,47.756828,-121.027177,7,2,,,,,,,,,,,174.144,,,,,,,,,,193.692,
85970,22954547010497,2007,47.330033,-123.238965,45,2,,,,,,,180.971,,,,,,,,,,239.565,,,,,
85988,22954502010497,2007,47.636077,-122.041732,33,2,,,,,,,417.583,,,,,,,,,,499.638,,,,,
85989,22398648010497,2004,47.601755,-120.880914,7,2,,,,29.818,,,,,,,,,,9.479,,,,,,,,
85990,12990744010497,2005,48.995131,-121.686571,73,2,,,,,485.081,,,,,,,,,,524.493,,,,,,,
86009,29395674010497,2008,48.940372,-118.477194,19,2,,,,,,,,114.14,,,,,,,,,,104.251,,,,
86037,22931113010497,2008,46.905561,-121.528098,53,2,,,,,,,,174.955,,,,,,,,,,216.354,,,,
86040,29394998010497,2008,47.030976,-121.888447,53,2,,,,,,,,408.831,,,,,,,,,,443.083,,,,
86046,22398826010497,2004,48.105701,-121.384839,61,2,,,,237.761,,,,,,,,,,228.771,,,,,,,,
86070,22954373010497,2007,46.191095,-121.616771,59,2,,,,,,,440.716,,,,,,,,,,462.218,,,,,
86100,24837037010900,2004,47.739021,-121.16831,33,2,,,,198.146,,,,,,,,,,184.202,,,,,,,,
86108,22932923010497,2008,46.984663,-123.086609,67,2,,,,,,,,81.961,,,,,,,,,,166.417,,,,
86116,40403476010497,2010,48.339394,-117.16402,51,2,,,,,,,,,,116.582,,,,,,,,,,144.634,,
86119,22933310010497,2008,48.955534,-117.206982,51,2,,,,,,,,117.963,,,,,,,,,,157.989,,,,
86124,29881467010497,2009,48.212664,-124.635429,9,2,,,,,,,,,188.933,,,,,,,,,,302.332,,,
86131,40220546010497,2010,47.820569,-120.558839,7,2,,,,,,,,,,50.154,,,,,,,,,,60.314,,
86133,8608929010901,2006,47.428385,-124.172018,27,2,,,,,,18.857,,,,,,,,,,33.923,,,,,,
86135,22398549010497,2003,48.773754,-117.478289,51,2,,,81.993,,,,,,,,,,113.922,,,,,,,,,
86139,40220838010497,2010,45.897037,-121.869979,59,2,,,,,,,,,,325.449,,,,,,,,,,351.865,,
86164,24501251010900,2003,48.053908,-121.200576,61,2,,,18.074,,,,,,,,,,25.279,,,,,,,,,
86208,48202890010497,2011,46.874246,-121.23949,77,2,,,,,,,,,,,62.107,,,,,,,,,,58.54,
86210,40403562010497,2010,48.932907,-118.291001,19,2,,,,,,,,,,180.053,,,,,,,,,,200.24,,
86219,29882947010497,2009,48.497345,-118.519766,19,2,,,,,,,,,222.707,,,,,,,,,,193.63,,,
86230,48206062010497,2011,48.903724,-118.181703,65,2,,,,,,,,,,,162.441,,,,,,,,,,203.536,
86238,40220824010497,2010,48.086191,-121.675913,61,2,,,,,,,,,,355.375,,,,,,,,,,352.086,,
86265,29882530010497,2009,45.72959,-121.283034,39,2,,,,,,,,,60.599,,,,,,,,,,66.336,,,
86266,22398484010497,2003,46.610786,-121.568829,41,2,,,202.1,,,,,,,,,,150.396,,,,,,,,,
86289,29883301010497,2009,46.529104,-121.250392,77,2,,,,,,,,,159.826,,,,,,,,,,174.925,,,
86299,22932895010497,2008,45.827379,-121.501288,39,2,,,,,,,,105.866,,,,,,,,,,146.061,,,,
86314,12986274010497,2005,47.126692,-124.169515,27,2,,,,,452.976,,,,,,,,,,579.019,,,,,,,
86316,24518845010900,2003,46.15048,-122.255392,15,2,,,336.044,,,,,,,,,,365.676,,,,,,,,,
86336,22399001010497,2005,48.306619,-117.092227,51,2,,,,,31.361,,,,,,,,,,32.588,,,,,,,
86346,8603298010901,2006,48.115518,-118.793736,19,2,,,,,,49.202,,,,,,,,,,63.243,,,,,,
86348,24190837010900,2002,46.239567,-121.971594,59,2,,241.712,,,,,,,,,,251.538,,,,,,,,,,
86349,22398455010497,2003,47.373768,-123.72232,27,2,,,398.914,,,,,,,,,,317.196,,,,,,,,,
86367,22931152010497,2008,48.61315,-123.10515,55,2,,,,,,,,187.804,,,,,,,,,,108.146,,,,
86381,29395512010497,2008,47.86746,-120.401032,7,2,,,,,,,,9.007,,,,,,,,,,13.281,,,,
86401,29395552010497,2008,48.020583,-120.650196,7,2,,,,,,,,129.51,,,,,,,,,,7.32,,,,
86437,48202479010497,2011,47.021483,-120.884815,37,2,,,,,,,,,,,20.286,,,,,,,,,,22.432,
86445,22827750010497,2007,48.87414,-118.705006,19,2,,,,,,,76.847,,,,,,,,,,125.567,,,,,
86454,30852417020004,2012,46.094959,-121.579047,59,2,,,,,,,,,,,,310.399,,,,,,,,,,291.167
86477,12965155010497,2005,47.566362,-120.656821,7,2,,,,,9.497,,,,,,,,,,18.716,,,,,,,
86497,22399284010497,2006,48.085727,-121.277139,61,2,,,,,,654.71,,,,,,,,,,503.415,,,,,,
86498,22827593010497,2007,48.60113,-120.506633,47,2,,,,,,,104.911,,,,,,,,,,90.962,,,,,
86529,12996220010497,2005,46.873222,-121.097298,77,2,,,,,140.314,,,,,,,,,,164.429,,,,,,,
86539,22398745010497,2004,48.622448,-120.096623,47,2,,,,57.947,,,,,,,,,,63.111,,,,,,,,
86551,22399075010497,2005,48.715477,-120.884037,73,2,,,,,146.274,,,,,,,,,,160.77,,,,,,,
86565,22399286010497,2006,48.079423,-121.493181,61,2,,,,,,10.307,,,,,,,,,,14.166,,,,,,
86576,22954765010497,2007,48.710975,-123.033418,55,2,,,,,,,289.993,,,,,,,,,,398.818,,,,,
86584,29882726010497,2009,47.031506,-121.526967,53,2,,,,,,,,,499.77,,,,,,,,,,538.86,,,
86588,24175613010900,2002,46.440136,-123.376789,49,2,,330.238,,,,,,,,,,,,,,,,,,,,39.141
86606,29395613010497,2008,47.334427,-123.433859,45,2,,,,,,,,235.106,,,,,,,,,,338.402,,,,
86621,24848587010900,2004,46.735926,-121.643876,41,2,,,,335.88,,,,,,,,,,353.485,,,,,,,,
86632,30852509020004,2012,48.026513,-120.063324,47,2,,,,,,,,,,,,19.137,,,,,,,,,,8.72
86639,22933105010497,2008,47.714516,-124.033101,31,2,,,,,,,,134.55,,,,,,,,,,202.614,,,,
86658,48206256010497,2011,48.158157,-121.526894,61,2,,,,,,,,,,,523.282,,,,,,,,,,488.288,
86664,22398498010497,2003,47.604713,-123.210439,45,2,,,168.847,,,,,,,,,,132.206,,,,,,,,,
86682,29881646010497,2009,48.862409,-117.288925,51,2,,,,,,,,,98.306,,,,,,,,,,142.29,,,
86697,48203712010497,2011,46.512752,-123.26344,41,2,,,,,,,,,,,9.965,,,,,,,,,,73.877,
86751,40220868010497,2010,47.477821,-123.361607,45,2,,,,,,,,,,85.48,,,,,,,,,,114.654,,
86752,22827675010497,2007,48.665443,-119.870815,47,2,,,,,,,113.052,,,,,,,,,,136.297,,,,,
86798,22398739010497,2004,48.207104,-120.304923,47,2,,,,65.036,,,,,,,,,,85.246,,,,,,,,
86799,22399278010497,2006,45.823335,-122.195992,59,2,,,,,,295.711,,,,,,,,,,327.632,,,,,,
86818,48206576010497,2011,48.432212,-120.335337,47,2,,,,,,,,,,,64.978,,,,,,,,,,54.041,
86826,22399005010497,2005,46.810253,-121.965717,53,2,,,,,25.715,,,,,,,,,,98.498,,,,,,,
86829,24494145010900,2003,48.523984,-121.295371,57,2,,,162.783,,,,,,,,,,143.232,,,,,,,,,
86845,22933251010497,2008,48.165485,-117.620202,65,2,,,,,,,,25.409,,,,,,,,,,74.635,,,,
86862,29395696010497,2008,47.452086,-123.615485,27,2,,,,,,,,269.226,,,,,,,,,,290.884,,,,
86865,24480041010900,2003,48.463672,-119.291659,47,2,,,84.148,,,,,,,,,,105.484,,,,,,,,,
86868,22398946010497,2005,46.508312,-121.784829,41,2,,,,,406.504,,,,,,,,,,476.193,,,,,,,
86921,24848054010900,2004,46.707605,-121.959026,41,2,,,,522.84,,,,,,,,,,460.407,,,,,,,,
86923,22399196010497,2006,48.51068,-118.923575,47,2,,,,,,59.861,,,,,,,,,,52.796,,,,,,
86934,40220866010497,2010,45.944467,-121.692535,59,2,,,,,,,,,,161.291,,,,,,,,,,176.552,,
86935,29395699010497,2008,47.428054,-123.506382,27,2,,,,,,,,548.32,,,,,,,,,,601.66,,,,
86951,29395574010497,2008,47.333275,-120.7533,37,2,,,,,,,,428.105,,,,,,,,,,350.638,,,,
86952,29882962010497,2009,48.187261,-120.269533,47,2,,,,,,,,,75.452,,,,,,,,,,85.342,,,
86972,48206614010497,2011,48.647387,-118.540666,19,2,,,,,,,,,,,113.043,,,,,,,,,,109.753,
86974,24847251010900,2004,46.642843,-122.640271,41,2,,,,48.509,,,,,,,,,,114.934,,,,,,,,
86979,22827553010497,2007,47.438968,-121.431462,33,2,,,,,,,44.678,,,,,,,,,,29.65,,,,,
86981,22398751010497,2004,48.566877,-118.885727,47,2,,,,129.269,,,,,,,,,,131.5,,,,,,,,
86998,29883499010497,2009,48.686661,-118.910456,47,2,,,,,,,,,49.64,,,,,,,,,,26.609,,,
87010,25081874010900,2004,48.23901,-117.95159,65,2,,,,176.062,,,,,,,,,,207.337,,,,,,,,
87024,22399234010497,2006,48.996631,-117.428372,51,2,,,,,,111.982,,,,,,,,,,166.713,,,,,,
87032,22930944010497,2008,46.220293,-122.073077,59,2,,,,,,,,72.103,,,,,,,,,,115.343,,,,
87039,40220608010497,2010,47.960696,-118.582287,19,2,,,,,,,,,,51.343,,,,,,,,,,45.282,,
87042,48203623010497,2011,45.846823,-121.904238,59,2,,,,,,,,,,,319.886,,,,,,,,,,393.543,
87060,24884596010900,2004,47.820038,-122.718582,31,2,,,,30.563,,,,,,,,,,126.982,,,,,,,,
87072,24830924010900,2004,46.327232,-121.36032,77,2,,,,291.864,,,,,,,,,,290.387,,,,,,,,
87076,29882757010497,2009,47.070344,-121.169344,37,2,,,,,,,,,208.871,,,,,,,,,,225.226,,,
87096,24535344010900,2003,47.322041,-121.804118,33,2,,,15.854,,,,,,,,,,104.674,,,,,,,,,
87098,25071376010900,2004,48.603513,-121.069843,57,2,,,,394.557,,,,,,,,,,394.961,,,,,,,,
87103,24456628010900,2003,48.377187,-117.82316,65,2,,,121.788,,,,,,,,,,103.479,,,,,,,,,
87112,24510325010900,2003,48.051144,-120.6885,7,2,,,319.691,,,,,,,,,,271.972,,,,,,,,,
87114,22399090010497,2006,47.351865,-120.462693,7,2,,,,,,114.613,,,,,,,,,,120.716,,,,,,
87119,22398214010497,2002,48.635465,-118.202526,19,2,,104.828,,,,,,,,,,169.238,,,,,,,,,,
87146,22399056010497,2005,47.782673,-121.280234,61,2,,,,,148.293,,,,,,,,,,215.725,,,,,,,
87157,40220744010497,2010,48.746469,-121.618579,73,2,,,,,,,,,,392.341,,,,,,,,,,516.784,,
87163,22398971010497,2005,48.648183,-120.436602,47,2,,,,,182.795,,,,,,,,,,170.626,,,,,,,
87172,24207238010900,2002,46.136898,-120.858397,77,2,,64.319,,,,,,,,,,,,,,,,,,,,119.493
87230,22954468010497,2007,46.908292,-122.464606,53,2,,,,,,,97.785,,,,,,,,,,18.866,,,,,
87234,8653675010901,2006,48.009639,-123.987794,9,2,,,,,,560.232,,,,,,,,,,617.006,,,,,,
87244,24870572010900,2004,46.360916,-122.244191,15,2,,,,59.626,,,,,,,,,,165.599,,,,,,,,
87273,25065322010900,2004,48.678474,-117.465796,51,2,,,,96.631,,,,,,,,,,147.535,,,,,,,,
87278,22398777010497,2004,48.625145,-121.54761,57,2,,,,426.27,,,,,,,,,,431.518,,,,,,,,
87279,40220746010497,2010,48.719227,-119.799677,47,2,,,,,,,,,,138.49,,,,,,,,,,162.86,,
87286,40403371010497,2010,48.070502,-120.684652,7,2,,,,,,,,,,1.273,,,,,,,,,,2.819,,
87313,22827640010497,2007,47.872073,-120.686745,7,2,,,,,,,106.785,,,,,,,,,,128.809,,,,,
87316,22398706010497,2004,46.989574,-121.022895,37,2,,,,103.757,,,,,,,,,,105.126,,,,,,,,
87323,22398939010497,2005,47.357633,-120.974313,37,2,,,,,28.221,,,,,,,,,,18.993,,,,,,,
87325,29883135010497,2009,46.142353,-122.287408,15,2,,,,,,,,,237.511,,,,,,,,,,188.218,,,
87329,29395577010497,2008,46.943069,-120.949429,37,2,,,,,,,,130.53,,,,,,,,,,161.302,,,,
87349,22398306010497,2002,48.753974,-117.530528,51,2,,166.098,,,,,,,,,,232.571,,,,,,,,,,
87352,29881979010497,2009,48.249356,-119.946236,47,2,,,,,,,,,132.997,,,,,,,,,,130.764,,,
87394,22398855010497,2004,46.554148,-121.219659,77,2,,,,127.516,,,,,,,,,,128.371,,,,,,,,
87397,24521318010900,2003,48.357427,-118.706604,19,2,,,29.338,,,,,,,,,,36.53,,,,,,,,,
87405,29883219010497,2009,48.681807,-121.886871,73,2,,,,,,,,,307.272,,,,,,,,,,339.544,,,
87422,22930968010497,2008,46.289174,-121.096432,77,2,,,,,,,,58.394,,,,,,,,,,83.966,,,,
87423,24189910010900,2002,46.098671,-122.089492,59,2,,225.242,,,,,,,,,,,,,,,,,,,,32.931
87438,40220749010497,2010,48.799657,-122.543055,73,2,,,,,,,,,,106.528,,,,,,,,,,88.464,,
87450,22954790010497,2007,48.830573,-120.655429,47,2,,,,,,,35.431,,,,,,,,,,38.734,,,,,
87469,48206193010497,2011,47.970535,-123.218424,9,2,,,,,,,,,,,242.618,,,,,,,,,,289.512,
87475,24543240010900,2003,46.436839,-123.009758,41,2,,,421.435,,,,,,,,,,491.935,,,,,,,,,
87479,24138842010900,2002,46.220315,-117.651991,13,2,,67.222,,,,,,,,,,,,,,,,,,,,100.747
87489,29883335010497,2009,46.144844,-121.655262,59,2,,,,,,,,,303.508,,,,,,,,,,326.877,,,
87500,22954782010497,2007,48.829673,-121.022469,73,2,,,,,,,59.735,,,,,,,,,,117.74,,,,,
87508,22398898010497,2005,46.166325,-122.325664,15,2,,,,,113.975,,,,,,,,,,175.42,,,,,,,
87514,29883148010497,2009,48.619399,-119.956106,47,2,,,,,,,,,18.58,,,,,,,,,,26.473,,,
87528,29882885010497,2009,48.715674,-120.696919,73,2,,,,,,,,,128.759,,,,,,,,,,141.243,,,
87542,29395684010497,2008,48.992287,-117.948622,65,2,,,,,,,,42.721,,,,,,,,,,29.025,,,,
87546,22954592010497,2007,48.245627,-120.754802,7,2,,,,,,,133.622,,,,,,,,,,83.94,,,,,
87560,12977190010497,2005,46.141589,-122.527502,15,2,,,,,178.995,,,,,,,,,,273.593,,,,,,,
87562,24865433010900,2004,48.06746,-123.697842,9,2,,,,578.855,,,,,,,,,,600.064,,,,,,,,
87573,22398461010497,2003,47.575277,-124.018251,31,2,,,193.81,,,,,,,,,,274.623,,,,,,,,,
87579,8650980010901,2006,47.802716,-120.850509,7,2,,,,,,70.231,,,,,,,,,,78.826,,,,,,
87594,8629785010901,2006,48.971266,-117.41754,51,2,,,,,,262.529,,,,,,,,,,303.086,,,,,,
87596,22399135010497,2006,48.9859,-118.468582,19,2,,,,,,229.837,,,,,,,,,,265.137,,,,,,
87598,24477672010900,2003,48.104372,-120.13477,47,2,,,105.49,,,,,,,,,,15.759,,,,,,,,,
87605,193209118020004,2007,48.9702,-118.099925,65,2,,,,,,,135.757,,,,,,,,,,154.062,,,,,
87612,29883191010497,2009,47.724388,-124.326118,31,2,,,,,,,,,113.229,,,,,,,,,,192.282,,,
87638,40403399010497,2010,48.715168,-118.385822,19,2,,,,,,,,,,136.952,,,,,,,,,,107.942,,
87642,8627839010901,2006,46.788053,-123.378085,49,2,,,,,,144.033,,,,,,,,,,181.677,,,,,,
87649,24851240010900,2004,47.991754,-120.104969,7,2,,,,7.602,,,,,,,,,,23.053,,,,,,,,
87672,22933004010497,2008,47.28723,-120.873127,37,2,,,,,,,,22.662,,,,,,,,,,51.409,,,,
87676,24500882010900,2003,47.98363,-121.884549,61,2,,,84.717,,,,,,,,,,155.357,,,,,,,,,
87684,29883428010497,2009,48.091834,-120.610203,7,2,,,,,,,,,17.88,,,,,,,,,,15.505,,,
87696,30764097020004,2012,48.83069,-119.91792,47,2,,,,,,,,,,,,97.432,,,,,,,,,,82.758
87697,29882903010497,2009,45.871895,-121.699988,59,2,,,,,,,,,280.886,,,,,,,,,,285.855,,,
87709,22827586010497,2007,48.616554,-118.982449,47,2,,,,,,,15.325,,,,,,,,,,47.423,,,,,
87719,22827507010497,2007,48.449758,-117.40592,51,2,,,,,,,21.185,,,,,,,,,,58.744,,,,,
87733,29882610010497,2009,45.935663,-120.946115,39,2,,,,,,,,,25.737,,,,,,,,,,51.824,,,
87739,22399228010497,2006,48.687681,-119.061484,47,2,,,,,,64.63,,,,,,,,,,100.189,,,,,,
87752,22399035010497,2005,46.115333,-121.648133,59,2,,,,,151.544,,,,,,,,,,166.077,,,,,,,
87760,33093208020004,2003,46.086832,-117.368259,3,2,,,103.566,,,,,,,,,,135.657,,,,,,,,,
87776,22398795010497,2004,45.845507,-121.946429,59,2,,,,307.774,,,,,,,,,,378.435,,,,,,,,
87778,22398928010497,2005,47.150066,-121.553946,33,2,,,,,645.705,,,,,,,,,,656.381,,,,,,,
87781,29882609010497,2009,45.933998,-122.514512,11,2,,,,,,,,,216.843,,,,,,,,,,249.62,,,
87782,22398755010497,2004,48.384246,-120.419455,47,2,,,,94.951,,,,,,,,,,104.798,,,,,,,,
87787,29395635010497,2008,48.421084,-119.892103,47,2,,,,,,,,32.559,,,,,,,,,,50.552,,,,
87792,40220778010497,2010,48.864167,-119.833559,47,2,,,,,,,,,,54.652,,,,,,,,,,45.647,,
87796,40220600010497,2010,47.910281,-118.42727,19,2,,,,,,,,,,152.019,,,,,,,,,,179.715,,
87804,48205783010497,2011,47.575567,-124.238754,31,2,,,,,,,,,,,215.992,,,,,,,,,,299.987,
87816,8625353010901,2006,48.682612,-119.019981,47,2,,,,,,76.081,,,,,,,,,,85.408,,,,,,
87817,22954441010497,2007,46.661046,-121.715106,41,2,,,,,,,345.427,,,,,,,,,,433.799,,,,,
87833,48203382010497,2011,46.386419,-121.676685,59,2,,,,,,,,,,,256.433,,,,,,,,,,293.401,
87836,22398467010497,2003,47.566872,-121.541799,33,2,,,278.409,,,,,,,,,,359.711,,,,,,,,,
87849,29395661010497,2008,48.53222,-120.404221,47,2,,,,,,,,49.516,,,,,,,,,,50.012,,,,
87873,48205457010497,2011,48.505372,-121.354363,57,2,,,,,,,,,,,453.723,,,,,,,,,,538.316,
87882,40220177010497,2010,46.29281,-120.983079,77,2,,,,,,,,,,125.185,,,,,,,,,,155.595,,
87893,13198787010497,2004,48.598334,-121.481086,57,2,,,,34.048,,,,,,,,,,46.381,,,,,,,,
87902,29882890010497,2009,48.590109,-118.39995,19,2,,,,,,,,,222.779,,,,,,,,,,211.987,,,
87913,24849749010900,2004,47.280432,-123.006047,45,2,,,,88.122,,,,,,,,,,140.744,,,,,,,,
87916,8632012010901,2006,48.379011,-122.050469,57,2,,,,,,107.277,,,,,,,,,,143.48,,,,,,
87919,22398947010497,2005,46.71353,-122.289287,41,2,,,,,569.327,,,,,,,,,,596.428,,,,,,,
87925,13038334010497,2005,46.950264,-122.16061,53,2,,,,,7.832,,,,,,,,,,51.763,,,,,,,
87942,24511125010900,2003,48.109652,-120.281251,7,2,,,172.312,,,,,,,,,,76.91,,,,,,,,,
87944,29395726010497,2008,48.383836,-121.889923,57,2,,,,,,,,305.094,,,,,,,,,,367.736,,,,
87957,22931007010497,2008,46.33238,-117.622721,13,2,,,,,,,,16.315,,,,,,,,,,19.062,,,,
87961,40220167010497,2010,46.27908,-121.362666,77,2,,,,,,,,,,20.901,,,,,,,,,,54.215,,
87966,29883215010497,2009,46.289673,-121.796505,59,2,,,,,,,,,182.342,,,,,,,,,,197.393,,,
87971,22954360010497,2007,46.092281,-122.630168,15,2,,,,,,,45.19,,,,,,,,,,179.772,,,,,
87972,29881966010497,2009,48.051644,-120.055247,47,2,,,,,,,,,0.407,,,,,,,,,,1.21,,,
87985,8611843010901,2006,47.417901,-121.511668,33,2,,,,,,307.409,,,,,,,,,,339.677,,,,,,
88008,40220203010497,2010,46.426868,-121.576611,41,2,,,,,,,,,,145.673,,,,,,,,,,165.211,,
88013,22398679010497,2004,48.825063,-118.74456,19,2,,,,27.492,,,,,,,,,,46.962,,,,,,,,
88021,29881963010497,2009,48.545023,-118.171587,19,2,,,,,,,,,83.4,,,,,,,,,,67.469,,,
88024,8655191010901,2006,48.700149,-121.548631,73,2,,,,,,128.093,,,,,,,,,,186.919,,,,,,
88026,29883080010497,2009,48.282476,-117.542159,65,2,,,,,,,,,299.22,,,,,,,,,,305.644,,,
88028,29395701010497,2008,46.318031,-122.145635,59,2,,,,,,,,6.63,,,,,,,,,,22.794,,,,
88029,22398590010497,2003,45.914276,-121.622731,59,2,,,31.14,,,,,,,,,,71.993,,,,,,,,,
88051,8614308010901,2006,47.133211,-121.06847,37,2,,,,,,25.817,,,,,,,,,,10.087,,,,,,
88053,22398464010497,2003,47.766542,-121.620284,33,2,,,332.287,,,,,,,,,,315.628,,,,,,,,,
88060,24147043010900,2002,47.695959,-124.210112,31,2,,218.231,,,,,,,,,,344.66,,,,,,,,,,
88065,22399150010497,2006,47.572544,-123.872591,31,2,,,,,,227.773,,,,,,,,,,288.636,,,,,,
88079,40403429010497,2010,48.224435,-119.904041,47,2,,,,,,,,,,85.607,,,,,,,,,,109.989,,
88082,24503327010900,2003,48.168308,-121.936515,61,2,,,323.838,,,,,,,,,,374.393,,,,,,,,,
88087,48206348010497,2011,48.896508,-117.472764,51,2,,,,,,,,,,,6.214,,,,,,,,,,16.466,
88093,24490736010900,2003,46.953137,-121.895961,53,2,,,552.576,,,,,,,,,,560.071,,,,,,,,,
88102,48206220010497,2011,47.403829,-123.397363,45,2,,,,,,,,,,,127.942,,,,,,,,,,190.306,
88113,22930942010497,2008,46.04146,-117.409175,3,2,,,,,,,,140.995,,,,,,,,,,194.263,,,,
88116,24857900010900,2004,46.367132,-124.003171,49,2,,,,183.877,,,,,,,,,,207.103,,,,,,,,
88129,40220202010497,2010,46.411731,-121.71499,41,2,,,,,,,,,,224.411,,,,,,,,,,253.576,,
88135,40220870010497,2010,48.499638,-121.294806,57,2,,,,,,,,,,625.517,,,,,,,,,,622.125,,
88153,12966592010497,2005,47.880704,-121.094769,7,2,,,,,132.24,,,,,,,,,,149.19,,,,,,,
88155,22398761010497,2004,48.283505,-120.347366,47,2,,,,162.012,,,,,,,,,,200.555,,,,,,,,
88157,29395519010497,2008,48.683043,-117.645009,65,2,,,,,,,,128.315,,,,,,,,,,150.583,,,,
88158,22954619010497,2007,47.846063,-123.007387,31,2,,,,,,,33.073,,,,,,,,,,107.877,,,,,
88159,40220551010497,2010,47.81826,-124.134055,31,2,,,,,,,,,,258.05,,,,,,,,,,267.129,,
88161,8631873010901,2006,48.334582,-122.162629,57,2,,,,,,201.9,,,,,,,,,,302.326,,,,,,
88192,22827707010497,2007,46.872687,-121.062845,77,2,,,,,,,33.15,,,,,,,,,,71.511,,,,,
88230,22954573010497,2007,47.562394,-120.920067,7,2,,,,,,,426.858,,,,,,,,,,399.545,,,,,
88234,40220560010497,2010,47.865512,-123.947973,31,2,,,,,,,,,,1330.263,,,,,,,,,,1315.24,,
88239,22827754010497,2007,48.208236,-120.270524,47,2,,,,,,,221.663,,,,,,,,,,181.814,,,,,
88256,22398740010497,2004,48.337788,-120.342412,47,2,,,,16.24,,,,,,,,,,16.408,,,,,,,,
88263,48206094010497,2011,47.878561,-120.949369,7,2,,,,,,,,,,,318.362,,,,,,,,,,371.412,
88280,48202698010497,2011,48.943095,-122.180561,73,2,,,,,,,,,,,44.549,,,,,,,,,,117.754,
88304,40220730010497,2010,48.574138,-118.511037,19,2,,,,,,,,,,41.953,,,,,,,,,,64.641,,
88313,30852491020004,2012,46.844231,-120.914779,77,2,,,,,,,,,,,,100.698,,,,,,,,,,117.139
88369,8634562010901,2006,45.895904,-121.765719,59,2,,,,,,91.588,,,,,,,,,,103.722,,,,,,
88389,29395710010497,2008,48.628465,-121.434707,57,2,,,,,,,,418.571,,,,,,,,,,500.34,,,,
88391,22398598010497,2003,46.213096,-121.977314,59,2,,,7.051,,,,,,,,,,36.571,,,,,,,,,
88397,24458110010900,2003,48.730979,-117.669868,65,2,,,182.329,,,,,,,,,,227.99,,,,,,,,,
88400,22398544010497,2003,48.919836,-117.387863,51,2,,,221.336,,,,,,,,,,260.462,,,,,,,,,
88407,193209209020004,2007,46.008795,-117.941804,13,2,,,,,,,322.078,,,,,,,,,,286.851,,,,,
88425,22398905010497,2005,48.619047,-118.324587,19,2,,,,,25.762,,,,,,,,,,57.064,,,,,,,
88455,24878596010900,2004,47.224083,-124.022976,27,2,,,,158.519,,,,,,,,,,295.32,,,,,,,,
88456,22398307010497,2002,48.547206,-117.436923,51,2,,291.913,,,,,,,,,,381.655,,,,,,,,,,
88474,8612300010901,2006,47.564663,-121.362554,33,2,,,,,,225.793,,,,,,,,,,221.652,,,,,,
88487,22398516010497,2003,48.620203,-120.029306,47,2,,,110.215,,,,,,,,,,47.637,,,,,,,,,
88491,40220750010497,2010,48.781498,-120.738869,47,2,,,,,,,,,,128.955,,,,,,,,,,159.483,,
88493,24464165010900,2003,48.953006,-121.542383,73,2,,,135.647,,,,,,,,,,187.894,,,,,,,,,
88501,13018699010497,2005,47.430979,-123.080322,45,2,,,,,1.987,,,,,,,,,,12.994,,,,,,,
88509,29395021010497,2008,48.98822,-117.725213,65,2,,,,,,,,102.555,,,,,,,,,,117.339,,,,
88542,8628122010901,2006,46.790221,-123.526749,49,2,,,,,,9.798,,,,,,,,,,105.861,,,,,,
88568,24485753010900,2003,46.639507,-123.732233,49,2,,,15.227,,,,,,,,,,107.044,,,,,,,,,
88597,48204902010497,2011,47.483458,-124.017939,27,2,,,,,,,,,,,369.774,,,,,,,,,,461.501,
88607,22398712010497,2004,47.390001,-121.010955,37,2,,,,25.858,,,,,,,,,,29.793,,,,,,,,
88616,22399251010497,2006,48.45526,-121.818232,57,2,,,,,,412.356,,,,,,,,,,356.465,,,,,,
88633,30764730020004,2012,47.844901,-120.475237,7,2,,,,,,,,,,,,5.095,,,,,,,,,,26.698
88643,22398875010497,2005,47.876869,-120.725512,7,2,,,,,75.673,,,,,,,,,,110.778,,,,,,,
88655,24872161010900,2004,48.397616,-118.334083,19,2,,,,38.477,,,,,,,,,,53.456,,,,,,,,
88656,8608687010901,2006,47.427376,-123.615688,27,2,,,,,,209.515,,,,,,,,,,136.494,,,,,,
88659,22398752010497,2004,48.185571,-120.198819,47,2,,,,42.575,,,,,,,,,,35.285,,,,,,,,
88668,22954714010497,2007,48.561984,-122.961729,55,2,,,,,,,17.002,,,,,,,,,,21.689,,,,,
88674,24842501010900,2004,45.986884,-120.79961,39,2,,,,109.611,,,,,,,,,,50.936,,,,,,,,
88677,40220757010497,2010,48.787892,-120.875391,73,2,,,,,,,,,,326.754,,,,,,,,,,360.111,,
88678,29882941010497,2009,47.383389,-120.661539,7,2,,,,,,,,,53.575,,,,,,,,,,50.24,,,
88682,48206650010497,2011,48.231998,-121.524776,61,2,,,,,,,,,,,85.161,,,,,,,,,,136.581,
88703,22933219010497,2008,48.161445,-122.086347,61,2,,,,,,,,149.908,,,,,,,,,,153.178,,,,
88742,8620460010901,2006,47.229393,-123.452319,45,2,,,,,,35.584,,,,,,,,,,105.669,,,,,,
88764,8634943010901,2006,46.047627,-122.129522,59,2,,,,,,756.33,,,,,,,,,,795.861,,,,,,
88775,29395711010497,2008,47.424833,-123.368349,45,2,,,,,,,,178.149,,,,,,,,,,201.155,,,,
88788,29395012010497,2008,48.449917,-121.255613,57,2,,,,,,,,460.022,,,,,,,,,,402.33,,,,
88816,29883051010497,2009,47.518484,-121.583529,33,2,,,,,,,,,72.264,,,,,,,,,,29.106,,,
88819,22933197010497,2008,47.952307,-117.790921,65,2,,,,,,,,87.906,,,,,,,,,,110.808,,,,
88823,40220646010497,2010,48.261069,-121.341278,61,2,,,,,,,,,,68.462,,,,,,,,,,128.836,,
88830,29395618010497,2008,47.970718,-123.071797,9,2,,,,,,,,158.998,,,,,,,,,,148.75,,,,
88834,48206325010497,2011,45.871376,-121.764741,59,2,,,,,,,,,,,118.293,,,,,,,,,,174.148,
88837,22954720010497,2007,48.554753,-120.243773,47,2,,,,,,,63.172,,,,,,,,,,76.906,,,,,
88855,193209265020004,2007,47.998726,-123.107525,9,2,,,,,,,608.578,,,,,,,,,,660.033,,,,,
88873,29883050010497,2009,47.550633,-122.836061,35,2,,,,,,,,,48.606,,,,,,,,,,139.094,,,
88893,22398404010497,2003,47.898922,-120.652199,7,2,,,330.062,,,,,,,,,,292.182,,,,,,,,,
88901,29883162010497,2009,46.287695,-121.895852,59,2,,,,,,,,,61.446,,,,,,,,,,118.481,,,
88942,8610591010901,2006,47.821872,-124.259584,31,2,,,,,,610.222,,,,,,,,,,592.333,,,,,,
88950,40220626010497,2010,48.011364,-117.533216,63,2,,,,,,,,,,5.424,,,,,,,,,,10.89,,
88964,22398823010497,2004,48.000924,-121.235456,61,2,,,,570.745,,,,,,,,,,537.259,,,,,,,,
88976,22399115010497,2006,48.162793,-124.324541,9,2,,,,,,319.422,,,,,,,,,,353.28,,,,,,
88983,22933034010497,2008,47.446823,-123.02815,45,2,,,,,,,,32.306,,,,,,,,,,77.197,,,,
88998,29883403010497,2009,46.718553,-121.448755,41,2,,,,,,,,,319.329,,,,,,,,,,338.495,,,
88999,22399149010497,2006,47.528451,-123.876585,31,2,,,,,,593.5,,,,,,,,,,521.135,,,,,,
89001,22398559010497,2003,47.074776,-121.484888,53,2,,,579.652,,,,,,,,,,551.124,,,,,,,,,
89030,40220756010497,2010,48.795206,-122.175669,73,2,,,,,,,,,,212.232,,,,,,,,,,247.601,,
89048,24172415010900,2002,48.781642,-120.274806,47,2,,150.57,,,,,,,,,,68.516,,,,,,,,,,
89062,48204083010497,2011,47.357585,-120.9278,37,2,,,,,,,,,,,184.566,,,,,,,,,,10.514,
89075,13050884010497,2005,47.664568,-121.586655,33,2,,,,,865.722,,,,,,,,,,896.426,,,,,,,
89102,29881874010497,2009,48.475798,-119.089818,47,2,,,,,,,,,123.947,,,,,,,,,,153.451,,,
89130,22398645010497,2004,47.626096,-120.447064,7,2,,,,166.514,,,,,,,,,,209.962,,,,,,,,
89135,22399162010497,2006,47.291213,-121.154505,37,2,,,,,,173.187,,,,,,,,,,175.939,,,,,,
89150,22399118010497,2006,46.171712,-117.754618,13,2,,,,,,282.924,,,,,,,,,,78.659,,,,,,
89153,22933018010497,2008,47.377723,-123.755887,27,2,,,,,,,,176.889,,,,,,,,,,175.801,,,,
89158,193209140020004,2007,48.358107,-121.674693,57,2,,,,,,,301.301,,,,,,,,,,227.89,,,,,
89160,40220892010497,2010,47.675353,-122.998488,31,2,,,,,,,,,,434.988,,,,,,,,,,479.713,,
89166,22932889010497,2008,45.74718,-121.998665,59,2,,,,,,,,409.467,,,,,,,,,,460.518,,,,
89177,193209171020004,2007,46.104461,-117.894284,13,2,,,,,,,121.259,,,,,,,,,,155.631,,,,,
89179,22954640010497,2007,47.945757,-121.912402,61,2,,,,,,,34.539,,,,,,,,,,121.839,,,,,
89185,24853515010900,2004,48.431402,-120.520015,47,2,,,,140.071,,,,,,,,,,116.236,,,,,,,,
89188,22931298010497,2008,48.899328,-121.695117,73,2,,,,,,,,353.947,,,,,,,,,,385.847,,,,
89210,22954387010497,2007,46.340759,-123.886126,49,2,,,,,,,164.552,,,,,,,,,,260.159,,,,,
89218,22399173010497,2006,47.048815,-121.165157,37,2,,,,,,283.072,,,,,,,,,,213.03,,,,,,
89220,22932918010497,2008,46.967894,-121.016104,37,2,,,,,,,,94.505,,,,,,,,,,118.92,,,,
89242,30764322020004,2012,46.883983,-124.023334,27,2,,,,,,,,,,,,234.45,,,,,,,,,,263.274
89246,22827760010497,2007,48.910472,-119.853788,47,2,,,,,,,86.232,,,,,,,,,,100.947,,,,,
89253,48203007010497,2011,48.509892,-118.295167,19,2,,,,,,,,,,,28.802,,,,,,,,,,33.362,
89257,40220080010497,2010,45.653423,-122.068285,59,2,,,,,,,,,,332.842,,,,,,,,,,394.608,,
89262,12972109010497,2005,47.96681,-123.45969,9,2,,,,,399.769,,,,,,,,,,374.272,,,,,,,
89263,24165450010900,2002,47.455399,-122.896892,45,2,,144.753,,,,,,,,,,194.959,,,,,,,,,,
89270,48206217010497,2011,48.687603,-118.313964,19,2,,,,,,,,,,,183.192,,,,,,,,,,143.55,
89282,48202964010497,2011,48.719022,-117.754688,65,2,,,,,,,,,,,248.36,,,,,,,,,,236.898,
89284,48205273010497,2011,48.718797,-118.504067,19,2,,,,,,,,,,,47.709,,,,,,,,,,58.371,
89296,22398480010497,2003,47.437104,-121.183706,37,2,,,90.176,,,,,,,,,,172.908,,,,,,,,,
89304,29395626010497,2008,47.741974,-120.297789,7,2,,,,,,,,6.021,,,,,,,,,,9.873,,,,
89320,48206616010497,2011,48.690599,-118.388072,19,2,,,,,,,,,,,169.186,,,,,,,,,,128.021,
89339,29883411010497,2009,47.916308,-117.731036,65,2,,,,,,,,,99.735,,,,,,,,,,121.136,,,
89350,8608037010901,2006,47.281709,-123.601248,27,2,,,,,,23.107,,,,,,,,,,69.305,,,,,,
89359,24839184010900,2004,47.173253,-120.447331,37,2,,,,299.251,,,,,,,,,,302.623,,,,,,,,
89360,29395527010497,2008,47.35459,-123.725807,27,2,,,,,,,,170.332,,,,,,,,,,283.257,,,,
89367,24136822010900,2002,48.693169,-118.622926,19,2,,81.438,,,,,,,,,,109.038,,,,,,,,,,
89374,22398395010497,2003,47.87044,-120.762676,7,2,,,286.986,,,,,,,,,,228.877,,,,,,,,,
89376,22827651010497,2006,48.592459,-120.032683,47,2,,,,,,49.615,,,,,,,,,,74.641,,,,,,
89407,40220571010497,2010,47.923051,-121.790423,61,2,,,,,,,,,,53.001,,,,,,,,,,113.072,,
89422,29882827010497,2009,47.543395,-120.373357,7,2,,,,,,,,,0.671,,,,,,,,,,0.793,,,
89442,13206482010497,2005,48.199053,-120.973854,61,2,,,,,15.875,,,,,,,,,,22.261,,,,,,,
89468,22398872010497,2005,48.068483,-120.396227,7,2,,,,,48.733,,,,,,,,,,58.506,,,,,,,
89474,40220500010497,2010,47.615719,-121.427643,33,2,,,,,,,,,,92.71,,,,,,,,,,87.327,,
89479,29882938010497,2009,47.387061,-123.00582,45,2,,,,,,,,,38.816,,,,,,,,,,58.784,,,
89484,22931129010497,2008,48.338502,-117.272021,51,2,,,,,,,,98.27,,,,,,,,,,118.744,,,,
89487,22398591010497,2003,46.257799,-121.909222,59,2,,,310.352,,,,,,,,,,320.196,,,,,,,,,
89489,22398893010497,2005,48.03519,-124.282944,9,2,,,,,624.528,,,,,,,,,,679.395,,,,,,,
89504,40403532010497,2010,47.338586,-121.042814,37,2,,,,,,,,,,109.895,,,,,,,,,,68.529,,
89507,22954603010497,2007,47.776412,-121.863026,33,2,,,,,,,91.059,,,,,,,,,,137.777,,,,,
89539,48203756010497,2011,47.535244,-123.306902,45,2,,,,,,,,,,,509.078,,,,,,,,,,541.663,
89558,22827439010497,2007,47.882763,-120.983126,7,2,,,,,,,354.095,,,,,,,,,,373.669,,,,,
89559,22398695010497,2004,47.603612,-123.799911,31,2,,,,102.191,,,,,,,,,,95.715,,,,,,,,
89561,25076424010900,2004,47.991911,-121.754353,61,2,,,,313.16,,,,,,,,,,339.738,,,,,,,,
89600,22827484010497,2007,47.850006,-120.517057,7,2,,,,,,,10.655,,,,,,,,,,37.923,,,,,
89601,40220127010497,2010,46.09526,-121.821615,59,2,,,,,,,,,,155.174,,,,,,,,,,180.289,,
89603,8602309010901,2006,46.339867,-123.018408,15,2,,,,,,108.173,,,,,,,,,,219.443,,,,,,
89605,29882786010497,2009,47.328283,-120.606347,37,2,,,,,,,,,347.917,,,,,,,,,,310.943,,,
89608,22398439010497,2003,48.886463,-118.337679,19,2,,,107.933,,,,,,,,,,120.776,,,,,,,,,
89616,25066040010900,2004,48.824967,-117.515534,51,2,,,,13.968,,,,,,,,,,23.739,,,,,,,,
89617,40220163010497,2010,46.15911,-117.86204,13,2,,,,,,,,,,167.732,,,,,,,,,,205.56,,
89644,40220819010497,2010,45.825416,-122.117983,59,2,,,,,,,,,,24.757,,,,,,,,,,73.326,,
89661,24854060010900,2004,48.524643,-119.792784,47,2,,,,88.887,,,,,,,,,,108.9,,,,,,,,
89663,22399091010497,2006,47.889913,-120.368143,7,2,,,,,,15.951,,,,,,,,,,21.718,,,,,,
89684,48206170010497,2011,48.431516,-121.740931,57,2,,,,,,,,,,,457.946,,,,,,,,,,502.72,
89704,40220449010497,2010,47.413006,-121.289821,37,2,,,,,,,,,,224.3,,,,,,,,,,208.158,,
89706,24503525010900,2003,47.450327,-117.573971,63,2,,,100.718,,,,,,,,,,91.674,,,,,,,,,
89724,22933292010497,2008,48.897111,-118.970072,47,2,,,,,,,,47.808,,,,,,,,,,45.439,,,,
89730,40220635010497,2010,48.105834,-118.422345,19,2,,,,,,,,,,15.286,,,,,,,,,,20.291,,
89734,40220747010497,2010,48.704024,-119.278201,47,2,,,,,,,,,,5.208,,,,,,,,,,17.953,,
89741,22398511010497,2003,48.495428,-119.927087,47,2,,,112.199,,,,,,,,,,14.322,,,,,,,,,
89746,22398400010497,2003,47.776671,-120.699811,7,2,,,85.692,,,,,,,,,,125.844,,,,,,,,,
89752,29883253010497,2009,47.815322,-122.005898,61,2,,,,,,,,,379.776,,,,,,,,,,335.489,,,
89798,40220858010497,2010,46.14543,-122.112883,59,2,,,,,,,,,,171.845,,,,,,,,,,249.333,,
89803,24862993010900,2004,47.934335,-123.484706,9,2,,,,327.577,,,,,,,,,,331.867,,,,,,,,
89815,48206324010497,2011,45.872813,-121.905724,59,2,,,,,,,,,,,194.16,,,,,,,,,,218.381,
89835,24163423010900,2002,46.790234,-123.307477,41,2,,151.566,,,,,,,,,,203.899,,,,,,,,,,
89866,25072862010900,2004,45.947027,-121.969097,59,2,,,,350.682,,,,,,,,,,347.024,,,,,,,,
89868,29395531010497,2008,48.22895,-121.303817,61,2,,,,,,,,412.805,,,,,,,,,,415.341,,,,
89874,24878094010900,2004,47.126732,-123.525812,27,2,,,,43.339,,,,,,,,,,140.158,,,,,,,,
89882,22398526010497,2003,48.455238,-120.374611,47,2,,,65.708,,,,,,,,,,74.328,,,,,,,,,
89892,22827532010497,2007,47.728538,-120.69269,7,2,,,,,,,258.643,,,,,,,,,,282.785,,,,,
89894,8639642010901,2006,48.022972,-117.315489,63,2,,,,,,211.879,,,,,,,,,,231.575,,,,,,
89901,8654442010901,2006,48.159572,-123.970484,9,2,,,,,,141.029,,,,,,,,,,84.604,,,,,,
89921,48202645010497,2011,47.216759,-121.100397,37,2,,,,,,,,,,,77.418,,,,,,,,,,130.965,
89923,24459459010900,2003,46.802979,-122.916375,67,2,,,50.361,,,,,,,,,,104.176,,,,,,,,,
89929,22931273010497,2008,48.73902,-121.114115,73,2,,,,,,,,104.988,,,,,,,,,,119.809,,,,
89942,25080424010900,2004,47.844133,-117.357053,63,2,,,,32.434,,,,,,,,,,39.854,,,,,,,,
89973,25096104010900,2004,47.764996,-121.096265,7,2,,,,203.641,,,,,,,,,,225.55,,,,,,,,
89993,25079876010900,2004,46.787113,-123.591793,49,2,,,,136.251,,,,,,,,,,204.761,,,,,,,,
89999,29881645010497,2009,48.921985,-117.514364,65,2,,,,,,,,,250.662,,,,,,,,,,249.303,,,
90002,48206663010497,2011,48.656815,-120.472125,47,2,,,,,,,,,,,44.729,,,,,,,,,,48.303,
90033,25068897010900,2004,47.352018,-122.613936,53,2,,,,327.97,,,,,,,,,,391.326,,,,,,,,
90038,8628826010901,2006,48.495621,-117.364443,51,2,,,,,,204.028,,,,,,,,,,244.065,,,,,,
90047,29395692010497,2008,48.590066,-117.766225,65,2,,,,,,,,52.204,,,,,,,,,,61.134,,,,
90072,22398884010497,2005,47.557523,-120.81068,7,2,,,,,34.999,,,,,,,,,,40.262,,,,,,,
90075,22399039010497,2005,45.914707,-121.729215,59,2,,,,,483.152,,,,,,,,,,521.75,,,,,,,
90084,48206607010497,2011,46.41443,-121.894935,41,2,,,,,,,,,,,386.313,,,,,,,,,,491.697,
90089,8605918010901,2006,48.94048,-118.508224,19,2,,,,,,142.687,,,,,,,,,,178.016,,,,,,
90107,40403500010497,2010,48.561914,-118.25143,19,2,,,,,,,,,,109.37,,,,,,,,,,107.745,,
90111,22398845010497,2004,48.739788,-120.691845,73,2,,,,78.918,,,,,,,,,,105.675,,,,,,,,
90126,22399272010497,2006,46.267641,-121.975363,59,2,,,,,,61.678,,,,,,,,,,118.838,,,,,,
90177,13024732010497,2005,48.568742,-119.922225,47,2,,,,,120.525,,,,,,,,,,88.572,,,,,,,
90181,13037626010497,2005,46.832749,-121.958278,53,2,,,,,686.334,,,,,,,,,,737.576,,,,,,,
90201,8618349010901,2006,46.552698,-123.091602,41,2,,,,,,8.044,,,,,,,,,,155.015,,,,,,
90227,22954650010497,2007,48.020989,-124.342727,9,2,,,,,,,663.495,,,,,,,,,,752.168,,,,,
90230,8625568010901,2006,48.812431,-120.697142,47,2,,,,,,28.366,,,,,,,,,,35.333,,,,,,
90235,25094648010900,2004,47.611864,-121.069164,7,2,,,,186.437,,,,,,,,,,201.042,,,,,,,,
90262,22399033010497,2005,45.866179,-121.618867,59,2,,,,,155.681,,,,,,,,,,200.712,,,,,,,
90270,22954429010497,2007,46.53058,-121.321816,77,2,,,,,,,473.87,,,,,,,,,,461.838,,,,,
90283,24463066010900,2003,48.793787,-121.484425,73,2,,,207.124,,,,,,,,,,198.333,,,,,,,,,
90294,48206714010497,2011,48.6156,-119.805926,47,2,,,,,,,,,,,116.354,,,,,,,,,,118.213,
90297,22398721010497,2004,46.637261,-122.352901,41,2,,,,15.993,,,,,,,,,,47.035,,,,,,,,
90308,22399024010497,2005,46.311762,-121.827966,59,2,,,,,565.428,,,,,,,,,,558.202,,,,,,,
90324,22398703010497,2004,47.690532,-121.24431,33,2,,,,294.951,,,,,,,,,,344.971,,,,,,,,
90327,13045472010497,2005,47.718593,-123.21982,31,2,,,,,741.429,,,,,,,,,,685.966,,,,,,,
90342,22398552010497,2003,48.691362,-117.35145,51,2,,,106.618,,,,,,,,,,140.517,,,,,,,,,
90354,22954535010497,2007,47.071549,-123.373103,27,2,,,,,,,73.586,,,,,,,,,,154.484,,,,,
90366,25075762010900,2004,47.807643,-121.27546,61,2,,,,94.438,,,,,,,,,,103.445,,,,,,,,
90391,22931162010497,2008,48.629377,-120.362806,47,2,,,,,,,,149.478,,,,,,,,,,160.247,,,,
90394,22399058010497,2005,48.033025,-121.672468,61,2,,,,,40.573,,,,,,,,,,97.884,,,,,,,
90409,22398654010497,2004,47.328752,-120.42359,7,2,,,,138.549,,,,,,,,,,66.413,,,,,,,,
90418,29395560010497,2008,47.316324,-121.188437,37,2,,,,,,,,172.155,,,,,,,,,,161.167,,,,
90423,40220886010497,2010,47.813674,-121.536662,61,2,,,,,,,,,,494.682,,,,,,,,,,593.266,,
90424,22398453010497,2003,47.350798,-123.69967,27,2,,,85.381,,,,,,,,,,172.758,,,,,,,,,
90433,48203128010497,2011,48.318948,-119.146917,47,2,,,,,,,,,,,126.867,,,,,,,,,,173.81,
90434,40403473010497,2010,48.572416,-120.031218,47,2,,,,,,,,,,82.74,,,,,,,,,,58.093,,
90443,24539568010900,2003,47.257184,-120.726544,37,2,,,179.01,,,,,,,,,,186.824,,,,,,,,,
90453,22954817010497,2007,48.898315,-117.200907,51,2,,,,,,,170.793,,,,,,,,,,150.648,,,,,
90474,8629982010901,2006,46.884425,-121.932326,53,2,,,,,,79.121,,,,,,,,,,127.188,,,,,,
90475,29882995010497,2009,47.47436,-121.786663,33,2,,,,,,,,,107.092,,,,,,,,,,139.492,,,
90500,22399256010497,2006,48.606437,-120.85205,57,2,,,,,,218.237,,,,,,,,,,233.797,,,,,,
90501,29883122010497,2009,47.626121,-123.590469,31,2,,,,,,,,,542.112,,,,,,,,,,460.259,,,
90510,24879932010900,2004,47.385028,-124.063474,27,2,,,,307.397,,,,,,,,,,445.826,,,,,,,,
90512,40220497010497,2010,47.633752,-124.388465,31,2,,,,,,,,,,181.605,,,,,,,,,,215.293,,
90517,29883329010497,2009,47.962912,-124.209066,9,2,,,,,,,,,345.949,,,,,,,,,,405.666,,,
90518,22932924010497,2008,46.988104,-122.586794,53,2,,,,,,,,547.745,,,,,,,,,,669.058,,,,
90521,48203110010497,2011,48.060952,-118.646857,19,2,,,,,,,,,,,89.619,,,,,,,,,,95.777,
90535,29883210010497,2009,46.685172,-121.492311,41,2,,,,,,,,,380.738,,,,,,,,,,375.306,,,
90539,22954347010497,2007,45.880739,-121.360007,39,2,,,,,,,135.604,,,,,,,,,,212.675,,,,,
90550,22827612010497,2007,47.205137,-120.535453,37,2,,,,,,,27.151,,,,,,,,,,6.58,,,,,
90566,30852540020004,2012,47.985968,-120.062728,47,2,,,,,,,,,,,,44.693,,,,,,,,,,26.244
90576,13198438010497,2004,47.083498,-121.880635,53,2,,,,301.842,,,,,,,,,,403.013,,,,,,,,
90580,48205097010497,2011,48.92661,-120.33814,47,2,,,,,,,,,,,77.196,,,,,,,,,,82.43,
90593,22398901010497,2005,48.572647,-118.469674,19,2,,,,,13.669,,,,,,,,,,11.836,,,,,,,
90612,29395697010497,2008,48.58483,-118.843072,19,2,,,,,,,,37.076,,,,,,,,,,47.314,,,,
90615,22954471010497,2007,46.926379,-122.64479,67,2,,,,,,,156.988,,,,,,,,,,202.837,,,,,
90622,29881974010497,2009,46.284231,-121.653348,59,2,,,,,,,,,117.624,,,,,,,,,,192.877,,,
90632,24190100010900,2002,46.045782,-121.898021,59,2,,68.356,,,,,,,,,,150.728,,,,,,,,,,
90637,24529867010900,2003,47.477234,-123.693076,27,2,,,676.289,,,,,,,,,,633.913,,,,,,,,,
90645,40220171010497,2010,46.16055,-117.499106,23,2,,,,,,,,,,80.746,,,,,,,,,,70.322,,
90648,22398802010497,2004,45.75472,-122.229747,59,2,,,,92.245,,,,,,,,,,121.871,,,,,,,,
90667,48206218010497,2011,48.65503,-117.573639,65,2,,,,,,,,,,,21.599,,,,,,,,,,63.44,
90673,22399298010497,2006,48.411645,-117.558412,65,2,,,,,,67.654,,,,,,,,,,94.116,,,,,,
90677,22827588010497,2007,47.983387,-120.823178,7,2,,,,,,,20.405,,,,,,,,,,34.997,,,,,
90678,29395659010497,2008,46.991611,-120.911588,37,2,,,,,,,,387.98,,,,,,,,,,412.14,,,,
90689,24860596010900,2004,47.978137,-120.964227,7,2,,,,8.472,,,,,,,,,,12.446,,,,,,,,
90716,22931288010497,2008,48.749762,-119.166024,47,2,,,,,,,,145.587,,,,,,,,,,90.242,,,,
90719,29883020010497,2009,45.927104,-121.660239,59,2,,,,,,,,,356.569,,,,,,,,,,372.804,,,
90824,24461851010900,2003,48.688445,-120.955703,73,2,,,225.365,,,,,,,,,,289.728,,,,,,,,,
90833,13037293010497,2005,46.763542,-122.108998,53,2,,,,,898.636,,,,,,,,,,944.12,,,,,,,
90843,29881556010497,2009,48.276134,-119.937406,47,2,,,,,,,,,68.843,,,,,,,,,,98.551,,,
90885,22398568010497,2003,48.539987,-120.806226,57,2,,,5.15,,,,,,,,,,9.03,,,,,,,,,
90903,24528803010900,2003,47.324667,-123.898465,27,2,,,99.761,,,,,,,,,,148.169,,,,,,,,,
90906,8640526010901,2006,48.294715,-118.095556,65,2,,,,,,100.997,,,,,,,,,,113.214,,,,,,
90908,24139398010900,2002,46.332979,-117.473704,23,2,,11.253,,,,,,,,,,31.346,,,,,,,,,,
90926,22933131010497,2008,47.807553,-121.140549,61,2,,,,,,,,436.357,,,,,,,,,,473.835,,,,
90930,22398952010497,2005,48.959918,-118.923132,47,2,,,,,81.865,,,,,,,,,,96.134,,,,,,,
90954,24465574010900,2003,46.213057,-121.049282,77,2,,,14.973,,,,,,,,,,36.594,,,,,,,,,
90972,29882043010497,2009,46.529643,-121.643784,41,2,,,,,,,,,434.345,,,,,,,,,,210.303,,,
90977,22954705010497,2007,48.413502,-119.216264,47,2,,,,,,,78.013,,,,,,,,,,90.383,,,,,
90982,24517649010900,2003,46.124873,-117.721437,13,2,,,408.527,,,,,,,,,,369.397,,,,,,,,,
90995,22399240010497,2006,48.576547,-117.432289,51,2,,,,,,36.112,,,,,,,,,,48.891,,,,,,
90996,22398587010497,2003,46.091039,-121.870242,59,2,,,251.477,,,,,,,,,,284.139,,,,,,,,,
91020,48203556010497,2011,46.986854,-121.958126,53,2,,,,,,,,,,,430.608,,,,,,,,,,510.643,
91034,25095434010900,2004,47.651153,-120.914587,7,2,,,,6.518,,,,,,,,,,7.768,,,,,,,,
91039,22954518010497,2006,47.131886,-121.439752,33,2,,,,,,7.517,,,,,,,,,,30.295,,,,,,
91131,22398682010497,2004,48.71704,-118.304107,19,2,,,,145.774,,,,,,,,,,143.109,,,,,,,,
91142,22399087010497,2006,46.182703,-117.392691,3,2,,,,,,13.714,,,,,,,,,,19.294,,,,,,
91174,24864250010900,2004,48.017417,-124.052058,9,2,,,,158.28,,,,,,,,,,211.993,,,,,,,,
91214,24884243010900,2004,47.833861,-124.522633,31,2,,,,413.935,,,,,,,,,,335.567,,,,,,,,
91217,29881885010497,2009,48.444917,-117.061701,51,2,,,,,,,,,276.383,,,,,,,,,,318.791,,,
91221,40220854010497,2010,48.084405,-121.529001,61,2,,,,,,,,,,325.425,,,,,,,,,,349.446,,
91225,24160135010900,2002,46.487315,-123.240932,41,2,,329.006,,,,,,,,,,402.303,,,,,,,,,,
91242,22398708010497,2004,47.091338,-120.904843,37,2,,,,138.682,,,,,,,,,,145.512,,,,,,,,
91260,48203173010497,2011,48.385484,-120.448683,47,2,,,,,,,,,,,162.447,,,,,,,,,,179.951,
91271,40220814010497,2010,46.31405,-121.719293,59,2,,,,,,,,,,316.512,,,,,,,,,,356.57,,
91275,22399095010497,2006,48.045926,-120.571615,7,2,,,,,,165.893,,,,,,,,,,21.558,,,,,,
91299,22827527010497,2007,48.730989,-120.32282,47,2,,,,,,,8.942,,,,,,,,,,13.661,,,,,
91309,22398812010497,2004,48.227033,-121.448927,61,2,,,,1.548,,,,,,,,,,19.604,,,,,,,,
91319,12970308010497,2005,48.529367,-120.667708,47,2,,,,,17.236,,,,,,,,,,20.075,,,,,,,
91341,12979503010497,2005,47.96454,-118.434159,19,2,,,,,60.26,,,,,,,,,,63.003,,,,,,,
91349,29883021010497,2009,46.070993,-121.694858,59,2,,,,,,,,,46.589,,,,,,,,,,114.37,,,
91364,193209214020004,2007,47.581559,-123.214108,45,2,,,,,,,79.52,,,,,,,,,,84.982,,,,,
91381,22933255010497,2008,48.294345,-120.896008,7,2,,,,,,,,542.415,,,,,,,,,,426.024,,,,
91404,22398716010497,2004,47.323159,-121.333975,37,2,,,,251.301,,,,,,,,,,267.48,,,,,,,,
91407,22933299010497,2008,48.969379,-120.112097,47,2,,,,,,,,112.309,,,,,,,,,,134.306,,,,
91422,22399040010497,2005,46.097341,-121.792858,59,2,,,,,330.445,,,,,,,,,,361.591,,,,,,,
91463,29883336010497,2009,46.194532,-121.792946,59,2,,,,,,,,,956.742,,,,,,,,,,988.238,,,
91468,40220807010497,2010,48.254655,-121.376691,61,2,,,,,,,,,,632.855,,,,,,,,,,669.984,,
91469,8617900010901,2006,46.560637,-121.856351,41,2,,,,,,366.508,,,,,,,,,,362.298,,,,,,
91477,22398863010497,2005,47.945461,-120.657165,7,2,,,,,126.885,,,,,,,,,,152.753,,,,,,,
91502,22399174010497,2006,47.365936,-121.255965,37,2,,,,,,9.535,,,,,,,,,,16.061,,,,,,
91525,40220348010497,2010,47.016422,-120.949937,37,2,,,,,,,,,,40.497,,,,,,,,,,97.236,,
91527,22398487010497,2003,46.655245,-121.455898,41,2,,,529.436,,,,,,,,,,576.347,,,,,,,,,
91541,29883552010497,2009,48.885036,-120.790967,73,2,,,,,,,,,335.711,,,,,,,,,,230.98,,,
91554,22954795010497,2007,48.897361,-122.103444,73,2,,,,,,,143.908,,,,,,,,,,213.406,,,,,
91569,40220751010497,2010,48.724127,-120.050824,47,2,,,,,,,,,,47.739,,,,,,,,,,46.66,,
91587,22399016010497,2005,48.571977,-121.434186,57,2,,,,,390.902,,,,,,,,,,305.995,,,,,,,
91591,24882323010900,2004,47.653374,-124.313039,31,2,,,,161.847,,,,,,,,,,222.324,,,,,,,,
91607,29395747010497,2008,48.73547,-117.713877,65,2,,,,,,,,122.048,,,,,,,,,,154.298,,,,
91618,29395633010497,2008,48.55284,-121.589629,57,2,,,,,,,,285.317,,,,,,,,,,343.85,,,,
91622,22954682010497,2007,48.305793,-121.8148,57,2,,,,,,,508.292,,,,,,,,,,545.692,,,,,
91627,22398565010497,2003,48.306539,-121.378916,57,2,,,235.869,,,,,,,,,,152.732,,,,,,,,,
91631,22398577010497,2003,45.773314,-121.795787,59,2,,,416.027,,,,,,,,,,472.248,,,,,,,,,
91641,29395017010497,2008,48.773322,-117.533056,51,2,,,,,,,,33.169,,,,,,,,,,36.711,,,,
91671,8608289010901,2006,47.379235,-123.837486,27,2,,,,,,283.492,,,,,,,,,,257.458,,,,,,
91692,48206353010497,2011,48.18102,-120.127536,47,2,,,,,,,,,,,96.621,,,,,,,,,,57.215,
91693,29395551010497,2008,47.91745,-120.435151,7,2,,,,,,,,27.987,,,,,,,,,,65.435,,,,
91710,8623724010901,2006,48.521608,-119.921793,47,2,,,,,,141.544,,,,,,,,,,37.453,,,,,,
91717,12973392010497,2005,47.919553,-124.476639,9,2,,,,,33.268,,,,,,,,,,86.159,,,,,,,
91720,48206654010497,2011,48.576591,-118.621111,19,2,,,,,,,,,,,68.112,,,,,,,,,,77.136,
91742,48202992010497,2011,48.423865,-117.377801,51,2,,,,,,,,,,,149.15,,,,,,,,,,141.724,
91755,24154282010900,2002,47.174298,-120.354225,37,2,,56.383,,,,,,,,,,,,,,,,,,,,37.677
91819,48206385010497,2011,47.804738,-120.952278,7,2,,,,,,,,,,,258.541,,,,,,,,,,290.683,
91820,12993566010497,2005,46.392977,-121.021012,77,2,,,,,59.093,,,,,,,,,,62.141,,,,,,,
91825,29883003010497,2009,47.489001,-121.40683,33,2,,,,,,,,,145.753,,,,,,,,,,184.494,,,
91852,25080791010900,2004,47.806837,-117.544917,65,2,,,,8.29,,,,,,,,,,15.167,,,,,,,,
91861,24510595010900,2003,48.052372,-120.824243,7,2,,,435.222,,,,,,,,,,481.936,,,,,,,,,
91865,24464353010900,2003,48.990639,-121.198782,73,2,,,42.131,,,,,,,,,,50.683,,,,,,,,,
91866,13055470010497,2005,47.411934,-121.00164,37,2,,,,,1.118,,,,,,,,,,7.055,,,,,,,
91868,22954490010497,2007,47.584626,-122.750548,35,2,,,,,,,113.859,,,,,,,,,,215.123,,,,,
91898,40403369010497,2010,48.527266,-121.516222,57,2,,,,,,,,,,86.185,,,,,,,,,,103.289,,
91922,29883218010497,2009,46.610464,-121.887728,41,2,,,,,,,,,117.535,,,,,,,,,,91.506,,,
91935,22954454010497,2007,46.758728,-122.395431,41,2,,,,,,,45.458,,,,,,,,,,150.844,,,,,
91938,24526796010900,2003,46.835546,-123.814515,27,2,,,22.186,,,,,,,,,,77.168,,,,,,,,,
91964,22398627010497,2003,48.716144,-120.908791,73,2,,,204.522,,,,,,,,,,187.368,,,,,,,,,
91974,24828602010900,2004,48.993151,-122.619171,73,2,,,,99.518,,,,,,,,,,114.99,,,,,,,,
91975,22954784010497,2007,48.788215,-119.164357,47,2,,,,,,,121.337,,,,,,,,,,103.713,,,,,
91991,22399187010497,2006,46.668424,-122.285096,41,2,,,,,,160.717,,,,,,,,,,239.262,,,,,,
92004,13008616010497,2005,48.006667,-121.273216,61,2,,,,,328.712,,,,,,,,,,312.825,,,,,,,
92031,48206185010497,2011,46.169807,-122.077048,59,2,,,,,,,,,,,307.582,,,,,,,,,,407.07,
92033,12982973010497,2005,48.830055,-118.694306,19,2,,,,,6.489,,,,,,,,,,24.14,,,,,,,
92038,24853900010900,2004,48.530203,-120.313939,47,2,,,,48.001,,,,,,,,,,65.218,,,,,,,,
92052,22932942010497,2008,47.055156,-122.393443,53,2,,,,,,,,111.039,,,,,,,,,,161.126,,,,
92079,48206198010497,2011,46.313647,-121.683767,59,2,,,,,,,,,,,460.466,,,,,,,,,,528.907,
92096,13014563010497,2005,48.516886,-118.136131,65,2,,,,,6.481,,,,,,,,,,21.969,,,,,,,
92100,40220631010497,2010,48.149674,-120.756654,7,2,,,,,,,,,,233.125,,,,,,,,,,223.885,,
92102,40220661010497,2010,48.177756,-117.552764,65,2,,,,,,,,,,10.613,,,,,,,,,,1.605,,
92103,40220438010497,2010,47.376665,-123.679066,27,2,,,,,,,,,,473.393,,,,,,,,,,604.797,,
92110,22398594010497,2003,46.361799,-121.574289,59,2,,,154.059,,,,,,,,,,190.781,,,,,,,,,
92117,29395523010497,2008,48.883866,-118.295616,19,2,,,,,,,,130.141,,,,,,,,,,152.134,,,,
92137,24861254010900,2004,47.992273,-120.612582,7,2,,,,147.268,,,,,,,,,,119.319,,,,,,,,
92175,8654778010901,2006,45.752211,-122.25932,11,2,,,,,,338.017,,,,,,,,,,399.025,,,,,,
92178,12986046010497,2005,47.04032,-123.451815,27,2,,,,,45.236,,,,,,,,,,158.106,,,,,,,
92180,29883456010497,2009,48.116392,-123.663314,9,2,,,,,,,,,171.217,,,,,,,,,,242.728,,,
92220,29883402010497,2009,46.679955,-121.817813,41,2,,,,,,,,,347.547,,,,,,,,,,402.71,,,
92223,22398637010497,2004,47.395802,-120.520034,7,2,,,,97.079,,,,,,,,,,99.07,,,,,,,,
92227,29883144010497,2009,47.503538,-123.405837,45,2,,,,,,,,,375.661,,,,,,,,,,354.184,,,
92234,40403409010497,2010,47.922143,-120.65466,7,2,,,,,,,,,,88.262,,,,,,,,,,82.355,,
92242,48206235010497,2011,46.460099,-121.573348,41,2,,,,,,,,,,,370.805,,,,,,,,,,427.836,
92243,48206563010497,2011,45.727636,-122.225011,59,2,,,,,,,,,,,99.3,,,,,,,,,,80.834,
92272,8623242010901,2006,48.485328,-120.581539,47,2,,,,,,122.446,,,,,,,,,,98.604,,,,,,
92280,22398502010497,2003,47.525434,-123.213662,45,2,,,86.426,,,,,,,,,,100.616,,,,,,,,,
92295,48206269010497,2011,48.584962,-117.655407,65,2,,,,,,,,,,,162.738,,,,,,,,,,189.653,
92319,22954596010497,2007,48.264268,-121.786102,61,2,,,,,,,304.282,,,,,,,,,,306.736,,,,,
92346,29395741010497,2008,48.678681,-122.001177,73,2,,,,,,,,30.176,,,,,,,,,,33.382,,,,
92354,48204259010497,2011,48.11603,-124.187328,9,2,,,,,,,,,,,258.517,,,,,,,,,,270.574,
92363,40220114010497,2010,46.003057,-121.123262,39,2,,,,,,,,,,190.356,,,,,,,,,,218.725,,
92383,40220611010497,2010,48.067097,-123.621432,9,2,,,,,,,,,,375.64,,,,,,,,,,453.908,,
92440,29882832010497,2009,46.60843,-121.715263,41,2,,,,,,,,,514.048,,,,,,,,,,475.579,,,
92454,24487262010900,2003,48.394222,-117.127236,51,2,,,13.466,,,,,,,,,,27.263,,,,,,,,,
92466,25095614010900,2004,47.649321,-120.356774,7,2,,,,19.335,,,,,,,,,,36.344,,,,,,,,
92468,193208998020004,2007,47.60141,-123.832003,31,2,,,,,,,611.309,,,,,,,,,,642.716,,,,,
92487,48203282010497,2011,47.262498,-120.761003,37,2,,,,,,,,,,,116.68,,,,,,,,,,134.423,
92534,29883372010497,2009,47.970779,-123.29466,9,2,,,,,,,,,179.714,,,,,,,,,,209.97,,,
92561,22931136010497,2008,48.389274,-118.548365,19,2,,,,,,,,93.261,,,,,,,,,,112.711,,,,
92568,8650805010901,2006,47.797645,-120.69263,7,2,,,,,,242.299,,,,,,,,,,241.323,,,,,,
92573,22398701010497,2004,47.121197,-121.489776,33,2,,,,164.956,,,,,,,,,,221.6,,,,,,,,
92580,40403526010497,2010,46.902156,-121.489813,77,2,,,,,,,,,,25.613,,,,,,,,,,36.308,,
92624,24840109010900,2004,47.306402,-120.642103,37,2,,,,74.761,,,,,,,,,,75.969,,,,,,,,
92629,22398525010497,2003,48.637481,-119.846327,47,2,,,19.813,,,,,,,,,,64.656,,,,,,,,,
92636,22399171010497,2006,47.391588,-121.181777,37,2,,,,,,96.046,,,,,,,,,,111.051,,,,,,
92642,29883096010497,2009,46.108072,-117.366325,3,2,,,,,,,,,199.869,,,,,,,,,,226.865,,,
92651,22954389010497,2007,46.29102,-121.960686,59,2,,,,,,,455.963,,,,,,,,,,440.773,,,,,
92669,22932970010497,2008,47.286104,-121.027453,37,2,,,,,,,,89.686,,,,,,,,,,100.069,,,,
92690,22398580010497,2003,45.975475,-122.04793,59,2,,,52.447,,,,,,,,,,86.624,,,,,,,,,
92691,40220821010497,2010,47.835312,-121.316692,61,2,,,,,,,,,,214.226,,,,,,,,,,304.962,,
92695,22954642010497,2007,47.939316,-120.327084,7,2,,,,,,,26.84,,,,,,,,,,32.129,,,,,
92708,22398434010497,2003,48.492791,-118.368191,19,2,,,170.369,,,,,,,,,,209.178,,,,,,,,,
92759,22827467010497,2007,46.235092,-121.721855,59,2,,,,,,,89.285,,,,,,,,,,104.19,,,,,
92761,29883169010497,2009,46.378061,-123.490088,69,2,,,,,,,,,10.747,,,,,,,,,,74.816,,,
92763,29394879010497,2008,46.631573,-121.099688,77,2,,,,,,,,96.526,,,,,,,,,,111.688,,,,
92770,48206165010497,2011,47.403401,-123.506146,27,2,,,,,,,,,,,337.319,,,,,,,,,,399.873,
92772,24850522010900,2004,47.479659,-123.009918,45,2,,,,306.629,,,,,,,,,,303.246,,,,,,,,
92789,29883371010497,2009,47.977271,-123.824141,9,2,,,,,,,,,91.606,,,,,,,,,,93.145,,,
92834,24159666010900,2002,46.459456,-123.043349,41,2,,6.314,,,,,,,,,,,,,,,,,,,,227.138
92838,30852577020004,2012,48.090029,-121.827556,61,2,,,,,,,,,,,,245.523,,,,,,,,,,337.394
92845,30764105020004,2012,48.185184,-119.818458,47,2,,,,,,,,,,,,19.974,,,,,,,,,,24.754
92851,22954469010497,2007,46.897487,-121.166389,77,2,,,,,,,59.759,,,,,,,,,,78.116,,,,,
92873,29395662010497,2008,46.170616,-122.183366,59,2,,,,,,,,46.511,,,,,,,,,,67.232,,,,
92897,22827731010497,2007,47.815324,-120.327227,7,2,,,,,,,0.326,,,,,,,,,,1.336,,,,,
92908,48206596010497,2011,46.219312,-122.111694,59,2,,,,,,,,,,,15.834,,,,,,,,,,52.4,
92927,24827889010900,2004,48.90455,-121.846536,73,2,,,,394.446,,,,,,,,,,464.295,,,,,,,,
92956,40220580010497,2010,47.937545,-121.466315,61,2,,,,,,,,,,2.693,,,,,,,,,,4.515,,
92965,29881968010497,2009,48.430614,-121.922754,57,2,,,,,,,,,337.643,,,,,,,,,,326.666,,,
92968,24468790010900,2003,46.884484,-120.804355,77,2,,,55.701,,,,,,,,,,57.008,,,,,,,,,
92972,22933109010497,2008,47.722245,-121.645797,33,2,,,,,,,,99.002,,,,,,,,,,204.947,,,,
92976,29883147010497,2009,47.387782,-121.073437,37,2,,,,,,,,,195.719,,,,,,,,,,99.686,,,
92999,24881232010900,2004,47.51808,-123.901072,31,2,,,,449.55,,,,,,,,,,352.947,,,,,,,,
93029,25068518010900,2004,47.112842,-121.509195,53,2,,,,101.053,,,,,,,,,,211.656,,,,,,,,
93038,22827728010497,2007,48.798413,-117.525927,51,2,,,,,,,168.505,,,,,,,,,,117.853,,,,,
93045,24201837010900,2002,46.248333,-123.380264,69,2,,61.387,,,,,,,,,,125.803,,,,,,,,,,
93046,30764344020004,2012,46.789253,-123.658086,49,2,,,,,,,,,,,,284.552,,,,,,,,,,387.423
93054,13199766010497,2004,48.653548,-122.026871,73,2,,,,13.44,,,,,,,,,,57.877,,,,,,,,
93061,29883150010497,2009,48.385452,-117.195544,51,2,,,,,,,,,180.286,,,,,,,,,,190.645,,,
93070,22398910010497,2005,48.756136,-118.30115,19,2,,,,,29.239,,,,,,,,,,52.166,,,,,,,
93073,24516474010900,2003,48.262793,-124.48562,9,2,,,242.828,,,,,,,,,,354.486,,,,,,,,,
93075,29882824010497,2009,47.988483,-123.946915,9,2,,,,,,,,,57.685,,,,,,,,,,123.0,,,
93082,22827688010497,2007,46.263532,-121.784202,59,2,,,,,,,336.517,,,,,,,,,,335.786,,,,,
93095,22399123010497,2006,48.783943,-118.306748,19,2,,,,,,259.46,,,,,,,,,,68.978,,,,,,
93105,48206367010497,2011,47.790462,-121.64691,61,2,,,,,,,,,,,256.788,,,,,,,,,,179.315,
93119,29881967010497,2009,48.871867,-117.548973,65,2,,,,,,,,,93.407,,,,,,,,,,99.651,,,
93133,22954613010497,2007,48.243255,-117.863527,65,2,,,,,,,19.844,,,,,,,,,,54.292,,,,,
93140,29882765010497,2009,47.106493,-122.618432,53,2,,,,,,,,,216.977,,,,,,,,,,293.792,,,
93144,22398236010497,2002,47.74312,-121.535319,33,2,,362.178,,,,,,,,,,341.675,,,,,,,,,,
93147,22398841010497,2004,48.689739,-120.840228,73,2,,,,29.661,,,,,,,,,,35.017,,,,,,,,
93154,24849306010900,2004,47.917315,-118.612979,43,2,,,,66.425,,,,,,,,,,76.817,,,,,,,,
93168,8603585010901,2006,48.243432,-118.594381,19,2,,,,,,64.969,,,,,,,,,,81.456,,,,,,
93194,48206206010497,2011,47.925038,-120.801024,7,2,,,,,,,,,,,125.057,,,,,,,,,,186.869,
93199,22933211010497,2008,48.143176,-122.467166,29,2,,,,,,,,82.52,,,,,,,,,,140.35,,,,
93210,22931130010497,2008,48.302532,-117.067807,51,2,,,,,,,,95.384,,,,,,,,,,156.715,,,,
93213,48206302010497,2011,48.308469,-121.743961,57,2,,,,,,,,,,,506.539,,,,,,,,,,560.919,
93223,22398444010497,2003,48.964631,-118.362169,19,2,,,261.159,,,,,,,,,,273.224,,,,,,,,,
93279,24871028010900,2004,48.196629,-118.276043,19,2,,,,64.625,,,,,,,,,,57.645,,,,,,,,
93298,29881550010497,2009,48.28309,-120.304837,47,2,,,,,,,,,123.672,,,,,,,,,,138.34,,,
93336,40220848010497,2010,48.565225,-120.810481,57,2,,,,,,,,,,139.456,,,,,,,,,,137.669,,
93340,22398883010497,2005,47.975108,-120.683008,7,2,,,,,83.128,,,,,,,,,,81.359,,,,,,,
93351,22827557010497,2007,48.863263,-119.865801,47,2,,,,,,,240.185,,,,,,,,,,233.451,,,,,
93365,40403568010497,2010,48.650819,-120.212369,47,2,,,,,,,,,,66.643,,,,,,,,,,54.984,,
93367,24497597010900,2003,46.14638,-122.037816,59,2,,,102.236,,,,,,,,,,186.888,,,,,,,,,
93401,22827448010497,2007,45.9721,-121.69378,59,2,,,,,,,149.793,,,,,,,,,,189.717,,,,,
93428,22930959010497,2008,46.287602,-121.613758,59,2,,,,,,,,133.108,,,,,,,,,,143.348,,,,
93436,12978919010497,2005,48.159036,-118.785264,19,2,,,,,24.314,,,,,,,,,,35.624,,,,,,,
93439,24543974010900,2003,46.443003,-122.105797,41,2,,,683.462,,,,,,,,,,635.93,,,,,,,,,
93444,29395511010497,2008,48.427395,-121.408171,57,2,,,,,,,,24.547,,,,,,,,,,89.545,,,,
93445,48203767010497,2011,47.05349,-123.194002,67,2,,,,,,,,,,,173.244,,,,,,,,,,239.103,
93458,22399079010497,2005,46.849565,-121.099715,77,2,,,,,158.732,,,,,,,,,,189.121,,,,,,,
93459,25096600010900,2004,47.789853,-120.753448,7,2,,,,5.925,,,,,,,,,,28.399,,,,,,,,
93488,12987281010497,2005,46.354272,-123.449022,69,2,,,,,423.312,,,,,,,,,,442.845,,,,,,,
93497,29395687010497,2008,46.263593,-121.613961,59,2,,,,,,,,217.438,,,,,,,,,,257.043,,,,
93511,13020020010497,2005,47.504435,-123.246873,45,2,,,,,606.839,,,,,,,,,,659.889,,,,,,,
93515,24162189010900,2002,46.630546,-121.533836,41,2,,252.392,,,,,,,,,,267.062,,,,,,,,,,
93542,22398857010497,2004,46.657742,-121.359746,77,2,,,,209.74,,,,,,,,,,174.032,,,,,,,,
93543,22398246010497,2002,47.241643,-121.33516,37,2,,303.974,,,,,,,,,,327.733,,,,,,,,,,
93570,12992742010497,2005,46.355782,-121.343075,77,2,,,,,433.157,,,,,,,,,,402.439,,,,,,,
93573,22399053010497,2005,48.134404,-121.381044,61,2,,,,,337.333,,,,,,,,,,362.179,,,,,,,
93575,22399077010497,2005,46.647105,-121.176456,77,2,,,,,368.152,,,,,,,,,,323.836,,,,,,,
93580,22827583010497,2007,48.698156,-120.096927,47,2,,,,,,,40.377,,,,,,,,,,18.744,,,,,
93617,48206497010497,2011,47.050335,-121.521656,53,2,,,,,,,,,,,96.031,,,,,,,,,,35.709,
93641,22954504010497,2007,47.665677,-121.496232,33,2,,,,,,,171.857,,,,,,,,,,251.77,,,,,
93656,8604981010901,2006,48.623755,-118.131601,19,2,,,,,,28.83,,,,,,,,,,31.976,,,,,,
93663,22399148010497,2006,47.331293,-123.729373,27,2,,,,,,134.636,,,,,,,,,,255.443,,,,,,
93666,48206570010497,2011,46.11999,-122.007071,59,2,,,,,,,,,,,154.806,,,,,,,,,,169.019,
93681,22933097010497,2008,47.674612,-124.182094,31,2,,,,,,,,300.623,,,,,,,,,,251.83,,,,
93683,22399067010497,2005,48.261279,-117.540659,65,2,,,,,284.166,,,,,,,,,,306.994,,,,,,,
93702,22827653010497,2007,47.176404,-121.478295,33,2,,,,,,,109.108,,,,,,,,,,148.855,,,,,
93727,22931167010497,2008,48.703094,-121.846614,73,2,,,,,,,,231.738,,,,,,,,,,286.895,,,,
93730,29881549010497,2009,48.305813,-121.576986,57,2,,,,,,,,,273.036,,,,,,,,,,253.416,,,
93740,22399114010497,2006,48.044667,-123.517524,9,2,,,,,,404.427,,,,,,,,,,404.97,,,,,,
93745,29882045010497,2009,47.09509,-121.090994,37,2,,,,,,,,,354.177,,,,,,,,,,379.464,,,
93759,48202542010497,2011,46.142843,-117.472112,23,2,,,,,,,,,,,38.275,,,,,,,,,,91.319,
93763,24869389010900,2004,46.067546,-122.355076,15,2,,,,123.602,,,,,,,,,,211.757,,,,,,,,
93764,22398787010497,2004,48.502291,-121.221332,57,2,,,,76.623,,,,,,,,,,98.051,,,,,,,,
93767,24534050010900,2003,48.035796,-122.786766,31,2,,,186.119,,,,,,,,,,252.248,,,,,,,,,
93770,29395704010497,2008,48.432676,-121.851871,57,2,,,,,,,,65.239,,,,,,,,,,108.775,,,,
93771,22931008010497,2008,46.493372,-123.023256,41,2,,,,,,,,127.274,,,,,,,,,,194.853,,,,
93772,22954788010497,2007,48.717435,-117.342002,51,2,,,,,,,122.91,,,,,,,,,,175.436,,,,,
93782,48205328010497,2011,48.216973,-119.23464,47,2,,,,,,,,,,,17.495,,,,,,,,,,28.642,
93784,24208346010900,2002,46.326166,-121.080365,77,2,,235.471,,,,,,,,,,,,,,,,,,,,77.144
93802,29395694010497,2008,47.830655,-121.024378,7,2,,,,,,,,304.994,,,,,,,,,,374.305,,,,
93808,22954542010497,2007,47.288413,-122.336003,33,2,,,,,,,194.85,,,,,,,,,,180.513,,,,,
93839,40220123010497,2010,46.086793,-121.617713,59,2,,,,,,,,,,294.721,,,,,,,,,,299.989,,
93845,22930995010497,2008,46.44148,-121.967734,41,2,,,,,,,,450.176,,,,,,,,,,452.033,,,,
93847,22399014010497,2005,48.452698,-121.448004,57,2,,,,,266.323,,,,,,,,,,298.396,,,,,,,
93852,48206567010497,2011,48.763131,-117.263952,51,2,,,,,,,,,,,226.702,,,,,,,,,,273.248,
93872,22399182010497,2006,46.689131,-122.357242,41,2,,,,,,46.065,,,,,,,,,,125.39,,,,,,
93876,22954695010497,2007,48.403884,-122.00743,57,2,,,,,,,47.484,,,,,,,,,,95.589,,,,,
93878,24837618010900,2004,47.652094,-122.536784,35,2,,,,453.366,,,,,,,,,,331.685,,,,,,,,
93880,24530286010900,2003,48.213747,-122.458844,29,2,,,266.9,,,,,,,,,,271.295,,,,,,,,,
93890,8634178010901,2006,45.751344,-121.688965,59,2,,,,,,115.47,,,,,,,,,,190.114,,,,,,
93897,22954475010497,2007,46.976771,-121.739393,53,2,,,,,,,363.763,,,,,,,,,,328.091,,,,,
93921,40220253010497,2010,46.634727,-121.604796,41,2,,,,,,,,,,261.604,,,,,,,,,,280.429,,
93932,193209020020004,2007,47.40737,-123.689681,27,2,,,,,,,153.185,,,,,,,,,,262.718,,,,,
93944,12965290010497,2005,47.581304,-120.339879,7,2,,,,,121.627,,,,,,,,,,143.23,,,,,,,
93955,40403557010497,2010,48.647947,-117.425729,51,2,,,,,,,,,,84.497,,,,,,,,,,82.342,,
93966,22933221010497,2008,48.136044,-120.310318,47,2,,,,,,,,134.302,,,,,,,,,,193.773,,,,
93968,8626869010901,2006,48.985183,-120.714109,47,2,,,,,,402.839,,,,,,,,,,112.078,,,,,,
93975,29394740010497,2007,48.977387,-118.851878,47,2,,,,,,,94.455,,,,,,,,,,104.805,,,,,
93976,193209222020004,2007,48.472768,-121.183427,57,2,,,,,,,135.027,,,,,,,,,,181.383,,,,,
93984,22399250010497,2006,48.628607,-121.92529,57,2,,,,,,133.785,,,,,,,,,,141.076,,,,,,
93998,13022435010497,2005,48.434283,-120.44728,47,2,,,,,2.486,,,,,,,,,,5.73,,,,,,,
93999,40220823010497,2010,46.512517,-121.857282,41,2,,,,,,,,,,297.386,,,,,,,,,,282.226,,
94015,29881632010497,2009,48.917554,-120.046733,47,2,,,,,,,,,41.122,,,,,,,,,,42.639,,,
94016,8609953010901,2006,47.67897,-123.888681,31,2,,,,,,464.817,,,,,,,,,,354.883,,,,,,
94020,29395544010497,2008,48.282919,-120.26935,47,2,,,,,,,,119.831,,,,,,,,,,136.284,,,,
94024,48205419010497,2011,46.718439,-121.03536,77,2,,,,,,,,,,,25.061,,,,,,,,,,25.228,
94027,29395688010497,2008,48.61246,-119.694742,47,2,,,,,,,,72.406,,,,,,,,,,64.485,,,,
94031,22954755010497,2007,48.518113,-118.070751,65,2,,,,,,,164.576,,,,,,,,,,158.82,,,,,
94046,13012518010497,2005,47.896638,-117.721808,65,2,,,,,58.758,,,,,,,,,,82.131,,,,,,,
94047,24856517010900,2004,48.019941,-118.865545,47,2,,,,7.383,,,,,,,,,,14.153,,,,,,,,
94054,24542842010900,2003,45.962405,-120.478016,39,2,,,96.387,,,,,,,,,,56.865,,,,,,,,,
94055,40220712010497,2010,48.555411,-121.420992,57,2,,,,,,,,,,101.434,,,,,,,,,,135.878,,
94087,24839927010900,2004,47.318488,-121.004466,37,2,,,,103.506,,,,,,,,,,132.229,,,,,,,,
94102,22399023010497,2005,46.317141,-122.044735,59,2,,,,,291.93,,,,,,,,,,329.061,,,,,,,
94116,193209210020004,2007,47.99975,-123.031775,9,2,,,,,,,45.646,,,,,,,,,,116.046,,,,,
94119,29881959010497,2009,48.649437,-121.847391,73,2,,,,,,,,,253.394,,,,,,,,,,340.219,,,
94139,48202644010497,2011,47.022,-121.236926,77,2,,,,,,,,,,,300.478,,,,,,,,,,311.439,
94146,29883220010497,2009,48.527636,-121.546058,57,2,,,,,,,,,302.251,,,,,,,,,,343.781,,,
94151,40220564010497,2010,47.859334,-121.63576,61,2,,,,,,,,,,60.115,,,,,,,,,,67.384,,
94163,29395564010497,2008,46.611643,-121.926662,41,2,,,,,,,,151.95,,,,,,,,,,206.227,,,,
94180,40403573010497,2010,47.454827,-120.675527,7,2,,,,,,,,,,226.326,,,,,,,,,,198.333,,
94207,22398961010497,2005,48.907768,-118.898279,47,2,,,,,89.948,,,,,,,,,,100.308,,,,,,,
94225,48204154010497,2011,46.805662,-123.686687,27,2,,,,,,,,,,,0.122,,,,,,,,,,53.671,
94252,48206381010497,2011,47.671517,-120.447232,7,2,,,,,,,,,,,137.84,,,,,,,,,,144.492,
94253,24876232010900,2004,46.806636,-123.22804,27,2,,,,118.659,,,,,,,,,,268.03,,,,,,,,
94289,29883204010497,2009,47.673839,-120.598356,7,2,,,,,,,,,68.486,,,,,,,,,,87.216,,,
94325,24185701010900,2002,48.506293,-122.010226,57,2,,92.298,,,,,,,,,,165.536,,,,,,,,,,
94348,40220530010497,2010,47.762552,-121.246179,33,2,,,,,,,,,,389.952,,,,,,,,,,401.247,,
94363,22398923010497,2005,47.692983,-121.574426,33,2,,,,,451.407,,,,,,,,,,326.968,,,,,,,
94405,22398691010497,2004,47.447002,-123.507428,27,2,,,,1.179,,,,,,,,,,2.167,,,,,,,,
94406,48206545010497,2011,47.357911,-120.752254,37,2,,,,,,,,,,,227.86,,,,,,,,,,135.17,
94430,24547883010900,2003,47.862802,-118.467541,43,2,,,110.7,,,,,,,,,,115.869,,,,,,,,,
94469,29883284010497,2009,46.062835,-121.721427,59,2,,,,,,,,,302.454,,,,,,,,,,292.792,,,
94471,22399057010497,2005,48.252027,-121.306439,61,2,,,,,168.456,,,,,,,,,,165.37,,,,,,,
94479,48206678010497,2011,48.9093,-118.965568,47,2,,,,,,,,,,,20.003,,,,,,,,,,27.851,
94482,22398707010497,2004,46.999427,-121.090291,37,2,,,,169.196,,,,,,,,,,172.421,,,,,,,,
94494,29395593010497,2008,46.311924,-121.541672,59,2,,,,,,,,112.85,,,,,,,,,,132.297,,,,
94495,48203953010497,2011,46.586312,-122.21608,41,2,,,,,,,,,,,181.47,,,,,,,,,,244.677,
94511,22399283010497,2006,48.040987,-121.634666,61,2,,,,,,109.377,,,,,,,,,,207.349,,,,,,
94512,29883203010497,2009,47.098685,-121.444657,33,2,,,,,,,,,181.945,,,,,,,,,,198.137,,,
94513,22828657010497,2007,48.669954,-117.790692,65,2,,,,,,,283.816,,,,,,,,,,299.969,,,,,
94514,40220416010497,2010,47.278,-120.792864,37,2,,,,,,,,,,79.426,,,,,,,,,,116.203,,
94519,40220693010497,2010,48.335399,-117.570733,65,2,,,,,,,,,,185.119,,,,,,,,,,224.646,,
94525,22398965010497,2005,48.431215,-120.403541,47,2,,,,,13.659,,,,,,,,,,25.66,,,,,,,
94529,22933074010497,2008,47.573555,-121.640433,33,2,,,,,,,,43.459,,,,,,,,,,121.92,,,,
94532,22399231010497,2006,48.612178,-120.768691,47,2,,,,,,99.901,,,,,,,,,,104.492,,,,,,
94562,22399102010497,2006,47.551524,-120.757628,7,2,,,,,,3.943,,,,,,,,,,5.078,,,,,,
94580,22398365010497,2002,48.900739,-118.033082,65,2,,103.734,,,,,,,,,,81.384,,,,,,,,,,
94589,24529322010900,2003,47.47526,-124.110099,27,2,,,4.461,,,,,,,,,,27.21,,,,,,,,,
94620,48205048010497,2011,47.037021,-122.951565,67,2,,,,,,,,,,,1.303,,,,,,,,,,29.158,
94622,12966246010497,2005,47.750062,-120.699405,7,2,,,,,198.828,,,,,,,,,,255.408,,,,,,,
94635,22398493010497,2003,46.614933,-121.750531,41,2,,,180.436,,,,,,,,,,252.901,,,,,,,,,
94640,12981004010497,2005,48.544536,-118.322555,19,2,,,,,102.591,,,,,,,,,,111.134,,,,,,,
94643,29883137010497,2009,46.485375,-121.644451,41,2,,,,,,,,,103.285,,,,,,,,,,193.711,,,
94645,40220830010497,2010,46.608604,-121.640907,41,2,,,,,,,,,,406.441,,,,,,,,,,446.512,,
94650,48202648010497,2011,46.726298,-121.386017,77,2,,,,,,,,,,,242.297,,,,,,,,,,263.743,
94655,40403521010497,2010,47.700805,-120.664611,7,2,,,,,,,,,,127.106,,,,,,,,,,57.158,,
94676,22933013010497,2008,47.303452,-120.496723,37,2,,,,,,,,280.821,,,,,,,,,,147.553,,,,
94683,22954473010497,2007,46.929257,-120.871111,37,2,,,,,,,84.521,,,,,,,,,,103.97,,,,,
94699,48203062010497,2011,48.833209,-118.099906,65,2,,,,,,,,,,,0.141,,,,,,,,,,11.308,
94704,40403376010497,2010,48.714168,-117.269538,51,2,,,,,,,,,,104.391,,,,,,,,,,100.999,,
94708,24843607010900,2004,46.448864,-122.71411,41,2,,,,180.951,,,,,,,,,,286.642,,,,,,,,
94724,22398603010497,2003,48.141401,-121.785944,61,2,,,63.094,,,,,,,,,,142.618,,,,,,,,,
94725,8637011010901,2006,47.923646,-121.607819,61,2,,,,,,75.235,,,,,,,,,,106.555,,,,,,
94734,22398789010497,2004,45.925049,-122.122663,59,2,,,,18.167,,,,,,,,,,66.693,,,,,,,,
94735,24492095010900,2003,48.51007,-122.887085,55,2,,,65.213,,,,,,,,,,135.371,,,,,,,,,
94745,22399097010497,2006,47.947376,-120.796956,7,2,,,,,,415.551,,,,,,,,,,313.682,,,,,,
94759,22827758010497,2006,48.600176,-119.990087,47,2,,,,,,16.111,,,,,,,,,,26.466,,,,,,
94782,13057215010497,2005,45.882057,-121.282517,39,2,,,,,25.943,,,,,,,,,,38.952,,,,,,,
94802,24499760010900,2003,47.836437,-121.508613,61,2,,,934.42,,,,,,,,,,980.225,,,,,,,,,
94817,13011454010497,2005,47.59747,-117.136539,63,2,,,,,31.579,,,,,,,,,,53.669,,,,,,,
94833,8601215010901,2006,46.186342,-117.837773,13,2,,,,,,25.891,,,,,,,,,,13.359,,,,,,
94841,29395637010497,2008,45.874366,-122.081953,59,2,,,,,,,,401.444,,,,,,,,,,332.138,,,,
94872,22828662010497,2007,48.390303,-117.16039,51,2,,,,,,,129.427,,,,,,,,,,192.608,,,,,
94874,13063479010497,2005,46.689195,-123.167072,41,2,,,,,64.908,,,,,,,,,,214.035,,,,,,,
94879,48205729010497,2011,45.892976,-121.694994,59,2,,,,,,,,,,,624.99,,,,,,,,,,515.573,
94882,29883385010497,2009,48.004704,-121.12816,61,2,,,,,,,,,36.892,,,,,,,,,,36.868,,,
94890,29395582010497,2008,48.385531,-117.60243,65,2,,,,,,,,200.466,,,,,,,,,,219.594,,,,
94891,40220397010497,2010,47.23224,-121.869143,33,2,,,,,,,,,,133.747,,,,,,,,,,226.208,,
94926,22399026010497,2005,46.067427,-121.970397,59,2,,,,,868.184,,,,,,,,,,867.409,,,,,,,
94948,22954531010497,2007,47.225574,-122.861025,45,2,,,,,,,101.82,,,,,,,,,,167.97,,,,,
94959,48203557010497,2011,46.811711,-121.895177,53,2,,,,,,,,,,,537.397,,,,,,,,,,599.349,
94967,40403488010497,2010,48.72807,-118.719604,19,2,,,,,,,,,,16.086,,,,,,,,,,23.327,,
94968,24484176010900,2003,48.911885,-119.715055,47,2,,,102.604,,,,,,,,,,117.172,,,,,,,,,
94974,22954808010497,2007,48.99114,-121.04765,73,2,,,,,,,128.161,,,,,,,,,,143.879,,,,,
94991,29883202010497,2009,47.869875,-122.993962,9,2,,,,,,,,,478.848,,,,,,,,,,542.26,,,
94992,22398992010497,2005,48.283461,-117.462274,51,2,,,,,180.33,,,,,,,,,,207.714,,,,,,,
95032,22398996010497,2005,48.835132,-117.340454,51,2,,,,,350.149,,,,,,,,,,337.956,,,,,,,
95052,29395685010497,2008,48.543884,-119.884584,47,2,,,,,,,,122.419,,,,,,,,,,131.424,,,,
95064,22931293010497,2008,48.827605,-120.428111,47,2,,,,,,,,37.455,,,,,,,,,,41.368,,,,
95067,29881889010497,2009,48.581761,-120.369761,47,2,,,,,,,,,45.912,,,,,,,,,,51.293,,,
95091,29883229010497,2009,46.256171,-117.389061,3,2,,,,,,,,,62.165,,,,,,,,,,54.903,,,
95117,22931283010497,2008,48.70825,-118.98478,47,2,,,,,,,,62.206,,,,,,,,,,162.264,,,,
95119,22399010010497,2005,48.479169,-121.957911,57,2,,,,,286.862,,,,,,,,,,345.512,,,,,,,
95131,22827632010497,2007,47.848411,-120.589703,7,2,,,,,,,204.116,,,,,,,,,,76.945,,,,,
95138,40220212010497,2010,46.479394,-121.01061,77,2,,,,,,,,,,88.537,,,,,,,,,,104.252,,
95141,29883076010497,2009,47.742292,-121.57252,33,2,,,,,,,,,355.526,,,,,,,,,,328.891,,,
95144,24140501010900,2002,46.909601,-123.504556,27,2,,109.481,,,,,,,,,,162.29,,,,,,,,,,
95147,22399164010497,2006,47.388766,-121.30193,37,2,,,,,,193.354,,,,,,,,,,180.118,,,,,,
95173,22398567010497,2003,48.58001,-121.319679,57,2,,,432.651,,,,,,,,,,460.011,,,,,,,,,
95184,29883081010497,2009,46.08838,-121.763332,59,2,,,,,,,,,79.314,,,,,,,,,,84.948,,,
95185,48206155010497,2011,48.573751,-118.54716,19,2,,,,,,,,,,,13.392,,,,,,,,,,25.986,
95196,40403396010497,2010,48.688355,-118.983279,47,2,,,,,,,,,,37.134,,,,,,,,,,44.095,,
95210,22399031010497,2005,46.114803,-121.836435,59,2,,,,,404.885,,,,,,,,,,443.649,,,,,,,
95268,22954576010497,2007,47.622478,-124.180305,31,2,,,,,,,196.764,,,,,,,,,,278.603,,,,,
95269,8644857010901,2006,48.899943,-121.766464,73,2,,,,,,319.791,,,,,,,,,,298.956,,,,,,
95287,48206464010497,2011,45.847095,-121.800516,59,2,,,,,,,,,,,563.704,,,,,,,,,,643.266,
95288,22398726010497,2004,46.664058,-121.929648,41,2,,,,0.364,,,,,,,,,,2.456,,,,,,,,
95293,48204402010497,2011,47.028218,-123.523464,27,2,,,,,,,,,,,153.401,,,,,,,,,,193.693,
95294,22954812010497,2006,48.983632,-119.792538,47,2,,,,,,112.034,,,,,,,,,,74.865,,,,,,
95297,24457642010900,2003,48.531754,-117.50138,65,2,,,169.521,,,,,,,,,,203.729,,,,,,,,,
95306,13021550010497,2005,48.295496,-119.1947,47,2,,,,,21.291,,,,,,,,,,48.009,,,,,,,
95308,48202811010497,2011,47.481287,-123.470405,45,2,,,,,,,,,,,179.74,,,,,,,,,,105.022,
95315,48203238010497,2011,48.750551,-119.757328,47,2,,,,,,,,,,,219.16,,,,,,,,,,37.297,
95330,24843397010900,2004,46.448467,-123.308126,41,2,,,,161.082,,,,,,,,,,255.806,,,,,,,,
95334,22398743010497,2004,48.603328,-120.064115,47,2,,,,69.041,,,,,,,,,,26.721,,,,,,,,
95358,22954677010497,2007,48.196872,-124.504207,9,2,,,,,,,169.944,,,,,,,,,,269.873,,,,,
95365,193208966020004,2007,45.825544,-121.832059,59,2,,,,,,,665.244,,,,,,,,,,654.758,,,,,
95395,29395549010497,2008,48.537438,-118.253725,19,2,,,,,,,,139.994,,,,,,,,,,150.422,,,,
95397,48206583010497,2011,48.886994,-119.825977,47,2,,,,,,,,,,,124.785,,,,,,,,,,135.611,
95402,8630086010901,2006,46.896665,-121.871507,53,2,,,,,,224.089,,,,,,,,,,212.302,,,,,,
95465,48203179010497,2011,47.891044,-120.325731,7,2,,,,,,,,,,,10.98,,,,,,,,,,34.214,
95480,24480871010900,2003,48.496548,-119.120012,47,2,,,112.422,,,,,,,,,,108.537,,,,,,,,,
95483,22954708010497,2007,48.498458,-121.505813,57,2,,,,,,,149.337,,,,,,,,,,146.986,,,,,
95488,22398696010497,2004,47.727194,-122.921976,31,2,,,,410.64,,,,,,,,,,463.362,,,,,,,,
95506,12966841010497,2005,47.853193,-120.907818,7,2,,,,,455.785,,,,,,,,,,519.987,,,,,,,
95565,24523379010900,2003,48.82626,-118.78407,19,2,,,52.697,,,,,,,,,,80.749,,,,,,,,,
95582,24191612010900,2002,46.28988,-121.75635,59,2,,22.856,,,,,,,,,,,,,,,,,,,,111.373
95598,22933200010497,2008,48.109907,-121.562667,61,2,,,,,,,,332.362,,,,,,,,,,372.779,,,,
95599,29395650010497,2008,46.393563,-122.2212,41,2,,,,,,,,162.386,,,,,,,,,,215.474,,,,
95604,24833598010900,2004,46.925109,-121.308702,77,2,,,,63.012,,,,,,,,,,75.856,,,,,,,,
95626,29881973010497,2009,48.07446,-120.654205,7,2,,,,,,,,,1.051,,,,,,,,,,2.474,,,
95641,22933307010497,2008,48.921994,-117.534771,65,2,,,,,,,,98.628,,,,,,,,,,117.71,,,,
95645,22398864010497,2005,47.869054,-120.369205,7,2,,,,,51.63,,,,,,,,,,65.17,,,,,,,
95646,24509014010900,2003,47.898631,-120.626688,7,2,,,211.496,,,,,,,,,,117.177,,,,,,,,,
95672,40403392010497,2010,48.665203,-117.275108,51,2,,,,,,,,,,333.517,,,,,,,,,,396.337,,
95683,24863845010900,2004,47.986419,-124.580288,9,2,,,,130.687,,,,,,,,,,232.447,,,,,,,,
95685,48205702010497,2011,48.157929,-121.494022,61,2,,,,,,,,,,,281.095,,,,,,,,,,344.687,
95696,29882795010497,2009,46.194971,-122.078898,59,2,,,,,,,,,253.142,,,,,,,,,,356.762,,,
95700,22398628010497,2003,46.945189,-121.089058,77,2,,,17.566,,,,,,,,,,47.996,,,,,,,,,
95726,29882718010497,2009,47.025132,-121.308531,77,2,,,,,,,,,249.252,,,,,,,,,,280.137,,,
95734,48206196010497,2011,48.496957,-119.146627,47,2,,,,,,,,,,,165.248,,,,,,,,,,167.186,
95737,22399237010497,2006,48.844445,-117.444154,51,2,,,,,,75.064,,,,,,,,,,99.242,,,,,,
95741,29881640010497,2009,48.93462,-118.69742,19,2,,,,,,,,,249.382,,,,,,,,,,266.073,,,
95746,22398582010497,2003,46.071736,-121.648909,59,2,,,138.221,,,,,,,,,,248.297,,,,,,,,,
95768,24515981010900,2003,48.186173,-124.656382,9,2,,,187.361,,,,,,,,,,324.013,,,,,,,,,
95779,48206711010497,2011,47.777495,-120.807257,7,2,,,,,,,,,,,327.644,,,,,,,,,,362.102,
95780,13036910010497,2005,48.911085,-117.273733,51,2,,,,,280.695,,,,,,,,,,279.625,,,,,,,
95826,29883325010497,2009,47.892697,-120.407635,7,2,,,,,,,,,58.844,,,,,,,,,,69.529,,,
95833,22933043010497,2008,47.471163,-121.446597,33,2,,,,,,,,318.201,,,,,,,,,,329.165,,,,
95847,22932900010497,2008,45.833741,-120.670507,39,2,,,,,,,,12.482,,,,,,,,,,22.236,,,,
95860,48203539010497,2011,47.526466,-121.933893,33,2,,,,,,,,,,,96.797,,,,,,,,,,114.371,
95865,29395587010497,2008,47.872197,-123.07166,9,2,,,,,,,,70.829,,,,,,,,,,76.037,,,,
95866,13000845010497,2005,48.603869,-121.798102,57,2,,,,,0.688,,,,,,,,,,13.289,,,,,,,
95873,29395718010497,2008,48.802084,-117.557746,51,2,,,,,,,,127.135,,,,,,,,,,168.426,,,,
95879,22931290010497,2008,48.671363,-117.31593,51,2,,,,,,,,43.687,,,,,,,,,,49.358,,,,
95901,22826974010497,2007,47.628178,-117.069705,63,2,,,,,,,209.472,,,,,,,,,,237.363,,,,,
95902,12983687010497,2005,48.865926,-118.33423,19,2,,,,,24.859,,,,,,,,,,74.598,,,,,,,
95930,22954559010497,2006,47.428776,-123.957373,27,2,,,,,,295.446,,,,,,,,,,268.347,,,,,,
95932,29883510010497,2009,48.768351,-119.989268,47,2,,,,,,,,,142.343,,,,,,,,,,93.749,,,
95933,40220147010497,2010,46.036187,-117.351181,3,2,,,,,,,,,,10.574,,,,,,,,,,31.651,,
95937,13053798010497,2005,47.012199,-121.088733,37,2,,,,,272.186,,,,,,,,,,231.423,,,,,,,
95952,24535669010900,2003,47.477027,-121.639169,33,2,,,495.571,,,,,,,,,,549.476,,,,,,,,,
95968,22954681010497,2007,48.094862,-117.795701,65,2,,,,,,,53.847,,,,,,,,,,80.43,,,,,
95969,13060802010497,2005,46.535661,-121.534319,41,2,,,,,212.546,,,,,,,,,,261.059,,,,,,,
96018,29395686010497,2008,48.609505,-117.65281,65,2,,,,,,,,9.193,,,,,,,,,,5.266,,,,
96021,8646141010901,2006,46.161392,-121.259643,77,2,,,,,,113.835,,,,,,,,,,137.309,,,,,,
96034,22399276010497,2006,46.19217,-121.935361,59,2,,,,,,432.183,,,,,,,,,,399.116,,,,,,
96041,48203323010497,2011,48.975955,-121.802509,73,2,,,,,,,,,,,86.855,,,,,,,,,,124.068,
96057,24172809010900,2002,48.825543,-120.494181,47,2,,195.062,,,,,,,,,,169.218,,,,,,,,,,
96067,40220759010497,2010,48.7567,-119.054736,47,2,,,,,,,,,,42.385,,,,,,,,,,66.342,,
96073,22933165010497,2008,47.936543,-121.502175,61,2,,,,,,,,138.399,,,,,,,,,,147.737,,,,
96092,22954493010497,2007,48.161754,-121.786114,61,2,,,,,,,281.151,,,,,,,,,,336.088,,,,,
96129,24463413010900,2003,48.837426,-120.808926,73,2,,,136.789,,,,,,,,,,123.997,,,,,,,,,
96138,24176887010900,2002,46.731362,-123.460944,49,2,,218.54,,,,,,,,,,305.134,,,,,,,,,,
96150,22399266010497,2006,46.371358,-122.067992,59,2,,,,,,270.93,,,,,,,,,,328.579,,,,,,
96157,29883274010497,2009,46.561319,-121.645948,41,2,,,,,,,,,271.156,,,,,,,,,,299.212,,,
96162,13025401010497,2005,48.616364,-119.758257,47,2,,,,,34.659,,,,,,,,,,57.458,,,,,,,
96165,24496392010900,2003,45.992095,-122.225922,59,2,,,505.018,,,,,,,,,,587.413,,,,,,,,,
96174,24835589010900,2004,47.526086,-122.147609,33,2,,,,360.157,,,,,,,,,,484.455,,,,,,,,
96184,22932917010497,2008,46.915383,-121.163953,77,2,,,,,,,,287.715,,,,,,,,,,300.879,,,,
96236,22398473010497,2003,47.462275,-120.971701,37,2,,,18.532,,,,,,,,,,25.19,,,,,,,,,
96244,22933304010497,2008,48.909375,-118.257089,19,2,,,,,,,,146.28,,,,,,,,,,153.622,,,,
96258,12985125010497,2005,46.846869,-123.188692,27,2,,,,,137.016,,,,,,,,,,193.802,,,,,,,
96270,48204565010497,2011,47.152139,-121.623587,33,2,,,,,,,,,,,10.384,,,,,,,,,,53.88,
96274,29883149010497,2009,48.254055,-121.222757,61,2,,,,,,,,,46.577,,,,,,,,,,71.647,,,
96279,48202842010497,2011,47.720159,-122.98122,31,2,,,,,,,,,,,393.893,,,,,,,,,,400.112,
96283,22398822010497,2004,47.806656,-121.323704,61,2,,,,264.13,,,,,,,,,,172.185,,,,,,,,
96285,48203816010497,2011,46.8209,-121.597875,53,2,,,,,,,,,,,322.835,,,,,,,,,,256.346,
96297,40220711010497,2010,48.601845,-121.588034,57,2,,,,,,,,,,137.547,,,,,,,,,,168.029,,
96313,22954609010497,2007,48.344136,-120.892987,7,2,,,,,,,116.895,,,,,,,,,,46.675,,,,,
96373,22931277010497,2008,48.622949,-117.46894,51,2,,,,,,,,161.137,,,,,,,,,,146.8,,,,
96378,22398490010497,2003,46.416058,-122.069568,41,2,,,435.375,,,,,,,,,,474.499,,,,,,,,,
96383,40220850010497,2010,45.850252,-122.152829,59,2,,,,,,,,,,129.199,,,,,,,,,,209.113,,
96398,22398396010497,2003,47.527006,-120.822605,7,2,,,199.486,,,,,,,,,,258.133,,,,,,,,,
96415,48206248010497,2011,48.159978,-120.275887,47,2,,,,,,,,,,,221.801,,,,,,,,,,205.021,
96431,22399247010497,2006,47.083279,-121.740442,53,2,,,,,,123.272,,,,,,,,,,187.709,,,,,,
96432,22932883010497,2008,45.603191,-122.140787,59,2,,,,,,,,316.471,,,,,,,,,,373.161,,,,
96453,8616235010901,2006,46.017385,-120.39202,39,2,,,,,,65.044,,,,,,,,,,79.307,,,,,,
96464,22398563010497,2003,48.572253,-121.369101,57,2,,,393.664,,,,,,,,,,396.141,,,,,,,,,
96497,29883337010497,2009,48.273503,-121.463223,61,2,,,,,,,,,226.917,,,,,,,,,,252.309,,,
96508,48206473010497,2011,47.89907,-120.728921,7,2,,,,,,,,,,,286.425,,,,,,,,,,356.813,
96513,12976065010497,2005,45.96419,-122.492773,11,2,,,,,205.831,,,,,,,,,,274.722,,,,,,,
96521,13002016010497,2005,45.848567,-122.118055,59,2,,,,,280.267,,,,,,,,,,341.511,,,,,,,
96535,24855400010900,2004,48.578985,-118.880442,47,2,,,,186.803,,,,,,,,,,219.977,,,,,,,,
96558,193209200020004,2007,47.431613,-123.576647,27,2,,,,,,,405.731,,,,,,,,,,523.882,,,,,
96560,22931036010497,2008,46.591553,-121.98848,41,2,,,,,,,,70.499,,,,,,,,,,134.431,,,,
96579,29395689010497,2008,47.282653,-120.683082,37,2,,,,,,,,155.823,,,,,,,,,,124.316,,,,
96583,48206546010497,2011,47.099542,-121.520294,53,2,,,,,,,,,,,61.687,,,,,,,,,,119.93,
96584,29395018010497,2008,48.954823,-121.001023,73,2,,,,,,,,155.049,,,,,,,,,,205.994,,,,
96586,22954533010497,2007,47.225224,-121.238809,37,2,,,,,,,275.532,,,,,,,,,,315.215,,,,,
96591,22399106010497,2006,47.826544,-120.592726,7,2,,,,,,12.404,,,,,,,,,,19.392,,,,,,
96593,29883278010497,2009,48.106458,-120.173279,47,2,,,,,,,,,67.358,,,,,,,,,,41.552,,,
96608,12971094010497,2005,47.972407,-123.988879,9,2,,,,,621.26,,,,,,,,,,647.186,,,,,,,
96613,40220379010497,2010,47.12373,-120.808235,37,2,,,,,,,,,,60.181,,,,,,,,,,63.573,,
96620,29883152010497,2009,46.617175,-122.362584,41,2,,,,,,,,,556.566,,,,,,,,,,528.859,,,
96689,24153161010900,2002,47.795552,-122.609399,35,2,,5.727,,,,,,,,,,84.288,,,,,,,,,,
96690,29881626010497,2009,48.236864,-117.204096,51,2,,,,,,,,,104.219,,,,,,,,,,147.048,,,
96692,8625160010901,2006,48.742969,-119.194815,47,2,,,,,,103.992,,,,,,,,,,121.228,,,,,,
96696,48204946010497,2011,45.930344,-122.449111,11,2,,,,,,,,,,,89.404,,,,,,,,,,149.586,
96702,24512824010900,2003,47.971441,-124.055893,9,2,,,704.259,,,,,,,,,,809.924,,,,,,,,,
96712,12995862010497,2005,46.830298,-121.448754,77,2,,,,,407.767,,,,,,,,,,411.057,,,,,,,
96724,29395678010497,2008,48.65375,-121.809708,73,2,,,,,,,,104.327,,,,,,,,,,171.234,,,,
96732,22398321010497,2003,48.306454,-121.408297,57,2,,,465.259,,,,,,,,,,528.886,,,,,,,,,
96737,22954570010497,2007,47.426913,-120.591838,7,2,,,,,,,61.925,,,,,,,,,,76.928,,,,,
96746,13028606010497,2005,48.868534,-120.349898,47,2,,,,,50.999,,,,,,,,,,58.456,,,,,,,
96759,22398684010497,2004,48.488931,-118.327842,19,2,,,,124.691,,,,,,,,,,137.278,,,,,,,,
96765,29882838010497,2009,47.25733,-120.535528,37,2,,,,,,,,,185.971,,,,,,,,,,1.746,,,
96767,40403599010497,2010,48.744059,-118.494869,19,2,,,,,,,,,,16.787,,,,,,,,,,6.615,,
96768,22933063010497,2008,47.524533,-122.011313,33,2,,,,,,,,292.977,,,,,,,,,,344.3,,,,
96769,29883094010497,2009,46.12921,-117.870526,13,2,,,,,,,,,134.882,,,,,,,,,,80.191,,,
96778,29881878010497,2009,48.556497,-122.351944,57,2,,,,,,,,,71.45,,,,,,,,,,110.476,,,
96800,8637978010901,2006,48.188973,-121.819244,61,2,,,,,,242.768,,,,,,,,,,272.613,,,,,,
96809,8642058010901,2006,48.952852,-118.176854,65,2,,,,,,49.97,,,,,,,,,,43.694,,,,,,
96825,40220827010497,2010,46.18772,-117.431359,23,2,,,,,,,,,,129.092,,,,,,,,,,163.016,,
96826,48206197010497,2011,46.316239,-121.932452,59,2,,,,,,,,,,,186.696,,,,,,,,,,287.074,
96834,22827645010497,2007,46.124468,-122.179104,59,2,,,,,,,517.396,,,,,,,,,,600.151,,,,,
96835,48206226010497,2011,47.549229,-123.834797,31,2,,,,,,,,,,,137.886,,,,,,,,,,192.216,
96841,22930911010497,2008,46.017322,-120.838127,39,2,,,,,,,,164.955,,,,,,,,,,180.518,,,,
96847,24200188010900,2002,48.795207,-117.906394,65,2,,102.523,,,,,,,,,,,,,,,,,,,,203.096
96861,22933117010497,2008,47.72135,-120.521035,7,2,,,,,,,,166.546,,,,,,,,,,71.513,,,,
96883,29883208010497,2009,46.036495,-117.486143,23,2,,,,,,,,,82.819,,,,,,,,,,78.1,,,
96916,22954532010497,2006,47.233273,-121.649442,33,2,,,,,,314.556,,,,,,,,,,391.47,,,,,,
96934,22932968010497,2008,47.155412,-122.613978,53,2,,,,,,,,229.401,,,,,,,,,,313.38,,,,
96938,29883139010497,2009,47.379527,-120.493614,7,2,,,,,,,,,13.567,,,,,,,,,,9.568,,,
96939,40220897010497,2010,48.753682,-121.956245,73,2,,,,,,,,,,394.763,,,,,,,,,,427.871,,
96949,22932907010497,2008,45.894829,-120.448904,39,2,,,,,,,,27.268,,,,,,,,,,27.049,,,,
96951,8622241010901,2006,48.220373,-118.931282,47,2,,,,,,11.21,,,,,,,,,,27.194,,,,,,
96952,40220481010497,2010,47.576821,-123.915578,31,2,,,,,,,,,,526.247,,,,,,,,,,625.045,,
96969,24187148010900,2002,48.641853,-122.435301,57,2,,273.354,,,,,,,,,,290.902,,,,,,,,,,
96977,13203368010497,2005,47.620811,-121.716201,33,2,,,,,286.256,,,,,,,,,,335.818,,,,,,,
96978,48206157010497,2011,48.690273,-120.916601,73,2,,,,,,,,,,,344.032,,,,,,,,,,374.313,
96980,40403531010497,2010,47.694502,-120.373177,7,2,,,,,,,,,,39.921,,,,,,,,,,40.649,,
96995,40220464010497,2010,47.521876,-124.028446,31,2,,,,,,,,,,324.774,,,,,,,,,,429.955,,
96997,29395731010497,2008,48.794655,-118.527602,19,2,,,,,,,,55.942,,,,,,,,,,81.874,,,,
97007,29395562010497,2008,46.159254,-117.399471,3,2,,,,,,,,200.636,,,,,,,,,,221.921,,,,
97009,48205202010497,2011,48.715129,-117.23497,51,2,,,,,,,,,,,84.998,,,,,,,,,,84.579,
97024,48206731010497,2011,48.539974,-120.774501,57,2,,,,,,,,,,,134.506,,,,,,,,,,128.59,
97031,24528521010900,2003,47.30088,-123.730649,27,2,,,109.334,,,,,,,,,,195.854,,,,,,,,,
97050,29883216010497,2009,46.241799,-121.862554,59,2,,,,,,,,,129.171,,,,,,,,,,135.504,,,
97053,13013511010497,2005,48.138074,-117.580443,65,2,,,,,57.205,,,,,,,,,,90.76,,,,,,,
97083,40220871010497,2010,46.010779,-117.909385,13,2,,,,,,,,,,53.679,,,,,,,,,,45.033,,
97085,22398368010497,2002,48.640048,-117.724341,65,2,,118.071,,,,,,,,,,166.066,,,,,,,,,,
97088,40220820010497,2010,46.584043,-121.641522,41,2,,,,,,,,,,163.788,,,,,,,,,,194.219,,
97126,24484302010900,2003,48.960967,-119.893742,47,2,,,62.54,,,,,,,,,,8.71,,,,,,,,,
97127,8634359010901,2006,45.900687,-122.116662,59,2,,,,,,171.769,,,,,,,,,,247.766,,,,,,
97129,22398779010497,2004,48.622944,-121.581809,57,2,,,,505.082,,,,,,,,,,505.604,,,,,,,,
97143,22399186010497,2006,46.655204,-121.536036,41,2,,,,,,232.419,,,,,,,,,,154.021,,,,,,
97163,40220881010497,2010,45.995572,-121.867975,59,2,,,,,,,,,,253.867,,,,,,,,,,290.694,,
97166,22933196010497,2008,47.954182,-118.156404,65,2,,,,,,,,61.231,,,,,,,,,,72.504,,,,
97178,24125746010900,2002,48.036053,-120.327218,7,2,,13.138,,,,,,,,,,,,,,,,,,,,1.146
97191,25080240010900,2004,47.838053,-117.720536,63,2,,,,127.19,,,,,,,,,,154.459,,,,,,,,
97222,40220118010497,2010,46.041416,-121.975291,59,2,,,,,,,,,,348.174,,,,,,,,,,328.71,,
97233,40220606010497,2010,48.033206,-120.02836,47,2,,,,,,,,,,59.451,,,,,,,,,,70.655,,
97237,22399302010497,2006,48.678972,-121.774697,73,2,,,,,,252.323,,,,,,,,,,279.322,,,,,,
97249,29882616010497,2009,45.953401,-120.620008,39,2,,,,,,,,,57.546,,,,,,,,,,81.131,,,
97265,29882950010497,2009,46.070754,-121.58266,59,2,,,,,,,,,575.376,,,,,,,,,,597.67,,,
97267,22399089010497,2006,48.055065,-120.163831,7,2,,,,,,29.553,,,,,,,,,,48.654,,,,,,
97271,8603868010901,2006,48.113707,-118.7072,19,2,,,,,,34.87,,,,,,,,,,61.495,,,,,,
97275,12999481010497,2005,48.456055,-121.722484,57,2,,,,,172.384,,,,,,,,,,271.042,,,,,,,
97276,29881725010497,2009,48.318255,-118.721179,19,2,,,,,,,,,101.389,,,,,,,,,,76.299,,,
97282,22827693010497,2007,47.941444,-120.506625,7,2,,,,,,,119.809,,,,,,,,,,176.735,,,,,
97283,24518337010900,2003,46.099695,-122.918939,15,2,,,24.997,,,,,,,,,,98.755,,,,,,,,,
97293,29395006010497,2008,47.718432,-123.443885,31,2,,,,,,,,389.249,,,,,,,,,,191.821,,,,
97311,48203009010497,2011,48.373683,-118.454978,19,2,,,,,,,,,,,32.644,,,,,,,,,,26.148,
97313,29394732010497,2007,48.005019,-121.193483,61,2,,,,,,,8.191,,,,,,,,,,14.555,,,,,
97317,29881888010497,2009,48.58603,-120.592045,47,2,,,,,,,,,96.878,,,,,,,,,,80.051,,,
97320,29395598010497,2008,48.48002,-117.518296,65,2,,,,,,,,214.764,,,,,,,,,,276.904,,,,
97321,22398390010497,2003,47.835047,-120.985204,7,2,,,438.525,,,,,,,,,,421.79,,,,,,,,,
97323,22399110010497,2006,48.116755,-124.099162,9,2,,,,,,95.451,,,,,,,,,,113.533,,,,,,
97329,24485101010900,2003,46.350458,-123.741134,49,2,,,107.965,,,,,,,,,,159.437,,,,,,,,,
97347,24884418010900,2004,47.843441,-123.986436,31,2,,,,202.113,,,,,,,,,,283.636,,,,,,,,
97351,29394999010497,2008,47.07527,-121.521546,53,2,,,,,,,,484.847,,,,,,,,,,494.664,,,,
97373,22827537010497,2007,47.601398,-120.529877,7,2,,,,,,,126.98,,,,,,,,,,134.882,,,,,
97377,40220724010497,2010,48.649655,-121.329225,73,2,,,,,,,,,,322.447,,,,,,,,,,324.654,,
97396,22954439010497,2007,46.631241,-122.215445,41,2,,,,,,,119.227,,,,,,,,,,221.179,,,,,
97399,193209048020004,2007,46.363044,-121.897457,59,2,,,,,,,102.46,,,,,,,,,,154.02,,,,,
97407,24532876010900,2003,47.773449,-123.82178,31,2,,,524.466,,,,,,,,,,515.355,,,,,,,,,
97410,22398915010497,2005,46.239459,-117.56595,23,2,,,,,54.297,,,,,,,,,,89.315,,,,,,,
97411,22827622010497,2007,46.998978,-121.624442,53,2,,,,,,,92.641,,,,,,,,,,165.705,,,,,
97429,29882841010497,2009,48.186352,-121.56765,61,2,,,,,,,,,216.227,,,,,,,,,,298.555,,,
97465,40220298010497,2010,46.773348,-121.106047,77,2,,,,,,,,,,129.635,,,,,,,,,,149.423,,
97482,22954805010497,2007,48.857428,-118.260181,19,2,,,,,,,148.137,,,,,,,,,,174.494,,,,,
97496,22398840010497,2004,48.731294,-121.736205,73,2,,,,193.317,,,,,,,,,,160.923,,,,,,,,
97498,22954691010497,2007,48.699227,-118.759946,19,2,,,,,,,178.983,,,,,,,,,,121.83,,,,,
97516,22827744010497,2007,48.500766,-118.663893,19,2,,,,,,,34.136,,,,,,,,,,37.931,,,,,
97541,22398836010497,2004,48.73387,-121.775014,73,2,,,,451.592,,,,,,,,,,532.272,,,,,,,,
97546,22933079010497,2008,47.602248,-123.076262,45,2,,,,,,,,174.252,,,,,,,,,,178.654,,,,
97547,13203005010497,2005,47.847414,-123.044238,31,2,,,,,84.537,,,,,,,,,,88.363,,,,,,,
97550,13019045010497,2005,47.356383,-123.468618,45,2,,,,,9.883,,,,,,,,,,39.381,,,,,,,
97578,29395602010497,2008,46.657906,-121.639672,41,2,,,,,,,,530.533,,,,,,,,,,668.415,,,,
97636,22398737010497,2004,48.870264,-119.273271,47,2,,,,118.53,,,,,,,,,,142.585,,,,,,,,
97640,48204593010497,2011,47.722496,-120.656054,7,2,,,,,,,,,,,231.848,,,,,,,,,,116.819,
97643,24177351010900,2002,48.190201,-117.480615,51,2,,40.328,,,,,,,,,,90.83,,,,,,,,,,
97665,22398736010497,2004,48.877807,-119.384294,47,2,,,,61.658,,,,,,,,,,68.255,,,,,,,,
97673,40220184010497,2010,46.341197,-122.894218,15,2,,,,,,,,,,215.674,,,,,,,,,,267.097,,
97684,22954813010497,2007,48.879302,-117.547545,65,2,,,,,,,27.223,,,,,,,,,,34.565,,,,,
97698,29882806010497,2009,47.19389,-121.536841,33,2,,,,,,,,,413.787,,,,,,,,,,428.064,,,
97719,48205796010497,2011,47.549787,-122.763922,35,2,,,,,,,,,,,279.439,,,,,,,,,,251.258,
97745,40220375010497,2010,47.17559,-123.804111,27,2,,,,,,,,,,556.07,,,,,,,,,,515.782,,
97750,24510895010900,2003,48.061663,-120.279715,7,2,,,47.309,,,,,,,,,,56.687,,,,,,,,,
97784,29395667010497,2008,46.066638,-121.618902,59,2,,,,,,,,204.225,,,,,,,,,,212.635,,,,
97790,40220729010497,2010,48.557379,-118.845977,19,2,,,,,,,,,,87.241,,,,,,,,,,34.161,,
97797,29395668010497,2008,46.411325,-121.61022,41,2,,,,,,,,20.835,,,,,,,,,,38.824,,,,
97847,22398421010497,2003,47.992026,-122.997139,9,2,,,218.289,,,,,,,,,,247.612,,,,,,,,,
97868,29395663010497,2008,47.8711,-120.580129,7,2,,,,,,,,337.865,,,,,,,,,,314.184,,,,
97882,22827768010497,2007,47.961733,-123.949777,9,2,,,,,,,310.273,,,,,,,,,,344.258,,,,,
97904,24205862010900,2002,48.945122,-121.193306,73,2,,335.598,,,,,,,,,,350.207,,,,,,,,,,
97906,13016651010497,2005,46.809203,-122.303654,67,2,,,,,98.57,,,,,,,,,,150.557,,,,,,,
97909,48206535010497,2011,45.872116,-121.835231,59,2,,,,,,,,,,,536.739,,,,,,,,,,543.74,
97916,48206621010497,2011,46.115945,-121.61767,59,2,,,,,,,,,,,330.183,,,,,,,,,,399.542,
97927,29395524010497,2008,46.264431,-121.684946,59,2,,,,,,,,388.169,,,,,,,,,,381.365,,,,
97933,8613196010901,2006,47.717931,-121.70467,33,2,,,,,,204.561,,,,,,,,,,219.202,,,,,,
97940,48206732010497,2011,48.073365,-120.83144,7,2,,,,,,,,,,,330.558,,,,,,,,,,284.273,
97944,29882949010497,2009,47.998446,-123.147304,9,2,,,,,,,,,476.255,,,,,,,,,,503.401,,,
97949,30852465020004,2012,46.239299,-121.788907,59,2,,,,,,,,,,,,499.766,,,,,,,,,,277.761
97953,8630310010901,2006,46.914944,-121.595935,53,2,,,,,,396.495,,,,,,,,,,414.396,,,,,,
97965,22930974010497,2008,46.36583,-122.637023,15,2,,,,,,,,0.734,,,,,,,,,,62.769,,,,
97969,29881560010497,2009,48.353535,-121.415224,57,2,,,,,,,,,465.734,,,,,,,,,,588.724,,,
97970,193208979020004,2007,48.04377,-124.019308,9,2,,,,,,,979.437,,,,,,,,,,1002.127,,,,,
97982,25083976010900,2004,48.926694,-118.024101,65,2,,,,232.992,,,,,,,,,,222.243,,,,,,,,
97999,22398578010497,2003,46.214894,-121.936644,59,2,,,671.642,,,,,,,,,,684.834,,,,,,,,,
98003,22399096010497,2006,47.895107,-120.511128,7,2,,,,,,37.758,,,,,,,,,,41.473,,,,,,
98006,12975351010497,2005,48.365969,-124.63211,9,2,,,,,95.373,,,,,,,,,,56.551,,,,,,,
98021,40220390010497,2010,47.16223,-120.442529,37,2,,,,,,,,,,20.469,,,,,,,,,,37.266,,
98028,22827433010497,2007,47.3009,-120.46008,7,2,,,,,,,142.778,,,,,,,,,,155.308,,,,,
98054,22954391010497,2007,46.33651,-121.615419,59,2,,,,,,,316.181,,,,,,,,,,361.652,,,,,
98055,29883071010497,2009,48.985719,-117.244297,51,2,,,,,,,,,63.026,,,,,,,,,,84.458,,,
98108,22398711010497,2004,47.035265,-120.905441,37,2,,,,156.984,,,,,,,,,,169.134,,,,,,,,
98114,24546671010900,2003,46.684733,-121.681146,41,2,,,404.04,,,,,,,,,,381.382,,,,,,,,,
98152,8652043010901,2006,47.999473,-120.545217,7,2,,,,,,17.077,,,,,,,,,,71.768,,,,,,
98158,29395640010497,2008,48.810258,-118.30252,19,2,,,,,,,,171.553,,,,,,,,,,177.243,,,,
98174,22954781010497,2007,48.689731,-117.748168,65,2,,,,,,,0.474,,,,,,,,,,22.229,,,,,
98178,29395555010497,2008,47.749109,-122.925499,31,2,,,,,,,,242.843,,,,,,,,,,313.281,,,,
98195,22954800010497,2007,48.952737,-121.761747,73,2,,,,,,,229.479,,,,,,,,,,281.974,,,,,
98196,22954683010497,2006,48.304127,-120.58328,7,2,,,,,,95.981,,,,,,,,,,65.565,,,,,,
98225,40403600010497,2010,47.362602,-121.00569,37,2,,,,,,,,,,201.217,,,,,,,,,,103.262,,
98228,24516680010900,2003,45.622605,-122.326733,11,2,,,104.418,,,,,,,,,,165.085,,,,,,,,,
98235,29395585010497,2008,47.281168,-120.610786,37,2,,,,,,,,182.05,,,,,,,,,,125.53,,,,
98245,22398769010497,2004,48.345709,-117.387417,51,2,,,,24.15,,,,,,,,,,43.948,,,,,,,,
98256,22398235010497,2002,47.516134,-121.461073,33,2,,297.089,,,,,,,,,,337.626,,,,,,,,,,
98268,48203618010497,2011,46.349009,-122.208303,59,2,,,,,,,,,,,183.234,,,,,,,,,,293.151,
98281,30764657020004,2012,46.927982,-123.160708,27,2,,,,,,,,,,,,156.63,,,,,,,,,,294.602
98283,8638793010901,2006,48.281698,-121.344223,61,2,,,,,,825.736,,,,,,,,,,953.07,,,,,,
98302,29883501010497,2009,48.595214,-117.105855,51,2,,,,,,,,,101.301,,,,,,,,,,135.861,,,
98325,29883209010497,2009,48.362304,-117.606497,65,2,,,,,,,,,89.384,,,,,,,,,,101.499,,,
98327,12988392010497,2005,48.654556,-121.052428,73,2,,,,,181.812,,,,,,,,,,195.254,,,,,,,
98357,12997185010497,2005,47.072043,-121.306085,77,2,,,,,244.212,,,,,,,,,,316.117,,,,,,,
98380,22399245010497,2006,47.050584,-121.703144,53,2,,,,,,79.815,,,,,,,,,,169.247,,,,,,
98416,22399210010497,2006,48.460178,-120.303155,47,2,,,,,,18.116,,,,,,,,,,44.847,,,,,,
98417,12975573010497,2005,45.66632,-122.418009,11,2,,,,,25.011,,,,,,,,,,36.873,,,,,,,
98443,22398842010497,2004,48.895645,-121.808088,73,2,,,,374.48,,,,,,,,,,378.08,,,,,,,,
98449,22827529010497,2007,46.725059,-121.064317,77,2,,,,,,,195.062,,,,,,,,,,172.025,,,,,
98473,8637349010901,2006,48.017197,-121.783247,61,2,,,,,,169.823,,,,,,,,,,146.943,,,,,,
98492,24479822010900,2003,48.470264,-119.835864,47,2,,,194.05,,,,,,,,,,199.511,,,,,,,,,
98502,22398576010497,2003,45.777637,-122.184486,59,2,,,111.322,,,,,,,,,,145.393,,,,,,,,,
98506,22398697010497,2004,47.527977,-123.970559,31,2,,,,88.43,,,,,,,,,,132.806,,,,,,,,
98507,22398300010497,2002,48.549072,-120.070769,47,2,,79.107,,,,,,,,,,,,,,,,,,,,0.364
98532,22954534010497,2007,47.227906,-120.720386,37,2,,,,,,,132.093,,,,,,,,,,108.683,,,,,
98546,22398659010497,2004,47.920891,-122.993206,9,2,,,,266.79,,,,,,,,,,340.604,,,,,,,,
98555,22398735010497,2004,48.657119,-118.912317,47,2,,,,64.177,,,,,,,,,,66.972,,,,,,,,
98574,29883400010497,2009,46.68243,-123.019549,41,2,,,,,,,,,44.73,,,,,,,,,,115.171,,,
98587,193209098020004,2007,46.457677,-121.681904,41,2,,,,,,,254.95,,,,,,,,,,256.523,,,,,
98619,22954614010497,2007,48.255931,-117.504391,65,2,,,,,,,311.695,,,,,,,,,,374.1,,,,,
98656,22398791010497,2004,45.991132,-121.73108,59,2,,,,698.648,,,,,,,,,,672.623,,,,,,,,
98659,40403477010497,2010,48.431033,-117.523583,65,2,,,,,,,,,,240.983,,,,,,,,,,219.863,,
98661,22954556010497,2007,47.383896,-123.542843,27,2,,,,,,,139.778,,,,,,,,,,193.474,,,,,
98710,29883367010497,2009,47.924758,-120.574795,7,2,,,,,,,,,136.174,,,,,,,,,,149.825,,,
98711,22954375010497,2007,46.212658,-121.437802,77,2,,,,,,,59.943,,,,,,,,,,71.335,,,,,
98728,24489700010900,2003,46.773536,-122.189518,53,2,,,149.755,,,,,,,,,,144.152,,,,,,,,,
98729,22398916010497,2005,47.503169,-123.53947,27,2,,,,,104.015,,,,,,,,,,146.246,,,,,,,
98744,8610691010901,2006,47.822369,-123.032794,31,2,,,,,,303.107,,,,,,,,,,251.39,,,,,,
98745,13020972010497,2005,48.244445,-119.906604,47,2,,,,,27.06,,,,,,,,,,37.051,,,,,,,
98769,48203748010497,2011,47.821091,-123.185759,31,2,,,,,,,,,,,178.365,,,,,,,,,,131.944,
98781,24841565010900,2004,45.867618,-120.743485,39,2,,,,57.864,,,,,,,,,,67.317,,,,,,,,
98790,29882618010497,2009,46.019149,-121.496672,39,2,,,,,,,,,333.588,,,,,,,,,,369.295,,,
98792,22827476010497,2007,46.467803,-121.851446,41,2,,,,,,,340.463,,,,,,,,,,359.716,,,,,
98806,40220389010497,2010,47.182923,-120.608033,37,2,,,,,,,,,,59.967,,,,,,,,,,67.918,,
98812,24848431010900,2004,46.736921,-122.141794,41,2,,,,263.813,,,,,,,,,,378.528,,,,,,,,
98816,40996220010497,2010,47.19698,-121.481223,33,2,,,,,,,,,,531.421,,,,,,,,,,575.518,,
98830,8632925010901,2006,48.552363,-122.101043,57,2,,,,,,48.905,,,,,,,,,,163.44,,,,,,
98839,40220708010497,2010,48.472379,-119.925126,47,2,,,,,,,,,,58.771,,,,,,,,,,54.804,,
98843,48206347010497,2011,48.908342,-118.293314,19,2,,,,,,,,,,,201.603,,,,,,,,,,197.459,
98872,48206423010497,2011,47.749128,-123.034988,31,2,,,,,,,,,,,347.966,,,,,,,,,,393.37,
98874,22398729010497,2004,46.438007,-121.924472,41,2,,,,232.182,,,,,,,,,,295.012,,,,,,,,
98875,48205466010497,2011,47.449755,-117.282264,63,2,,,,,,,,,,,66.895,,,,,,,,,,89.846,
98889,22954807010497,2006,48.833257,-117.657167,65,2,,,,,,56.314,,,,,,,,,,48.139,,,,,,
98907,29882606010497,2009,45.88117,-121.150839,39,2,,,,,,,,,107.724,,,,,,,,,,141.762,,,
98925,22399034010497,2005,46.360295,-121.537874,59,2,,,,,169.784,,,,,,,,,,199.11,,,,,,,
98928,48202640010497,2011,47.193974,-121.446804,33,2,,,,,,,,,,,281.015,,,,,,,,,,327.065,
98949,24513401010900,2003,47.962709,-123.508361,9,2,,,491.721,,,,,,,,,,470.34,,,,,,,,,
98959,29882046010497,2009,47.389391,-120.865931,37,2,,,,,,,,,73.441,,,,,,,,,,69.187,,,
98961,24508760010900,2003,47.854898,-120.987655,7,2,,,269.236,,,,,,,,,,393.601,,,,,,,,,
98964,29395672010497,2008,47.620707,-120.376877,7,2,,,,,,,,116.807,,,,,,,,,,96.737,,,,
98973,40220284010497,2010,46.778152,-123.165815,41,2,,,,,,,,,,149.853,,,,,,,,,,208.469,,
98987,29883390010497,2009,46.658302,-123.873987,49,2,,,,,,,,,206.747,,,,,,,,,,225.597,,,
98992,22399241010497,2006,48.313369,-117.173345,51,2,,,,,,257.763,,,,,,,,,,281.105,,,,,,
98997,22398911010497,2005,48.906687,-118.824123,19,2,,,,,57.421,,,,,,,,,,69.516,,,,,,,
99009,48205142010497,2011,47.229541,-120.44727,37,2,,,,,,,,,,,68.401,,,,,,,,,,72.206,
99012,40220714010497,2010,48.451651,-117.770693,65,2,,,,,,,,,,91.599,,,,,,,,,,96.636,,
99014,29883136010497,2009,45.869066,-121.653855,59,2,,,,,,,,,619.111,,,,,,,,,,669.4,,,
99024,29883024010497,2009,46.270032,-121.654815,59,2,,,,,,,,,205.851,,,,,,,,,,220.206,,,
99062,8630754010901,2006,47.061006,-122.110991,53,2,,,,,,0.315,,,,,,,,,,60.604,,,,,,
99106,40220176010497,2010,46.331556,-121.155155,77,2,,,,,,,,,,344.412,,,,,,,,,,329.286,,
99107,30764085020004,2012,46.137887,-120.937115,77,2,,,,,,,,,,,,62.892,,,,,,,,,,80.667
99109,22399069010497,2005,48.926552,-121.842933,73,2,,,,,112.386,,,,,,,,,,107.46,,,,,,,
99117,29395565010497,2008,48.413424,-117.673459,65,2,,,,,,,,128.995,,,,,,,,,,151.111,,,,
99145,22931279010497,2008,48.797,-122.624264,73,2,,,,,,,,224.331,,,,,,,,,,196.127,,,,
99153,40220765010497,2010,48.81457,-119.972684,47,2,,,,,,,,,,0.295,,,,,,,,,,15.896,,
99160,22827425010497,2007,48.999297,-118.629441,19,2,,,,,,,57.171,,,,,,,,,,102.844,,,,,
99161,24491571010900,2003,47.059613,-122.598369,53,2,,,4.048,,,,,,,,,,45.989,,,,,,,,,
99172,22399307010497,2006,46.654488,-121.322508,77,2,,,,,,200.357,,,,,,,,,,220.302,,,,,,
99174,8611388010901,2006,47.288442,-121.479005,33,2,,,,,,24.803,,,,,,,,,,43.854,,,,,,
99200,8625973010901,2006,48.825081,-120.352382,47,2,,,,,,150.422,,,,,,,,,,170.763,,,,,,
99204,8647276010901,2006,46.50487,-120.988891,77,2,,,,,,25.099,,,,,,,,,,32.12,,,,,,
99205,48205160010497,2011,47.946139,-121.785304,61,2,,,,,,,,,,,428.477,,,,,,,,,,469.348,
99215,22827447010497,2007,48.991583,-118.427445,19,2,,,,,,,109.734,,,,,,,,,,91.074,,,,,
99222,22398680010497,2004,48.742492,-118.416126,19,2,,,,11.843,,,,,,,,,,19.125,,,,,,,,
99236,22932987010497,2008,47.224055,-121.92856,33,2,,,,,,,,221.464,,,,,,,,,,277.062,,,,
99241,22933238010497,2008,48.275457,-124.675781,9,2,,,,,,,,567.854,,,,,,,,,,621.364,,,,
99252,40403544010497,2010,47.938713,-120.287543,7,2,,,,,,,,,,104.411,,,,,,,,,,124.529,,
99265,29883279010497,2009,46.14522,-121.942173,59,2,,,,,,,,,362.236,,,,,,,,,,450.279,,,
99270,22398666010497,2004,48.009106,-124.173282,9,2,,,,298.685,,,,,,,,,,376.335,,,,,,,,
99271,22398713010497,2004,47.362707,-121.189426,37,2,,,,155.358,,,,,,,,,,162.057,,,,,,,,
99320,29882937010497,2009,47.426539,-124.246297,27,2,,,,,,,,,85.483,,,,,,,,,,103.711,,,
99329,22398569010497,2003,48.326084,-121.372645,57,2,,,662.204,,,,,,,,,,638.176,,,,,,,,,
99334,48206288010497,2011,48.977319,-118.174598,65,2,,,,,,,,,,,219.175,,,,,,,,,,205.562,
99378,22398937010497,2005,47.390389,-121.373914,37,2,,,,,427.461,,,,,,,,,,430.404,,,,,,,
99402,193209154020004,2007,47.990975,-124.285165,9,2,,,,,,,319.869,,,,,,,,,,425.055,,,,,
99435,22398531010497,2003,48.554639,-119.955001,47,2,,,103.906,,,,,,,,,,63.293,,,,,,,,,
99461,22399310010497,2006,46.360221,-121.506672,77,2,,,,,,12.441,,,,,,,,,,19.216,,,,,,
99495,193209156020004,2007,48.231856,-121.486796,61,2,,,,,,,378.311,,,,,,,,,,462.841,,,,,
99502,22399297010497,2006,48.97538,-118.069149,65,2,,,,,,135.861,,,,,,,,,,120.428,,,,,,
99515,29882793010497,2009,48.56448,-120.556957,47,2,,,,,,,,,99.4,,,,,,,,,,100.897,,,
99521,24871587010900,2004,48.310086,-118.492832,19,2,,,,366.289,,,,,,,,,,346.856,,,,,,,,
99522,29883007010497,2009,48.680889,-121.804742,73,2,,,,,,,,,269.808,,,,,,,,,,236.29,,,
99527,22826470010497,2007,46.117439,-117.573649,23,2,,,,,,,248.991,,,,,,,,,,157.618,,,,,
99545,40403394010497,2010,48.63535,-120.621761,47,2,,,,,,,,,,24.692,,,,,,,,,,22.791,,
99564,29395610010497,2008,46.635603,-121.854695,41,2,,,,,,,,326.462,,,,,,,,,,371.886,,,,
99566,29394878010497,2008,46.586602,-121.465944,41,2,,,,,,,,50.749,,,,,,,,,,80.669,,,,
99568,22954615010497,2007,48.399113,-121.115878,57,2,,,,,,,158.473,,,,,,,,,,212.781,,,,,
99580,22827746010497,2007,48.469808,-117.37883,51,2,,,,,,,128.041,,,,,,,,,,172.33,,,,,
99585,40220529010497,2010,47.716043,-121.574917,33,2,,,,,,,,,,512.898,,,,,,,,,,522.83,,
99590,24167871010900,2002,48.413696,-119.297368,47,2,,127.674,,,,,,,,,,,,,,,,,,,,17.457
99591,12973613010497,2005,48.117823,-123.988711,9,2,,,,,236.311,,,,,,,,,,272.571,,,,,,,
99592,48206015010497,2011,46.659517,-121.782666,41,2,,,,,,,,,,,197.086,,,,,,,,,,181.809,
99624,193209206020004,2007,48.652367,-121.731911,73,2,,,,,,,494.012,,,,,,,,,,485.886,,,,,
99654,22398510010497,2003,48.105208,-120.092789,47,2,,,6.295,,,,,,,,,,12.076,,,,,,,,,
99655,29883503010497,2009,48.768076,-121.672002,73,2,,,,,,,,,397.843,,,,,,,,,,449.784,,,
99658,22954777010497,2007,48.802382,-121.919293,73,2,,,,,,,30.972,,,,,,,,,,46.507,,,,,
99672,25079127010900,2004,48.292338,-121.193829,61,2,,,,568.67,,,,,,,,,,620.428,,,,,,,,
99689,8618433010901,2006,46.582838,-121.534405,41,2,,,,,,525.334,,,,,,,,,,575.744,,,,,,
99699,13194834010497,2004,48.643099,-120.728421,47,2,,,,168.703,,,,,,,,,,179.178,,,,,,,,
99707,193209108020004,2005,46.996659,-120.951302,37,2,,,,,289.376,,,,,,,,,,266.522,,,,,,,
99710,24835805010900,2004,47.524521,-121.643175,33,2,,,,349.787,,,,,,,,,,482.965,,,,,,,,
99722,29395664010497,2008,48.826214,-118.711237,19,2,,,,,,,,189.573,,,,,,,,,,220.973,,,,
99728,48203714010497,2011,48.51741,-118.441255,19,2,,,,,,,,,,,167.8,,,,,,,,,,197.895,
99730,22933035010497,2008,47.42612,-121.787428,33,2,,,,,,,,287.446,,,,,,,,,,340.815,,,,
99734,193209201020004,2007,48.732316,-121.807157,73,2,,,,,,,199.078,,,,,,,,,,207.744,,,,,
99747,8637511010901,2006,48.054572,-121.421441,61,2,,,,,,271.514,,,,,,,,,,322.025,,,,,,
99750,24467136010900,2003,46.533697,-121.096195,77,2,,,68.953,,,,,,,,,,77.086,,,,,,,,,
99766,22398290010497,2002,48.256438,-120.012301,47,2,,41.671,,,,,,,,,,43.308,,,,,,,,,,
99778,13199439010497,2004,48.195306,-121.894161,61,2,,,,375.985,,,,,,,,,,456.664,,,,,,,,
99780,48206565010497,2011,46.314442,-121.754806,59,2,,,,,,,,,,,79.04,,,,,,,,,,139.059,
99791,22931126010497,2008,48.458208,-120.72669,7,2,,,,,,,,140.075,,,,,,,,,,150.076,,,,
99807,29883423010497,2009,47.894246,-117.188625,63,2,,,,,,,,,51.083,,,,,,,,,,93.842,,,
99814,24879571010900,2004,47.375493,-123.905899,27,2,,,,879.883,,,,,,,,,,858.822,,,,,,,,
99817,22954377010497,2007,46.115273,-117.949928,13,2,,,,,,,28.248,,,,,,,,,,40.85,,,,,
99836,29883172010497,2009,46.334105,-121.543538,59,2,,,,,,,,,121.572,,,,,,,,,,138.672,,,
99849,48204006010497,2011,47.369655,-121.511306,33,2,,,,,,,,,,,132.955,,,,,,,,,,219.042,
99863,22399274010497,2006,46.166449,-121.858223,59,2,,,,,,790.781,,,,,,,,,,891.784,,,,,,
99895,193209125020004,2007,47.685401,-121.389458,33,2,,,,,,,279.91,,,,,,,,,,329.964,,,,,
99897,8603202010901,2006,48.057518,-118.567765,19,2,,,,,,76.143,,,,,,,,,,108.214,,,,,,
99916,25074916010900,2004,46.236928,-121.89988,59,2,,,,585.068,,,,,,,,,,487.394,,,,,,,,
99924,30764262020004,2012,46.236082,-120.952722,77,2,,,,,,,,,,,,1.637,,,,,,,,,,17.162
99956,8654116010901,2006,48.079132,-124.684893,9,2,,,,,,244.108,,,,,,,,,,254.68,,,,,,
99997,22399248010497,2006,48.574878,-121.556779,57,2,,,,,,325.207,,,,,,,,,,361.213,,,,,,
