PLOT,FIRST_PLTCN,FIRST_INVYR,PUB_LAT,PUB_LONG,COUNTYCD,N_CYCLES,BIOM_2001_Mgha,BIOM_2002_Mgha,BIOM_2003_Mgha,BIOM_2004_Mgha,BIOM_2005_Mgha,BIOM_2006_Mgha,BIOM_2007_Mgha,BIOM_2008_Mgha,BIOM_2009_Mgha,BIOM_2010_Mgha,BIOM_2011_Mgha,BIOM_2012_Mgha,BIOM_2013_Mgha,BIOM_2014_Mgha,BIOM_2015_Mgha,BIOM_2016_Mgha,BIOM_2017_Mgha,BIOM_2018_Mgha,BIOM_2019_Mgha,BIOM_2020_Mgha,BIOM_2021_Mgha,BIOM_2022_Mgha
1,26490,2001,47.291909,-121.084648,37,4,83.292,112.307,,,,,,,,,,141.754,,,,,,,,,,118.596
2,13229216010497,2002,47.966031,-123.1849,9,3,,313.71,,,,,,,,,,373.693,,,,,,,,,,430.751
3,13229700010497,2002,47.988292,-124.102919,9,3,,239.931,,,,,,,,,,325.122,,,,,,,,,,360.879
4,13230130010497,2002,46.388136,-122.169526,41,3,,778.188,,,,,,,,,,757.642,,,,,,,,,,781.002
5,13384702010497,2002,47.428243,-123.257907,45,3,,21.996,,,,,,,,,,45.048,,,,,,,,,,60.66
6,22398184010497,2002,47.771242,-120.482857,7,3,,34.859,,,,,,,,,,82.946,,,,,,,,,,93.207
7,22398186010497,2002,47.88475,-121.058265,7,3,,111.826,,,,,,,,,,140.418,,,,,,,,,,144.426
8,22398189010497,2002,47.719476,-120.265152,7,3,,24.327,,,,,,,,,,24.416,,,,,,,,,,12.215
9,22398190010497,2002,47.873846,-120.504291,7,3,,73.959,,,,,,,,,,39.314,,,,,,,,,,32.454
10,22398191010497,2002,47.901023,-120.435578,7,2,,11.937,,,,,,,,,,,,,,,,,,,,26.499
11,22398192010497,2002,47.871931,-120.649582,7,3,,132.875,,,,,,,,,,175.311,,,,,,,,,,229.461
12,22398194010497,2002,47.975229,-120.756324,7,3,,84.341,,,,,,,,,,135.558,,,,,,,,,,80.556
13,22398195010497,2002,47.68175,-120.74593,7,3,,90.187,,,,,,,,,,124.925,,,,,,,,,,8.502
14,22398196010497,2002,47.909907,-120.24508,7,3,,123.741,,,,,,,,,,45.768,,,,,,,,,,27.693
15,22398197010497,2002,47.869583,-120.554193,7,3,,259.137,,,,,,,,,,240.514,,,,,,,,,,13.864
16,22398199010497,2002,47.748782,-120.803553,7,3,,111.355,,,,,,,,,,124.713,,,,,,,,,,123.357
17,22398201010497,2002,47.645021,-120.44487,7,3,,46.436,,,,,,,,,,77.381,,,,,,,,,,109.998
18,22398202010497,2002,48.116015,-120.321555,7,3,,199.15,,,,,,,,,,204.755,,,,,,,,,,214.868
19,22398203010497,2002,47.792756,-120.594727,7,3,,63.486,,,,,,,,,,166.277,,,,,,,,,,190.024
20,22398204010497,2002,47.92279,-122.958977,9,2,,597.269,,,,,,,,,,,,,,,,,,,,452.226
21,22398205010497,2002,48.08677,-124.058074,9,3,,455.695,,,,,,,,,,487.819,,,,,,,,,,415.317
22,22398206010497,2002,47.94905,-123.065168,9,3,,23.621,,,,,,,,,,80.807,,,,,,,,,,207.027
23,22398207010497,2002,48.085821,-123.955209,9,3,,250.637,,,,,,,,,,319.218,,,,,,,,,,378.685
24,22398208010497,2002,48.109804,-124.14345,9,3,,254.875,,,,,,,,,,316.459,,,,,,,,,,354.028
25,22398209010497,2002,47.901407,-122.954988,9,3,,333.123,,,,,,,,,,383.868,,,,,,,,,,438.009
26,22398210010497,2002,46.167184,-122.252986,15,3,,61.451,,,,,,,,,,75.872,,,,,,,,,,77.388
27,22398211010497,2002,48.760172,-118.374026,19,3,,93.752,,,,,,,,,,137.874,,,,,,,,,,85.23
28,22398212010497,2002,48.937092,-118.329333,19,3,,103.132,,,,,,,,,,101.343,,,,,,,,,,73.821
29,22398213010497,2002,48.665323,-118.460489,19,3,,12.127,,,,,,,,,,23.371,,,,,,,,,,31.619
30,22398214010497,2002,48.635465,-118.202526,19,2,,104.828,,,,,,,,,,169.238,,,,,,,,,,
31,22398215010497,2002,48.529013,-118.69931,19,3,,90.147,,,,,,,,,,107.75,,,,,,,,,,60.906
32,22398216010497,2002,48.803665,-118.711819,19,3,,69.628,,,,,,,,,,89.057,,,,,,,,,,85.309
33,22398217010497,2002,48.793644,-118.383381,19,3,,123.365,,,,,,,,,,223.351,,,,,,,,,,187.478
34,22398218010497,2002,48.513305,-118.3305,19,3,,122.702,,,,,,,,,,143.263,,,,,,,,,,144.584
35,22398219010497,2002,48.597028,-118.44136,19,3,,69.009,,,,,,,,,,82.868,,,,,,,,,,90.145
36,22398220010497,2002,48.866193,-118.375268,19,3,,32.783,,,,,,,,,,59.419,,,,,,,,,,34.55
37,22398221010497,2002,48.786508,-118.340052,19,3,,100.64,,,,,,,,,,117.18,,,,,,,,,,95.542
38,22398223010497,2002,48.830189,-118.221185,19,3,,110.926,,,,,,,,,,62.733,,,,,,,,,,40.863
39,22398224010497,2002,48.517312,-118.25789,19,3,,56.114,,,,,,,,,,79.49,,,,,,,,,,88.516
40,22398225010497,2002,48.671598,-118.543818,19,2,,48.933,,,,,,,,,,80.836,,,,,,,,,,
41,22398226010497,2002,47.430317,-123.863863,27,3,,181.945,,,,,,,,,,139.562,,,,,,,,,,184.575
42,22398227010497,2002,47.481381,-123.577318,27,3,,156.217,,,,,,,,,,99.191,,,,,,,,,,99.758
43,22398228010497,2002,47.398132,-123.757266,27,2,,198.31,,,,,,,,,,364.547,,,,,,,,,,
44,22398229010497,2002,47.422289,-123.639028,27,3,,3.551,,,,,,,,,,41.895,,,,,,,,,,54.723
45,22398230010497,2002,47.35212,-123.578348,27,3,,143.423,,,,,,,,,,190.816,,,,,,,,,,240.047
46,22398231010497,2002,47.456547,-123.548923,27,3,,586.251,,,,,,,,,,673.759,,,,,,,,,,526.438
47,22398232010497,2002,47.631449,-122.997733,31,3,,241.958,,,,,,,,,,285.867,,,,,,,,,,294.736
48,22398233010497,2002,47.569231,-123.945053,31,3,,111.269,,,,,,,,,,167.983,,,,,,,,,,239.01
49,22398234010497,2002,47.663515,-121.393551,33,2,,112.196,,,,,,,,,,128.739,,,,,,,,,,
50,22398235010497,2002,47.516134,-121.461073,33,2,,297.089,,,,,,,,,,337.626,,,,,,,,,,
51,22398236010497,2002,47.74312,-121.535319,33,2,,362.178,,,,,,,,,,341.675,,,,,,,,,,
52,22398238010497,2002,47.740288,-121.243624,33,3,,185.312,,,,,,,,,,233.677,,,,,,,,,,251.757
53,22398239010497,2002,47.518807,-121.549565,33,2,,432.967,,,,,,,,,,458.124,,,,,,,,,,
54,22398240010497,2002,47.406345,-120.965373,37,3,,123.83,,,,,,,,,,143.345,,,,,,,,,,156.337
55,22398241010497,2002,47.328518,-120.7212,37,2,,13.506,,,,,,,,,,,,,,,,,,,,35.023
56,22398243010497,2002,47.306505,-120.533246,37,2,,226.24,,,,,,,,,,241.004,,,,,,,,,,
57,22398244010497,2002,47.233557,-120.572776,37,3,,89.669,,,,,,,,,,112.762,,,,,,,,,,13.887
58,22398245010497,2002,47.386175,-121.108216,37,3,,259.723,,,,,,,,,,303.502,,,,,,,,,,218.777
59,22398246010497,2002,47.241643,-121.33516,37,2,,303.974,,,,,,,,,,327.733,,,,,,,,,,
60,22398247010497,2002,47.3398,-121.300116,37,3,,15.868,,,,,,,,,,24.723,,,,,,,,,,30.941
61,22398248010497,2002,47.311365,-120.746793,37,3,,294.936,,,,,,,,,,354.334,,,,,,,,,,325.705
62,22398249010497,2002,47.393739,-121.254899,37,3,,111.702,,,,,,,,,,141.583,,,,,,,,,,154.172
63,22398250010497,2002,47.41093,-120.820976,37,3,,68.702,,,,,,,,,,89.601,,,,,,,,,,33.392
64,22398251010497,2002,46.99327,-121.054984,37,3,,120.274,,,,,,,,,,143.404,,,,,,,,,,169.973
65,22398252010497,2002,46.658546,-121.491523,41,3,,334.967,,,,,,,,,,360.592,,,,,,,,,,398.263
66,22398253010497,2002,46.490543,-121.857592,41,3,,162.027,,,,,,,,,,265.876,,,,,,,,,,411.165
67,22398254010497,2002,46.709878,-121.752924,41,3,,521.228,,,,,,,,,,605.076,,,,,,,,,,567.268
68,22398255010497,2002,46.732735,-122.288162,41,3,,470.247,,,,,,,,,,462.875,,,,,,,,,,554.666
69,22398256010497,2002,46.424139,-121.848945,41,3,,228.095,,,,,,,,,,282.451,,,,,,,,,,371.537
70,22398257010497,2002,46.630918,-121.783647,41,2,,3.062,,,,,,,,,,30.099,,,,,,,,,,
71,22398258010497,2002,46.709727,-121.921484,41,3,,153.094,,,,,,,,,,252.726,,,,,,,,,,364.459
72,22398259010497,2002,46.46098,-121.752499,41,3,,142.525,,,,,,,,,,220.244,,,,,,,,,,274.303
73,22398260010497,2002,46.398293,-122.083363,41,3,,352.258,,,,,,,,,,372.875,,,,,,,,,,382.51
74,22398261010497,2002,46.411253,-121.506243,41,3,,387.749,,,,,,,,,,428.606,,,,,,,,,,471.609
75,22398262010497,2002,46.70865,-121.71508,41,3,,144.132,,,,,,,,,,259.857,,,,,,,,,,135.269
76,22398263010497,2002,46.61275,-121.611083,41,3,,247.313,,,,,,,,,,248.335,,,,,,,,,,279.595
77,22398264010497,2002,46.685686,-121.858107,41,2,,128.374,,,,,,,,,,221.406,,,,,,,,,,
78,22398265010497,2002,47.406196,-123.332341,45,3,,23.908,,,,,,,,,,82.402,,,,,,,,,,122.449
79,22398266010497,2002,47.400719,-123.283473,45,3,,233.288,,,,,,,,,,197.01,,,,,,,,,,220.191
80,22398267010497,2002,47.448326,-123.320915,45,3,,12.227,,,,,,,,,,24.89,,,,,,,,,,40.074
81,22398269010497,2002,48.640735,-119.995344,47,2,,108.881,,,,,,,,,,,,,,,,,,,,0.286
82,22398271010497,2002,48.461806,-120.401679,47,3,,65.116,,,,,,,,,,57.428,,,,,,,,,,50.994
83,22398272010497,2002,48.138002,-120.201135,47,3,,187.258,,,,,,,,,,179.284,,,,,,,,,,202.089
84,22398275010497,2002,48.811062,-118.976763,47,3,,109.005,,,,,,,,,,128.616,,,,,,,,,,132.928
85,22398276010497,2002,48.631884,-120.320124,47,3,,150.604,,,,,,,,,,186.71,,,,,,,,,,184.681
86,22398277010497,2002,48.907782,-118.933849,47,3,,102.045,,,,,,,,,,112.538,,,,,,,,,,123.297
87,22398278010497,2002,48.703519,-120.316212,47,3,,127.805,,,,,,,,,,127.317,,,,,,,,,,10.047
88,22398279010497,2002,48.918142,-119.378927,47,3,,103.585,,,,,,,,,,108.694,,,,,,,,,,113.687
89,22398280010497,2002,48.834757,-118.967702,47,3,,139.354,,,,,,,,,,168.248,,,,,,,,,,165.301
90,22398281010497,2002,48.226394,-119.977614,47,2,,24.722,,,,,,,,,,,,,,,,,,,,47.502
91,22398284010497,2002,48.674586,-120.030381,47,2,,159.834,,,,,,,,,,,,,,,,,,,,0.585
92,22398286010497,2002,48.158212,-120.20239,47,3,,198.538,,,,,,,,,,137.342,,,,,,,,,,81.784
93,22398287010497,2002,48.026936,-119.989652,47,3,,2.997,,,,,,,,,,66.321,,,,,,,,,,12.177
94,22398288010497,2002,48.588642,-119.776426,47,2,,125.612,,,,,,,,,,157.324,,,,,,,,,,
95,22398289010497,2002,48.548365,-119.257357,47,3,,64.439,,,,,,,,,,74.062,,,,,,,,,,65.137
96,22398290010497,2002,48.256438,-120.012301,47,2,,41.671,,,,,,,,,,43.308,,,,,,,,,,
97,22398291010497,2002,48.134269,-120.13392,47,2,,128.603,,,,,,,,,,,,,,,,,,,,69.121
98,22398294010497,2002,48.75207,-120.278324,47,3,,148.565,,,,,,,,,,127.695,,,,,,,,,,5.099
99,22398295010497,2002,48.347078,-119.977565,47,2,,126.369,,,,,,,,,,144.727,,,,,,,,,,
100,22398296010497,2002,48.517283,-118.960708,47,2,,3.551,,,,,,,,,,1.072,,,,,,,,,,
101,22398298010497,2002,48.856669,-119.010789,47,3,,108.817,,,,,,,,,,87.85,,,,,,,,,,41.622
102,22398299010497,2002,48.280416,-119.979633,47,2,,81.738,,,,,,,,,,,,,,,,,,,,101.028
103,22398300010497,2002,48.549072,-120.070769,47,2,,79.107,,,,,,,,,,,,,,,,,,,,0.364
104,22398301010497,2002,48.665171,-118.947607,47,3,,233.697,,,,,,,,,,243.831,,,,,,,,,,233.628
105,22398302010497,2002,48.260747,-120.26861,47,3,,66.672,,,,,,,,,,73.416,,,,,,,,,,51.665
106,22398303010497,2002,48.602368,-117.425128,51,3,,129.154,,,,,,,,,,194.493,,,,,,,,,,202.398
107,22398304010497,2002,48.426111,-117.443892,51,3,,126.229,,,,,,,,,,152.886,,,,,,,,,,140.788
108,22398305010497,2002,48.601941,-117.467712,51,2,,92.186,,,,,,,,,,139.406,,,,,,,,,,
109,22398306010497,2002,48.753974,-117.530528,51,2,,166.098,,,,,,,,,,232.571,,,,,,,,,,
110,22398307010497,2002,48.547206,-117.436923,51,2,,291.913,,,,,,,,,,381.655,,,,,,,,,,
111,22398308010497,2002,48.355488,-117.42016,51,3,,241.429,,,,,,,,,,259.608,,,,,,,,,,318.658
112,22398309010497,2002,48.496723,-117.406651,51,3,,61.44,,,,,,,,,,78.477,,,,,,,,,,93.954
113,22398310010497,2002,48.743749,-117.333914,51,3,,124.528,,,,,,,,,,172.955,,,,,,,,,,186.559
114,22398311010497,2002,48.210782,-117.064099,51,3,,99.486,,,,,,,,,,97.105,,,,,,,,,,124.738
115,22398312010497,2002,48.496233,-117.32735,51,3,,160.961,,,,,,,,,,183.237,,,,,,,,,,192.562
116,22398313010497,2002,48.522877,-117.367398,51,3,,236.657,,,,,,,,,,253.653,,,,,,,,,,300.545
117,22398314010497,2002,46.983194,-121.931071,53,3,,261.079,,,,,,,,,,319.039,,,,,,,,,,351.157
118,22398315010497,2002,46.951625,-121.962883,53,3,,223.61,,,,,,,,,,287.73,,,,,,,,,,351.416
119,22398316010497,2002,47.0997,-121.551348,53,3,,29.749,,,,,,,,,,118.873,,,,,,,,,,239.305
120,22398317010497,2002,48.423079,-121.368883,57,2,,34.395,,,,,,,,,,67.263,,,,,,,,,,
121,22398318010497,2002,48.380631,-121.772721,57,3,,200.454,,,,,,,,,,243.918,,,,,,,,,,262.219
122,22398319010497,2002,48.461506,-121.955248,57,3,,25.812,,,,,,,,,,83.4,,,,,,,,,,188.37
123,22398320010497,2002,48.352514,-121.591456,57,3,,742.922,,,,,,,,,,706.564,,,,,,,,,,794.954
124,22398322010497,2002,48.433029,-121.51821,57,3,,146.102,,,,,,,,,,245.813,,,,,,,,,,383.493
125,22398323010497,2002,48.480835,-121.924408,57,3,,0.287,,,,,,,,,,1.348,,,,,,,,,,33.726
126,22398324010497,2002,48.455792,-121.708517,57,3,,543.092,,,,,,,,,,434.372,,,,,,,,,,223.26
127,22398325010497,2002,46.314602,-121.903404,59,3,,213.515,,,,,,,,,,232.812,,,,,,,,,,264.213
128,22398326010497,2002,46.288784,-121.832191,59,3,,325.464,,,,,,,,,,358.185,,,,,,,,,,387.748
129,22398328010497,2002,46.215503,-121.899948,59,2,,28.89,,,,,,,,,,73.741,,,,,,,,,,
130,22398329010497,2002,45.918773,-121.768432,59,3,,77.61,,,,,,,,,,70.842,,,,,,,,,,71.597
131,22398330010497,2002,46.169043,-122.212286,59,3,,89.915,,,,,,,,,,100.153,,,,,,,,,,123.336
132,22398331010497,2002,46.368123,-121.853095,59,3,,482.25,,,,,,,,,,479.538,,,,,,,,,,435.072
133,22398333010497,2002,46.238461,-121.65767,59,3,,475.101,,,,,,,,,,497.522,,,,,,,,,,663.714
134,22398335010497,2002,46.145399,-121.794034,59,3,,414.07,,,,,,,,,,414.595,,,,,,,,,,452.914
135,22398336010497,2002,46.302501,-121.581885,59,3,,133.787,,,,,,,,,,159.925,,,,,,,,,,203.061
136,22398338010497,2002,45.801248,-121.875471,59,3,,450.714,,,,,,,,,,372.3,,,,,,,,,,408.229
137,22398339010497,2002,45.945644,-121.872272,59,3,,118.453,,,,,,,,,,139.035,,,,,,,,,,158.742
138,22398341010497,2002,46.164354,-121.966757,59,3,,417.151,,,,,,,,,,386.535,,,,,,,,,,341.3
139,22398342010497,2002,46.194312,-122.018072,59,3,,535.58,,,,,,,,,,556.733,,,,,,,,,,576.723
140,22398343010497,2002,46.093376,-122.218453,59,3,,102.672,,,,,,,,,,111.645,,,,,,,,,,118.25
141,22398344010497,2002,46.371811,-122.138482,59,3,,309.615,,,,,,,,,,266.335,,,,,,,,,,315.997
142,22398346010497,2002,46.0454,-121.724422,59,3,,398.57,,,,,,,,,,468.759,,,,,,,,,,444.06
143,22398347010497,2002,45.901555,-122.146694,59,3,,41.419,,,,,,,,,,95.295,,,,,,,,,,168.495
144,22398348010497,2002,46.117837,-121.578163,59,3,,489.011,,,,,,,,,,474.106,,,,,,,,,,333.292
145,22398349010497,2002,46.290558,-121.571123,59,3,,26.537,,,,,,,,,,35.419,,,,,,,,,,45.759
146,22398350010497,2002,45.917881,-121.837808,59,3,,201.956,,,,,,,,,,288.576,,,,,,,,,,303.908
147,22398351010497,2002,45.898983,-121.931849,59,3,,272.424,,,,,,,,,,333.825,,,,,,,,,,403.799
148,22398352010497,2002,46.064369,-121.835706,59,3,,34.836,,,,,,,,,,85.237,,,,,,,,,,151.4
149,22398354010497,2002,48.155458,-121.44677,61,3,,399.981,,,,,,,,,,445.562,,,,,,,,,,486.847
150,22398356010497,2002,48.138587,-121.563281,61,3,,375.272,,,,,,,,,,416.688,,,,,,,,,,370.581
151,22398359010497,2002,48.206923,-121.452469,61,3,,11.924,,,,,,,,,,38.44,,,,,,,,,,94.839
152,22398360010497,2002,48.185452,-121.490599,61,3,,444.174,,,,,,,,,,488.842,,,,,,,,,,559.763
153,22398361010497,2002,48.236507,-121.258519,61,3,,423.577,,,,,,,,,,441.613,,,,,,,,,,218.166
154,22398364010497,2002,48.256056,-121.447676,61,3,,5.623,,,,,,,,,,33.612,,,,,,,,,,59.491
155,22398365010497,2002,48.900739,-118.033082,65,2,,103.734,,,,,,,,,,81.384,,,,,,,,,,
156,22398366010497,2002,48.945007,-117.991035,65,3,,211.325,,,,,,,,,,244.96,,,,,,,,,,268.252
157,22398367010497,2002,48.978152,-118.137932,65,3,,0.74,,,,,,,,,,14.845,,,,,,,,,,15.613
158,22398368010497,2002,48.640048,-117.724341,65,2,,118.071,,,,,,,,,,166.066,,,,,,,,,,
159,22398369010497,2002,48.728168,-121.586528,73,3,,474.371,,,,,,,,,,530.529,,,,,,,,,,525.255
160,22398370010497,2002,48.823024,-121.910983,73,3,,102.576,,,,,,,,,,57.375,,,,,,,,,,38.07
161,22398371010497,2002,48.948058,-121.798258,73,3,,521.337,,,,,,,,,,575.427,,,,,,,,,,521.87
162,22398372010497,2002,48.997056,-121.918796,73,3,,244.607,,,,,,,,,,255.96,,,,,,,,,,272.428
163,22398373010497,2002,48.774479,-121.954824,73,3,,460.008,,,,,,,,,,516.389,,,,,,,,,,502.468
164,22398374010497,2002,48.874692,-121.769114,73,3,,119.462,,,,,,,,,,166.85,,,,,,,,,,259.334
165,22398375010497,2002,48.748724,-121.590068,73,3,,393.451,,,,,,,,,,449.161,,,,,,,,,,463.347
166,22398376010497,2002,46.092285,-121.508036,77,3,,302.385,,,,,,,,,,194.021,,,,,,,,,,124.714
167,22398377010497,2002,46.631332,-121.208286,77,3,,145.928,,,,,,,,,,143.032,,,,,,,,,,157.363
168,22398378010497,2002,46.950639,-121.207059,77,3,,149.428,,,,,,,,,,225.568,,,,,,,,,,164.998
169,22398380010497,2002,46.387726,-121.499568,77,3,,232.659,,,,,,,,,,215.283,,,,,,,,,,242.429
170,22398381010497,2002,46.850038,-121.064618,77,3,,99.406,,,,,,,,,,83.804,,,,,,,,,,26.131
171,22398382010497,2002,46.947167,-121.163624,77,3,,174.076,,,,,,,,,,169.212,,,,,,,,,,167.919
172,22398383010497,2002,47.067846,-121.346064,77,3,,120.472,,,,,,,,,,179.263,,,,,,,,,,206.602
173,22398384010497,2002,46.60525,-121.287268,77,3,,34.93,,,,,,,,,,68.357,,,,,,,,,,103.367
174,22398397010497,2002,47.405011,-120.464309,7,3,,136.747,,,,,,,,,,172.609,,,,,,,,,,186.499
175,22398469010497,2002,47.338434,-120.933019,37,2,,243.269,,,,,,,,,,247.3,,,,,,,,,,
176,22398470010497,2002,47.441465,-121.081257,37,2,,268.454,,,,,,,,,,,,,,,,,,,,193.444
177,22398477010497,2002,47.091081,-120.945804,37,3,,184.804,,,,,,,,,,220.743,,,,,,,,,,221.6
178,22398479010497,2002,47.118837,-121.344645,37,3,,222.164,,,,,,,,,,224.358,,,,,,,,,,229.862
179,22398506010497,2002,48.554468,-120.484122,47,3,,179.489,,,,,,,,,,153.92,,,,,,,,,,28.256
180,22398509010497,2002,48.160276,-120.352458,47,3,,64.421,,,,,,,,,,85.548,,,,,,,,,,101.132
181,22398519010497,2002,48.591621,-119.701165,47,3,,55.225,,,,,,,,,,67.528,,,,,,,,,,10.16
182,22398520010497,2002,48.661538,-120.728105,47,3,,242.729,,,,,,,,,,268.103,,,,,,,,,,309.089
183,22398533010497,2002,48.661101,-120.701536,47,3,,186.421,,,,,,,,,,180.768,,,,,,,,,,203.39
184,22398542010497,2002,48.937491,-117.251006,51,3,,123.925,,,,,,,,,,160.973,,,,,,,,,,170.927
185,22398543010497,2002,48.907876,-117.242918,51,2,,81.522,,,,,,,,,,88.245,,,,,,,,,,
186,22398546010497,2002,48.936172,-117.288195,51,3,,208.368,,,,,,,,,,250.156,,,,,,,,,,261.788
187,22398548010497,2002,48.899003,-117.105851,51,3,,187.88,,,,,,,,,,146.982,,,,,,,,,,178.373
188,22398550010497,2002,48.375606,-117.453346,51,3,,45.768,,,,,,,,,,77.898,,,,,,,,,,139.173
189,22398631010497,2002,47.045075,-121.299665,77,3,,303.712,,,,,,,,,,364.196,,,,,,,,,,424.978
190,24120681010900,2002,46.082761,-117.278237,3,3,,50.263,,,,,,,,,,61.238,,,,,,,,,,86.68
191,24121086010900,2002,47.359466,-120.576872,7,3,,43.578,,,,,,,,,,57.733,,,,,,,,,,74.59
192,24121803010900,2002,47.620797,-120.813781,7,3,,157.317,,,,,,,,,,169.035,,,,,,,,,,152.888
193,24121999010900,2002,47.639772,-120.416372,7,3,,65.447,,,,,,,,,,57.495,,,,,,,,,,82.058
194,24122543010900,2002,47.655239,-120.638357,7,3,,50.559,,,,,,,,,,61.157,,,,,,,,,,68.72
195,24122888010900,2002,47.701186,-120.273585,7,3,,290.629,,,,,,,,,,340.809,,,,,,,,,,332.51
196,24123071010900,2002,47.776258,-120.819337,7,3,,107.693,,,,,,,,,,101.219,,,,,,,,,,129.555
197,24123557010900,2002,47.849586,-120.616964,7,2,,200.799,,,,,,,,,,268.692,,,,,,,,,,
198,24124220010900,2002,47.845446,-120.399285,7,3,,42.208,,,,,,,,,,38.639,,,,,,,,,,65.149
199,24124884010900,2002,47.950844,-120.833212,7,3,,4.364,,,,,,,,,,7.153,,,,,,,,,,10.828
200,24125006010900,2002,47.972818,-120.507931,7,2,,154.063,,,,,,,,,,163.804,,,,,,,,,,
201,24125434010900,2002,47.997715,-120.678825,7,3,,36.939,,,,,,,,,,31.642,,,,,,,,,,2.872
202,24125746010900,2002,48.036053,-120.327218,7,2,,13.138,,,,,,,,,,,,,,,,,,,,1.146
203,24126481010900,2002,48.415038,-120.953472,7,3,,326.796,,,,,,,,,,349.217,,,,,,,,,,316.159
204,24126717010900,2002,47.917651,-123.032052,9,3,,57.914,,,,,,,,,,122.702,,,,,,,,,,182.937
205,24127366010900,2002,47.970643,-124.616023,9,2,,82.292,,,,,,,,,,216.078,,,,,,,,,,
206,24127766010900,2002,48.0142,-124.281792,9,3,,508.111,,,,,,,,,,508.714,,,,,,,,,,459.212
207,24128071010900,2002,48.059553,-123.962698,9,3,,465.336,,,,,,,,,,434.36,,,,,,,,,,495.799
208,24128718010900,2002,48.149784,-124.700359,9,3,,431.673,,,,,,,,,,485.378,,,,,,,,,,447.53
209,24128987010900,2002,48.159662,-124.110434,9,2,,163.535,,,,,,,,,,,,,,,,,,,,331.247
210,24129466010900,2002,48.263441,-124.55815,9,3,,137.733,,,,,,,,,,190.894,,,,,,,,,,251.228
211,24129690010900,2002,45.95419,-122.353876,11,2,,72.777,,,,,,,,,,97.104,,,,,,,,,,
212,24129855010900,2002,45.854463,-122.554375,11,3,,15.567,,,,,,,,,,99.008,,,,,,,,,,140.487
213,24130026010900,2002,45.894803,-122.413396,11,3,,650.888,,,,,,,,,,716.536,,,,,,,,,,719.66
214,24130280010900,2002,46.047217,-122.285877,11,3,,430.645,,,,,,,,,,485.667,,,,,,,,,,254.886
215,24130453010900,2002,46.036188,-117.940058,13,2,,183.68,,,,,,,,,,213.95,,,,,,,,,,
216,24130742010900,2002,46.172115,-117.794689,13,2,,293.603,,,,,,,,,,,,,,,,,,,,0.122
217,24131014010900,2002,46.321725,-117.803813,13,2,,21.409,,,,,,,,,,,,,,,,,,,,0.796
218,24131222010900,2002,45.995046,-122.609794,15,3,,5.267,,,,,,,,,,77.255,,,,,,,,,,175.803
219,24131419010900,2002,46.052275,-122.783162,15,3,,45.124,,,,,,,,,,126.985,,,,,,,,,,248.72
220,24131587010900,2002,46.044207,-122.414931,15,3,,1.149,,,,,,,,,,32.811,,,,,,,,,,101.744
221,24131857010900,2002,46.146203,-122.630701,15,2,,2.046,,,,,,,,,,56.181,,,,,,,,,,
222,24132057010900,2002,46.195394,-122.812849,15,2,,166.918,,,,,,,,,,,,,,,,,,,,92.703
223,24132229010900,2002,46.202972,-122.720418,15,3,,32.961,,,,,,,,,,141.842,,,,,,,,,,236.371
224,24132612010900,2002,46.169883,-122.280547,15,3,,605.642,,,,,,,,,,658.129,,,,,,,,,,680.542
225,24132946010900,2002,46.218579,-122.467097,15,2,,177.163,,,,,,,,,,275.161,,,,,,,,,,
226,24133127010900,2002,46.326253,-123.186862,15,3,,192.285,,,,,,,,,,169.162,,,,,,,,,,257.337
227,24133291010900,2002,46.240061,-122.64958,15,2,,61.479,,,,,,,,,,,,,,,,,,,,203.458
228,24133522010900,2002,46.345829,-122.350497,15,3,,83.437,,,,,,,,,,187.405,,,,,,,,,,275.795
229,24133962010900,2002,47.914215,-118.370357,19,2,,40.957,,,,,,,,,,,,,,,,,,,,9.012
230,24134090010900,2002,48.068201,-118.720137,19,2,,103.163,,,,,,,,,,133.973,,,,,,,,,,
231,24134260010900,2002,48.105538,-118.572526,19,3,,74.172,,,,,,,,,,86.293,,,,,,,,,,99.055
232,24134431010900,2002,48.105827,-118.353676,19,3,,37.018,,,,,,,,,,34.221,,,,,,,,,,48.3
233,24134547010900,2002,48.231796,-118.73619,19,3,,93.715,,,,,,,,,,126.372,,,,,,,,,,162.451
234,24134721010900,2002,48.248236,-118.414866,19,3,,65.303,,,,,,,,,,93.136,,,,,,,,,,97.466
235,24134853010900,2002,48.299284,-118.572586,19,2,,183.808,,,,,,,,,,220.653,,,,,,,,,,
236,24135041010900,2002,48.295733,-118.200968,19,3,,98.08,,,,,,,,,,84.492,,,,,,,,,,66.144
237,24135120010900,2002,48.400281,-118.774028,19,3,,148.217,,,,,,,,,,174.908,,,,,,,,,,122.069
238,24135336010900,2002,48.400066,-118.402411,19,3,,131.184,,,,,,,,,,140.752,,,,,,,,,,150.035
239,24135615010900,2002,48.452569,-118.405889,19,3,,103.792,,,,,,,,,,107.747,,,,,,,,,,165.079
240,24135843010900,2002,48.556084,-118.762183,19,3,,43.893,,,,,,,,,,46.496,,,,,,,,,,54.222
241,24135965010900,2002,48.572412,-118.431364,19,3,,49.855,,,,,,,,,,67.609,,,,,,,,,,84.336
242,24136264010900,2002,48.607575,-118.279441,19,3,,105.148,,,,,,,,,,130.905,,,,,,,,,,136.851
243,24136537010900,2002,48.731732,-118.79251,19,3,,161.638,,,,,,,,,,158.34,,,,,,,,,,73.307
244,24136822010900,2002,48.693169,-118.622926,19,2,,81.438,,,,,,,,,,109.038,,,,,,,,,,
245,24136970010900,2002,48.742873,-118.459431,19,2,,106.964,,,,,,,,,,94.27,,,,,,,,,,
246,24137524010900,2002,48.812006,-118.259784,19,3,,246.148,,,,,,,,,,277.391,,,,,,,,,,215.911
247,24138095010900,2002,48.916822,-118.487122,19,3,,183.136,,,,,,,,,,202.25,,,,,,,,,,173.58
248,24138390010900,2002,48.958714,-118.326425,19,3,,146.883,,,,,,,,,,60.164,,,,,,,,,,58.087
249,24138842010900,2002,46.220315,-117.651991,13,2,,67.222,,,,,,,,,,,,,,,,,,,,100.747
250,24139157010900,2002,46.153278,-117.441621,23,2,,65.792,,,,,,,,,,50.309,,,,,,,,,,
251,24139398010900,2002,46.332979,-117.473704,23,2,,11.253,,,,,,,,,,31.346,,,,,,,,,,
252,24140501010900,2002,46.909601,-123.504556,27,2,,109.481,,,,,,,,,,162.29,,,,,,,,,,
253,24140680010900,2002,46.93518,-123.674965,27,3,,81.181,,,,,,,,,,175.126,,,,,,,,,,271.753
254,24141321010900,2002,47.058466,-124.054436,27,2,,69.404,,,,,,,,,,,,,,,,,,,,103.632
255,24141683010900,2002,47.084371,-123.513091,27,2,,0.804,,,,,,,,,,59.607,,,,,,,,,,
256,24142021010900,2002,47.086285,-123.747473,27,3,,44.664,,,,,,,,,,121.52,,,,,,,,,,183.068
257,24142232010900,2002,47.181391,-123.89887,27,3,,0.9,,,,,,,,,,74.019,,,,,,,,,,156.069
258,24142911010900,2002,47.273948,-123.74457,27,2,,414.426,,,,,,,,,,,,,,,,,,,,159.142
259,24143105010900,2002,47.326128,-123.960215,27,2,,106.059,,,,,,,,,,,,,,,,,,,,200.395
260,24143306010900,2002,47.344028,-123.943647,27,2,,253.815,,,,,,,,,,,,,,,,,,,,59.18
261,24143523010900,2002,47.382658,-124.103768,27,2,,492.747,,,,,,,,,,,,,,,,,,,,143.155
262,24143771010900,2002,47.432623,-123.763728,27,3,,331.329,,,,,,,,,,316.854,,,,,,,,,,210.44
263,24143992010900,2002,47.379638,-123.62455,27,3,,370.652,,,,,,,,,,385.785,,,,,,,,,,320.765
264,24144528010900,2002,47.473988,-124.325602,27,3,,3.229,,,,,,,,,,9.971,,,,,,,,,,27.857
265,24144773010900,2002,47.512526,-123.978153,27,3,,444.252,,,,,,,,,,425.959,,,,,,,,,,422.928
266,24144992010900,2002,47.521311,-124.255899,27,3,,20.819,,,,,,,,,,44.211,,,,,,,,,,63.808
267,24145147010900,2002,47.520357,-124.170944,27,3,,170.55,,,,,,,,,,68.356,,,,,,,,,,87.049
268,24145502010900,2002,47.553667,-123.636466,31,3,,50.812,,,,,,,,,,23.159,,,,,,,,,,61.612
269,24145628010900,2002,47.572519,-123.842972,31,3,,457.817,,,,,,,,,,491.524,,,,,,,,,,553.893
270,24145995010900,2002,47.62114,-123.436619,31,3,,722.48,,,,,,,,,,760.87,,,,,,,,,,746.113
271,24146243010900,2002,47.624575,-123.115611,31,3,,157.771,,,,,,,,,,152.179,,,,,,,,,,140.984
272,24146474010900,2002,47.644029,-122.973697,31,3,,0.462,,,,,,,,,,22.978,,,,,,,,,,115.775
273,24146682010900,2002,47.671377,-124.036524,31,3,,468.532,,,,,,,,,,477.168,,,,,,,,,,488.251
274,24146892010900,2002,47.676525,-122.941587,31,3,,6.99,,,,,,,,,,50.902,,,,,,,,,,162.134
275,24147043010900,2002,47.695959,-124.210112,31,2,,218.231,,,,,,,,,,344.66,,,,,,,,,,
276,24147565010900,2002,47.775351,-122.952664,31,3,,139.878,,,,,,,,,,209.626,,,,,,,,,,275.774
277,24147975010900,2002,47.820688,-124.394581,31,3,,522.64,,,,,,,,,,601.762,,,,,,,,,,559.286
278,24148207010900,2002,47.815652,-122.797701,31,3,,56.3,,,,,,,,,,100.179,,,,,,,,,,200.922
279,24148518010900,2002,47.826686,-124.052389,31,3,,150.849,,,,,,,,,,249.822,,,,,,,,,,344.355
280,24148755010900,2002,47.871152,-123.881454,31,3,,596.056,,,,,,,,,,318.305,,,,,,,,,,217.846
281,24148990010900,2002,47.997951,-122.841039,31,2,,18.791,,,,,,,,,,124.459,,,,,,,,,,
282,24149217010900,2002,47.216418,-121.793909,33,3,,91.52,,,,,,,,,,171.524,,,,,,,,,,269.303
283,24149445010900,2002,47.254221,-121.971156,33,2,,191.138,,,,,,,,,,228.501,,,,,,,,,,
284,24149614010900,2002,47.270695,-121.434049,33,3,,143.94,,,,,,,,,,229.872,,,,,,,,,,253.892
285,24149957010900,2002,47.428273,-121.990973,33,2,,14.071,,,,,,,,,,42.782,,,,,,,,,,
286,24150101010900,2002,47.376374,-121.783681,33,3,,213.272,,,,,,,,,,246.141,,,,,,,,,,266.016
287,24150326010900,2002,47.399305,-121.483832,33,3,,42.676,,,,,,,,,,62.847,,,,,,,,,,73.544
288,24150481010900,2002,47.429669,-121.644515,33,3,,74.713,,,,,,,,,,92.402,,,,,,,,,,104.248
289,24150792010900,2002,47.515231,-121.436916,33,3,,398.529,,,,,,,,,,418.734,,,,,,,,,,426.674
290,24151150010900,2002,47.567487,-121.506157,33,3,,34.766,,,,,,,,,,42.402,,,,,,,,,,46.399
291,24151234010900,2002,47.598672,-121.666097,33,3,,104.596,,,,,,,,,,258.026,,,,,,,,,,380.741
292,24151506010900,2002,47.726067,-121.857321,33,3,,205.606,,,,,,,,,,128.843,,,,,,,,,,142.713
293,24151714010900,2002,47.726072,-122.074473,33,3,,386.638,,,,,,,,,,398.046,,,,,,,,,,437.524
294,24151898010900,2002,47.768914,-121.714469,33,3,,64.114,,,,,,,,,,154.321,,,,,,,,,,243.889
295,24152069010900,2002,47.76205,-121.64794,33,3,,39.071,,,,,,,,,,55.414,,,,,,,,,,74.497
296,24152241010900,2002,47.501424,-122.541086,35,3,,337.732,,,,,,,,,,253.003,,,,,,,,,,308.424
297,24152479010900,2002,47.499584,-122.766283,35,3,,0.385,,,,,,,,,,1.46,,,,,,,,,,4.717
298,24152642010900,2002,47.594967,-122.898683,35,3,,163.587,,,,,,,,,,169.797,,,,,,,,,,174.469
299,24153161010900,2002,47.795552,-122.609399,35,2,,5.727,,,,,,,,,,84.288,,,,,,,,,,
300,24153398010900,2002,46.982713,-120.87793,37,3,,37.035,,,,,,,,,,39.803,,,,,,,,,,87.944
301,24153555010900,2002,47.068399,-120.940831,37,3,,154.302,,,,,,,,,,193.78,,,,,,,,,,199.967
302,24153837010900,2002,47.098149,-121.048694,37,3,,156.756,,,,,,,,,,182.581,,,,,,,,,,155.486
303,24154066010900,2002,47.142614,-121.239364,37,2,,60.157,,,,,,,,,,93.731,,,,,,,,,,
304,24154282010900,2002,47.174298,-120.354225,37,2,,56.383,,,,,,,,,,,,,,,,,,,,37.677
305,24154415010900,2002,47.174017,-120.512291,37,3,,170.656,,,,,,,,,,218.594,,,,,,,,,,200.495
306,24154669010900,2002,47.318087,-121.261606,37,3,,20.84,,,,,,,,,,193.168,,,,,,,,,,146.068
307,24155165010900,2002,47.311217,-120.946391,37,3,,266.039,,,,,,,,,,315.901,,,,,,,,,,303.585
308,24155744010900,2002,47.419276,-121.119147,37,3,,80.312,,,,,,,,,,54.651,,,,,,,,,,69.762
309,24156119010900,2002,47.464121,-121.298592,37,3,,10.839,,,,,,,,,,25.603,,,,,,,,,,22.069
310,24156401010900,2002,47.485525,-120.965955,37,3,,8.823,,,,,,,,,,13.118,,,,,,,,,,14.845
311,24156639010900,2002,45.782842,-121.495792,39,2,,162.039,,,,,,,,,,235.243,,,,,,,,,,
312,24156837010900,2002,45.775266,-121.150794,39,3,,167.966,,,,,,,,,,166.629,,,,,,,,,,184.441
313,24157109010900,2002,45.921648,-121.559004,39,2,,191.18,,,,,,,,,,289.872,,,,,,,,,,
314,24157333010900,2002,45.983492,-121.363289,39,2,,87.672,,,,,,,,,,,,,,,,,,,,110.823
315,24157483010900,2002,45.960052,-121.226822,39,3,,87.622,,,,,,,,,,117.8,,,,,,,,,,133.615
316,24157666010900,2002,46.016266,-121.048934,39,2,,67.258,,,,,,,,,,93.149,,,,,,,,,,
317,24157821010900,2002,45.991194,-120.856306,39,3,,77.88,,,,,,,,,,65.75,,,,,,,,,,110.661
318,24157971010900,2002,45.985666,-120.511808,39,2,,68.954,,,,,,,,,,106.111,,,,,,,,,,
319,24158339010900,2002,46.041198,-120.391493,39,3,,108.043,,,,,,,,,,134.123,,,,,,,,,,31.951
320,24158488010900,2002,46.397588,-122.492985,41,3,,56.952,,,,,,,,,,84.304,,,,,,,,,,121.889
321,24158617010900,2002,46.393573,-121.962616,41,3,,454.805,,,,,,,,,,517.469,,,,,,,,,,582.058
322,24159360010900,2002,46.414998,-121.642553,41,3,,183.475,,,,,,,,,,182.962,,,,,,,,,,203.366
323,24159666010900,2002,46.459456,-123.043349,41,2,,6.314,,,,,,,,,,,,,,,,,,,,227.138
324,24159855010900,2002,46.488796,-121.47215,41,3,,380.064,,,,,,,,,,427.205,,,,,,,,,,389.48
325,24160135010900,2002,46.487315,-123.240932,41,2,,329.006,,,,,,,,,,402.303,,,,,,,,,,
326,24160442010900,2002,46.489892,-122.717296,41,3,,114.836,,,,,,,,,,134.351,,,,,,,,,,110.928
327,24160723010900,2002,46.491762,-122.368502,41,2,,157.134,,,,,,,,,,,,,,,,,,,,225.729
328,24160953010900,2002,46.534104,-121.997017,41,3,,191.186,,,,,,,,,,192.801,,,,,,,,,,182.075
329,24161169010900,2002,46.568796,-122.198729,41,2,,1.494,,,,,,,,,,80.534,,,,,,,,,,
330,24161339010900,2002,46.559969,-121.680676,41,3,,258.527,,,,,,,,,,291.812,,,,,,,,,,240.8
331,24161552010900,2002,46.585822,-121.819639,41,3,,50.311,,,,,,,,,,110.665,,,,,,,,,,194.729
332,24161771010900,2002,46.643218,-123.242119,41,3,,21.897,,,,,,,,,,48.971,,,,,,,,,,88.4
333,24162189010900,2002,46.630546,-121.533836,41,2,,252.392,,,,,,,,,,267.062,,,,,,,,,,
334,24162423010900,2002,46.678795,-122.908968,41,2,,30.082,,,,,,,,,,76.533,,,,,,,,,,
335,24162608010900,2002,46.665743,-122.392703,41,3,,549.875,,,,,,,,,,549.915,,,,,,,,,,690.381
336,24162878010900,2002,46.701969,-122.052887,41,3,,189.247,,,,,,,,,,280.21,,,,,,,,,,354.189
337,24163060010900,2002,46.727698,-122.223721,41,2,,205.849,,,,,,,,,,197.993,,,,,,,,,,
338,24163423010900,2002,46.790234,-123.307477,41,2,,151.566,,,,,,,,,,203.899,,,,,,,,,,
339,24163885010900,2002,47.7622,-118.321723,43,3,,78.863,,,,,,,,,,43.747,,,,,,,,,,27.708
340,24164617010900,2002,47.277626,-123.382652,45,2,,10.813,,,,,,,,,,86.426,,,,,,,,,,
341,24164825010900,2002,47.27311,-122.866401,45,3,,38.652,,,,,,,,,,34.699,,,,,,,,,,70.764
342,24165155010900,2002,47.454302,-123.436229,45,3,,65.577,,,,,,,,,,87.208,,,,,,,,,,128.471
343,24165450010900,2002,47.455399,-122.896892,45,2,,144.753,,,,,,,,,,194.959,,,,,,,,,,
344,24165577010900,2002,47.572838,-123.246916,45,3,,263.619,,,,,,,,,,297.675,,,,,,,,,,279.024
345,24165848010900,2002,48.029039,-119.952494,47,3,,14.552,,,,,,,,,,17.136,,,,,,,,,,21.537
346,24166383010900,2002,48.200506,-120.006504,47,2,,60.632,,,,,,,,,,57.146,,,,,,,,,,
347,24166668010900,2002,48.222269,-119.075434,47,3,,93.102,,,,,,,,,,99.46,,,,,,,,,,113.354
348,24167156010900,2002,48.331007,-120.371386,47,3,,231.06,,,,,,,,,,252.985,,,,,,,,,,20.64
349,24167452010900,2002,48.322356,-119.80318,47,3,,4.86,,,,,,,,,,1.305,,,,,,,,,,7.316
350,24167614010900,2002,48.375168,-119.666721,47,3,,9.036,,,,,,,,,,11.607,,,,,,,,,,28.406
351,24167707010900,2002,48.368354,-119.145887,47,3,,35.298,,,,,,,,,,39.229,,,,,,,,,,53.409
352,24167871010900,2002,48.413696,-119.297368,47,2,,127.674,,,,,,,,,,,,,,,,,,,,17.457
353,24168055010900,2002,48.430901,-118.949268,47,3,,157.419,,,,,,,,,,170.485,,,,,,,,,,26.516
354,24168297010900,2002,48.502084,-120.44665,47,3,,7.795,,,,,,,,,,8.862,,,,,,,,,,9.909
355,24168311010900,2002,48.515641,-119.853244,47,3,,127.775,,,,,,,,,,138.156,,,,,,,,,,173.809
356,24168542010900,2002,48.522352,-120.075826,47,3,,88.419,,,,,,,,,,20.391,,,,,,,,,,10.739
357,24168902010900,2002,48.551646,-119.173647,47,3,,87.592,,,,,,,,,,87.853,,,,,,,,,,106.409
358,24169158010900,2002,48.637669,-120.813292,57,3,,129.477,,,,,,,,,,144.799,,,,,,,,,,156.696
359,24169827010900,2002,48.615504,-119.910791,47,3,,30.438,,,,,,,,,,1.724,,,,,,,,,,3.926
360,24170051010900,2002,48.588157,-118.958303,47,3,,37.915,,,,,,,,,,46.645,,,,,,,,,,78.458
361,24170347010900,2002,48.678786,-120.440782,47,3,,102.797,,,,,,,,,,102.819,,,,,,,,,,90.592
362,24170596010900,2002,48.620449,-120.206688,47,2,,64.889,,,,,,,,,,64.427,,,,,,,,,,
363,24170891010900,2002,48.671771,-120.063189,47,2,,254.461,,,,,,,,,,,,,,,,,,,,2.12
364,24171377010900,2002,48.671085,-119.913547,47,2,,125.254,,,,,,,,,,,,,,,,,,,,0.572
365,24172101010900,2002,48.785192,-120.64702,47,3,,26.478,,,,,,,,,,29.654,,,,,,,,,,35.584
366,24172415010900,2002,48.781642,-120.274806,47,2,,150.57,,,,,,,,,,68.516,,,,,,,,,,
367,24172809010900,2002,48.825543,-120.494181,47,2,,195.062,,,,,,,,,,169.218,,,,,,,,,,
368,24173457010900,2002,48.923959,-120.643864,47,3,,200.231,,,,,,,,,,117.469,,,,,,,,,,108.163
369,24173727010900,2002,48.895461,-119.371409,47,3,,104.383,,,,,,,,,,127.601,,,,,,,,,,154.666
370,24173984010900,2002,48.964435,-120.299109,47,2,,152.475,,,,,,,,,,177.365,,,,,,,,,,
371,24174388010900,2002,48.979161,-120.489397,47,3,,78.88,,,,,,,,,,37.466,,,,,,,,,,37.653
372,24174610010900,2002,48.963484,-119.967948,47,3,,117.237,,,,,,,,,,142.162,,,,,,,,,,148.207
373,24175148010900,2002,46.399237,-123.731207,49,3,,437.241,,,,,,,,,,477.977,,,,,,,,,,454.622
374,24175379010900,2002,46.415874,-123.913135,49,3,,228.985,,,,,,,,,,339.114,,,,,,,,,,412.795
375,24175613010900,2002,46.440136,-123.376789,49,2,,330.238,,,,,,,,,,,,,,,,,,,,39.141
376,24175995010900,2002,46.543167,-123.732515,49,2,,164.441,,,,,,,,,,271.857,,,,,,,,,,
377,24176192010900,2002,46.613454,-123.60608,49,2,,13.203,,,,,,,,,,,,,,,,,,,,141.661
378,24176337010900,2002,46.583384,-123.457274,49,2,,398.144,,,,,,,,,,483.507,,,,,,,,,,
379,24176559010900,2002,46.723677,-123.812268,49,2,,361.439,,,,,,,,,,,,,,,,,,,,102.961
380,24176887010900,2002,46.731362,-123.460944,49,2,,218.54,,,,,,,,,,305.134,,,,,,,,,,
381,24177258010900,2002,48.138487,-117.278779,51,2,,24.895,,,,,,,,,,40.37,,,,,,,,,,
382,24177351010900,2002,48.190201,-117.480615,51,2,,40.328,,,,,,,,,,90.83,,,,,,,,,,
383,24177507010900,2002,48.184528,-117.127592,51,2,,125.329,,,,,,,,,,155.616,,,,,,,,,,
384,24178501010900,2002,48.469856,-117.331147,51,2,,3.369,,,,,,,,,,34.818,,,,,,,,,,
385,24178908010900,2002,48.525555,-117.140884,51,2,,204.638,,,,,,,,,,224.421,,,,,,,,,,
386,24179203010900,2002,48.532644,-117.068941,51,2,,144.442,,,,,,,,,,226.251,,,,,,,,,,
387,24179552010900,2002,48.659113,-117.166099,51,3,,98.357,,,,,,,,,,123.742,,,,,,,,,,142.517
388,24180244010900,2002,48.769319,-117.37381,51,3,,295.12,,,,,,,,,,345.168,,,,,,,,,,393.383
389,24180537010900,2002,48.827821,-117.601686,65,3,,41.868,,,,,,,,,,62.992,,,,,,,,,,82.9
390,24180847010900,2002,48.861347,-117.214594,51,3,,153.763,,,,,,,,,,144.884,,,,,,,,,,122.075
391,24181139010900,2002,48.94556,-117.390584,51,3,,153.72,,,,,,,,,,221.698,,,,,,,,,,273.447
392,24181671010900,2002,46.906813,-122.252008,53,2,,203.585,,,,,,,,,,,,,,,,,,,,53.21
393,24182090010900,2002,46.91515,-121.900314,53,3,,288.832,,,,,,,,,,352.436,,,,,,,,,,390.56
394,24182317010900,2002,46.955376,-121.555305,53,3,,452.783,,,,,,,,,,474.564,,,,,,,,,,510.528
395,24182570010900,2002,46.960095,-122.191173,53,2,,366.754,,,,,,,,,,,,,,,,,,,,29.012
396,24183014010900,2002,47.048554,-121.740165,53,3,,407.651,,,,,,,,,,420.523,,,,,,,,,,400.897
397,24183298010900,2002,47.07776,-121.946422,53,3,,1.449,,,,,,,,,,70.043,,,,,,,,,,160.878
398,24183554010900,2002,47.072713,-121.377836,53,3,,212.532,,,,,,,,,,292.237,,,,,,,,,,293.645
399,24183904010900,2002,47.107095,-121.604464,53,2,,27.119,,,,,,,,,,53.101,,,,,,,,,,
400,24184034010900,2002,47.207224,-122.111032,53,3,,196.756,,,,,,,,,,176.028,,,,,,,,,,138.609
401,24184569010900,2002,48.353169,-122.019133,57,2,,11.57,,,,,,,,,,,,,,,,,,,,146.082
402,24184758010900,2002,48.350782,-121.637921,57,3,,282.081,,,,,,,,,,436.276,,,,,,,,,,533.151
403,24185085010900,2002,48.408105,-121.845518,57,3,,76.63,,,,,,,,,,142.385,,,,,,,,,,232.129
404,24185701010900,2002,48.506293,-122.010226,57,2,,92.298,,,,,,,,,,165.536,,,,,,,,,,
405,24185902010900,2002,48.552435,-122.238085,57,3,,14.65,,,,,,,,,,17.501,,,,,,,,,,18.744
406,24185970010900,2002,48.526974,-121.689373,57,2,,142.798,,,,,,,,,,,,,,,,,,,,222.446
407,24186143010900,2002,48.544099,-121.233153,57,2,,360.118,,,,,,,,,,356.16,,,,,,,,,,
408,24186246010900,2002,48.556295,-121.86378,57,2,,52.597,,,,,,,,,,,,,,,,,,,,159.828
409,24186459010900,2002,48.553947,-121.332446,57,3,,103.085,,,,,,,,,,140.451,,,,,,,,,,170.072
410,24186703010900,2002,48.575917,-121.477256,57,3,,275.966,,,,,,,,,,306.762,,,,,,,,,,315.394
411,24187148010900,2002,48.641853,-122.435301,57,2,,273.354,,,,,,,,,,290.902,,,,,,,,,,
412,24187325010900,2002,45.696585,-122.202962,59,2,,4.83,,,,,,,,,,41.468,,,,,,,,,,
413,24187755010900,2002,45.749743,-122.071966,59,3,,99.7,,,,,,,,,,146.054,,,,,,,,,,187.761
414,24187984010900,2002,45.794152,-121.697637,59,3,,277.94,,,,,,,,,,338.06,,,,,,,,,,367.31
415,24188372010900,2002,45.875483,-122.222763,59,3,,98.896,,,,,,,,,,185.618,,,,,,,,,,265.044
416,24188643010900,2002,45.890183,-121.907419,59,3,,781.311,,,,,,,,,,669.524,,,,,,,,,,694.332
417,24188988010900,2002,45.926966,-122.080957,59,3,,74.561,,,,,,,,,,139.546,,,,,,,,,,214.094
418,24189628010900,2002,45.937924,-121.720424,59,3,,243.674,,,,,,,,,,262.984,,,,,,,,,,258.964
419,24189910010900,2002,46.098671,-122.089492,59,2,,225.242,,,,,,,,,,,,,,,,,,,,32.931
420,24190100010900,2002,46.045782,-121.898021,59,2,,68.356,,,,,,,,,,150.728,,,,,,,,,,
421,24190530010900,2002,46.093627,-121.54673,59,3,,249.021,,,,,,,,,,219.326,,,,,,,,,,277.902
422,24190837010900,2002,46.239567,-121.971594,59,2,,241.712,,,,,,,,,,251.538,,,,,,,,,,
423,24191159010900,2002,46.245999,-122.106178,59,3,,9.597,,,,,,,,,,58.197,,,,,,,,,,142.311
424,24191349010900,2002,46.2333,-121.614063,59,3,,581.228,,,,,,,,,,659.112,,,,,,,,,,685.857
425,24191612010900,2002,46.28988,-121.75635,59,2,,22.856,,,,,,,,,,,,,,,,,,,,111.373
426,24191871010900,2002,47.783996,-121.353795,61,2,,299.573,,,,,,,,,,238.641,,,,,,,,,,
427,24192177010900,2002,47.894077,-121.571686,61,3,,188.443,,,,,,,,,,199.133,,,,,,,,,,195.181
428,24192363010900,2002,47.918306,-121.717907,61,2,,334.867,,,,,,,,,,,,,,,,,,,,5.384
429,24192561010900,2002,47.940357,-121.386597,61,2,,291.159,,,,,,,,,,345.075,,,,,,,,,,
430,24193223010900,2002,48.109472,-121.412075,61,3,,733.035,,,,,,,,,,933.083,,,,,,,,,,956.488
431,24193544010900,2002,48.162668,-122.298943,61,2,,62.994,,,,,,,,,,134.601,,,,,,,,,,
432,24193687010900,2002,48.154404,-121.049784,61,3,,364.777,,,,,,,,,,404.841,,,,,,,,,,441.066
433,24194292010900,2002,48.204307,-121.633422,61,3,,128.081,,,,,,,,,,149.431,,,,,,,,,,146.386
434,24194431010900,2002,48.252744,-121.419688,61,3,,190.116,,,,,,,,,,328.595,,,,,,,,,,440.121
435,24195284010900,2002,48.293129,-121.116207,57,3,,37.189,,,,,,,,,,65.275,,,,,,,,,,93.385
436,24195448010900,2002,47.303276,-117.573927,63,2,,62.003,,,,,,,,,,85.009,,,,,,,,,,
437,24195996010900,2002,47.744923,-117.638622,63,3,,111.555,,,,,,,,,,95.636,,,,,,,,,,56.195
438,24196098010900,2002,47.7953,-117.281842,63,3,,6.302,,,,,,,,,,15.934,,,,,,,,,,27.521
439,24196160010900,2002,47.852745,-117.09575,63,2,,55.557,,,,,,,,,,133.596,,,,,,,,,,
440,24196478010900,2002,48.04305,-117.124524,63,3,,206.468,,,,,,,,,,247.408,,,,,,,,,,286.697
441,24196872010900,2002,47.980948,-118.175344,65,3,,9.235,,,,,,,,,,18.052,,,,,,,,,,32.305
442,24196977010900,2002,47.997824,-117.86284,65,2,,86.576,,,,,,,,,,109.787,,,,,,,,,,
443,24197141010900,2002,47.944418,-117.646583,65,3,,77.684,,,,,,,,,,99.444,,,,,,,,,,107.458
444,24197513010900,2002,48.144097,-118.16554,65,2,,25.422,,,,,,,,,,54.626,,,,,,,,,,
445,24197671010900,2002,48.137662,-117.645589,65,3,,1.45,,,,,,,,,,5.716,,,,,,,,,,18.783
446,24197823010900,2002,48.290734,-118.023388,65,3,,41.776,,,,,,,,,,65.541,,,,,,,,,,100.57
447,24197940010900,2002,48.289555,-117.645627,65,3,,71.656,,,,,,,,,,89.494,,,,,,,,,,105.955
448,24198187010900,2002,48.334324,-117.871277,65,3,,244.65,,,,,,,,,,215.381,,,,,,,,,,223.204
449,24198346010900,2002,48.335184,-117.80816,65,2,,81.162,,,,,,,,,,147.769,,,,,,,,,,
450,24198552010900,2002,48.436253,-117.728666,65,2,,278.811,,,,,,,,,,253.101,,,,,,,,,,
451,24198812010900,2002,48.482498,-117.872443,65,2,,161.893,,,,,,,,,,,,,,,,,,,,175.484
452,24198975010900,2002,48.503682,-117.521806,65,2,,122.042,,,,,,,,,,174.423,,,,,,,,,,
453,24199205010900,2002,48.614029,-117.686663,65,2,,105.618,,,,,,,,,,131.908,,,,,,,,,,
454,24199913010900,2002,48.790597,-117.728669,65,2,,130.743,,,,,,,,,,,,,,,,,,,,132.887
455,24200188010900,2002,48.795207,-117.906394,65,2,,102.523,,,,,,,,,,,,,,,,,,,,203.096
456,24200393010900,2002,48.897164,-118.087829,65,2,,65.506,,,,,,,,,,48.643,,,,,,,,,,
457,24200744010900,2002,48.990569,-117.942299,65,2,,118.52,,,,,,,,,,,,,,,,,,,,135.149
458,24201192010900,2002,46.811613,-122.765427,67,3,,27.653,,,,,,,,,,98.921,,,,,,,,,,137.04
459,24201661010900,2002,47.132369,-122.81186,67,3,,116.645,,,,,,,,,,148.394,,,,,,,,,,183.286
460,24201837010900,2002,46.248333,-123.380264,69,2,,61.387,,,,,,,,,,125.803,,,,,,,,,,
461,24201986010900,2002,46.293046,-123.527573,69,3,,2.154,,,,,,,,,,65.499,,,,,,,,,,134.154
462,24202303010900,2002,48.647586,-122.614857,73,2,,297.656,,,,,,,,,,316.271,,,,,,,,,,
463,24203073010900,2002,48.701786,-121.695277,73,3,,320.166,,,,,,,,,,215.645,,,,,,,,,,178.832
464,24203376010900,2002,48.746059,-121.54369,73,3,,358.406,,,,,,,,,,452.19,,,,,,,,,,429.052
465,24203697010900,2002,48.747542,-121.003724,73,3,,186.491,,,,,,,,,,205.744,,,,,,,,,,262.22
466,24204171010900,2002,48.853479,-122.097905,73,2,,13.253,,,,,,,,,,,,,,,,,,,,141.053
467,24204728010900,2002,48.848467,-121.774165,73,3,,265.024,,,,,,,,,,231.621,,,,,,,,,,198.407
468,24204972010900,2002,48.897025,-121.908967,73,3,,373.985,,,,,,,,,,385.478,,,,,,,,,,379.613
469,24205290010900,2002,48.895612,-121.551149,73,3,,8.866,,,,,,,,,,16.076,,,,,,,,,,26.769
470,24205541010900,2002,48.897292,-121.02144,73,2,,265.538,,,,,,,,,,307.657,,,,,,,,,,
471,24205862010900,2002,48.945122,-121.193306,73,2,,335.598,,,,,,,,,,350.207,,,,,,,,,,
472,24206054010900,2002,48.99522,-122.69846,73,2,,359.76,,,,,,,,,,,,,,,,,,,,216.021
473,24206681010900,2002,46.081764,-121.19174,77,3,,87.911,,,,,,,,,,103.56,,,,,,,,,,129.563
474,24206805010900,2002,46.116263,-121.23548,77,2,,252.425,,,,,,,,,,,,,,,,,,,,95.179
475,24206994010900,2002,46.145862,-121.410002,77,2,,115.442,,,,,,,,,,58.052,,,,,,,,,,
476,24207238010900,2002,46.136898,-120.858397,77,2,,64.319,,,,,,,,,,,,,,,,,,,,119.493
477,24207697010900,2002,46.281716,-121.435202,77,3,,193.717,,,,,,,,,,247.371,,,,,,,,,,276.315
478,24207922010900,2002,46.278108,-121.284179,77,2,,131.704,,,,,,,,,,,,,,,,,,,,142.823
479,24208121010900,2002,46.29787,-121.443701,77,3,,31.612,,,,,,,,,,18.745,,,,,,,,,,21.305
480,24208346010900,2002,46.326166,-121.080365,77,2,,235.471,,,,,,,,,,,,,,,,,,,,77.144
481,24208648010900,2002,46.437205,-121.285829,77,3,,390.358,,,,,,,,,,255.459,,,,,,,,,,237.56
482,24208877010900,2002,46.47217,-121.160229,77,2,,43.681,,,,,,,,,,,,,,,,,,,,49.882
483,24209066010900,2002,46.578076,-121.321577,77,3,,224.295,,,,,,,,,,236.435,,,,,,,,,,227.944
484,24209888010900,2002,46.77667,-121.355877,77,3,,235.255,,,,,,,,,,389.402,,,,,,,,,,393.855
485,24210314010900,2002,46.772925,-121.034479,77,3,,47.926,,,,,,,,,,56.039,,,,,,,,,,64.999
486,24210735010900,2002,46.823787,-121.170616,77,3,,397.653,,,,,,,,,,382.234,,,,,,,,,,185.182
487,24211245010900,2002,46.849244,-120.835673,77,3,,40.593,,,,,,,,,,59.026,,,,,,,,,,73.518
488,24211430010900,2002,46.973011,-121.236473,77,3,,87.748,,,,,,,,,,84.436,,,,,,,,,,90.704
489,30826408020004,2002,46.15888,-117.466902,23,3,,228.962,,,,,,,,,,156.007,,,,,,,,,,160.852
490,22398321010497,2003,48.306454,-121.408297,57,2,,,465.259,,,,,,,,,,528.886,,,,,,,,,
491,22398355010497,2003,48.140113,-121.823011,61,2,,,222.641,,,,,,,,,,300.015,,,,,,,,,
492,22398385010497,2003,46.065059,-117.41147,3,2,,,45.608,,,,,,,,,,53.407,,,,,,,,,
493,22398388010497,2003,47.9969,-120.499474,7,2,,,49.098,,,,,,,,,,70.149,,,,,,,,,
494,22398390010497,2003,47.835047,-120.985204,7,2,,,438.525,,,,,,,,,,421.79,,,,,,,,,
495,22398391010497,2003,47.817035,-120.509231,7,2,,,59.32,,,,,,,,,,53.799,,,,,,,,,
496,22398392010497,2003,47.604334,-120.821535,7,2,,,204.211,,,,,,,,,,233.472,,,,,,,,,
497,22398394010497,2003,47.677433,-120.662757,7,2,,,105.586,,,,,,,,,,122.972,,,,,,,,,
498,22398395010497,2003,47.87044,-120.762676,7,2,,,286.986,,,,,,,,,,228.877,,,,,,,,,
499,22398396010497,2003,47.527006,-120.822605,7,2,,,199.486,,,,,,,,,,258.133,,,,,,,,,
500,22398398010497,2003,48.087228,-120.272895,7,2,,,136.305,,,,,,,,,,112.198,,,,,,,,,
501,22398400010497,2003,47.776671,-120.699811,7,2,,,85.692,,,,,,,,,,125.844,,,,,,,,,
502,22398403010497,2003,47.827372,-120.885186,7,2,,,69.109,,,,,,,,,,112.166,,,,,,,,,
503,22398404010497,2003,47.898922,-120.652199,7,2,,,330.062,,,,,,,,,,292.182,,,,,,,,,
504,22398406010497,2003,47.8438,-120.285824,7,2,,,46.202,,,,,,,,,,54.58,,,,,,,,,
505,22398408010497,2003,48.023143,-120.616363,7,2,,,343.803,,,,,,,,,,344.809,,,,,,,,,
506,22398409010497,2003,48.019117,-120.687404,7,2,,,34.471,,,,,,,,,,44.687,,,,,,,,,
507,22398410010497,2003,47.853317,-120.944386,7,2,,,32.122,,,,,,,,,,69.033,,,,,,,,,
508,22398411010497,2003,47.989667,-120.435553,7,2,,,276.948,,,,,,,,,,114.734,,,,,,,,,
509,22398412010497,2003,47.876885,-120.918427,7,2,,,253.138,,,,,,,,,,233.811,,,,,,,,,
510,22398413010497,2003,47.430892,-120.677451,7,2,,,51.447,,,,,,,,,,49.644,,,,,,,,,
511,22398415010497,2003,47.864,-120.295046,7,2,,,6.99,,,,,,,,,,2.907,,,,,,,,,
512,22398416010497,2003,47.629099,-120.739287,7,2,,,28.376,,,,,,,,,,28.874,,,,,,,,,
513,22398418010497,2003,47.899031,-123.033832,9,2,,,26.97,,,,,,,,,,73.289,,,,,,,,,
514,22398419010497,2003,48.066013,-123.734758,9,2,,,266.702,,,,,,,,,,389.418,,,,,,,,,
515,22398420010497,2003,48.108484,-124.205619,9,2,,,51.873,,,,,,,,,,127.584,,,,,,,,,
516,22398421010497,2003,47.992026,-122.997139,9,2,,,218.289,,,,,,,,,,247.612,,,,,,,,,
517,22398422010497,2003,47.997719,-124.321337,9,2,,,452.222,,,,,,,,,,462.382,,,,,,,,,
518,22398425010497,2003,46.227756,-117.745361,13,2,,,54.624,,,,,,,,,,60.929,,,,,,,,,
519,22398426010497,2003,46.083169,-117.828383,13,2,,,144.166,,,,,,,,,,184.817,,,,,,,,,
520,22398427010497,2003,46.106308,-117.787156,13,2,,,243.268,,,,,,,,,,180.85,,,,,,,,,
521,22398428010497,2003,46.24816,-117.640823,13,2,,,46.357,,,,,,,,,,36.097,,,,,,,,,
522,22398429010497,2003,46.242624,-122.291496,15,2,,,2.303,,,,,,,,,,10.13,,,,,,,,,
523,22398431010497,2003,48.690576,-118.344895,19,2,,,212.509,,,,,,,,,,231.299,,,,,,,,,
524,22398433010497,2003,48.602947,-118.549409,19,2,,,18.476,,,,,,,,,,28.577,,,,,,,,,
525,22398434010497,2003,48.492791,-118.368191,19,2,,,170.369,,,,,,,,,,209.178,,,,,,,,,
526,22398435010497,2003,48.729118,-118.831771,19,2,,,182.52,,,,,,,,,,199.179,,,,,,,,,
527,22398437010497,2003,48.592071,-118.508472,19,2,,,8.633,,,,,,,,,,17.116,,,,,,,,,
528,22398439010497,2003,48.886463,-118.337679,19,2,,,107.933,,,,,,,,,,120.776,,,,,,,,,
529,22398440010497,2003,48.641322,-118.423304,19,2,,,197.072,,,,,,,,,,230.421,,,,,,,,,
530,22398441010497,2003,48.641499,-118.280598,19,2,,,107.576,,,,,,,,,,109.819,,,,,,,,,
531,22398443010497,2003,48.564607,-118.217428,19,2,,,143.491,,,,,,,,,,120.841,,,,,,,,,
532,22398444010497,2003,48.964631,-118.362169,19,2,,,261.159,,,,,,,,,,273.224,,,,,,,,,
533,22398446010497,2003,48.76905,-118.449325,19,2,,,192.978,,,,,,,,,,151.602,,,,,,,,,
534,22398448010497,2003,48.841029,-118.388845,19,2,,,90.601,,,,,,,,,,32.144,,,,,,,,,
535,22398449010497,2003,48.932872,-118.400521,19,2,,,151.374,,,,,,,,,,166.2,,,,,,,,,
536,22398452010497,2003,46.188542,-117.50434,23,2,,,407.568,,,,,,,,,,341.939,,,,,,,,,
537,22398453010497,2003,47.350798,-123.69967,27,2,,,85.381,,,,,,,,,,172.758,,,,,,,,,
538,22398454010497,2003,47.482171,-123.507104,27,2,,,514.05,,,,,,,,,,562.599,,,,,,,,,
539,22398455010497,2003,47.373768,-123.72232,27,2,,,398.914,,,,,,,,,,317.196,,,,,,,,,
540,22398456010497,2003,47.356098,-123.982714,27,2,,,342.348,,,,,,,,,,336.897,,,,,,,,,
541,22398458010497,2003,47.393738,-123.734304,27,2,,,193.909,,,,,,,,,,159.583,,,,,,,,,
542,22398459010497,2003,47.596469,-123.979124,31,2,,,415.913,,,,,,,,,,415.579,,,,,,,,,
543,22398460010497,2003,47.845352,-122.962208,31,2,,,115.446,,,,,,,,,,148.703,,,,,,,,,
544,22398461010497,2003,47.575277,-124.018251,31,2,,,193.81,,,,,,,,,,274.623,,,,,,,,,
545,22398462010497,2003,47.152193,-121.517483,33,2,,,330.823,,,,,,,,,,369.878,,,,,,,,,
546,22398463010497,2003,47.199875,-121.402665,33,2,,,319.545,,,,,,,,,,350.561,,,,,,,,,
547,22398464010497,2003,47.766542,-121.620284,33,2,,,332.287,,,,,,,,,,315.628,,,,,,,,,
548,22398466010497,2003,47.144778,-121.33886,33,2,,,733.117,,,,,,,,,,751.5,,,,,,,,,
549,22398467010497,2003,47.566872,-121.541799,33,2,,,278.409,,,,,,,,,,359.711,,,,,,,,,
550,22398468010497,2003,47.291465,-121.195399,37,2,,,295.139,,,,,,,,,,291.672,,,,,,,,,
551,22398473010497,2003,47.462275,-120.971701,37,2,,,18.532,,,,,,,,,,25.19,,,,,,,,,
552,22398474010497,2003,47.221518,-121.307491,37,2,,,408.115,,,,,,,,,,435.062,,,,,,,,,
553,22398478010497,2003,47.363056,-121.040271,37,2,,,117.781,,,,,,,,,,79.859,,,,,,,,,
554,22398480010497,2003,47.437104,-121.183706,37,2,,,90.176,,,,,,,,,,172.908,,,,,,,,,
555,22398481010497,2003,47.266351,-121.186813,37,2,,,190.575,,,,,,,,,,220.439,,,,,,,,,
556,22398482010497,2003,47.390567,-120.975906,37,2,,,209.373,,,,,,,,,,98.097,,,,,,,,,
557,22398483010497,2003,46.483866,-121.781557,41,2,,,97.252,,,,,,,,,,191.591,,,,,,,,,
558,22398484010497,2003,46.610786,-121.568829,41,2,,,202.1,,,,,,,,,,150.396,,,,,,,,,
559,22398485010497,2003,46.53558,-121.711242,41,2,,,306.593,,,,,,,,,,356.194,,,,,,,,,
560,22398486010497,2003,46.705016,-121.497454,41,2,,,173.193,,,,,,,,,,32.775,,,,,,,,,
561,22398487010497,2003,46.655245,-121.455898,41,2,,,529.436,,,,,,,,,,576.347,,,,,,,,,
562,22398488010497,2003,46.725696,-121.495044,41,2,,,320.048,,,,,,,,,,260.1,,,,,,,,,
563,22398489010497,2003,46.712053,-121.85525,41,2,,,762.31,,,,,,,,,,760.609,,,,,,,,,
564,22398490010497,2003,46.416058,-122.069568,41,2,,,435.375,,,,,,,,,,474.499,,,,,,,,,
565,22398492010497,2003,46.40786,-121.785072,41,2,,,313.799,,,,,,,,,,389.494,,,,,,,,,
566,22398493010497,2003,46.614933,-121.750531,41,2,,,180.436,,,,,,,,,,252.901,,,,,,,,,
567,22398494010497,2003,46.419277,-122.149,41,2,,,460.245,,,,,,,,,,499.972,,,,,,,,,
568,22398495010497,2003,46.489006,-121.925458,41,2,,,864.891,,,,,,,,,,818.787,,,,,,,,,
569,22398496010497,2003,46.441128,-121.648667,41,2,,,55.861,,,,,,,,,,137.812,,,,,,,,,
570,22398497010497,2003,46.663874,-122.325034,41,2,,,76.428,,,,,,,,,,134.136,,,,,,,,,
571,22398498010497,2003,47.604713,-123.210439,45,2,,,168.847,,,,,,,,,,132.206,,,,,,,,,
572,22398499010497,2003,47.401202,-123.47167,45,2,,,111.028,,,,,,,,,,196.46,,,,,,,,,
573,22398500010497,2003,47.355631,-123.363371,45,2,,,306.223,,,,,,,,,,363.447,,,,,,,,,
574,22398502010497,2003,47.525434,-123.213662,45,2,,,86.426,,,,,,,,,,100.616,,,,,,,,,
575,22398504010497,2003,48.277417,-120.165182,47,2,,,75.586,,,,,,,,,,78.25,,,,,,,,,
576,22398507010497,2003,48.659196,-120.504204,47,2,,,276.344,,,,,,,,,,281.713,,,,,,,,,
577,22398508010497,2003,48.569857,-119.952949,47,2,,,127.343,,,,,,,,,,101.937,,,,,,,,,
578,22398510010497,2003,48.105208,-120.092789,47,2,,,6.295,,,,,,,,,,12.076,,,,,,,,,
579,22398511010497,2003,48.495428,-119.927087,47,2,,,112.199,,,,,,,,,,14.322,,,,,,,,,
580,22398512010497,2003,48.5505,-119.211424,47,2,,,61.64,,,,,,,,,,91.471,,,,,,,,,
581,22398514010497,2003,48.659613,-120.62268,47,2,,,19.188,,,,,,,,,,21.763,,,,,,,,,
582,22398515010497,2003,48.445558,-120.045018,47,2,,,33.398,,,,,,,,,,41.036,,,,,,,,,
583,22398516010497,2003,48.620203,-120.029306,47,2,,,110.215,,,,,,,,,,47.637,,,,,,,,,
584,22398517010497,2003,48.698671,-120.202368,47,2,,,151.234,,,,,,,,,,135.031,,,,,,,,,
585,22398518010497,2003,48.959623,-118.962842,47,2,,,228.82,,,,,,,,,,235.986,,,,,,,,,
586,22398523010497,2003,48.3115,-120.224244,47,2,,,6.664,,,,,,,,,,4.322,,,,,,,,,
587,22398525010497,2003,48.637481,-119.846327,47,2,,,19.813,,,,,,,,,,64.656,,,,,,,,,
588,22398526010497,2003,48.455238,-120.374611,47,2,,,65.708,,,,,,,,,,74.328,,,,,,,,,
589,22398527010497,2003,48.592193,-118.926605,47,2,,,30.207,,,,,,,,,,19.332,,,,,,,,,
590,22398528010497,2003,48.336313,-120.263123,47,2,,,26.898,,,,,,,,,,17.754,,,,,,,,,
591,22398529010497,2003,48.764488,-119.129516,47,2,,,212.044,,,,,,,,,,195.976,,,,,,,,,
592,22398530010497,2003,48.576179,-120.144605,47,2,,,62.407,,,,,,,,,,25.345,,,,,,,,,
593,22398531010497,2003,48.554639,-119.955001,47,2,,,103.906,,,,,,,,,,63.293,,,,,,,,,
594,22398534010497,2003,48.520677,-120.032651,47,2,,,225.092,,,,,,,,,,87.114,,,,,,,,,
595,22398536010497,2003,48.652783,-120.135422,47,2,,,51.211,,,,,,,,,,32.432,,,,,,,,,
596,22398537010497,2003,48.812522,-119.088257,47,2,,,123.939,,,,,,,,,,84.198,,,,,,,,,
597,22398538010497,2003,48.333942,-117.458545,51,2,,,292.946,,,,,,,,,,338.959,,,,,,,,,
598,22398540010497,2003,48.790037,-117.216553,51,2,,,82.15,,,,,,,,,,126.713,,,,,,,,,
599,22398541010497,2003,48.764379,-117.332087,51,2,,,224.197,,,,,,,,,,286.62,,,,,,,,,
600,22398544010497,2003,48.919836,-117.387863,51,2,,,221.336,,,,,,,,,,260.462,,,,,,,,,
601,22398545010497,2003,48.784847,-117.188346,51,2,,,152.631,,,,,,,,,,194.81,,,,,,,,,
602,22398549010497,2003,48.773754,-117.478289,51,2,,,81.993,,,,,,,,,,113.922,,,,,,,,,
603,22398551010497,2003,48.40352,-117.377249,51,2,,,212.254,,,,,,,,,,249.272,,,,,,,,,
604,22398552010497,2003,48.691362,-117.35145,51,2,,,106.618,,,,,,,,,,140.517,,,,,,,,,
605,22398554010497,2003,48.869089,-117.323661,51,2,,,160.682,,,,,,,,,,166.52,,,,,,,,,
606,22398555010497,2003,48.452938,-117.377207,51,2,,,128.309,,,,,,,,,,138.261,,,,,,,,,
607,22398556010497,2003,48.655912,-117.609123,51,2,,,283.715,,,,,,,,,,333.282,,,,,,,,,
608,22398558010497,2003,46.764235,-121.924152,53,2,,,411.243,,,,,,,,,,452.436,,,,,,,,,
609,22398559010497,2003,47.074776,-121.484888,53,2,,,579.652,,,,,,,,,,551.124,,,,,,,,,
610,22398560010497,2003,47.007829,-121.698175,53,2,,,58.56,,,,,,,,,,122.35,,,,,,,,,
611,22398561010497,2003,46.759668,-121.962123,53,2,,,612.54,,,,,,,,,,732.964,,,,,,,,,
612,22398562010497,2003,46.928046,-121.48891,53,2,,,57.121,,,,,,,,,,81.312,,,,,,,,,
613,22398563010497,2003,48.572253,-121.369101,57,2,,,393.664,,,,,,,,,,396.141,,,,,,,,,
614,22398564010497,2003,48.329778,-121.7832,57,2,,,244.977,,,,,,,,,,242.518,,,,,,,,,
615,22398565010497,2003,48.306539,-121.378916,57,2,,,235.869,,,,,,,,,,152.732,,,,,,,,,
616,22398566010497,2003,48.55483,-121.441986,57,2,,,322.762,,,,,,,,,,378.138,,,,,,,,,
617,22398567010497,2003,48.58001,-121.319679,57,2,,,432.651,,,,,,,,,,460.011,,,,,,,,,
618,22398568010497,2003,48.539987,-120.806226,57,2,,,5.15,,,,,,,,,,9.03,,,,,,,,,
619,22398569010497,2003,48.326084,-121.372645,57,2,,,662.204,,,,,,,,,,638.176,,,,,,,,,
620,22398570010497,2003,48.438687,-121.959951,57,2,,,98.475,,,,,,,,,,184.686,,,,,,,,,
621,22398571010497,2003,45.973353,-121.904332,59,2,,,698.045,,,,,,,,,,728.189,,,,,,,,,
622,22398572010497,2003,45.996333,-121.653348,59,2,,,107.524,,,,,,,,,,139.902,,,,,,,,,
623,22398573010497,2003,46.169068,-122.047802,59,2,,,1087.919,,,,,,,,,,1084.805,,,,,,,,,
624,22398574010497,2003,46.12331,-121.865776,59,2,,,517.098,,,,,,,,,,618.84,,,,,,,,,
625,22398575010497,2003,46.116932,-121.941375,59,2,,,244.962,,,,,,,,,,287.254,,,,,,,,,
626,22398576010497,2003,45.777637,-122.184486,59,2,,,111.322,,,,,,,,,,145.393,,,,,,,,,
627,22398577010497,2003,45.773314,-121.795787,59,2,,,416.027,,,,,,,,,,472.248,,,,,,,,,
628,22398578010497,2003,46.214894,-121.936644,59,2,,,671.642,,,,,,,,,,684.834,,,,,,,,,
629,22398580010497,2003,45.975475,-122.04793,59,2,,,52.447,,,,,,,,,,86.624,,,,,,,,,
630,22398581010497,2003,46.114581,-121.794667,59,2,,,294.183,,,,,,,,,,334.965,,,,,,,,,
631,22398582010497,2003,46.071736,-121.648909,59,2,,,138.221,,,,,,,,,,248.297,,,,,,,,,
632,22398584010497,2003,45.92124,-121.901353,59,2,,,421.02,,,,,,,,,,462.502,,,,,,,,,
633,22398585010497,2003,46.095634,-121.653318,59,2,,,713.368,,,,,,,,,,687.423,,,,,,,,,
634,22398586010497,2003,45.899251,-121.792999,59,2,,,376.112,,,,,,,,,,388.481,,,,,,,,,
635,22398587010497,2003,46.091039,-121.870242,59,2,,,251.477,,,,,,,,,,284.139,,,,,,,,,
636,22398588010497,2003,46.362438,-121.682922,59,2,,,334.01,,,,,,,,,,342.044,,,,,,,,,
637,22398590010497,2003,45.914276,-121.622731,59,2,,,31.14,,,,,,,,,,71.993,,,,,,,,,
638,22398591010497,2003,46.257799,-121.909222,59,2,,,310.352,,,,,,,,,,320.196,,,,,,,,,
639,22398592010497,2003,45.895313,-122.07578,59,2,,,117.069,,,,,,,,,,208.943,,,,,,,,,
640,22398593010497,2003,46.171913,-122.119061,59,2,,,111.61,,,,,,,,,,126.872,,,,,,,,,
641,22398594010497,2003,46.361799,-121.574289,59,2,,,154.059,,,,,,,,,,190.781,,,,,,,,,
642,22398597010497,2003,46.217628,-121.612894,59,2,,,192.463,,,,,,,,,,219.255,,,,,,,,,
643,22398598010497,2003,46.213096,-121.977314,59,2,,,7.051,,,,,,,,,,36.571,,,,,,,,,
644,22398599010497,2003,45.77014,-121.728499,59,2,,,697.577,,,,,,,,,,839.303,,,,,,,,,
645,22398601010497,2003,46.33422,-121.573416,59,2,,,10.519,,,,,,,,,,30.659,,,,,,,,,
646,22398603010497,2003,48.141401,-121.785944,61,2,,,63.094,,,,,,,,,,142.618,,,,,,,,,
647,22398604010497,2003,48.084575,-121.378105,61,2,,,628.578,,,,,,,,,,674.092,,,,,,,,,
648,22398606010497,2003,48.104662,-121.453114,61,2,,,229.374,,,,,,,,,,167.155,,,,,,,,,
649,22398608010497,2003,48.254747,-121.709658,61,2,,,384.933,,,,,,,,,,398.793,,,,,,,,,
650,22398610010497,2003,48.082337,-121.642533,61,2,,,451.49,,,,,,,,,,512.306,,,,,,,,,
651,22398611010497,2003,48.027296,-121.267039,61,2,,,343.522,,,,,,,,,,361.318,,,,,,,,,
652,22398614010497,2003,48.665901,-117.769364,65,2,,,102.889,,,,,,,,,,163.48,,,,,,,,,
653,22398615010497,2003,48.971768,-117.458327,65,2,,,33.423,,,,,,,,,,66.751,,,,,,,,,
654,22398616010497,2003,48.659888,-117.681603,65,2,,,176.956,,,,,,,,,,182.0,,,,,,,,,
655,22398617010497,2003,48.602173,-117.57974,65,2,,,236.73,,,,,,,,,,259.301,,,,,,,,,
656,22398618010497,2003,48.680252,-121.730043,73,2,,,455.119,,,,,,,,,,497.761,,,,,,,,,
657,22398619010497,2003,48.931043,-121.947574,73,2,,,417.616,,,,,,,,,,465.244,,,,,,,,,
658,22398620010497,2003,48.720403,-120.947594,73,2,,,416.169,,,,,,,,,,384.196,,,,,,,,,
659,22398621010497,2003,48.662937,-120.877051,73,2,,,163.291,,,,,,,,,,188.596,,,,,,,,,
660,22398622010497,2003,48.973255,-121.759564,73,2,,,414.157,,,,,,,,,,433.172,,,,,,,,,
661,22398623010497,2003,48.874661,-121.840274,73,2,,,538.797,,,,,,,,,,563.402,,,,,,,,,
662,22398624010497,2003,48.660573,-120.836653,73,2,,,63.874,,,,,,,,,,80.091,,,,,,,,,
663,22398627010497,2003,48.716144,-120.908791,73,2,,,204.522,,,,,,,,,,187.368,,,,,,,,,
664,22398628010497,2003,46.945189,-121.089058,77,2,,,17.566,,,,,,,,,,47.996,,,,,,,,,
665,22398630010497,2003,46.599587,-121.209428,77,2,,,235.252,,,,,,,,,,237.2,,,,,,,,,
666,22398633010497,2003,47.021577,-121.200311,77,2,,,189.452,,,,,,,,,,193.733,,,,,,,,,
667,22398634010497,2003,46.626891,-121.065576,77,2,,,29.25,,,,,,,,,,21.368,,,,,,,,,
668,22398649010497,2003,47.968019,-120.656843,7,2,,,364.196,,,,,,,,,,366.26,,,,,,,,,
669,22398656010497,2003,48.076606,-120.795189,7,2,,,133.069,,,,,,,,,,154.56,,,,,,,,,
670,24456186010900,2003,48.193735,-118.161898,65,2,,,29.802,,,,,,,,,,63.811,,,,,,,,,
671,24456628010900,2003,48.377187,-117.82316,65,2,,,121.788,,,,,,,,,,103.479,,,,,,,,,
672,24456853010900,2003,48.41087,-117.635436,65,2,,,44.799,,,,,,,,,,69.249,,,,,,,,,
673,24457295010900,2003,48.587231,-117.690539,65,2,,,131.154,,,,,,,,,,179.053,,,,,,,,,
674,24457642010900,2003,48.531754,-117.50138,65,2,,,169.521,,,,,,,,,,203.729,,,,,,,,,
675,24457812010900,2003,48.583842,-118.093595,65,2,,,49.223,,,,,,,,,,66.444,,,,,,,,,
676,24457948010900,2003,48.685142,-117.866081,65,2,,,62.371,,,,,,,,,,36.121,,,,,,,,,
677,24458110010900,2003,48.730979,-117.669868,65,2,,,182.329,,,,,,,,,,227.99,,,,,,,,,
678,24458321010900,2003,48.83825,-117.868368,65,2,,,60.463,,,,,,,,,,76.551,,,,,,,,,
679,24458686010900,2003,48.87281,-117.513442,65,2,,,201.146,,,,,,,,,,217.282,,,,,,,,,
680,24459116010900,2003,48.884385,-117.719157,65,2,,,132.046,,,,,,,,,,180.51,,,,,,,,,
681,24459459010900,2003,46.802979,-122.916375,67,2,,,50.361,,,,,,,,,,104.176,,,,,,,,,
682,24459582010900,2003,46.809282,-122.381626,67,2,,,29.078,,,,,,,,,,143.108,,,,,,,,,
683,24460214010900,2003,47.083441,-122.790151,67,2,,,40.203,,,,,,,,,,64.552,,,,,,,,,
684,24460341010900,2003,46.250766,-123.300301,69,2,,,231.284,,,,,,,,,,228.226,,,,,,,,,
685,24460589010900,2003,46.35018,-123.52073,69,2,,,111.661,,,,,,,,,,216.78,,,,,,,,,
686,24461361010900,2003,48.698892,-122.314577,73,2,,,438.7,,,,,,,,,,457.745,,,,,,,,,
687,24461851010900,2003,48.688445,-120.955703,73,2,,,225.365,,,,,,,,,,289.728,,,,,,,,,
688,24462185010900,2003,48.683052,-120.731012,73,2,,,99.697,,,,,,,,,,138.519,,,,,,,,,
689,24462832010900,2003,48.801514,-122.098908,73,2,,,232.679,,,,,,,,,,267.749,,,,,,,,,
690,24463066010900,2003,48.793787,-121.484425,73,2,,,207.124,,,,,,,,,,198.333,,,,,,,,,
691,24463413010900,2003,48.837426,-120.808926,73,2,,,136.789,,,,,,,,,,123.997,,,,,,,,,
692,24463683010900,2003,48.895581,-122.244429,73,2,,,3.877,,,,,,,,,,35.287,,,,,,,,,
693,24464165010900,2003,48.953006,-121.542383,73,2,,,135.647,,,,,,,,,,187.894,,,,,,,,,
694,24464353010900,2003,48.990639,-121.198782,73,2,,,42.131,,,,,,,,,,50.683,,,,,,,,,
695,24465043010900,2003,46.092703,-120.870782,77,2,,,185.443,,,,,,,,,,160.614,,,,,,,,,
696,24465325010900,2003,46.172241,-121.357784,77,2,,,172.052,,,,,,,,,,196.853,,,,,,,,,
697,24465574010900,2003,46.213057,-121.049282,77,2,,,14.973,,,,,,,,,,36.594,,,,,,,,,
698,24465727010900,2003,46.240775,-121.205611,77,2,,,51.736,,,,,,,,,,75.278,,,,,,,,,
699,24466033010900,2003,46.277729,-120.869138,77,2,,,44.913,,,,,,,,,,75.05,,,,,,,,,
700,24466222010900,2003,46.352102,-121.420625,77,2,,,418.052,,,,,,,,,,427.64,,,,,,,,,
701,24466734010900,2003,46.401602,-121.248997,77,2,,,281.556,,,,,,,,,,230.176,,,,,,,,,
702,24467136010900,2003,46.533697,-121.096195,77,2,,,68.953,,,,,,,,,,77.086,,,,,,,,,
703,24467269010900,2003,46.577823,-121.242991,77,2,,,381.447,,,,,,,,,,308.324,,,,,,,,,
704,24467526010900,2003,46.699925,-121.145257,77,2,,,136.495,,,,,,,,,,144.812,,,,,,,,,
705,24467730010900,2003,46.730751,-121.31907,77,2,,,325.198,,,,,,,,,,354.67,,,,,,,,,
706,24468035010900,2003,46.732757,-120.949685,77,2,,,77.42,,,,,,,,,,97.654,,,,,,,,,
707,24468200010900,2003,46.876322,-121.311614,77,2,,,181.56,,,,,,,,,,195.009,,,,,,,,,
708,24468462010900,2003,46.87194,-121.164872,77,2,,,123.839,,,,,,,,,,141.862,,,,,,,,,
709,24468790010900,2003,46.884484,-120.804355,77,2,,,55.701,,,,,,,,,,57.008,,,,,,,,,
710,24468927010900,2003,47.024133,-121.160818,77,2,,,92.288,,,,,,,,,,125.629,,,,,,,,,
711,24469224010900,2003,47.052874,-121.359122,77,2,,,275.4,,,,,,,,,,269.127,,,,,,,,,
712,24476652010900,2003,47.28197,-123.450175,45,2,,,8.424,,,,,,,,,,24.578,,,,,,,,,
713,24476841010900,2003,47.323635,-123.398097,45,2,,,14.857,,,,,,,,,,56.005,,,,,,,,,
714,24477151010900,2003,47.381984,-123.218705,45,2,,,22.68,,,,,,,,,,101.16,,,,,,,,,
715,24477672010900,2003,48.104372,-120.13477,47,2,,,105.49,,,,,,,,,,15.759,,,,,,,,,
716,24477957010900,2003,48.168219,-119.07701,47,2,,,40.444,,,,,,,,,,52.851,,,,,,,,,
717,24478062010900,2003,48.166233,-118.850377,47,2,,,133.24,,,,,,,,,,142.175,,,,,,,,,
718,24478225010900,2003,48.235932,-120.302563,47,2,,,68.98,,,,,,,,,,77.196,,,,,,,,,
719,24478447010900,2003,48.248932,-119.98123,47,2,,,73.324,,,,,,,,,,84.776,,,,,,,,,
720,24478997010900,2003,48.384482,-120.379343,47,2,,,105.711,,,,,,,,,,113.247,,,,,,,,,
721,24479236010900,2003,48.340385,-119.087054,47,2,,,102.357,,,,,,,,,,114.981,,,,,,,,,
722,24479417010900,2003,48.418933,-120.536437,47,2,,,27.582,,,,,,,,,,45.339,,,,,,,,,
723,24479644010900,2003,48.421987,-120.00858,47,2,,,41.975,,,,,,,,,,44.22,,,,,,,,,
724,24479822010900,2003,48.470264,-119.835864,47,2,,,194.05,,,,,,,,,,199.511,,,,,,,,,
725,24480041010900,2003,48.463672,-119.291659,47,2,,,84.148,,,,,,,,,,105.484,,,,,,,,,
726,24480264010900,2003,48.463175,-119.436688,47,2,,,34.112,,,,,,,,,,3.63,,,,,,,,,
727,24480435010900,2003,48.471075,-118.899309,47,2,,,100.413,,,,,,,,,,105.814,,,,,,,,,
728,24480602010900,2003,48.531446,-120.358701,47,2,,,87.66,,,,,,,,,,87.902,,,,,,,,,
729,24480780010900,2003,48.521695,-119.361477,47,2,,,30.377,,,,,,,,,,39.366,,,,,,,,,
730,24480871010900,2003,48.496548,-119.120012,47,2,,,112.422,,,,,,,,,,108.537,,,,,,,,,
731,24481528010900,2003,48.600449,-120.213028,47,2,,,82.262,,,,,,,,,,97.619,,,,,,,,,
732,24481695010900,2003,48.616315,-119.847177,47,2,,,174.957,,,,,,,,,,151.534,,,,,,,,,
733,24482023010900,2003,48.634306,-118.94686,47,2,,,28.176,,,,,,,,,,49.066,,,,,,,,,
734,24482771010900,2003,48.770952,-119.714577,47,2,,,218.318,,,,,,,,,,247.956,,,,,,,,,
735,24482958010900,2003,48.765477,-119.872713,47,2,,,188.691,,,,,,,,,,119.386,,,,,,,,,
736,24483230010900,2003,48.875845,-120.426783,47,2,,,52.812,,,,,,,,,,66.561,,,,,,,,,
737,24483705010900,2003,48.877275,-120.647872,47,2,,,312.528,,,,,,,,,,98.83,,,,,,,,,
738,24484176010900,2003,48.911885,-119.715055,47,2,,,102.604,,,,,,,,,,117.172,,,,,,,,,
739,24484302010900,2003,48.960967,-119.893742,47,2,,,62.54,,,,,,,,,,8.71,,,,,,,,,
740,24484545010900,2003,48.940572,-119.001115,47,2,,,99.885,,,,,,,,,,123.078,,,,,,,,,
741,24484737010900,2003,46.296341,-123.880734,49,2,,,231.48,,,,,,,,,,245.946,,,,,,,,,
742,24484927010900,2003,46.3395,-124.018752,49,2,,,30.285,,,,,,,,,,70.786,,,,,,,,,
743,24485101010900,2003,46.350458,-123.741134,49,2,,,107.965,,,,,,,,,,159.437,,,,,,,,,
744,24485528010900,2003,46.500677,-123.723277,49,2,,,152.831,,,,,,,,,,242.578,,,,,,,,,
745,24485753010900,2003,46.639507,-123.732233,49,2,,,15.227,,,,,,,,,,107.044,,,,,,,,,
746,24485932010900,2003,46.648544,-123.597063,49,2,,,16.514,,,,,,,,,,40.178,,,,,,,,,
747,24486093010900,2003,46.708215,-123.406624,49,2,,,42.222,,,,,,,,,,171.732,,,,,,,,,
748,24486692010900,2003,48.063443,-117.091333,51,2,,,183.487,,,,,,,,,,237.896,,,,,,,,,
749,24486919010900,2003,48.223665,-117.437684,51,2,,,261.724,,,,,,,,,,283.916,,,,,,,,,
750,24486945010900,2003,48.384586,-117.490918,51,2,,,190.391,,,,,,,,,,184.261,,,,,,,,,
751,24487262010900,2003,48.394222,-117.127236,51,2,,,13.466,,,,,,,,,,27.263,,,,,,,,,
752,24487495010900,2003,48.435388,-117.278596,51,2,,,102.0,,,,,,,,,,169.258,,,,,,,,,
753,24487888010900,2003,48.578397,-117.142236,51,2,,,141.083,,,,,,,,,,173.876,,,,,,,,,
754,24488200010900,2003,48.706236,-117.48921,51,2,,,153.202,,,,,,,,,,163.921,,,,,,,,,
755,24488526010900,2003,48.71247,-117.136406,51,2,,,142.52,,,,,,,,,,164.472,,,,,,,,,
756,24489008010900,2003,48.880927,-117.17377,51,2,,,135.107,,,,,,,,,,128.363,,,,,,,,,
757,24489334010900,2003,48.913815,-117.319527,51,2,,,114.134,,,,,,,,,,156.913,,,,,,,,,
758,24489700010900,2003,46.773536,-122.189518,53,2,,,149.755,,,,,,,,,,144.152,,,,,,,,,
759,24489967010900,2003,46.815007,-122.036813,53,2,,,201.18,,,,,,,,,,345.869,,,,,,,,,
760,24490736010900,2003,46.953137,-121.895961,53,2,,,552.576,,,,,,,,,,560.071,,,,,,,,,
761,24490945010900,2003,47.024987,-121.736916,53,2,,,233.558,,,,,,,,,,270.886,,,,,,,,,
762,24491293010900,2003,47.005802,-121.527464,53,2,,,357.407,,,,,,,,,,317.572,,,,,,,,,
763,24491571010900,2003,47.059613,-122.598369,53,2,,,4.048,,,,,,,,,,45.989,,,,,,,,,
764,24491758010900,2003,47.105569,-122.469957,53,2,,,135.866,,,,,,,,,,235.096,,,,,,,,,
765,24491986010900,2003,47.401667,-122.68363,53,2,,,16.955,,,,,,,,,,50.171,,,,,,,,,
766,24492095010900,2003,48.51007,-122.887085,55,2,,,65.213,,,,,,,,,,135.371,,,,,,,,,
767,24492962010900,2003,48.400569,-122.539283,57,2,,,75.425,,,,,,,,,,90.788,,,,,,,,,
768,24493125010900,2003,48.35334,-121.95072,57,2,,,131.669,,,,,,,,,,170.055,,,,,,,,,
769,24493462010900,2003,48.457254,-121.778222,57,2,,,27.993,,,,,,,,,,63.501,,,,,,,,,
770,24493767010900,2003,48.455064,-121.487082,57,2,,,168.627,,,,,,,,,,260.16,,,,,,,,,
771,24494145010900,2003,48.523984,-121.295371,57,2,,,162.783,,,,,,,,,,143.232,,,,,,,,,
772,24494561010900,2003,48.631671,-122.041082,57,2,,,12.695,,,,,,,,,,35.622,,,,,,,,,
773,24494715010900,2003,45.671872,-122.158236,59,2,,,353.624,,,,,,,,,,276.394,,,,,,,,,
774,24494906010900,2003,45.649851,-121.998374,59,2,,,326.06,,,,,,,,,,386.889,,,,,,,,,
775,24495112010900,2003,45.799057,-122.050983,59,2,,,151.109,,,,,,,,,,195.651,,,,,,,,,
776,24495364010900,2003,45.79322,-121.770342,59,2,,,268.128,,,,,,,,,,473.604,,,,,,,,,
777,24495541010900,2003,45.851641,-122.190457,59,2,,,80.59,,,,,,,,,,136.271,,,,,,,,,
778,24495777010900,2003,45.850686,-121.690613,59,2,,,472.822,,,,,,,,,,532.824,,,,,,,,,
779,24496038010900,2003,45.845664,-121.835256,59,2,,,570.313,,,,,,,,,,565.625,,,,,,,,,
780,24496392010900,2003,45.992095,-122.225922,59,2,,,505.018,,,,,,,,,,587.413,,,,,,,,,
781,24496621010900,2003,46.024683,-121.865597,59,2,,,255.297,,,,,,,,,,248.09,,,,,,,,,
782,24496911010900,2003,45.99426,-121.688781,59,2,,,9.372,,,,,,,,,,41.927,,,,,,,,,
783,24497166010900,2003,46.065112,-121.549418,59,2,,,380.309,,,,,,,,,,480.167,,,,,,,,,
784,24497410010900,2003,46.150281,-122.142331,59,2,,,82.731,,,,,,,,,,136.371,,,,,,,,,
785,24497597010900,2003,46.14638,-122.037816,59,2,,,102.236,,,,,,,,,,186.888,,,,,,,,,
786,24497836010900,2003,46.191037,-121.898918,59,2,,,61.615,,,,,,,,,,137.241,,,,,,,,,
787,24498082010900,2003,46.219985,-121.559086,59,2,,,430.069,,,,,,,,,,360.59,,,,,,,,,
788,24498693010900,2003,46.343403,-121.974053,59,2,,,182.104,,,,,,,,,,220.321,,,,,,,,,
789,24499031010900,2003,46.38392,-121.613868,59,2,,,406.092,,,,,,,,,,401.468,,,,,,,,,
790,24499321010900,2003,47.81295,-121.8647,61,2,,,253.842,,,,,,,,,,73.173,,,,,,,,,
791,24499760010900,2003,47.836437,-121.508613,61,2,,,934.42,,,,,,,,,,980.225,,,,,,,,,
792,24500369010900,2003,47.875928,-121.164556,61,2,,,21.379,,,,,,,,,,29.146,,,,,,,,,
793,24500634010900,2003,47.965044,-121.727268,61,2,,,169.1,,,,,,,,,,247.036,,,,,,,,,
794,24500882010900,2003,47.98363,-121.884549,61,2,,,84.717,,,,,,,,,,155.357,,,,,,,,,
795,24501251010900,2003,48.053908,-121.200576,61,2,,,18.074,,,,,,,,,,25.279,,,,,,,,,
796,24501439010900,2003,48.112959,-121.712321,61,2,,,170.129,,,,,,,,,,110.854,,,,,,,,,
797,24501961010900,2003,48.158095,-121.411436,61,2,,,229.837,,,,,,,,,,289.929,,,,,,,,,
798,24502332010900,2003,48.16196,-121.565759,61,2,,,282.014,,,,,,,,,,310.723,,,,,,,,,
799,24502803010900,2003,48.171307,-121.043211,61,2,,,401.75,,,,,,,,,,401.508,,,,,,,,,
800,24503327010900,2003,48.168308,-121.936515,61,2,,,323.838,,,,,,,,,,374.393,,,,,,,,,
801,24503525010900,2003,47.450327,-117.573971,63,2,,,100.718,,,,,,,,,,91.674,,,,,,,,,
802,24503758010900,2003,47.598164,-117.207386,63,2,,,107.346,,,,,,,,,,74.357,,,,,,,,,
803,24504052010900,2003,47.901628,-117.055578,63,2,,,225.878,,,,,,,,,,301.805,,,,,,,,,
804,24504300010900,2003,47.945059,-117.214492,63,2,,,20.83,,,,,,,,,,45.55,,,,,,,,,
805,24504877010900,2003,48.002276,-118.160959,65,2,,,37.936,,,,,,,,,,41.365,,,,,,,,,
806,24505686010900,2003,46.134849,-117.402045,3,2,,,158.992,,,,,,,,,,132.608,,,,,,,,,
807,24506015010900,2003,46.106533,-117.233538,3,2,,,44.061,,,,,,,,,,59.662,,,,,,,,,
808,24506532010900,2003,47.274226,-120.362083,7,2,,,165.656,,,,,,,,,,170.519,,,,,,,,,
809,24506863010900,2003,47.420676,-120.736165,7,2,,,95.419,,,,,,,,,,95.619,,,,,,,,,
810,24507130010900,2003,47.406169,-120.56284,7,2,,,24.354,,,,,,,,,,27.319,,,,,,,,,
811,24508102010900,2003,47.723589,-120.588527,7,2,,,22.459,,,,,,,,,,25.151,,,,,,,,,
812,24508278010900,2003,47.770648,-120.442463,7,2,,,61.047,,,,,,,,,,41.954,,,,,,,,,
813,24508542010900,2003,47.741551,-120.266247,7,2,,,16.248,,,,,,,,,,19.555,,,,,,,,,
814,24508760010900,2003,47.854898,-120.987655,7,2,,,269.236,,,,,,,,,,393.601,,,,,,,,,
815,24509014010900,2003,47.898631,-120.626688,7,2,,,211.496,,,,,,,,,,117.177,,,,,,,,,
816,24509233010900,2003,47.9062,-120.835372,7,2,,,532.662,,,,,,,,,,640.474,,,,,,,,,
817,24509895010900,2003,47.943044,-120.471798,7,2,,,0.708,,,,,,,,,,2.461,,,,,,,,,
818,24510325010900,2003,48.051144,-120.6885,7,2,,,319.691,,,,,,,,,,271.972,,,,,,,,,
819,24510595010900,2003,48.052372,-120.824243,7,2,,,435.222,,,,,,,,,,481.936,,,,,,,,,
820,24510895010900,2003,48.061663,-120.279715,7,2,,,47.309,,,,,,,,,,56.687,,,,,,,,,
821,24511125010900,2003,48.109652,-120.281251,7,2,,,172.312,,,,,,,,,,76.91,,,,,,,,,
822,24511344010900,2003,48.192656,-120.673283,7,2,,,150.179,,,,,,,,,,162.232,,,,,,,,,
823,24511790010900,2003,48.35423,-120.742513,7,2,,,379.226,,,,,,,,,,257.565,,,,,,,,,
824,24512151010900,2003,47.872482,-122.961576,9,2,,,172.046,,,,,,,,,,229.926,,,,,,,,,
825,24512600010900,2003,47.896524,-124.220535,9,2,,,423.181,,,,,,,,,,486.736,,,,,,,,,
826,24512824010900,2003,47.971441,-124.055893,9,2,,,704.259,,,,,,,,,,809.924,,,,,,,,,
827,24513145010900,2003,47.917492,-123.885748,9,2,,,447.55,,,,,,,,,,431.895,,,,,,,,,
828,24513401010900,2003,47.962709,-123.508361,9,2,,,491.721,,,,,,,,,,470.34,,,,,,,,,
829,24513584010900,2003,47.98471,-123.687627,9,2,,,365.477,,,,,,,,,,353.623,,,,,,,,,
830,24513781010900,2003,48.017658,-123.160571,9,2,,,38.253,,,,,,,,,,103.807,,,,,,,,,
831,24513938010900,2003,48.019705,-124.626315,9,2,,,217.166,,,,,,,,,,355.699,,,,,,,,,
832,24514156010900,2003,48.030921,-123.344915,9,2,,,212.065,,,,,,,,,,272.143,,,,,,,,,
833,24514332010900,2003,48.063859,-124.251361,9,2,,,420.836,,,,,,,,,,545.641,,,,,,,,,
834,24514879010900,2003,48.112202,-123.879967,9,2,,,79.445,,,,,,,,,,131.146,,,,,,,,,
835,24515644010900,2003,48.130347,-123.569281,9,2,,,490.345,,,,,,,,,,458.111,,,,,,,,,
836,24515981010900,2003,48.186173,-124.656382,9,2,,,187.361,,,,,,,,,,324.013,,,,,,,,,
837,24516474010900,2003,48.262793,-124.48562,9,2,,,242.828,,,,,,,,,,354.486,,,,,,,,,
838,24516680010900,2003,45.622605,-122.326733,11,2,,,104.418,,,,,,,,,,165.085,,,,,,,,,
839,24516867010900,2003,45.808045,-122.349906,11,2,,,286.952,,,,,,,,,,329.246,,,,,,,,,
840,24517649010900,2003,46.124873,-117.721437,13,2,,,408.527,,,,,,,,,,369.397,,,,,,,,,
841,24518337010900,2003,46.099695,-122.918939,15,2,,,24.997,,,,,,,,,,98.755,,,,,,,,,
842,24518635010900,2003,46.092545,-122.42508,15,2,,,132.484,,,,,,,,,,271.017,,,,,,,,,
843,24518845010900,2003,46.15048,-122.255392,15,2,,,336.044,,,,,,,,,,365.676,,,,,,,,,
844,24519074010900,2003,46.203309,-123.16158,15,2,,,223.718,,,,,,,,,,290.953,,,,,,,,,
845,24519906010900,2003,46.349181,-122.295027,15,2,,,8.003,,,,,,,,,,61.748,,,,,,,,,
846,24520543010900,2003,48.345435,-118.42088,19,2,,,74.53,,,,,,,,,,104.841,,,,,,,,,
847,24520893010900,2003,48.1523,-118.498234,19,2,,,90.763,,,,,,,,,,85.263,,,,,,,,,
848,24521035010900,2003,48.327583,-118.534772,19,2,,,195.858,,,,,,,,,,205.293,,,,,,,,,
849,24521318010900,2003,48.357427,-118.706604,19,2,,,29.338,,,,,,,,,,36.53,,,,,,,,,
850,24521468010900,2003,48.374849,-118.369739,19,2,,,77.668,,,,,,,,,,85.736,,,,,,,,,
851,24521625010900,2003,48.50023,-118.554998,19,2,,,200.921,,,,,,,,,,250.057,,,,,,,,,
852,24521985010900,2003,48.506604,-118.740734,19,2,,,169.938,,,,,,,,,,158.078,,,,,,,,,
853,24522496010900,2003,48.646046,-118.613921,19,2,,,56.267,,,,,,,,,,70.554,,,,,,,,,
854,24522629010900,2003,48.718521,-118.423803,19,2,,,101.393,,,,,,,,,,41.197,,,,,,,,,
855,24522856010900,2003,48.657623,-118.241637,19,2,,,114.506,,,,,,,,,,174.009,,,,,,,,,
856,24523166010900,2003,48.815235,-118.615,19,2,,,66.641,,,,,,,,,,90.123,,,,,,,,,
857,24523379010900,2003,48.82626,-118.78407,19,2,,,52.697,,,,,,,,,,80.749,,,,,,,,,
858,24523761010900,2003,48.828299,-118.262252,19,2,,,129.913,,,,,,,,,,115.162,,,,,,,,,
859,24524012010900,2003,48.861887,-118.415372,19,2,,,97.233,,,,,,,,,,123.139,,,,,,,,,
860,24524540010900,2003,48.969262,-118.622043,19,2,,,103.773,,,,,,,,,,123.623,,,,,,,,,
861,24524868010900,2003,48.981414,-118.28563,19,2,,,161.175,,,,,,,,,,149.775,,,,,,,,,
862,24526796010900,2003,46.835546,-123.814515,27,2,,,22.186,,,,,,,,,,77.168,,,,,,,,,
863,24527243010900,2003,47.032179,-123.479964,27,2,,,80.345,,,,,,,,,,210.935,,,,,,,,,
864,24527445010900,2003,46.989911,-123.293234,27,2,,,141.922,,,,,,,,,,216.709,,,,,,,,,
865,24527997010900,2003,47.15301,-123.867379,27,2,,,25.05,,,,,,,,,,89.296,,,,,,,,,
866,24528521010900,2003,47.30088,-123.730649,27,2,,,109.334,,,,,,,,,,195.854,,,,,,,,,
867,24528803010900,2003,47.324667,-123.898465,27,2,,,99.761,,,,,,,,,,148.169,,,,,,,,,
868,24529023010900,2003,47.449884,-124.293119,27,2,,,170.522,,,,,,,,,,325.078,,,,,,,,,
869,24529322010900,2003,47.47526,-124.110099,27,2,,,4.461,,,,,,,,,,27.21,,,,,,,,,
870,24529867010900,2003,47.477234,-123.693076,27,2,,,676.289,,,,,,,,,,633.913,,,,,,,,,
871,24530176010900,2003,48.062555,-122.46048,29,2,,,49.167,,,,,,,,,,168.685,,,,,,,,,
872,24530286010900,2003,48.213747,-122.458844,29,2,,,266.9,,,,,,,,,,271.295,,,,,,,,,
873,24530460010900,2003,47.598544,-124.11087,31,2,,,436.444,,,,,,,,,,321.563,,,,,,,,,
874,24530985010900,2003,47.626619,-123.811074,31,2,,,548.221,,,,,,,,,,558.708,,,,,,,,,
875,24531189010900,2003,47.632689,-123.953187,31,2,,,239.908,,,,,,,,,,265.462,,,,,,,,,
876,24531635010900,2003,47.668436,-123.671004,31,2,,,656.555,,,,,,,,,,663.566,,,,,,,,,
877,24531880010900,2003,47.710875,-123.309227,31,2,,,21.858,,,,,,,,,,30.212,,,,,,,,,
878,24532022010900,2003,47.720819,-124.179153,31,2,,,2.97,,,,,,,,,,25.748,,,,,,,,,
879,24532876010900,2003,47.773449,-123.82178,31,2,,,524.466,,,,,,,,,,515.355,,,,,,,,,
880,24533092010900,2003,47.816329,-123.461405,31,2,,,541.58,,,,,,,,,,443.675,,,,,,,,,
881,24533327010900,2003,47.817936,-123.103579,31,2,,,76.077,,,,,,,,,,90.637,,,,,,,,,
882,24533767010900,2003,47.868294,-122.796921,31,2,,,21.711,,,,,,,,,,109.454,,,,,,,,,
883,24533919010900,2003,47.91792,-122.795322,31,2,,,89.559,,,,,,,,,,185.287,,,,,,,,,
884,24534050010900,2003,48.035796,-122.786766,31,2,,,186.119,,,,,,,,,,252.248,,,,,,,,,
885,24534250010900,2003,47.129876,-121.571326,33,2,,,88.354,,,,,,,,,,172.087,,,,,,,,,
886,24534537010900,2003,47.175463,-121.715852,33,2,,,61.912,,,,,,,,,,121.16,,,,,,,,,
887,24534776010900,2003,47.229473,-121.376637,33,2,,,394.86,,,,,,,,,,415.292,,,,,,,,,
888,24535344010900,2003,47.322041,-121.804118,33,2,,,15.854,,,,,,,,,,104.674,,,,,,,,,
889,24535669010900,2003,47.477027,-121.639169,33,2,,,495.571,,,,,,,,,,549.476,,,,,,,,,
890,24535881010900,2003,47.499755,-121.81695,33,2,,,83.885,,,,,,,,,,64.895,,,,,,,,,
891,24536111010900,2003,47.620681,-121.646824,33,2,,,82.409,,,,,,,,,,111.114,,,,,,,,,
892,24536417010900,2003,47.668506,-121.861669,33,2,,,151.428,,,,,,,,,,270.672,,,,,,,,,
893,24536541010900,2003,47.661498,-121.285568,33,2,,,149.803,,,,,,,,,,238.218,,,,,,,,,
894,24536760010900,2003,47.660216,-121.136999,33,2,,,356.203,,,,,,,,,,360.242,,,,,,,,,
895,24536986010900,2003,47.687596,-121.502452,33,2,,,38.94,,,,,,,,,,52.457,,,,,,,,,
896,24537422010900,2003,47.764759,-122.006422,33,2,,,112.952,,,,,,,,,,155.798,,,,,,,,,
897,24537567010900,2003,47.548415,-122.69006,35,2,,,292.244,,,,,,,,,,307.785,,,,,,,,,
898,24537809010900,2003,47.708136,-122.737714,35,2,,,176.123,,,,,,,,,,222.142,,,,,,,,,
899,24538131010900,2003,46.915411,-120.988808,37,2,,,105.865,,,,,,,,,,62.099,,,,,,,,,
900,24538412010900,2003,47.050016,-120.836959,37,2,,,54.046,,,,,,,,,,57.794,,,,,,,,,
901,24538562010900,2003,47.071106,-121.024484,37,2,,,292.767,,,,,,,,,,325.321,,,,,,,,,
902,24539171010900,2003,47.23177,-120.508016,37,2,,,374.125,,,,,,,,,,151.443,,,,,,,,,
903,24539568010900,2003,47.257184,-120.726544,37,2,,,179.01,,,,,,,,,,186.824,,,,,,,,,
904,24539823010900,2003,47.369078,-121.440765,37,2,,,180.816,,,,,,,,,,224.563,,,,,,,,,
905,24540114010900,2003,47.342261,-121.217271,37,2,,,164.451,,,,,,,,,,195.413,,,,,,,,,
906,24540867010900,2003,47.360091,-120.863816,37,2,,,90.511,,,,,,,,,,84.019,,,,,,,,,
907,24541545010900,2003,45.791,-120.458036,39,2,,,218.015,,,,,,,,,,196.954,,,,,,,,,
908,24541934010900,2003,45.873771,-121.485727,39,2,,,151.539,,,,,,,,,,205.116,,,,,,,,,
909,24542155010900,2003,45.871973,-120.539851,39,2,,,31.506,,,,,,,,,,37.307,,,,,,,,,
910,24542422010900,2003,45.910993,-120.655,39,2,,,81.021,,,,,,,,,,101.46,,,,,,,,,
911,24542593010900,2003,45.934194,-120.856389,39,2,,,54.205,,,,,,,,,,86.316,,,,,,,,,
912,24542842010900,2003,45.962405,-120.478016,39,2,,,96.387,,,,,,,,,,56.865,,,,,,,,,
913,24543240010900,2003,46.436839,-123.009758,41,2,,,421.435,,,,,,,,,,491.935,,,,,,,,,
914,24543817010900,2003,46.460652,-122.531677,41,2,,,36.378,,,,,,,,,,83.018,,,,,,,,,
915,24543974010900,2003,46.443003,-122.105797,41,2,,,683.462,,,,,,,,,,635.93,,,,,,,,,
916,24544490010900,2003,46.488304,-121.821436,41,2,,,263.714,,,,,,,,,,330.007,,,,,,,,,
917,24544769010900,2003,46.530014,-123.201218,41,2,,,1.642,,,,,,,,,,34.519,,,,,,,,,
918,24544985010900,2003,46.540287,-121.608548,41,2,,,347.216,,,,,,,,,,349.536,,,,,,,,,
919,24545346010900,2003,46.536117,-122.853531,41,2,,,317.591,,,,,,,,,,343.78,,,,,,,,,
920,24545666010900,2003,46.63427,-122.311218,41,2,,,34.174,,,,,,,,,,84.245,,,,,,,,,
921,24545883010900,2003,46.689281,-122.010566,41,2,,,181.502,,,,,,,,,,282.621,,,,,,,,,
922,24546149010900,2003,46.676148,-121.45401,41,2,,,713.833,,,,,,,,,,641.893,,,,,,,,,
923,24546494010900,2003,46.729476,-122.861741,41,2,,,82.125,,,,,,,,,,147.212,,,,,,,,,
924,24546671010900,2003,46.684733,-121.681146,41,2,,,404.04,,,,,,,,,,381.382,,,,,,,,,
925,24547242010900,2003,46.754082,-122.544578,41,2,,,17.007,,,,,,,,,,93.907,,,,,,,,,
926,24547473010900,2003,47.41047,-117.88738,43,2,,,79.829,,,,,,,,,,139.941,,,,,,,,,
927,24547883010900,2003,47.862802,-118.467541,43,2,,,110.7,,,,,,,,,,115.869,,,,,,,,,
928,26124846010900,2003,46.834024,-123.603939,27,2,,,132.604,,,,,,,,,,247.865,,,,,,,,,
929,26125506010900,2003,47.479999,-123.965312,27,2,,,191.728,,,,,,,,,,221.054,,,,,,,,,
930,26125675010900,2003,47.413028,-121.079335,37,2,,,52.897,,,,,,,,,,77.969,,,,,,,,,
931,26125943010900,2003,47.480654,-123.38962,45,2,,,287.359,,,,,,,,,,317.246,,,,,,,,,
932,33093208020004,2003,46.086832,-117.368259,3,2,,,103.566,,,,,,,,,,135.657,,,,,,,,,
933,13038078010497,2004,46.863361,-121.975923,53,2,,,,12.394,,,,,,,,,,24.18,,,,,,,,
934,13039723010497,2004,47.059528,-122.045912,53,2,,,,17.139,,,,,,,,,,94.873,,,,,,,,
935,13046000010497,2004,47.747381,-123.248837,31,2,,,,81.31,,,,,,,,,,95.121,,,,,,,,
936,13194226010497,2004,47.762209,-123.45456,31,2,,,,137.258,,,,,,,,,,149.112,,,,,,,,
937,13194358010497,2004,47.602911,-121.612225,33,2,,,,226.993,,,,,,,,,,254.619,,,,,,,,
938,13194596010497,2004,47.417952,-121.365479,37,2,,,,81.593,,,,,,,,,,142.432,,,,,,,,
939,13194834010497,2004,48.643099,-120.728421,47,2,,,,168.703,,,,,,,,,,179.178,,,,,,,,
940,13195112010497,2004,48.678997,-120.358096,47,2,,,,203.139,,,,,,,,,,116.31,,,,,,,,
941,13195383010497,2004,48.782735,-120.577075,47,2,,,,37.716,,,,,,,,,,52.608,,,,,,,,
942,13196865010497,2004,48.98287,-120.785059,47,2,,,,78.075,,,,,,,,,,106.724,,,,,,,,
943,13197377010497,2004,48.978494,-120.417591,47,2,,,,281.003,,,,,,,,,,81.8,,,,,,,,
944,13198150010497,2004,48.666261,-117.147005,51,2,,,,206.718,,,,,,,,,,236.65,,,,,,,,
945,13198438010497,2004,47.083498,-121.880635,53,2,,,,301.842,,,,,,,,,,403.013,,,,,,,,
946,13198787010497,2004,48.598334,-121.481086,57,2,,,,34.048,,,,,,,,,,46.381,,,,,,,,
947,13198972010497,2004,48.078748,-121.154959,61,2,,,,375.605,,,,,,,,,,406.641,,,,,,,,
948,13199171010497,2004,48.106422,-121.347041,61,2,,,,58.707,,,,,,,,,,66.397,,,,,,,,
949,13199439010497,2004,48.195306,-121.894161,61,2,,,,375.985,,,,,,,,,,456.664,,,,,,,,
950,13199766010497,2004,48.653548,-122.026871,73,2,,,,13.44,,,,,,,,,,57.877,,,,,,,,
951,13216393010497,2004,48.750709,-118.905402,47,2,,,,9.45,,,,,,,,,,22.991,,,,,,,,
952,13240308010497,2004,48.932776,-118.930717,47,2,,,,77.215,,,,,,,,,,100.239,,,,,,,,
953,193209153020004,2004,48.333699,-117.092348,51,2,,,,94.512,,,,,,,,,,121.936,,,,,,,,
954,22398636010497,2004,47.83136,-120.839769,7,2,,,,30.947,,,,,,,,,,70.785,,,,,,,,
955,22398637010497,2004,47.395802,-120.520034,7,2,,,,97.079,,,,,,,,,,99.07,,,,,,,,
956,22398640010497,2004,47.403768,-120.75104,7,2,,,,40.268,,,,,,,,,,72.722,,,,,,,,
957,22398641010497,2004,48.112755,-120.353743,7,2,,,,119.442,,,,,,,,,,98.442,,,,,,,,
958,22398642010497,2004,47.847997,-120.442466,7,2,,,,15.159,,,,,,,,,,8.932,,,,,,,,
959,22398645010497,2004,47.626096,-120.447064,7,2,,,,166.514,,,,,,,,,,209.962,,,,,,,,
960,22398646010497,2004,47.897112,-120.872919,7,2,,,,18.688,,,,,,,,,,28.961,,,,,,,,
961,22398647010497,2004,47.924669,-120.698442,7,2,,,,239.525,,,,,,,,,,272.284,,,,,,,,
962,22398648010497,2004,47.601755,-120.880914,7,2,,,,29.818,,,,,,,,,,9.479,,,,,,,,
963,22398650010497,2004,47.864836,-120.481547,7,2,,,,83.36,,,,,,,,,,98.514,,,,,,,,
964,22398651010497,2004,47.654615,-120.672828,7,2,,,,182.994,,,,,,,,,,175.67,,,,,,,,
965,22398652010497,2004,47.827528,-120.919685,7,2,,,,383.497,,,,,,,,,,404.846,,,,,,,,
966,22398653010497,2004,47.937391,-119.999017,7,2,,,,1.47,,,,,,,,,,2.625,,,,,,,,
967,22398654010497,2004,47.328752,-120.42359,7,2,,,,138.549,,,,,,,,,,66.413,,,,,,,,
968,22398655010497,2004,47.774496,-120.549196,7,2,,,,178.1,,,,,,,,,,184.356,,,,,,,,
969,22398657010497,2004,47.86816,-120.440943,7,2,,,,109.802,,,,,,,,,,107.227,,,,,,,,
970,22398659010497,2004,47.920891,-122.993206,9,2,,,,266.79,,,,,,,,,,340.604,,,,,,,,
971,22398661010497,2004,48.090695,-123.915343,9,2,,,,158.66,,,,,,,,,,166.869,,,,,,,,
972,22398662010497,2004,47.92089,-123.078393,9,2,,,,219.709,,,,,,,,,,242.683,,,,,,,,
973,22398663010497,2004,47.986943,-124.130176,9,2,,,,105.125,,,,,,,,,,179.384,,,,,,,,
974,22398664010497,2004,47.963745,-124.103049,9,2,,,,1042.577,,,,,,,,,,1101.519,,,,,,,,
975,22398666010497,2004,48.009106,-124.173282,9,2,,,,298.685,,,,,,,,,,376.335,,,,,,,,
976,22398667010497,2004,47.946651,-122.954638,9,2,,,,236.92,,,,,,,,,,272.549,,,,,,,,
977,22398669010497,2004,46.00881,-117.972651,13,2,,,,209.364,,,,,,,,,,229.618,,,,,,,,
978,22398670010497,2004,46.22951,-117.777908,13,2,,,,101.581,,,,,,,,,,98.618,,,,,,,,
979,22398672010497,2004,48.563928,-118.397409,19,2,,,,27.969,,,,,,,,,,29.109,,,,,,,,
980,22398673010497,2004,48.497682,-118.589943,19,2,,,,249.956,,,,,,,,,,299.164,,,,,,,,
981,22398674010497,2004,48.707331,-118.826196,19,2,,,,220.524,,,,,,,,,,206.786,,,,,,,,
982,22398675010497,2004,48.778327,-118.225337,19,2,,,,19.267,,,,,,,,,,19.704,,,,,,,,
983,22398677010497,2004,48.539665,-118.372194,19,2,,,,185.208,,,,,,,,,,213.807,,,,,,,,
984,22398678010497,2004,48.535306,-118.84583,19,2,,,,14.272,,,,,,,,,,39.632,,,,,,,,
985,22398679010497,2004,48.825063,-118.74456,19,2,,,,27.492,,,,,,,,,,46.962,,,,,,,,
986,22398680010497,2004,48.742492,-118.416126,19,2,,,,11.843,,,,,,,,,,19.125,,,,,,,,
987,22398682010497,2004,48.71704,-118.304107,19,2,,,,145.774,,,,,,,,,,143.109,,,,,,,,
988,22398684010497,2004,48.488931,-118.327842,19,2,,,,124.691,,,,,,,,,,137.278,,,,,,,,
989,22398685010497,2004,48.64593,-118.459875,19,2,,,,177.745,,,,,,,,,,130.492,,,,,,,,
990,22398688010497,2004,46.190524,-117.568447,23,2,,,,134.029,,,,,,,,,,41.427,,,,,,,,
991,22398690010497,2004,47.447144,-123.801793,27,2,,,,550.223,,,,,,,,,,219.323,,,,,,,,
992,22398691010497,2004,47.447002,-123.507428,27,2,,,,1.179,,,,,,,,,,2.167,,,,,,,,
993,22398692010497,2004,47.423423,-123.79551,27,2,,,,730.694,,,,,,,,,,743.27,,,,,,,,
994,22398693010497,2004,47.39975,-123.794101,27,2,,,,301.411,,,,,,,,,,308.291,,,,,,,,
995,22398694010497,2004,47.649607,-123.03427,31,2,,,,14.09,,,,,,,,,,16.251,,,,,,,,
996,22398695010497,2004,47.603612,-123.799911,31,2,,,,102.191,,,,,,,,,,95.715,,,,,,,,
997,22398696010497,2004,47.727194,-122.921976,31,2,,,,410.64,,,,,,,,,,463.362,,,,,,,,
998,22398697010497,2004,47.527977,-123.970559,31,2,,,,88.43,,,,,,,,,,132.806,,,,,,,,
999,22398698010497,2004,47.747515,-122.99295,31,2,,,,204.442,,,,,,,,,,243.048,,,,,,,,
1000,22398699010497,2004,47.741765,-121.35932,33,2,,,,27.182,,,,,,,,,,92.328,,,,,,,,
1001,22398701010497,2004,47.121197,-121.489776,33,2,,,,164.956,,,,,,,,,,221.6,,,,,,,,
1002,22398702010497,2004,47.692068,-121.356735,33,2,,,,519.368,,,,,,,,,,456.866,,,,,,,,
1003,22398703010497,2004,47.690532,-121.24431,33,2,,,,294.951,,,,,,,,,,344.971,,,,,,,,
1004,22398704010497,2004,47.047773,-121.019501,37,2,,,,132.282,,,,,,,,,,181.143,,,,,,,,
1005,22398705010497,2004,47.304465,-120.608419,37,2,,,,30.664,,,,,,,,,,46.699,,,,,,,,
1006,22398706010497,2004,46.989574,-121.022895,37,2,,,,103.757,,,,,,,,,,105.126,,,,,,,,
1007,22398707010497,2004,46.999427,-121.090291,37,2,,,,169.196,,,,,,,,,,172.421,,,,,,,,
1008,22398708010497,2004,47.091338,-120.904843,37,2,,,,138.682,,,,,,,,,,145.512,,,,,,,,
1009,22398709010497,2004,47.396613,-121.407212,37,2,,,,277.655,,,,,,,,,,361.754,,,,,,,,
1010,22398710010497,2004,46.948044,-121.064728,37,2,,,,107.773,,,,,,,,,,89.84,,,,,,,,
1011,22398711010497,2004,47.035265,-120.905441,37,2,,,,156.984,,,,,,,,,,169.134,,,,,,,,
1012,22398712010497,2004,47.390001,-121.010955,37,2,,,,25.858,,,,,,,,,,29.793,,,,,,,,
1013,22398713010497,2004,47.362707,-121.189426,37,2,,,,155.358,,,,,,,,,,162.057,,,,,,,,
1014,22398714010497,2004,47.144479,-121.113957,37,2,,,,382.75,,,,,,,,,,383.218,,,,,,,,
1015,22398715010497,2004,47.340717,-121.256651,37,2,,,,155.965,,,,,,,,,,169.979,,,,,,,,
1016,22398716010497,2004,47.323159,-121.333975,37,2,,,,251.301,,,,,,,,,,267.48,,,,,,,,
1017,22398717010497,2004,45.896672,-121.581273,39,2,,,,96.349,,,,,,,,,,175.46,,,,,,,,
1018,22398718010497,2004,46.458703,-121.792164,41,2,,,,235.607,,,,,,,,,,283.023,,,,,,,,
1019,22398719010497,2004,46.63881,-121.924217,41,2,,,,3.931,,,,,,,,,,35.297,,,,,,,,
1020,22398720010497,2004,46.759648,-122.315765,41,2,,,,281.068,,,,,,,,,,244.068,,,,,,,,
1021,22398721010497,2004,46.637261,-122.352901,41,2,,,,15.993,,,,,,,,,,47.035,,,,,,,,
1022,22398722010497,2004,46.653939,-121.563335,41,2,,,,80.948,,,,,,,,,,143.691,,,,,,,,
1023,22398724010497,2004,46.513152,-121.720329,41,2,,,,7.084,,,,,,,,,,22.411,,,,,,,,
1024,22398725010497,2004,46.419708,-121.96366,41,2,,,,771.0,,,,,,,,,,785.869,,,,,,,,
1025,22398726010497,2004,46.664058,-121.929648,41,2,,,,0.364,,,,,,,,,,2.456,,,,,,,,
1026,22398728010497,2004,46.660772,-121.747395,41,2,,,,179.959,,,,,,,,,,186.02,,,,,,,,
1027,22398729010497,2004,46.438007,-121.924472,41,2,,,,232.182,,,,,,,,,,295.012,,,,,,,,
1028,22398730010497,2004,46.640712,-122.391504,41,2,,,,337.731,,,,,,,,,,391.71,,,,,,,,
1029,22398731010497,2004,46.711286,-121.779012,41,2,,,,299.259,,,,,,,,,,297.206,,,,,,,,
1030,22398732010497,2004,47.553344,-123.136679,45,2,,,,182.406,,,,,,,,,,223.698,,,,,,,,
1031,22398733010497,2004,47.50108,-123.464163,45,2,,,,178.26,,,,,,,,,,197.07,,,,,,,,
1032,22398734010497,2004,48.675082,-120.104003,47,2,,,,33.6,,,,,,,,,,29.576,,,,,,,,
1033,22398735010497,2004,48.657119,-118.912317,47,2,,,,64.177,,,,,,,,,,66.972,,,,,,,,
1034,22398736010497,2004,48.877807,-119.384294,47,2,,,,61.658,,,,,,,,,,68.255,,,,,,,,
1035,22398737010497,2004,48.870264,-119.273271,47,2,,,,118.53,,,,,,,,,,142.585,,,,,,,,
1036,22398739010497,2004,48.207104,-120.304923,47,2,,,,65.036,,,,,,,,,,85.246,,,,,,,,
1037,22398740010497,2004,48.337788,-120.342412,47,2,,,,16.24,,,,,,,,,,16.408,,,,,,,,
1038,22398741010497,2004,48.358319,-120.297479,47,2,,,,90.68,,,,,,,,,,100.708,,,,,,,,
1039,22398743010497,2004,48.603328,-120.064115,47,2,,,,69.041,,,,,,,,,,26.721,,,,,,,,
1040,22398744010497,2004,48.554165,-120.365777,47,2,,,,202.933,,,,,,,,,,203.994,,,,,,,,
1041,22398745010497,2004,48.622448,-120.096623,47,2,,,,57.947,,,,,,,,,,63.111,,,,,,,,
1042,22398747010497,2004,48.383649,-120.332458,47,2,,,,42.451,,,,,,,,,,48.705,,,,,,,,
1043,22398748010497,2004,48.589591,-119.917476,47,2,,,,120.067,,,,,,,,,,73.262,,,,,,,,
1044,22398749010497,2004,48.651859,-120.284169,47,2,,,,35.943,,,,,,,,,,46.069,,,,,,,,
1045,22398750010497,2004,48.54735,-119.074509,47,2,,,,110.137,,,,,,,,,,135.593,,,,,,,,
1046,22398751010497,2004,48.566877,-118.885727,47,2,,,,129.269,,,,,,,,,,131.5,,,,,,,,
1047,22398752010497,2004,48.185571,-120.198819,47,2,,,,42.575,,,,,,,,,,35.285,,,,,,,,
1048,22398755010497,2004,48.384246,-120.419455,47,2,,,,94.951,,,,,,,,,,104.798,,,,,,,,
1049,22398756010497,2004,48.326641,-119.978063,47,2,,,,64.86,,,,,,,,,,68.231,,,,,,,,
1050,22398757010497,2004,48.628632,-120.171541,47,2,,,,41.608,,,,,,,,,,49.734,,,,,,,,
1051,22398759010497,2004,48.600533,-120.328212,47,2,,,,143.204,,,,,,,,,,124.316,,,,,,,,
1052,22398761010497,2004,48.283505,-120.347366,47,2,,,,162.012,,,,,,,,,,200.555,,,,,,,,
1053,22398762010497,2004,48.288014,-117.130351,51,2,,,,317.56,,,,,,,,,,307.35,,,,,,,,
1054,22398764010497,2004,48.6708,-117.346766,51,2,,,,97.154,,,,,,,,,,116.795,,,,,,,,
1055,22398765010497,2004,48.789193,-117.343365,51,2,,,,361.682,,,,,,,,,,314.444,,,,,,,,
1056,22398766010497,2004,48.416602,-117.156384,51,2,,,,11.994,,,,,,,,,,45.317,,,,,,,,
1057,22398767010497,2004,48.834278,-117.216991,51,2,,,,200.715,,,,,,,,,,264.944,,,,,,,,
1058,22398768010497,2004,48.590053,-117.214856,51,2,,,,10.372,,,,,,,,,,38.354,,,,,,,,
1059,22398769010497,2004,48.345709,-117.387417,51,2,,,,24.15,,,,,,,,,,43.948,,,,,,,,
1060,22398770010497,2004,48.807876,-117.471606,51,2,,,,199.05,,,,,,,,,,238.187,,,,,,,,
1061,22398771010497,2004,48.64476,-117.30337,51,2,,,,83.126,,,,,,,,,,97.034,,,,,,,,
1062,22398773010497,2004,48.88257,-117.142043,51,2,,,,189.446,,,,,,,,,,216.687,,,,,,,,
1063,22398775010497,2004,47.001922,-121.563308,53,2,,,,452.86,,,,,,,,,,466.313,,,,,,,,
1064,22398776010497,2004,48.6184,-120.80183,57,2,,,,32.974,,,,,,,,,,38.517,,,,,,,,
1065,22398777010497,2004,48.625145,-121.54761,57,2,,,,426.27,,,,,,,,,,431.518,,,,,,,,
1066,22398778010497,2004,48.523062,-121.213771,57,2,,,,171.318,,,,,,,,,,179.585,,,,,,,,
1067,22398779010497,2004,48.622944,-121.581809,57,2,,,,505.082,,,,,,,,,,505.604,,,,,,,,
1068,22398781010497,2004,48.62731,-121.620093,57,2,,,,48.198,,,,,,,,,,75.831,,,,,,,,
1069,22398782010497,2004,48.386298,-121.811512,57,2,,,,59.392,,,,,,,,,,126.152,,,,,,,,
1070,22398784010497,2004,48.333499,-121.812466,57,2,,,,589.721,,,,,,,,,,525.73,,,,,,,,
1071,22398785010497,2004,48.327945,-121.709605,57,2,,,,32.527,,,,,,,,,,69.816,,,,,,,,
1072,22398786010497,2004,48.383192,-121.599931,57,2,,,,833.953,,,,,,,,,,778.742,,,,,,,,
1073,22398787010497,2004,48.502291,-121.221332,57,2,,,,76.623,,,,,,,,,,98.051,,,,,,,,
1074,22398788010497,2004,46.344929,-122.182499,59,2,,,,4.173,,,,,,,,,,22.603,,,,,,,,
1075,22398789010497,2004,45.925049,-122.122663,59,2,,,,18.167,,,,,,,,,,66.693,,,,,,,,
1076,22398791010497,2004,45.991132,-121.73108,59,2,,,,698.648,,,,,,,,,,672.623,,,,,,,,
1077,22398793010497,2004,45.826505,-122.229292,59,2,,,,224.425,,,,,,,,,,278.187,,,,,,,,
1078,22398795010497,2004,45.845507,-121.946429,59,2,,,,307.774,,,,,,,,,,378.435,,,,,,,,
1079,22398796010497,2004,46.193971,-121.723326,59,2,,,,290.546,,,,,,,,,,299.816,,,,,,,,
1080,22398797010497,2004,46.364459,-121.934439,59,2,,,,452.611,,,,,,,,,,523.693,,,,,,,,
1081,22398798010497,2004,46.287097,-121.938513,59,2,,,,38.603,,,,,,,,,,68.79,,,,,,,,
1082,22398799010497,2004,46.23927,-122.005524,59,2,,,,74.664,,,,,,,,,,179.487,,,,,,,,
1083,22398800010497,2004,45.791042,-122.142502,59,2,,,,302.947,,,,,,,,,,375.299,,,,,,,,
1084,22398801010497,2004,45.799208,-121.664029,59,2,,,,297.447,,,,,,,,,,320.763,,,,,,,,
1085,22398802010497,2004,45.75472,-122.229747,59,2,,,,92.245,,,,,,,,,,121.871,,,,,,,,
1086,22398803010497,2004,45.825874,-121.944992,59,2,,,,291.158,,,,,,,,,,331.545,,,,,,,,
1087,22398804010497,2004,45.963641,-121.624671,59,2,,,,63.626,,,,,,,,,,125.71,,,,,,,,
1088,22398805010497,2004,45.875054,-122.118247,59,2,,,,117.655,,,,,,,,,,157.838,,,,,,,,
1089,22398806010497,2004,45.942739,-122.051671,59,2,,,,561.773,,,,,,,,,,556.323,,,,,,,,
1090,22398810010497,2004,46.369383,-121.826997,59,2,,,,351.372,,,,,,,,,,408.104,,,,,,,,
1091,22398811010497,2004,45.815483,-121.681837,59,2,,,,60.346,,,,,,,,,,67.409,,,,,,,,
1092,22398812010497,2004,48.227033,-121.448927,61,2,,,,1.548,,,,,,,,,,19.604,,,,,,,,
1093,22398814010497,2004,48.066832,-121.670706,61,2,,,,311.493,,,,,,,,,,369.115,,,,,,,,
1094,22398816010497,2004,48.13511,-121.752671,61,2,,,,424.241,,,,,,,,,,241.712,,,,,,,,
1095,22398818010497,2004,48.079276,-121.41941,61,2,,,,6.005,,,,,,,,,,6.686,,,,,,,,
1096,22398822010497,2004,47.806656,-121.323704,61,2,,,,264.13,,,,,,,,,,172.185,,,,,,,,
1097,22398823010497,2004,48.000924,-121.235456,61,2,,,,570.745,,,,,,,,,,537.259,,,,,,,,
1098,22398824010497,2004,48.184115,-121.445877,61,2,,,,571.489,,,,,,,,,,754.111,,,,,,,,
1099,22398825010497,2004,48.115968,-121.750497,61,2,,,,322.511,,,,,,,,,,484.753,,,,,,,,
1100,22398826010497,2004,48.105701,-121.384839,61,2,,,,237.761,,,,,,,,,,228.771,,,,,,,,
1101,22398827010497,2004,48.994288,-117.469027,65,2,,,,143.971,,,,,,,,,,199.959,,,,,,,,
1102,22398829010497,2004,48.41708,-117.741964,65,2,,,,58.343,,,,,,,,,,68.102,,,,,,,,
1103,22398831010497,2004,48.922506,-118.075218,65,2,,,,46.755,,,,,,,,,,88.285,,,,,,,,
1104,22398832010497,2004,48.635863,-117.64349,65,2,,,,169.334,,,,,,,,,,206.926,,,,,,,,
1105,22398833010497,2004,48.971405,-118.025824,65,2,,,,57.182,,,,,,,,,,83.847,,,,,,,,
1106,22398836010497,2004,48.73387,-121.775014,73,2,,,,451.592,,,,,,,,,,532.272,,,,,,,,
1107,22398837010497,2004,48.740084,-120.762193,73,2,,,,274.817,,,,,,,,,,369.646,,,,,,,,
1108,22398838010497,2004,48.75776,-120.720027,73,2,,,,11.694,,,,,,,,,,14.839,,,,,,,,
1109,22398839010497,2004,48.893252,-121.649065,73,2,,,,666.244,,,,,,,,,,708.022,,,,,,,,
1110,22398840010497,2004,48.731294,-121.736205,73,2,,,,193.317,,,,,,,,,,160.923,,,,,,,,
1111,22398841010497,2004,48.689739,-120.840228,73,2,,,,29.661,,,,,,,,,,35.017,,,,,,,,
1112,22398842010497,2004,48.895645,-121.808088,73,2,,,,374.48,,,,,,,,,,378.08,,,,,,,,
1113,22398843010497,2004,48.77347,-121.586406,73,2,,,,119.271,,,,,,,,,,149.727,,,,,,,,
1114,22398844010497,2004,48.879228,-121.908892,73,2,,,,358.089,,,,,,,,,,391.901,,,,,,,,
1115,22398845010497,2004,48.739788,-120.691845,73,2,,,,78.918,,,,,,,,,,105.675,,,,,,,,
1116,22398846010497,2004,46.553123,-121.252296,77,2,,,,210.939,,,,,,,,,,240.091,,,,,,,,
1117,22398847010497,2004,46.5982,-121.147721,77,2,,,,237.036,,,,,,,,,,252.769,,,,,,,,
1118,22398848010497,2004,46.116937,-121.507373,77,2,,,,304.52,,,,,,,,,,100.617,,,,,,,,
1119,22398849010497,2004,46.95254,-121.314656,77,2,,,,484.3,,,,,,,,,,386.746,,,,,,,,
1120,22398850010497,2004,46.747699,-121.071449,77,2,,,,85.782,,,,,,,,,,105.714,,,,,,,,
1121,22398851010497,2004,46.797301,-121.09259,77,2,,,,73.9,,,,,,,,,,94.434,,,,,,,,
1122,22398852010497,2004,46.992563,-121.19946,77,2,,,,253.025,,,,,,,,,,228.979,,,,,,,,
1123,22398854010497,2004,46.953095,-121.138947,77,2,,,,54.527,,,,,,,,,,90.66,,,,,,,,
1124,22398855010497,2004,46.554148,-121.219659,77,2,,,,127.516,,,,,,,,,,128.371,,,,,,,,
1125,22398856010497,2004,46.646844,-121.074372,77,2,,,,84.073,,,,,,,,,,107.642,,,,,,,,
1126,22398857010497,2004,46.657742,-121.359746,77,2,,,,209.74,,,,,,,,,,174.032,,,,,,,,
1127,22398873010497,2004,47.944392,-120.366266,7,2,,,,140.21,,,,,,,,,,144.956,,,,,,,,
1128,22398885010497,2004,48.011563,-120.352816,7,2,,,,2.665,,,,,,,,,,6.017,,,,,,,,
1129,24826188010900,2004,48.702205,-122.167338,73,2,,,,188.717,,,,,,,,,,251.861,,,,,,,,
1130,24826607010900,2004,48.699108,-121.625938,73,2,,,,313.953,,,,,,,,,,332.714,,,,,,,,
1131,24826994010900,2004,48.649282,-122.318496,73,2,,,,310.591,,,,,,,,,,332.594,,,,,,,,
1132,24827889010900,2004,48.90455,-121.846536,73,2,,,,394.446,,,,,,,,,,464.295,,,,,,,,
1133,24828219010900,2004,48.95076,-121.953577,73,2,,,,173.058,,,,,,,,,,271.635,,,,,,,,
1134,24828602010900,2004,48.993151,-122.619171,73,2,,,,99.518,,,,,,,,,,114.99,,,,,,,,
1135,24829480010900,2004,46.094886,-121.48019,77,2,,,,318.657,,,,,,,,,,325.987,,,,,,,,
1136,24830461010900,2004,46.191965,-121.024434,77,2,,,,185.922,,,,,,,,,,216.717,,,,,,,,
1137,24830924010900,2004,46.327232,-121.36032,77,2,,,,291.864,,,,,,,,,,290.387,,,,,,,,
1138,24831181010900,2004,46.334468,-121.013757,77,2,,,,112.02,,,,,,,,,,114.52,,,,,,,,
1139,24831596010900,2004,46.473418,-121.402526,77,2,,,,51.888,,,,,,,,,,40.44,,,,,,,,
1140,24831846010900,2004,46.494437,-121.058524,77,2,,,,103.477,,,,,,,,,,157.203,,,,,,,,
1141,24832382010900,2004,46.630292,-120.864803,77,2,,,,54.696,,,,,,,,,,78.571,,,,,,,,
1142,24832535010900,2004,46.679961,-121.107706,77,2,,,,81.93,,,,,,,,,,100.51,,,,,,,,
1143,24832827010900,2004,46.771259,-121.315517,77,2,,,,125.027,,,,,,,,,,136.529,,,,,,,,
1144,24833110010900,2004,46.785489,-120.933362,77,2,,,,5.652,,,,,,,,,,10.602,,,,,,,,
1145,24833221010900,2004,46.828406,-121.09517,77,2,,,,71.766,,,,,,,,,,64.787,,,,,,,,
1146,24833598010900,2004,46.925109,-121.308702,77,2,,,,63.012,,,,,,,,,,75.856,,,,,,,,
1147,24834286010900,2004,47.230021,-121.716543,33,2,,,,124.103,,,,,,,,,,175.718,,,,,,,,
1148,24834563010900,2004,47.27789,-121.571602,33,2,,,,35.241,,,,,,,,,,96.316,,,,,,,,
1149,24834781010900,2004,47.381738,-122.081221,33,2,,,,274.728,,,,,,,,,,242.51,,,,,,,,
1150,24834929010900,2004,47.427048,-121.93219,33,2,,,,178.3,,,,,,,,,,156.458,,,,,,,,
1151,24835104010900,2004,47.388708,-121.743421,33,2,,,,8.345,,,,,,,,,,55.909,,,,,,,,
1152,24835294010900,2004,47.430632,-121.586288,33,2,,,,196.392,,,,,,,,,,250.678,,,,,,,,
1153,24835589010900,2004,47.526086,-122.147609,33,2,,,,360.157,,,,,,,,,,484.455,,,,,,,,
1154,24835805010900,2004,47.524521,-121.643175,33,2,,,,349.787,,,,,,,,,,482.965,,,,,,,,
1155,24836094010900,2004,47.525228,-121.787589,33,2,,,,340.669,,,,,,,,,,305.823,,,,,,,,
1156,24836801010900,2004,47.737488,-121.468344,33,2,,,,495.287,,,,,,,,,,561.903,,,,,,,,
1157,24837037010900,2004,47.739021,-121.16831,33,2,,,,198.146,,,,,,,,,,184.202,,,,,,,,
1158,24837394010900,2004,47.626417,-122.874413,35,2,,,,334.02,,,,,,,,,,366.809,,,,,,,,
1159,24837618010900,2004,47.652094,-122.536784,35,2,,,,453.366,,,,,,,,,,331.685,,,,,,,,
1160,24837885010900,2004,46.956666,-120.958438,37,2,,,,18.329,,,,,,,,,,29.229,,,,,,,,
1161,24838280010900,2004,47.098233,-121.34633,37,2,,,,317.643,,,,,,,,,,367.069,,,,,,,,
1162,24838588010900,2004,47.12042,-120.976555,37,2,,,,380.17,,,,,,,,,,368.485,,,,,,,,
1163,24838897010900,2004,47.132603,-121.159454,37,2,,,,8.823,,,,,,,,,,13.592,,,,,,,,
1164,24839184010900,2004,47.173253,-120.447331,37,2,,,,299.251,,,,,,,,,,302.623,,,,,,,,
1165,24839380010900,2004,47.136571,-120.874582,37,2,,,,120.671,,,,,,,,,,145.698,,,,,,,,
1166,24839635010900,2004,47.322877,-121.223018,37,2,,,,139.443,,,,,,,,,,153.419,,,,,,,,
1167,24839927010900,2004,47.318488,-121.004466,37,2,,,,103.506,,,,,,,,,,132.229,,,,,,,,
1168,24840109010900,2004,47.306402,-120.642103,37,2,,,,74.761,,,,,,,,,,75.969,,,,,,,,
1169,24840377010900,2004,47.327487,-120.870492,37,2,,,,163.976,,,,,,,,,,168.851,,,,,,,,
1170,24840602010900,2004,47.467571,-121.210169,37,2,,,,200.095,,,,,,,,,,155.167,,,,,,,,
1171,24840869010900,2004,47.423187,-121.026844,37,2,,,,142.874,,,,,,,,,,127.99,,,,,,,,
1172,24841169010900,2004,45.781599,-121.455858,39,2,,,,262.998,,,,,,,,,,240.156,,,,,,,,
1173,24841397010900,2004,45.841693,-121.288254,39,2,,,,55.156,,,,,,,,,,107.903,,,,,,,,
1174,24841565010900,2004,45.867618,-120.743485,39,2,,,,57.864,,,,,,,,,,67.317,,,,,,,,
1175,24841869010900,2004,45.984108,-121.148446,39,2,,,,9.731,,,,,,,,,,47.806,,,,,,,,
1176,24842284010900,2004,46.003571,-120.969201,39,2,,,,26.098,,,,,,,,,,36.551,,,,,,,,
1177,24842501010900,2004,45.986884,-120.79961,39,2,,,,109.611,,,,,,,,,,50.936,,,,,,,,
1178,24842721010900,2004,46.03896,-120.660884,39,2,,,,14.45,,,,,,,,,,5.317,,,,,,,,
1179,24843397010900,2004,46.448467,-123.308126,41,2,,,,161.082,,,,,,,,,,255.806,,,,,,,,
1180,24843607010900,2004,46.448864,-122.71411,41,2,,,,180.951,,,,,,,,,,286.642,,,,,,,,
1181,24843831010900,2004,46.417358,-122.115547,41,2,,,,525.464,,,,,,,,,,380.033,,,,,,,,
1182,24844205010900,2004,46.43745,-121.753046,41,2,,,,365.835,,,,,,,,,,446.378,,,,,,,,
1183,24844633010900,2004,46.481519,-122.645374,41,2,,,,219.037,,,,,,,,,,366.775,,,,,,,,
1184,24844868010900,2004,46.544011,-122.505162,41,2,,,,116.752,,,,,,,,,,145.11,,,,,,,,
1185,24845230010900,2004,46.591164,-122.1304,41,2,,,,56.391,,,,,,,,,,155.384,,,,,,,,
1186,24845512010900,2004,46.56714,-121.928426,41,2,,,,258.043,,,,,,,,,,357.029,,,,,,,,
1187,24845887010900,2004,46.532535,-121.466112,41,2,,,,113.387,,,,,,,,,,134.861,,,,,,,,
1188,24846081010900,2004,46.610446,-121.787148,41,2,,,,565.426,,,,,,,,,,530.646,,,,,,,,
1189,24846434010900,2004,46.578552,-121.600352,41,2,,,,65.009,,,,,,,,,,130.156,,,,,,,,
1190,24846767010900,2004,46.630731,-121.460961,41,2,,,,474.139,,,,,,,,,,393.955,,,,,,,,
1191,24847105010900,2004,46.678937,-122.878122,41,2,,,,20.254,,,,,,,,,,63.174,,,,,,,,
1192,24847251010900,2004,46.642843,-122.640271,41,2,,,,48.509,,,,,,,,,,114.934,,,,,,,,
1193,24847443010900,2004,46.687658,-122.320963,41,2,,,,99.685,,,,,,,,,,180.758,,,,,,,,
1194,24847759010900,2004,46.706895,-122.510831,41,2,,,,123.859,,,,,,,,,,205.455,,,,,,,,
1195,24848054010900,2004,46.707605,-121.959026,41,2,,,,522.84,,,,,,,,,,460.407,,,,,,,,
1196,24848431010900,2004,46.736921,-122.141794,41,2,,,,263.813,,,,,,,,,,378.528,,,,,,,,
1197,24848587010900,2004,46.735926,-121.643876,41,2,,,,335.88,,,,,,,,,,353.485,,,,,,,,
1198,24849306010900,2004,47.917315,-118.612979,43,2,,,,66.425,,,,,,,,,,76.817,,,,,,,,
1199,24849419010900,2004,47.104704,-123.09964,45,2,,,,31.837,,,,,,,,,,116.5,,,,,,,,
1200,24849749010900,2004,47.280432,-123.006047,45,2,,,,88.122,,,,,,,,,,140.744,,,,,,,,
1201,24850046010900,2004,47.455832,-123.361019,45,2,,,,9.279,,,,,,,,,,27.828,,,,,,,,
1202,24850339010900,2004,47.430087,-123.159087,45,2,,,,81.818,,,,,,,,,,108.747,,,,,,,,
1203,24850522010900,2004,47.479659,-123.009918,45,2,,,,306.629,,,,,,,,,,303.246,,,,,,,,
1204,24850763010900,2004,47.575197,-123.189166,45,2,,,,245.674,,,,,,,,,,243.163,,,,,,,,
1205,24851240010900,2004,47.991754,-120.104969,7,2,,,,7.602,,,,,,,,,,23.053,,,,,,,,
1206,24851563010900,2004,48.204641,-119.935362,47,2,,,,11.13,,,,,,,,,,8.192,,,,,,,,
1207,24851755010900,2004,48.265032,-119.223531,47,2,,,,40.507,,,,,,,,,,13.071,,,,,,,,
1208,24851883010900,2004,48.212463,-119.006114,47,2,,,,62.463,,,,,,,,,,69.895,,,,,,,,
1209,24852012010900,2004,48.286282,-120.449831,47,2,,,,193.012,,,,,,,,,,203.506,,,,,,,,
1210,24852275010900,2004,48.26722,-118.855175,47,2,,,,31.118,,,,,,,,,,55.395,,,,,,,,
1211,24852474010900,2004,48.326017,-120.153221,47,2,,,,30.603,,,,,,,,,,38.726,,,,,,,,
1212,24852682010900,2004,48.34686,-119.759542,47,2,,,,16.899,,,,,,,,,,14.655,,,,,,,,
1213,24853023010900,2004,48.377702,-119.882389,47,2,,,,23.979,,,,,,,,,,34.525,,,,,,,,
1214,24853169010900,2004,48.384447,-119.050843,47,2,,,,179.217,,,,,,,,,,193.285,,,,,,,,
1215,24853515010900,2004,48.431402,-120.520015,47,2,,,,140.071,,,,,,,,,,116.236,,,,,,,,
1216,24853900010900,2004,48.530203,-120.313939,47,2,,,,48.001,,,,,,,,,,65.218,,,,,,,,
1217,24854060010900,2004,48.524643,-119.792784,47,2,,,,88.887,,,,,,,,,,108.9,,,,,,,,
1218,24854559010900,2004,48.513724,-119.429565,47,2,,,,14.06,,,,,,,,,,22.279,,,,,,,,
1219,24854727010900,2004,48.546497,-119.106066,47,2,,,,15.982,,,,,,,,,,31.572,,,,,,,,
1220,24854901010900,2004,48.628613,-120.504509,47,2,,,,59.956,,,,,,,,,,58.035,,,,,,,,
1221,24855082010900,2004,48.563364,-119.282592,47,2,,,,32.738,,,,,,,,,,39.297,,,,,,,,
1222,24855195010900,2004,48.652761,-120.175787,47,2,,,,55.589,,,,,,,,,,61.136,,,,,,,,
1223,24855400010900,2004,48.578985,-118.880442,47,2,,,,186.803,,,,,,,,,,219.977,,,,,,,,
1224,24856074010900,2004,48.661561,-119.834546,47,2,,,,217.744,,,,,,,,,,268.305,,,,,,,,
1225,24856340010900,2004,48.712927,-119.655963,47,2,,,,76.634,,,,,,,,,,87.111,,,,,,,,
1226,24856517010900,2004,48.019941,-118.865545,47,2,,,,7.383,,,,,,,,,,14.153,,,,,,,,
1227,24857195010900,2004,48.859679,-119.488503,47,2,,,,27.106,,,,,,,,,,33.981,,,,,,,,
1228,24857537010900,2004,48.968203,-119.865891,47,2,,,,125.731,,,,,,,,,,12.905,,,,,,,,
1229,24857734010900,2004,46.342016,-123.949198,49,2,,,,189.25,,,,,,,,,,200.39,,,,,,,,
1230,24857900010900,2004,46.367132,-124.003171,49,2,,,,183.877,,,,,,,,,,207.103,,,,,,,,
1231,24858057010900,2004,46.396845,-123.661518,49,2,,,,169.435,,,,,,,,,,268.043,,,,,,,,
1232,24858663010900,2004,46.558925,-123.700894,49,2,,,,288.638,,,,,,,,,,277.262,,,,,,,,
1233,24859445010900,2004,46.639257,-123.379361,49,2,,,,150.131,,,,,,,,,,248.958,,,,,,,,
1234,24860341010900,2004,47.906697,-121.131364,7,2,,,,139.359,,,,,,,,,,198.593,,,,,,,,
1235,24860596010900,2004,47.978137,-120.964227,7,2,,,,8.472,,,,,,,,,,12.446,,,,,,,,
1236,24860876010900,2004,47.963732,-120.432899,7,2,,,,172.682,,,,,,,,,,62.43,,,,,,,,
1237,24861254010900,2004,47.992273,-120.612582,7,2,,,,147.268,,,,,,,,,,119.319,,,,,,,,
1238,24861786010900,2004,48.099811,-120.836734,7,2,,,,40.247,,,,,,,,,,62.638,,,,,,,,
1239,24862447010900,2004,48.318933,-120.65702,7,2,,,,102.615,,,,,,,,,,103.434,,,,,,,,
1240,24862603010900,2004,47.917509,-123.807798,9,2,,,,145.014,,,,,,,,,,133.363,,,,,,,,
1241,24862779010900,2004,47.870837,-123.034911,9,2,,,,174.801,,,,,,,,,,200.366,,,,,,,,
1242,24862993010900,2004,47.934335,-123.484706,9,2,,,,327.577,,,,,,,,,,331.867,,,,,,,,
1243,24863215010900,2004,47.913799,-123.287497,9,2,,,,396.754,,,,,,,,,,396.243,,,,,,,,
1244,24863458010900,2004,47.966929,-123.108218,9,2,,,,295.728,,,,,,,,,,331.614,,,,,,,,
1245,24863845010900,2004,47.986419,-124.580288,9,2,,,,130.687,,,,,,,,,,232.447,,,,,,,,
1246,24864250010900,2004,48.017417,-124.052058,9,2,,,,158.28,,,,,,,,,,211.993,,,,,,,,
1247,24864972010900,2004,48.018164,-123.664442,9,2,,,,610.996,,,,,,,,,,582.214,,,,,,,,
1248,24865217010900,2004,48.071766,-123.882728,9,2,,,,373.914,,,,,,,,,,431.474,,,,,,,,
1249,24865433010900,2004,48.06746,-123.697842,9,2,,,,578.855,,,,,,,,,,600.064,,,,,,,,
1250,24866927010900,2004,48.30961,-124.632821,9,2,,,,164.36,,,,,,,,,,242.717,,,,,,,,
1251,24867380010900,2004,45.901282,-122.345299,11,2,,,,27.644,,,,,,,,,,114.853,,,,,,,,
1252,24868374010900,2004,46.186303,-117.909606,13,2,,,,23.681,,,,,,,,,,47.721,,,,,,,,
1253,24868555010900,2004,46.270014,-117.708153,13,2,,,,186.203,,,,,,,,,,181.275,,,,,,,,
1254,24868896010900,2004,45.952874,-122.629819,15,2,,,,143.233,,,,,,,,,,269.03,,,,,,,,
1255,24869037010900,2004,46.004567,-122.572079,15,2,,,,332.758,,,,,,,,,,303.116,,,,,,,,
1256,24869389010900,2004,46.067546,-122.355076,15,2,,,,123.602,,,,,,,,,,211.757,,,,,,,,
1257,24869629010900,2004,46.1805,-122.566673,15,2,,,,32.174,,,,,,,,,,174.529,,,,,,,,
1258,24869789010900,2004,46.246156,-122.417509,15,2,,,,148.999,,,,,,,,,,233.045,,,,,,,,
1259,24870174010900,2004,46.339942,-122.559568,15,2,,,,224.569,,,,,,,,,,341.698,,,,,,,,
1260,24870572010900,2004,46.360916,-122.244191,15,2,,,,59.626,,,,,,,,,,165.599,,,,,,,,
1261,24871028010900,2004,48.196629,-118.276043,19,2,,,,64.625,,,,,,,,,,57.645,,,,,,,,
1262,24871156010900,2004,48.108266,-118.824335,19,2,,,,21.685,,,,,,,,,,31.351,,,,,,,,
1263,24871448010900,2004,48.244467,-118.670542,19,2,,,,61.067,,,,,,,,,,69.752,,,,,,,,
1264,24871587010900,2004,48.310086,-118.492832,19,2,,,,366.289,,,,,,,,,,346.856,,,,,,,,
1265,24872161010900,2004,48.397616,-118.334083,19,2,,,,38.477,,,,,,,,,,53.456,,,,,,,,
1266,24872520010900,2004,48.561732,-118.359556,19,2,,,,98.896,,,,,,,,,,110.438,,,,,,,,
1267,24873531010900,2004,48.800919,-118.186333,19,2,,,,100.606,,,,,,,,,,73.326,,,,,,,,
1268,24873819010900,2004,48.876808,-118.785738,19,2,,,,153.767,,,,,,,,,,148.309,,,,,,,,
1269,24874091010900,2004,48.914223,-118.398041,19,2,,,,61.087,,,,,,,,,,74.677,,,,,,,,
1270,24874464010900,2004,48.921327,-118.660942,19,2,,,,160.644,,,,,,,,,,188.91,,,,,,,,
1271,24874783010900,2004,48.951573,-118.259409,19,2,,,,264.168,,,,,,,,,,243.083,,,,,,,,
1272,24875233010900,2004,46.06167,-117.514747,23,2,,,,149.108,,,,,,,,,,165.072,,,,,,,,
1273,24875484010900,2004,46.214363,-117.572509,23,2,,,,185.368,,,,,,,,,,187.652,,,,,,,,
1274,24876232010900,2004,46.806636,-123.22804,27,2,,,,118.659,,,,,,,,,,268.03,,,,,,,,
1275,24876578010900,2004,46.880253,-123.942181,27,2,,,,19.16,,,,,,,,,,101.11,,,,,,,,
1276,24876804010900,2004,46.93718,-123.444168,27,2,,,,226.509,,,,,,,,,,303.233,,,,,,,,
1277,24877015010900,2004,46.931102,-123.583563,27,2,,,,185.069,,,,,,,,,,249.031,,,,,,,,
1278,24877245010900,2004,46.98669,-123.234303,27,2,,,,57.033,,,,,,,,,,149.223,,,,,,,,
1279,24877430010900,2004,47.060862,-123.99591,27,2,,,,74.796,,,,,,,,,,177.189,,,,,,,,
1280,24878094010900,2004,47.126732,-123.525812,27,2,,,,43.339,,,,,,,,,,140.158,,,,,,,,
1281,24878256010900,2004,47.177486,-124.169812,27,2,,,,6.535,,,,,,,,,,39.091,,,,,,,,
1282,24878596010900,2004,47.224083,-124.022976,27,2,,,,158.519,,,,,,,,,,295.32,,,,,,,,
1283,24878808010900,2004,47.230257,-123.524125,27,2,,,,0.281,,,,,,,,,,44.904,,,,,,,,
1284,24878976010900,2004,47.280056,-123.669022,27,2,,,,148.19,,,,,,,,,,126.611,,,,,,,,
1285,24879168010900,2004,47.278418,-124.17727,27,2,,,,90.497,,,,,,,,,,136.754,,,,,,,,
1286,24879350010900,2004,47.3236,-124.247778,27,2,,,,47.608,,,,,,,,,,185.227,,,,,,,,
1287,24879571010900,2004,47.375493,-123.905899,27,2,,,,879.883,,,,,,,,,,858.822,,,,,,,,
1288,24879932010900,2004,47.385028,-124.063474,27,2,,,,307.397,,,,,,,,,,445.826,,,,,,,,
1289,24880241010900,2004,47.428273,-123.692035,27,2,,,,226.994,,,,,,,,,,212.59,,,,,,,,
1290,24880782010900,2004,48.014411,-122.383688,29,2,,,,85.311,,,,,,,,,,131.431,,,,,,,,
1291,24880976010900,2004,47.543349,-124.122114,31,2,,,,478.84,,,,,,,,,,476.301,,,,,,,,
1292,24881232010900,2004,47.51808,-123.901072,31,2,,,,449.55,,,,,,,,,,352.947,,,,,,,,
1293,24881597010900,2004,47.566505,-123.744615,31,2,,,,721.904,,,,,,,,,,758.404,,,,,,,,
1294,24881836010900,2004,47.554532,-123.572929,31,2,,,,496.967,,,,,,,,,,371.205,,,,,,,,
1295,24882094010900,2004,47.619969,-123.381353,31,2,,,,619.039,,,,,,,,,,609.053,,,,,,,,
1296,24882323010900,2004,47.653374,-124.313039,31,2,,,,161.847,,,,,,,,,,222.324,,,,,,,,
1297,24882585010900,2004,47.623532,-123.025852,31,2,,,,43.245,,,,,,,,,,104.459,,,,,,,,
1298,24883193010900,2004,47.964868,-122.719216,31,2,,,,113.973,,,,,,,,,,206.446,,,,,,,,
1299,24883381010900,2004,47.778033,-122.880287,31,2,,,,304.646,,,,,,,,,,357.498,,,,,,,,
1300,24883863010900,2004,47.796565,-123.070433,31,2,,,,99.005,,,,,,,,,,175.235,,,,,,,,
1301,24884243010900,2004,47.833861,-124.522633,31,2,,,,413.935,,,,,,,,,,335.567,,,,,,,,
1302,24884418010900,2004,47.843441,-123.986436,31,2,,,,202.113,,,,,,,,,,283.636,,,,,,,,
1303,24884596010900,2004,47.820038,-122.718582,31,2,,,,30.563,,,,,,,,,,126.982,,,,,,,,
1304,24884838010900,2004,47.871575,-124.180031,31,2,,,,551.778,,,,,,,,,,573.108,,,,,,,,
1305,24885078010900,2004,47.915461,-122.938618,31,2,,,,413.096,,,,,,,,,,360.239,,,,,,,,
1306,24885308010900,2004,47.995736,-122.762347,31,2,,,,77.311,,,,,,,,,,171.356,,,,,,,,
1307,25063890010900,2004,48.332625,-117.422323,51,2,,,,295.993,,,,,,,,,,336.076,,,,,,,,
1308,25064269010900,2004,48.347779,-117.073884,51,2,,,,39.009,,,,,,,,,,89.598,,,,,,,,
1309,25064561010900,2004,48.503015,-117.440346,51,2,,,,294.682,,,,,,,,,,344.426,,,,,,,,
1310,25064991010900,2004,48.524296,-117.32614,51,2,,,,102.815,,,,,,,,,,127.373,,,,,,,,
1311,25065322010900,2004,48.678474,-117.465796,51,2,,,,96.631,,,,,,,,,,147.535,,,,,,,,
1312,25065632010900,2004,48.643372,-117.27635,51,2,,,,143.793,,,,,,,,,,187.016,,,,,,,,
1313,25066040010900,2004,48.824967,-117.515534,51,2,,,,13.968,,,,,,,,,,23.739,,,,,,,,
1314,25066283010900,2004,48.85552,-117.141504,51,2,,,,227.014,,,,,,,,,,278.363,,,,,,,,
1315,25066697010900,2004,48.963829,-117.352766,51,2,,,,156.887,,,,,,,,,,184.813,,,,,,,,
1316,25066955010900,2004,46.76683,-121.835023,53,2,,,,532.516,,,,,,,,,,597.11,,,,,,,,
1317,25067276010900,2004,46.805159,-121.462505,53,2,,,,119.317,,,,,,,,,,138.796,,,,,,,,
1318,25067991010900,2004,47.009372,-122.39537,53,2,,,,195.867,,,,,,,,,,222.737,,,,,,,,
1319,25068518010900,2004,47.112842,-121.509195,53,2,,,,101.053,,,,,,,,,,211.656,,,,,,,,
1320,25068897010900,2004,47.352018,-122.613936,53,2,,,,327.97,,,,,,,,,,391.326,,,,,,,,
1321,25069403010900,2004,48.354565,-121.572971,57,2,,,,105.713,,,,,,,,,,161.163,,,,,,,,
1322,25069634010900,2004,48.408637,-121.77513,57,2,,,,226.025,,,,,,,,,,307.647,,,,,,,,
1323,25070007010900,2004,48.454543,-121.415628,57,2,,,,530.775,,,,,,,,,,518.01,,,,,,,,
1324,25070287010900,2004,48.506936,-121.943886,57,2,,,,179.365,,,,,,,,,,229.684,,,,,,,,
1325,25070604010900,2004,48.524175,-121.623703,57,2,,,,130.649,,,,,,,,,,193.35,,,,,,,,
1326,25070935010900,2004,48.551683,-121.794217,57,2,,,,21.798,,,,,,,,,,112.429,,,,,,,,
1327,25071141010900,2004,48.590404,-120.879496,57,2,,,,14.548,,,,,,,,,,31.828,,,,,,,,
1328,25071376010900,2004,48.603513,-121.069843,57,2,,,,394.557,,,,,,,,,,394.961,,,,,,,,
1329,25071535010900,2004,45.709009,-122.136557,59,2,,,,345.056,,,,,,,,,,374.291,,,,,,,,
1330,25071709010900,2004,45.746891,-121.809196,59,2,,,,283.354,,,,,,,,,,392.993,,,,,,,,
1331,25071903010900,2004,45.797146,-121.983808,59,2,,,,170.618,,,,,,,,,,218.52,,,,,,,,
1332,25072130010900,2004,45.753151,-121.569542,59,2,,,,180.698,,,,,,,,,,263.424,,,,,,,,
1333,25072297010900,2004,45.877493,-122.162067,59,2,,,,7.16,,,,,,,,,,38.205,,,,,,,,
1334,25072608010900,2004,45.896499,-121.835263,59,2,,,,171.46,,,,,,,,,,247.752,,,,,,,,
1335,25072862010900,2004,45.947027,-121.969097,59,2,,,,350.682,,,,,,,,,,347.024,,,,,,,,
1336,25073235010900,2004,45.968114,-121.66312,59,2,,,,329.167,,,,,,,,,,334.619,,,,,,,,
1337,25073639010900,2004,46.053738,-122.21662,59,2,,,,188.952,,,,,,,,,,169.296,,,,,,,,
1338,25073985010900,2004,46.075469,-121.867091,59,2,,,,19.23,,,,,,,,,,35.596,,,,,,,,
1339,25074287010900,2004,46.145717,-121.673858,59,2,,,,110.192,,,,,,,,,,186.951,,,,,,,,
1340,25074592010900,2004,46.19524,-122.265506,15,2,,,,478.653,,,,,,,,,,501.6,,,,,,,,
1341,25074916010900,2004,46.236928,-121.89988,59,2,,,,585.068,,,,,,,,,,487.394,,,,,,,,
1342,25075208010900,2004,46.235877,-121.544014,59,2,,,,6.942,,,,,,,,,,9.715,,,,,,,,
1343,25075433010900,2004,46.285625,-121.716581,59,2,,,,279.712,,,,,,,,,,262.161,,,,,,,,
1344,25075762010900,2004,47.807643,-121.27546,61,2,,,,94.438,,,,,,,,,,103.445,,,,,,,,
1345,25076062010900,2004,47.919761,-122.020121,61,2,,,,124.79,,,,,,,,,,162.925,,,,,,,,
1346,25076199010900,2004,47.915673,-121.63163,61,2,,,,231.354,,,,,,,,,,258.234,,,,,,,,
1347,25076424010900,2004,47.991911,-121.754353,61,2,,,,313.16,,,,,,,,,,339.738,,,,,,,,
1348,25076809010900,2004,48.066026,-122.077028,61,2,,,,64.933,,,,,,,,,,110.156,,,,,,,,
1349,25077311010900,2004,48.061838,-121.713408,61,2,,,,363.9,,,,,,,,,,479.943,,,,,,,,
1350,25077628010900,2004,48.151595,-120.974648,61,2,,,,64.948,,,,,,,,,,71.58,,,,,,,,
1351,25077876010900,2004,48.20026,-121.568512,61,2,,,,584.212,,,,,,,,,,686.481,,,,,,,,
1352,25078257010900,2004,48.270727,-121.723673,61,2,,,,550.325,,,,,,,,,,603.139,,,,,,,,
1353,25078480010900,2004,48.275363,-121.373204,61,2,,,,453.06,,,,,,,,,,435.09,,,,,,,,
1354,25078802010900,2004,48.25021,-121.193723,61,2,,,,373.4,,,,,,,,,,430.159,,,,,,,,
1355,25079127010900,2004,48.292338,-121.193829,61,2,,,,568.67,,,,,,,,,,620.428,,,,,,,,
1356,25079444010900,2004,47.350673,-117.644636,63,2,,,,11.201,,,,,,,,,,16.758,,,,,,,,
1357,25079876010900,2004,46.787113,-123.591793,49,2,,,,136.251,,,,,,,,,,204.761,,,,,,,,
1358,25080240010900,2004,47.838053,-117.720536,63,2,,,,127.19,,,,,,,,,,154.459,,,,,,,,
1359,25080424010900,2004,47.844133,-117.357053,63,2,,,,32.434,,,,,,,,,,39.854,,,,,,,,
1360,25080791010900,2004,47.806837,-117.544917,65,2,,,,8.29,,,,,,,,,,15.167,,,,,,,,
1361,25081321010900,2004,47.992946,-117.717171,65,2,,,,35.657,,,,,,,,,,46.176,,,,,,,,
1362,25081492010900,2004,48.141889,-118.091339,65,2,,,,99.331,,,,,,,,,,122.183,,,,,,,,
1363,25081874010900,2004,48.23901,-117.95159,65,2,,,,176.062,,,,,,,,,,207.337,,,,,,,,
1364,25082984010900,2004,48.481849,-118.166026,65,2,,,,13.312,,,,,,,,,,128.615,,,,,,,,
1365,25083080010900,2004,48.43765,-117.64914,65,2,,,,155.035,,,,,,,,,,182.226,,,,,,,,
1366,25083273010900,2004,48.642387,-117.793885,65,2,,,,108.761,,,,,,,,,,133.439,,,,,,,,
1367,25083809010900,2004,48.818797,-117.85583,65,2,,,,31.486,,,,,,,,,,65.371,,,,,,,,
1368,25083976010900,2004,48.926694,-118.024101,65,2,,,,232.992,,,,,,,,,,222.243,,,,,,,,
1369,25084852010900,2004,46.786017,-123.027645,67,2,,,,119.86,,,,,,,,,,184.619,,,,,,,,
1370,25085192010900,2004,46.828475,-122.363273,67,2,,,,15.932,,,,,,,,,,85.262,,,,,,,,
1371,25085622010900,2004,46.986062,-122.732212,67,2,,,,63.903,,,,,,,,,,88.825,,,,,,,,
1372,25094063010900,2004,47.345958,-120.499758,7,2,,,,100.501,,,,,,,,,,102.161,,,,,,,,
1373,25094343010900,2004,47.512115,-120.854824,7,2,,,,27.171,,,,,,,,,,18.641,,,,,,,,
1374,25094648010900,2004,47.611864,-121.069164,7,2,,,,186.437,,,,,,,,,,201.042,,,,,,,,
1375,25095250010900,2004,47.594704,-120.419031,7,2,,,,10.954,,,,,,,,,,15.247,,,,,,,,
1376,25095434010900,2004,47.651153,-120.914587,7,2,,,,6.518,,,,,,,,,,7.768,,,,,,,,
1377,25095614010900,2004,47.649321,-120.356774,7,2,,,,19.335,,,,,,,,,,36.344,,,,,,,,
1378,25096104010900,2004,47.764996,-121.096265,7,2,,,,203.641,,,,,,,,,,225.55,,,,,,,,
1379,25096348010900,2004,47.800724,-120.920211,7,2,,,,157.675,,,,,,,,,,180.632,,,,,,,,
1380,25096600010900,2004,47.789853,-120.753448,7,2,,,,5.925,,,,,,,,,,28.399,,,,,,,,
1381,25096791010900,2004,47.843901,-120.552036,7,2,,,,55.84,,,,,,,,,,40.496,,,,,,,,
1382,26127580010900,2004,48.061913,-121.501348,61,2,,,,345.822,,,,,,,,,,339.486,,,,,,,,
1383,12963634010497,2005,46.108047,-117.171488,3,2,,,,,4.144,,,,,,,,,,15.166,,,,,,,
1384,12964130010497,2005,47.269107,-120.297686,7,2,,,,,283.485,,,,,,,,,,255.707,,,,,,,
1385,12964449010497,2005,47.415896,-120.653763,7,2,,,,,62.919,,,,,,,,,,67.872,,,,,,,
1386,12964657010497,2005,47.400757,-120.495058,7,2,,,,,161.215,,,,,,,,,,195.247,,,,,,,
1387,12965155010497,2005,47.566362,-120.656821,7,2,,,,,9.497,,,,,,,,,,18.716,,,,,,,
1388,12965290010497,2005,47.581304,-120.339879,7,2,,,,,121.627,,,,,,,,,,143.23,,,,,,,
1389,12965572010497,2005,47.706577,-120.85476,7,2,,,,,85.001,,,,,,,,,,57.8,,,,,,,
1390,12965856010497,2005,47.699017,-120.704012,7,2,,,,,194.763,,,,,,,,,,220.806,,,,,,,
1391,12966076010497,2005,47.70718,-121.062219,7,2,,,,,72.079,,,,,,,,,,81.689,,,,,,,
1392,12966246010497,2005,47.750062,-120.699405,7,2,,,,,198.828,,,,,,,,,,255.408,,,,,,,
1393,12966592010497,2005,47.880704,-121.094769,7,2,,,,,132.24,,,,,,,,,,149.19,,,,,,,
1394,12966841010497,2005,47.853193,-120.907818,7,2,,,,,455.785,,,,,,,,,,519.987,,,,,,,
1395,12967289010497,2005,47.898369,-120.764744,7,2,,,,,26.79,,,,,,,,,,102.375,,,,,,,
1396,12967580010497,2005,47.891345,-120.546321,7,2,,,,,171.432,,,,,,,,,,193.003,,,,,,,
1397,12968351010497,2005,47.985914,-120.180144,7,2,,,,,39.709,,,,,,,,,,52.188,,,,,,,
1398,12968796010497,2005,48.048348,-120.762752,7,2,,,,,129.147,,,,,,,,,,113.272,,,,,,,
1399,12969073010497,2005,48.090915,-120.239314,7,2,,,,,80.706,,,,,,,,,,56.328,,,,,,,
1400,12969696010497,2005,48.250349,-120.823517,7,2,,,,,15.293,,,,,,,,,,15.776,,,,,,,
1401,12970163010497,2005,48.396092,-120.825547,7,2,,,,,40.702,,,,,,,,,,5.661,,,,,,,
1402,12970308010497,2005,48.529367,-120.667708,47,2,,,,,17.236,,,,,,,,,,20.075,,,,,,,
1403,12970545010497,2005,47.909481,-124.194905,9,2,,,,,515.445,,,,,,,,,,501.95,,,,,,,
1404,12970841010497,2005,47.913996,-124.318286,9,2,,,,,352.494,,,,,,,,,,364.786,,,,,,,
1405,12971094010497,2005,47.972407,-123.988879,9,2,,,,,621.26,,,,,,,,,,647.186,,,,,,,
1406,12971572010497,2005,47.952513,-123.80213,9,2,,,,,1046.582,,,,,,,,,,1008.761,,,,,,,
1407,12971869010497,2005,47.993162,-123.630651,9,2,,,,,570.81,,,,,,,,,,637.306,,,,,,,
1408,12972109010497,2005,47.96681,-123.45969,9,2,,,,,399.769,,,,,,,,,,374.272,,,,,,,
1409,12972725010497,2005,48.014887,-124.549282,9,2,,,,,137.892,,,,,,,,,,188.159,,,,,,,
1410,12973392010497,2005,47.919553,-124.476639,9,2,,,,,33.268,,,,,,,,,,86.159,,,,,,,
1411,12973613010497,2005,48.117823,-123.988711,9,2,,,,,236.311,,,,,,,,,,272.571,,,,,,,
1412,12974382010497,2005,48.159956,-123.658671,9,2,,,,,658.7,,,,,,,,,,638.548,,,,,,,
1413,12974727010497,2005,48.192123,-124.575712,9,2,,,,,111.26,,,,,,,,,,191.103,,,,,,,
1414,12975042010497,2005,48.217139,-124.25757,9,2,,,,,684.609,,,,,,,,,,765.488,,,,,,,
1415,12975351010497,2005,48.365969,-124.63211,9,2,,,,,95.373,,,,,,,,,,56.551,,,,,,,
1416,12975573010497,2005,45.66632,-122.418009,11,2,,,,,25.011,,,,,,,,,,36.873,,,,,,,
1417,12975907010497,2005,45.922886,-122.661796,11,2,,,,,95.051,,,,,,,,,,224.291,,,,,,,
1418,12976065010497,2005,45.96419,-122.492773,11,2,,,,,205.831,,,,,,,,,,274.722,,,,,,,
1419,12976281010497,2005,46.084506,-117.870272,13,2,,,,,249.109,,,,,,,,,,248.435,,,,,,,
1420,12976628010497,2005,46.118207,-117.647398,13,2,,,,,128.243,,,,,,,,,,112.805,,,,,,,
1421,12976932010497,2005,46.07956,-122.692176,15,2,,,,,72.34,,,,,,,,,,156.324,,,,,,,
1422,12977190010497,2005,46.141589,-122.527502,15,2,,,,,178.995,,,,,,,,,,273.593,,,,,,,
1423,12977415010497,2005,46.211772,-123.082238,15,2,,,,,266.702,,,,,,,,,,380.095,,,,,,,
1424,12977848010497,2005,46.270724,-122.394615,15,2,,,,,39.007,,,,,,,,,,84.083,,,,,,,
1425,12978785010497,2005,48.036513,-118.61768,19,2,,,,,124.835,,,,,,,,,,116.611,,,,,,,
1426,12978919010497,2005,48.159036,-118.785264,19,2,,,,,24.314,,,,,,,,,,35.624,,,,,,,
1427,12979334010497,2005,48.154886,-118.423462,19,2,,,,,31.74,,,,,,,,,,42.096,,,,,,,
1428,12979503010497,2005,47.96454,-118.434159,19,2,,,,,60.26,,,,,,,,,,63.003,,,,,,,
1429,12979628010497,2005,48.346993,-118.487722,19,2,,,,,183.081,,,,,,,,,,190.363,,,,,,,
1430,12979966010497,2005,48.355373,-118.62947,19,2,,,,,46.209,,,,,,,,,,64.077,,,,,,,
1431,12980164010497,2005,48.398671,-118.26857,19,2,,,,,46.871,,,,,,,,,,67.983,,,,,,,
1432,12980320010497,2005,48.493838,-118.484997,19,2,,,,,12.625,,,,,,,,,,13.246,,,,,,,
1433,12980723010497,2005,48.529145,-118.663138,19,2,,,,,174.139,,,,,,,,,,164.723,,,,,,,
1434,12981004010497,2005,48.544536,-118.322555,19,2,,,,,102.591,,,,,,,,,,111.134,,,,,,,
1435,12981628010497,2005,48.669626,-118.495178,19,2,,,,,213.977,,,,,,,,,,191.233,,,,,,,
1436,12981943010497,2005,48.712781,-118.346437,19,2,,,,,212.158,,,,,,,,,,129.155,,,,,,,
1437,12982397010497,2005,48.675659,-118.160104,19,2,,,,,49.746,,,,,,,,,,62.399,,,,,,,
1438,12982973010497,2005,48.830055,-118.694306,19,2,,,,,6.489,,,,,,,,,,24.14,,,,,,,
1439,12983238010497,2005,48.811723,-118.33923,19,2,,,,,244.172,,,,,,,,,,176.566,,,,,,,
1440,12983687010497,2005,48.865926,-118.33423,19,2,,,,,24.859,,,,,,,,,,74.598,,,,,,,
1441,12984099010497,2005,46.1112,-117.508033,23,2,,,,,61.845,,,,,,,,,,50.211,,,,,,,
1442,12984882010497,2005,46.834608,-123.725188,27,2,,,,,227.208,,,,,,,,,,308.225,,,,,,,
1443,12985125010497,2005,46.846869,-123.188692,27,2,,,,,137.016,,,,,,,,,,193.802,,,,,,,
1444,12985394010497,2005,46.882186,-123.382158,27,2,,,,,379.813,,,,,,,,,,376.724,,,,,,,
1445,12986046010497,2005,47.04032,-123.451815,27,2,,,,,45.236,,,,,,,,,,158.106,,,,,,,
1446,12986274010497,2005,47.126692,-124.169515,27,2,,,,,452.976,,,,,,,,,,579.019,,,,,,,
1447,12986466010497,2005,47.034866,-123.162346,67,2,,,,,506.426,,,,,,,,,,638.128,,,,,,,
1448,12987281010497,2005,46.354272,-123.449022,69,2,,,,,423.312,,,,,,,,,,442.845,,,,,,,
1449,12987496010497,2005,46.111259,-118.025521,71,2,,,,,50.938,,,,,,,,,,56.604,,,,,,,
1450,12987584010497,2005,48.57665,-122.673003,57,2,,,,,239.335,,,,,,,,,,308.469,,,,,,,
1451,12988392010497,2005,48.654556,-121.052428,73,2,,,,,181.812,,,,,,,,,,195.254,,,,,,,
1452,12988512010497,2005,48.689777,-120.872253,73,2,,,,,324.238,,,,,,,,,,358.169,,,,,,,
1453,12988854010497,2005,48.740741,-120.879842,73,2,,,,,60.586,,,,,,,,,,76.904,,,,,,,
1454,12989549010497,2005,48.88035,-122.768284,73,2,,,,,204.524,,,,,,,,,,224.94,,,,,,,
1455,12990036010497,2005,48.95221,-121.830164,73,2,,,,,327.33,,,,,,,,,,354.507,,,,,,,
1456,12990405010497,2005,48.94941,-122.02542,73,2,,,,,329.765,,,,,,,,,,361.731,,,,,,,
1457,12990744010497,2005,48.995131,-121.686571,73,2,,,,,485.081,,,,,,,,,,524.493,,,,,,,
1458,12992573010497,2005,46.275868,-120.791022,77,2,,,,,27.843,,,,,,,,,,0.81,,,,,,,
1459,12992742010497,2005,46.355782,-121.343075,77,2,,,,,433.157,,,,,,,,,,402.439,,,,,,,
1460,12993100010497,2005,46.379145,-121.541104,59,2,,,,,477.417,,,,,,,,,,507.535,,,,,,,
1461,12993566010497,2005,46.392977,-121.021012,77,2,,,,,59.093,,,,,,,,,,62.141,,,,,,,
1462,12993736010497,2005,46.413329,-121.194622,77,2,,,,,247.674,,,,,,,,,,289.611,,,,,,,
1463,12994021010497,2005,46.435714,-121.151446,77,2,,,,,101.267,,,,,,,,,,53.401,,,,,,,
1464,12994209010497,2005,46.529886,-121.398302,77,2,,,,,458.235,,,,,,,,,,511.592,,,,,,,
1465,12994639010497,2005,46.578577,-121.180685,77,2,,,,,15.004,,,,,,,,,,18.806,,,,,,,
1466,12994872010497,2005,46.532746,-121.028874,77,2,,,,,26.701,,,,,,,,,,27.294,,,,,,,
1467,12994987010497,2005,46.679761,-121.389169,77,2,,,,,380.588,,,,,,,,,,391.901,,,,,,,
1468,12995357010497,2005,46.704393,-121.069857,77,2,,,,,97.692,,,,,,,,,,36.757,,,,,,,
1469,12995584010497,2005,46.72395,-121.243759,77,2,,,,,101.056,,,,,,,,,,96.768,,,,,,,
1470,12995862010497,2005,46.830298,-121.448754,77,2,,,,,407.767,,,,,,,,,,411.057,,,,,,,
1471,12996220010497,2005,46.873222,-121.097298,77,2,,,,,140.314,,,,,,,,,,164.429,,,,,,,
1472,12996530010497,2005,46.901399,-121.273906,77,2,,,,,348.606,,,,,,,,,,284.035,,,,,,,
1473,12996941010497,2005,46.917706,-121.230908,77,2,,,,,131.009,,,,,,,,,,93.485,,,,,,,
1474,12997185010497,2005,47.072043,-121.306085,77,2,,,,,244.212,,,,,,,,,,316.117,,,,,,,
1475,12997799010497,2005,48.656399,-122.879034,55,2,,,,,113.706,,,,,,,,,,135.632,,,,,,,
1476,12997981010497,2005,48.312054,-121.87017,57,2,,,,,625.622,,,,,,,,,,723.816,,,,,,,
1477,12998273010497,2005,48.341906,-121.536454,57,2,,,,,151.512,,,,,,,,,,191.47,,,,,,,
1478,12998890010497,2005,48.385349,-121.473832,57,2,,,,,249.403,,,,,,,,,,346.233,,,,,,,
1479,12999289010497,2005,48.408372,-122.091124,57,2,,,,,11.028,,,,,,,,,,80.287,,,,,,,
1480,12999481010497,2005,48.456055,-121.722484,57,2,,,,,172.384,,,,,,,,,,271.042,,,,,,,
1481,12999992010497,2005,48.5015,-121.590797,57,2,,,,,398.407,,,,,,,,,,442.426,,,,,,,
1482,13000318010497,2005,48.575422,-122.201121,57,2,,,,,17.968,,,,,,,,,,87.52,,,,,,,
1483,13000845010497,2005,48.603869,-121.798102,57,2,,,,,0.688,,,,,,,,,,13.289,,,,,,,
1484,13001583010497,2005,45.713024,-121.748103,59,2,,,,,165.872,,,,,,,,,,199.179,,,,,,,
1485,13002016010497,2005,45.848567,-122.118055,59,2,,,,,280.267,,,,,,,,,,341.511,,,,,,,
1486,13002451010497,2005,45.871825,-121.799237,59,2,,,,,740.931,,,,,,,,,,772.269,,,,,,,
1487,13002903010497,2005,45.996482,-121.973796,59,2,,,,,73.93,,,,,,,,,,121.47,,,,,,,
1488,13003271010497,2005,45.991344,-122.175147,59,2,,,,,689.532,,,,,,,,,,802.069,,,,,,,
1489,13003592010497,2005,45.993225,-121.615513,59,2,,,,,342.933,,,,,,,,,,299.476,,,,,,,
1490,13004016010497,2005,46.150963,-122.185146,59,2,,,,,191.476,,,,,,,,,,245.573,,,,,,,
1491,13004400010497,2005,46.146962,-122.013177,59,2,,,,,435.37,,,,,,,,,,447.116,,,,,,,
1492,13004916010497,2005,46.169115,-121.726666,59,2,,,,,692.983,,,,,,,,,,727.049,,,,,,,
1493,13005723010497,2005,46.162791,-121.646235,59,2,,,,,180.352,,,,,,,,,,209.211,,,,,,,
1494,13006511010497,2005,46.344395,-121.68182,59,2,,,,,114.064,,,,,,,,,,167.485,,,,,,,
1495,13006851010497,2005,46.340557,-121.896464,59,2,,,,,406.33,,,,,,,,,,482.269,,,,,,,
1496,13007959010497,2005,47.964564,-122.001872,61,2,,,,,10.806,,,,,,,,,,17.277,,,,,,,
1497,13008271010497,2005,47.956503,-121.634557,61,2,,,,,244.237,,,,,,,,,,233.931,,,,,,,
1498,13008616010497,2005,48.006667,-121.273216,61,2,,,,,328.712,,,,,,,,,,312.825,,,,,,,
1499,13008955010497,2005,48.011287,-121.45473,61,2,,,,,158.944,,,,,,,,,,156.084,,,,,,,
1500,13009244010497,2005,48.139936,-121.706202,61,2,,,,,232.128,,,,,,,,,,254.539,,,,,,,
1501,13009978010497,2005,48.156266,-121.34626,61,2,,,,,631.838,,,,,,,,,,593.625,,,,,,,
1502,13011085010497,2005,47.447929,-117.498181,63,2,,,,,51.31,,,,,,,,,,68.842,,,,,,,
1503,13011286010497,2005,47.59939,-117.506806,63,2,,,,,35.487,,,,,,,,,,22.924,,,,,,,
1504,13011454010497,2005,47.59747,-117.136539,63,2,,,,,31.579,,,,,,,,,,53.669,,,,,,,
1505,13011589010497,2005,47.743697,-117.502372,63,2,,,,,26.437,,,,,,,,,,20.11,,,,,,,
1506,13011721010497,2005,47.794073,-117.136986,63,2,,,,,27.096,,,,,,,,,,61.959,,,,,,,
1507,13012140010497,2005,48.040245,-117.348188,63,2,,,,,98.395,,,,,,,,,,138.049,,,,,,,
1508,13012518010497,2005,47.896638,-117.721808,65,2,,,,,58.758,,,,,,,,,,82.131,,,,,,,
1509,13012698010497,2005,48.03197,-118.076207,65,2,,,,,113.419,,,,,,,,,,106.44,,,,,,,
1510,13013076010497,2005,48.03728,-117.727566,65,2,,,,,80.83,,,,,,,,,,88.479,,,,,,,
1511,13013511010497,2005,48.138074,-117.580443,65,2,,,,,57.205,,,,,,,,,,90.76,,,,,,,
1512,13013656010497,2005,48.196061,-118.087864,65,2,,,,,107.241,,,,,,,,,,125.727,,,,,,,
1513,13013990010497,2005,48.364582,-117.747244,65,2,,,,,72.128,,,,,,,,,,107.284,,,,,,,
1514,13014268010497,2005,48.436261,-117.579078,65,2,,,,,204.962,,,,,,,,,,201.394,,,,,,,
1515,13014563010497,2005,48.516886,-118.136131,65,2,,,,,6.481,,,,,,,,,,21.969,,,,,,,
1516,13015137010497,2005,48.630784,-117.610821,65,2,,,,,21.39,,,,,,,,,,31.609,,,,,,,
1517,13015400010497,2005,48.685493,-117.800633,65,2,,,,,143.4,,,,,,,,,,165.225,,,,,,,
1518,13015935010497,2005,48.886315,-118.027176,65,2,,,,,93.46,,,,,,,,,,81.186,,,,,,,
1519,13016651010497,2005,46.809203,-122.303654,67,2,,,,,98.57,,,,,,,,,,150.557,,,,,,,
1520,13017118010497,2005,46.936953,-122.672152,67,2,,,,,547.429,,,,,,,,,,581.924,,,,,,,
1521,13018219010497,2005,47.901572,-118.244917,43,2,,,,,55.241,,,,,,,,,,71.83,,,,,,,
1522,13018699010497,2005,47.430979,-123.080322,45,2,,,,,1.987,,,,,,,,,,12.994,,,,,,,
1523,13019045010497,2005,47.356383,-123.468618,45,2,,,,,9.883,,,,,,,,,,39.381,,,,,,,
1524,13019610010497,2005,47.47817,-123.329278,45,2,,,,,319.798,,,,,,,,,,318.623,,,,,,,
1525,13020020010497,2005,47.504435,-123.246873,45,2,,,,,606.839,,,,,,,,,,659.889,,,,,,,
1526,13020452010497,2005,47.544998,-123.178824,45,2,,,,,352.147,,,,,,,,,,378.906,,,,,,,
1527,13020784010497,2005,48.275846,-120.099681,47,2,,,,,78.113,,,,,,,,,,89.895,,,,,,,
1528,13020972010497,2005,48.244445,-119.906604,47,2,,,,,27.06,,,,,,,,,,37.051,,,,,,,
1529,13021186010497,2005,48.317687,-119.7433,47,2,,,,,176.202,,,,,,,,,,122.322,,,,,,,
1530,13021550010497,2005,48.295496,-119.1947,47,2,,,,,21.291,,,,,,,,,,48.009,,,,,,,
1531,13022083010497,2005,48.364254,-118.998847,47,2,,,,,43.501,,,,,,,,,,55.323,,,,,,,
1532,13022435010497,2005,48.434283,-120.44728,47,2,,,,,2.486,,,,,,,,,,5.73,,,,,,,
1533,13023123010497,2005,48.469104,-119.732284,47,2,,,,,99.961,,,,,,,,,,117.691,,,,,,,
1534,13023283010497,2005,48.460842,-119.221347,47,2,,,,,158.551,,,,,,,,,,179.898,,,,,,,
1535,13023641010497,2005,48.485112,-119.391048,47,2,,,,,13.026,,,,,,,,,,15.429,,,,,,,
1536,13024252010497,2005,48.494187,-119.036072,47,2,,,,,119.169,,,,,,,,,,142.594,,,,,,,
1537,13024455010497,2005,48.580786,-120.514188,47,2,,,,,94.096,,,,,,,,,,68.243,,,,,,,
1538,13024732010497,2005,48.568742,-119.922225,47,2,,,,,120.525,,,,,,,,,,88.572,,,,,,,
1539,13025184010497,2005,48.624192,-120.145093,47,2,,,,,36.14,,,,,,,,,,47.732,,,,,,,
1540,13025401010497,2005,48.616364,-119.758257,47,2,,,,,34.659,,,,,,,,,,57.458,,,,,,,
1541,13025974010497,2005,48.635086,-118.877675,47,2,,,,,192.781,,,,,,,,,,202.762,,,,,,,
1542,13026273010497,2005,48.727623,-120.356717,47,2,,,,,131.782,,,,,,,,,,128.813,,,,,,,
1543,13026585010497,2005,48.663989,-119.062233,47,2,,,,,237.174,,,,,,,,,,220.572,,,,,,,
1544,13026974010497,2005,48.771645,-120.130638,47,2,,,,,145.149,,,,,,,,,,163.569,,,,,,,
1545,13027182010497,2005,48.719065,-119.979798,47,2,,,,,7.146,,,,,,,,,,0.469,,,,,,,
1546,13027544010497,2005,48.766804,-119.80633,47,2,,,,,70.851,,,,,,,,,,49.435,,,,,,,
1547,13027896010497,2005,48.836946,-120.720591,47,2,,,,,224.361,,,,,,,,,,222.542,,,,,,,
1548,13028606010497,2005,48.868534,-120.349898,47,2,,,,,50.999,,,,,,,,,,58.456,,,,,,,
1549,13028844010497,2005,48.838666,-119.073893,47,2,,,,,114.926,,,,,,,,,,134.04,,,,,,,
1550,13029231010497,2005,48.898984,-120.555316,47,2,,,,,30.398,,,,,,,,,,39.884,,,,,,,
1551,13030125010497,2005,48.984889,-118.931403,47,2,,,,,72.636,,,,,,,,,,79.676,,,,,,,
1552,13031154010497,2005,46.4385,-123.872664,49,2,,,,,126.247,,,,,,,,,,188.862,,,,,,,
1553,13031419010497,2005,46.686432,-123.667024,49,2,,,,,104.469,,,,,,,,,,169.01,,,,,,,
1554,13032268010497,2005,48.092851,-117.204391,51,2,,,,,135.767,,,,,,,,,,179.886,,,,,,,
1555,13032836010497,2005,48.375648,-117.413693,51,2,,,,,247.174,,,,,,,,,,262.236,,,,,,,
1556,13033539010497,2005,48.41775,-117.229665,51,2,,,,,53.71,,,,,,,,,,71.799,,,,,,,
1557,13033855010497,2005,48.5213,-117.400965,51,2,,,,,68.045,,,,,,,,,,89.418,,,,,,,
1558,13034192010497,2005,48.574806,-117.068825,51,2,,,,,60.041,,,,,,,,,,46.625,,,,,,,
1559,13034498010497,2005,48.610483,-117.246033,51,2,,,,,193.571,,,,,,,,,,232.405,,,,,,,
1560,13034882010497,2005,48.732255,-117.610759,51,2,,,,,89.496,,,,,,,,,,130.497,,,,,,,
1561,13035592010497,2005,48.761311,-117.226906,51,2,,,,,131.082,,,,,,,,,,163.009,,,,,,,
1562,13035945010497,2005,48.71202,-117.069789,51,2,,,,,170.798,,,,,,,,,,192.657,,,,,,,
1563,13036367010497,2005,48.88032,-117.096792,51,2,,,,,280.103,,,,,,,,,,234.705,,,,,,,
1564,13036910010497,2005,48.911085,-117.273733,51,2,,,,,280.695,,,,,,,,,,279.625,,,,,,,
1565,13037293010497,2005,46.763542,-122.108998,53,2,,,,,898.636,,,,,,,,,,944.12,,,,,,,
1566,13037626010497,2005,46.832749,-121.958278,53,2,,,,,686.334,,,,,,,,,,737.576,,,,,,,
1567,13038334010497,2005,46.950264,-122.16061,53,2,,,,,7.832,,,,,,,,,,51.763,,,,,,,
1568,13038857010497,2005,46.964511,-121.828897,53,2,,,,,567.17,,,,,,,,,,561.72,,,,,,,
1569,13039127010497,2005,47.022984,-121.670416,53,2,,,,,15.022,,,,,,,,,,40.026,,,,,,,
1570,13039392010497,2005,46.978772,-121.451893,53,2,,,,,427.29,,,,,,,,,,479.759,,,,,,,
1571,13041320010497,2005,47.130778,-123.971132,27,2,,,,,142.913,,,,,,,,,,258.675,,,,,,,
1572,13041599010497,2005,47.136682,-123.587454,27,2,,,,,405.075,,,,,,,,,,430.437,,,,,,,
1573,13042861010497,2005,47.445761,-124.227,27,2,,,,,178.497,,,,,,,,,,286.474,,,,,,,
1574,13043157010497,2005,47.528855,-123.529233,31,2,,,,,642.723,,,,,,,,,,570.743,,,,,,,
1575,13043465010497,2005,47.617977,-124.243522,31,2,,,,,95.853,,,,,,,,,,159.252,,,,,,,
1576,13043929010497,2005,47.626087,-123.736558,31,2,,,,,496.348,,,,,,,,,,401.923,,,,,,,
1577,13044164010497,2005,47.627242,-123.905784,31,2,,,,,426.057,,,,,,,,,,417.897,,,,,,,
1578,13044558010497,2005,47.662359,-123.380929,31,2,,,,,485.436,,,,,,,,,,507.12,,,,,,,
1579,13044806010497,2005,47.669202,-123.968266,31,2,,,,,734.159,,,,,,,,,,794.531,,,,,,,
1580,13045077010497,2005,47.674261,-123.026531,31,2,,,,,406.632,,,,,,,,,,417.19,,,,,,,
1581,13045472010497,2005,47.718593,-123.21982,31,2,,,,,741.429,,,,,,,,,,685.966,,,,,,,
1582,13045763010497,2005,47.742271,-124.109538,31,2,,,,,158.745,,,,,,,,,,209.91,,,,,,,
1583,13046245010497,2005,47.822346,-123.961547,31,2,,,,,830.591,,,,,,,,,,792.274,,,,,,,
1584,13046576010497,2005,47.812878,-123.387213,31,2,,,,,482.705,,,,,,,,,,471.735,,,,,,,
1585,13047654010497,2005,47.865235,-123.238224,31,2,,,,,203.818,,,,,,,,,,208.326,,,,,,,
1586,13049455010497,2005,47.31165,-121.525163,33,2,,,,,468.707,,,,,,,,,,503.344,,,,,,,
1587,13050083010497,2005,47.446333,-121.901012,33,2,,,,,337.33,,,,,,,,,,389.373,,,,,,,
1588,13050584010497,2005,47.515951,-121.372942,33,2,,,,,470.121,,,,,,,,,,461.114,,,,,,,
1589,13050884010497,2005,47.664568,-121.586655,33,2,,,,,865.722,,,,,,,,,,896.426,,,,,,,
1590,13051689010497,2005,47.658791,-121.214257,33,2,,,,,154.399,,,,,,,,,,187.59,,,,,,,
1591,13052688010497,2005,47.521796,-122.983943,35,2,,,,,23.656,,,,,,,,,,61.376,,,,,,,
1592,13053113010497,2005,47.719741,-122.664263,35,2,,,,,719.637,,,,,,,,,,871.63,,,,,,,
1593,13053391010497,2005,47.773638,-122.513775,35,2,,,,,216.496,,,,,,,,,,311.726,,,,,,,
1594,13053565010497,2005,46.912626,-120.945496,37,2,,,,,73.529,,,,,,,,,,66.417,,,,,,,
1595,13053798010497,2005,47.012199,-121.088733,37,2,,,,,272.186,,,,,,,,,,231.423,,,,,,,
1596,13054437010497,2005,47.228077,-120.811266,37,2,,,,,0.443,,,,,,,,,,1.082,,,,,,,
1597,13054497010497,2005,47.23786,-120.654501,37,2,,,,,147.271,,,,,,,,,,123.043,,,,,,,
1598,13054971010497,2005,47.340697,-121.184704,37,2,,,,,30.706,,,,,,,,,,16.683,,,,,,,
1599,13055193010497,2005,47.373336,-121.36727,37,2,,,,,5.976,,,,,,,,,,40.678,,,,,,,
1600,13055470010497,2005,47.411934,-121.00164,37,2,,,,,1.118,,,,,,,,,,7.055,,,,,,,
1601,13055730010497,2005,47.35545,-120.785729,37,2,,,,,155.11,,,,,,,,,,141.629,,,,,,,
1602,13055977010497,2005,47.513332,-121.215134,37,2,,,,,21.225,,,,,,,,,,29.705,,,,,,,
1603,13056359010497,2005,45.78645,-121.077544,39,2,,,,,86.789,,,,,,,,,,105.571,,,,,,,
1604,13056786010497,2005,45.839354,-121.623995,59,2,,,,,536.832,,,,,,,,,,583.156,,,,,,,
1605,13057215010497,2005,45.882057,-121.282517,39,2,,,,,25.943,,,,,,,,,,38.952,,,,,,,
1606,13057728010497,2005,45.88248,-120.933295,39,2,,,,,76.789,,,,,,,,,,90.272,,,,,,,
1607,13057932010497,2005,45.936451,-120.5729,39,2,,,,,30.975,,,,,,,,,,44.876,,,,,,,
1608,13058072010497,2005,45.949419,-120.751752,39,2,,,,,32.283,,,,,,,,,,66.003,,,,,,,
1609,13058311010497,2005,45.978776,-120.413961,39,2,,,,,84.165,,,,,,,,,,138.567,,,,,,,
1610,13058934010497,2005,46.392998,-123.27437,41,2,,,,,206.862,,,,,,,,,,331.29,,,,,,,
1611,13059840010497,2005,46.443016,-122.57354,41,2,,,,,48.794,,,,,,,,,,108.906,,,,,,,
1612,13060802010497,2005,46.535661,-121.534319,41,2,,,,,212.546,,,,,,,,,,261.059,,,,,,,
1613,13061167010497,2005,46.534873,-123.307104,41,2,,,,,105.713,,,,,,,,,,135.422,,,,,,,
1614,13062498010497,2005,46.682675,-121.925649,41,2,,,,,292.762,,,,,,,,,,329.517,,,,,,,
1615,13062886010497,2005,46.635497,-121.744258,41,2,,,,,407.363,,,,,,,,,,471.693,,,,,,,
1616,13063479010497,2005,46.689195,-123.167072,41,2,,,,,64.908,,,,,,,,,,214.035,,,,,,,
1617,13202675010497,2005,47.327901,-123.832452,27,2,,,,,342.998,,,,,,,,,,369.387,,,,,,,
1618,13203005010497,2005,47.847414,-123.044238,31,2,,,,,84.537,,,,,,,,,,88.363,,,,,,,
1619,13203368010497,2005,47.620811,-121.716201,33,2,,,,,286.256,,,,,,,,,,335.818,,,,,,,
1620,13204531010497,2005,47.180427,-123.447047,45,2,,,,,34.636,,,,,,,,,,68.822,,,,,,,
1621,13204702010497,2005,48.304512,-121.342097,57,2,,,,,544.968,,,,,,,,,,556.803,,,,,,,
1622,13205079010497,2005,48.458148,-121.922782,57,2,,,,,394.662,,,,,,,,,,334.365,,,,,,,
1623,13205354010497,2005,48.639811,-121.401417,73,2,,,,,46.488,,,,,,,,,,96.99,,,,,,,
1624,13205680010497,2005,46.293843,-122.031068,59,2,,,,,45.404,,,,,,,,,,111.417,,,,,,,
1625,13206224010497,2005,47.831712,-121.239866,61,2,,,,,10.884,,,,,,,,,,16.362,,,,,,,
1626,13206482010497,2005,48.199053,-120.973854,61,2,,,,,15.875,,,,,,,,,,22.261,,,,,,,
1627,13209264010497,2005,46.737384,-123.736162,49,2,,,,,117.627,,,,,,,,,,130.417,,,,,,,
1628,13411348010497,2005,47.377384,-123.1469,45,2,,,,,341.539,,,,,,,,,,333.852,,,,,,,
1629,193209064020004,2005,46.948633,-120.982269,37,2,,,,,42.875,,,,,,,,,,36.599,,,,,,,
1630,193209107020004,2005,46.97172,-121.067196,37,2,,,,,91.629,,,,,,,,,,97.778,,,,,,,
1631,193209108020004,2005,46.996659,-120.951302,37,2,,,,,289.376,,,,,,,,,,266.522,,,,,,,
1632,193209119020004,2005,47.969537,-120.622858,7,2,,,,,286.868,,,,,,,,,,288.907,,,,,,,
1633,22398858010497,2005,48.1099,-120.390064,7,2,,,,,51.088,,,,,,,,,,42.614,,,,,,,
1634,22398859010497,2005,47.718719,-120.413392,7,2,,,,,41.367,,,,,,,,,,90.149,,,,,,,
1635,22398860010497,2005,47.937842,-120.068316,7,2,,,,,0.653,,,,,,,,,,2.249,,,,,,,
1636,22398863010497,2005,47.945461,-120.657165,7,2,,,,,126.885,,,,,,,,,,152.753,,,,,,,
1637,22398864010497,2005,47.869054,-120.369205,7,2,,,,,51.63,,,,,,,,,,65.17,,,,,,,
1638,22398865010497,2005,47.325763,-120.399745,7,2,,,,,57.666,,,,,,,,,,79.046,,,,,,,
1639,22398867010497,2005,47.921342,-120.725013,7,2,,,,,286.091,,,,,,,,,,285.249,,,,,,,
1640,22398868010497,2005,47.433254,-120.707422,7,2,,,,,174.682,,,,,,,,,,175.634,,,,,,,
1641,22398869010497,2005,47.755288,-120.846486,7,2,,,,,399.603,,,,,,,,,,347.039,,,,,,,
1642,22398871010497,2005,47.428883,-120.52784,7,2,,,,,111.413,,,,,,,,,,133.853,,,,,,,
1643,22398872010497,2005,48.068483,-120.396227,7,2,,,,,48.733,,,,,,,,,,58.506,,,,,,,
1644,22398874010497,2005,47.424768,-120.422911,7,2,,,,,90.998,,,,,,,,,,19.856,,,,,,,
1645,22398875010497,2005,47.876869,-120.725512,7,2,,,,,75.673,,,,,,,,,,110.778,,,,,,,
1646,22398877010497,2005,48.495628,-120.69674,7,2,,,,,359.609,,,,,,,,,,336.11,,,,,,,
1647,22398878010497,2005,47.993852,-120.654506,7,2,,,,,220.254,,,,,,,,,,268.174,,,,,,,
1648,22398880010497,2005,47.799697,-120.878144,7,2,,,,,450.326,,,,,,,,,,570.034,,,,,,,
1649,22398881010497,2005,47.905423,-121.099465,7,2,,,,,510.073,,,,,,,,,,545.722,,,,,,,
1650,22398883010497,2005,47.975108,-120.683008,7,2,,,,,83.128,,,,,,,,,,81.359,,,,,,,
1651,22398884010497,2005,47.557523,-120.81068,7,2,,,,,34.999,,,,,,,,,,40.262,,,,,,,
1652,22398887010497,2005,47.942677,-124.135216,9,2,,,,,477.631,,,,,,,,,,366.342,,,,,,,
1653,22398889010497,2005,47.896785,-123.074993,9,2,,,,,271.143,,,,,,,,,,283.556,,,,,,,
1654,22398891010497,2005,47.965656,-124.17218,9,2,,,,,160.744,,,,,,,,,,239.522,,,,,,,
1655,22398893010497,2005,48.03519,-124.282944,9,2,,,,,624.528,,,,,,,,,,679.395,,,,,,,
1656,22398897010497,2005,46.272506,-122.360733,15,2,,,,,17.881,,,,,,,,,,65.802,,,,,,,
1657,22398898010497,2005,46.166325,-122.325664,15,2,,,,,113.975,,,,,,,,,,175.42,,,,,,,
1658,22398899010497,2005,48.548098,-118.626379,19,2,,,,,29.04,,,,,,,,,,39.973,,,,,,,
1659,22398901010497,2005,48.572647,-118.469674,19,2,,,,,13.669,,,,,,,,,,11.836,,,,,,,
1660,22398902010497,2005,48.662865,-118.382816,19,2,,,,,203.785,,,,,,,,,,77.69,,,,,,,
1661,22398903010497,2005,48.95644,-118.289653,19,2,,,,,317.951,,,,,,,,,,296.955,,,,,,,
1662,22398905010497,2005,48.619047,-118.324587,19,2,,,,,25.762,,,,,,,,,,57.064,,,,,,,
1663,22398907010497,2005,48.643136,-118.355522,19,2,,,,,70.233,,,,,,,,,,61.417,,,,,,,
1664,22398908010497,2005,48.502174,-118.768368,19,2,,,,,48.182,,,,,,,,,,87.207,,,,,,,
1665,22398909010497,2005,48.779125,-118.188454,19,2,,,,,215.74,,,,,,,,,,218.574,,,,,,,
1666,22398910010497,2005,48.756136,-118.30115,19,2,,,,,29.239,,,,,,,,,,52.166,,,,,,,
1667,22398911010497,2005,48.906687,-118.824123,19,2,,,,,57.421,,,,,,,,,,69.516,,,,,,,
1668,22398912010497,2005,48.558105,-118.694889,19,2,,,,,89.086,,,,,,,,,,112.009,,,,,,,
1669,22398915010497,2005,46.239459,-117.56595,23,2,,,,,54.297,,,,,,,,,,89.315,,,,,,,
1670,22398916010497,2005,47.503169,-123.53947,27,2,,,,,104.015,,,,,,,,,,146.246,,,,,,,
1671,22398917010497,2005,47.475177,-123.645172,27,2,,,,,366.47,,,,,,,,,,368.367,,,,,,,
1672,22398918010497,2005,47.400096,-123.651149,27,2,,,,,159.102,,,,,,,,,,218.724,,,,,,,
1673,22398919010497,2005,47.401124,-123.546777,27,2,,,,,50.572,,,,,,,,,,95.486,,,,,,,
1674,22398921010497,2005,47.377245,-123.583828,27,2,,,,,386.914,,,,,,,,,,400.596,,,,,,,
1675,22398922010497,2005,47.651486,-123.005944,31,2,,,,,281.723,,,,,,,,,,303.122,,,,,,,
1676,22398923010497,2005,47.692983,-121.574426,33,2,,,,,451.407,,,,,,,,,,326.968,,,,,,,
1677,22398924010497,2005,47.19842,-121.370471,33,2,,,,,95.221,,,,,,,,,,166.009,,,,,,,
1678,22398925010497,2005,47.167641,-121.548463,33,2,,,,,371.724,,,,,,,,,,352.363,,,,,,,
1679,22398926010497,2005,47.756635,-121.323787,33,2,,,,,168.277,,,,,,,,,,211.29,,,,,,,
1680,22398927010497,2005,47.687765,-121.280542,33,2,,,,,437.169,,,,,,,,,,500.123,,,,,,,
1681,22398928010497,2005,47.150066,-121.553946,33,2,,,,,645.705,,,,,,,,,,656.381,,,,,,,
1682,22398929010497,2005,47.731902,-121.17963,33,2,,,,,433.959,,,,,,,,,,443.903,,,,,,,
1683,22398930010497,2005,47.73767,-121.321102,33,2,,,,,349.26,,,,,,,,,,418.406,,,,,,,
1684,22398931010497,2005,47.260124,-120.689231,37,2,,,,,100.684,,,,,,,,,,128.016,,,,,,,
1685,22398932010497,2005,47.416407,-121.405754,37,2,,,,,279.612,,,,,,,,,,287.272,,,,,,,
1686,22398933010497,2005,47.017095,-121.131293,37,2,,,,,256.771,,,,,,,,,,270.543,,,,,,,
1687,22398934010497,2005,47.118412,-120.903806,37,2,,,,,149.093,,,,,,,,,,149.882,,,,,,,
1688,22398935010497,2005,47.093425,-120.982623,37,2,,,,,125.739,,,,,,,,,,124.624,,,,,,,
1689,22398936010497,2005,47.333359,-121.012801,37,2,,,,,80.625,,,,,,,,,,90.003,,,,,,,
1690,22398937010497,2005,47.390389,-121.373914,37,2,,,,,427.461,,,,,,,,,,430.404,,,,,,,
1691,22398938010497,2005,47.06483,-121.059492,37,2,,,,,73.608,,,,,,,,,,95.121,,,,,,,
1692,22398939010497,2005,47.357633,-120.974313,37,2,,,,,28.221,,,,,,,,,,18.993,,,,,,,
1693,22398940010497,2005,46.635313,-121.709899,41,2,,,,,490.374,,,,,,,,,,518.665,,,,,,,
1694,22398941010497,2005,46.565622,-121.748047,41,2,,,,,759.504,,,,,,,,,,706.931,,,,,,,
1695,22398942010497,2005,46.460229,-121.965146,41,2,,,,,175.65,,,,,,,,,,293.905,,,,,,,
1696,22398943010497,2005,46.583305,-121.783588,41,2,,,,,318.132,,,,,,,,,,349.247,,,,,,,
1697,22398944010497,2005,46.561027,-121.611225,41,2,,,,,16.741,,,,,,,,,,69.698,,,,,,,
1698,22398946010497,2005,46.508312,-121.784829,41,2,,,,,406.504,,,,,,,,,,476.193,,,,,,,
1699,22398947010497,2005,46.71353,-122.289287,41,2,,,,,569.327,,,,,,,,,,596.428,,,,,,,
1700,22398948010497,2005,46.51396,-121.681875,41,2,,,,,124.748,,,,,,,,,,173.415,,,,,,,
1701,22398949010497,2005,46.633583,-121.429606,41,2,,,,,37.557,,,,,,,,,,92.033,,,,,,,
1702,22398950010497,2005,47.35581,-123.390663,45,2,,,,,16.359,,,,,,,,,,64.521,,,,,,,
1703,22398951010497,2005,48.701511,-120.357909,47,2,,,,,86.663,,,,,,,,,,84.004,,,,,,,
1704,22398952010497,2005,48.959918,-118.923132,47,2,,,,,81.865,,,,,,,,,,96.134,,,,,,,
1705,22398954010497,2005,48.982595,-118.890055,47,2,,,,,86.581,,,,,,,,,,98.753,,,,,,,
1706,22398958010497,2005,48.566475,-120.665363,47,2,,,,,3.356,,,,,,,,,,4.708,,,,,,,
1707,22398959010497,2005,48.768812,-119.163919,47,2,,,,,41.752,,,,,,,,,,40.529,,,,,,,
1708,22398961010497,2005,48.907768,-118.898279,47,2,,,,,89.948,,,,,,,,,,100.308,,,,,,,
1709,22398963010497,2005,48.646895,-120.067949,47,2,,,,,104.181,,,,,,,,,,7.332,,,,,,,
1710,22398965010497,2005,48.431215,-120.403541,47,2,,,,,13.659,,,,,,,,,,25.66,,,,,,,
1711,22398966010497,2005,48.919914,-119.307891,47,2,,,,,34.235,,,,,,,,,,54.436,,,,,,,
1712,22398967010497,2005,48.489137,-119.815203,47,2,,,,,91.771,,,,,,,,,,125.635,,,,,,,
1713,22398968010497,2005,48.745827,-119.982228,47,2,,,,,16.585,,,,,,,,,,6.32,,,,,,,
1714,22398971010497,2005,48.648183,-120.436602,47,2,,,,,182.795,,,,,,,,,,170.626,,,,,,,
1715,22398972010497,2005,48.535559,-120.6273,47,2,,,,,113.515,,,,,,,,,,132.467,,,,,,,
1716,22398974010497,2005,48.958349,-118.851958,47,2,,,,,70.797,,,,,,,,,,84.752,,,,,,,
1717,22398975010497,2005,48.162655,-120.130756,47,2,,,,,172.223,,,,,,,,,,48.134,,,,,,,
1718,22398976010497,2005,48.545558,-120.028741,47,2,,,,,75.907,,,,,,,,,,14.985,,,,,,,
1719,22398978010497,2005,48.692851,-120.067397,47,2,,,,,148.971,,,,,,,,,,36.969,,,,,,,
1720,22398982010497,2005,48.641252,-118.913997,47,2,,,,,27.738,,,,,,,,,,51.738,,,,,,,
1721,22398983010497,2005,48.608827,-120.402335,47,2,,,,,269.846,,,,,,,,,,280.052,,,,,,,
1722,22398984010497,2005,48.583065,-120.554953,47,2,,,,,183.066,,,,,,,,,,202.011,,,,,,,
1723,22398985010497,2005,48.696251,-120.131678,47,2,,,,,42.782,,,,,,,,,,60.005,,,,,,,
1724,22398987010497,2005,48.721686,-119.166703,47,2,,,,,176.162,,,,,,,,,,221.689,,,,,,,
1725,22398989010497,2005,48.232834,-120.27653,47,2,,,,,186.728,,,,,,,,,,227.21,,,,,,,
1726,22398990010497,2005,48.531598,-117.480363,51,2,,,,,164.923,,,,,,,,,,186.094,,,,,,,
1727,22398991010497,2005,48.796775,-117.444987,51,2,,,,,153.677,,,,,,,,,,126.923,,,,,,,
1728,22398992010497,2005,48.283461,-117.462274,51,2,,,,,180.33,,,,,,,,,,207.714,,,,,,,
1729,22398993010497,2005,48.824329,-117.560837,51,2,,,,,34.75,,,,,,,,,,84.918,,,,,,,
1730,22398995010497,2005,48.962849,-117.395363,51,2,,,,,237.742,,,,,,,,,,278.854,,,,,,,
1731,22398996010497,2005,48.835132,-117.340454,51,2,,,,,350.149,,,,,,,,,,337.956,,,,,,,
1732,22398998010497,2005,48.710788,-117.194992,51,2,,,,,161.678,,,,,,,,,,196.484,,,,,,,
1733,22398999010497,2005,48.303497,-117.469772,51,2,,,,,211.737,,,,,,,,,,246.451,,,,,,,
1734,22399000010497,2005,48.652909,-117.458825,51,2,,,,,299.069,,,,,,,,,,321.286,,,,,,,
1735,22399001010497,2005,48.306619,-117.092227,51,2,,,,,31.361,,,,,,,,,,32.588,,,,,,,
1736,22399002010497,2005,48.830414,-117.175571,51,2,,,,,123.784,,,,,,,,,,162.969,,,,,,,
1737,22399003010497,2005,48.412482,-117.187605,51,2,,,,,216.707,,,,,,,,,,259.809,,,,,,,
1738,22399004010497,2005,47.026138,-121.697938,53,2,,,,,302.402,,,,,,,,,,404.98,,,,,,,
1739,22399005010497,2005,46.810253,-121.965717,53,2,,,,,25.715,,,,,,,,,,98.498,,,,,,,
1740,22399006010497,2005,47.078052,-121.62491,53,2,,,,,157.915,,,,,,,,,,270.873,,,,,,,
1741,22399007010497,2005,47.058948,-121.881282,53,2,,,,,173.489,,,,,,,,,,263.546,,,,,,,
1742,22399008010497,2005,48.423163,-121.449471,57,2,,,,,324.799,,,,,,,,,,302.039,,,,,,,
1743,22399010010497,2005,48.479169,-121.957911,57,2,,,,,286.862,,,,,,,,,,345.512,,,,,,,
1744,22399011010497,2005,48.405163,-121.522886,57,2,,,,,165.098,,,,,,,,,,267.616,,,,,,,
1745,22399012010497,2005,48.379136,-121.710801,57,2,,,,,450.228,,,,,,,,,,366.361,,,,,,,
1746,22399013010497,2005,48.60153,-121.409379,57,2,,,,,233.053,,,,,,,,,,256.462,,,,,,,
1747,22399014010497,2005,48.452698,-121.448004,57,2,,,,,266.323,,,,,,,,,,298.396,,,,,,,
1748,22399015010497,2005,48.435795,-121.775068,57,2,,,,,94.667,,,,,,,,,,162.53,,,,,,,
1749,22399016010497,2005,48.571977,-121.434186,57,2,,,,,390.902,,,,,,,,,,305.995,,,,,,,
1750,22399017010497,2005,46.115068,-121.546877,59,2,,,,,277.592,,,,,,,,,,136.038,,,,,,,
1751,22399018010497,2005,46.042503,-121.861616,59,2,,,,,269.994,,,,,,,,,,295.773,,,,,,,
1752,22399019010497,2005,46.248291,-122.079303,59,2,,,,,3.897,,,,,,,,,,13.401,,,,,,,
1753,22399021010497,2005,46.142199,-121.860699,59,2,,,,,635.615,,,,,,,,,,709.192,,,,,,,
1754,22399022010497,2005,46.087948,-121.720599,59,2,,,,,77.713,,,,,,,,,,130.74,,,,,,,
1755,22399023010497,2005,46.317141,-122.044735,59,2,,,,,291.93,,,,,,,,,,329.061,,,,,,,
1756,22399024010497,2005,46.311762,-121.827966,59,2,,,,,565.428,,,,,,,,,,558.202,,,,,,,
1757,22399025010497,2005,46.286809,-121.85792,59,2,,,,,188.553,,,,,,,,,,192.886,,,,,,,
1758,22399026010497,2005,46.067427,-121.970397,59,2,,,,,868.184,,,,,,,,,,867.409,,,,,,,
1759,22399027010497,2005,46.334976,-121.711295,59,2,,,,,234.684,,,,,,,,,,275.8,,,,,,,
1760,22399028010497,2005,45.920109,-121.800413,59,2,,,,,456.522,,,,,,,,,,492.48,,,,,,,
1761,22399029010497,2005,46.073213,-122.227353,59,2,,,,,4.735,,,,,,,,,,21.956,,,,,,,
1762,22399030010497,2005,45.827688,-121.907951,59,2,,,,,469.926,,,,,,,,,,448.337,,,,,,,
1763,22399031010497,2005,46.114803,-121.836435,59,2,,,,,404.885,,,,,,,,,,443.649,,,,,,,
1764,22399032010497,2005,46.212511,-121.786643,59,2,,,,,602.171,,,,,,,,,,612.464,,,,,,,
1765,22399033010497,2005,45.866179,-121.618867,59,2,,,,,155.681,,,,,,,,,,200.712,,,,,,,
1766,22399034010497,2005,46.360295,-121.537874,59,2,,,,,169.784,,,,,,,,,,199.11,,,,,,,
1767,22399035010497,2005,46.115333,-121.648133,59,2,,,,,151.544,,,,,,,,,,166.077,,,,,,,
1768,22399036010497,2005,46.359912,-121.607329,59,2,,,,,342.242,,,,,,,,,,379.583,,,,,,,
1769,22399037010497,2005,46.212487,-121.760141,59,2,,,,,421.585,,,,,,,,,,497.267,,,,,,,
1770,22399038010497,2005,45.947594,-122.143241,59,2,,,,,304.266,,,,,,,,,,312.863,,,,,,,
1771,22399039010497,2005,45.914707,-121.729215,59,2,,,,,483.152,,,,,,,,,,521.75,,,,,,,
1772,22399040010497,2005,46.097341,-121.792858,59,2,,,,,330.445,,,,,,,,,,361.591,,,,,,,
1773,22399041010497,2005,46.267683,-121.760878,59,2,,,,,64.744,,,,,,,,,,113.828,,,,,,,
1774,22399042010497,2005,46.148017,-122.082441,59,2,,,,,380.52,,,,,,,,,,414.269,,,,,,,
1775,22399043010497,2005,46.144583,-122.221933,59,2,,,,,26.771,,,,,,,,,,54.689,,,,,,,
1776,22399045010497,2005,46.316636,-122.110414,59,2,,,,,6.833,,,,,,,,,,13.141,,,,,,,
1777,22399046010497,2005,46.145984,-121.718806,59,2,,,,,293.503,,,,,,,,,,300.724,,,,,,,
1778,22399047010497,2005,45.851769,-122.088439,59,2,,,,,493.329,,,,,,,,,,487.016,,,,,,,
1779,22399051010497,2005,48.224621,-121.342861,61,2,,,,,432.452,,,,,,,,,,442.154,,,,,,,
1780,22399053010497,2005,48.134404,-121.381044,61,2,,,,,337.333,,,,,,,,,,362.179,,,,,,,
1781,22399054010497,2005,48.184345,-121.383463,61,2,,,,,958.931,,,,,,,,,,972.59,,,,,,,
1782,22399055010497,2005,48.158617,-121.745374,61,2,,,,,512.392,,,,,,,,,,514.539,,,,,,,
1783,22399056010497,2005,47.782673,-121.280234,61,2,,,,,148.293,,,,,,,,,,215.725,,,,,,,
1784,22399057010497,2005,48.252027,-121.306439,61,2,,,,,168.456,,,,,,,,,,165.37,,,,,,,
1785,22399058010497,2005,48.033025,-121.672468,61,2,,,,,40.573,,,,,,,,,,97.884,,,,,,,
1786,22399059010497,2005,48.179531,-121.339147,61,2,,,,,121.022,,,,,,,,,,232.075,,,,,,,
1787,22399060010497,2005,48.992946,-118.066631,65,2,,,,,87.286,,,,,,,,,,41.167,,,,,,,
1788,22399061010497,2005,48.661357,-117.639944,65,2,,,,,176.801,,,,,,,,,,248.345,,,,,,,
1789,22399062010497,2005,48.356651,-117.569026,65,2,,,,,78.422,,,,,,,,,,117.612,,,,,,,
1790,22399063010497,2005,48.657581,-117.715896,65,2,,,,,330.827,,,,,,,,,,284.045,,,,,,,
1791,22399064010497,2005,48.893487,-117.991079,65,2,,,,,55.87,,,,,,,,,,45.246,,,,,,,
1792,22399065010497,2005,48.259236,-117.61181,65,2,,,,,72.141,,,,,,,,,,80.344,,,,,,,
1793,22399067010497,2005,48.261279,-117.540659,65,2,,,,,284.166,,,,,,,,,,306.994,,,,,,,
1794,22399068010497,2005,48.902964,-121.951118,73,2,,,,,199.084,,,,,,,,,,239.225,,,,,,,
1795,22399069010497,2005,48.926552,-121.842933,73,2,,,,,112.386,,,,,,,,,,107.46,,,,,,,
1796,22399070010497,2005,48.776483,-121.551167,73,2,,,,,57.309,,,,,,,,,,85.366,,,,,,,
1797,22399071010497,2005,48.706402,-120.723268,73,2,,,,,19.379,,,,,,,,,,46.763,,,,,,,
1798,22399073010497,2005,48.731437,-121.958736,73,2,,,,,161.773,,,,,,,,,,159.558,,,,,,,
1799,22399074010497,2005,48.969861,-121.835973,73,2,,,,,403.41,,,,,,,,,,444.791,,,,,,,
1800,22399075010497,2005,48.715477,-120.884037,73,2,,,,,146.274,,,,,,,,,,160.77,,,,,,,
1801,22399076010497,2005,48.928357,-121.878796,73,2,,,,,73.51,,,,,,,,,,84.777,,,,,,,
1802,22399077010497,2005,46.647105,-121.176456,77,2,,,,,368.152,,,,,,,,,,323.836,,,,,,,
1803,22399079010497,2005,46.849565,-121.099715,77,2,,,,,158.732,,,,,,,,,,189.121,,,,,,,
1804,22399080010497,2005,46.723517,-121.132221,77,2,,,,,220.975,,,,,,,,,,213.145,,,,,,,
1805,22399081010497,2005,46.896877,-121.452298,77,2,,,,,224.163,,,,,,,,,,215.264,,,,,,,
1806,22399083010497,2005,46.605495,-121.099674,77,2,,,,,41.531,,,,,,,,,,98.735,,,,,,,
1807,8976192010901,2005,46.433594,-122.927115,41,2,,,,,68.67,,,,,,,,,,116.438,,,,,,,
1808,8976310010901,2005,46.573421,-122.786289,41,2,,,,,40.437,,,,,,,,,,84.339,,,,,,,
1809,22399087010497,2006,46.182703,-117.392691,3,2,,,,,,13.714,,,,,,,,,,19.294,,,,,,
1810,22399088010497,2006,47.875779,-120.807745,7,2,,,,,,374.917,,,,,,,,,,369.543,,,,,,
1811,22399089010497,2006,48.055065,-120.163831,7,2,,,,,,29.553,,,,,,,,,,48.654,,,,,,
1812,22399090010497,2006,47.351865,-120.462693,7,2,,,,,,114.613,,,,,,,,,,120.716,,,,,,
1813,22399091010497,2006,47.889913,-120.368143,7,2,,,,,,15.951,,,,,,,,,,21.718,,,,,,
1814,22399095010497,2006,48.045926,-120.571615,7,2,,,,,,165.893,,,,,,,,,,21.558,,,,,,
1815,22399096010497,2006,47.895107,-120.511128,7,2,,,,,,37.758,,,,,,,,,,41.473,,,,,,
1816,22399097010497,2006,47.947376,-120.796956,7,2,,,,,,415.551,,,,,,,,,,313.682,,,,,,
1817,22399099010497,2006,47.924713,-120.954896,7,2,,,,,,85.159,,,,,,,,,,99.92,,,,,,
1818,22399101010497,2006,48.031936,-120.128854,7,2,,,,,,18.892,,,,,,,,,,15.668,,,,,,
1819,22399102010497,2006,47.551524,-120.757628,7,2,,,,,,3.943,,,,,,,,,,5.078,,,,,,
1820,22399105010497,2006,47.404593,-120.607814,7,2,,,,,,136.822,,,,,,,,,,131.442,,,,,,
1821,22399106010497,2006,47.826544,-120.592726,7,2,,,,,,12.404,,,,,,,,,,19.392,,,,,,
1822,22399107010497,2006,48.015146,-120.583045,7,2,,,,,,153.396,,,,,,,,,,125.017,,,,,,
1823,22399108010497,2006,47.941756,-120.436639,7,2,,,,,,131.272,,,,,,,,,,113.711,,,,,,
1824,22399109010497,2006,48.068405,-123.662788,9,2,,,,,,21.424,,,,,,,,,,74.521,,,,,,
1825,22399110010497,2006,48.116755,-124.099162,9,2,,,,,,95.451,,,,,,,,,,113.533,,,,,,
1826,22399111010497,2006,48.091209,-124.10203,9,2,,,,,,221.783,,,,,,,,,,264.954,,,,,,
1827,22399112010497,2006,47.96527,-124.234936,9,2,,,,,,380.319,,,,,,,,,,452.437,,,,,,
1828,22399113010497,2006,48.016959,-124.097027,9,2,,,,,,311.346,,,,,,,,,,418.071,,,,,,
1829,22399114010497,2006,48.044667,-123.517524,9,2,,,,,,404.427,,,,,,,,,,404.97,,,,,,
1830,22399115010497,2006,48.162793,-124.324541,9,2,,,,,,319.422,,,,,,,,,,353.28,,,,,,
1831,22399116010497,2006,47.944316,-124.177304,9,2,,,,,,432.867,,,,,,,,,,550.95,,,,,,
1832,22399117010497,2006,46.130909,-117.750039,13,2,,,,,,60.035,,,,,,,,,,85.515,,,,,,
1833,22399118010497,2006,46.171712,-117.754618,13,2,,,,,,282.924,,,,,,,,,,78.659,,,,,,
1834,22399119010497,2006,48.658681,-118.311612,19,2,,,,,,6.176,,,,,,,,,,56.884,,,,,,
1835,22399120010497,2006,48.705841,-118.166522,19,2,,,,,,57.065,,,,,,,,,,72.336,,,,,,
1836,22399121010497,2006,48.830634,-118.81571,19,2,,,,,,34.743,,,,,,,,,,48.29,,,,,,
1837,22399122010497,2006,48.720047,-118.577432,19,2,,,,,,141.685,,,,,,,,,,162.317,,,,,,
1838,22399123010497,2006,48.783943,-118.306748,19,2,,,,,,259.46,,,,,,,,,,68.978,,,,,,
1839,22399125010497,2006,48.930388,-118.809649,19,2,,,,,,12.676,,,,,,,,,,21.571,,,,,,
1840,22399126010497,2006,48.520662,-118.55872,19,2,,,,,,125.786,,,,,,,,,,150.849,,,,,,
1841,22399127010497,2006,48.55652,-118.736424,19,2,,,,,,82.472,,,,,,,,,,100.648,,,,,,
1842,22399128010497,2006,48.78169,-118.259113,19,2,,,,,,172.305,,,,,,,,,,223.728,,,,,,
1843,22399129010497,2006,48.489512,-118.261554,19,2,,,,,,242.946,,,,,,,,,,315.981,,,,,,
1844,22399131010497,2006,48.857323,-118.224683,19,2,,,,,,15.041,,,,,,,,,,13.965,,,,,,
1845,22399132010497,2006,48.616108,-118.474027,19,2,,,,,,311.978,,,,,,,,,,240.308,,,,,,
1846,22399133010497,2006,48.810987,-118.23343,19,2,,,,,,62.347,,,,,,,,,,79.102,,,,,,
1847,22399134010497,2006,48.736279,-118.2782,19,2,,,,,,130.623,,,,,,,,,,135.508,,,,,,
1848,22399135010497,2006,48.9859,-118.468582,19,2,,,,,,229.837,,,,,,,,,,265.137,,,,,,
1849,22399137010497,2006,48.987955,-118.317397,19,2,,,,,,112.048,,,,,,,,,,149.707,,,,,,
1850,22399138010497,2006,48.64401,-118.51081,19,2,,,,,,343.227,,,,,,,,,,369.735,,,,,,
1851,22399139010497,2006,46.161078,-117.53799,23,2,,,,,,321.225,,,,,,,,,,190.059,,,,,,
1852,22399140010497,2006,46.265824,-117.529108,23,2,,,,,,41.486,,,,,,,,,,22.302,,,,,,
1853,22399141010497,2006,46.231009,-117.433451,23,2,,,,,,63.254,,,,,,,,,,65.638,,,,,,
1854,22399142010497,2006,46.144629,-117.571194,23,2,,,,,,395.829,,,,,,,,,,411.017,,,,,,
1855,22399143010497,2006,46.211613,-117.542676,23,2,,,,,,233.542,,,,,,,,,,208.026,,,,,,
1856,22399144010497,2006,47.426022,-123.718111,27,2,,,,,,238.922,,,,,,,,,,331.31,,,,,,
1857,22399146010497,2006,47.452421,-123.761126,27,2,,,,,,505.289,,,,,,,,,,434.136,,,,,,
1858,22399147010497,2006,47.501203,-123.514086,27,2,,,,,,380.707,,,,,,,,,,333.487,,,,,,
1859,22399148010497,2006,47.331293,-123.729373,27,2,,,,,,134.636,,,,,,,,,,255.443,,,,,,
1860,22399149010497,2006,47.528451,-123.876585,31,2,,,,,,593.5,,,,,,,,,,521.135,,,,,,
1861,22399150010497,2006,47.572544,-123.872591,31,2,,,,,,227.773,,,,,,,,,,288.636,,,,,,
1862,22399153010497,2006,47.755118,-121.172417,33,2,,,,,,70.539,,,,,,,,,,97.127,,,,,,
1863,22399154010497,2006,47.714181,-121.470123,33,2,,,,,,294.959,,,,,,,,,,343.77,,,,,,
1864,22399157010497,2006,47.540125,-121.575552,33,2,,,,,,117.676,,,,,,,,,,126.512,,,,,,
1865,22399158010497,2006,47.743746,-121.49959,33,2,,,,,,122.557,,,,,,,,,,101.832,,,,,,
1866,22399159010497,2006,47.148507,-121.483752,33,2,,,,,,302.135,,,,,,,,,,320.859,,,,,,
1867,22399160010497,2006,47.707567,-121.250459,33,2,,,,,,538.882,,,,,,,,,,475.41,,,,,,
1868,22399161010497,2006,47.483597,-121.076061,37,2,,,,,,130.095,,,,,,,,,,145.564,,,,,,
1869,22399162010497,2006,47.291213,-121.154505,37,2,,,,,,173.187,,,,,,,,,,175.939,,,,,,
1870,22399163010497,2006,47.044442,-121.122258,37,2,,,,,,85.976,,,,,,,,,,89.094,,,,,,
1871,22399164010497,2006,47.388766,-121.30193,37,2,,,,,,193.354,,,,,,,,,,180.118,,,,,,
1872,22399165010497,2006,47.307086,-120.6873,37,2,,,,,,181.661,,,,,,,,,,98.603,,,,,,
1873,22399166010497,2006,47.17437,-121.185668,37,2,,,,,,361.103,,,,,,,,,,233.614,,,,,,
1874,22399167010497,2006,47.238007,-120.718341,37,2,,,,,,173.678,,,,,,,,,,192.145,,,,,,
1875,22399168010497,2006,47.48658,-121.00267,37,2,,,,,,107.661,,,,,,,,,,125.375,,,,,,
1876,22399169010497,2006,47.098694,-121.157479,37,2,,,,,,225.961,,,,,,,,,,256.964,,,,,,
1877,22399170010497,2006,47.242811,-121.112918,37,2,,,,,,177.851,,,,,,,,,,163.756,,,,,,
1878,22399171010497,2006,47.391588,-121.181777,37,2,,,,,,96.046,,,,,,,,,,111.051,,,,,,
1879,22399172010497,2006,47.09425,-121.130466,37,2,,,,,,353.177,,,,,,,,,,352.173,,,,,,
1880,22399173010497,2006,47.048815,-121.165157,37,2,,,,,,283.072,,,,,,,,,,213.03,,,,,,
1881,22399174010497,2006,47.365936,-121.255965,37,2,,,,,,9.535,,,,,,,,,,16.061,,,,,,
1882,22399175010497,2006,47.284708,-120.713471,37,2,,,,,,149.114,,,,,,,,,,147.447,,,,,,
1883,22399176010497,2006,45.914392,-121.594785,39,2,,,,,,192.998,,,,,,,,,,298.507,,,,,,
1884,22399177010497,2006,46.456344,-121.527988,41,2,,,,,,261.703,,,,,,,,,,294.723,,,,,,
1885,22399179010497,2006,46.683904,-121.783258,41,2,,,,,,576.412,,,,,,,,,,618.454,,,,,,
1886,22399182010497,2006,46.689131,-122.357242,41,2,,,,,,46.065,,,,,,,,,,125.39,,,,,,
1887,22399183010497,2006,46.587629,-121.717265,41,2,,,,,,213.376,,,,,,,,,,310.946,,,,,,
1888,22399184010497,2006,46.733238,-121.914502,41,2,,,,,,147.211,,,,,,,,,,151.238,,,,,,
1889,22399185010497,2006,46.392808,-122.001705,41,2,,,,,,370.779,,,,,,,,,,449.334,,,,,,
1890,22399186010497,2006,46.655204,-121.536036,41,2,,,,,,232.419,,,,,,,,,,154.021,,,,,,
1891,22399187010497,2006,46.668424,-122.285096,41,2,,,,,,160.717,,,,,,,,,,239.262,,,,,,
1892,22399188010497,2006,46.487276,-121.714945,41,2,,,,,,95.008,,,,,,,,,,126.038,,,,,,
1893,22399189010497,2006,47.385265,-123.355123,45,2,,,,,,30.378,,,,,,,,,,78.393,,,,,,
1894,22399191010497,2006,47.35107,-123.439206,45,2,,,,,,13.087,,,,,,,,,,53.88,,,,,,
1895,22399192010497,2006,47.456016,-123.477404,45,2,,,,,,9.519,,,,,,,,,,42.258,,,,,,
1896,22399194010497,2006,47.526085,-123.15132,45,2,,,,,,186.91,,,,,,,,,,149.27,,,,,,
1897,22399196010497,2006,48.51068,-118.923575,47,2,,,,,,59.861,,,,,,,,,,52.796,,,,,,
1898,22399197010497,2006,48.924335,-119.341514,47,2,,,,,,30.026,,,,,,,,,,34.85,,,,,,
1899,22399199010497,2006,48.008967,-120.067344,47,2,,,,,,56.902,,,,,,,,,,104.935,,,,,,
1900,22399201010497,2006,48.203485,-120.241853,47,2,,,,,,40.193,,,,,,,,,,45.562,,,,,,
1901,22399202010497,2006,48.592552,-119.142991,47,2,,,,,,91.143,,,,,,,,,,94.465,,,,,,
1902,22399203010497,2006,48.888731,-119.8585,47,2,,,,,,141.139,,,,,,,,,,120.005,,,,,,
1903,22399204010497,2006,48.581336,-120.470312,47,2,,,,,,332.661,,,,,,,,,,317.031,,,,,,
1904,22399205010497,2006,48.505825,-120.549494,47,2,,,,,,186.929,,,,,,,,,,209.153,,,,,,
1905,22399206010497,2006,48.710001,-118.936879,47,2,,,,,,138.018,,,,,,,,,,138.563,,,,,,
1906,22399208010497,2006,48.411747,-120.293006,47,2,,,,,,22.631,,,,,,,,,,13.291,,,,,,
1907,22399209010497,2006,48.640851,-119.874489,47,2,,,,,,44.522,,,,,,,,,,19.605,,,,,,
1908,22399210010497,2006,48.460178,-120.303155,47,2,,,,,,18.116,,,,,,,,,,44.847,,,,,,
1909,22399211010497,2006,48.664995,-119.803989,47,2,,,,,,144.703,,,,,,,,,,155.274,,,,,,
1910,22399213010497,2006,48.296995,-119.975724,47,2,,,,,,30.978,,,,,,,,,,26.389,,,,,,
1911,22399214010497,2006,48.691393,-119.906265,47,2,,,,,,52.455,,,,,,,,,,61.312,,,,,,
1912,22399216010497,2006,48.410871,-120.403182,47,2,,,,,,81.548,,,,,,,,,,87.987,,,,,,
1913,22399217010497,2006,48.498978,-119.074548,47,2,,,,,,138.22,,,,,,,,,,73.562,,,,,,
1914,22399218010497,2006,48.794889,-119.979101,47,2,,,,,,0.24,,,,,,,,,,22.777,,,,,,
1915,22399219010497,2006,48.630849,-120.405001,47,2,,,,,,62.154,,,,,,,,,,78.811,,,,,,
1916,22399220010497,2006,48.363648,-120.412076,47,2,,,,,,168.331,,,,,,,,,,164.106,,,,,,
1917,22399221010497,2006,48.557463,-120.516108,47,2,,,,,,166.125,,,,,,,,,,206.737,,,,,,
1918,22399223010497,2006,48.46477,-120.551075,47,2,,,,,,78.417,,,,,,,,,,86.233,,,,,,
1919,22399224010497,2006,48.556056,-120.447124,47,2,,,,,,28.104,,,,,,,,,,23.252,,,,,,
1920,22399225010497,2006,48.932635,-118.968064,47,2,,,,,,212.02,,,,,,,,,,220.738,,,,,,
1921,22399227010497,2006,48.404885,-120.361433,47,2,,,,,,46.618,,,,,,,,,,49.287,,,,,,
1922,22399228010497,2006,48.687681,-119.061484,47,2,,,,,,64.63,,,,,,,,,,100.189,,,,,,
1923,22399229010497,2006,48.255625,-120.239719,47,2,,,,,,89.328,,,,,,,,,,99.492,,,,,,
1924,22399231010497,2006,48.612178,-120.768691,47,2,,,,,,99.901,,,,,,,,,,104.492,,,,,,
1925,22399232010497,2006,48.774383,-117.562186,51,2,,,,,,253.675,,,,,,,,,,275.418,,,,,,
1926,22399233010497,2006,48.988804,-117.391644,51,2,,,,,,189.854,,,,,,,,,,224.057,,,,,,
1927,22399234010497,2006,48.996631,-117.428372,51,2,,,,,,111.982,,,,,,,,,,166.713,,,,,,
1928,22399235010497,2006,48.689192,-117.313035,51,2,,,,,,171.807,,,,,,,,,,209.27,,,,,,
1929,22399237010497,2006,48.844445,-117.444154,51,2,,,,,,75.064,,,,,,,,,,99.242,,,,,,
1930,22399238010497,2006,48.788739,-117.299785,51,2,,,,,,112.968,,,,,,,,,,170.292,,,,,,
1931,22399239010497,2006,48.558537,-117.460966,51,2,,,,,,193.482,,,,,,,,,,221.368,,,,,,
1932,22399240010497,2006,48.576547,-117.432289,51,2,,,,,,36.112,,,,,,,,,,48.891,,,,,,
1933,22399241010497,2006,48.313369,-117.173345,51,2,,,,,,257.763,,,,,,,,,,281.105,,,,,,
1934,22399242010497,2006,48.744998,-117.307618,51,2,,,,,,188.228,,,,,,,,,,181.724,,,,,,
1935,22399243010497,2006,48.226245,-117.390918,51,2,,,,,,226.021,,,,,,,,,,280.305,,,,,,
1936,22399245010497,2006,47.050584,-121.703144,53,2,,,,,,79.815,,,,,,,,,,169.247,,,,,,
1937,22399246010497,2006,47.073143,-121.696536,53,2,,,,,,12.836,,,,,,,,,,10.882,,,,,,
1938,22399247010497,2006,47.083279,-121.740442,53,2,,,,,,123.272,,,,,,,,,,187.709,,,,,,
1939,22399248010497,2006,48.574878,-121.556779,57,2,,,,,,325.207,,,,,,,,,,361.213,,,,,,
1940,22399249010497,2006,48.35521,-121.738785,57,2,,,,,,317.579,,,,,,,,,,334.378,,,,,,
1941,22399250010497,2006,48.628607,-121.92529,57,2,,,,,,133.785,,,,,,,,,,141.076,,,,,,
1942,22399251010497,2006,48.45526,-121.818232,57,2,,,,,,412.356,,,,,,,,,,356.465,,,,,,
1943,22399252010497,2006,48.456654,-121.364847,57,2,,,,,,354.454,,,,,,,,,,371.199,,,,,,
1944,22399253010497,2006,48.574254,-121.621001,57,2,,,,,,289.471,,,,,,,,,,274.214,,,,,,
1945,22399254010497,2006,48.407431,-121.659356,57,2,,,,,,425.837,,,,,,,,,,351.856,,,,,,
1946,22399255010497,2006,48.302685,-121.702961,57,2,,,,,,696.979,,,,,,,,,,647.136,,,,,,
1947,22399256010497,2006,48.606437,-120.85205,57,2,,,,,,218.237,,,,,,,,,,233.797,,,,,,
1948,22399257010497,2006,48.47404,-121.2176,57,2,,,,,,321.357,,,,,,,,,,294.195,,,,,,
1949,22399258010497,2006,48.472566,-121.154925,57,2,,,,,,355.158,,,,,,,,,,448.58,,,,,,
1950,22399259010497,2006,48.525676,-121.474431,57,2,,,,,,236.85,,,,,,,,,,332.6,,,,,,
1951,22399261010497,2006,46.114023,-121.693502,59,2,,,,,,262.198,,,,,,,,,,276.45,,,,,,
1952,22399262010497,2006,45.79442,-121.728906,59,2,,,,,,300.537,,,,,,,,,,359.9,,,,,,
1953,22399265010497,2006,46.214622,-121.829771,59,2,,,,,,28.964,,,,,,,,,,106.675,,,,,,
1954,22399266010497,2006,46.371358,-122.067992,59,2,,,,,,270.93,,,,,,,,,,328.579,,,,,,
1955,22399267010497,2006,46.166367,-121.934558,59,2,,,,,,139.3,,,,,,,,,,205.526,,,,,,
1956,22399268010497,2006,46.064363,-121.901451,59,2,,,,,,513.871,,,,,,,,,,557.28,,,,,,
1957,22399269010497,2006,45.968704,-121.728207,59,2,,,,,,33.971,,,,,,,,,,77.486,,,,,,
1958,22399271010497,2006,46.117274,-121.726175,59,2,,,,,,221.791,,,,,,,,,,310.14,,,,,,
1959,22399272010497,2006,46.267641,-121.975363,59,2,,,,,,61.678,,,,,,,,,,118.838,,,,,,
1960,22399273010497,2006,46.215532,-121.686109,59,2,,,,,,600.325,,,,,,,,,,604.079,,,,,,
1961,22399274010497,2006,46.166449,-121.858223,59,2,,,,,,790.781,,,,,,,,,,891.784,,,,,,
1962,22399275010497,2006,46.163404,-121.893427,59,2,,,,,,410.113,,,,,,,,,,496.993,,,,,,
1963,22399276010497,2006,46.19217,-121.935361,59,2,,,,,,432.183,,,,,,,,,,399.116,,,,,,
1964,22399278010497,2006,45.823335,-122.195992,59,2,,,,,,295.711,,,,,,,,,,327.632,,,,,,
1965,22399279010497,2006,45.826381,-121.724037,59,2,,,,,,302.227,,,,,,,,,,389.014,,,,,,
1966,22399281010497,2006,45.821975,-122.083054,59,2,,,,,,80.935,,,,,,,,,,148.933,,,,,,
1967,22399282010497,2006,48.231848,-121.743488,61,2,,,,,,341.344,,,,,,,,,,428.429,,,,,,
1968,22399283010497,2006,48.040987,-121.634666,61,2,,,,,,109.377,,,,,,,,,,207.349,,,,,,
1969,22399284010497,2006,48.085727,-121.277139,61,2,,,,,,654.71,,,,,,,,,,503.415,,,,,,
1970,22399285010497,2006,48.255715,-121.524847,61,2,,,,,,318.07,,,,,,,,,,315.544,,,,,,
1971,22399286010497,2006,48.079423,-121.493181,61,2,,,,,,10.307,,,,,,,,,,14.166,,,,,,
1972,22399287010497,2006,47.913194,-121.454962,61,2,,,,,,396.016,,,,,,,,,,432.215,,,,,,
1973,22399288010497,2006,48.104623,-121.312239,61,2,,,,,,521.835,,,,,,,,,,493.96,,,,,,
1974,22399289010497,2006,48.031493,-121.610081,61,2,,,,,,150.096,,,,,,,,,,162.449,,,,,,
1975,22399290010497,2006,48.205845,-121.524808,61,2,,,,,,1258.281,,,,,,,,,,1360.103,,,,,,
1976,22399292010497,2006,48.206745,-121.371339,61,2,,,,,,208.357,,,,,,,,,,342.544,,,,,,
1977,22399295010497,2006,48.289178,-117.607953,65,2,,,,,,201.262,,,,,,,,,,184.508,,,,,,
1978,22399296010497,2006,48.9938,-117.91148,65,2,,,,,,5.225,,,,,,,,,,15.103,,,,,,
1979,22399297010497,2006,48.97538,-118.069149,65,2,,,,,,135.861,,,,,,,,,,120.428,,,,,,
1980,22399298010497,2006,48.411645,-117.558412,65,2,,,,,,67.654,,,,,,,,,,94.116,,,,,,
1981,22399299010497,2006,48.920144,-117.987624,65,2,,,,,,19.211,,,,,,,,,,25.741,,,,,,
1982,22399301010497,2006,48.868928,-121.618366,73,2,,,,,,151.033,,,,,,,,,,181.76,,,,,,
1983,22399302010497,2006,48.678972,-121.774697,73,2,,,,,,252.323,,,,,,,,,,279.322,,,,,,
1984,22399303010497,2006,48.926475,-121.919416,73,2,,,,,,290.698,,,,,,,,,,208.835,,,,,,
1985,22399305010497,2006,48.982751,-121.946391,73,2,,,,,,427.353,,,,,,,,,,314.815,,,,,,
1986,22399306010497,2006,48.702232,-121.879293,73,2,,,,,,205.381,,,,,,,,,,163.419,,,,,,
1987,22399307010497,2006,46.654488,-121.322508,77,2,,,,,,200.357,,,,,,,,,,220.302,,,,,,
1988,22399308010497,2006,46.74639,-121.106995,77,2,,,,,,81.794,,,,,,,,,,66.52,,,,,,
1989,22399309010497,2006,46.904953,-121.421818,77,2,,,,,,400.761,,,,,,,,,,310.05,,,,,,
1990,22399310010497,2006,46.360221,-121.506672,77,2,,,,,,12.441,,,,,,,,,,19.216,,,,,,
1991,22399312010497,2006,46.745181,-121.027848,77,2,,,,,,234.697,,,,,,,,,,236.899,,,,,,
1992,22399313010497,2006,46.062186,-121.435235,77,2,,,,,,154.457,,,,,,,,,,144.587,,,,,,
1993,22826482010497,2006,46.176664,-117.651792,13,2,,,,,,136.145,,,,,,,,,,101.488,,,,,,
1994,22827651010497,2006,48.592459,-120.032683,47,2,,,,,,49.615,,,,,,,,,,74.641,,,,,,
1995,22827758010497,2006,48.600176,-119.990087,47,2,,,,,,16.111,,,,,,,,,,26.466,,,,,,
1996,22954369010497,2006,46.03034,-117.806401,13,2,,,,,,50.192,,,,,,,,,,65.423,,,,,,
1997,22954398010497,2006,48.097561,-120.766553,7,2,,,,,,74.723,,,,,,,,,,48.845,,,,,,
1998,22954401010497,2006,46.211897,-117.508968,23,2,,,,,,99.576,,,,,,,,,,95.765,,,,,,
1999,22954402010497,2006,46.391874,-123.591404,49,2,,,,,,169.4,,,,,,,,,,246.801,,,,,,
2000,22954414010497,2006,46.475065,-123.434649,49,2,,,,,,95.086,,,,,,,,,,137.755,,,,,,
2001,22954463010497,2006,46.868869,-121.895696,53,2,,,,,,13.613,,,,,,,,,,22.732,,,,,,
2002,22954518010497,2006,47.131886,-121.439752,33,2,,,,,,7.517,,,,,,,,,,30.295,,,,,,
2003,22954529010497,2006,47.163242,-121.225501,37,2,,,,,,166.071,,,,,,,,,,180.004,,,,,,
2004,22954532010497,2006,47.233273,-121.649442,33,2,,,,,,314.556,,,,,,,,,,391.47,,,,,,
2005,22954559010497,2006,47.428776,-123.957373,27,2,,,,,,295.446,,,,,,,,,,268.347,,,,,,
2006,22954569010497,2006,47.463512,-121.140604,37,2,,,,,,93.614,,,,,,,,,,105.797,,,,,,
2007,22954571010497,2006,47.530556,-121.714951,33,2,,,,,,74.164,,,,,,,,,,115.973,,,,,,
2008,22954648010497,2006,47.845043,-117.269739,63,2,,,,,,46.675,,,,,,,,,,66.229,,,,,,
2009,22954680010497,2006,48.103896,-118.289819,19,2,,,,,,61.014,,,,,,,,,,76.29,,,,,,
2010,22954683010497,2006,48.304127,-120.58328,7,2,,,,,,95.981,,,,,,,,,,65.565,,,,,,
2011,22954785010497,2006,48.786716,-119.016904,47,2,,,,,,79.645,,,,,,,,,,104.023,,,,,,
2012,22954807010497,2006,48.833257,-117.657167,65,2,,,,,,56.314,,,,,,,,,,48.139,,,,,,
2013,22954812010497,2006,48.983632,-119.792538,47,2,,,,,,112.034,,,,,,,,,,74.865,,,,,,
2014,8601215010901,2006,46.186342,-117.837773,13,2,,,,,,25.891,,,,,,,,,,13.359,,,,,,
2015,8601444010901,2006,46.019661,-122.469605,15,2,,,,,,300.081,,,,,,,,,,349.914,,,,,,
2016,8601898010901,2006,46.186807,-123.019962,15,2,,,,,,110.365,,,,,,,,,,123.599,,,,,,
2017,8602092010901,2006,46.23974,-122.357393,15,2,,,,,,27.078,,,,,,,,,,91.537,,,,,,
2018,8602201010901,2006,46.290627,-123.032892,15,2,,,,,,109.881,,,,,,,,,,153.087,,,,,,
2019,8602309010901,2006,46.339867,-123.018408,15,2,,,,,,108.173,,,,,,,,,,219.443,,,,,,
2020,8602439010901,2006,46.293077,-122.89644,15,2,,,,,,195.757,,,,,,,,,,50.31,,,,,,
2021,8602576010901,2006,46.348749,-122.493697,15,2,,,,,,231.483,,,,,,,,,,292.08,,,,,,
2022,8603058010901,2006,48.16336,-118.652941,19,2,,,,,,96.378,,,,,,,,,,98.428,,,,,,
2023,8603138010901,2006,47.965415,-118.385206,19,2,,,,,,27.865,,,,,,,,,,52.381,,,,,,
2024,8603202010901,2006,48.057518,-118.567765,19,2,,,,,,76.143,,,,,,,,,,108.214,,,,,,
2025,8603298010901,2006,48.115518,-118.793736,19,2,,,,,,49.202,,,,,,,,,,63.243,,,,,,
2026,8603412010901,2006,48.136761,-118.395186,19,2,,,,,,55.955,,,,,,,,,,67.224,,,,,,
2027,8603504010901,2006,48.259828,-118.783912,19,2,,,,,,48.711,,,,,,,,,,37.468,,,,,,
2028,8603585010901,2006,48.243432,-118.594381,19,2,,,,,,64.969,,,,,,,,,,81.456,,,,,,
2029,8603672010901,2006,48.297313,-118.410788,19,2,,,,,,41.896,,,,,,,,,,77.4,,,,,,
2030,8603868010901,2006,48.113707,-118.7072,19,2,,,,,,34.87,,,,,,,,,,61.495,,,,,,
2031,8603953010901,2006,48.430406,-118.814691,19,2,,,,,,75.88,,,,,,,,,,72.503,,,,,,
2032,8604185010901,2006,48.454231,-118.447873,19,2,,,,,,204.941,,,,,,,,,,310.853,,,,,,
2033,8604281010901,2006,48.578093,-118.658103,19,2,,,,,,173.501,,,,,,,,,,195.302,,,,,,
2034,8604558010901,2006,48.564885,-118.297188,19,2,,,,,,96.964,,,,,,,,,,83.566,,,,,,
2035,8604814010901,2006,48.624654,-118.513581,19,2,,,,,,12.164,,,,,,,,,,25.588,,,,,,
2036,8604981010901,2006,48.623755,-118.131601,19,2,,,,,,28.83,,,,,,,,,,31.976,,,,,,
2037,8605189010901,2006,48.765839,-118.49142,19,2,,,,,,31.287,,,,,,,,,,49.172,,,,,,
2038,8605352010901,2006,48.738957,-118.305997,19,2,,,,,,234.252,,,,,,,,,,254.433,,,,,,
2039,8605545010901,2006,48.780877,-118.162759,19,2,,,,,,2.589,,,,,,,,,,0.659,,,,,,
2040,8605640010901,2006,48.88919,-118.68585,19,2,,,,,,101.256,,,,,,,,,,43.344,,,,,,
2041,8605721010901,2006,48.909719,-118.330896,19,2,,,,,,187.182,,,,,,,,,,173.497,,,,,,
2042,8605918010901,2006,48.94048,-118.508224,19,2,,,,,,142.687,,,,,,,,,,178.016,,,,,,
2043,8607086010901,2006,46.934841,-123.381285,27,2,,,,,,101.53,,,,,,,,,,176.982,,,,,,
2044,8607314010901,2006,46.980539,-123.17007,27,2,,,,,,224.844,,,,,,,,,,295.617,,,,,,
2045,8608037010901,2006,47.281709,-123.601248,27,2,,,,,,23.107,,,,,,,,,,69.305,,,,,,
2046,8608141010901,2006,47.321608,-124.171348,27,2,,,,,,73.901,,,,,,,,,,116.226,,,,,,
2047,8608289010901,2006,47.379235,-123.837486,27,2,,,,,,283.492,,,,,,,,,,257.458,,,,,,
2048,8608495010901,2006,47.379756,-124.020777,27,2,,,,,,33.909,,,,,,,,,,68.583,,,,,,
2049,8608687010901,2006,47.427376,-123.615688,27,2,,,,,,209.515,,,,,,,,,,136.494,,,,,,
2050,8608929010901,2006,47.428385,-124.172018,27,2,,,,,,18.857,,,,,,,,,,33.923,,,,,,
2051,8609172010901,2006,47.548579,-124.017698,31,2,,,,,,576.87,,,,,,,,,,483.949,,,,,,
2052,8609367010901,2006,47.525424,-123.830553,31,2,,,,,,381.35,,,,,,,,,,443.902,,,,,,
2053,8609564010901,2006,47.580428,-123.666379,31,2,,,,,,501.447,,,,,,,,,,421.692,,,,,,
2054,8609835010901,2006,47.670853,-124.248922,31,2,,,,,,182.524,,,,,,,,,,264.956,,,,,,
2055,8609953010901,2006,47.67897,-123.888681,31,2,,,,,,464.817,,,,,,,,,,354.883,,,,,,
2056,8610065010901,2006,47.718638,-124.101716,31,2,,,,,,507.423,,,,,,,,,,534.226,,,,,,
2057,8610184010901,2006,47.724648,-123.523255,31,2,,,,,,357.017,,,,,,,,,,330.775,,,,,,
2058,8610319010901,2006,47.76006,-123.161909,31,2,,,,,,118.902,,,,,,,,,,135.707,,,,,,
2059,8610439010901,2006,47.770459,-123.369467,31,2,,,,,,245.874,,,,,,,,,,222.949,,,,,,
2060,8610591010901,2006,47.821872,-124.259584,31,2,,,,,,610.222,,,,,,,,,,592.333,,,,,,
2061,8610691010901,2006,47.822369,-123.032794,31,2,,,,,,303.107,,,,,,,,,,251.39,,,,,,
2062,8610899010901,2006,47.81673,-124.460334,31,2,,,,,,104.545,,,,,,,,,,171.357,,,,,,
2063,8611003010901,2006,47.849466,-123.936318,31,2,,,,,,490.972,,,,,,,,,,468.481,,,,,,
2064,8611129010901,2006,47.865394,-124.095573,31,2,,,,,,432.766,,,,,,,,,,414.442,,,,,,
2065,8611282010901,2006,48.012913,-122.674731,31,2,,,,,,250.799,,,,,,,,,,344.315,,,,,,
2066,8611388010901,2006,47.288442,-121.479005,33,2,,,,,,24.803,,,,,,,,,,43.854,,,,,,
2067,8611606010901,2006,47.3765,-121.712739,33,2,,,,,,276.977,,,,,,,,,,255.245,,,,,,
2068,8611720010901,2006,47.430668,-121.85429,33,2,,,,,,257.176,,,,,,,,,,286.72,,,,,,
2069,8611843010901,2006,47.417901,-121.511668,33,2,,,,,,307.409,,,,,,,,,,339.677,,,,,,
2070,8612080010901,2006,47.521068,-122.080371,33,2,,,,,,328.444,,,,,,,,,,371.011,,,,,,
2071,8612169010901,2006,47.572174,-121.862508,33,2,,,,,,312.478,,,,,,,,,,421.167,,,,,,
2072,8612300010901,2006,47.564663,-121.362554,33,2,,,,,,225.793,,,,,,,,,,221.652,,,,,,
2073,8612489010901,2006,47.614095,-121.504631,33,2,,,,,,9.121,,,,,,,,,,21.334,,,,,,
2074,8612719010901,2006,47.636177,-121.177552,33,2,,,,,,170.083,,,,,,,,,,230.382,,,,,,
2075,8612980010901,2006,47.654403,-121.3628,33,2,,,,,,479.582,,,,,,,,,,497.196,,,,,,
2076,8613196010901,2006,47.717931,-121.70467,33,2,,,,,,204.561,,,,,,,,,,219.202,,,,,,
2077,8613276010901,2006,47.719872,-121.93354,33,2,,,,,,56.382,,,,,,,,,,111.379,,,,,,
2078,8613355010901,2006,47.733704,-121.398087,33,2,,,,,,503.107,,,,,,,,,,529.357,,,,,,
2079,8613561010901,2006,47.768124,-121.568571,33,2,,,,,,64.738,,,,,,,,,,75.131,,,,,,
2080,8613768010901,2006,47.616997,-122.789413,35,2,,,,,,267.253,,,,,,,,,,343.018,,,,,,
2081,8614179010901,2006,47.103412,-120.932706,37,2,,,,,,318.941,,,,,,,,,,338.996,,,,,,
2082,8614308010901,2006,47.133211,-121.06847,37,2,,,,,,25.817,,,,,,,,,,10.087,,,,,,
2083,8614440010901,2006,47.171215,-121.31064,37,2,,,,,,32.177,,,,,,,,,,67.05,,,,,,
2084,8614641010901,2006,47.181253,-120.235336,37,2,,,,,,5.98,,,,,,,,,,7.556,,,,,,
2085,8614672010901,2006,47.195084,-120.392575,37,2,,,,,,54.36,,,,,,,,,,76.386,,,,,,
2086,8614749010901,2006,47.274945,-121.305237,37,2,,,,,,81.423,,,,,,,,,,117.068,,,,,,
2087,8614909010901,2006,47.278495,-120.94824,37,2,,,,,,37.81,,,,,,,,,,65.359,,,,,,
2088,8615050010901,2006,47.303373,-120.569065,37,2,,,,,,111.908,,,,,,,,,,36.614,,,,,,
2089,8615300010901,2006,45.811634,-121.579334,39,2,,,,,,265.353,,,,,,,,,,299.121,,,,,,
2090,8615716010901,2006,45.930481,-121.424259,39,2,,,,,,224.34,,,,,,,,,,154.038,,,,,,
2091,8616066010901,2006,45.988311,-120.727232,39,2,,,,,,36.083,,,,,,,,,,76.281,,,,,,
2092,8616160010901,2006,46.024026,-120.908604,39,2,,,,,,98.427,,,,,,,,,,116.474,,,,,,
2093,8616235010901,2006,46.017385,-120.39202,39,2,,,,,,65.044,,,,,,,,,,79.307,,,,,,
2094,8616467010901,2006,46.390685,-121.825011,41,2,,,,,,353.318,,,,,,,,,,400.243,,,,,,
2095,8616803010901,2006,46.439731,-122.037492,41,2,,,,,,749.712,,,,,,,,,,832.052,,,,,,
2096,8617035010901,2006,46.432072,-121.468141,41,2,,,,,,394.169,,,,,,,,,,418.248,,,,,,
2097,8617249010901,2006,46.433494,-121.687429,41,2,,,,,,471.361,,,,,,,,,,382.054,,,,,,
2098,8617685010901,2006,46.535539,-122.212481,41,2,,,,,,136.469,,,,,,,,,,259.215,,,,,,
2099,8617791010901,2006,46.545707,-122.416346,41,2,,,,,,324.686,,,,,,,,,,358.662,,,,,,
2100,8617900010901,2006,46.560637,-121.856351,41,2,,,,,,366.508,,,,,,,,,,362.298,,,,,,
2101,8618114010901,2006,46.591032,-123.312838,41,2,,,,,,66.201,,,,,,,,,,147.942,,,,,,
2102,8618225010901,2006,46.586024,-122.058664,41,2,,,,,,18.788,,,,,,,,,,62.014,,,,,,
2103,8618349010901,2006,46.552698,-123.091602,41,2,,,,,,8.044,,,,,,,,,,155.015,,,,,,
2104,8618433010901,2006,46.582838,-121.534405,41,2,,,,,,525.334,,,,,,,,,,575.744,,,,,,
2105,8618666010901,2006,46.633971,-122.935851,41,2,,,,,,19.892,,,,,,,,,,25.964,,,,,,
2106,8618720010901,2006,46.627105,-121.388446,41,2,,,,,,279.314,,,,,,,,,,263.648,,,,,,
2107,8619011010901,2006,46.741384,-122.440878,41,2,,,,,,62.87,,,,,,,,,,168.448,,,,,,
2108,8619130010901,2006,46.689318,-122.229357,41,2,,,,,,2.031,,,,,,,,,,11.885,,,,,,
2109,8619237010901,2006,46.708529,-121.887079,41,2,,,,,,98.768,,,,,,,,,,155.708,,,,,,
2110,8619631010901,2006,46.756896,-123.312932,41,2,,,,,,38.231,,,,,,,,,,98.726,,,,,,
2111,8619726010901,2006,46.761385,-121.742357,41,2,,,,,,391.245,,,,,,,,,,393.278,,,,,,
2112,8620177010901,2006,47.809596,-118.380684,43,2,,,,,,27.459,,,,,,,,,,30.212,,,,,,
2113,8620460010901,2006,47.229393,-123.452319,45,2,,,,,,35.584,,,,,,,,,,105.669,,,,,,
2114,8620764010901,2006,47.374494,-123.466871,45,2,,,,,,31.405,,,,,,,,,,92.741,,,,,,
2115,8621073010901,2006,47.44818,-123.281881,45,2,,,,,,567.817,,,,,,,,,,619.084,,,,,,
2116,8621312010901,2006,47.482156,-122.943364,45,2,,,,,,208.878,,,,,,,,,,260.168,,,,,,
2117,8621399010901,2006,47.564521,-123.499574,45,2,,,,,,696.345,,,,,,,,,,716.817,,,,,,
2118,8621536010901,2006,47.600139,-123.152526,45,2,,,,,,283.878,,,,,,,,,,309.261,,,,,,
2119,8621937010901,2006,48.176809,-120.235374,47,2,,,,,,213.111,,,,,,,,,,181.756,,,,,,
2120,8622241010901,2006,48.220373,-118.931282,47,2,,,,,,11.21,,,,,,,,,,27.194,,,,,,
2121,8622315010901,2006,48.286868,-120.387392,47,2,,,,,,171.199,,,,,,,,,,162.871,,,,,,
2122,8622633010901,2006,48.325854,-120.230491,47,2,,,,,,48.656,,,,,,,,,,64.952,,,,,,
2123,8622977010901,2006,48.484329,-120.439272,47,2,,,,,,40.444,,,,,,,,,,53.736,,,,,,
2124,8623151010901,2006,48.406417,-119.141751,47,2,,,,,,17.099,,,,,,,,,,25.881,,,,,,
2125,8623242010901,2006,48.485328,-120.581539,47,2,,,,,,122.446,,,,,,,,,,98.604,,,,,,
2126,8623649010901,2006,48.517657,-119.733222,47,2,,,,,,62.031,,,,,,,,,,20.355,,,,,,
2127,8623724010901,2006,48.521608,-119.921793,47,2,,,,,,141.544,,,,,,,,,,37.453,,,,,,
2128,8623978010901,2006,48.568597,-119.581516,47,2,,,,,,1.058,,,,,,,,,,0.447,,,,,,
2129,8624089010901,2006,48.631582,-120.467415,47,2,,,,,,31.802,,,,,,,,,,35.431,,,,,,
2130,8624216010901,2006,48.649091,-120.098061,47,2,,,,,,92.18,,,,,,,,,,94.035,,,,,,
2131,8624376010901,2006,48.676322,-120.286379,47,2,,,,,,90.219,,,,,,,,,,100.5,,,,,,
2132,8624556010901,2006,48.669022,-119.724352,47,2,,,,,,191.455,,,,,,,,,,231.027,,,,,,
2133,8624672010901,2006,48.722429,-120.273998,47,2,,,,,,159.939,,,,,,,,,,171.274,,,,,,
2134,8624929010901,2006,48.69889,-119.949375,47,2,,,,,,88.907,,,,,,,,,,53.643,,,,,,
2135,8625160010901,2006,48.742969,-119.194815,47,2,,,,,,103.992,,,,,,,,,,121.228,,,,,,
2136,8625353010901,2006,48.682612,-119.019981,47,2,,,,,,76.081,,,,,,,,,,85.408,,,,,,
2137,8625568010901,2006,48.812431,-120.697142,47,2,,,,,,28.366,,,,,,,,,,35.333,,,,,,
2138,8625973010901,2006,48.825081,-120.352382,47,2,,,,,,150.422,,,,,,,,,,170.763,,,,,,
2139,8626429010901,2006,48.816453,-119.792996,47,2,,,,,,254.97,,,,,,,,,,232.529,,,,,,
2140,8626579010901,2006,48.88089,-119.041535,47,2,,,,,,14.891,,,,,,,,,,38.946,,,,,,
2141,8626678010901,2006,48.928429,-120.501501,47,2,,,,,,112.929,,,,,,,,,,135.509,,,,,,
2142,8626869010901,2006,48.985183,-120.714109,47,2,,,,,,402.839,,,,,,,,,,112.078,,,,,,
2143,8627111010901,2006,48.937684,-118.888027,47,2,,,,,,32.223,,,,,,,,,,39.322,,,,,,
2144,8627288010901,2006,48.968336,-120.335686,47,2,,,,,,156.58,,,,,,,,,,178.661,,,,,,
2145,8627613010901,2006,46.424471,-123.779113,49,2,,,,,,285.402,,,,,,,,,,309.449,,,,,,
2146,8627747010901,2006,46.56668,-123.630128,49,2,,,,,,0.437,,,,,,,,,,57.272,,,,,,
2147,8627839010901,2006,46.788053,-123.378085,49,2,,,,,,144.033,,,,,,,,,,181.677,,,,,,
2148,8628122010901,2006,46.790221,-123.526749,49,2,,,,,,9.798,,,,,,,,,,105.861,,,,,,
2149,8628235010901,2006,48.144502,-117.481255,51,2,,,,,,40.26,,,,,,,,,,51.478,,,,,,
2150,8628492010901,2006,48.316762,-117.205387,51,2,,,,,,132.097,,,,,,,,,,148.206,,,,,,
2151,8628712010901,2006,48.487703,-117.207068,51,2,,,,,,162.09,,,,,,,,,,218.52,,,,,,
2152,8628826010901,2006,48.495621,-117.364443,51,2,,,,,,204.028,,,,,,,,,,244.065,,,,,,
2153,8629026010901,2006,48.635439,-117.198841,51,2,,,,,,28.691,,,,,,,,,,49.846,,,,,,
2154,8629129010901,2006,48.681835,-117.037657,51,2,,,,,,93.173,,,,,,,,,,116.943,,,,,,
2155,8629253010901,2006,48.812679,-117.211709,51,2,,,,,,144.961,,,,,,,,,,40.396,,,,,,
2156,8629583010901,2006,48.959674,-117.278885,51,2,,,,,,215.39,,,,,,,,,,234.524,,,,,,
2157,8629785010901,2006,48.971266,-117.41754,51,2,,,,,,262.529,,,,,,,,,,303.086,,,,,,
2158,8629982010901,2006,46.884425,-121.932326,53,2,,,,,,79.121,,,,,,,,,,127.188,,,,,,
2159,8630086010901,2006,46.896665,-121.871507,53,2,,,,,,224.089,,,,,,,,,,212.302,,,,,,
2160,8630310010901,2006,46.914944,-121.595935,53,2,,,,,,396.495,,,,,,,,,,414.396,,,,,,
2161,8630424010901,2006,46.916258,-121.764598,53,2,,,,,,60.126,,,,,,,,,,78.027,,,,,,
2162,8630640010901,2006,47.038605,-122.497053,53,2,,,,,,489.446,,,,,,,,,,546.484,,,,,,
2163,8630754010901,2006,47.061006,-122.110991,53,2,,,,,,0.315,,,,,,,,,,60.604,,,,,,
2164,8631070010901,2006,47.078087,-121.808113,53,2,,,,,,510.232,,,,,,,,,,517.257,,,,,,
2165,8631262010901,2006,47.075755,-121.58642,53,2,,,,,,5.912,,,,,,,,,,16.776,,,,,,
2166,8631650010901,2006,48.652934,-122.828438,55,2,,,,,,285.528,,,,,,,,,,380.605,,,,,,
2167,8631873010901,2006,48.334582,-122.162629,57,2,,,,,,201.9,,,,,,,,,,302.326,,,,,,
2168,8632012010901,2006,48.379011,-122.050469,57,2,,,,,,107.277,,,,,,,,,,143.48,,,,,,
2169,8632170010901,2006,48.362033,-121.878448,57,2,,,,,,46.344,,,,,,,,,,88.381,,,,,,
2170,8632295010901,2006,48.411127,-121.697947,57,2,,,,,,354.059,,,,,,,,,,333.049,,,,,,
2171,8632713010901,2006,48.463697,-122.617198,57,2,,,,,,276.5,,,,,,,,,,262.274,,,,,,
2172,8632827010901,2006,48.506118,-121.877386,57,2,,,,,,48.381,,,,,,,,,,107.586,,,,,,
2173,8632925010901,2006,48.552363,-122.101043,57,2,,,,,,48.905,,,,,,,,,,163.44,,,,,,
2174,8633064010901,2006,48.552394,-121.545097,57,2,,,,,,204.382,,,,,,,,,,240.489,,,,,,
2175,8633261010901,2006,48.544328,-121.715576,57,2,,,,,,167.88,,,,,,,,,,154.339,,,,,,
2176,8633377010901,2006,48.600858,-121.34813,57,2,,,,,,280.293,,,,,,,,,,316.104,,,,,,
2177,8633475010901,2006,48.592662,-120.818287,57,2,,,,,,531.757,,,,,,,,,,555.702,,,,,,
2178,8633631010901,2006,48.602013,-121.551581,57,2,,,,,,328.71,,,,,,,,,,344.065,,,,,,
2179,8633856010901,2006,48.602997,-121.005766,57,2,,,,,,19.239,,,,,,,,,,2.289,,,,,,
2180,8634084010901,2006,45.785533,-121.910328,59,2,,,,,,48.766,,,,,,,,,,99.114,,,,,,
2181,8634178010901,2006,45.751344,-121.688965,59,2,,,,,,115.47,,,,,,,,,,190.114,,,,,,
2182,8634359010901,2006,45.900687,-122.116662,59,2,,,,,,171.769,,,,,,,,,,247.766,,,,,,
2183,8634562010901,2006,45.895904,-121.765719,59,2,,,,,,91.588,,,,,,,,,,103.722,,,,,,
2184,8634729010901,2006,45.947463,-121.905649,59,2,,,,,,410.852,,,,,,,,,,498.175,,,,,,
2185,8634943010901,2006,46.047627,-122.129522,59,2,,,,,,756.33,,,,,,,,,,795.861,,,,,,
2186,8635058010901,2006,46.073529,-121.796188,59,2,,,,,,387.452,,,,,,,,,,440.305,,,,,,
2187,8635221010901,2006,46.089006,-121.973866,59,2,,,,,,473.83,,,,,,,,,,513.013,,,,,,
2188,8635467010901,2006,46.136293,-121.619775,59,2,,,,,,361.668,,,,,,,,,,473.797,,,,,,
2189,8635734010901,2006,46.26792,-122.004493,59,2,,,,,,33.99,,,,,,,,,,112.026,,,,,,
2190,8635925010901,2006,46.241692,-121.826797,59,2,,,,,,463.958,,,,,,,,,,505.803,,,,,,
2191,8636114010901,2006,46.286683,-121.690814,59,2,,,,,,157.324,,,,,,,,,,249.019,,,,,,
2192,8636345010901,2006,46.383012,-121.751491,59,2,,,,,,381.828,,,,,,,,,,427.268,,,,,,
2193,8636584010901,2006,47.807781,-121.20862,61,2,,,,,,179.529,,,,,,,,,,221.738,,,,,,
2194,8636845010901,2006,47.84972,-122.060486,61,2,,,,,,331.731,,,,,,,,,,426.547,,,,,,
2195,8637011010901,2006,47.923646,-121.607819,61,2,,,,,,75.235,,,,,,,,,,106.555,,,,,,
2196,8637097010901,2006,47.964028,-121.279234,61,2,,,,,,412.596,,,,,,,,,,409.534,,,,,,
2197,8637349010901,2006,48.017197,-121.783247,61,2,,,,,,169.823,,,,,,,,,,146.943,,,,,,
2198,8637511010901,2006,48.054572,-121.421441,61,2,,,,,,271.514,,,,,,,,,,322.025,,,,,,
2199,8637698010901,2006,48.112211,-121.643443,61,2,,,,,,70.624,,,,,,,,,,52.247,,,,,,
2200,8637815010901,2006,48.108319,-121.269301,61,2,,,,,,65.575,,,,,,,,,,82.076,,,,,,
2201,8637978010901,2006,48.188973,-121.819244,61,2,,,,,,242.768,,,,,,,,,,272.613,,,,,,
2202,8638171010901,2006,48.217079,-122.020185,61,2,,,,,,65.116,,,,,,,,,,37.743,,,,,,
2203,8638262010901,2006,48.205813,-121.491973,61,2,,,,,,312.676,,,,,,,,,,391.213,,,,,,
2204,8638626010901,2006,48.249981,-121.120891,61,2,,,,,,203.727,,,,,,,,,,223.197,,,,,,
2205,8638793010901,2006,48.281698,-121.344223,61,2,,,,,,825.736,,,,,,,,,,953.07,,,,,,
2206,8639460010901,2006,47.791563,-117.492902,63,2,,,,,,92.268,,,,,,,,,,114.032,,,,,,
2207,8639642010901,2006,48.022972,-117.315489,63,2,,,,,,211.879,,,,,,,,,,231.575,,,,,,
2208,8639972010901,2006,48.002626,-118.013114,65,2,,,,,,160.863,,,,,,,,,,68.663,,,,,,
2209,8640526010901,2006,48.294715,-118.095556,65,2,,,,,,100.997,,,,,,,,,,113.214,,,,,,
2210,8640632010901,2006,48.335751,-117.712763,65,2,,,,,,45.551,,,,,,,,,,74.424,,,,,,
2211,8640902010901,2006,48.450664,-117.892489,65,2,,,,,,42.728,,,,,,,,,,44.693,,,,,,
2212,8640982010901,2006,48.490744,-118.093506,65,2,,,,,,77.768,,,,,,,,,,110.849,,,,,,
2213,8641090010901,2006,48.628286,-117.574207,65,2,,,,,,112.42,,,,,,,,,,147.602,,,,,,
2214,8641306010901,2006,48.637877,-117.763373,65,2,,,,,,84.315,,,,,,,,,,123.219,,,,,,
2215,8641564010901,2006,48.77582,-117.601902,65,2,,,,,,19.849,,,,,,,,,,30.01,,,,,,
2216,8641867010901,2006,48.939761,-117.952148,65,2,,,,,,63.133,,,,,,,,,,59.943,,,,,,
2217,8642058010901,2006,48.952852,-118.176854,65,2,,,,,,49.97,,,,,,,,,,43.694,,,,,,
2218,8642232010901,2006,48.933722,-117.578696,65,2,,,,,,7.755,,,,,,,,,,33.355,,,,,,
2219,8642354010901,2006,46.787203,-123.086224,67,2,,,,,,13.522,,,,,,,,,,92.166,,,,,,
2220,8642449010901,2006,46.777841,-122.939259,67,2,,,,,,115.274,,,,,,,,,,223.126,,,,,,
2221,8642760010901,2006,46.888205,-122.496125,67,2,,,,,,248.804,,,,,,,,,,185.942,,,,,,
2222,8643546010901,2006,48.680217,-122.486252,73,2,,,,,,414.783,,,,,,,,,,513.247,,,,,,
2223,8643642010901,2006,48.656684,-121.921355,73,2,,,,,,124.53,,,,,,,,,,86.232,,,,,,
2224,8644227010901,2006,48.752585,-121.183459,73,2,,,,,,534.28,,,,,,,,,,607.297,,,,,,
2225,8644549010901,2006,48.802832,-122.32931,73,2,,,,,,43.029,,,,,,,,,,109.255,,,,,,
2226,8644857010901,2006,48.899943,-121.766464,73,2,,,,,,319.791,,,,,,,,,,298.956,,,,,,
2227,8645269010901,2006,48.902084,-121.27144,73,2,,,,,,320.724,,,,,,,,,,375.192,,,,,,
2228,8645459010901,2006,48.990451,-122.024344,73,2,,,,,,3.992,,,,,,,,,,36.705,,,,,,
2229,8645944010901,2006,46.084559,-121.436613,77,2,,,,,,360.43,,,,,,,,,,234.683,,,,,,
2230,8646141010901,2006,46.161392,-121.259643,77,2,,,,,,113.835,,,,,,,,,,137.309,,,,,,
2231,8646439010901,2006,46.211503,-121.106146,77,2,,,,,,39.17,,,,,,,,,,97.155,,,,,,
2232,8646583010901,2006,46.284464,-121.472004,77,2,,,,,,97.375,,,,,,,,,,81.044,,,,,,
2233,8647117010901,2006,46.487217,-121.333926,77,2,,,,,,75.231,,,,,,,,,,119.641,,,,,,
2234,8647276010901,2006,46.50487,-120.988891,77,2,,,,,,25.099,,,,,,,,,,32.12,,,,,,
2235,8647455010901,2006,46.620403,-121.173132,77,2,,,,,,297.808,,,,,,,,,,295.719,,,,,,
2236,8647645010901,2006,46.673546,-121.029916,77,2,,,,,,197.859,,,,,,,,,,145.164,,,,,,
2237,8647911010901,2006,46.773377,-121.23394,77,2,,,,,,279.386,,,,,,,,,,189.68,,,,,,
2238,8648137010901,2006,46.773603,-121.388284,77,2,,,,,,275.316,,,,,,,,,,262.278,,,,,,
2239,8648570010901,2006,46.959636,-121.416707,77,2,,,,,,33.763,,,,,,,,,,43.58,,,,,,
2240,8648677010901,2006,46.975247,-121.073629,77,2,,,,,,38.499,,,,,,,,,,34.003,,,,,,
2241,8648778010901,2006,45.902948,-122.276874,11,2,,,,,,21.866,,,,,,,,,,83.875,,,,,,
2242,8649260010901,2006,46.183164,-117.310071,3,2,,,,,,11.638,,,,,,,,,,18.797,,,,,,
2243,8649647010901,2006,47.356927,-120.422178,7,2,,,,,,43.494,,,,,,,,,,50.875,,,,,,
2244,8649750010901,2006,47.454415,-120.639551,7,2,,,,,,36.744,,,,,,,,,,40.369,,,,,,
2245,8649944010901,2006,47.609895,-121.004102,7,2,,,,,,214.188,,,,,,,,,,273.262,,,,,,
2246,8650442010901,2006,47.672003,-120.482634,7,2,,,,,,68.342,,,,,,,,,,97.211,,,,,,
2247,8650592010901,2006,47.762126,-121.067759,7,2,,,,,,220.709,,,,,,,,,,237.407,,,,,,
2248,8650805010901,2006,47.797645,-120.69263,7,2,,,,,,242.299,,,,,,,,,,241.323,,,,,,
2249,8650980010901,2006,47.802716,-120.850509,7,2,,,,,,70.231,,,,,,,,,,78.826,,,,,,
2250,8651166010901,2006,47.797335,-120.328211,7,2,,,,,,28.025,,,,,,,,,,38.502,,,,,,
2251,8651353010901,2006,47.906348,-121.058726,7,2,,,,,,269.188,,,,,,,,,,296.088,,,,,,
2252,8651533010901,2006,47.948891,-120.76598,7,2,,,,,,125.631,,,,,,,,,,135.946,,,,,,
2253,8651715010901,2006,47.946083,-120.689081,7,2,,,,,,151.551,,,,,,,,,,157.398,,,,,,
2254,8652043010901,2006,47.999473,-120.545217,7,2,,,,,,17.077,,,,,,,,,,71.768,,,,,,
2255,8652360010901,2006,48.150163,-120.893441,7,2,,,,,,181.373,,,,,,,,,,139.477,,,,,,
2256,8652543010901,2006,48.142348,-120.38931,7,2,,,,,,31.841,,,,,,,,,,4.563,,,,,,
2257,8652732010901,2006,48.408412,-120.873805,7,2,,,,,,190.467,,,,,,,,,,168.324,,,,,,
2258,8652849010901,2006,48.455912,-120.955455,7,2,,,,,,32.934,,,,,,,,,,44.683,,,,,,
2259,8652932010901,2006,48.461548,-120.803745,7,2,,,,,,24.419,,,,,,,,,,28.951,,,,,,
2260,8653106010901,2006,47.920274,-123.228358,9,2,,,,,,249.786,,,,,,,,,,293.712,,,,,,
2261,8653229010901,2006,47.94935,-123.408563,9,2,,,,,,4.345,,,,,,,,,,9.741,,,,,,
2262,8653315010901,2006,47.969024,-123.036023,9,2,,,,,,558.186,,,,,,,,,,641.841,,,,,,
2263,8653675010901,2006,48.009639,-123.987794,9,2,,,,,,560.232,,,,,,,,,,617.006,,,,,,
2264,8654116010901,2006,48.079132,-124.684893,9,2,,,,,,244.108,,,,,,,,,,254.68,,,,,,
2265,8654442010901,2006,48.159572,-123.970484,9,2,,,,,,141.029,,,,,,,,,,84.604,,,,,,
2266,8654778010901,2006,45.752211,-122.25932,11,2,,,,,,338.017,,,,,,,,,,399.025,,,,,,
2267,8654998010901,2006,45.84132,-122.772755,11,2,,,,,,279.487,,,,,,,,,,257.334,,,,,,
2268,8655191010901,2006,48.700149,-121.548631,73,2,,,,,,128.093,,,,,,,,,,186.919,,,,,,
2269,193208966020004,2007,45.825544,-121.832059,59,2,,,,,,,665.244,,,,,,,,,,654.758,,,,,
2270,193208969020004,2007,47.550303,-123.98088,31,2,,,,,,,611.8,,,,,,,,,,631.051,,,,,
2271,193208973020004,2007,45.967295,-122.007292,59,2,,,,,,,151.706,,,,,,,,,,186.169,,,,,
2272,193208979020004,2007,48.04377,-124.019308,9,2,,,,,,,979.437,,,,,,,,,,1002.127,,,,,
2273,193208980020004,2007,48.031271,-121.455302,61,2,,,,,,,175.834,,,,,,,,,,155.38,,,,,
2274,193208985020004,2007,45.801355,-121.902115,59,2,,,,,,,154.249,,,,,,,,,,168.947,,,,,
2275,193208986020004,2007,47.768806,-122.999023,31,2,,,,,,,709.299,,,,,,,,,,732.814,,,,,
2276,193208989020004,2007,45.873608,-121.870959,59,2,,,,,,,112.141,,,,,,,,,,147.784,,,,,
2277,193208998020004,2007,47.60141,-123.832003,31,2,,,,,,,611.309,,,,,,,,,,642.716,,,,,
2278,193209014020004,2007,48.549458,-121.373948,57,2,,,,,,,32.525,,,,,,,,,,47.004,,,,,
2279,193209017020004,2007,47.801032,-123.041031,31,2,,,,,,,260.284,,,,,,,,,,288.436,,,,,
2280,193209020020004,2007,47.40737,-123.689681,27,2,,,,,,,153.185,,,,,,,,,,262.718,,,,,
2281,193209046020004,2007,45.796971,-121.793756,59,2,,,,,,,403.251,,,,,,,,,,461.623,,,,,
2282,193209047020004,2007,46.365475,-122.177672,59,2,,,,,,,214.229,,,,,,,,,,337.226,,,,,
2283,193209048020004,2007,46.363044,-121.897457,59,2,,,,,,,102.46,,,,,,,,,,154.02,,,,,
2284,193209059020004,2007,48.877781,-121.800455,73,2,,,,,,,23.469,,,,,,,,,,51.06,,,,,
2285,193209078020004,2007,45.993057,-121.935322,59,2,,,,,,,284.589,,,,,,,,,,297.149,,,,,
2286,193209080020004,2007,47.428998,-123.284153,45,2,,,,,,,139.379,,,,,,,,,,171.083,,,,,
2287,193209081020004,2007,47.450291,-123.872116,27,2,,,,,,,256.689,,,,,,,,,,250.189,,,,,
2288,193209083020004,2007,48.400159,-121.368291,57,2,,,,,,,326.61,,,,,,,,,,253.822,,,,,
2289,193209086020004,2007,46.510507,-121.601788,41,2,,,,,,,329.959,,,,,,,,,,250.038,,,,,
2290,193209094020004,2007,48.871296,-121.649147,73,2,,,,,,,139.955,,,,,,,,,,111.5,,,,,
2291,193209098020004,2007,46.457677,-121.681904,41,2,,,,,,,254.95,,,,,,,,,,256.523,,,,,
2292,193209117020004,2007,46.58172,-121.934288,41,2,,,,,,,348.065,,,,,,,,,,369.419,,,,,
2293,193209118020004,2007,48.9702,-118.099925,65,2,,,,,,,135.757,,,,,,,,,,154.062,,,,,
2294,193209122020004,2007,47.478118,-123.432845,45,2,,,,,,,263.832,,,,,,,,,,274.387,,,,,
2295,193209123020004,2007,47.477073,-123.29392,45,2,,,,,,,353.667,,,,,,,,,,326.278,,,,,
2296,193209125020004,2007,47.685401,-121.389458,33,2,,,,,,,279.91,,,,,,,,,,329.964,,,,,
2297,193209129020004,2007,45.921517,-121.945732,59,2,,,,,,,197.416,,,,,,,,,,264.713,,,,,
2298,193209139020004,2007,48.36257,-121.820219,57,2,,,,,,,207.297,,,,,,,,,,220.074,,,,,
2299,193209140020004,2007,48.358107,-121.674693,57,2,,,,,,,301.301,,,,,,,,,,227.89,,,,,
2300,193209141020004,2007,48.37818,-121.67101,57,2,,,,,,,305.722,,,,,,,,,,270.562,,,,,
2301,193209154020004,2007,47.990975,-124.285165,9,2,,,,,,,319.869,,,,,,,,,,425.055,,,,,
2302,193209155020004,2007,47.991403,-124.057567,9,2,,,,,,,60.827,,,,,,,,,,149.834,,,,,
2303,193209156020004,2007,48.231856,-121.486796,61,2,,,,,,,378.311,,,,,,,,,,462.841,,,,,
2304,193209169020004,2007,48.38428,-121.922605,57,2,,,,,,,100.02,,,,,,,,,,155.152,,,,,
2305,193209171020004,2007,46.104461,-117.894284,13,2,,,,,,,121.259,,,,,,,,,,155.631,,,,,
2306,193209183020004,2007,47.455085,-123.404482,45,2,,,,,,,34.589,,,,,,,,,,65.122,,,,,
2307,193209188020004,2007,46.10351,-117.827726,13,2,,,,,,,238.683,,,,,,,,,,297.976,,,,,
2308,193209197020004,2007,48.480279,-121.891882,57,2,,,,,,,351.053,,,,,,,,,,351.565,,,,,
2309,193209198020004,2007,46.059316,-117.972914,13,2,,,,,,,245.782,,,,,,,,,,188.217,,,,,
2310,193209200020004,2007,47.431613,-123.576647,27,2,,,,,,,405.731,,,,,,,,,,523.882,,,,,
2311,193209201020004,2007,48.732316,-121.807157,73,2,,,,,,,199.078,,,,,,,,,,207.744,,,,,
2312,193209206020004,2007,48.652367,-121.731911,73,2,,,,,,,494.012,,,,,,,,,,485.886,,,,,
2313,193209207020004,2007,48.513799,-120.512475,47,2,,,,,,,68.87,,,,,,,,,,65.632,,,,,
2314,193209209020004,2007,46.008795,-117.941804,13,2,,,,,,,322.078,,,,,,,,,,286.851,,,,,
2315,193209210020004,2007,47.99975,-123.031775,9,2,,,,,,,45.646,,,,,,,,,,116.046,,,,,
2316,193209214020004,2007,47.581559,-123.214108,45,2,,,,,,,79.52,,,,,,,,,,84.982,,,,,
2317,193209222020004,2007,48.472768,-121.183427,57,2,,,,,,,135.027,,,,,,,,,,181.383,,,,,
2318,193209224020004,2007,48.651673,-121.441388,73,2,,,,,,,476.957,,,,,,,,,,527.399,,,,,
2319,193209225020004,2007,45.730866,-122.194688,59,2,,,,,,,148.248,,,,,,,,,,202.186,,,,,
2320,193209232020004,2007,45.993339,-122.009657,59,2,,,,,,,245.018,,,,,,,,,,315.514,,,,,
2321,193209247020004,2007,47.645518,-124.025873,31,2,,,,,,,381.467,,,,,,,,,,418.881,,,,,
2322,193209253020004,2007,47.646542,-123.074525,31,2,,,,,,,380.274,,,,,,,,,,412.184,,,,,
2323,193209265020004,2007,47.998726,-123.107525,9,2,,,,,,,608.578,,,,,,,,,,660.033,,,,,
2324,193209269020004,2007,45.945611,-122.012196,59,2,,,,,,,215.051,,,,,,,,,,249.445,,,,,
2325,22826450010497,2007,46.082014,-117.801152,13,2,,,,,,,366.742,,,,,,,,,,405.397,,,,,
2326,22826470010497,2007,46.117439,-117.573649,23,2,,,,,,,248.991,,,,,,,,,,157.618,,,,,
2327,22826974010497,2007,47.628178,-117.069705,63,2,,,,,,,209.472,,,,,,,,,,237.363,,,,,
2328,22827000010497,2007,47.876162,-124.437369,31,2,,,,,,,194.582,,,,,,,,,,249.809,,,,,
2329,22827140010497,2007,48.19373,-121.045331,61,2,,,,,,,124.121,,,,,,,,,,37.221,,,,,
2330,22827319010497,2007,48.585834,-117.171606,51,2,,,,,,,217.603,,,,,,,,,,272.967,,,,,
2331,22827321010497,2007,48.773933,-121.734348,73,2,,,,,,,191.097,,,,,,,,,,214.447,,,,,
2332,22827425010497,2007,48.999297,-118.629441,19,2,,,,,,,57.171,,,,,,,,,,102.844,,,,,
2333,22827426010497,2007,48.10848,-120.244322,47,2,,,,,,,71.96,,,,,,,,,,120.532,,,,,
2334,22827427010497,2007,45.965479,-121.761915,59,2,,,,,,,410.881,,,,,,,,,,399.925,,,,,
2335,22827432010497,2007,45.870254,-121.969231,59,2,,,,,,,155.538,,,,,,,,,,185.855,,,,,
2336,22827433010497,2007,47.3009,-120.46008,7,2,,,,,,,142.778,,,,,,,,,,155.308,,,,,
2337,22827435010497,2007,46.415688,-122.011798,41,2,,,,,,,378.032,,,,,,,,,,438.303,,,,,
2338,22827436010497,2007,46.667376,-122.358847,41,2,,,,,,,8.922,,,,,,,,,,48.957,,,,,
2339,22827439010497,2007,47.882763,-120.983126,7,2,,,,,,,354.095,,,,,,,,,,373.669,,,,,
2340,22827441010497,2007,48.939974,-117.363704,51,2,,,,,,,40.64,,,,,,,,,,37.713,,,,,
2341,22827443010497,2007,48.286237,-117.090671,51,2,,,,,,,208.275,,,,,,,,,,300.795,,,,,
2342,22827444010497,2007,48.99933,-118.101991,65,2,,,,,,,51.516,,,,,,,,,,58.774,,,,,
2343,22827447010497,2007,48.991583,-118.427445,19,2,,,,,,,109.734,,,,,,,,,,91.074,,,,,
2344,22827448010497,2007,45.9721,-121.69378,59,2,,,,,,,149.793,,,,,,,,,,189.717,,,,,
2345,22827449010497,2007,48.813932,-119.935544,47,2,,,,,,,84.775,,,,,,,,,,35.587,,,,,
2346,22827450010497,2007,48.514362,-120.667085,7,2,,,,,,,29.763,,,,,,,,,,32.263,,,,,
2347,22827452010497,2007,48.750432,-120.165095,47,2,,,,,,,108.399,,,,,,,,,,103.695,,,,,
2348,22827454010497,2007,48.89808,-117.554229,65,2,,,,,,,143.114,,,,,,,,,,157.33,,,,,
2349,22827459010497,2007,47.972952,-120.72824,7,2,,,,,,,306.252,,,,,,,,,,153.4,,,,,
2350,22827465010497,2007,47.047797,-121.276165,77,2,,,,,,,273.597,,,,,,,,,,237.716,,,,,
2351,22827466010497,2007,48.090181,-121.783844,61,2,,,,,,,476.453,,,,,,,,,,550.92,,,,,
2352,22827467010497,2007,46.235092,-121.721855,59,2,,,,,,,89.285,,,,,,,,,,104.19,,,,,
2353,22827468010497,2007,48.037516,-120.284045,7,2,,,,,,,11.593,,,,,,,,,,17.551,,,,,
2354,22827470010497,2007,48.708254,-118.909809,47,2,,,,,,,128.832,,,,,,,,,,150.77,,,,,
2355,22827476010497,2007,46.467803,-121.851446,41,2,,,,,,,340.463,,,,,,,,,,359.716,,,,,
2356,22827482010497,2007,46.802263,-121.345168,77,2,,,,,,,422.15,,,,,,,,,,371.792,,,,,
2357,22827483010497,2007,48.770417,-117.45656,51,2,,,,,,,2.397,,,,,,,,,,4.456,,,,,
2358,22827484010497,2007,47.850006,-120.517057,7,2,,,,,,,10.655,,,,,,,,,,37.923,,,,,
2359,22827491010497,2007,48.064103,-120.569657,7,2,,,,,,,315.847,,,,,,,,,,363.628,,,,,
2360,22827498010497,2007,47.365262,-121.472874,33,2,,,,,,,6.198,,,,,,,,,,15.486,,,,,
2361,22827502010497,2007,48.598368,-118.47136,19,2,,,,,,,39.042,,,,,,,,,,61.718,,,,,
2362,22827505010497,2007,47.978903,-120.79519,7,2,,,,,,,90.117,,,,,,,,,,127.047,,,,,
2363,22827507010497,2007,48.449758,-117.40592,51,2,,,,,,,21.185,,,,,,,,,,58.744,,,,,
2364,22827508010497,2007,46.367151,-122.007879,59,2,,,,,,,207.417,,,,,,,,,,309.094,,,,,
2365,22827513010497,2007,45.916933,-121.689864,59,2,,,,,,,499.59,,,,,,,,,,496.322,,,,,
2366,22827515010497,2007,48.502343,-120.334877,47,2,,,,,,,131.216,,,,,,,,,,126.575,,,,,
2367,22827518010497,2007,48.800036,-117.597233,65,2,,,,,,,74.217,,,,,,,,,,70.458,,,,,
2368,22827527010497,2007,48.730989,-120.32282,47,2,,,,,,,8.942,,,,,,,,,,13.661,,,,,
2369,22827529010497,2007,46.725059,-121.064317,77,2,,,,,,,195.062,,,,,,,,,,172.025,,,,,
2370,22827530010497,2007,48.163534,-120.313489,47,2,,,,,,,140.827,,,,,,,,,,96.58,,,,,
2371,22827532010497,2007,47.728538,-120.69269,7,2,,,,,,,258.643,,,,,,,,,,282.785,,,,,
2372,22827537010497,2007,47.601398,-120.529877,7,2,,,,,,,126.98,,,,,,,,,,134.882,,,,,
2373,22827545010497,2007,48.849165,-117.55371,65,2,,,,,,,152.298,,,,,,,,,,113.246,,,,,
2374,22827548010497,2007,48.793455,-119.121683,47,2,,,,,,,119.554,,,,,,,,,,142.14,,,,,
2375,22827553010497,2007,47.438968,-121.431462,33,2,,,,,,,44.678,,,,,,,,,,29.65,,,,,
2376,22827555010497,2007,46.388832,-122.140972,41,2,,,,,,,392.063,,,,,,,,,,428.815,,,,,
2377,22827557010497,2007,48.863263,-119.865801,47,2,,,,,,,240.185,,,,,,,,,,233.451,,,,,
2378,22827561010497,2007,46.312212,-121.606307,59,2,,,,,,,774.57,,,,,,,,,,857.589,,,,,
2379,22827562010497,2007,48.565441,-119.068346,47,2,,,,,,,99.185,,,,,,,,,,109.523,,,,,
2380,22827564010497,2007,47.376406,-120.461515,7,2,,,,,,,87.532,,,,,,,,,,83.186,,,,,
2381,22827570010497,2007,47.537712,-121.503961,33,2,,,,,,,483.081,,,,,,,,,,556.488,,,,,
2382,22827572010497,2007,46.309347,-121.64654,59,2,,,,,,,241.708,,,,,,,,,,220.805,,,,,
2383,22827574010497,2007,47.359357,-120.818404,37,2,,,,,,,268.904,,,,,,,,,,246.281,,,,,
2384,22827577010497,2007,48.140138,-120.352796,7,2,,,,,,,299.922,,,,,,,,,,270.326,,,,,
2385,22827579010497,2007,46.239371,-117.463689,23,2,,,,,,,16.184,,,,,,,,,,26.053,,,,,
2386,22827583010497,2007,48.698156,-120.096927,47,2,,,,,,,40.377,,,,,,,,,,18.744,,,,,
2387,22827586010497,2007,48.616554,-118.982449,47,2,,,,,,,15.325,,,,,,,,,,47.423,,,,,
2388,22827588010497,2007,47.983387,-120.823178,7,2,,,,,,,20.405,,,,,,,,,,34.997,,,,,
2389,22827589010497,2007,47.851005,-121.027931,7,2,,,,,,,52.394,,,,,,,,,,47.028,,,,,
2390,22827591010497,2007,46.648214,-121.250099,77,2,,,,,,,314.139,,,,,,,,,,345.599,,,,,
2391,22827593010497,2007,48.60113,-120.506633,47,2,,,,,,,104.911,,,,,,,,,,90.962,,,,,
2392,22827594010497,2007,48.514702,-118.406404,19,2,,,,,,,205.054,,,,,,,,,,241.055,,,,,
2393,22827595010497,2007,46.073661,-121.499142,77,2,,,,,,,192.066,,,,,,,,,,238.282,,,,,
2394,22827598010497,2007,47.43277,-120.63741,7,2,,,,,,,17.934,,,,,,,,,,26.031,,,,,
2395,22827599010497,2007,48.072343,-120.536226,7,2,,,,,,,55.869,,,,,,,,,,65.104,,,,,
2396,22827603010497,2007,47.097607,-121.477966,53,2,,,,,,,49.836,,,,,,,,,,117.949,,,,,
2397,22827604010497,2007,48.567319,-118.327845,19,2,,,,,,,146.666,,,,,,,,,,106.3,,,,,
2398,22827605010497,2007,47.720147,-120.554485,7,2,,,,,,,104.627,,,,,,,,,,129.586,,,,,
2399,22827606010497,2007,47.028078,-121.555262,53,2,,,,,,,587.4,,,,,,,,,,588.262,,,,,
2400,22827608010497,2007,45.826012,-121.978585,59,2,,,,,,,419.272,,,,,,,,,,408.762,,,,,
2401,22827609010497,2007,47.339983,-120.896615,37,2,,,,,,,160.184,,,,,,,,,,149.975,,,,,
2402,22827610010497,2007,48.57779,-118.698025,19,2,,,,,,,255.683,,,,,,,,,,278.773,,,,,
2403,22827611010497,2007,48.549332,-120.108842,47,2,,,,,,,50.752,,,,,,,,,,48.98,,,,,
2404,22827612010497,2007,47.205137,-120.535453,37,2,,,,,,,27.151,,,,,,,,,,6.58,,,,,
2405,22827615010497,2007,47.878925,-120.83822,7,2,,,,,,,24.636,,,,,,,,,,23.71,,,,,
2406,22827618010497,2007,46.125528,-122.248339,15,2,,,,,,,219.634,,,,,,,,,,316.769,,,,,
2407,22827619010497,2007,48.637855,-118.392347,19,2,,,,,,,52.706,,,,,,,,,,56.278,,,,,
2408,22827621010497,2007,48.894261,-118.077844,65,2,,,,,,,106.33,,,,,,,,,,104.69,,,,,
2409,22827622010497,2007,46.998978,-121.624442,53,2,,,,,,,92.641,,,,,,,,,,165.705,,,,,
2410,22827625010497,2007,48.613564,-120.654215,47,2,,,,,,,31.578,,,,,,,,,,35.754,,,,,
2411,22827630010497,2007,48.513929,-119.031531,47,2,,,,,,,35.071,,,,,,,,,,11.326,,,,,
2412,22827631010497,2007,47.172771,-121.515454,33,2,,,,,,,481.009,,,,,,,,,,447.915,,,,,
2413,22827632010497,2007,47.848411,-120.589703,7,2,,,,,,,204.116,,,,,,,,,,76.945,,,,,
2414,22827635010497,2007,47.856471,-121.100044,7,2,,,,,,,635.706,,,,,,,,,,622.31,,,,,
2415,22827640010497,2007,47.872073,-120.686745,7,2,,,,,,,106.785,,,,,,,,,,128.809,,,,,
2416,22827645010497,2007,46.124468,-122.179104,59,2,,,,,,,517.396,,,,,,,,,,600.151,,,,,
2417,22827653010497,2007,47.176404,-121.478295,33,2,,,,,,,109.108,,,,,,,,,,148.855,,,,,
2418,22827654010497,2007,48.525808,-117.436641,51,2,,,,,,,140.377,,,,,,,,,,182.406,,,,,
2419,22827655010497,2007,45.804056,-121.942906,59,2,,,,,,,454.218,,,,,,,,,,432.045,,,,,
2420,22827657010497,2007,48.428772,-119.959915,47,2,,,,,,,85.42,,,,,,,,,,77.929,,,,,
2421,22827659010497,2007,48.485277,-117.220529,51,2,,,,,,,187.637,,,,,,,,,,222.557,,,,,
2422,22827666010497,2007,48.589613,-120.777396,57,2,,,,,,,99.205,,,,,,,,,,104.151,,,,,
2423,22827669010497,2007,48.706521,-120.277989,47,2,,,,,,,41.909,,,,,,,,,,60.132,,,,,
2424,22827672010497,2007,47.571519,-120.486187,7,2,,,,,,,27.351,,,,,,,,,,24.884,,,,,
2425,22827675010497,2007,48.665443,-119.870815,47,2,,,,,,,113.052,,,,,,,,,,136.297,,,,,
2426,22827678010497,2007,48.358821,-120.191915,47,2,,,,,,,208.852,,,,,,,,,,156.832,,,,,
2427,22827685010497,2007,48.906169,-118.14573,65,2,,,,,,,224.204,,,,,,,,,,261.762,,,,,
2428,22827688010497,2007,46.263532,-121.784202,59,2,,,,,,,336.517,,,,,,,,,,335.786,,,,,
2429,22827689010497,2007,48.308644,-120.304676,47,2,,,,,,,28.012,,,,,,,,,,26.608,,,,,
2430,22827692010497,2007,46.694167,-120.94923,77,2,,,,,,,127.351,,,,,,,,,,128.894,,,,,
2431,22827693010497,2007,47.941444,-120.506625,7,2,,,,,,,119.809,,,,,,,,,,176.735,,,,,
2432,22827704010497,2007,46.337395,-121.641121,59,2,,,,,,,119.821,,,,,,,,,,165.783,,,,,
2433,22827706010497,2007,48.678194,-120.154831,47,2,,,,,,,50.413,,,,,,,,,,72.715,,,,,
2434,22827707010497,2007,46.872687,-121.062845,77,2,,,,,,,33.15,,,,,,,,,,71.511,,,,,
2435,22827714010497,2007,48.396977,-119.93023,47,2,,,,,,,154.269,,,,,,,,,,138.615,,,,,
2436,22827723010497,2007,48.523585,-118.632698,19,2,,,,,,,175.782,,,,,,,,,,205.274,,,,,
2437,22827727010497,2007,48.655203,-118.172534,19,2,,,,,,,183.719,,,,,,,,,,217.107,,,,,
2438,22827728010497,2007,48.798413,-117.525927,51,2,,,,,,,168.505,,,,,,,,,,117.853,,,,,
2439,22827731010497,2007,47.815324,-120.327227,7,2,,,,,,,0.326,,,,,,,,,,1.336,,,,,
2440,22827744010497,2007,48.500766,-118.663893,19,2,,,,,,,34.136,,,,,,,,,,37.931,,,,,
2441,22827746010497,2007,48.469808,-117.37883,51,2,,,,,,,128.041,,,,,,,,,,172.33,,,,,
2442,22827749010497,2007,48.130171,-124.041974,9,2,,,,,,,424.652,,,,,,,,,,447.835,,,,,
2443,22827750010497,2007,48.87414,-118.705006,19,2,,,,,,,76.847,,,,,,,,,,125.567,,,,,
2444,22827753010497,2007,47.101221,-121.585655,53,2,,,,,,,236.307,,,,,,,,,,305.41,,,,,
2445,22827754010497,2007,48.208236,-120.270524,47,2,,,,,,,221.663,,,,,,,,,,181.814,,,,,
2446,22827756010497,2007,48.40851,-120.256924,47,2,,,,,,,103.65,,,,,,,,,,12.756,,,,,
2447,22827757010497,2007,47.258981,-120.60721,37,2,,,,,,,168.01,,,,,,,,,,106.188,,,,,
2448,22827760010497,2007,48.910472,-119.853788,47,2,,,,,,,86.232,,,,,,,,,,100.947,,,,,
2449,22827763010497,2007,47.051546,-121.557801,53,2,,,,,,,118.714,,,,,,,,,,153.197,,,,,
2450,22827764010497,2007,47.779711,-121.025617,7,2,,,,,,,26.621,,,,,,,,,,77.003,,,,,
2451,22827766010497,2007,48.755791,-117.559305,51,2,,,,,,,205.024,,,,,,,,,,209.458,,,,,
2452,22827767010497,2007,48.232794,-117.50916,65,2,,,,,,,30.631,,,,,,,,,,100.397,,,,,
2453,22827768010497,2007,47.961733,-123.949777,9,2,,,,,,,310.273,,,,,,,,,,344.258,,,,,
2454,22827773010497,2007,46.268887,-121.819553,59,2,,,,,,,328.683,,,,,,,,,,306.978,,,,,
2455,22827776010497,2007,48.523608,-119.177766,47,2,,,,,,,115.239,,,,,,,,,,117.585,,,,,
2456,22827778010497,2007,46.757563,-122.284537,41,2,,,,,,,115.666,,,,,,,,,,239.012,,,,,
2457,22827779010497,2007,47.397631,-121.621254,33,2,,,,,,,392.886,,,,,,,,,,382.335,,,,,
2458,22828583010497,2007,46.219725,-121.863182,59,2,,,,,,,163.113,,,,,,,,,,222.397,,,,,
2459,22828584010497,2007,47.838295,-120.9543,7,2,,,,,,,167.392,,,,,,,,,,198.739,,,,,
2460,22828585010497,2007,48.555293,-118.666136,19,2,,,,,,,14.73,,,,,,,,,,24.627,,,,,
2461,22828586010497,2007,46.432696,-121.709713,41,2,,,,,,,537.488,,,,,,,,,,604.662,,,,,
2462,22828588010497,2007,46.073332,-121.941238,59,2,,,,,,,396.19,,,,,,,,,,479.465,,,,,
2463,22828592010497,2007,48.883685,-118.819088,19,2,,,,,,,21.954,,,,,,,,,,16.611,,,,,
2464,22828593010497,2007,48.917807,-117.951899,65,2,,,,,,,112.508,,,,,,,,,,126.812,,,,,
2465,22828657010497,2007,48.669954,-117.790692,65,2,,,,,,,283.816,,,,,,,,,,299.969,,,,,
2466,22828659010497,2007,48.515836,-120.619154,47,2,,,,,,,14.89,,,,,,,,,,15.075,,,,,
2467,22828661010497,2007,48.837171,-118.341529,19,2,,,,,,,162.78,,,,,,,,,,156.42,,,,,
2468,22828662010497,2007,48.390303,-117.16039,51,2,,,,,,,129.427,,,,,,,,,,192.608,,,,,
2469,22954334010497,2007,45.688126,-122.022605,59,2,,,,,,,198.806,,,,,,,,,,197.353,,,,,
2470,22954335010497,2007,45.718051,-121.697004,59,2,,,,,,,520.17,,,,,,,,,,440.17,,,,,
2471,22954336010497,2007,45.717382,-121.171543,39,2,,,,,,,67.345,,,,,,,,,,83.635,,,,,
2472,22954339010497,2007,45.803081,-122.188896,59,2,,,,,,,259.57,,,,,,,,,,344.404,,,,,
2473,22954341010497,2007,45.827309,-121.864478,59,2,,,,,,,516.94,,,,,,,,,,337.719,,,,,
2474,22954342010497,2007,45.831215,-121.555197,39,2,,,,,,,538.571,,,,,,,,,,504.264,,,,,
2475,22954344010497,2007,45.869618,-121.728383,59,2,,,,,,,69.093,,,,,,,,,,69.985,,,,,
2476,22954345010497,2007,45.88681,-121.220855,39,2,,,,,,,109.473,,,,,,,,,,151.85,,,,,
2477,22954347010497,2007,45.880739,-121.360007,39,2,,,,,,,135.604,,,,,,,,,,212.675,,,,,
2478,22954349010497,2007,45.951845,-122.273813,11,2,,,,,,,160.941,,,,,,,,,,247.842,,,,,
2479,22954351010497,2007,45.934022,-120.5264,39,2,,,,,,,15.5,,,,,,,,,,19.616,,,,,
2480,22954352010497,2007,45.998729,-122.054843,59,2,,,,,,,414.082,,,,,,,,,,481.165,,,,,
2481,22954353010497,2007,45.997975,-121.899216,59,2,,,,,,,79.265,,,,,,,,,,117.428,,,,,
2482,22954356010497,2007,46.031446,-121.568377,39,2,,,,,,,257.675,,,,,,,,,,276.657,,,,,
2483,22954358010497,2007,46.042285,-121.761338,59,2,,,,,,,232.678,,,,,,,,,,271.175,,,,,
2484,22954359010497,2007,46.034111,-121.232801,39,2,,,,,,,112.353,,,,,,,,,,136.698,,,,,
2485,22954360010497,2007,46.092281,-122.630168,15,2,,,,,,,45.19,,,,,,,,,,179.772,,,,,
2486,22954364010497,2007,46.079533,-121.085231,77,2,,,,,,,163.726,,,,,,,,,,226.41,,,,,
2487,22954367010497,2007,46.145049,-121.969756,59,2,,,,,,,492.316,,,,,,,,,,560.354,,,,,
2488,22954368010497,2007,46.092472,-120.726615,77,2,,,,,,,61.566,,,,,,,,,,66.967,,,,,
2489,22954370010497,2007,46.025986,-117.653995,13,2,,,,,,,101.791,,,,,,,,,,20.939,,,,,
2490,22954372010497,2007,46.188622,-121.75567,59,2,,,,,,,455.642,,,,,,,,,,453.293,,,,,
2491,22954373010497,2007,46.191095,-121.616771,59,2,,,,,,,440.716,,,,,,,,,,462.218,,,,,
2492,22954374010497,2007,46.197131,-122.986787,15,2,,,,,,,92.511,,,,,,,,,,209.229,,,,,
2493,22954375010497,2007,46.212658,-121.437802,77,2,,,,,,,59.943,,,,,,,,,,71.335,,,,,
2494,22954376010497,2007,46.198319,-121.248379,77,2,,,,,,,22.034,,,,,,,,,,45.197,,,,,
2495,22954377010497,2007,46.115273,-117.949928,13,2,,,,,,,28.248,,,,,,,,,,40.85,,,,,
2496,22954378010497,2007,46.112699,-117.445366,3,2,,,,,,,278.721,,,,,,,,,,209.335,,,,,
2497,22954381010497,2007,46.345293,-122.642799,15,2,,,,,,,206.005,,,,,,,,,,269.032,,,,,
2498,22954384010497,2007,46.290693,-122.494116,15,2,,,,,,,307.805,,,,,,,,,,479.522,,,,,
2499,22954385010497,2007,46.298337,-122.328791,15,2,,,,,,,4.365,,,,,,,,,,15.824,,,,,
2500,22954386010497,2007,46.124499,-117.266303,3,2,,,,,,,139.788,,,,,,,,,,148.888,,,,,
2501,22954387010497,2007,46.340759,-123.886126,49,2,,,,,,,164.552,,,,,,,,,,260.159,,,,,
2502,22954388010497,2007,46.345398,-122.146729,59,2,,,,,,,0.64,,,,,,,,,,6.346,,,,,
2503,22954389010497,2007,46.29102,-121.960686,59,2,,,,,,,455.963,,,,,,,,,,440.773,,,,,
2504,22954391010497,2007,46.33651,-121.615419,59,2,,,,,,,316.181,,,,,,,,,,361.652,,,,,
2505,22954392010497,2007,46.37466,-123.560518,69,2,,,,,,,9.802,,,,,,,,,,17.075,,,,,
2506,22954394010497,2007,46.39307,-123.032123,41,2,,,,,,,35.275,,,,,,,,,,84.766,,,,,
2507,22954395010497,2007,46.369999,-121.7926,59,2,,,,,,,218.772,,,,,,,,,,295.487,,,,,
2508,22954396010497,2007,46.356146,-121.285974,77,2,,,,,,,6.995,,,,,,,,,,45.378,,,,,
2509,22954397010497,2007,48.134843,-121.603142,61,2,,,,,,,616.362,,,,,,,,,,597.595,,,,,
2510,22954399010497,2007,48.082916,-120.313669,7,2,,,,,,,26.51,,,,,,,,,,87.41,,,,,
2511,22954400010497,2007,46.247849,-117.803247,13,2,,,,,,,73.41,,,,,,,,,,127.663,,,,,
2512,22954407010497,2007,46.257449,-117.468044,23,2,,,,,,,55.563,,,,,,,,,,43.454,,,,,
2513,22954409010497,2007,46.40846,-121.10834,77,2,,,,,,,162.068,,,,,,,,,,172.92,,,,,
2514,22954416010497,2007,46.485252,-123.376243,49,2,,,,,,,199.593,,,,,,,,,,312.212,,,,,
2515,22954417010497,2007,46.485797,-122.139857,41,2,,,,,,,124.173,,,,,,,,,,52.77,,,,,
2516,22954418010497,2007,46.498342,-122.109216,41,2,,,,,,,298.975,,,,,,,,,,375.325,,,,,
2517,22954420010497,2007,46.486468,-121.680578,41,2,,,,,,,22.451,,,,,,,,,,48.175,,,,,
2518,22954421010497,2007,46.539575,-123.591211,49,2,,,,,,,57.997,,,,,,,,,,164.143,,,,,
2519,22954423010497,2007,48.057984,-118.159099,65,2,,,,,,,103.088,,,,,,,,,,150.964,,,,,
2520,22954426010497,2007,47.067627,-121.23471,37,2,,,,,,,188.507,,,,,,,,,,232.919,,,,,
2521,22954428010497,2007,46.506876,-121.825519,41,2,,,,,,,107.095,,,,,,,,,,126.174,,,,,
2522,22954429010497,2007,46.53058,-121.321816,77,2,,,,,,,473.87,,,,,,,,,,461.838,,,,,
2523,22954430010497,2007,46.556031,-124.040844,49,2,,,,,,,44.594,,,,,,,,,,58.574,,,,,
2524,22954431010497,2007,46.645078,-122.495852,41,2,,,,,,,128.28,,,,,,,,,,196.678,,,,,
2525,22954433010497,2007,46.577603,-121.143052,77,2,,,,,,,63.011,,,,,,,,,,111.71,,,,,
2526,22954434010497,2007,46.638549,-123.811529,49,2,,,,,,,43.328,,,,,,,,,,100.875,,,,,
2527,22954436010497,2007,46.638367,-122.016249,41,2,,,,,,,69.541,,,,,,,,,,82.184,,,,,
2528,22954438010497,2007,46.694439,-122.794354,41,2,,,,,,,82.42,,,,,,,,,,149.0,,,,,
2529,22954439010497,2007,46.631241,-122.215445,41,2,,,,,,,119.227,,,,,,,,,,221.179,,,,,
2530,22954440010497,2007,46.682809,-121.881487,41,2,,,,,,,88.406,,,,,,,,,,69.974,,,,,
2531,22954441010497,2007,46.661046,-121.715106,41,2,,,,,,,345.427,,,,,,,,,,433.799,,,,,
2532,22954445010497,2007,46.70987,-121.522975,41,2,,,,,,,421.031,,,,,,,,,,473.405,,,,,
2533,22954446010497,2007,46.678446,-121.313541,77,2,,,,,,,222.509,,,,,,,,,,180.016,,,,,
2534,22954447010497,2007,46.696551,-120.985588,77,2,,,,,,,94.353,,,,,,,,,,136.221,,,,,
2535,22954449010497,2007,46.737133,-122.929016,41,2,,,,,,,19.205,,,,,,,,,,13.255,,,,,
2536,22954451010497,2007,46.722253,-121.181211,77,2,,,,,,,253.026,,,,,,,,,,219.055,,,,,
2537,22954454010497,2007,46.758728,-122.395431,41,2,,,,,,,45.458,,,,,,,,,,150.844,,,,,
2538,22954460010497,2007,46.78851,-121.530952,53,2,,,,,,,440.407,,,,,,,,,,440.607,,,,,
2539,22954462010497,2007,46.862981,-123.12673,67,2,,,,,,,220.314,,,,,,,,,,313.681,,,,,
2540,22954465010497,2007,46.826766,-121.38663,77,2,,,,,,,176.599,,,,,,,,,,137.987,,,,,
2541,22954468010497,2007,46.908292,-122.464606,53,2,,,,,,,97.785,,,,,,,,,,18.866,,,,,
2542,22954469010497,2007,46.897487,-121.166389,77,2,,,,,,,59.759,,,,,,,,,,78.116,,,,,
2543,22954471010497,2007,46.926379,-122.64479,67,2,,,,,,,156.988,,,,,,,,,,202.837,,,,,
2544,22954472010497,2007,46.957599,-122.104965,53,2,,,,,,,4.046,,,,,,,,,,84.302,,,,,
2545,22954473010497,2007,46.929257,-120.871111,37,2,,,,,,,84.521,,,,,,,,,,103.97,,,,,
2546,22954475010497,2007,46.976771,-121.739393,53,2,,,,,,,363.763,,,,,,,,,,328.091,,,,,
2547,22954476010497,2007,47.009096,-123.703311,27,2,,,,,,,138.014,,,,,,,,,,234.12,,,,,
2548,22954477010497,2007,47.009159,-121.915172,53,2,,,,,,,161.4,,,,,,,,,,143.991,,,,,
2549,22954480010497,2007,47.471017,-121.99841,33,2,,,,,,,288.274,,,,,,,,,,380.938,,,,,
2550,22954481010497,2007,47.491888,-121.483025,33,2,,,,,,,424.137,,,,,,,,,,435.595,,,,,
2551,22954483010497,2007,47.548911,-122.903183,35,2,,,,,,,100.03,,,,,,,,,,107.31,,,,,
2552,22954484010497,2007,47.534898,-121.31238,33,2,,,,,,,532.712,,,,,,,,,,528.15,,,,,
2553,22954485010497,2007,47.511835,-121.135737,37,2,,,,,,,151.015,,,,,,,,,,78.746,,,,,
2554,22954488010497,2007,47.564982,-124.342986,31,2,,,,,,,33.13,,,,,,,,,,97.219,,,,,
2555,22954490010497,2007,47.584626,-122.750548,35,2,,,,,,,113.859,,,,,,,,,,215.123,,,,,
2556,22954491010497,2007,48.042919,-118.542205,19,2,,,,,,,158.342,,,,,,,,,,194.453,,,,,
2557,22954493010497,2007,48.161754,-121.786114,61,2,,,,,,,281.151,,,,,,,,,,336.088,,,,,
2558,22954494010497,2007,47.078356,-124.106611,27,2,,,,,,,29.625,,,,,,,,,,84.875,,,,,
2559,22954496010497,2007,47.080461,-120.883258,37,2,,,,,,,2.793,,,,,,,,,,6.933,,,,,
2560,22954497010497,2007,47.13828,-123.899845,27,2,,,,,,,126.845,,,,,,,,,,217.042,,,,,
2561,22954502010497,2007,47.636077,-122.041732,33,2,,,,,,,417.583,,,,,,,,,,499.638,,,,,
2562,22954504010497,2007,47.665677,-121.496232,33,2,,,,,,,171.857,,,,,,,,,,251.77,,,,,
2563,22954511010497,2007,47.766533,-124.037014,31,2,,,,,,,716.556,,,,,,,,,,620.73,,,,,
2564,22954512010497,2007,47.764623,-122.79523,31,2,,,,,,,201.723,,,,,,,,,,238.153,,,,,
2565,22954513010497,2007,47.719514,-124.392624,31,2,,,,,,,581.841,,,,,,,,,,544.713,,,,,
2566,22954514010497,2007,47.724683,-123.11546,31,2,,,,,,,491.874,,,,,,,,,,483.131,,,,,
2567,22954522010497,2007,47.179811,-122.871876,45,2,,,,,,,693.049,,,,,,,,,,718.963,,,,,
2568,22954523010497,2007,47.153942,-121.958214,53,2,,,,,,,83.445,,,,,,,,,,138.936,,,,,
2569,22954524010497,2007,47.133019,-121.780289,53,2,,,,,,,85.056,,,,,,,,,,146.337,,,,,
2570,22954527010497,2007,47.195154,-121.596229,33,2,,,,,,,58.452,,,,,,,,,,110.461,,,,,
2571,22954528010497,2007,47.176318,-121.43882,33,2,,,,,,,63.46,,,,,,,,,,177.015,,,,,
2572,22954531010497,2007,47.225574,-122.861025,45,2,,,,,,,101.82,,,,,,,,,,167.97,,,,,
2573,22954533010497,2007,47.225224,-121.238809,37,2,,,,,,,275.532,,,,,,,,,,315.215,,,,,
2574,22954534010497,2007,47.227906,-120.720386,37,2,,,,,,,132.093,,,,,,,,,,108.683,,,,,
2575,22954535010497,2007,47.071549,-123.373103,27,2,,,,,,,73.586,,,,,,,,,,154.484,,,,,
2576,22954538010497,2007,47.235032,-120.902091,37,2,,,,,,,154.732,,,,,,,,,,174.073,,,,,
2577,22954539010497,2007,47.219275,-120.359674,37,2,,,,,,,30.124,,,,,,,,,,27.56,,,,,
2578,22954541010497,2007,47.306017,-123.57783,27,2,,,,,,,114.133,,,,,,,,,,29.569,,,,,
2579,22954542010497,2007,47.288413,-122.336003,33,2,,,,,,,194.85,,,,,,,,,,180.513,,,,,
2580,22954544010497,2007,47.279041,-121.635134,33,2,,,,,,,44.053,,,,,,,,,,70.277,,,,,
2581,22954545010497,2007,47.256084,-120.575064,37,2,,,,,,,215.51,,,,,,,,,,24.997,,,,,
2582,22954546010497,2007,47.327222,-123.765912,27,2,,,,,,,463.799,,,,,,,,,,171.539,,,,,
2583,22954547010497,2007,47.330033,-123.238965,45,2,,,,,,,180.971,,,,,,,,,,239.565,,,,,
2584,22954548010497,2007,47.348208,-121.444558,37,2,,,,,,,113.305,,,,,,,,,,124.193,,,,,
2585,22954549010497,2007,47.293252,-120.227674,7,2,,,,,,,27.061,,,,,,,,,,36.383,,,,,
2586,22954550010497,2007,47.351251,-123.542799,27,2,,,,,,,99.919,,,,,,,,,,144.375,,,,,
2587,22954551010497,2007,47.380256,-123.394072,45,2,,,,,,,160.517,,,,,,,,,,248.271,,,,,
2588,22954553010497,2007,47.348867,-121.65473,33,2,,,,,,,430.599,,,,,,,,,,490.003,,,,,
2589,22954554010497,2007,47.361922,-121.112142,37,2,,,,,,,91.12,,,,,,,,,,97.998,,,,,
2590,22954556010497,2007,47.383896,-123.542843,27,2,,,,,,,139.778,,,,,,,,,,193.474,,,,,
2591,22954557010497,2007,47.367588,-121.293913,37,2,,,,,,,147.435,,,,,,,,,,151.08,,,,,
2592,22954558010497,2007,47.380237,-120.748099,37,2,,,,,,,28.494,,,,,,,,,,32.607,,,,,
2593,22954562010497,2007,47.403932,-120.426737,7,2,,,,,,,44.937,,,,,,,,,,53.622,,,,,
2594,22954565010497,2007,47.467631,-124.154618,27,2,,,,,,,17.36,,,,,,,,,,38.257,,,,,
2595,22954566010497,2007,47.481602,-123.610056,27,2,,,,,,,698.225,,,,,,,,,,573.719,,,,,
2596,22954568010497,2007,47.460766,-121.830111,33,2,,,,,,,183.147,,,,,,,,,,257.141,,,,,
2597,22954570010497,2007,47.426913,-120.591838,7,2,,,,,,,61.925,,,,,,,,,,76.928,,,,,
2598,22954572010497,2007,47.559317,-120.997969,7,2,,,,,,,18.032,,,,,,,,,,19.038,,,,,
2599,22954573010497,2007,47.562394,-120.920067,7,2,,,,,,,426.858,,,,,,,,,,399.545,,,,,
2600,22954574010497,2007,47.554539,-120.776648,7,2,,,,,,,145.797,,,,,,,,,,181.117,,,,,
2601,22954576010497,2007,47.622478,-124.180305,31,2,,,,,,,196.764,,,,,,,,,,278.603,,,,,
2602,22954577010497,2007,47.596905,-124.013914,31,2,,,,,,,261.814,,,,,,,,,,318.232,,,,,
2603,22954580010497,2007,47.708369,-121.000385,7,2,,,,,,,38.042,,,,,,,,,,54.781,,,,,
2604,22954584010497,2007,48.231964,-124.6972,9,2,,,,,,,406.115,,,,,,,,,,422.776,,,,,
2605,22954586010497,2007,48.230615,-121.809022,61,2,,,,,,,325.992,,,,,,,,,,344.686,,,,,
2606,22954587010497,2007,48.191387,-120.54226,7,2,,,,,,,3.87,,,,,,,,,,4.16,,,,,
2607,22954588010497,2007,48.160467,-118.719624,19,2,,,,,,,127.207,,,,,,,,,,159.658,,,,,
2608,22954592010497,2007,48.245627,-120.754802,7,2,,,,,,,133.622,,,,,,,,,,83.94,,,,,
2609,22954593010497,2007,48.175336,-118.390676,19,2,,,,,,,175.011,,,,,,,,,,185.455,,,,,
2610,22954596010497,2007,48.264268,-121.786102,61,2,,,,,,,304.282,,,,,,,,,,306.736,,,,,
2611,22954598010497,2007,48.262346,-120.356975,47,2,,,,,,,231.223,,,,,,,,,,135.399,,,,,
2612,22954599010497,2007,48.213229,-118.569871,19,2,,,,,,,139.014,,,,,,,,,,182.963,,,,,
2613,22954603010497,2007,47.776412,-121.863026,33,2,,,,,,,91.059,,,,,,,,,,137.777,,,,,
2614,22954609010497,2007,48.344136,-120.892987,7,2,,,,,,,116.895,,,,,,,,,,46.675,,,,,
2615,22954610010497,2007,48.338087,-120.527099,47,2,,,,,,,291.267,,,,,,,,,,252.945,,,,,
2616,22954612010497,2007,48.289081,-119.103738,47,2,,,,,,,153.487,,,,,,,,,,123.474,,,,,
2617,22954613010497,2007,48.243255,-117.863527,65,2,,,,,,,19.844,,,,,,,,,,54.292,,,,,
2618,22954614010497,2007,48.255931,-117.504391,65,2,,,,,,,311.695,,,,,,,,,,374.1,,,,,
2619,22954615010497,2007,48.399113,-121.115878,57,2,,,,,,,158.473,,,,,,,,,,212.781,,,,,
2620,22954616010497,2007,48.371909,-120.580383,7,2,,,,,,,107.208,,,,,,,,,,109.063,,,,,
2621,22954619010497,2007,47.846063,-123.007387,31,2,,,,,,,33.073,,,,,,,,,,107.877,,,,,
2622,22954621010497,2007,47.833898,-121.206664,61,2,,,,,,,78.855,,,,,,,,,,121.654,,,,,
2623,22954627010497,2007,47.846035,-120.828548,7,2,,,,,,,300.897,,,,,,,,,,342.914,,,,,
2624,22954628010497,2007,47.740269,-117.433514,63,2,,,,,,,20.89,,,,,,,,,,29.493,,,,,
2625,22954631010497,2007,47.912505,-124.083292,9,2,,,,,,,327.24,,,,,,,,,,335.578,,,,,
2626,22954632010497,2007,47.880278,-121.022143,7,2,,,,,,,212.795,,,,,,,,,,248.72,,,,,
2627,22954633010497,2007,47.890171,-120.470668,7,2,,,,,,,98.642,,,,,,,,,,168.875,,,,,
2628,22954636010497,2007,47.942628,-124.275869,9,2,,,,,,,120.483,,,,,,,,,,174.868,,,,,
2629,22954638010497,2007,47.959272,-122.388,29,2,,,,,,,170.117,,,,,,,,,,143.634,,,,,
2630,22954640010497,2007,47.945757,-121.912402,61,2,,,,,,,34.539,,,,,,,,,,121.839,,,,,
2631,22954641010497,2007,47.903048,-120.697796,7,2,,,,,,,165.114,,,,,,,,,,207.968,,,,,
2632,22954642010497,2007,47.939316,-120.327084,7,2,,,,,,,26.84,,,,,,,,,,32.129,,,,,
2633,22954644010497,2007,47.968945,-123.905814,9,2,,,,,,,1010.719,,,,,,,,,,963.462,,,,,
2634,22954650010497,2007,48.020989,-124.342727,9,2,,,,,,,663.495,,,,,,,,,,752.168,,,,,
2635,22954651010497,2007,48.021312,-123.585087,9,2,,,,,,,483.452,,,,,,,,,,582.721,,,,,
2636,22954653010497,2007,48.010138,-123.004985,9,2,,,,,,,170.664,,,,,,,,,,233.133,,,,,
2637,22954654010497,2007,48.014441,-121.427923,61,2,,,,,,,322.532,,,,,,,,,,231.374,,,,,
2638,22954659010497,2007,48.058056,-124.47974,9,2,,,,,,,194.089,,,,,,,,,,230.292,,,,,
2639,22954660010497,2007,48.088427,-122.859708,31,2,,,,,,,109.742,,,,,,,,,,225.956,,,,,
2640,22954662010497,2007,48.047025,-120.534918,7,2,,,,,,,218.824,,,,,,,,,,229.088,,,,,
2641,22954666010497,2007,48.064261,-124.10991,9,2,,,,,,,440.542,,,,,,,,,,508.311,,,,,
2642,22954668010497,2007,48.113571,-121.936785,61,2,,,,,,,46.552,,,,,,,,,,116.209,,,,,
2643,22954670010497,2007,48.093216,-120.168594,47,2,,,,,,,88.434,,,,,,,,,,131.931,,,,,
2644,22954672010497,2007,47.94626,-117.106546,63,2,,,,,,,360.48,,,,,,,,,,362.157,,,,,
2645,22954673010497,2007,48.144222,-123.958795,9,2,,,,,,,323.077,,,,,,,,,,315.306,,,,,
2646,22954674010497,2007,48.119408,-123.745292,9,2,,,,,,,244.367,,,,,,,,,,275.303,,,,,
2647,22954675010497,2007,48.116228,-123.075585,9,2,,,,,,,128.833,,,,,,,,,,160.424,,,,,
2648,22954677010497,2007,48.196872,-124.504207,9,2,,,,,,,169.944,,,,,,,,,,269.873,,,,,
2649,22954678010497,2007,48.179309,-121.414588,61,2,,,,,,,92.018,,,,,,,,,,78.774,,,,,
2650,22954679010497,2007,48.198642,-120.89479,7,2,,,,,,,8.021,,,,,,,,,,12.135,,,,,
2651,22954681010497,2007,48.094862,-117.795701,65,2,,,,,,,53.847,,,,,,,,,,80.43,,,,,
2652,22954682010497,2007,48.305793,-121.8148,57,2,,,,,,,508.292,,,,,,,,,,545.692,,,,,
2653,22954684010497,2007,48.277156,-120.005178,47,2,,,,,,,54.006,,,,,,,,,,45.644,,,,,
2654,22954685010497,2007,48.271049,-119.440353,47,2,,,,,,,52.117,,,,,,,,,,74.504,,,,,
2655,22954687010497,2007,48.192267,-117.644854,65,2,,,,,,,92.907,,,,,,,,,,101.051,,,,,
2656,22954689010497,2007,48.351729,-121.500037,57,2,,,,,,,229.191,,,,,,,,,,260.083,,,,,
2657,22954690010497,2007,48.359304,-118.918795,47,2,,,,,,,58.317,,,,,,,,,,9.834,,,,,
2658,22954691010497,2007,48.699227,-118.759946,19,2,,,,,,,178.983,,,,,,,,,,121.83,,,,,
2659,22954693010497,2007,48.27147,-117.123657,51,2,,,,,,,58.079,,,,,,,,,,80.252,,,,,
2660,22954694010497,2007,48.453437,-122.238486,57,2,,,,,,,115.461,,,,,,,,,,76.402,,,,,
2661,22954695010497,2007,48.403884,-122.00743,57,2,,,,,,,47.484,,,,,,,,,,95.589,,,,,
2662,22954696010497,2007,48.421594,-120.364605,47,2,,,,,,,43.752,,,,,,,,,,35.692,,,,,
2663,22954702010497,2007,48.773096,-122.2838,73,2,,,,,,,261.228,,,,,,,,,,378.506,,,,,
2664,22954704010497,2007,48.717434,-119.909228,47,2,,,,,,,49.057,,,,,,,,,,49.863,,,,,
2665,22954705010497,2007,48.413502,-119.216264,47,2,,,,,,,78.013,,,,,,,,,,90.383,,,,,
2666,22954706010497,2007,48.395055,-118.215629,19,2,,,,,,,311.683,,,,,,,,,,327.7,,,,,
2667,22954708010497,2007,48.498458,-121.505813,57,2,,,,,,,149.337,,,,,,,,,,146.986,,,,,
2668,22954711010497,2007,48.385509,-117.869569,65,2,,,,,,,32.538,,,,,,,,,,43.099,,,,,
2669,22954712010497,2007,48.391168,-117.672978,65,2,,,,,,,82.413,,,,,,,,,,98.847,,,,,
2670,22954714010497,2007,48.561984,-122.961729,55,2,,,,,,,17.002,,,,,,,,,,21.689,,,,,
2671,22954715010497,2007,48.492358,-119.313148,47,2,,,,,,,102.508,,,,,,,,,,36.52,,,,,
2672,22954716010497,2007,48.456663,-118.775011,19,2,,,,,,,45.629,,,,,,,,,,3.142,,,,,
2673,22954717010497,2007,48.401159,-117.521568,65,2,,,,,,,109.112,,,,,,,,,,190.682,,,,,
2674,22954719010497,2007,48.565149,-120.767622,57,2,,,,,,,169.193,,,,,,,,,,187.552,,,,,
2675,22954720010497,2007,48.554753,-120.243773,47,2,,,,,,,63.172,,,,,,,,,,76.906,,,,,
2676,22954721010497,2007,48.48599,-118.960389,47,2,,,,,,,22.12,,,,,,,,,,52.118,,,,,
2677,22954722010497,2007,48.493772,-118.402526,19,2,,,,,,,185.693,,,,,,,,,,204.351,,,,,
2678,22954727010497,2007,48.622737,-121.689378,57,2,,,,,,,145.279,,,,,,,,,,221.122,,,,,
2679,22954754010497,2007,48.529997,-118.588553,19,2,,,,,,,130.539,,,,,,,,,,158.414,,,,,
2680,22954755010497,2007,48.518113,-118.070751,65,2,,,,,,,164.576,,,,,,,,,,158.82,,,,,
2681,22954756010497,2007,48.655827,-121.892572,73,2,,,,,,,152.672,,,,,,,,,,218.196,,,,,
2682,22954757010497,2007,48.624236,-120.07237,47,2,,,,,,,68.911,,,,,,,,,,59.031,,,,,
2683,22954759010497,2007,48.533951,-117.727436,65,2,,,,,,,174.064,,,,,,,,,,196.524,,,,,
2684,22954760010497,2007,48.665492,-122.810686,55,2,,,,,,,596.688,,,,,,,,,,654.101,,,,,
2685,22954762010497,2007,48.604675,-119.141292,47,2,,,,,,,30.604,,,,,,,,,,36.116,,,,,
2686,22954763010497,2007,48.583088,-117.87515,65,2,,,,,,,20.362,,,,,,,,,,28.067,,,,,
2687,22954765010497,2007,48.710975,-123.033418,55,2,,,,,,,289.993,,,,,,,,,,398.818,,,,,
2688,22954766010497,2007,48.698257,-122.465057,73,2,,,,,,,406.374,,,,,,,,,,517.44,,,,,
2689,22954767010497,2007,48.703844,-121.922332,73,2,,,,,,,238.084,,,,,,,,,,253.614,,,,,
2690,22954768010497,2007,48.707167,-121.176503,73,2,,,,,,,89.127,,,,,,,,,,135.572,,,,,
2691,22954771010497,2007,48.582302,-117.504471,65,2,,,,,,,99.182,,,,,,,,,,141.546,,,,,
2692,22954772010497,2007,48.74577,-122.628349,73,2,,,,,,,43.053,,,,,,,,,,65.63,,,,,
2693,22954773010497,2007,48.749406,-122.085069,73,2,,,,,,,359.405,,,,,,,,,,435.296,,,,,
2694,22954774010497,2007,48.738861,-120.80164,73,2,,,,,,,69.149,,,,,,,,,,47.107,,,,,
2695,22954776010497,2007,48.669362,-118.431215,19,2,,,,,,,107.44,,,,,,,,,,108.691,,,,,
2696,22954777010497,2007,48.802382,-121.919293,73,2,,,,,,,30.972,,,,,,,,,,46.507,,,,,
2697,22954778010497,2007,48.774391,-120.049512,47,2,,,,,,,55.004,,,,,,,,,,51.664,,,,,
2698,22954779010497,2007,48.793782,-119.722196,47,2,,,,,,,50.236,,,,,,,,,,74.314,,,,,
2699,22954780010497,2007,48.711106,-118.265904,19,2,,,,,,,99.689,,,,,,,,,,68.027,,,,,
2700,22954781010497,2007,48.689731,-117.748168,65,2,,,,,,,0.474,,,,,,,,,,22.229,,,,,
2701,22954782010497,2007,48.829673,-121.022469,73,2,,,,,,,59.735,,,,,,,,,,117.74,,,,,
2702,22954784010497,2007,48.788215,-119.164357,47,2,,,,,,,121.337,,,,,,,,,,103.713,,,,,
2703,22954786010497,2007,48.73888,-117.869156,65,2,,,,,,,62.49,,,,,,,,,,68.426,,,,,
2704,22954787010497,2007,48.725948,-117.522317,51,2,,,,,,,76.989,,,,,,,,,,108.822,,,,,
2705,22954788010497,2007,48.717435,-117.342002,51,2,,,,,,,122.91,,,,,,,,,,175.436,,,,,
2706,22954790010497,2007,48.830573,-120.655429,47,2,,,,,,,35.431,,,,,,,,,,38.734,,,,,
2707,22954791010497,2007,48.836597,-119.014225,47,2,,,,,,,44.178,,,,,,,,,,65.388,,,,,
2708,22954792010497,2007,48.800507,-118.825643,19,2,,,,,,,41.996,,,,,,,,,,53.007,,,,,
2709,22954794010497,2007,48.763784,-117.183306,51,2,,,,,,,306.307,,,,,,,,,,352.992,,,,,
2710,22954795010497,2007,48.897361,-122.103444,73,2,,,,,,,143.908,,,,,,,,,,213.406,,,,,
2711,22954800010497,2007,48.952737,-121.761747,73,2,,,,,,,229.479,,,,,,,,,,281.974,,,,,
2712,22954801010497,2007,48.923089,-120.129119,47,2,,,,,,,107.005,,,,,,,,,,131.4,,,,,
2713,22954802010497,2007,48.91827,-119.90199,47,2,,,,,,,158.267,,,,,,,,,,62.604,,,,,
2714,22954804010497,2007,48.89791,-119.301692,47,2,,,,,,,101.512,,,,,,,,,,100.327,,,,,
2715,22954805010497,2007,48.857428,-118.260181,19,2,,,,,,,148.137,,,,,,,,,,174.494,,,,,
2716,22954808010497,2007,48.99114,-121.04765,73,2,,,,,,,128.161,,,,,,,,,,143.879,,,,,
2717,22954809010497,2007,48.961899,-119.791788,47,2,,,,,,,45.303,,,,,,,,,,49.053,,,,,
2718,22954813010497,2007,48.879302,-117.547545,65,2,,,,,,,27.223,,,,,,,,,,34.565,,,,,
2719,22954817010497,2007,48.898315,-117.200907,51,2,,,,,,,170.793,,,,,,,,,,150.648,,,,,
2720,29394732010497,2007,48.005019,-121.193483,61,2,,,,,,,8.191,,,,,,,,,,14.555,,,,,
2721,29394733010497,2007,48.15689,-121.272468,61,2,,,,,,,318.723,,,,,,,,,,233.588,,,,,
2722,29394734010497,2007,48.301106,-121.264909,57,2,,,,,,,553.273,,,,,,,,,,544.518,,,,,
2723,29394738010497,2007,48.849419,-121.189391,73,2,,,,,,,180.394,,,,,,,,,,199.492,,,,,
2724,29394740010497,2007,48.977387,-118.851878,47,2,,,,,,,94.455,,,,,,,,,,104.805,,,,,
2725,29394748010497,2007,46.37874,-121.46009,77,2,,,,,,,493.47,,,,,,,,,,480.254,,,,,
2726,22930902010497,2008,45.988915,-121.006304,39,2,,,,,,,,22.827,,,,,,,,,,33.008,,,,
2727,22930907010497,2008,45.989253,-120.646194,39,2,,,,,,,,35.028,,,,,,,,,,40.109,,,,
2728,22930911010497,2008,46.017322,-120.838127,39,2,,,,,,,,164.955,,,,,,,,,,180.518,,,,
2729,22930914010497,2008,46.089581,-122.769292,15,2,,,,,,,,54.76,,,,,,,,,,122.292,,,,
2730,22930916010497,2008,46.092051,-121.689698,59,2,,,,,,,,398.14,,,,,,,,,,435.198,,,,
2731,22930920010497,2008,46.092743,-121.902415,59,2,,,,,,,,439.31,,,,,,,,,,480.057,,,,
2732,22930933010497,2008,46.174941,-122.943664,15,2,,,,,,,,25.349,,,,,,,,,,60.625,,,,
2733,22930936010497,2008,46.178015,-121.199817,77,2,,,,,,,,48.401,,,,,,,,,,59.756,,,,
2734,22930941010497,2008,46.064545,-117.440527,3,2,,,,,,,,3.321,,,,,,,,,,1.042,,,,
2735,22930942010497,2008,46.04146,-117.409175,3,2,,,,,,,,140.995,,,,,,,,,,194.263,,,,
2736,22930944010497,2008,46.220293,-122.073077,59,2,,,,,,,,72.103,,,,,,,,,,115.343,,,,
2737,22930949010497,2008,46.250253,-122.249749,15,2,,,,,,,,14.368,,,,,,,,,,33.298,,,,
2738,22930950010497,2008,46.269456,-121.936242,59,2,,,,,,,,36.792,,,,,,,,,,105.114,,,,
2739,22930951010497,2008,46.239864,-121.749401,59,2,,,,,,,,125.484,,,,,,,,,,92.724,,,,
2740,22930956010497,2008,46.136987,-117.908274,13,2,,,,,,,,72.802,,,,,,,,,,71.162,,,,
2741,22930959010497,2008,46.287602,-121.613758,59,2,,,,,,,,133.108,,,,,,,,,,143.348,,,,
2742,22930964010497,2008,46.168718,-117.576185,23,2,,,,,,,,103.345,,,,,,,,,,83.133,,,,
2743,22930965010497,2008,46.289629,-123.306461,69,2,,,,,,,,95.889,,,,,,,,,,158.14,,,,
2744,22930968010497,2008,46.289174,-121.096432,77,2,,,,,,,,58.394,,,,,,,,,,83.966,,,,
2745,22930972010497,2008,46.19602,-117.744578,13,2,,,,,,,,16.12,,,,,,,,,,16.331,,,,
2746,22930974010497,2008,46.36583,-122.637023,15,2,,,,,,,,0.734,,,,,,,,,,62.769,,,,
2747,22930985010497,2008,46.386773,-122.286232,41,2,,,,,,,,121.929,,,,,,,,,,217.541,,,,
2748,22930992010497,2008,46.442559,-123.741344,49,2,,,,,,,,94.326,,,,,,,,,,200.962,,,,
2749,22930995010497,2008,46.44148,-121.967734,41,2,,,,,,,,450.176,,,,,,,,,,452.033,,,,
2750,22931007010497,2008,46.33238,-117.622721,13,2,,,,,,,,16.315,,,,,,,,,,19.062,,,,
2751,22931008010497,2008,46.493372,-123.023256,41,2,,,,,,,,127.274,,,,,,,,,,194.853,,,,
2752,22931010010497,2008,46.483068,-121.264402,77,2,,,,,,,,290.935,,,,,,,,,,256.186,,,,
2753,22931019010497,2008,46.502594,-121.908371,41,2,,,,,,,,81.631,,,,,,,,,,90.345,,,,
2754,22931027010497,2008,46.495078,-123.300155,41,2,,,,,,,,1.695,,,,,,,,,,15.723,,,,
2755,22931036010497,2008,46.591553,-121.98848,41,2,,,,,,,,70.499,,,,,,,,,,134.431,,,,
2756,22931043010497,2008,46.642339,-121.63826,41,2,,,,,,,,82.47,,,,,,,,,,118.821,,,,
2757,22931053010497,2008,46.631018,-121.323886,77,2,,,,,,,,246.743,,,,,,,,,,165.399,,,,
2758,22931054010497,2008,46.673784,-120.962861,77,2,,,,,,,,122.566,,,,,,,,,,142.333,,,,
2759,22931060010497,2008,46.728671,-122.365535,41,2,,,,,,,,145.109,,,,,,,,,,208.92,,,,
2760,22931066010497,2008,46.729564,-123.593572,49,2,,,,,,,,207.725,,,,,,,,,,196.563,,,,
2761,22931068010497,2008,46.741921,-122.003623,41,2,,,,,,,,88.445,,,,,,,,,,152.485,,,,
2762,22931069010497,2008,46.730916,-121.813298,41,2,,,,,,,,581.631,,,,,,,,,,617.639,,,,
2763,22931076010497,2008,46.763196,-123.780685,49,2,,,,,,,,151.205,,,,,,,,,,211.804,,,,
2764,22931080010497,2008,46.758922,-121.484877,41,2,,,,,,,,356.889,,,,,,,,,,405.857,,,,
2765,22931081010497,2008,46.778636,-121.167155,77,2,,,,,,,,211.905,,,,,,,,,,205.285,,,,
2766,22931088010497,2008,46.820731,-120.79543,77,2,,,,,,,,63.699,,,,,,,,,,82.577,,,,
2767,22931094010497,2008,46.857481,-122.25335,53,2,,,,,,,,60.882,,,,,,,,,,59.344,,,,
2768,22931095010497,2008,46.860393,-122.183029,53,2,,,,,,,,134.888,,,,,,,,,,192.115,,,,
2769,22931113010497,2008,46.905561,-121.528098,53,2,,,,,,,,174.955,,,,,,,,,,216.354,,,,
2770,22931119010497,2008,48.225818,-119.444639,47,2,,,,,,,,1.812,,,,,,,,,,11.032,,,,
2771,22931123010497,2008,48.259135,-117.064407,51,2,,,,,,,,91.358,,,,,,,,,,76.546,,,,
2772,22931124010497,2008,48.449905,-122.54096,57,2,,,,,,,,190.476,,,,,,,,,,244.152,,,,
2773,22931126010497,2008,48.458208,-120.72669,7,2,,,,,,,,140.075,,,,,,,,,,150.076,,,,
2774,22931129010497,2008,48.338502,-117.272021,51,2,,,,,,,,98.27,,,,,,,,,,118.744,,,,
2775,22931130010497,2008,48.302532,-117.067807,51,2,,,,,,,,95.384,,,,,,,,,,156.715,,,,
2776,22931133010497,2008,48.486804,-120.509814,47,2,,,,,,,,58.524,,,,,,,,,,58.343,,,,
2777,22931134010497,2008,48.484462,-120.374096,47,2,,,,,,,,283.005,,,,,,,,,,281.669,,,,
2778,22931135010497,2008,48.453954,-118.706291,19,2,,,,,,,,184.576,,,,,,,,,,205.828,,,,
2779,22931136010497,2008,48.389274,-118.548365,19,2,,,,,,,,93.261,,,,,,,,,,112.711,,,,
2780,22931138010497,2008,48.507092,-121.813892,57,2,,,,,,,,41.849,,,,,,,,,,48.227,,,,
2781,22931141010497,2008,48.468002,-119.995428,47,2,,,,,,,,12.48,,,,,,,,,,13.28,,,,
2782,22931145010497,2008,48.600667,-122.936486,55,2,,,,,,,,71.672,,,,,,,,,,73.886,,,,
2783,22931151010497,2008,48.454118,-117.465149,51,2,,,,,,,,26.973,,,,,,,,,,45.294,,,,
2784,22931152010497,2008,48.61315,-123.10515,55,2,,,,,,,,187.804,,,,,,,,,,108.146,,,,
2785,22931154010497,2008,48.590179,-120.731202,47,2,,,,,,,,135.174,,,,,,,,,,149.334,,,,
2786,22931156010497,2008,48.483995,-117.648302,65,2,,,,,,,,175.31,,,,,,,,,,202.84,,,,
2787,22931157010497,2008,48.490968,-117.139479,51,2,,,,,,,,190.131,,,,,,,,,,167.445,,,,
2788,22931159010497,2008,48.655712,-122.757726,55,2,,,,,,,,3.171,,,,,,,,,,7.509,,,,
2789,22931162010497,2008,48.629377,-120.362806,47,2,,,,,,,,149.478,,,,,,,,,,160.247,,,,
2790,22931167010497,2008,48.703094,-121.846614,73,2,,,,,,,,231.738,,,,,,,,,,286.895,,,,
2791,22931170010497,2008,48.607575,-118.792934,19,2,,,,,,,,25.085,,,,,,,,,,28.322,,,,
2792,22931266010497,2008,48.708271,-122.016994,73,2,,,,,,,,19.952,,,,,,,,,,43.615,,,,
2793,22931268010497,2008,48.67555,-120.211534,47,2,,,,,,,,108.516,,,,,,,,,,104.994,,,,
2794,22931270010497,2008,48.617635,-118.432461,19,2,,,,,,,,191.556,,,,,,,,,,109.364,,,,
2795,22931272010497,2008,48.757918,-121.696326,73,2,,,,,,,,451.649,,,,,,,,,,425.579,,,,
2796,22931273010497,2008,48.73902,-121.114115,73,2,,,,,,,,104.988,,,,,,,,,,119.809,,,,
2797,22931274010497,2008,48.718227,-119.797701,47,2,,,,,,,,147.763,,,,,,,,,,149.315,,,,
2798,22931275010497,2008,48.685151,-119.323191,47,2,,,,,,,,8.505,,,,,,,,,,15.803,,,,
2799,22931277010497,2008,48.622949,-117.46894,51,2,,,,,,,,161.137,,,,,,,,,,146.8,,,,
2800,22931278010497,2008,48.618546,-117.429425,51,2,,,,,,,,346.493,,,,,,,,,,379.459,,,,
2801,22931279010497,2008,48.797,-122.624264,73,2,,,,,,,,224.331,,,,,,,,,,196.127,,,,
2802,22931281010497,2008,48.766351,-120.77141,73,2,,,,,,,,42.088,,,,,,,,,,65.928,,,,
2803,22931283010497,2008,48.70825,-118.98478,47,2,,,,,,,,62.206,,,,,,,,,,162.264,,,,
2804,22931284010497,2008,48.637363,-117.681463,65,2,,,,,,,,166.704,,,,,,,,,,188.618,,,,
2805,22931285010497,2008,48.620684,-117.145286,51,2,,,,,,,,173.253,,,,,,,,,,196.869,,,,
2806,22931288010497,2008,48.749762,-119.166024,47,2,,,,,,,,145.587,,,,,,,,,,90.242,,,,
2807,22931290010497,2008,48.671363,-117.31593,51,2,,,,,,,,43.687,,,,,,,,,,49.358,,,,
2808,22931292010497,2008,48.85153,-121.915561,73,2,,,,,,,,295.523,,,,,,,,,,377.014,,,,
2809,22931293010497,2008,48.827605,-120.428111,47,2,,,,,,,,37.455,,,,,,,,,,41.368,,,,
2810,22931296010497,2008,48.75908,-118.266206,19,2,,,,,,,,61.684,,,,,,,,,,54.581,,,,
2811,22931297010497,2008,48.874994,-122.087165,73,2,,,,,,,,137.963,,,,,,,,,,164.021,,,,
2812,22931298010497,2008,48.899328,-121.695117,73,2,,,,,,,,353.947,,,,,,,,,,385.847,,,,
2813,22932883010497,2008,45.603191,-122.140787,59,2,,,,,,,,316.471,,,,,,,,,,373.161,,,,
2814,22932887010497,2008,45.7184,-122.50798,11,2,,,,,,,,213.153,,,,,,,,,,257.916,,,,
2815,22932888010497,2008,45.748443,-122.410998,11,2,,,,,,,,283.251,,,,,,,,,,382.936,,,,
2816,22932889010497,2008,45.74718,-121.998665,59,2,,,,,,,,409.467,,,,,,,,,,460.518,,,,
2817,22932895010497,2008,45.827379,-121.501288,39,2,,,,,,,,105.866,,,,,,,,,,146.061,,,,
2818,22932897010497,2008,45.845208,-122.709467,11,2,,,,,,,,25.523,,,,,,,,,,8.99,,,,
2819,22932898010497,2008,45.837819,-121.128557,39,2,,,,,,,,88.275,,,,,,,,,,71.455,,,,
2820,22932900010497,2008,45.833741,-120.670507,39,2,,,,,,,,12.482,,,,,,,,,,22.236,,,,
2821,22932905010497,2008,45.897473,-122.191995,59,2,,,,,,,,568.249,,,,,,,,,,626.121,,,,
2822,22932906010497,2008,45.896116,-122.042021,59,2,,,,,,,,355.731,,,,,,,,,,359.144,,,,
2823,22932907010497,2008,45.894829,-120.448904,39,2,,,,,,,,27.268,,,,,,,,,,27.049,,,,
2824,22932909010497,2008,45.941355,-121.838491,59,2,,,,,,,,291.789,,,,,,,,,,301.411,,,,
2825,22932912010497,2008,45.981808,-121.485251,39,2,,,,,,,,16.676,,,,,,,,,,11.146,,,,
2826,22932914010497,2008,46.95373,-123.457592,27,2,,,,,,,,59.132,,,,,,,,,,131.193,,,,
2827,22932917010497,2008,46.915383,-121.163953,77,2,,,,,,,,287.715,,,,,,,,,,300.879,,,,
2828,22932918010497,2008,46.967894,-121.016104,37,2,,,,,,,,94.505,,,,,,,,,,118.92,,,,
2829,22932923010497,2008,46.984663,-123.086609,67,2,,,,,,,,81.961,,,,,,,,,,166.417,,,,
2830,22932924010497,2008,46.988104,-122.586794,53,2,,,,,,,,547.745,,,,,,,,,,669.058,,,,
2831,22932926010497,2008,46.978433,-120.80181,37,2,,,,,,,,25.663,,,,,,,,,,29.299,,,,
2832,22932935010497,2008,46.984671,-121.027199,37,2,,,,,,,,138.361,,,,,,,,,,95.789,,,,
2833,22932941010497,2008,47.031154,-123.654339,27,2,,,,,,,,73.624,,,,,,,,,,148.948,,,,
2834,22932942010497,2008,47.055156,-122.393443,53,2,,,,,,,,111.039,,,,,,,,,,161.126,,,,
2835,22932949010497,2008,47.083077,-123.841516,27,2,,,,,,,,79.545,,,,,,,,,,176.151,,,,
2836,22932950010497,2008,47.074531,-123.294316,27,2,,,,,,,,234.047,,,,,,,,,,299.929,,,,
2837,22932951010497,2008,47.07553,-122.082496,53,2,,,,,,,,111.321,,,,,,,,,,117.604,,,,
2838,22932959010497,2008,47.119919,-121.380897,37,2,,,,,,,,306.933,,,,,,,,,,358.594,,,,
2839,22932960010497,2008,47.099983,-121.202052,37,2,,,,,,,,235.103,,,,,,,,,,250.883,,,,
2840,22932968010497,2008,47.155412,-122.613978,53,2,,,,,,,,229.401,,,,,,,,,,313.38,,,,
2841,22932969010497,2008,47.174767,-121.027754,37,2,,,,,,,,24.013,,,,,,,,,,29.753,,,,
2842,22932970010497,2008,47.286104,-121.027453,37,2,,,,,,,,89.686,,,,,,,,,,100.069,,,,
2843,22932974010497,2008,47.183125,-124.034543,27,2,,,,,,,,226.567,,,,,,,,,,268.757,,,,
2844,22932987010497,2008,47.224055,-121.92856,33,2,,,,,,,,221.464,,,,,,,,,,277.062,,,,
2845,22932988010497,2008,47.246734,-121.591007,33,2,,,,,,,,223.199,,,,,,,,,,259.653,,,,
2846,22932994010497,2008,47.244428,-123.35255,45,2,,,,,,,,7.161,,,,,,,,,,60.509,,,,
2847,22932996010497,2008,47.267673,-121.76764,33,2,,,,,,,,140.868,,,,,,,,,,19.167,,,,
2848,22932997010497,2008,47.263431,-121.218307,37,2,,,,,,,,146.579,,,,,,,,,,176.487,,,,
2849,22933002010497,2008,47.307289,-123.188829,45,2,,,,,,,,136.41,,,,,,,,,,98.199,,,,
2850,22933003010497,2008,47.284061,-121.423154,33,2,,,,,,,,284.967,,,,,,,,,,354.855,,,,
2851,22933004010497,2008,47.28723,-120.873127,37,2,,,,,,,,22.662,,,,,,,,,,51.409,,,,
2852,22933010010497,2008,47.333395,-124.110895,27,2,,,,,,,,179.705,,,,,,,,,,217.687,,,,
2853,22933012010497,2008,47.31408,-121.043679,37,2,,,,,,,,258.509,,,,,,,,,,29.78,,,,
2854,22933013010497,2008,47.303452,-120.496723,37,2,,,,,,,,280.821,,,,,,,,,,147.553,,,,
2855,22933017010497,2008,47.364495,-124.271773,27,2,,,,,,,,89.551,,,,,,,,,,124.824,,,,
2856,22933018010497,2008,47.377723,-123.755887,27,2,,,,,,,,176.889,,,,,,,,,,175.801,,,,
2857,22933019010497,2008,47.35611,-120.712603,37,2,,,,,,,,129.596,,,,,,,,,,141.68,,,,
2858,22933024010497,2008,47.382857,-124.319817,27,2,,,,,,,,47.095,,,,,,,,,,130.002,,,,
2859,22933025010497,2008,47.407712,-123.907538,27,2,,,,,,,,358.314,,,,,,,,,,319.724,,,,
2860,22933033010497,2008,47.434846,-123.544282,27,2,,,,,,,,76.2,,,,,,,,,,134.531,,,,
2861,22933034010497,2008,47.446823,-123.02815,45,2,,,,,,,,32.306,,,,,,,,,,77.197,,,,
2862,22933035010497,2008,47.42612,-121.787428,33,2,,,,,,,,287.446,,,,,,,,,,340.815,,,,
2863,22933036010497,2008,47.416982,-121.234582,37,2,,,,,,,,56.52,,,,,,,,,,84.259,,,,
2864,22933041010497,2008,47.470346,-123.227843,45,2,,,,,,,,274.954,,,,,,,,,,289.614,,,,
2865,22933042010497,2008,47.44867,-122.689225,35,2,,,,,,,,102.514,,,,,,,,,,162.561,,,,
2866,22933043010497,2008,47.471163,-121.446597,33,2,,,,,,,,318.201,,,,,,,,,,329.165,,,,
2867,22933049010497,2008,47.303811,-117.34547,63,2,,,,,,,,10.341,,,,,,,,,,11.218,,,,
2868,22933050010497,2008,47.515866,-124.110398,27,2,,,,,,,,144.566,,,,,,,,,,213.31,,,,
2869,22933051010497,2008,47.522592,-123.074458,45,2,,,,,,,,240.872,,,,,,,,,,304.705,,,,
2870,22933052010497,2008,47.479193,-122.865721,45,2,,,,,,,,130.348,,,,,,,,,,183.691,,,,
2871,22933061010497,2008,47.534427,-123.77715,31,2,,,,,,,,215.28,,,,,,,,,,244.866,,,,
2872,22933063010497,2008,47.524533,-122.011313,33,2,,,,,,,,292.977,,,,,,,,,,344.3,,,,
2873,22933064010497,2008,47.502493,-120.717657,7,2,,,,,,,,205.431,,,,,,,,,,288.573,,,,
2874,22933073010497,2008,47.573498,-121.790584,33,2,,,,,,,,231.754,,,,,,,,,,231.77,,,,
2875,22933074010497,2008,47.573555,-121.640433,33,2,,,,,,,,43.459,,,,,,,,,,121.92,,,,
2876,22933079010497,2008,47.602248,-123.076262,45,2,,,,,,,,174.252,,,,,,,,,,178.654,,,,
2877,22933089010497,2008,47.179628,-121.857631,33,2,,,,,,,,125.562,,,,,,,,,,150.786,,,,
2878,22933091010497,2008,47.607449,-120.930017,7,2,,,,,,,,171.033,,,,,,,,,,205.848,,,,
2879,22933096010497,2008,47.682672,-124.331669,31,2,,,,,,,,631.782,,,,,,,,,,567.411,,,,
2880,22933097010497,2008,47.674612,-124.182094,31,2,,,,,,,,300.623,,,,,,,,,,251.83,,,,
2881,22933105010497,2008,47.714516,-124.033101,31,2,,,,,,,,134.55,,,,,,,,,,202.614,,,,
2882,22933109010497,2008,47.722245,-121.645797,33,2,,,,,,,,99.002,,,,,,,,,,204.947,,,,
2883,22933110010497,2008,47.698368,-120.415824,7,2,,,,,,,,154.323,,,,,,,,,,155.141,,,,
2884,22933115010497,2008,47.744955,-121.844008,33,2,,,,,,,,396.042,,,,,,,,,,449.922,,,,
2885,22933117010497,2008,47.72135,-120.521035,7,2,,,,,,,,166.546,,,,,,,,,,71.513,,,,
2886,22933122010497,2008,47.79435,-122.766525,31,2,,,,,,,,74.202,,,,,,,,,,143.818,,,,
2887,22933123010497,2008,47.767077,-121.493767,33,2,,,,,,,,133.042,,,,,,,,,,166.628,,,,
2888,22933124010497,2008,47.755412,-120.993245,7,2,,,,,,,,161.295,,,,,,,,,,200.597,,,,
2889,22933129010497,2008,47.817765,-124.167241,31,2,,,,,,,,169.911,,,,,,,,,,197.876,,,,
2890,22933130010497,2008,47.827369,-122.961836,31,2,,,,,,,,268.644,,,,,,,,,,310.087,,,,
2891,22933131010497,2008,47.807553,-121.140549,61,2,,,,,,,,436.357,,,,,,,,,,473.835,,,,
2892,22933132010497,2008,47.799168,-120.608334,7,2,,,,,,,,138.947,,,,,,,,,,160.631,,,,
2893,22933138010497,2008,47.865191,-123.451102,9,2,,,,,,,,544.626,,,,,,,,,,561.56,,,,
2894,22933139010497,2008,47.846207,-122.612147,35,2,,,,,,,,88.22,,,,,,,,,,162.097,,,,
2895,22933141010497,2008,47.835963,-120.25673,7,2,,,,,,,,25.059,,,,,,,,,,47.568,,,,
2896,22933154010497,2008,47.93128,-123.156983,9,2,,,,,,,,323.418,,,,,,,,,,347.805,,,,
2897,22933155010497,2008,47.919796,-121.862859,61,2,,,,,,,,58.049,,,,,,,,,,125.259,,,,
2898,22933160010497,2008,47.790807,-117.752103,63,2,,,,,,,,67.833,,,,,,,,,,89.912,,,,
2899,22933162010497,2008,47.945844,-123.338376,9,2,,,,,,,,423.818,,,,,,,,,,463.23,,,,
2900,22933163010497,2008,47.968822,-122.788127,31,2,,,,,,,,92.502,,,,,,,,,,149.185,,,,
2901,22933165010497,2008,47.936543,-121.502175,61,2,,,,,,,,138.399,,,,,,,,,,147.737,,,,
2902,22933174010497,2008,47.9745,-123.000091,9,2,,,,,,,,204.596,,,,,,,,,,236.406,,,,
2903,22933177010497,2008,48.004396,-120.835796,7,2,,,,,,,,9.03,,,,,,,,,,6.913,,,,
2904,22933178010497,2008,47.948105,-120.614993,7,2,,,,,,,,138.67,,,,,,,,,,115.036,,,,
2905,22933185010497,2008,48.016762,-123.891364,9,2,,,,,,,,640.107,,,,,,,,,,629.968,,,,
2906,22933187010497,2008,47.991406,-120.465453,7,2,,,,,,,,140.984,,,,,,,,,,23.995,,,,
2907,22933188010497,2008,47.98733,-120.274914,7,2,,,,,,,,48.446,,,,,,,,,,48.281,,,,
2908,22933191010497,2008,48.036611,-124.06251,9,2,,,,,,,,166.262,,,,,,,,,,220.427,,,,
2909,22933192010497,2008,48.06636,-123.519904,9,2,,,,,,,,343.512,,,,,,,,,,402.447,,,,
2910,22933196010497,2008,47.954182,-118.156404,65,2,,,,,,,,61.231,,,,,,,,,,72.504,,,,
2911,22933197010497,2008,47.952307,-117.790921,65,2,,,,,,,,87.906,,,,,,,,,,110.808,,,,
2912,22933200010497,2008,48.109907,-121.562667,61,2,,,,,,,,332.362,,,,,,,,,,372.779,,,,
2913,22933201010497,2008,48.05551,-121.34992,61,2,,,,,,,,238.677,,,,,,,,,,234.865,,,,
2914,22933207010497,2008,48.000749,-117.92891,65,2,,,,,,,,164.312,,,,,,,,,,223.434,,,,
2915,22933210010497,2008,48.105349,-122.831614,31,2,,,,,,,,142.444,,,,,,,,,,62.269,,,,
2916,22933211010497,2008,48.143176,-122.467166,29,2,,,,,,,,82.52,,,,,,,,,,140.35,,,,
2917,22933213010497,2008,48.120507,-120.626973,7,2,,,,,,,,23.586,,,,,,,,,,13.041,,,,
2918,22933218010497,2008,48.135668,-124.282945,9,2,,,,,,,,365.989,,,,,,,,,,415.055,,,,
2919,22933219010497,2008,48.161445,-122.086347,61,2,,,,,,,,149.908,,,,,,,,,,153.178,,,,
2920,22933221010497,2008,48.136044,-120.310318,47,2,,,,,,,,134.302,,,,,,,,,,193.773,,,,
2921,22933223010497,2008,48.058038,-118.499547,19,2,,,,,,,,130.243,,,,,,,,,,137.336,,,,
2922,22933226010497,2008,48.21154,-121.792504,61,2,,,,,,,,241.869,,,,,,,,,,273.778,,,,
2923,22933230010497,2008,48.403431,-118.629929,19,2,,,,,,,,55.651,,,,,,,,,,71.491,,,,
2924,22933234010497,2008,48.183639,-120.1645,47,2,,,,,,,,55.661,,,,,,,,,,73.488,,,,
2925,22933236010497,2008,48.157383,-118.338426,19,2,,,,,,,,76.208,,,,,,,,,,97.97,,,,
2926,22933238010497,2008,48.275457,-124.675781,9,2,,,,,,,,567.854,,,,,,,,,,621.364,,,,
2927,22933251010497,2008,48.165485,-117.620202,65,2,,,,,,,,25.409,,,,,,,,,,74.635,,,,
2928,22933253010497,2008,48.261601,-124.328796,9,2,,,,,,,,38.401,,,,,,,,,,67.263,,,,
2929,22933255010497,2008,48.294345,-120.896008,7,2,,,,,,,,542.415,,,,,,,,,,426.024,,,,
2930,22933256010497,2008,48.303764,-120.339447,47,2,,,,,,,,40.437,,,,,,,,,,34.934,,,,
2931,22933257010497,2008,48.264154,-119.072331,47,2,,,,,,,,54.059,,,,,,,,,,4.8,,,,
2932,22933258010497,2008,48.255709,-118.578014,19,2,,,,,,,,246.422,,,,,,,,,,272.905,,,,
2933,22933261010497,2008,48.359214,-121.771536,57,2,,,,,,,,271.748,,,,,,,,,,215.994,,,,
2934,22933265010497,2008,48.388181,-121.975182,57,2,,,,,,,,213.921,,,,,,,,,,249.352,,,,
2935,22933266010497,2008,48.401574,-121.408923,57,2,,,,,,,,315.186,,,,,,,,,,342.303,,,,
2936,22933273010497,2008,48.406171,-121.624592,57,2,,,,,,,,120.47,,,,,,,,,,168.442,,,,
2937,22933279010497,2008,48.773042,-118.410465,19,2,,,,,,,,76.565,,,,,,,,,,56.744,,,,
2938,22933284010497,2008,48.880794,-119.53652,47,2,,,,,,,,22.591,,,,,,,,,,32.796,,,,
2939,22933285010497,2008,48.871721,-119.345982,47,2,,,,,,,,111.254,,,,,,,,,,59.893,,,,
2940,22933292010497,2008,48.897111,-118.970072,47,2,,,,,,,,47.808,,,,,,,,,,45.439,,,,
2941,22933293010497,2008,48.818477,-117.369002,51,2,,,,,,,,243.613,,,,,,,,,,262.756,,,,
2942,22933294010497,2008,48.802711,-117.153879,51,2,,,,,,,,15.611,,,,,,,,,,42.633,,,,
2943,22933299010497,2008,48.969379,-120.112097,47,2,,,,,,,,112.309,,,,,,,,,,134.306,,,,
2944,22933303010497,2008,48.999109,-119.73173,47,2,,,,,,,,24.952,,,,,,,,,,22.119,,,,
2945,22933304010497,2008,48.909375,-118.257089,19,2,,,,,,,,146.28,,,,,,,,,,153.622,,,,
2946,22933306010497,2008,48.94907,-118.10452,65,2,,,,,,,,81.809,,,,,,,,,,99.521,,,,
2947,22933307010497,2008,48.921994,-117.534771,65,2,,,,,,,,98.628,,,,,,,,,,117.71,,,,
2948,22933310010497,2008,48.955534,-117.206982,51,2,,,,,,,,117.963,,,,,,,,,,157.989,,,,
2949,29394868010497,2008,46.0195,-122.405903,15,2,,,,,,,,282.424,,,,,,,,,,355.281,,,,
2950,29394869010497,2008,46.096441,-122.256599,15,2,,,,,,,,532.974,,,,,,,,,,600.974,,,,
2951,29394870010497,2008,46.141647,-121.55484,59,2,,,,,,,,184.308,,,,,,,,,,30.308,,,,
2952,29394871010497,2008,46.293765,-123.661102,69,2,,,,,,,,76.035,,,,,,,,,,74.444,,,,
2953,29394872010497,2008,46.386496,-122.110701,41,2,,,,,,,,427.862,,,,,,,,,,516.138,,,,
2954,29394873010497,2008,46.400544,-124.02197,49,2,,,,,,,,10.358,,,,,,,,,,14.994,,,,
2955,29394874010497,2008,46.391194,-123.522098,49,2,,,,,,,,3.65,,,,,,,,,,100.4,,,,
2956,29394875010497,2008,46.434055,-121.426627,41,2,,,,,,,,647.614,,,,,,,,,,627.909,,,,
2957,29394876010497,2008,46.437913,-121.614894,41,2,,,,,,,,309.22,,,,,,,,,,369.366,,,,
2958,29394877010497,2008,46.562515,-121.819805,41,2,,,,,,,,423.8,,,,,,,,,,438.534,,,,
2959,29394878010497,2008,46.586602,-121.465944,41,2,,,,,,,,50.749,,,,,,,,,,80.669,,,,
2960,29394879010497,2008,46.631573,-121.099688,77,2,,,,,,,,96.526,,,,,,,,,,111.688,,,,
2961,29394880010497,2008,48.551154,-121.478352,57,2,,,,,,,,305.332,,,,,,,,,,352.382,,,,
2962,29394996010497,2008,45.799937,-121.835836,59,2,,,,,,,,239.717,,,,,,,,,,208.333,,,,
2963,29394997010497,2008,46.951516,-121.693254,53,2,,,,,,,,421.557,,,,,,,,,,422.388,,,,
2964,29394998010497,2008,47.030976,-121.888447,53,2,,,,,,,,408.831,,,,,,,,,,443.083,,,,
2965,29394999010497,2008,47.07527,-121.521546,53,2,,,,,,,,484.847,,,,,,,,,,494.664,,,,
2966,29395003010497,2008,47.565864,-121.287761,33,2,,,,,,,,17.773,,,,,,,,,,18.937,,,,
2967,29395004010497,2008,47.638161,-121.119278,33,2,,,,,,,,27.666,,,,,,,,,,26.9,,,,
2968,29395005010497,2008,47.653996,-120.781192,7,2,,,,,,,,0.958,,,,,,,,,,7.891,,,,
2969,29395006010497,2008,47.718432,-123.443885,31,2,,,,,,,,389.249,,,,,,,,,,191.821,,,,
2970,29395007010497,2008,47.867193,-124.027603,31,2,,,,,,,,441.603,,,,,,,,,,340.301,,,,
2971,29395008010497,2008,47.885328,-123.500902,9,2,,,,,,,,479.084,,,,,,,,,,504.597,,,,
2972,29395009010497,2008,47.913091,-121.348418,61,2,,,,,,,,128.405,,,,,,,,,,141.627,,,,
2973,29395010010497,2008,47.958517,-121.196244,61,2,,,,,,,,282.446,,,,,,,,,,298.0,,,,
2974,29395012010497,2008,48.449917,-121.255613,57,2,,,,,,,,460.022,,,,,,,,,,402.33,,,,
2975,29395017010497,2008,48.773322,-117.533056,51,2,,,,,,,,33.169,,,,,,,,,,36.711,,,,
2976,29395018010497,2008,48.954823,-121.001023,73,2,,,,,,,,155.049,,,,,,,,,,205.994,,,,
2977,29395019010497,2008,48.932533,-120.793951,73,2,,,,,,,,315.134,,,,,,,,,,266.934,,,,
2978,29395021010497,2008,48.98822,-117.725213,65,2,,,,,,,,102.555,,,,,,,,,,117.339,,,,
2979,29395508010497,2008,48.428394,-121.482115,57,2,,,,,,,,10.384,,,,,,,,,,26.15,,,,
2980,29395510010497,2008,47.915792,-120.361988,7,2,,,,,,,,63.709,,,,,,,,,,106.271,,,,
2981,29395511010497,2008,48.427395,-121.408171,57,2,,,,,,,,24.547,,,,,,,,,,89.545,,,,
2982,29395512010497,2008,47.86746,-120.401032,7,2,,,,,,,,9.007,,,,,,,,,,13.281,,,,
2983,29395513010497,2008,46.653097,-121.282231,77,2,,,,,,,,341.61,,,,,,,,,,366.339,,,,
2984,29395515010497,2008,46.410887,-121.574633,41,2,,,,,,,,110.489,,,,,,,,,,151.049,,,,
2985,29395517010497,2008,46.412167,-121.681397,41,2,,,,,,,,50.365,,,,,,,,,,80.182,,,,
2986,29395519010497,2008,48.683043,-117.645009,65,2,,,,,,,,128.315,,,,,,,,,,150.583,,,,
2987,29395520010497,2008,48.852175,-118.746327,19,2,,,,,,,,70.42,,,,,,,,,,106.218,,,,
2988,29395521010497,2008,46.53717,-121.856766,41,2,,,,,,,,320.65,,,,,,,,,,393.687,,,,
2989,29395522010497,2008,48.593111,-119.881556,47,2,,,,,,,,136.266,,,,,,,,,,165.647,,,,
2990,29395523010497,2008,48.883866,-118.295616,19,2,,,,,,,,130.141,,,,,,,,,,152.134,,,,
2991,29395524010497,2008,46.264431,-121.684946,59,2,,,,,,,,388.169,,,,,,,,,,381.365,,,,
2992,29395527010497,2008,47.35459,-123.725807,27,2,,,,,,,,170.332,,,,,,,,,,283.257,,,,
2993,29395529010497,2008,46.115134,-117.874239,13,2,,,,,,,,167.026,,,,,,,,,,99.819,,,,
2994,29395530010497,2008,47.641633,-121.605037,33,2,,,,,,,,194.056,,,,,,,,,,307.343,,,,
2995,29395531010497,2008,48.22895,-121.303817,61,2,,,,,,,,412.805,,,,,,,,,,415.341,,,,
2996,29395532010497,2008,47.018696,-121.054539,37,2,,,,,,,,119.461,,,,,,,,,,125.463,,,,
2997,29395534010497,2008,48.084869,-121.565728,61,2,,,,,,,,483.486,,,,,,,,,,418.835,,,,
2998,29395535010497,2008,47.281916,-120.646933,37,2,,,,,,,,43.492,,,,,,,,,,49.467,,,,
2999,29395536010497,2008,48.59985,-120.140945,47,2,,,,,,,,46.202,,,,,,,,,,54.604,,,,
3000,29395539010497,2008,48.487996,-118.888046,47,2,,,,,,,,66.255,,,,,,,,,,26.18,,,,
3001,29395541010497,2008,48.603438,-120.289217,47,2,,,,,,,,24.117,,,,,,,,,,42.84,,,,
3002,29395542010497,2008,47.575549,-120.561039,7,2,,,,,,,,25.404,,,,,,,,,,16.974,,,,
3003,29395544010497,2008,48.282919,-120.26935,47,2,,,,,,,,119.831,,,,,,,,,,136.284,,,,
3004,29395547010497,2008,48.725959,-121.659201,73,2,,,,,,,,152.384,,,,,,,,,,106.385,,,,
3005,29395548010497,2008,48.751545,-121.664892,73,2,,,,,,,,215.133,,,,,,,,,,190.979,,,,
3006,29395549010497,2008,48.537438,-118.253725,19,2,,,,,,,,139.994,,,,,,,,,,150.422,,,,
3007,29395550010497,2008,46.042496,-121.654864,59,2,,,,,,,,88.646,,,,,,,,,,163.049,,,,
3008,29395551010497,2008,47.91745,-120.435151,7,2,,,,,,,,27.987,,,,,,,,,,65.435,,,,
3009,29395552010497,2008,48.020583,-120.650196,7,2,,,,,,,,129.51,,,,,,,,,,7.32,,,,
3010,29395553010497,2008,47.685985,-121.21213,33,2,,,,,,,,36.43,,,,,,,,,,99.944,,,,
3011,29395554010497,2008,48.684516,-120.619445,47,2,,,,,,,,31.645,,,,,,,,,,45.317,,,,
3012,29395555010497,2008,47.749109,-122.925499,31,2,,,,,,,,242.843,,,,,,,,,,313.281,,,,
3013,29395557010497,2008,46.165162,-121.616437,59,2,,,,,,,,130.322,,,,,,,,,,145.284,,,,
3014,29395558010497,2008,47.379688,-123.512802,27,2,,,,,,,,219.568,,,,,,,,,,327.923,,,,
3015,29395559010497,2008,47.027029,-121.630321,53,2,,,,,,,,21.859,,,,,,,,,,82.149,,,,
3016,29395560010497,2008,47.316324,-121.188437,37,2,,,,,,,,172.155,,,,,,,,,,161.167,,,,
3017,29395561010497,2008,48.409983,-117.599835,65,2,,,,,,,,90.316,,,,,,,,,,92.051,,,,
3018,29395562010497,2008,46.159254,-117.399471,3,2,,,,,,,,200.636,,,,,,,,,,221.921,,,,
3019,29395564010497,2008,46.611643,-121.926662,41,2,,,,,,,,151.95,,,,,,,,,,206.227,,,,
3020,29395565010497,2008,48.413424,-117.673459,65,2,,,,,,,,128.995,,,,,,,,,,151.111,,,,
3021,29395566010497,2008,48.979749,-117.164219,51,2,,,,,,,,176.812,,,,,,,,,,181.664,,,,
3022,29395567010497,2008,47.377987,-120.533921,7,2,,,,,,,,103.098,,,,,,,,,,100.935,,,,
3023,29395569010497,2008,48.500539,-120.109509,47,2,,,,,,,,81.853,,,,,,,,,,97.816,,,,
3024,29395570010497,2008,48.887432,-117.287049,51,2,,,,,,,,77.423,,,,,,,,,,82.245,,,,
3025,29395571010497,2008,46.165997,-121.687295,59,2,,,,,,,,134.082,,,,,,,,,,167.853,,,,
3026,29395572010497,2008,45.772499,-122.217411,59,2,,,,,,,,290.87,,,,,,,,,,344.649,,,,
3027,29395573010497,2008,48.876667,-118.744247,19,2,,,,,,,,105.189,,,,,,,,,,115.503,,,,
3028,29395574010497,2008,47.333275,-120.7533,37,2,,,,,,,,428.105,,,,,,,,,,350.638,,,,
3029,29395576010497,2008,47.699916,-122.998488,31,2,,,,,,,,278.063,,,,,,,,,,322.828,,,,
3030,29395577010497,2008,46.943069,-120.949429,37,2,,,,,,,,130.53,,,,,,,,,,161.302,,,,
3031,29395578010497,2008,45.970916,-121.868477,59,2,,,,,,,,120.073,,,,,,,,,,151.292,,,,
3032,29395579010497,2008,48.192736,-120.642328,7,2,,,,,,,,196.351,,,,,,,,,,76.301,,,,
3033,29395580010497,2008,48.804468,-118.787644,19,2,,,,,,,,101.946,,,,,,,,,,121.059,,,,
3034,29395581010497,2008,48.793206,-118.490462,19,2,,,,,,,,173.907,,,,,,,,,,98.781,,,,
3035,29395582010497,2008,48.385531,-117.60243,65,2,,,,,,,,200.466,,,,,,,,,,219.594,,,,
3036,29395583010497,2008,48.898288,-117.509921,65,2,,,,,,,,200.233,,,,,,,,,,234.937,,,,
3037,29395585010497,2008,47.281168,-120.610786,37,2,,,,,,,,182.05,,,,,,,,,,125.53,,,,
3038,29395586010497,2008,48.252836,-120.049784,47,2,,,,,,,,62.656,,,,,,,,,,39.521,,,,
3039,29395587010497,2008,47.872197,-123.07166,9,2,,,,,,,,70.829,,,,,,,,,,76.037,,,,
3040,29395588010497,2008,47.425385,-123.435741,45,2,,,,,,,,194.142,,,,,,,,,,235.411,,,,
3041,29395589010497,2008,48.865406,-119.939285,47,2,,,,,,,,72.552,,,,,,,,,,48.079,,,,
3042,29395591010497,2008,48.787657,-117.261148,51,2,,,,,,,,215.727,,,,,,,,,,243.343,,,,
3043,29395593010497,2008,46.311924,-121.541672,59,2,,,,,,,,112.85,,,,,,,,,,132.297,,,,
3044,29395596010497,2008,48.607779,-117.615856,65,2,,,,,,,,214.056,,,,,,,,,,251.417,,,,
3045,29395598010497,2008,48.48002,-117.518296,65,2,,,,,,,,214.764,,,,,,,,,,276.904,,,,
3046,29395600010497,2008,48.455009,-120.260124,47,2,,,,,,,,135.469,,,,,,,,,,176.842,,,,
3047,29395601010497,2008,47.57154,-120.379334,7,2,,,,,,,,0.295,,,,,,,,,,9.773,,,,
3048,29395602010497,2008,46.657906,-121.639672,41,2,,,,,,,,530.533,,,,,,,,,,668.415,,,,
3049,29395603010497,2008,48.738154,-118.346485,19,2,,,,,,,,150.848,,,,,,,,,,153.582,,,,
3050,29395605010497,2008,45.927499,-122.222068,59,2,,,,,,,,85.247,,,,,,,,,,89.459,,,,
3051,29395607010497,2008,48.972116,-118.661312,19,2,,,,,,,,116.915,,,,,,,,,,128.789,,,,
3052,29395608010497,2008,48.680839,-121.657887,73,2,,,,,,,,203.997,,,,,,,,,,209.693,,,,
3053,29395609010497,2008,48.132137,-121.417317,61,2,,,,,,,,305.01,,,,,,,,,,319.009,,,,
3054,29395610010497,2008,46.635603,-121.854695,41,2,,,,,,,,326.462,,,,,,,,,,371.886,,,,
3055,29395611010497,2008,45.895555,-121.728951,59,2,,,,,,,,24.714,,,,,,,,,,38.467,,,,
3056,29395612010497,2008,47.551058,-123.909601,31,2,,,,,,,,236.692,,,,,,,,,,318.211,,,,
3057,29395613010497,2008,47.334427,-123.433859,45,2,,,,,,,,235.106,,,,,,,,,,338.402,,,,
3058,29395614010497,2008,46.017841,-121.655462,59,2,,,,,,,,201.767,,,,,,,,,,225.475,,,,
3059,29395615010497,2008,47.382648,-123.43207,45,2,,,,,,,,53.682,,,,,,,,,,101.112,,,,
3060,29395616010497,2008,48.328473,-120.119256,47,2,,,,,,,,65.445,,,,,,,,,,50.623,,,,
3061,29395617010497,2008,48.470222,-119.8891,47,2,,,,,,,,91.689,,,,,,,,,,90.002,,,,
3062,29395618010497,2008,47.970718,-123.071797,9,2,,,,,,,,158.998,,,,,,,,,,148.75,,,,
3063,29395620010497,2008,46.73035,-121.530426,41,2,,,,,,,,416.338,,,,,,,,,,476.01,,,,
3064,29395623010497,2008,48.597172,-117.394203,51,2,,,,,,,,99.974,,,,,,,,,,117.271,,,,
3065,29395624010497,2008,45.971916,-121.974405,59,2,,,,,,,,293.556,,,,,,,,,,355.933,,,,
3066,29395625010497,2008,47.507637,-123.364212,45,2,,,,,,,,273.171,,,,,,,,,,349.826,,,,
3067,29395626010497,2008,47.741974,-120.297789,7,2,,,,,,,,6.021,,,,,,,,,,9.873,,,,
3068,29395627010497,2008,46.273508,-122.322726,15,2,,,,,,,,2.547,,,,,,,,,,24.868,,,,
3069,29395628010497,2008,47.745315,-120.443625,7,2,,,,,,,,45.03,,,,,,,,,,66.834,,,,
3070,29395629010497,2008,47.872129,-123.144835,9,2,,,,,,,,599.687,,,,,,,,,,607.6,,,,
3071,29395630010497,2008,47.597784,-123.11119,45,2,,,,,,,,438.768,,,,,,,,,,448.481,,,,
3072,29395631010497,2008,46.036091,-117.97566,13,2,,,,,,,,87.697,,,,,,,,,,100.991,,,,
3073,29395632010497,2008,47.773104,-120.588333,7,2,,,,,,,,182.489,,,,,,,,,,203.619,,,,
3074,29395633010497,2008,48.55284,-121.589629,57,2,,,,,,,,285.317,,,,,,,,,,343.85,,,,
3075,29395634010497,2008,46.94242,-120.913503,37,2,,,,,,,,178.499,,,,,,,,,,211.767,,,,
3076,29395635010497,2008,48.421084,-119.892103,47,2,,,,,,,,32.559,,,,,,,,,,50.552,,,,
3077,29395636010497,2008,47.328813,-120.536211,7,2,,,,,,,,44.711,,,,,,,,,,45.561,,,,
3078,29395637010497,2008,45.874366,-122.081953,59,2,,,,,,,,401.444,,,,,,,,,,332.138,,,,
3079,29395638010497,2008,48.382316,-121.742145,57,2,,,,,,,,331.879,,,,,,,,,,363.264,,,,
3080,29395639010497,2008,47.354979,-120.607455,7,2,,,,,,,,182.773,,,,,,,,,,181.586,,,,
3081,29395640010497,2008,48.810258,-118.30252,19,2,,,,,,,,171.553,,,,,,,,,,177.243,,,,
3082,29395644010497,2008,46.072557,-122.255575,15,2,,,,,,,,60.075,,,,,,,,,,78.018,,,,
3083,29395645010497,2008,47.637903,-121.28662,33,2,,,,,,,,361.354,,,,,,,,,,399.356,,,,
3084,29395648010497,2008,47.140476,-120.977931,37,2,,,,,,,,247.579,,,,,,,,,,246.372,,,,
3085,29395649010497,2008,46.921501,-121.129922,77,2,,,,,,,,159.98,,,,,,,,,,190.231,,,,
3086,29395650010497,2008,46.393563,-122.2212,41,2,,,,,,,,162.386,,,,,,,,,,215.474,,,,
3087,29395651010497,2008,46.169213,-122.006185,59,2,,,,,,,,47.143,,,,,,,,,,112.502,,,,
3088,29395652010497,2008,45.874077,-122.046704,59,2,,,,,,,,385.145,,,,,,,,,,408.307,,,,
3089,29395653010497,2008,48.831002,-117.144264,51,2,,,,,,,,122.633,,,,,,,,,,173.309,,,,
3090,29395655010497,2008,46.237956,-117.497928,23,2,,,,,,,,33.814,,,,,,,,,,38.91,,,,
3091,29395656010497,2008,48.379138,-121.411277,57,2,,,,,,,,17.145,,,,,,,,,,24.071,,,,
3092,29395657010497,2008,46.632384,-121.568825,41,2,,,,,,,,337.854,,,,,,,,,,372.287,,,,
3093,29395659010497,2008,46.991611,-120.911588,37,2,,,,,,,,387.98,,,,,,,,,,412.14,,,,
3094,29395660010497,2008,47.40507,-123.583409,27,2,,,,,,,,195.462,,,,,,,,,,290.726,,,,
3095,29395661010497,2008,48.53222,-120.404221,47,2,,,,,,,,49.516,,,,,,,,,,50.012,,,,
3096,29395662010497,2008,46.170616,-122.183366,59,2,,,,,,,,46.511,,,,,,,,,,67.232,,,,
3097,29395663010497,2008,47.8711,-120.580129,7,2,,,,,,,,337.865,,,,,,,,,,314.184,,,,
3098,29395664010497,2008,48.826214,-118.711237,19,2,,,,,,,,189.573,,,,,,,,,,220.973,,,,
3099,29395665010497,2008,47.005083,-121.817069,53,2,,,,,,,,396.021,,,,,,,,,,363.763,,,,
3100,29395666010497,2008,46.171745,-122.360557,15,2,,,,,,,,379.819,,,,,,,,,,488.293,,,,
3101,29395667010497,2008,46.066638,-121.618902,59,2,,,,,,,,204.225,,,,,,,,,,212.635,,,,
3102,29395668010497,2008,46.411325,-121.61022,41,2,,,,,,,,20.835,,,,,,,,,,38.824,,,,
3103,29395670010497,2008,47.927086,-120.910822,7,2,,,,,,,,633.577,,,,,,,,,,649.04,,,,
3104,29395671010497,2008,47.593172,-123.906133,31,2,,,,,,,,280.559,,,,,,,,,,360.935,,,,
3105,29395672010497,2008,47.620707,-120.376877,7,2,,,,,,,,116.807,,,,,,,,,,96.737,,,,
3106,29395673010497,2008,48.900584,-121.878515,73,2,,,,,,,,465.759,,,,,,,,,,535.194,,,,
3107,29395674010497,2008,48.940372,-118.477194,19,2,,,,,,,,114.14,,,,,,,,,,104.251,,,,
3108,29395675010497,2008,45.824851,-122.047545,59,2,,,,,,,,516.336,,,,,,,,,,531.096,,,,
3109,29395676010497,2008,48.563793,-120.736382,57,2,,,,,,,,290.193,,,,,,,,,,333.116,,,,
3110,29395677010497,2008,47.051242,-121.593678,53,2,,,,,,,,152.674,,,,,,,,,,233.575,,,,
3111,29395678010497,2008,48.65375,-121.809708,73,2,,,,,,,,104.327,,,,,,,,,,171.234,,,,
3112,29395680010497,2008,48.774716,-121.620662,73,2,,,,,,,,273.251,,,,,,,,,,170.792,,,,
3113,29395682010497,2008,47.045695,-121.197624,77,2,,,,,,,,97.309,,,,,,,,,,126.94,,,,
3114,29395683010497,2008,46.674231,-121.066944,77,2,,,,,,,,86.534,,,,,,,,,,110.256,,,,
3115,29395684010497,2008,48.992287,-117.948622,65,2,,,,,,,,42.721,,,,,,,,,,29.025,,,,
3116,29395685010497,2008,48.543884,-119.884584,47,2,,,,,,,,122.419,,,,,,,,,,131.424,,,,
3117,29395686010497,2008,48.609505,-117.65281,65,2,,,,,,,,9.193,,,,,,,,,,5.266,,,,
3118,29395687010497,2008,46.263593,-121.613961,59,2,,,,,,,,217.438,,,,,,,,,,257.043,,,,
3119,29395688010497,2008,48.61246,-119.694742,47,2,,,,,,,,72.406,,,,,,,,,,64.485,,,,
3120,29395689010497,2008,47.282653,-120.683082,37,2,,,,,,,,155.823,,,,,,,,,,124.316,,,,
3121,29395690010497,2008,47.414225,-121.14881,37,2,,,,,,,,15.81,,,,,,,,,,40.892,,,,
3122,29395691010497,2008,46.562085,-121.89194,41,2,,,,,,,,781.499,,,,,,,,,,878.766,,,,
3123,29395692010497,2008,48.590066,-117.766225,65,2,,,,,,,,52.204,,,,,,,,,,61.134,,,,
3124,29395693010497,2008,48.57311,-119.215025,47,2,,,,,,,,115.503,,,,,,,,,,98.338,,,,
3125,29395694010497,2008,47.830655,-121.024378,7,2,,,,,,,,304.994,,,,,,,,,,374.305,,,,
3126,29395695010497,2008,46.148313,-117.789923,13,2,,,,,,,,24.863,,,,,,,,,,11.054,,,,
3127,29395696010497,2008,47.452086,-123.615485,27,2,,,,,,,,269.226,,,,,,,,,,290.884,,,,
3128,29395697010497,2008,48.58483,-118.843072,19,2,,,,,,,,37.076,,,,,,,,,,47.314,,,,
3129,29395698010497,2008,48.474444,-121.258629,57,2,,,,,,,,138.114,,,,,,,,,,160.847,,,,
3130,29395699010497,2008,47.428054,-123.506382,27,2,,,,,,,,548.32,,,,,,,,,,601.66,,,,
3131,29395700010497,2008,47.780189,-120.953243,7,2,,,,,,,,32.181,,,,,,,,,,48.076,,,,
3132,29395701010497,2008,46.318031,-122.145635,59,2,,,,,,,,6.63,,,,,,,,,,22.794,,,,
3133,29395702010497,2008,46.218739,-122.040754,59,2,,,,,,,,55.482,,,,,,,,,,129.295,,,,
3134,29395703010497,2008,48.949783,-121.877411,73,2,,,,,,,,137.435,,,,,,,,,,92.376,,,,
3135,29395704010497,2008,48.432676,-121.851871,57,2,,,,,,,,65.239,,,,,,,,,,108.775,,,,
3136,29395705010497,2008,48.022779,-120.760185,7,2,,,,,,,,225.285,,,,,,,,,,228.461,,,,
3137,29395708010497,2008,47.823003,-122.998486,31,2,,,,,,,,230.864,,,,,,,,,,307.417,,,,
3138,29395709010497,2008,48.252446,-117.395221,51,2,,,,,,,,69.119,,,,,,,,,,37.388,,,,
3139,29395710010497,2008,48.628465,-121.434707,57,2,,,,,,,,418.571,,,,,,,,,,500.34,,,,
3140,29395711010497,2008,47.424833,-123.368349,45,2,,,,,,,,178.149,,,,,,,,,,201.155,,,,
3141,29395713010497,2008,47.79997,-120.802015,7,2,,,,,,,,265.046,,,,,,,,,,316.905,,,,
3142,29395714010497,2008,47.118963,-121.159081,37,2,,,,,,,,153.623,,,,,,,,,,194.909,,,,
3143,29395716010497,2008,46.017421,-121.620128,59,2,,,,,,,,214.532,,,,,,,,,,254.735,,,,
3144,29395718010497,2008,48.802084,-117.557746,51,2,,,,,,,,127.135,,,,,,,,,,168.426,,,,
3145,29395720010497,2008,48.399409,-120.004338,47,2,,,,,,,,108.15,,,,,,,,,,9.751,,,,
3146,29395725010497,2008,47.919849,-120.544893,7,2,,,,,,,,190.205,,,,,,,,,,152.933,,,,
3147,29395726010497,2008,48.383836,-121.889923,57,2,,,,,,,,305.094,,,,,,,,,,367.736,,,,
3148,29395727010497,2008,48.084432,-120.206397,47,2,,,,,,,,232.842,,,,,,,,,,110.877,,,,
3149,29395730010497,2008,46.190559,-117.538139,23,2,,,,,,,,75.695,,,,,,,,,,71.913,,,,
3150,29395731010497,2008,48.794655,-118.527602,19,2,,,,,,,,55.942,,,,,,,,,,81.874,,,,
3151,29395733010497,2008,48.769517,-119.200267,47,2,,,,,,,,50.523,,,,,,,,,,72.867,,,,
3152,29395734010497,2008,47.896871,-122.998485,9,2,,,,,,,,318.176,,,,,,,,,,403.013,,,,
3153,29395735010497,2008,46.698265,-121.030298,77,2,,,,,,,,2.645,,,,,,,,,,4.792,,,,
3154,29395736010497,2008,48.227841,-121.230168,61,2,,,,,,,,13.049,,,,,,,,,,19.268,,,,
3155,29395737010497,2008,48.512493,-118.886061,47,2,,,,,,,,200.161,,,,,,,,,,218.449,,,,
3156,29395738010497,2008,48.808364,-117.184199,51,2,,,,,,,,196.714,,,,,,,,,,255.388,,,,
3157,29395740010497,2008,46.192458,-121.863937,59,2,,,,,,,,238.261,,,,,,,,,,328.713,,,,
3158,29395741010497,2008,48.678681,-122.001177,73,2,,,,,,,,30.176,,,,,,,,,,33.382,,,,
3159,29395742010497,2008,46.110257,-117.404452,3,2,,,,,,,,73.982,,,,,,,,,,106.939,,,,
3160,29395744010497,2008,46.055483,-117.951099,13,2,,,,,,,,20.906,,,,,,,,,,41.412,,,,
3161,29395747010497,2008,48.73547,-117.713877,65,2,,,,,,,,122.048,,,,,,,,,,154.298,,,,
3162,29395748010497,2008,47.07145,-121.268829,77,2,,,,,,,,358.587,,,,,,,,,,378.546,,,,
3163,29395749010497,2008,47.424938,-121.624368,33,2,,,,,,,,193.146,,,,,,,,,,267.83,,,,
3164,29881462010497,2009,48.208596,-121.342557,61,2,,,,,,,,,557.605,,,,,,,,,,606.025,,,
3165,29881467010497,2009,48.212664,-124.635429,9,2,,,,,,,,,188.933,,,,,,,,,,302.332,,,
3166,29881468010497,2009,48.207764,-124.481644,9,2,,,,,,,,,133.12,,,,,,,,,,274.62,,,
3167,29881470010497,2009,48.218427,-120.998104,61,2,,,,,,,,,126.398,,,,,,,,,,160.808,,,
3168,29881471010497,2009,48.183913,-120.459237,7,2,,,,,,,,,5.781,,,,,,,,,,6.565,,,
3169,29881473010497,2009,47.965003,-118.715203,19,2,,,,,,,,,114.929,,,,,,,,,,73.585,,,
3170,29881474010497,2009,48.08939,-117.434476,51,2,,,,,,,,,48.291,,,,,,,,,,49.164,,,
3171,29881478010497,2009,48.257127,-121.590693,61,2,,,,,,,,,149.968,,,,,,,,,,168.14,,,
3172,29881546010497,2009,48.174588,-118.311377,19,2,,,,,,,,,57.76,,,,,,,,,,72.958,,,
3173,29881549010497,2009,48.305813,-121.576986,57,2,,,,,,,,,273.036,,,,,,,,,,253.416,,,
3174,29881550010497,2009,48.28309,-120.304837,47,2,,,,,,,,,123.672,,,,,,,,,,138.34,,,
3175,29881552010497,2009,48.204861,-118.49455,19,2,,,,,,,,,126.36,,,,,,,,,,129.847,,,
3176,29881553010497,2009,48.188012,-117.937351,65,2,,,,,,,,,263.56,,,,,,,,,,227.251,,,
3177,29881556010497,2009,48.276134,-119.937406,47,2,,,,,,,,,68.843,,,,,,,,,,98.551,,,
3178,29881560010497,2009,48.353535,-121.415224,57,2,,,,,,,,,465.734,,,,,,,,,,588.724,,,
3179,29881562010497,2009,48.330935,-120.308386,47,2,,,,,,,,,73.817,,,,,,,,,,87.461,,,
3180,29881564010497,2009,48.318626,-119.080477,47,2,,,,,,,,,184.896,,,,,,,,,,17.825,,,
3181,29881626010497,2009,48.236864,-117.204096,51,2,,,,,,,,,104.219,,,,,,,,,,147.048,,,
3182,29881629010497,2009,48.754704,-117.137346,51,2,,,,,,,,,130.557,,,,,,,,,,165.122,,,
3183,29881630010497,2009,48.9698,-121.875635,73,2,,,,,,,,,409.17,,,,,,,,,,426.391,,,
3184,29881632010497,2009,48.917554,-120.046733,47,2,,,,,,,,,41.122,,,,,,,,,,42.639,,,
3185,29881633010497,2009,48.910641,-119.824696,47,2,,,,,,,,,115.888,,,,,,,,,,129.491,,,
3186,29881640010497,2009,48.93462,-118.69742,19,2,,,,,,,,,249.382,,,,,,,,,,266.073,,,
3187,29881641010497,2009,48.881203,-117.882509,65,2,,,,,,,,,74.829,,,,,,,,,,71.228,,,
3188,29881645010497,2009,48.921985,-117.514364,65,2,,,,,,,,,250.662,,,,,,,,,,249.303,,,
3189,29881646010497,2009,48.862409,-117.288925,51,2,,,,,,,,,98.306,,,,,,,,,,142.29,,,
3190,29881647010497,2009,48.98329,-118.959848,47,2,,,,,,,,,138.535,,,,,,,,,,142.708,,,
3191,29881708010497,2009,48.964942,-118.773533,19,2,,,,,,,,,206.201,,,,,,,,,,95.816,,,
3192,29881709010497,2009,48.992269,-118.40162,19,2,,,,,,,,,20.461,,,,,,,,,,15.5,,,
3193,29881710010497,2009,48.903798,-117.134056,51,2,,,,,,,,,215.355,,,,,,,,,,262.72,,,
3194,29881725010497,2009,48.318255,-118.721179,19,2,,,,,,,,,101.389,,,,,,,,,,76.299,,,
3195,29881793010497,2009,48.458252,-122.173475,57,2,,,,,,,,,34.001,,,,,,,,,,92.806,,,
3196,29881794010497,2009,48.462115,-121.848326,57,2,,,,,,,,,222.116,,,,,,,,,,244.534,,,
3197,29881795010497,2009,48.454365,-121.574748,57,2,,,,,,,,,29.455,,,,,,,,,,111.309,,,
3198,29881796010497,2009,48.42515,-120.295677,47,2,,,,,,,,,81.128,,,,,,,,,,97.835,,,
3199,29881797010497,2009,48.444231,-119.966022,47,2,,,,,,,,,23.847,,,,,,,,,,34.684,,,
3200,29881799010497,2009,48.362743,-118.517364,19,2,,,,,,,,,131.189,,,,,,,,,,148.752,,,
3201,29881801010497,2009,48.363177,-117.984589,65,2,,,,,,,,,41.583,,,,,,,,,,30.427,,,
3202,29881803010497,2009,48.478386,-121.770449,57,2,,,,,,,,,34.962,,,,,,,,,,90.577,,,
3203,29881804010497,2009,48.498678,-121.42178,57,2,,,,,,,,,28.296,,,,,,,,,,84.261,,,
3204,29881805010497,2009,48.501043,-121.259993,57,2,,,,,,,,,257.277,,,,,,,,,,288.822,,,
3205,29881844010497,2009,46.119162,-122.218165,59,2,,,,,,,,,224.659,,,,,,,,,,290.613,,,
3206,29881874010497,2009,48.475798,-119.089818,47,2,,,,,,,,,123.947,,,,,,,,,,153.451,,,
3207,29881875010497,2009,48.446114,-118.548734,19,2,,,,,,,,,113.156,,,,,,,,,,99.892,,,
3208,29881876010497,2009,48.428092,-117.411257,51,2,,,,,,,,,209.009,,,,,,,,,,214.503,,,
3209,29881878010497,2009,48.556497,-122.351944,57,2,,,,,,,,,71.45,,,,,,,,,,110.476,,,
3210,29881881010497,2009,48.566636,-120.18349,47,2,,,,,,,,,51.644,,,,,,,,,,60.617,,,
3211,29881882010497,2009,48.543259,-118.881219,47,2,,,,,,,,,48.378,,,,,,,,,,19.531,,,
3212,29881883010497,2009,48.478717,-118.733517,19,2,,,,,,,,,54.79,,,,,,,,,,31.386,,,
3213,29881885010497,2009,48.444917,-117.061701,51,2,,,,,,,,,276.383,,,,,,,,,,318.791,,,
3214,29881886010497,2009,48.605742,-122.164504,57,2,,,,,,,,,213.291,,,,,,,,,,285.05,,,
3215,29881887010497,2009,48.602158,-121.622778,57,2,,,,,,,,,402.409,,,,,,,,,,378.497,,,
3216,29881888010497,2009,48.58603,-120.592045,47,2,,,,,,,,,96.878,,,,,,,,,,80.051,,,
3217,29881889010497,2009,48.581761,-120.369761,47,2,,,,,,,,,45.912,,,,,,,,,,51.293,,,
3218,29881891010497,2009,48.517387,-118.508545,19,2,,,,,,,,,22.325,,,,,,,,,,38.146,,,
3219,29881959010497,2009,48.649437,-121.847391,73,2,,,,,,,,,253.394,,,,,,,,,,340.219,,,
3220,29881963010497,2009,48.545023,-118.171587,19,2,,,,,,,,,83.4,,,,,,,,,,67.469,,,
3221,29881965010497,2009,48.687038,-118.20612,19,2,,,,,,,,,95.546,,,,,,,,,,92.108,,,
3222,29881966010497,2009,48.051644,-120.055247,47,2,,,,,,,,,0.407,,,,,,,,,,1.21,,,
3223,29881967010497,2009,48.871867,-117.548973,65,2,,,,,,,,,93.407,,,,,,,,,,99.651,,,
3224,29881968010497,2009,48.430614,-121.922754,57,2,,,,,,,,,337.643,,,,,,,,,,326.666,,,
3225,29881970010497,2009,47.43407,-121.003434,37,2,,,,,,,,,13.045,,,,,,,,,,16.187,,,
3226,29881973010497,2009,48.07446,-120.654205,7,2,,,,,,,,,1.051,,,,,,,,,,2.474,,,
3227,29881974010497,2009,46.284231,-121.653348,59,2,,,,,,,,,117.624,,,,,,,,,,192.877,,,
3228,29881975010497,2009,48.747044,-119.121509,47,2,,,,,,,,,208.372,,,,,,,,,,170.756,,,
3229,29881977010497,2009,46.369634,-121.758048,59,2,,,,,,,,,367.981,,,,,,,,,,452.785,,,
3230,29881979010497,2009,48.249356,-119.946236,47,2,,,,,,,,,132.997,,,,,,,,,,130.764,,,
3231,29881980010497,2009,46.507103,-121.637127,41,2,,,,,,,,,383.575,,,,,,,,,,396.488,,,
3232,29882042010497,2009,46.89835,-121.08902,77,2,,,,,,,,,113.515,,,,,,,,,,105.115,,,
3233,29882043010497,2009,46.529643,-121.643784,41,2,,,,,,,,,434.345,,,,,,,,,,210.303,,,
3234,29882044010497,2009,48.044836,-120.500195,7,2,,,,,,,,,242.082,,,,,,,,,,241.326,,,
3235,29882045010497,2009,47.09509,-121.090994,37,2,,,,,,,,,354.177,,,,,,,,,,379.464,,,
3236,29882046010497,2009,47.389391,-120.865931,37,2,,,,,,,,,73.441,,,,,,,,,,69.187,,,
3237,29882047010497,2009,48.429889,-121.704527,57,2,,,,,,,,,112.033,,,,,,,,,,144.477,,,
3238,29882048010497,2009,45.771655,-121.765744,59,2,,,,,,,,,493.491,,,,,,,,,,519.576,,,
3239,29882049010497,2009,48.619091,-119.245542,47,2,,,,,,,,,19.578,,,,,,,,,,26.412,,,
3240,29882525010497,2009,45.651345,-122.138343,59,2,,,,,,,,,129.1,,,,,,,,,,195.773,,,
3241,29882526010497,2009,45.69915,-121.992304,59,2,,,,,,,,,285.208,,,,,,,,,,372.532,,,
3242,29882527010497,2009,45.715104,-121.627472,59,2,,,,,,,,,530.692,,,,,,,,,,574.612,,,
3243,29882530010497,2009,45.72959,-121.283034,39,2,,,,,,,,,60.599,,,,,,,,,,66.336,,,
3244,29882533010497,2009,45.801366,-122.118993,59,2,,,,,,,,,7.996,,,,,,,,,,32.117,,,
3245,29882535010497,2009,45.788441,-120.586529,39,2,,,,,,,,,20.155,,,,,,,,,,22.036,,,
3246,29882537010497,2009,45.851109,-121.982245,59,2,,,,,,,,,172.751,,,,,,,,,,221.728,,,
3247,29882538010497,2009,45.823367,-121.802893,59,2,,,,,,,,,142.857,,,,,,,,,,208.726,,,
3248,29882541010497,2009,45.898317,-121.62691,59,2,,,,,,,,,838.487,,,,,,,,,,965.919,,,
3249,29882542010497,2009,45.858845,-121.470017,39,2,,,,,,,,,158.453,,,,,,,,,,204.327,,,
3250,29882606010497,2009,45.88117,-121.150839,39,2,,,,,,,,,107.724,,,,,,,,,,141.762,,,
3251,29882607010497,2009,45.884047,-120.798456,39,2,,,,,,,,,31.06,,,,,,,,,,43.653,,,
3252,29882609010497,2009,45.933998,-122.514512,11,2,,,,,,,,,216.843,,,,,,,,,,249.62,,,
3253,29882610010497,2009,45.935663,-120.946115,39,2,,,,,,,,,25.737,,,,,,,,,,51.824,,,
3254,29882611010497,2009,45.886844,-120.724881,39,2,,,,,,,,,101.733,,,,,,,,,,87.259,,,
3255,29882614010497,2009,45.950133,-122.189178,59,2,,,,,,,,,452.251,,,,,,,,,,388.164,,,
3256,29882615010497,2009,45.992322,-121.832053,59,2,,,,,,,,,416.487,,,,,,,,,,407.695,,,
3257,29882616010497,2009,45.953401,-120.620008,39,2,,,,,,,,,57.546,,,,,,,,,,81.131,,,
3258,29882618010497,2009,46.019149,-121.496672,39,2,,,,,,,,,333.588,,,,,,,,,,369.295,,,
3259,29882619010497,2009,45.990964,-120.313034,39,2,,,,,,,,,67.311,,,,,,,,,,98.867,,,
3260,29882621010497,2009,46.045828,-121.835437,59,2,,,,,,,,,82.822,,,,,,,,,,141.523,,,
3261,29882622010497,2009,46.039173,-121.690407,59,2,,,,,,,,,271.917,,,,,,,,,,311.245,,,
3262,29882626010497,2009,46.096181,-122.562819,15,2,,,,,,,,,134.933,,,,,,,,,,223.899,,,
3263,29882703010497,2009,46.19437,-122.040076,59,2,,,,,,,,,622.617,,,,,,,,,,650.591,,,
3264,29882706010497,2009,48.159576,-121.706906,61,2,,,,,,,,,22.253,,,,,,,,,,19.187,,,
3265,29882715010497,2009,47.02512,-123.622906,27,2,,,,,,,,,25.338,,,,,,,,,,14.843,,,
3266,29882716010497,2009,47.031785,-123.092305,67,2,,,,,,,,,101.184,,,,,,,,,,200.659,,,
3267,29882717010497,2009,47.003828,-121.847599,53,2,,,,,,,,,351.198,,,,,,,,,,397.98,,,
3268,29882718010497,2009,47.025132,-121.308531,77,2,,,,,,,,,249.252,,,,,,,,,,280.137,,,
3269,29882725010497,2009,47.021987,-121.596618,53,2,,,,,,,,,285.078,,,,,,,,,,295.996,,,
3270,29882726010497,2009,47.031506,-121.526967,53,2,,,,,,,,,499.77,,,,,,,,,,538.86,,,
3271,29882727010497,2009,47.035401,-120.977786,37,2,,,,,,,,,42.962,,,,,,,,,,75.657,,,
3272,29882745010497,2009,48.159694,-121.825453,61,2,,,,,,,,,201.08,,,,,,,,,,199.457,,,
3273,29882746010497,2009,46.296306,-122.286755,15,2,,,,,,,,,4.33,,,,,,,,,,19.02,,,
3274,29882747010497,2009,48.635826,-120.441707,47,2,,,,,,,,,27.208,,,,,,,,,,32.521,,,
3275,29882748010497,2009,45.843054,-121.728438,59,2,,,,,,,,,111.48,,,,,,,,,,113.832,,,
3276,29882749010497,2009,47.996944,-120.731107,7,2,,,,,,,,,93.917,,,,,,,,,,77.677,,,
3277,29882751010497,2009,47.135692,-120.945265,37,2,,,,,,,,,177.988,,,,,,,,,,138.498,,,
3278,29882754010497,2009,48.182963,-121.854537,61,2,,,,,,,,,525.418,,,,,,,,,,503.02,,,
3279,29882757010497,2009,47.070344,-121.169344,37,2,,,,,,,,,208.871,,,,,,,,,,225.226,,,
3280,29882765010497,2009,47.106493,-122.618432,53,2,,,,,,,,,216.977,,,,,,,,,,293.792,,,
3281,29882767010497,2009,47.077899,-120.811578,37,2,,,,,,,,,66.155,,,,,,,,,,64.052,,,
3282,29882777010497,2009,46.647161,-121.029841,77,2,,,,,,,,,116.454,,,,,,,,,,146.241,,,
3283,29882779010497,2009,48.537692,-118.771718,19,2,,,,,,,,,105.15,,,,,,,,,,117.796,,,
3284,29882780010497,2009,47.267131,-121.328858,37,2,,,,,,,,,163.493,,,,,,,,,,172.187,,,
3285,29882781010497,2009,46.319789,-121.963776,59,2,,,,,,,,,403.968,,,,,,,,,,507.355,,,
3286,29882782010497,2009,48.925784,-117.468272,65,2,,,,,,,,,123.266,,,,,,,,,,148.826,,,
3287,29882783010497,2009,47.373716,-123.866625,27,2,,,,,,,,,158.667,,,,,,,,,,197.295,,,
3288,29882785010497,2009,48.579726,-120.326674,47,2,,,,,,,,,45.84,,,,,,,,,,59.336,,,
3289,29882786010497,2009,47.328283,-120.606347,37,2,,,,,,,,,347.917,,,,,,,,,,310.943,,,
3290,29882787010497,2009,48.453778,-117.485532,51,2,,,,,,,,,149.732,,,,,,,,,,192.873,,,
3291,29882788010497,2009,45.952979,-122.076908,59,2,,,,,,,,,160.841,,,,,,,,,,239.851,,,
3292,29882792010497,2009,47.629428,-123.171923,31,2,,,,,,,,,306.882,,,,,,,,,,149.116,,,
3293,29882793010497,2009,48.56448,-120.556957,47,2,,,,,,,,,99.4,,,,,,,,,,100.897,,,
3294,29882794010497,2009,47.055775,-121.627547,53,2,,,,,,,,,475.316,,,,,,,,,,503.554,,,
3295,29882795010497,2009,46.194971,-122.078898,59,2,,,,,,,,,253.142,,,,,,,,,,356.762,,,
3296,29882796010497,2009,48.584468,-120.620329,47,2,,,,,,,,,235.44,,,,,,,,,,204.699,,,
3297,29882797010497,2009,46.192019,-117.470862,23,2,,,,,,,,,296.569,,,,,,,,,,347.992,,,
3298,29882806010497,2009,47.19389,-121.536841,33,2,,,,,,,,,413.787,,,,,,,,,,428.064,,,
3299,29882807010497,2009,47.180927,-121.346548,33,2,,,,,,,,,299.297,,,,,,,,,,331.095,,,
3300,29882816010497,2009,47.228146,-121.151801,37,2,,,,,,,,,54.153,,,,,,,,,,62.823,,,
3301,29882817010497,2009,47.191249,-120.99381,37,2,,,,,,,,,11.039,,,,,,,,,,57.805,,,
3302,29882820010497,2009,46.580694,-121.277304,77,2,,,,,,,,,34.432,,,,,,,,,,66.802,,,
3303,29882823010497,2009,48.890165,-119.262258,47,2,,,,,,,,,22.331,,,,,,,,,,42.701,,,
3304,29882824010497,2009,47.988483,-123.946915,9,2,,,,,,,,,57.685,,,,,,,,,,123.0,,,
3305,29882825010497,2009,46.658535,-121.8945,41,2,,,,,,,,,620.326,,,,,,,,,,579.875,,,
3306,29882826010497,2009,47.993656,-123.179567,9,2,,,,,,,,,218.405,,,,,,,,,,278.351,,,
3307,29882827010497,2009,47.543395,-120.373357,7,2,,,,,,,,,0.671,,,,,,,,,,0.793,,,
3308,29882830010497,2009,47.395059,-121.518329,33,2,,,,,,,,,61.433,,,,,,,,,,94.864,,,
3309,29882831010497,2009,47.046921,-121.052451,37,2,,,,,,,,,134.926,,,,,,,,,,166.297,,,
3310,29882832010497,2009,46.60843,-121.715263,41,2,,,,,,,,,514.048,,,,,,,,,,475.579,,,
3311,29882835010497,2009,48.161244,-121.597576,61,2,,,,,,,,,206.211,,,,,,,,,,193.991,,,
3312,29882836010497,2009,48.544314,-119.927223,47,2,,,,,,,,,152.876,,,,,,,,,,105.735,,,
3313,29882837010497,2009,46.459403,-121.899975,41,2,,,,,,,,,361.339,,,,,,,,,,340.962,,,
3314,29882838010497,2009,47.25733,-120.535528,37,2,,,,,,,,,185.971,,,,,,,,,,1.746,,,
3315,29882839010497,2009,48.686346,-117.268486,51,2,,,,,,,,,165.44,,,,,,,,,,135.117,,,
3316,29882840010497,2009,48.092032,-121.709877,61,2,,,,,,,,,160.637,,,,,,,,,,209.688,,,
3317,29882841010497,2009,48.186352,-121.56765,61,2,,,,,,,,,216.227,,,,,,,,,,298.555,,,
3318,29882865010497,2009,47.256586,-120.828807,37,2,,,,,,,,,24.844,,,,,,,,,,51.67,,,
3319,29882871010497,2009,47.282603,-123.895756,27,2,,,,,,,,,112.468,,,,,,,,,,130.409,,,
3320,29882873010497,2009,47.284262,-122.064953,33,2,,,,,,,,,102.039,,,,,,,,,,174.946,,,
3321,29882879010497,2009,47.333514,-123.655151,27,2,,,,,,,,,226.371,,,,,,,,,,175.307,,,
3322,29882880010497,2009,46.885031,-123.656184,27,2,,,,,,,,,126.12,,,,,,,,,,161.046,,,
3323,29882882010497,2009,47.242335,-121.413197,33,2,,,,,,,,,6.984,,,,,,,,,,62.42,,,
3324,29882883010497,2009,48.619429,-118.391039,19,2,,,,,,,,,157.272,,,,,,,,,,135.606,,,
3325,29882885010497,2009,48.715674,-120.696919,73,2,,,,,,,,,128.759,,,,,,,,,,141.243,,,
3326,29882886010497,2009,47.329585,-120.572389,7,2,,,,,,,,,47.401,,,,,,,,,,34.466,,,
3327,29882887010497,2009,48.252301,-120.192478,47,2,,,,,,,,,146.949,,,,,,,,,,115.95,,,
3328,29882889010497,2009,46.65451,-122.412194,41,2,,,,,,,,,427.586,,,,,,,,,,464.775,,,
3329,29882890010497,2009,48.590109,-118.39995,19,2,,,,,,,,,222.779,,,,,,,,,,211.987,,,
3330,29882891010497,2009,48.058154,-121.45526,61,2,,,,,,,,,107.639,,,,,,,,,,118.924,,,
3331,29882892010497,2009,47.245303,-121.299539,37,2,,,,,,,,,96.051,,,,,,,,,,203.229,,,
3332,29882894010497,2009,46.511386,-121.57192,41,2,,,,,,,,,147.7,,,,,,,,,,224.681,,,
3333,29882895010497,2009,48.012966,-124.326036,9,2,,,,,,,,,449.71,,,,,,,,,,429.259,,,
3334,29882899010497,2009,47.969798,-120.579184,7,2,,,,,,,,,171.797,,,,,,,,,,16.623,,,
3335,29882900010497,2009,45.973096,-122.11564,59,2,,,,,,,,,252.998,,,,,,,,,,272.11,,,
3336,29882901010497,2009,48.466733,-119.820457,47,2,,,,,,,,,85.946,,,,,,,,,,9.396,,,
3337,29882902010497,2009,48.523423,-119.14378,47,2,,,,,,,,,131.16,,,,,,,,,,103.273,,,
3338,29882903010497,2009,45.871895,-121.699988,59,2,,,,,,,,,280.886,,,,,,,,,,285.855,,,
3339,29882923010497,2009,47.331277,-121.380559,37,2,,,,,,,,,72.7,,,,,,,,,,145.201,,,
3340,29882930010497,2009,47.380783,-121.564039,33,2,,,,,,,,,46.984,,,,,,,,,,92.07,,,
3341,29882931010497,2009,47.363556,-121.030129,37,2,,,,,,,,,96.078,,,,,,,,,,25.304,,,
3342,29882937010497,2009,47.426539,-124.246297,27,2,,,,,,,,,85.483,,,,,,,,,,103.711,,,
3343,29882938010497,2009,47.387061,-123.00582,45,2,,,,,,,,,38.816,,,,,,,,,,58.784,,,
3344,29882940010497,2009,47.360911,-121.224601,37,2,,,,,,,,,232.331,,,,,,,,,,221.895,,,
3345,29882941010497,2009,47.383389,-120.661539,7,2,,,,,,,,,53.575,,,,,,,,,,50.24,,,
3346,29882945010497,2009,48.001823,-120.798745,7,2,,,,,,,,,143.767,,,,,,,,,,159.619,,,
3347,29882946010497,2009,48.597965,-120.110083,47,2,,,,,,,,,32.007,,,,,,,,,,38.031,,,
3348,29882947010497,2009,48.497345,-118.519766,19,2,,,,,,,,,222.707,,,,,,,,,,193.63,,,
3349,29882948010497,2009,47.019358,-120.908034,37,2,,,,,,,,,135.516,,,,,,,,,,113.405,,,
3350,29882949010497,2009,47.998446,-123.147304,9,2,,,,,,,,,476.255,,,,,,,,,,503.401,,,
3351,29882950010497,2009,46.070754,-121.58266,59,2,,,,,,,,,575.376,,,,,,,,,,597.67,,,
3352,29882951010497,2009,48.727905,-121.699784,73,2,,,,,,,,,322.369,,,,,,,,,,326.984,,,
3353,29882952010497,2009,45.84956,-122.016081,59,2,,,,,,,,,365.236,,,,,,,,,,273.097,,,
3354,29882953010497,2009,48.013339,-120.49893,7,2,,,,,,,,,34.211,,,,,,,,,,42.174,,,
3355,29882954010497,2009,48.364331,-117.785725,65,2,,,,,,,,,299.682,,,,,,,,,,314.115,,,
3356,29882955010497,2009,48.591326,-119.736321,47,2,,,,,,,,,63.423,,,,,,,,,,66.142,,,
3357,29882956010497,2009,46.343363,-121.924994,59,2,,,,,,,,,59.723,,,,,,,,,,101.762,,,
3358,29882957010497,2009,48.308062,-120.116174,47,2,,,,,,,,,55.448,,,,,,,,,,70.561,,,
3359,29882959010497,2009,48.694976,-118.498155,19,2,,,,,,,,,139.967,,,,,,,,,,162.981,,,
3360,29882960010497,2009,48.524292,-121.249943,57,2,,,,,,,,,382.719,,,,,,,,,,438.076,,,
3361,29882961010497,2009,47.375536,-120.578588,7,2,,,,,,,,,142.165,,,,,,,,,,120.255,,,
3362,29882962010497,2009,48.187261,-120.269533,47,2,,,,,,,,,75.452,,,,,,,,,,85.342,,,
3363,29882963010497,2009,48.898861,-119.336456,47,2,,,,,,,,,83.747,,,,,,,,,,89.571,,,
3364,29882964010497,2009,48.768878,-120.099109,47,2,,,,,,,,,66.015,,,,,,,,,,39.296,,,
3365,29882987010497,2009,47.423801,-122.07626,33,2,,,,,,,,,192.849,,,,,,,,,,84.35,,,
3366,29882988010497,2009,47.40509,-120.854018,37,2,,,,,,,,,51.376,,,,,,,,,,60.518,,,
3367,29882992010497,2009,47.425762,-124.113738,27,2,,,,,,,,,26.761,,,,,,,,,,34.736,,,
3368,29882993010497,2009,47.474113,-123.536632,27,2,,,,,,,,,196.173,,,,,,,,,,199.712,,,
3369,29882995010497,2009,47.47436,-121.786663,33,2,,,,,,,,,107.092,,,,,,,,,,139.492,,,
3370,29882996010497,2009,47.422848,-120.49214,7,2,,,,,,,,,84.193,,,,,,,,,,88.66,,,
3371,29883001010497,2009,47.529013,-123.182144,45,2,,,,,,,,,80.174,,,,,,,,,,137.57,,,
3372,29883002010497,2009,47.476256,-121.927994,33,2,,,,,,,,,404.389,,,,,,,,,,478.9,,,
3373,29883003010497,2009,47.489001,-121.40683,33,2,,,,,,,,,145.753,,,,,,,,,,184.494,,,
3374,29883006010497,2009,48.281712,-121.492844,61,2,,,,,,,,,506.071,,,,,,,,,,534.664,,,
3375,29883007010497,2009,48.680889,-121.804742,73,2,,,,,,,,,269.808,,,,,,,,,,236.29,,,
3376,29883008010497,2009,47.4475,-123.648977,27,2,,,,,,,,,614.181,,,,,,,,,,592.619,,,
3377,29883010010497,2009,48.640551,-118.240261,19,2,,,,,,,,,90.04,,,,,,,,,,111.032,,,
3378,29883011010497,2009,48.68974,-118.461482,19,2,,,,,,,,,106.185,,,,,,,,,,36.682,,,
3379,29883012010497,2009,48.090672,-124.135961,9,2,,,,,,,,,400.154,,,,,,,,,,414.132,,,
3380,29883013010497,2009,47.151413,-121.583746,33,2,,,,,,,,,79.58,,,,,,,,,,124.769,,,
3381,29883016010497,2009,48.265221,-117.172209,51,2,,,,,,,,,23.99,,,,,,,,,,59.165,,,
3382,29883019010497,2009,48.731385,-117.196468,51,2,,,,,,,,,166.25,,,,,,,,,,185.812,,,
3383,29883020010497,2009,45.927104,-121.660239,59,2,,,,,,,,,356.569,,,,,,,,,,372.804,,,
3384,29883021010497,2009,46.070993,-121.694858,59,2,,,,,,,,,46.589,,,,,,,,,,114.37,,,
3385,29883023010497,2009,48.10899,-121.530625,61,2,,,,,,,,,128.708,,,,,,,,,,194.911,,,
3386,29883024010497,2009,46.270032,-121.654815,59,2,,,,,,,,,205.851,,,,,,,,,,220.206,,,
3387,29883025010497,2009,48.718722,-120.018529,47,2,,,,,,,,,46.048,,,,,,,,,,28.645,,,
3388,29883027010497,2009,48.019922,-124.033253,9,2,,,,,,,,,1130.533,,,,,,,,,,1088.754,,,
3389,29883045010497,2009,46.090509,-118.058185,71,2,,,,,,,,,18.953,,,,,,,,,,33.362,,,
3390,29883050010497,2009,47.550633,-122.836061,35,2,,,,,,,,,48.606,,,,,,,,,,139.094,,,
3391,29883051010497,2009,47.518484,-121.583529,33,2,,,,,,,,,72.264,,,,,,,,,,29.106,,,
3392,29883052010497,2009,47.511904,-121.066021,37,2,,,,,,,,,75.397,,,,,,,,,,84.335,,,
3393,29883062010497,2009,47.580412,-120.889178,7,2,,,,,,,,,528.272,,,,,,,,,,522.658,,,
3394,29883063010497,2009,47.550903,-120.704483,7,2,,,,,,,,,120.931,,,,,,,,,,131.399,,,
3395,29883066010497,2009,47.461233,-117.311319,63,2,,,,,,,,,44.727,,,,,,,,,,55.852,,,
3396,29883068010497,2009,47.597559,-123.9447,31,2,,,,,,,,,301.749,,,,,,,,,,105.383,,,
3397,29883069010497,2009,48.857254,-118.302221,19,2,,,,,,,,,142.67,,,,,,,,,,127.051,,,
3398,29883070010497,2009,46.750364,-121.131446,77,2,,,,,,,,,108.144,,,,,,,,,,70.169,,,
3399,29883071010497,2009,48.985719,-117.244297,51,2,,,,,,,,,63.026,,,,,,,,,,84.458,,,
3400,29883072010497,2009,47.708893,-121.101916,33,2,,,,,,,,,594.833,,,,,,,,,,596.435,,,
3401,29883073010497,2009,48.327554,-120.196707,47,2,,,,,,,,,150.101,,,,,,,,,,126.147,,,
3402,29883074010497,2009,47.963917,-124.284506,9,2,,,,,,,,,24.592,,,,,,,,,,38.208,,,
3403,29883076010497,2009,47.742292,-121.57252,33,2,,,,,,,,,355.526,,,,,,,,,,328.891,,,
3404,29883078010497,2009,48.090904,-120.639704,7,2,,,,,,,,,17.866,,,,,,,,,,26.904,,,
3405,29883080010497,2009,48.282476,-117.542159,65,2,,,,,,,,,299.22,,,,,,,,,,305.644,,,
3406,29883081010497,2009,46.08838,-121.763332,59,2,,,,,,,,,79.314,,,,,,,,,,84.948,,,
3407,29883083010497,2009,46.197104,-117.638196,13,2,,,,,,,,,65.787,,,,,,,,,,66.737,,,
3408,29883084010497,2009,48.815014,-117.263121,51,2,,,,,,,,,115.279,,,,,,,,,,37.986,,,
3409,29883086010497,2009,47.904542,-120.802364,7,2,,,,,,,,,97.453,,,,,,,,,,108.305,,,
3410,29883087010497,2009,48.932103,-117.092852,51,2,,,,,,,,,427.47,,,,,,,,,,447.382,,,
3411,29883088010497,2009,47.501407,-123.576604,27,2,,,,,,,,,356.945,,,,,,,,,,350.476,,,
3412,29883089010497,2009,45.924942,-122.185415,59,2,,,,,,,,,130.072,,,,,,,,,,230.63,,,
3413,29883090010497,2009,46.187362,-121.687953,59,2,,,,,,,,,51.742,,,,,,,,,,118.757,,,
3414,29883091010497,2009,46.200974,-121.16862,77,2,,,,,,,,,142.852,,,,,,,,,,218.055,,,
3415,29883094010497,2009,46.12921,-117.870526,13,2,,,,,,,,,134.882,,,,,,,,,,80.191,,,
3416,29883095010497,2009,46.079357,-117.733244,13,2,,,,,,,,,63.435,,,,,,,,,,81.048,,,
3417,29883096010497,2009,46.108072,-117.366325,3,2,,,,,,,,,199.869,,,,,,,,,,226.865,,,
3418,29883098010497,2009,46.242803,-122.55866,15,2,,,,,,,,,157.921,,,,,,,,,,212.362,,,
3419,29883099010497,2009,46.239978,-122.038451,59,2,,,,,,,,,49.649,,,,,,,,,,95.555,,,
3420,29883102010497,2009,46.239421,-120.868495,77,2,,,,,,,,,88.448,,,,,,,,,,68.151,,,
3421,29883107010497,2009,46.13618,-117.549103,23,2,,,,,,,,,175.011,,,,,,,,,,189.138,,,
3422,29883112010497,2009,47.577982,-123.595818,31,2,,,,,,,,,276.943,,,,,,,,,,295.784,,,
3423,29883121010497,2009,47.619265,-124.09888,31,2,,,,,,,,,333.971,,,,,,,,,,332.505,,,
3424,29883122010497,2009,47.626121,-123.590469,31,2,,,,,,,,,542.112,,,,,,,,,,460.259,,,
3425,29883130010497,2009,47.667514,-123.241996,31,2,,,,,,,,,491.454,,,,,,,,,,534.687,,,
3426,29883135010497,2009,46.142353,-122.287408,15,2,,,,,,,,,237.511,,,,,,,,,,188.218,,,
3427,29883136010497,2009,45.869066,-121.653855,59,2,,,,,,,,,619.111,,,,,,,,,,669.4,,,
3428,29883137010497,2009,46.485375,-121.644451,41,2,,,,,,,,,103.285,,,,,,,,,,193.711,,,
3429,29883139010497,2009,47.379527,-120.493614,7,2,,,,,,,,,13.567,,,,,,,,,,9.568,,,
3430,29883141010497,2009,47.751847,-120.503272,7,2,,,,,,,,,248.368,,,,,,,,,,294.852,,,
3431,29883142010497,2009,48.774506,-120.246525,47,2,,,,,,,,,29.471,,,,,,,,,,15.867,,,
3432,29883143010497,2009,47.451342,-123.833611,27,2,,,,,,,,,677.113,,,,,,,,,,634.524,,,
3433,29883144010497,2009,47.503538,-123.405837,45,2,,,,,,,,,375.661,,,,,,,,,,354.184,,,
3434,29883147010497,2009,47.387782,-121.073437,37,2,,,,,,,,,195.719,,,,,,,,,,99.686,,,
3435,29883148010497,2009,48.619399,-119.956106,47,2,,,,,,,,,18.58,,,,,,,,,,26.473,,,
3436,29883149010497,2009,48.254055,-121.222757,61,2,,,,,,,,,46.577,,,,,,,,,,71.647,,,
3437,29883150010497,2009,48.385452,-117.195544,51,2,,,,,,,,,180.286,,,,,,,,,,190.645,,,
3438,29883151010497,2009,48.559499,-120.406716,47,2,,,,,,,,,200.942,,,,,,,,,,241.176,,,
3439,29883152010497,2009,46.617175,-122.362584,41,2,,,,,,,,,556.566,,,,,,,,,,528.859,,,
3440,29883153010497,2009,47.924247,-120.769535,7,2,,,,,,,,,210.048,,,,,,,,,,100.14,,,
3441,29883155010497,2009,46.957256,-121.919967,53,2,,,,,,,,,137.638,,,,,,,,,,249.141,,,
3442,29883162010497,2009,46.287695,-121.895852,59,2,,,,,,,,,61.446,,,,,,,,,,118.481,,,
3443,29883169010497,2009,46.378061,-123.490088,69,2,,,,,,,,,10.747,,,,,,,,,,74.816,,,
3444,29883170010497,2009,46.345849,-123.303087,69,2,,,,,,,,,151.213,,,,,,,,,,227.886,,,
3445,29883171010497,2009,46.363438,-121.709402,59,2,,,,,,,,,217.062,,,,,,,,,,236.137,,,
3446,29883172010497,2009,46.334105,-121.543538,59,2,,,,,,,,,121.572,,,,,,,,,,138.672,,,
3447,29883173010497,2009,46.379164,-121.219182,77,2,,,,,,,,,98.513,,,,,,,,,,119.892,,,
3448,29883182010497,2009,47.730531,-123.031601,31,2,,,,,,,,,377.032,,,,,,,,,,428.718,,,
3449,29883184010497,2009,47.707769,-121.291876,33,2,,,,,,,,,203.799,,,,,,,,,,215.593,,,
3450,29883185010497,2009,47.681994,-121.083086,7,2,,,,,,,,,116.419,,,,,,,,,,128.752,,,
3451,29883190010497,2009,47.574271,-117.172795,63,2,,,,,,,,,23.526,,,,,,,,,,33.428,,,
3452,29883191010497,2009,47.724388,-124.326118,31,2,,,,,,,,,113.229,,,,,,,,,,192.282,,,
3453,29883195010497,2009,47.757184,-120.915876,7,2,,,,,,,,,133.03,,,,,,,,,,184.677,,,
3454,29883200010497,2009,46.153807,-117.832114,13,2,,,,,,,,,59.295,,,,,,,,,,69.183,,,
3455,29883201010497,2009,46.117557,-121.752442,59,2,,,,,,,,,285.854,,,,,,,,,,289.806,,,
3456,29883202010497,2009,47.869875,-122.993962,9,2,,,,,,,,,478.848,,,,,,,,,,542.26,,,
3457,29883203010497,2009,47.098685,-121.444657,33,2,,,,,,,,,181.945,,,,,,,,,,198.137,,,
3458,29883204010497,2009,47.673839,-120.598356,7,2,,,,,,,,,68.486,,,,,,,,,,87.216,,,
3459,29883206010497,2009,47.869946,-120.321908,7,2,,,,,,,,,3.712,,,,,,,,,,11.37,,,
3460,29883207010497,2009,46.609712,-121.855319,41,2,,,,,,,,,555.826,,,,,,,,,,612.417,,,
3461,29883208010497,2009,46.036495,-117.486143,23,2,,,,,,,,,82.819,,,,,,,,,,78.1,,,
3462,29883209010497,2009,48.362304,-117.606497,65,2,,,,,,,,,89.384,,,,,,,,,,101.499,,,
3463,29883210010497,2009,46.685172,-121.492311,41,2,,,,,,,,,380.738,,,,,,,,,,375.306,,,
3464,29883211010497,2009,48.060661,-120.136106,47,2,,,,,,,,,39.466,,,,,,,,,,84.211,,,
3465,29883212010497,2009,47.319454,-121.297628,37,2,,,,,,,,,559.138,,,,,,,,,,502.42,,,
3466,29883214010497,2009,47.238242,-120.679014,37,2,,,,,,,,,264.201,,,,,,,,,,238.717,,,
3467,29883215010497,2009,46.289673,-121.796505,59,2,,,,,,,,,182.342,,,,,,,,,,197.393,,,
3468,29883216010497,2009,46.241799,-121.862554,59,2,,,,,,,,,129.171,,,,,,,,,,135.504,,,
3469,29883217010497,2009,47.767183,-120.21946,7,2,,,,,,,,,4.15,,,,,,,,,,5.109,,,
3470,29883218010497,2009,46.610464,-121.887728,41,2,,,,,,,,,117.535,,,,,,,,,,91.506,,,
3471,29883219010497,2009,48.681807,-121.886871,73,2,,,,,,,,,307.272,,,,,,,,,,339.544,,,
3472,29883220010497,2009,48.527636,-121.546058,57,2,,,,,,,,,302.251,,,,,,,,,,343.781,,,
3473,29883223010497,2009,46.387009,-122.954983,15,2,,,,,,,,,190.896,,,,,,,,,,299.627,,,
3474,29883224010497,2009,46.394395,-121.383529,77,2,,,,,,,,,61.534,,,,,,,,,,81.483,,,
3475,29883229010497,2009,46.256171,-117.389061,3,2,,,,,,,,,62.165,,,,,,,,,,54.903,,,
3476,29883231010497,2009,46.393309,-122.63238,41,2,,,,,,,,,276.952,,,,,,,,,,355.617,,,
3477,29883233010497,2009,46.43433,-121.01984,77,2,,,,,,,,,139.273,,,,,,,,,,165.019,,,
3478,29883240010497,2009,46.481801,-122.428664,41,2,,,,,,,,,247.318,,,,,,,,,,356.699,,,
3479,29883241010497,2009,46.466433,-121.920648,41,2,,,,,,,,,751.7,,,,,,,,,,809.782,,,
3480,29883247010497,2009,47.748763,-120.544216,7,2,,,,,,,,,168.079,,,,,,,,,,203.147,,,
3481,29883253010497,2009,47.815322,-122.005898,61,2,,,,,,,,,379.776,,,,,,,,,,335.489,,,
3482,29883254010497,2009,47.81149,-121.498547,61,2,,,,,,,,,541.37,,,,,,,,,,607.896,,,
3483,29883255010497,2009,47.805986,-121.058865,7,2,,,,,,,,,101.144,,,,,,,,,,98.655,,,
3484,29883263010497,2009,47.854844,-121.126505,7,2,,,,,,,,,364.742,,,,,,,,,,342.804,,,
3485,29883265010497,2009,48.689929,-118.274702,19,2,,,,,,,,,45.514,,,,,,,,,,23.417,,,
3486,29883266010497,2009,48.64836,-121.589352,73,2,,,,,,,,,378.316,,,,,,,,,,353.531,,,
3487,29883268010497,2009,48.690388,-117.240054,51,2,,,,,,,,,288.365,,,,,,,,,,315.936,,,
3488,29883271010497,2009,47.286265,-120.755714,37,2,,,,,,,,,183.962,,,,,,,,,,184.322,,,
3489,29883272010497,2009,47.626515,-120.627457,7,2,,,,,,,,,138.541,,,,,,,,,,166.93,,,
3490,29883273010497,2009,45.902288,-122.215267,59,2,,,,,,,,,870.74,,,,,,,,,,920.804,,,
3491,29883274010497,2009,46.561319,-121.645948,41,2,,,,,,,,,271.156,,,,,,,,,,299.212,,,
3492,29883275010497,2009,48.23672,-121.556253,61,2,,,,,,,,,651.645,,,,,,,,,,782.524,,,
3493,29883276010497,2009,48.413425,-117.703226,65,2,,,,,,,,,212.567,,,,,,,,,,240.474,,,
3494,29883277010497,2009,48.523394,-118.48162,19,2,,,,,,,,,19.84,,,,,,,,,,63.401,,,
3495,29883278010497,2009,48.106458,-120.173279,47,2,,,,,,,,,67.358,,,,,,,,,,41.552,,,
3496,29883279010497,2009,46.14522,-121.942173,59,2,,,,,,,,,362.236,,,,,,,,,,450.279,,,
3497,29883280010497,2009,48.279961,-117.061593,51,2,,,,,,,,,111.137,,,,,,,,,,122.461,,,
3498,29883281010497,2009,47.683609,-120.61992,7,2,,,,,,,,,111.782,,,,,,,,,,126.279,,,
3499,29883282010497,2009,47.455987,-123.579358,27,2,,,,,,,,,111.186,,,,,,,,,,61.581,,,
3500,29883284010497,2009,46.062835,-121.721427,59,2,,,,,,,,,302.454,,,,,,,,,,292.792,,,
3501,29883286010497,2009,47.892756,-123.115659,9,2,,,,,,,,,617.503,,,,,,,,,,594.352,,,
3502,29883290010497,2009,46.496743,-123.882302,49,2,,,,,,,,,190.167,,,,,,,,,,231.344,,,
3503,29883292010497,2009,46.486053,-121.59801,41,2,,,,,,,,,469.653,,,,,,,,,,487.048,,,
3504,29883299010497,2009,46.545621,-123.030415,41,2,,,,,,,,,42.644,,,,,,,,,,136.299,,,
3505,29883300010497,2009,46.53356,-121.749165,41,2,,,,,,,,,669.082,,,,,,,,,,717.801,,,
3506,29883301010497,2009,46.529104,-121.250392,77,2,,,,,,,,,159.826,,,,,,,,,,174.925,,,
3507,29883308010497,2009,46.559849,-121.407557,41,2,,,,,,,,,435.719,,,,,,,,,,402.582,,,
3508,29883313010497,2009,47.872628,-123.107887,9,2,,,,,,,,,201.187,,,,,,,,,,240.401,,,
3509,29883315010497,2009,47.857592,-121.280929,61,2,,,,,,,,,75.068,,,,,,,,,,153.685,,,
3510,29883316010497,2009,47.857897,-120.79138,7,2,,,,,,,,,355.2,,,,,,,,,,373.947,,,
3511,29883325010497,2009,47.892697,-120.407635,7,2,,,,,,,,,58.844,,,,,,,,,,69.529,,,
3512,29883329010497,2009,47.962912,-124.209066,9,2,,,,,,,,,345.949,,,,,,,,,,405.666,,,
3513,29883330010497,2009,47.971811,-123.664196,9,2,,,,,,,,,920.149,,,,,,,,,,887.384,,,
3514,29883331010497,2009,47.8086,-121.02978,7,2,,,,,,,,,386.259,,,,,,,,,,392.233,,,
3515,29883332010497,2009,48.62313,-121.399669,57,2,,,,,,,,,279.599,,,,,,,,,,305.034,,,
3516,29883333010497,2009,46.996224,-121.163339,77,2,,,,,,,,,126.597,,,,,,,,,,127.777,,,
3517,29883334010497,2009,48.784576,-117.383181,51,2,,,,,,,,,233.598,,,,,,,,,,270.635,,,
3518,29883335010497,2009,46.144844,-121.655262,59,2,,,,,,,,,303.508,,,,,,,,,,326.877,,,
3519,29883336010497,2009,46.194532,-121.792946,59,2,,,,,,,,,956.742,,,,,,,,,,988.238,,,
3520,29883337010497,2009,48.273503,-121.463223,61,2,,,,,,,,,226.917,,,,,,,,,,252.309,,,
3521,29883339010497,2009,47.33804,-123.508381,45,2,,,,,,,,,133.022,,,,,,,,,,211.311,,,
3522,29883340010497,2009,48.498857,-121.554512,57,2,,,,,,,,,232.633,,,,,,,,,,283.538,,,
3523,29883352010497,2009,46.614336,-122.318601,41,2,,,,,,,,,343.524,,,,,,,,,,389.767,,,
3524,29883362010497,2009,46.544886,-123.236191,41,2,,,,,,,,,128.724,,,,,,,,,,211.425,,,
3525,29883363010497,2009,46.636436,-121.959763,41,2,,,,,,,,,29.818,,,,,,,,,,73.065,,,
3526,29883366010497,2009,47.973934,-121.861925,61,2,,,,,,,,,137.266,,,,,,,,,,182.498,,,
3527,29883367010497,2009,47.924758,-120.574795,7,2,,,,,,,,,136.174,,,,,,,,,,149.825,,,
3528,29883371010497,2009,47.977271,-123.824141,9,2,,,,,,,,,91.606,,,,,,,,,,93.145,,,
3529,29883372010497,2009,47.970779,-123.29466,9,2,,,,,,,,,179.714,,,,,,,,,,209.97,,,
3530,29883377010497,2009,47.864073,-118.429083,19,2,,,,,,,,,5.883,,,,,,,,,,6.351,,,
3531,29883379010497,2009,47.86199,-117.913521,65,2,,,,,,,,,37.808,,,,,,,,,,50.322,,,
3532,29883381010497,2009,48.022464,-123.464838,9,2,,,,,,,,,133.674,,,,,,,,,,120.4,,,
3533,29883382010497,2009,48.016113,-122.938888,31,2,,,,,,,,,156.768,,,,,,,,,,262.956,,,
3534,29883383010497,2009,48.004228,-121.684903,61,2,,,,,,,,,328.824,,,,,,,,,,360.845,,,
3535,29883385010497,2009,48.004704,-121.12816,61,2,,,,,,,,,36.892,,,,,,,,,,36.868,,,
3536,29883390010497,2009,46.658302,-123.873987,49,2,,,,,,,,,206.747,,,,,,,,,,225.597,,,
3537,29883393010497,2009,46.675413,-121.60703,41,2,,,,,,,,,523.554,,,,,,,,,,600.457,,,
3538,29883400010497,2009,46.68243,-123.019549,41,2,,,,,,,,,44.73,,,,,,,,,,115.171,,,
3539,29883402010497,2009,46.679955,-121.817813,41,2,,,,,,,,,347.547,,,,,,,,,,402.71,,,
3540,29883403010497,2009,46.718553,-121.448755,41,2,,,,,,,,,319.329,,,,,,,,,,338.495,,,
3541,29883404010497,2009,46.674515,-121.247167,77,2,,,,,,,,,298.376,,,,,,,,,,241.561,,,
3542,29883411010497,2009,47.916308,-117.731036,65,2,,,,,,,,,99.735,,,,,,,,,,121.136,,,
3543,29883413010497,2009,48.064729,-123.155871,9,2,,,,,,,,,87.285,,,,,,,,,,150.794,,,
3544,29883415010497,2009,48.056184,-122.595881,29,2,,,,,,,,,110.804,,,,,,,,,,179.476,,,
3545,29883416010497,2009,48.013602,-121.722198,61,2,,,,,,,,,101.604,,,,,,,,,,165.731,,,
3546,29883418010497,2009,48.049098,-120.800683,7,2,,,,,,,,,52.096,,,,,,,,,,37.361,,,
3547,29883423010497,2009,47.894246,-117.188625,63,2,,,,,,,,,51.083,,,,,,,,,,93.842,,,
3548,29883425010497,2009,48.063039,-124.068973,9,2,,,,,,,,,435.295,,,,,,,,,,580.107,,,
3549,29883427010497,2009,48.071505,-122.23644,61,2,,,,,,,,,81.721,,,,,,,,,,153.462,,,
3550,29883428010497,2009,48.091834,-120.610203,7,2,,,,,,,,,17.88,,,,,,,,,,15.505,,,
3551,29883429010497,2009,48.040994,-120.463731,7,2,,,,,,,,,91.3,,,,,,,,,,106.371,,,
3552,29883432010497,2009,46.748092,-123.239052,41,2,,,,,,,,,351.316,,,,,,,,,,386.631,,,
3553,29883434010497,2009,46.720628,-121.095096,77,2,,,,,,,,,39.509,,,,,,,,,,43.009,,,
3554,29883435010497,2009,46.694424,-120.92452,77,2,,,,,,,,,78.05,,,,,,,,,,102.203,,,
3555,29883448010497,2009,46.802169,-124.08069,27,2,,,,,,,,,182.313,,,,,,,,,,247.221,,,
3556,29883451010497,2009,46.815838,-122.17909,53,2,,,,,,,,,590.686,,,,,,,,,,608.069,,,
3557,29883452010497,2009,46.784091,-121.958222,53,2,,,,,,,,,318.458,,,,,,,,,,388.321,,,
3558,29883453010497,2009,46.826189,-121.315375,77,2,,,,,,,,,109.494,,,,,,,,,,100.201,,,
3559,29883454010497,2009,48.108822,-124.251069,9,2,,,,,,,,,104.879,,,,,,,,,,113.072,,,
3560,29883456010497,2009,48.116392,-123.663314,9,2,,,,,,,,,171.217,,,,,,,,,,242.728,,,
3561,29883458010497,2009,48.080973,-120.095986,47,2,,,,,,,,,127.599,,,,,,,,,,124.991,,,
3562,29883469010497,2009,48.695698,-121.10686,73,2,,,,,,,,,96.392,,,,,,,,,,104.449,,,
3563,29883473010497,2009,48.57784,-117.469102,51,2,,,,,,,,,262.954,,,,,,,,,,291.104,,,
3564,29883480010497,2009,46.861465,-123.584239,27,2,,,,,,,,,123.788,,,,,,,,,,134.253,,,
3565,29883481010497,2009,46.831383,-123.372646,27,2,,,,,,,,,553.285,,,,,,,,,,596.701,,,
3566,29883499010497,2009,48.686661,-118.910456,47,2,,,,,,,,,49.64,,,,,,,,,,26.609,,,
3567,29883500010497,2009,48.66459,-118.353271,19,2,,,,,,,,,142.605,,,,,,,,,,130.447,,,
3568,29883501010497,2009,48.595214,-117.105855,51,2,,,,,,,,,101.301,,,,,,,,,,135.861,,,
3569,29883503010497,2009,48.768076,-121.672002,73,2,,,,,,,,,397.843,,,,,,,,,,449.784,,,
3570,29883505010497,2009,48.747008,-119.833029,47,2,,,,,,,,,227.622,,,,,,,,,,217.972,,,
3571,29883510010497,2009,48.768351,-119.989268,47,2,,,,,,,,,142.343,,,,,,,,,,93.749,,,
3572,29883512010497,2009,48.711303,-118.194717,19,2,,,,,,,,,161.968,,,,,,,,,,207.542,,,
3573,29883514010497,2009,48.681348,-117.679037,65,2,,,,,,,,,171.299,,,,,,,,,,192.711,,,
3574,29883518010497,2009,48.791493,-119.085045,47,2,,,,,,,,,277.042,,,,,,,,,,281.719,,,
3575,29883522010497,2009,46.909172,-122.390431,53,2,,,,,,,,,2.985,,,,,,,,,,44.232,,,
3576,29883523010497,2009,46.896947,-121.130764,77,2,,,,,,,,,92.199,,,,,,,,,,128.226,,,
3577,29883539010497,2009,47.003083,-121.667003,53,2,,,,,,,,,367.089,,,,,,,,,,382.399,,,
3578,29883542010497,2009,48.721756,-117.310455,51,2,,,,,,,,,191.038,,,,,,,,,,224.374,,,
3579,29883547010497,2009,48.750642,-117.492427,51,2,,,,,,,,,76.449,,,,,,,,,,122.237,,,
3580,29883549010497,2009,48.941589,-122.254274,73,2,,,,,,,,,86.62,,,,,,,,,,169.147,,,
3581,29883551010497,2009,48.952275,-121.915983,73,2,,,,,,,,,299.111,,,,,,,,,,315.881,,,
3582,29883552010497,2009,48.885036,-120.790967,73,2,,,,,,,,,335.711,,,,,,,,,,230.98,,,
3583,29883554010497,2009,48.872075,-120.200143,47,2,,,,,,,,,23.328,,,,,,,,,,27.505,,,
3584,29883555010497,2009,48.827949,-118.930681,47,2,,,,,,,,,111.572,,,,,,,,,,125.446,,,
3585,40220079010497,2010,45.608116,-122.072063,59,2,,,,,,,,,,305.44,,,,,,,,,,302.329,,
3586,40220080010497,2010,45.653423,-122.068285,59,2,,,,,,,,,,332.842,,,,,,,,,,394.608,,
3587,40220087010497,2010,45.756615,-122.142779,59,2,,,,,,,,,,329.257,,,,,,,,,,391.442,,
3588,40220093010497,2010,45.831575,-121.41213,39,2,,,,,,,,,,85.007,,,,,,,,,,130.819,,
3589,40220094010497,2010,45.835317,-121.078706,39,2,,,,,,,,,,82.047,,,,,,,,,,87.398,,
3590,40220096010497,2010,45.855334,-122.280919,11,2,,,,,,,,,,60.231,,,,,,,,,,67.491,,
3591,40220100010497,2010,45.89927,-121.972019,59,2,,,,,,,,,,311.905,,,,,,,,,,362.313,,
3592,40220104010497,2010,45.947466,-121.758937,59,2,,,,,,,,,,297.634,,,,,,,,,,404.248,,
3593,40220105010497,2010,45.938483,-121.624332,59,2,,,,,,,,,,63.094,,,,,,,,,,125.803,,
3594,40220107010497,2010,45.976024,-121.443312,39,2,,,,,,,,,,151.882,,,,,,,,,,187.943,,
3595,40220114010497,2010,46.003057,-121.123262,39,2,,,,,,,,,,190.356,,,,,,,,,,218.725,,
3596,40220118010497,2010,46.041416,-121.975291,59,2,,,,,,,,,,348.174,,,,,,,,,,328.71,,
3597,40220123010497,2010,46.086793,-121.617713,59,2,,,,,,,,,,294.721,,,,,,,,,,299.989,,
3598,40220127010497,2010,46.09526,-121.821615,59,2,,,,,,,,,,155.174,,,,,,,,,,180.289,,
3599,40220128010497,2010,46.14046,-121.755512,59,2,,,,,,,,,,705.496,,,,,,,,,,754.932,,
3600,40220129010497,2010,46.108795,-121.304599,77,2,,,,,,,,,,253.966,,,,,,,,,,300.504,,
3601,40220138010497,2010,46.007818,-117.485802,23,2,,,,,,,,,,44.761,,,,,,,,,,79.805,,
3602,40220139010497,2010,46.192221,-122.859216,15,2,,,,,,,,,,106.749,,,,,,,,,,185.437,,
3603,40220140010497,2010,46.190455,-122.361985,15,2,,,,,,,,,,10.457,,,,,,,,,,24.956,,
3604,40220141010497,2010,46.175588,-121.125039,77,2,,,,,,,,,,222.598,,,,,,,,,,288.73,,
3605,40220147010497,2010,46.036187,-117.351181,3,2,,,,,,,,,,10.574,,,,,,,,,,31.651,,
3606,40220150010497,2010,46.213582,-122.011232,59,2,,,,,,,,,,354.688,,,,,,,,,,349.365,,
3607,40220151010497,2010,46.190403,-120.802304,77,2,,,,,,,,,,153.318,,,,,,,,,,197.996,,
3608,40220157010497,2010,46.24155,-121.681538,59,2,,,,,,,,,,257.155,,,,,,,,,,315.966,,
3609,40220163010497,2010,46.15911,-117.86204,13,2,,,,,,,,,,167.732,,,,,,,,,,205.56,,
3610,40220165010497,2010,46.292432,-123.100381,15,2,,,,,,,,,,137.729,,,,,,,,,,273.247,,
3611,40220167010497,2010,46.27908,-121.362666,77,2,,,,,,,,,,20.901,,,,,,,,,,54.215,,
3612,40220171010497,2010,46.16055,-117.499106,23,2,,,,,,,,,,80.746,,,,,,,,,,70.322,,
3613,40220173010497,2010,46.314041,-122.803094,15,2,,,,,,,,,,74.345,,,,,,,,,,112.973,,
3614,40220175010497,2010,46.282,-121.543181,59,2,,,,,,,,,,299.055,,,,,,,,,,334.846,,
3615,40220176010497,2010,46.331556,-121.155155,77,2,,,,,,,,,,344.412,,,,,,,,,,329.286,,
3616,40220177010497,2010,46.29281,-120.983079,77,2,,,,,,,,,,125.185,,,,,,,,,,155.595,,
3617,40220182010497,2010,46.161152,-117.372033,3,2,,,,,,,,,,31.138,,,,,,,,,,38.494,,
3618,40220184010497,2010,46.341197,-122.894218,15,2,,,,,,,,,,215.674,,,,,,,,,,267.097,,
3619,40220192010497,2010,46.412141,-122.247959,41,2,,,,,,,,,,154.948,,,,,,,,,,207.036,,
3620,40220193010497,2010,46.38166,-122.039125,41,2,,,,,,,,,,257.852,,,,,,,,,,306.256,,
3621,40220199010497,2010,46.442807,-123.655072,49,2,,,,,,,,,,195.224,,,,,,,,,,210.233,,
3622,40220201010497,2010,46.439121,-121.890699,41,2,,,,,,,,,,58.334,,,,,,,,,,62.735,,
3623,40220202010497,2010,46.411731,-121.71499,41,2,,,,,,,,,,224.411,,,,,,,,,,253.576,,
3624,40220203010497,2010,46.426868,-121.576611,41,2,,,,,,,,,,145.673,,,,,,,,,,165.211,,
3625,40220211010497,2010,46.484484,-121.532451,41,2,,,,,,,,,,230.309,,,,,,,,,,230.782,,
3626,40220212010497,2010,46.479394,-121.01061,77,2,,,,,,,,,,88.537,,,,,,,,,,104.252,,
3627,40220220010497,2010,46.474281,-121.230096,77,2,,,,,,,,,,166.301,,,,,,,,,,149.05,,
3628,40220227010497,2010,46.591069,-121.708092,41,2,,,,,,,,,,33.443,,,,,,,,,,120.765,,
3629,40220237010497,2010,46.586329,-121.75128,41,2,,,,,,,,,,632.395,,,,,,,,,,701.765,,
3630,40220242010497,2010,46.586867,-123.669535,49,2,,,,,,,,,,74.697,,,,,,,,,,171.706,,
3631,40220244010497,2010,46.584246,-121.895196,41,2,,,,,,,,,,621.93,,,,,,,,,,601.999,,
3632,40220245010497,2010,46.58017,-121.39408,77,2,,,,,,,,,,459.811,,,,,,,,,,488.63,,
3633,40220252010497,2010,46.634771,-121.822377,41,2,,,,,,,,,,631.075,,,,,,,,,,604.53,,
3634,40220253010497,2010,46.634727,-121.604796,41,2,,,,,,,,,,261.604,,,,,,,,,,280.429,,
3635,40220254010497,2010,46.638464,-121.022031,77,2,,,,,,,,,,220.144,,,,,,,,,,233.814,,
3636,40220260010497,2010,46.691616,-122.433074,41,2,,,,,,,,,,37.293,,,,,,,,,,98.932,,
3637,40220261010497,2010,46.656475,-121.218329,77,2,,,,,,,,,,114.309,,,,,,,,,,138.004,,
3638,40220269010497,2010,46.688875,-122.086137,41,2,,,,,,,,,,600.458,,,,,,,,,,531.515,,
3639,40220270010497,2010,46.67304,-120.879802,77,2,,,,,,,,,,11.217,,,,,,,,,,20.288,,
3640,40220276010497,2010,46.742001,-122.323502,41,2,,,,,,,,,,649.71,,,,,,,,,,706.629,,
3641,40220284010497,2010,46.778152,-123.165815,41,2,,,,,,,,,,149.853,,,,,,,,,,208.469,,
3642,40220285010497,2010,46.785796,-121.597961,53,2,,,,,,,,,,233.34,,,,,,,,,,265.06,,
3643,40220286010497,2010,46.758558,-121.428489,41,2,,,,,,,,,,610.912,,,,,,,,,,590.591,,
3644,40220295010497,2010,46.835329,-123.033349,67,2,,,,,,,,,,2.456,,,,,,,,,,76.067,,
3645,40220297010497,2010,46.81876,-121.245013,77,2,,,,,,,,,,392.468,,,,,,,,,,173.192,,
3646,40220298010497,2010,46.773348,-121.106047,77,2,,,,,,,,,,129.635,,,,,,,,,,149.423,,
3647,40220302010497,2010,46.859082,-122.667339,67,2,,,,,,,,,,243.628,,,,,,,,,,70.104,,
3648,40220319010497,2010,46.896438,-123.565766,27,2,,,,,,,,,,26.326,,,,,,,,,,115.642,,
3649,40220320010497,2010,46.910663,-121.966341,53,2,,,,,,,,,,326.745,,,,,,,,,,382.523,,
3650,40220327010497,2010,46.934201,-123.229226,27,2,,,,,,,,,,299.189,,,,,,,,,,387.267,,
3651,40220329010497,2010,46.946028,-121.621982,53,2,,,,,,,,,,112.795,,,,,,,,,,102.021,,
3652,40220330010497,2010,46.921075,-121.08834,77,2,,,,,,,,,,237.694,,,,,,,,,,248.319,,
3653,40220336010497,2010,46.987616,-123.032381,67,2,,,,,,,,,,258.96,,,,,,,,,,152.699,,
3654,40220348010497,2010,47.016422,-120.949937,37,2,,,,,,,,,,40.497,,,,,,,,,,97.236,,
3655,40220352010497,2010,47.062117,-123.596881,27,2,,,,,,,,,,117.793,,,,,,,,,,192.405,,
3656,40220354010497,2010,47.052719,-121.822003,53,2,,,,,,,,,,294.788,,,,,,,,,,229.501,,
3657,40220359010497,2010,47.084054,-123.809531,27,2,,,,,,,,,,153.919,,,,,,,,,,228.954,,
3658,40220362010497,2010,47.085652,-122.011021,53,2,,,,,,,,,,143.792,,,,,,,,,,243.322,,
3659,40220363010497,2010,47.074005,-121.449017,53,2,,,,,,,,,,418.27,,,,,,,,,,457.996,,
3660,40220369010497,2010,47.130431,-123.463203,45,2,,,,,,,,,,71.74,,,,,,,,,,129.084,,
3661,40220372010497,2010,47.100936,-121.129497,37,2,,,,,,,,,,7.198,,,,,,,,,,39.861,,
3662,40220375010497,2010,47.17559,-123.804111,27,2,,,,,,,,,,556.07,,,,,,,,,,515.782,,
3663,40220376010497,2010,47.129106,-123.078351,45,2,,,,,,,,,,80.412,,,,,,,,,,164.811,,
3664,40220379010497,2010,47.12373,-120.808235,37,2,,,,,,,,,,60.181,,,,,,,,,,63.573,,
3665,40220389010497,2010,47.182923,-120.608033,37,2,,,,,,,,,,59.967,,,,,,,,,,67.918,,
3666,40220390010497,2010,47.16223,-120.442529,37,2,,,,,,,,,,20.469,,,,,,,,,,37.266,,
3667,40220394010497,2010,47.227963,-124.164105,27,2,,,,,,,,,,27.557,,,,,,,,,,35.184,,
3668,40220396010497,2010,47.204374,-122.387162,53,2,,,,,,,,,,211.35,,,,,,,,,,140.804,,
3669,40220397010497,2010,47.23224,-121.869143,33,2,,,,,,,,,,133.747,,,,,,,,,,226.208,,
3670,40220398010497,2010,47.21545,-120.295991,37,2,,,,,,,,,,67.506,,,,,,,,,,79.416,,
3671,40220404010497,2010,47.228254,-123.155233,45,2,,,,,,,,,,74.232,,,,,,,,,,114.951,,
3672,40220406010497,2010,47.279073,-121.719125,33,2,,,,,,,,,,131.725,,,,,,,,,,180.05,,
3673,40220407010497,2010,47.232128,-121.500065,33,2,,,,,,,,,,171.691,,,,,,,,,,193.407,,
3674,40220414010497,2010,47.297796,-121.336795,37,2,,,,,,,,,,470.45,,,,,,,,,,420.039,,
3675,40220415010497,2010,47.265401,-121.155699,37,2,,,,,,,,,,362.119,,,,,,,,,,397.571,,
3676,40220416010497,2010,47.278,-120.792864,37,2,,,,,,,,,,79.426,,,,,,,,,,116.203,,
3677,40220417010497,2010,47.252394,-120.64314,37,2,,,,,,,,,,103.822,,,,,,,,,,69.045,,
3678,40220421010497,2010,47.357839,-122.75838,53,2,,,,,,,,,,199.989,,,,,,,,,,250.429,,
3679,40220430010497,2010,47.332126,-124.029071,27,2,,,,,,,,,,70.932,,,,,,,,,,148.421,,
3680,40220431010497,2010,47.377582,-121.865535,33,2,,,,,,,,,,364.818,,,,,,,,,,437.607,,
3681,40220432010497,2010,47.361356,-120.639813,7,2,,,,,,,,,,110.232,,,,,,,,,,130.54,,
3682,40220437010497,2010,47.403579,-123.864896,27,2,,,,,,,,,,508.692,,,,,,,,,,594.802,,
3683,40220438010497,2010,47.376665,-123.679066,27,2,,,,,,,,,,473.393,,,,,,,,,,604.797,,
3684,40220446010497,2010,47.424256,-123.470825,45,2,,,,,,,,,,69.648,,,,,,,,,,120.378,,
3685,40220447010497,2010,47.450519,-122.968059,45,2,,,,,,,,,,69.373,,,,,,,,,,90.006,,
3686,40220448010497,2010,47.423412,-121.714738,33,2,,,,,,,,,,34.799,,,,,,,,,,77.228,,
3687,40220449010497,2010,47.413006,-121.289821,37,2,,,,,,,,,,224.3,,,,,,,,,,208.158,,
3688,40220450010497,2010,47.425332,-121.152849,37,2,,,,,,,,,,94.508,,,,,,,,,,153.174,,
3689,40220459010497,2010,47.461768,-120.851884,7,2,,,,,,,,,,51.856,,,,,,,,,,69.298,,
3690,40220464010497,2010,47.521876,-124.028446,31,2,,,,,,,,,,324.774,,,,,,,,,,429.955,,
3691,40220467010497,2010,47.460274,-120.999092,37,2,,,,,,,,,,233.95,,,,,,,,,,238.351,,
3692,40220472010497,2010,47.536238,-123.705826,31,2,,,,,,,,,,248.599,,,,,,,,,,246.77,,
3693,40220475010497,2010,47.512623,-120.652906,7,2,,,,,,,,,,109.754,,,,,,,,,,121.885,,
3694,40220481010497,2010,47.576821,-123.915578,31,2,,,,,,,,,,526.247,,,,,,,,,,625.045,,
3695,40220482010497,2010,47.584765,-123.374673,45,2,,,,,,,,,,283.918,,,,,,,,,,234.683,,
3696,40220484010497,2010,47.567901,-121.580655,33,2,,,,,,,,,,287.625,,,,,,,,,,128.593,,
3697,40220492010497,2010,47.585722,-121.763237,33,2,,,,,,,,,,129.003,,,,,,,,,,139.944,,
3698,40220493010497,2010,47.623347,-121.206734,33,2,,,,,,,,,,302.018,,,,,,,,,,329.516,,
3699,40220497010497,2010,47.633752,-124.388465,31,2,,,,,,,,,,181.605,,,,,,,,,,215.293,,
3700,40220498010497,2010,47.63372,-123.188526,31,2,,,,,,,,,,583.946,,,,,,,,,,304.917,,
3701,40220500010497,2010,47.615719,-121.427643,33,2,,,,,,,,,,92.71,,,,,,,,,,87.327,,
3702,40220502010497,2010,47.605932,-120.842315,7,2,,,,,,,,,,123.958,,,,,,,,,,116.302,,
3703,40220508010497,2010,47.674725,-124.101137,31,2,,,,,,,,,,174.996,,,,,,,,,,261.318,,
3704,40220510010497,2010,47.648727,-120.700052,7,2,,,,,,,,,,25.117,,,,,,,,,,5.138,,
3705,40220511010497,2010,47.646056,-120.488622,7,2,,,,,,,,,,119.488,,,,,,,,,,147.202,,
3706,40220514010497,2010,47.543092,-117.132919,63,2,,,,,,,,,,44.732,,,,,,,,,,70.94,,
3707,40220516010497,2010,47.724161,-123.960737,31,2,,,,,,,,,,167.093,,,,,,,,,,237.894,,
3708,40220518010497,2010,47.688703,-121.950992,33,2,,,,,,,,,,125.246,,,,,,,,,,202.348,,
3709,40220529010497,2010,47.716043,-121.574917,33,2,,,,,,,,,,512.898,,,,,,,,,,522.83,,
3710,40220530010497,2010,47.762552,-121.246179,33,2,,,,,,,,,,389.952,,,,,,,,,,401.247,,
3711,40220536010497,2010,47.773332,-123.032976,31,2,,,,,,,,,,141.707,,,,,,,,,,201.216,,
3712,40220538010497,2010,47.779242,-120.880686,7,2,,,,,,,,,,79.32,,,,,,,,,,65.851,,
3713,40220544010497,2010,47.796631,-124.47773,31,2,,,,,,,,,,405.03,,,,,,,,,,418.458,,
3714,40220546010497,2010,47.820569,-120.558839,7,2,,,,,,,,,,50.154,,,,,,,,,,60.314,,
3715,40220551010497,2010,47.81826,-124.134055,31,2,,,,,,,,,,258.05,,,,,,,,,,267.129,,
3716,40220559010497,2010,47.698884,-117.142089,63,2,,,,,,,,,,19.675,,,,,,,,,,34.626,,
3717,40220560010497,2010,47.865512,-123.947973,31,2,,,,,,,,,,1330.263,,,,,,,,,,1315.24,,
3718,40220564010497,2010,47.859334,-121.63576,61,2,,,,,,,,,,60.115,,,,,,,,,,67.384,,
3719,40220570010497,2010,47.916347,-123.10668,9,2,,,,,,,,,,342.842,,,,,,,,,,375.96,,
3720,40220571010497,2010,47.923051,-121.790423,61,2,,,,,,,,,,53.001,,,,,,,,,,113.072,,
3721,40220572010497,2010,47.907508,-121.277121,61,2,,,,,,,,,,290.973,,,,,,,,,,347.894,,
3722,40220577010497,2010,47.971505,-124.546281,9,2,,,,,,,,,,186.648,,,,,,,,,,317.14,,
3723,40220578010497,2010,47.960806,-123.266821,9,2,,,,,,,,,,113.723,,,,,,,,,,76.548,,
3724,40220579010497,2010,47.769818,-124.325298,31,2,,,,,,,,,,187.179,,,,,,,,,,260.938,,
3725,40220580010497,2010,47.937545,-121.466315,61,2,,,,,,,,,,2.693,,,,,,,,,,4.515,,
3726,40220586010497,2010,47.989179,-124.171454,9,2,,,,,,,,,,342.861,,,,,,,,,,452.017,,
3727,40220587010497,2010,47.970014,-123.363883,9,2,,,,,,,,,,437.013,,,,,,,,,,474.085,,
3728,40220588010497,2010,47.974314,-122.914096,31,2,,,,,,,,,,265.222,,,,,,,,,,386.484,,
3729,40220595010497,2010,48.011833,-123.805959,9,2,,,,,,,,,,483.357,,,,,,,,,,454.112,,
3730,40220600010497,2010,47.910281,-118.42727,19,2,,,,,,,,,,152.019,,,,,,,,,,179.715,,
3731,40220601010497,2010,47.847965,-117.143584,63,2,,,,,,,,,,19.162,,,,,,,,,,42.995,,
3732,40220602010497,2010,48.042082,-123.989971,9,2,,,,,,,,,,142.05,,,,,,,,,,227.65,,
3733,40220603010497,2010,48.065073,-123.454147,9,2,,,,,,,,,,367.522,,,,,,,,,,400.446,,
3734,40220604010497,2010,48.060499,-121.639366,61,2,,,,,,,,,,291.896,,,,,,,,,,355.775,,
3735,40220605010497,2010,47.990997,-120.394521,7,2,,,,,,,,,,32.781,,,,,,,,,,25.917,,
3736,40220606010497,2010,48.033206,-120.02836,47,2,,,,,,,,,,59.451,,,,,,,,,,70.655,,
3737,40220608010497,2010,47.960696,-118.582287,19,2,,,,,,,,,,51.343,,,,,,,,,,45.282,,
3738,40220610010497,2010,47.954445,-118.084801,65,2,,,,,,,,,,90.066,,,,,,,,,,119.116,,
3739,40220611010497,2010,48.067097,-123.621432,9,2,,,,,,,,,,375.64,,,,,,,,,,453.908,,
3740,40220613010497,2010,48.064565,-121.857339,61,2,,,,,,,,,,65.746,,,,,,,,,,122.655,,
3741,40220615010497,2010,48.087211,-121.3172,61,2,,,,,,,,,,390.527,,,,,,,,,,386.151,,
3742,40220619010497,2010,48.116691,-124.549322,9,2,,,,,,,,,,107.928,,,,,,,,,,212.982,,
3743,40220626010497,2010,48.011364,-117.533216,63,2,,,,,,,,,,5.424,,,,,,,,,,10.89,,
3744,40220627010497,2010,47.990785,-117.355245,63,2,,,,,,,,,,15.216,,,,,,,,,,12.802,,
3745,40220629010497,2010,48.167691,-124.190955,9,2,,,,,,,,,,67.189,,,,,,,,,,157.415,,
3746,40220630010497,2010,48.162474,-122.602324,29,2,,,,,,,,,,23.85,,,,,,,,,,53.726,,
3747,40220631010497,2010,48.149674,-120.756654,7,2,,,,,,,,,,233.125,,,,,,,,,,223.885,,
3748,40220634010497,2010,48.067761,-118.799274,19,2,,,,,,,,,,30.333,,,,,,,,,,50.347,,
3749,40220635010497,2010,48.105834,-118.422345,19,2,,,,,,,,,,15.286,,,,,,,,,,20.291,,
3750,40220639010497,2010,48.193514,-120.819952,7,2,,,,,,,,,,84.703,,,,,,,,,,104.55,,
3751,40220641010497,2010,48.135663,-120.22991,47,2,,,,,,,,,,184.182,,,,,,,,,,183.663,,
3752,40220642010497,2010,48.269145,-119.292309,47,2,,,,,,,,,,1.805,,,,,,,,,,4.267,,
3753,40220643010497,2010,48.12058,-118.648103,19,2,,,,,,,,,,79.205,,,,,,,,,,91.594,,
3754,40220645010497,2010,48.212739,-121.873419,61,2,,,,,,,,,,304.655,,,,,,,,,,351.763,,
3755,40220646010497,2010,48.261069,-121.341278,61,2,,,,,,,,,,68.462,,,,,,,,,,128.836,,
3756,40220649010497,2010,48.150371,-118.290158,19,2,,,,,,,,,,33.337,,,,,,,,,,60.838,,
3757,40220650010497,2010,48.094259,-118.02063,65,2,,,,,,,,,,65.317,,,,,,,,,,94.069,,
3758,40220653010497,2010,48.254173,-121.488476,61,2,,,,,,,,,,235.699,,,,,,,,,,202.926,,
3759,40220657010497,2010,48.149822,-117.912172,65,2,,,,,,,,,,81.835,,,,,,,,,,75.429,,
3760,40220661010497,2010,48.177756,-117.552764,65,2,,,,,,,,,,10.613,,,,,,,,,,1.605,,
3761,40220665010497,2010,48.308136,-120.269932,47,2,,,,,,,,,,133.161,,,,,,,,,,161.136,,
3762,40220668010497,2010,48.304901,-118.343098,19,2,,,,,,,,,,310.818,,,,,,,,,,282.09,,
3763,40220671010497,2010,48.360364,-121.706572,57,2,,,,,,,,,,338.65,,,,,,,,,,341.504,,
3764,40220674010497,2010,48.305775,-118.640608,19,2,,,,,,,,,,84.569,,,,,,,,,,69.837,,
3765,40220675010497,2010,48.241537,-118.095318,65,2,,,,,,,,,,64.029,,,,,,,,,,105.425,,
3766,40220676010497,2010,48.414392,-121.928112,57,2,,,,,,,,,,203.208,,,,,,,,,,256.584,,
3767,40220677010497,2010,48.403058,-121.340059,57,2,,,,,,,,,,336.03,,,,,,,,,,312.431,,
3768,40220683010497,2010,48.404492,-121.481732,57,2,,,,,,,,,,93.215,,,,,,,,,,188.166,,
3769,40220690010497,2010,48.444157,-121.187885,57,2,,,,,,,,,,422.835,,,,,,,,,,374.669,,
3770,40220692010497,2010,48.412752,-118.849991,47,2,,,,,,,,,,145.698,,,,,,,,,,20.702,,
3771,40220693010497,2010,48.335399,-117.570733,65,2,,,,,,,,,,185.119,,,,,,,,,,224.646,,
3772,40220696010497,2010,48.47155,-120.83925,7,2,,,,,,,,,,108.884,,,,,,,,,,149.704,,
3773,40220698010497,2010,48.480633,-120.291589,47,2,,,,,,,,,,145.197,,,,,,,,,,172.985,,
3774,40220700010497,2010,48.40172,-118.491321,19,2,,,,,,,,,,152.002,,,,,,,,,,159.911,,
3775,40220701010497,2010,48.090832,-117.134665,51,2,,,,,,,,,,77.836,,,,,,,,,,82.092,,
3776,40220703010497,2010,48.552327,-122.297495,57,2,,,,,,,,,,110.799,,,,,,,,,,118.073,,
3777,40220704010497,2010,48.556317,-122.173626,57,2,,,,,,,,,,165.687,,,,,,,,,,243.589,,
3778,40220705010497,2010,48.550384,-121.944174,57,2,,,,,,,,,,450.002,,,,,,,,,,536.512,,
3779,40220707010497,2010,48.52549,-120.108806,47,2,,,,,,,,,,49.905,,,,,,,,,,50.35,,
3780,40220708010497,2010,48.472379,-119.925126,47,2,,,,,,,,,,58.771,,,,,,,,,,54.804,,
3781,40220710010497,2010,48.4368,-118.098269,65,2,,,,,,,,,,101.75,,,,,,,,,,157.289,,
3782,40220711010497,2010,48.601845,-121.588034,57,2,,,,,,,,,,137.547,,,,,,,,,,168.029,,
3783,40220712010497,2010,48.555411,-121.420992,57,2,,,,,,,,,,101.434,,,,,,,,,,135.878,,
3784,40220714010497,2010,48.451651,-117.770693,65,2,,,,,,,,,,91.599,,,,,,,,,,96.636,,
3785,40220716010497,2010,48.605218,-122.878844,55,2,,,,,,,,,,79.782,,,,,,,,,,60.563,,
3786,40220720010497,2010,48.524224,-119.2187,47,2,,,,,,,,,,208.465,,,,,,,,,,127.706,,
3787,40220721010497,2010,48.483857,-117.582429,65,2,,,,,,,,,,167.304,,,,,,,,,,164.793,,
3788,40220724010497,2010,48.649655,-121.329225,73,2,,,,,,,,,,322.447,,,,,,,,,,324.654,,
3789,40220725010497,2010,48.639749,-120.886605,57,2,,,,,,,,,,280.618,,,,,,,,,,303.45,,
3790,40220727010497,2010,48.625737,-120.284791,47,2,,,,,,,,,,178.228,,,,,,,,,,200.279,,
3791,40220729010497,2010,48.557379,-118.845977,19,2,,,,,,,,,,87.241,,,,,,,,,,34.161,,
3792,40220730010497,2010,48.574138,-118.511037,19,2,,,,,,,,,,41.953,,,,,,,,,,64.641,,
3793,40220732010497,2010,48.482793,-117.069047,51,2,,,,,,,,,,212.146,,,,,,,,,,79.475,,
3794,40220733010497,2010,48.702506,-121.771466,73,2,,,,,,,,,,210.218,,,,,,,,,,179.833,,
3795,40220734010497,2010,48.680939,-120.50778,47,2,,,,,,,,,,39.586,,,,,,,,,,37.343,,
3796,40220735010497,2010,48.669917,-119.97903,47,2,,,,,,,,,,6.433,,,,,,,,,,11.956,,
3797,40220736010497,2010,48.604106,-118.693173,19,2,,,,,,,,,,98.752,,,,,,,,,,93.309,,
3798,40220744010497,2010,48.746469,-121.618579,73,2,,,,,,,,,,392.341,,,,,,,,,,516.784,,
3799,40220745010497,2010,48.751955,-121.072665,73,2,,,,,,,,,,373.805,,,,,,,,,,392.831,,
3800,40220746010497,2010,48.719227,-119.799677,47,2,,,,,,,,,,138.49,,,,,,,,,,162.86,,
3801,40220747010497,2010,48.704024,-119.278201,47,2,,,,,,,,,,5.208,,,,,,,,,,17.953,,
3802,40220748010497,2010,48.633044,-117.948513,65,2,,,,,,,,,,46.116,,,,,,,,,,64.048,,
3803,40220749010497,2010,48.799657,-122.543055,73,2,,,,,,,,,,106.528,,,,,,,,,,88.464,,
3804,40220750010497,2010,48.781498,-120.738869,47,2,,,,,,,,,,128.955,,,,,,,,,,159.483,,
3805,40220751010497,2010,48.724127,-120.050824,47,2,,,,,,,,,,47.739,,,,,,,,,,46.66,,
3806,40220753010497,2010,48.731819,-118.865637,47,2,,,,,,,,,,123.928,,,,,,,,,,133.305,,
3807,40220754010497,2010,48.681456,-117.599557,51,2,,,,,,,,,,169.764,,,,,,,,,,215.512,,
3808,40220755010497,2010,48.621046,-117.069394,51,2,,,,,,,,,,82.174,,,,,,,,,,119.004,,
3809,40220756010497,2010,48.795206,-122.175669,73,2,,,,,,,,,,212.232,,,,,,,,,,247.601,,
3810,40220757010497,2010,48.787892,-120.875391,73,2,,,,,,,,,,326.754,,,,,,,,,,360.111,,
3811,40220758010497,2010,48.773886,-120.355513,47,2,,,,,,,,,,6.394,,,,,,,,,,7.634,,
3812,40220759010497,2010,48.7567,-119.054736,47,2,,,,,,,,,,42.385,,,,,,,,,,66.342,,
3813,40220761010497,2010,48.666312,-117.243805,51,2,,,,,,,,,,104.77,,,,,,,,,,107.933,,
3814,40220763010497,2010,48.860045,-121.846524,73,2,,,,,,,,,,10.521,,,,,,,,,,18.928,,
3815,40220764010497,2010,48.821501,-120.535408,47,2,,,,,,,,,,124.379,,,,,,,,,,138.711,,
3816,40220765010497,2010,48.81457,-119.972684,47,2,,,,,,,,,,0.295,,,,,,,,,,15.896,,
3817,40220768010497,2010,48.874065,-121.997949,73,2,,,,,,,,,,196.637,,,,,,,,,,266.699,,
3818,40220776010497,2010,48.898157,-121.620062,73,2,,,,,,,,,,87.299,,,,,,,,,,102.463,,
3819,40220778010497,2010,48.864167,-119.833559,47,2,,,,,,,,,,54.652,,,,,,,,,,45.647,,
3820,40220780010497,2010,48.804877,-117.987766,65,2,,,,,,,,,,147.615,,,,,,,,,,177.719,,
3821,40220788010497,2010,48.800986,-117.067913,51,2,,,,,,,,,,33.186,,,,,,,,,,77.535,,
3822,40220791010497,2010,48.94595,-120.37645,47,2,,,,,,,,,,14.103,,,,,,,,,,27.572,,
3823,40220794010497,2010,48.873967,-117.432257,51,2,,,,,,,,,,33.074,,,,,,,,,,48.429,,
3824,40220796010497,2010,48.966464,-120.042162,47,2,,,,,,,,,,17.588,,,,,,,,,,31.375,,
3825,40220801010497,2010,48.947397,-117.468112,65,2,,,,,,,,,,155.17,,,,,,,,,,179.03,,
3826,40220802010497,2010,48.992256,-117.27911,51,2,,,,,,,,,,140.58,,,,,,,,,,163.642,,
3827,40220803010497,2010,48.95167,-117.131694,51,2,,,,,,,,,,231.131,,,,,,,,,,272.638,,
3828,40220804010497,2010,46.61506,-122.391088,41,2,,,,,,,,,,46.884,,,,,,,,,,108.706,,
3829,40220805010497,2010,46.462938,-121.822688,41,2,,,,,,,,,,90.538,,,,,,,,,,192.826,,
3830,40220807010497,2010,48.254655,-121.376691,61,2,,,,,,,,,,632.855,,,,,,,,,,669.984,,
3831,40220808010497,2010,47.029408,-121.846298,53,2,,,,,,,,,,135.999,,,,,,,,,,148.11,,
3832,40220809010497,2010,46.190148,-121.651265,59,2,,,,,,,,,,348.304,,,,,,,,,,343.812,,
3833,40220810010497,2010,47.049865,-121.485647,53,2,,,,,,,,,,39.635,,,,,,,,,,62.283,,
3834,40220811010497,2010,48.627566,-121.661811,57,2,,,,,,,,,,260.899,,,,,,,,,,287.577,,
3835,40220812010497,2010,47.83477,-121.280147,61,2,,,,,,,,,,460.255,,,,,,,,,,482.78,,
3836,40220813010497,2010,47.55206,-123.216674,45,2,,,,,,,,,,44.706,,,,,,,,,,89.096,,
3837,40220814010497,2010,46.31405,-121.719293,59,2,,,,,,,,,,316.512,,,,,,,,,,356.57,,
3838,40220815010497,2010,46.610587,-121.819493,41,2,,,,,,,,,,533.035,,,,,,,,,,497.849,,
3839,40220816010497,2010,48.114426,-123.954183,9,2,,,,,,,,,,82.605,,,,,,,,,,73.489,,
3840,40220817010497,2010,47.35254,-123.795461,27,2,,,,,,,,,,420.76,,,,,,,,,,466.387,,
3841,40220818010497,2010,45.873777,-122.011467,59,2,,,,,,,,,,171.194,,,,,,,,,,145.013,,
3842,40220819010497,2010,45.825416,-122.117983,59,2,,,,,,,,,,24.757,,,,,,,,,,73.326,,
3843,40220820010497,2010,46.584043,-121.641522,41,2,,,,,,,,,,163.788,,,,,,,,,,194.219,,
3844,40220821010497,2010,47.835312,-121.316692,61,2,,,,,,,,,,214.226,,,,,,,,,,304.962,,
3845,40220822010497,2010,47.576738,-123.144014,45,2,,,,,,,,,,334.157,,,,,,,,,,313.063,,
3846,40220823010497,2010,46.512517,-121.857282,41,2,,,,,,,,,,297.386,,,,,,,,,,282.226,,
3847,40220824010497,2010,48.086191,-121.675913,61,2,,,,,,,,,,355.375,,,,,,,,,,352.086,,
3848,40220825010497,2010,46.336116,-121.505479,77,2,,,,,,,,,,213.821,,,,,,,,,,241.787,,
3849,40220826010497,2010,48.432301,-121.81489,57,2,,,,,,,,,,436.462,,,,,,,,,,376.04,,
3850,40220827010497,2010,46.18772,-117.431359,23,2,,,,,,,,,,129.092,,,,,,,,,,163.016,,
3851,40220828010497,2010,48.551909,-121.515501,57,2,,,,,,,,,,359.229,,,,,,,,,,364.319,,
3852,40220829010497,2010,46.931682,-121.920285,53,2,,,,,,,,,,710.369,,,,,,,,,,763.816,,
3853,40220830010497,2010,46.608604,-121.640907,41,2,,,,,,,,,,406.441,,,,,,,,,,446.512,,
3854,40220831010497,2010,47.988947,-124.208548,9,2,,,,,,,,,,233.576,,,,,,,,,,308.036,,
3855,40220832010497,2010,46.068259,-121.760356,59,2,,,,,,,,,,186.063,,,,,,,,,,217.741,,
3856,40220833010497,2010,45.971594,-121.939095,59,2,,,,,,,,,,452.262,,,,,,,,,,487.962,,
3857,40220834010497,2010,47.403949,-123.361101,45,2,,,,,,,,,,138.746,,,,,,,,,,203.438,,
3858,40220835010497,2010,46.586387,-121.855732,41,2,,,,,,,,,,557.149,,,,,,,,,,524.079,,
3859,40220837010497,2010,48.456161,-121.740322,57,2,,,,,,,,,,212.526,,,,,,,,,,218.38,,
3860,40220838010497,2010,45.897037,-121.869979,59,2,,,,,,,,,,325.449,,,,,,,,,,351.865,,
3861,40220839010497,2010,47.35502,-123.252081,45,2,,,,,,,,,,158.476,,,,,,,,,,107.91,,
3862,40220840010497,2010,47.451451,-123.724362,27,2,,,,,,,,,,385.379,,,,,,,,,,384.972,,
3863,40220841010497,2010,47.502841,-123.216471,45,2,,,,,,,,,,318.066,,,,,,,,,,367.813,,
3864,40220844010497,2010,46.103686,-117.338899,3,2,,,,,,,,,,201.608,,,,,,,,,,257.808,,
3865,40220845010497,2010,46.140804,-117.504902,23,2,,,,,,,,,,158.074,,,,,,,,,,165.16,,
3866,40220846010497,2010,47.004099,-121.77486,53,2,,,,,,,,,,527.863,,,,,,,,,,400.452,,
3867,40220847010497,2010,48.974785,-121.914236,73,2,,,,,,,,,,273.995,,,,,,,,,,274.097,,
3868,40220848010497,2010,48.565225,-120.810481,57,2,,,,,,,,,,139.456,,,,,,,,,,137.669,,
3869,40220849010497,2010,48.378706,-121.446641,57,2,,,,,,,,,,104.173,,,,,,,,,,194.631,,
3870,40220850010497,2010,45.850252,-122.152829,59,2,,,,,,,,,,129.199,,,,,,,,,,209.113,,
3871,40220851010497,2010,48.615877,-120.88254,57,2,,,,,,,,,,276.539,,,,,,,,,,188.195,,
3872,40220852010497,2010,47.72457,-122.998487,31,2,,,,,,,,,,370.226,,,,,,,,,,394.456,,
3873,40220853010497,2010,48.457686,-121.888314,57,2,,,,,,,,,,387.96,,,,,,,,,,307.486,,
3874,40220854010497,2010,48.084405,-121.529001,61,2,,,,,,,,,,325.425,,,,,,,,,,349.446,,
3875,40220855010497,2010,48.062368,-121.749957,61,2,,,,,,,,,,221.154,,,,,,,,,,238.827,,
3876,40220856010497,2010,46.264834,-121.72044,59,2,,,,,,,,,,409.741,,,,,,,,,,356.76,,
3877,40220857010497,2010,46.461788,-121.71583,41,2,,,,,,,,,,328.744,,,,,,,,,,342.267,,
3878,40220858010497,2010,46.14543,-122.112883,59,2,,,,,,,,,,171.845,,,,,,,,,,249.333,,
3879,40220859010497,2010,48.600122,-121.439864,57,2,,,,,,,,,,456.702,,,,,,,,,,480.808,,
3880,40220860010497,2010,46.215616,-121.721585,59,2,,,,,,,,,,648.595,,,,,,,,,,643.968,,
3881,40220861010497,2010,45.825683,-122.153202,59,2,,,,,,,,,,200.531,,,,,,,,,,229.517,,
3882,40220862010497,2010,47.376094,-123.940775,27,2,,,,,,,,,,638.235,,,,,,,,,,583.474,,
3883,40220863010497,2010,47.451674,-123.68807,27,2,,,,,,,,,,246.767,,,,,,,,,,240.558,,
3884,40220864010497,2010,48.329007,-121.411235,57,2,,,,,,,,,,367.618,,,,,,,,,,407.981,,
3885,40220865010497,2010,47.075443,-121.557001,53,2,,,,,,,,,,59.135,,,,,,,,,,117.591,,
3886,40220866010497,2010,45.944467,-121.692535,59,2,,,,,,,,,,161.291,,,,,,,,,,176.552,,
3887,40220867010497,2010,48.702949,-121.808547,73,2,,,,,,,,,,430.4,,,,,,,,,,448.959,,
3888,40220868010497,2010,47.477821,-123.361607,45,2,,,,,,,,,,85.48,,,,,,,,,,114.654,,
3889,40220869010497,2010,46.340208,-121.860879,59,2,,,,,,,,,,176.787,,,,,,,,,,222.499,,
3890,40220870010497,2010,48.499638,-121.294806,57,2,,,,,,,,,,625.517,,,,,,,,,,622.125,,
3891,40220871010497,2010,46.010779,-117.909385,13,2,,,,,,,,,,53.679,,,,,,,,,,45.033,,
3892,40220872010497,2010,46.242453,-121.933884,59,2,,,,,,,,,,309.879,,,,,,,,,,309.746,,
3893,40220873010497,2010,47.523732,-123.943412,31,2,,,,,,,,,,572.561,,,,,,,,,,579.516,,
3894,40220874010497,2010,46.434999,-121.538389,41,2,,,,,,,,,,430.062,,,,,,,,,,417.091,,
3895,40220876010497,2010,46.24302,-117.603901,23,2,,,,,,,,,,17.449,,,,,,,,,,23.334,,
3896,40220877010497,2010,48.802884,-121.955221,73,2,,,,,,,,,,369.122,,,,,,,,,,352.9,,
3897,40220879010497,2010,47.077961,-121.773168,53,2,,,,,,,,,,320.369,,,,,,,,,,339.888,,
3898,40220880010497,2010,48.083441,-121.455551,61,2,,,,,,,,,,351.049,,,,,,,,,,375.558,,
3899,40220881010497,2010,45.995572,-121.867975,59,2,,,,,,,,,,253.867,,,,,,,,,,290.694,,
3900,40220882010497,2010,45.847814,-121.870977,59,2,,,,,,,,,,176.037,,,,,,,,,,213.374,,
3901,40220883010497,2010,45.947027,-121.939564,59,2,,,,,,,,,,184.425,,,,,,,,,,204.118,,
3902,40220884010497,2010,46.659892,-121.81842,41,2,,,,,,,,,,116.775,,,,,,,,,,230.698,,
3903,40220885010497,2010,47.966172,-124.024758,9,2,,,,,,,,,,246.178,,,,,,,,,,342.382,,
3904,40220886010497,2010,47.813674,-121.536662,61,2,,,,,,,,,,494.682,,,,,,,,,,593.266,,
3905,40220887010497,2010,48.060676,-121.603122,61,2,,,,,,,,,,280.568,,,,,,,,,,251.103,,
3906,40220889010497,2010,46.387919,-121.717565,59,2,,,,,,,,,,354.795,,,,,,,,,,407.102,,
3907,40220890010497,2010,47.909149,-121.314297,61,2,,,,,,,,,,548.975,,,,,,,,,,442.711,,
3908,40220891010497,2010,45.799894,-122.012776,59,2,,,,,,,,,,113.597,,,,,,,,,,134.236,,
3909,40220892010497,2010,47.675353,-122.998488,31,2,,,,,,,,,,434.988,,,,,,,,,,479.713,,
3910,40220893010497,2010,48.590557,-120.846493,57,2,,,,,,,,,,335.708,,,,,,,,,,316.897,,
3911,40220894010497,2010,46.735062,-121.96003,41,2,,,,,,,,,,417.98,,,,,,,,,,441.982,,
3912,40220895010497,2010,48.30764,-121.670196,57,2,,,,,,,,,,518.987,,,,,,,,,,512.615,,
3913,40220896010497,2010,46.562755,-121.963323,41,2,,,,,,,,,,365.158,,,,,,,,,,421.096,,
3914,40220897010497,2010,48.753682,-121.956245,73,2,,,,,,,,,,394.763,,,,,,,,,,427.871,,
3915,40220898010497,2010,47.859865,-121.315897,61,2,,,,,,,,,,393.128,,,,,,,,,,384.659,,
3916,40220900010497,2010,48.639731,-120.844399,57,2,,,,,,,,,,64.407,,,,,,,,,,90.625,,
3917,40220901010497,2010,46.41372,-121.823748,41,2,,,,,,,,,,244.069,,,,,,,,,,329.964,,
3918,40220902010497,2010,46.688317,-122.282938,41,2,,,,,,,,,,593.587,,,,,,,,,,617.346,,
3919,40220903010497,2010,48.204399,-121.304628,61,2,,,,,,,,,,358.637,,,,,,,,,,91.087,,
3920,40220904010497,2010,46.661281,-121.961444,41,2,,,,,,,,,,297.068,,,,,,,,,,445.607,,
3921,40403369010497,2010,48.527266,-121.516222,57,2,,,,,,,,,,86.185,,,,,,,,,,103.289,,
3922,40403370010497,2010,48.692079,-118.425131,19,2,,,,,,,,,,116.399,,,,,,,,,,128.429,,
3923,40403371010497,2010,48.070502,-120.684652,7,2,,,,,,,,,,1.273,,,,,,,,,,2.819,,
3924,40403374010497,2010,47.043945,-121.08964,37,2,,,,,,,,,,240.024,,,,,,,,,,253.076,,
3925,40403376010497,2010,48.714168,-117.269538,51,2,,,,,,,,,,104.391,,,,,,,,,,100.999,,
3926,40403377010497,2010,48.815774,-117.332503,51,2,,,,,,,,,,241.427,,,,,,,,,,284.028,,
3927,40403379010497,2010,48.640212,-119.804371,47,2,,,,,,,,,,137.916,,,,,,,,,,162.123,,
3928,40403383010497,2010,46.602146,-121.176671,77,2,,,,,,,,,,177.089,,,,,,,,,,140.417,,
3929,40403384010497,2010,48.576145,-120.179382,47,2,,,,,,,,,,40.889,,,,,,,,,,43.923,,
3930,40403392010497,2010,48.665203,-117.275108,51,2,,,,,,,,,,333.517,,,,,,,,,,396.337,,
3931,40403394010497,2010,48.63535,-120.621761,47,2,,,,,,,,,,24.692,,,,,,,,,,22.791,,
3932,40403396010497,2010,48.688355,-118.983279,47,2,,,,,,,,,,37.134,,,,,,,,,,44.095,,
3933,40403399010497,2010,48.715168,-118.385822,19,2,,,,,,,,,,136.952,,,,,,,,,,107.942,,
3934,40403407010497,2010,48.499411,-119.220521,47,2,,,,,,,,,,149.894,,,,,,,,,,70.077,,
3935,40403409010497,2010,47.922143,-120.65466,7,2,,,,,,,,,,88.262,,,,,,,,,,82.355,,
3936,40403415010497,2010,47.230462,-120.540775,37,2,,,,,,,,,,57.59,,,,,,,,,,31.239,,
3937,40403419010497,2010,48.741281,-119.090736,47,2,,,,,,,,,,36.028,,,,,,,,,,59.673,,
3938,40403422010497,2010,46.699474,-121.101831,77,2,,,,,,,,,,80.105,,,,,,,,,,81.295,,
3939,40403425010497,2010,48.718119,-118.459978,19,2,,,,,,,,,,6.134,,,,,,,,,,46.672,,
3940,40403428010497,2010,47.914945,-120.325409,7,2,,,,,,,,,,98.017,,,,,,,,,,118.67,,
3941,40403429010497,2010,48.224435,-119.904041,47,2,,,,,,,,,,85.607,,,,,,,,,,109.989,,
3942,40403430010497,2010,48.609256,-120.548745,47,2,,,,,,,,,,33.101,,,,,,,,,,35.893,,
3943,40403432010497,2010,47.96743,-120.469334,7,2,,,,,,,,,,241.937,,,,,,,,,,65.359,,
3944,40403433010497,2010,46.52895,-121.214799,77,2,,,,,,,,,,49.021,,,,,,,,,,62.93,,
3945,40403434010497,2010,48.49374,-119.85062,47,2,,,,,,,,,,243.797,,,,,,,,,,101.927,,
3946,40403435010497,2010,48.54228,-119.031947,47,2,,,,,,,,,,89.552,,,,,,,,,,52.292,,
3947,40403438010497,2010,48.520216,-119.107799,47,2,,,,,,,,,,148.934,,,,,,,,,,113.381,,
3948,40403439010497,2010,48.915432,-117.881681,65,2,,,,,,,,,,30.67,,,,,,,,,,75.006,,
3949,40403441010497,2010,48.842127,-117.366833,51,2,,,,,,,,,,96.673,,,,,,,,,,108.626,,
3950,40403445010497,2010,48.446602,-119.92755,47,2,,,,,,,,,,108.145,,,,,,,,,,105.886,,
3951,40403446010497,2010,48.821207,-117.443779,51,2,,,,,,,,,,141.094,,,,,,,,,,157.706,,
3952,40403449010497,2010,47.480191,-120.710725,7,2,,,,,,,,,,26.847,,,,,,,,,,9.208,,
3953,40403460010497,2010,48.95152,-117.092728,51,2,,,,,,,,,,130.723,,,,,,,,,,154.456,,
3954,40403463010497,2010,48.834824,-118.300219,19,2,,,,,,,,,,115.88,,,,,,,,,,122.391,,
3955,40403468010497,2010,47.436968,-121.039167,37,2,,,,,,,,,,145.916,,,,,,,,,,82.726,,
3956,40403470010497,2010,48.191204,-120.568764,7,2,,,,,,,,,,291.493,,,,,,,,,,289.396,,
3957,40403471010497,2010,48.699063,-120.172516,47,2,,,,,,,,,,63.777,,,,,,,,,,79.772,,
3958,40403473010497,2010,48.572416,-120.031218,47,2,,,,,,,,,,82.74,,,,,,,,,,58.093,,
3959,40403474010497,2010,47.409847,-120.895103,37,2,,,,,,,,,,16.314,,,,,,,,,,15.3,,
3960,40403476010497,2010,48.339394,-117.16402,51,2,,,,,,,,,,116.582,,,,,,,,,,144.634,,
3961,40403477010497,2010,48.431033,-117.523583,65,2,,,,,,,,,,240.983,,,,,,,,,,219.863,,
3962,40403480010497,2010,48.54638,-118.475395,19,2,,,,,,,,,,4.561,,,,,,,,,,32.211,,
3963,40403481010497,2010,47.461608,-121.038251,37,2,,,,,,,,,,85.881,,,,,,,,,,39.293,,
3964,40403483010497,2010,47.918261,-120.471735,7,2,,,,,,,,,,38.924,,,,,,,,,,83.903,,
3965,40403484010497,2010,47.49239,-121.436638,33,2,,,,,,,,,,137.615,,,,,,,,,,169.418,,
3966,40403488010497,2010,48.72807,-118.719604,19,2,,,,,,,,,,16.086,,,,,,,,,,23.327,,
3967,40403489010497,2010,48.040412,-120.429048,7,2,,,,,,,,,,28.817,,,,,,,,,,32.738,,
3968,40403491010497,2010,48.353977,-117.457965,51,2,,,,,,,,,,266.214,,,,,,,,,,335.529,,
3969,40403494010497,2010,46.850967,-121.347707,77,2,,,,,,,,,,313.633,,,,,,,,,,253.735,,
3970,40403495010497,2010,48.607654,-120.474582,47,2,,,,,,,,,,85.804,,,,,,,,,,19.312,,
3971,40403499010497,2010,48.791653,-119.943778,47,2,,,,,,,,,,69.577,,,,,,,,,,36.765,,
3972,40403500010497,2010,48.561914,-118.25143,19,2,,,,,,,,,,109.37,,,,,,,,,,107.745,,
3973,40403501010497,2010,47.896084,-120.582624,7,2,,,,,,,,,,96.361,,,,,,,,,,115.351,,
3974,40403502010497,2010,47.769126,-120.405939,7,2,,,,,,,,,,2.274,,,,,,,,,,9.052,,
3975,40403503010497,2010,47.395777,-121.584531,33,2,,,,,,,,,,140.104,,,,,,,,,,133.309,,
3976,40403511010497,2010,48.638318,-120.770176,47,2,,,,,,,,,,7.465,,,,,,,,,,9.603,,
3977,40403512010497,2010,48.941633,-117.916379,65,2,,,,,,,,,,193.397,,,,,,,,,,216.845,,
3978,40403513010497,2010,48.734824,-118.905129,47,2,,,,,,,,,,48.119,,,,,,,,,,56.91,,
3979,40403521010497,2010,47.700805,-120.664611,7,2,,,,,,,,,,127.106,,,,,,,,,,57.158,,
3980,40403523010497,2010,46.970699,-121.128207,77,2,,,,,,,,,,37.4,,,,,,,,,,48.927,,
3981,40403524010497,2010,47.123235,-121.447494,33,2,,,,,,,,,,32.312,,,,,,,,,,89.107,,
3982,40403526010497,2010,46.902156,-121.489813,77,2,,,,,,,,,,25.613,,,,,,,,,,36.308,,
3983,40403531010497,2010,47.694502,-120.373177,7,2,,,,,,,,,,39.921,,,,,,,,,,40.649,,
3984,40403532010497,2010,47.338586,-121.042814,37,2,,,,,,,,,,109.895,,,,,,,,,,68.529,,
3985,40403533010497,2010,48.55069,-118.586276,19,2,,,,,,,,,,39.917,,,,,,,,,,47.946,,
3986,40403535010497,2010,48.849305,-117.515296,65,2,,,,,,,,,,70.555,,,,,,,,,,91.835,,
3987,40403536010497,2010,48.700863,-120.246795,47,2,,,,,,,,,,0.122,,,,,,,,,,7.244,,
3988,40403538010497,2010,48.847529,-117.478174,51,2,,,,,,,,,,14.865,,,,,,,,,,37.229,,
3989,40403541010497,2010,48.980416,-118.249107,19,2,,,,,,,,,,42.565,,,,,,,,,,6.463,,
3990,40403544010497,2010,47.938713,-120.287543,7,2,,,,,,,,,,104.411,,,,,,,,,,124.529,,
3991,40403545010497,2010,47.368842,-121.404071,37,2,,,,,,,,,,263.176,,,,,,,,,,239.632,,
3992,40403548010497,2010,48.633793,-120.547556,47,2,,,,,,,,,,18.321,,,,,,,,,,20.867,,
3993,40403550010497,2010,48.261268,-117.578678,65,2,,,,,,,,,,183.164,,,,,,,,,,170.661,,
3994,40403552010497,2010,48.532966,-120.560079,47,2,,,,,,,,,,5.645,,,,,,,,,,7.988,,
3995,40403553010497,2010,48.61207,-118.915081,47,2,,,,,,,,,,59.555,,,,,,,,,,77.544,,
3996,40403554010497,2010,48.864068,-119.081164,47,2,,,,,,,,,,92.842,,,,,,,,,,100.045,,
3997,40403556010497,2010,48.472199,-119.963027,47,2,,,,,,,,,,74.892,,,,,,,,,,83.003,,
3998,40403557010497,2010,48.647947,-117.425729,51,2,,,,,,,,,,84.497,,,,,,,,,,82.342,,
3999,40403558010497,2010,47.438423,-121.225368,37,2,,,,,,,,,,290.355,,,,,,,,,,273.494,,
4000,40403559010497,2010,47.715273,-121.539419,33,2,,,,,,,,,,232.779,,,,,,,,,,254.953,,
4001,40403560010497,2010,48.654317,-120.360799,47,2,,,,,,,,,,2.569,,,,,,,,,,14.131,,
4002,40403562010497,2010,48.932907,-118.291001,19,2,,,,,,,,,,180.053,,,,,,,,,,200.24,,
4003,40403564010497,2010,48.303215,-117.426564,51,2,,,,,,,,,,81.227,,,,,,,,,,114.301,,
4004,40403566010497,2010,47.353445,-120.535065,7,2,,,,,,,,,,149.732,,,,,,,,,,48.997,,
4005,40403568010497,2010,48.650819,-120.212369,47,2,,,,,,,,,,66.643,,,,,,,,,,54.984,,
4006,40403569010497,2010,48.955746,-118.887045,47,2,,,,,,,,,,37.988,,,,,,,,,,34.699,,
4007,40403571010497,2010,48.087909,-120.353189,7,2,,,,,,,,,,111.163,,,,,,,,,,139.876,,
4008,40403573010497,2010,47.454827,-120.675527,7,2,,,,,,,,,,226.326,,,,,,,,,,198.333,,
4009,40403574010497,2010,47.994429,-120.578031,7,2,,,,,,,,,,197.411,,,,,,,,,,130.941,,
4010,40403577010497,2010,47.143517,-121.158233,37,2,,,,,,,,,,107.614,,,,,,,,,,133.347,,
4011,40403580010497,2010,48.538958,-118.290651,19,2,,,,,,,,,,147.359,,,,,,,,,,111.48,,
4012,40403581010497,2010,47.142335,-121.086116,37,2,,,,,,,,,,238.012,,,,,,,,,,226.114,,
4013,40403585010497,2010,48.069,-120.611261,7,2,,,,,,,,,,310.184,,,,,,,,,,294.266,,
4014,40403589010497,2010,48.514621,-120.738575,7,2,,,,,,,,,,256.196,,,,,,,,,,266.974,,
4015,40403592010497,2010,48.803101,-118.750486,19,2,,,,,,,,,,148.426,,,,,,,,,,76.288,,
4016,40403594010497,2010,47.71904,-120.371944,7,2,,,,,,,,,,53.729,,,,,,,,,,69.055,,
4017,40403595010497,2010,48.655161,-120.39791,47,2,,,,,,,,,,189.613,,,,,,,,,,213.853,,
4018,40403599010497,2010,48.744059,-118.494869,19,2,,,,,,,,,,16.787,,,,,,,,,,6.615,,
4019,40403600010497,2010,47.362602,-121.00569,37,2,,,,,,,,,,201.217,,,,,,,,,,103.262,,
4020,40403601010497,2010,47.12465,-121.555671,33,2,,,,,,,,,,236.042,,,,,,,,,,242.336,,
4021,40403603010497,2010,47.568479,-121.616259,33,2,,,,,,,,,,11.422,,,,,,,,,,63.629,,
4022,40996220010497,2010,47.19698,-121.481223,33,2,,,,,,,,,,531.421,,,,,,,,,,575.518,,
4023,48202478010497,2011,46.675934,-121.17449,77,2,,,,,,,,,,,122.283,,,,,,,,,,152.7,
4024,48202479010497,2011,47.021483,-120.884815,37,2,,,,,,,,,,,20.286,,,,,,,,,,22.432,
4025,48202480010497,2011,46.89293,-120.871801,77,2,,,,,,,,,,,55.419,,,,,,,,,,93.319,
4026,48202505010497,2011,47.893012,-117.133736,63,2,,,,,,,,,,,335.171,,,,,,,,,,385.425,
4027,48202540010497,2011,47.584368,-117.097783,63,2,,,,,,,,,,,120.131,,,,,,,,,,119.0,
4028,48202542010497,2011,46.142843,-117.472112,23,2,,,,,,,,,,,38.275,,,,,,,,,,91.319,
4029,48202582010497,2011,48.886681,-120.720609,47,2,,,,,,,,,,,217.99,,,,,,,,,,236.753,
4030,48202586010497,2011,48.555854,-120.629368,47,2,,,,,,,,,,,81.48,,,,,,,,,,90.669,
4031,48202595010497,2011,48.770456,-119.941459,47,2,,,,,,,,,,,8.738,,,,,,,,,,7.325,
4032,48202603010497,2011,48.870357,-120.125593,47,2,,,,,,,,,,,13.278,,,,,,,,,,12.267,
4033,48202625010497,2011,48.845865,-121.05411,73,2,,,,,,,,,,,278.513,,,,,,,,,,314.853,
4034,48202639010497,2011,47.329874,-121.310256,37,2,,,,,,,,,,,52.031,,,,,,,,,,65.318,
4035,48202640010497,2011,47.193974,-121.446804,33,2,,,,,,,,,,,281.015,,,,,,,,,,327.065,
4036,48202644010497,2011,47.022,-121.236926,77,2,,,,,,,,,,,300.478,,,,,,,,,,311.439,
4037,48202645010497,2011,47.216759,-121.100397,37,2,,,,,,,,,,,77.418,,,,,,,,,,130.965,
4038,48202648010497,2011,46.726298,-121.386017,77,2,,,,,,,,,,,242.297,,,,,,,,,,263.743,
4039,48202654010497,2011,46.436288,-120.95269,77,2,,,,,,,,,,,189.165,,,,,,,,,,203.945,
4040,48202698010497,2011,48.943095,-122.180561,73,2,,,,,,,,,,,44.549,,,,,,,,,,117.754,
4041,48202751010497,2011,48.052155,-124.317987,9,2,,,,,,,,,,,133.69,,,,,,,,,,236.805,
4042,48202760010497,2011,47.716624,-124.256443,31,2,,,,,,,,,,,95.728,,,,,,,,,,168.079,
4043,48202761010497,2011,47.479389,-124.172595,27,2,,,,,,,,,,,14.135,,,,,,,,,,26.227,
4044,48202803010497,2011,47.965551,-124.139302,9,2,,,,,,,,,,,440.277,,,,,,,,,,541.677,
4045,48202804010497,2011,47.919916,-124.03779,9,2,,,,,,,,,,,451.401,,,,,,,,,,414.369,
4046,48202811010497,2011,47.481287,-123.470405,45,2,,,,,,,,,,,179.74,,,,,,,,,,105.022,
4047,48202842010497,2011,47.720159,-122.98122,31,2,,,,,,,,,,,393.893,,,,,,,,,,400.112,
4048,48202890010497,2011,46.874246,-121.23949,77,2,,,,,,,,,,,62.107,,,,,,,,,,58.54,
4049,48202898010497,2011,48.131302,-121.453767,61,2,,,,,,,,,,,16.933,,,,,,,,,,75.292,
4050,48202964010497,2011,48.719022,-117.754688,65,2,,,,,,,,,,,248.36,,,,,,,,,,236.898,
4051,48202980010497,2011,47.723622,-117.46631,63,2,,,,,,,,,,,45.52,,,,,,,,,,49.222,
4052,48202983010497,2011,48.867789,-117.239952,51,2,,,,,,,,,,,192.058,,,,,,,,,,210.989,
4053,48202991010497,2011,48.534605,-117.575497,65,2,,,,,,,,,,,307.621,,,,,,,,,,278.996,
4054,48202992010497,2011,48.423865,-117.377801,51,2,,,,,,,,,,,149.15,,,,,,,,,,141.724,
4055,48203007010497,2011,48.509892,-118.295167,19,2,,,,,,,,,,,28.802,,,,,,,,,,33.362,
4056,48203009010497,2011,48.373683,-118.454978,19,2,,,,,,,,,,,32.644,,,,,,,,,,26.148,
4057,48203029010497,2011,46.07489,-117.648936,13,2,,,,,,,,,,,137.355,,,,,,,,,,76.227,
4058,48203062010497,2011,48.833209,-118.099906,65,2,,,,,,,,,,,0.141,,,,,,,,,,11.308,
4059,48203064010497,2011,48.685424,-117.947585,65,2,,,,,,,,,,,46.502,,,,,,,,,,57.631,
4060,48203081010497,2011,47.888768,-118.016133,65,2,,,,,,,,,,,46.396,,,,,,,,,,69.629,
4061,48203101010497,2011,48.504728,-118.624867,19,2,,,,,,,,,,,174.29,,,,,,,,,,155.091,
4062,48203105010497,2011,48.33076,-118.61418,19,2,,,,,,,,,,,30.205,,,,,,,,,,33.612,
4063,48203108010497,2011,48.152366,-118.569742,19,2,,,,,,,,,,,54.978,,,,,,,,,,77.398,
4064,48203110010497,2011,48.060952,-118.646857,19,2,,,,,,,,,,,89.619,,,,,,,,,,95.777,
4065,48203118010497,2011,48.83052,-118.860248,47,2,,,,,,,,,,,44.034,,,,,,,,,,54.549,
4066,48203128010497,2011,48.318948,-119.146917,47,2,,,,,,,,,,,126.867,,,,,,,,,,173.81,
4067,48203129010497,2011,48.312073,-118.927345,47,2,,,,,,,,,,,95.787,,,,,,,,,,94.084,
4068,48203142010497,2011,48.166727,-119.160368,47,2,,,,,,,,,,,3.034,,,,,,,,,,12.67,
4069,48203173010497,2011,48.385484,-120.448683,47,2,,,,,,,,,,,162.447,,,,,,,,,,179.951,
4070,48203179010497,2011,47.891044,-120.325731,7,2,,,,,,,,,,,10.98,,,,,,,,,,34.214,
4071,48203197010497,2011,46.340141,-121.821391,59,2,,,,,,,,,,,68.876,,,,,,,,,,124.02,
4072,48203233010497,2011,48.915427,-119.795738,47,2,,,,,,,,,,,153.073,,,,,,,,,,165.006,
4073,48203238010497,2011,48.750551,-119.757328,47,2,,,,,,,,,,,219.16,,,,,,,,,,37.297,
4074,48203255010497,2011,48.572151,-120.078499,47,2,,,,,,,,,,,158.689,,,,,,,,,,176.049,
4075,48203262010497,2011,48.428274,-120.24684,47,2,,,,,,,,,,,70.443,,,,,,,,,,88.177,
4076,48203266010497,2011,48.231681,-120.196039,47,2,,,,,,,,,,,185.331,,,,,,,,,,196.617,
4077,48203282010497,2011,47.262498,-120.761003,37,2,,,,,,,,,,,116.68,,,,,,,,,,134.423,
4078,48203323010497,2011,48.975955,-121.802509,73,2,,,,,,,,,,,86.855,,,,,,,,,,124.068,
4079,48203326010497,2011,48.601426,-121.943612,57,2,,,,,,,,,,,127.119,,,,,,,,,,119.443,
4080,48203382010497,2011,46.386419,-121.676685,59,2,,,,,,,,,,,256.433,,,,,,,,,,293.401,
4081,48203387010497,2011,46.027205,-121.43703,39,2,,,,,,,,,,,31.338,,,,,,,,,,59.551,
4082,48203388010497,2011,45.854487,-121.400903,39,2,,,,,,,,,,,42.855,,,,,,,,,,62.545,
4083,48203389010497,2011,45.887079,-121.564215,39,2,,,,,,,,,,,319.412,,,,,,,,,,338.724,
4084,48203391010497,2011,48.796811,-121.592372,73,2,,,,,,,,,,,43.073,,,,,,,,,,65.416,
4085,48203392010497,2011,48.650821,-121.774094,73,2,,,,,,,,,,,356.069,,,,,,,,,,371.277,
4086,48203397010497,2011,48.306475,-121.499529,57,2,,,,,,,,,,,120.482,,,,,,,,,,191.491,
4087,48203425010497,2011,48.264657,-121.869314,61,2,,,,,,,,,,,125.233,,,,,,,,,,175.401,
4088,48203426010497,2011,48.311379,-122.011922,57,2,,,,,,,,,,,481.053,,,,,,,,,,529.622,
4089,48203442010497,2011,47.331135,-121.634559,33,2,,,,,,,,,,,138.742,,,,,,,,,,135.454,
4090,48203511010497,2011,47.002382,-121.593277,53,2,,,,,,,,,,,196.317,,,,,,,,,,215.709,
4091,48203539010497,2011,47.526466,-121.933893,33,2,,,,,,,,,,,96.797,,,,,,,,,,114.371,
4092,48203546010497,2011,47.378771,-121.932092,33,2,,,,,,,,,,,219.72,,,,,,,,,,306.104,
4093,48203553010497,2011,47.025561,-121.80294,53,2,,,,,,,,,,,97.009,,,,,,,,,,108.092,
4094,48203556010497,2011,46.986854,-121.958126,53,2,,,,,,,,,,,430.608,,,,,,,,,,510.643,
4095,48203557010497,2011,46.811711,-121.895177,53,2,,,,,,,,,,,537.397,,,,,,,,,,599.349,
4096,48203558010497,2011,46.547532,-121.684604,41,2,,,,,,,,,,,195.944,,,,,,,,,,235.605,
4097,48203559010497,2011,46.490988,-121.896472,41,2,,,,,,,,,,,661.305,,,,,,,,,,631.263,
4098,48203570010497,2011,45.84448,-121.762066,59,2,,,,,,,,,,,667.619,,,,,,,,,,705.772,
4099,48203603010497,2011,47.070659,-122.673361,53,2,,,,,,,,,,,195.663,,,,,,,,,,291.894,
4100,48203608010497,2011,46.639535,-122.414751,41,2,,,,,,,,,,,41.543,,,,,,,,,,84.932,
4101,48203610010497,2011,47.248827,-122.321697,53,2,,,,,,,,,,,45.929,,,,,,,,,,57.942,
4102,48203618010497,2011,46.349009,-122.208303,59,2,,,,,,,,,,,183.234,,,,,,,,,,293.151,
4103,48203622010497,2011,45.947604,-122.11402,59,2,,,,,,,,,,,260.991,,,,,,,,,,231.705,
4104,48203623010497,2011,45.846823,-121.904238,59,2,,,,,,,,,,,319.886,,,,,,,,,,393.543,
4105,48203699010497,2011,47.172984,-123.387971,45,2,,,,,,,,,,,8.893,,,,,,,,,,57.275,
4106,48203712010497,2011,46.512752,-123.26344,41,2,,,,,,,,,,,9.965,,,,,,,,,,73.877,
4107,48203714010497,2011,48.51741,-118.441255,19,2,,,,,,,,,,,167.8,,,,,,,,,,197.895,
4108,48203735010497,2011,48.089706,-123.990804,9,2,,,,,,,,,,,319.908,,,,,,,,,,355.657,
4109,48203736010497,2011,47.962858,-123.602217,9,2,,,,,,,,,,,470.745,,,,,,,,,,428.261,
4110,48203748010497,2011,47.821091,-123.185759,31,2,,,,,,,,,,,178.365,,,,,,,,,,131.944,
4111,48203756010497,2011,47.535244,-123.306902,45,2,,,,,,,,,,,509.078,,,,,,,,,,541.663,
4112,48203767010497,2011,47.05349,-123.194002,67,2,,,,,,,,,,,173.244,,,,,,,,,,239.103,
4113,48203794010497,2011,47.518177,-123.668552,31,2,,,,,,,,,,,404.215,,,,,,,,,,380.956,
4114,48203816010497,2011,46.8209,-121.597875,53,2,,,,,,,,,,,322.835,,,,,,,,,,256.346,
4115,48203865010497,2011,46.980768,-123.870757,27,2,,,,,,,,,,,561.072,,,,,,,,,,599.949,
4116,48203953010497,2011,46.586312,-122.21608,41,2,,,,,,,,,,,181.47,,,,,,,,,,244.677,
4117,48203974010497,2011,48.232255,-120.237934,47,2,,,,,,,,,,,90.928,,,,,,,,,,87.954,
4118,48203989010497,2011,46.504714,-121.512213,41,2,,,,,,,,,,,85.001,,,,,,,,,,103.086,
4119,48204006010497,2011,47.369655,-121.511306,33,2,,,,,,,,,,,132.955,,,,,,,,,,219.042,
4120,48204012010497,2011,48.748597,-121.920871,73,2,,,,,,,,,,,428.648,,,,,,,,,,369.464,
4121,48204014010497,2011,48.60354,-122.020942,57,2,,,,,,,,,,,268.841,,,,,,,,,,198.726,
4122,48204018010497,2011,48.534394,-118.810258,19,2,,,,,,,,,,,139.002,,,,,,,,,,130.021,
4123,48204083010497,2011,47.357585,-120.9278,37,2,,,,,,,,,,,184.566,,,,,,,,,,10.514,
4124,48204084010497,2011,47.714223,-121.198471,33,2,,,,,,,,,,,473.64,,,,,,,,,,531.358,
4125,48204088010497,2011,45.791316,-122.089636,59,2,,,,,,,,,,,331.673,,,,,,,,,,392.861,
4126,48204089010497,2011,46.026917,-121.938877,59,2,,,,,,,,,,,503.707,,,,,,,,,,565.8,
4127,48204095010497,2011,46.485092,-122.384774,41,2,,,,,,,,,,,46.231,,,,,,,,,,45.666,
4128,48204114010497,2011,45.599309,-122.411087,11,2,,,,,,,,,,,148.305,,,,,,,,,,202.621,
4129,48204115010497,2011,46.100349,-122.487618,15,2,,,,,,,,,,,148.162,,,,,,,,,,222.396,
4130,48204154010497,2011,46.805662,-123.686687,27,2,,,,,,,,,,,0.122,,,,,,,,,,53.671,
4131,48204157010497,2011,47.768366,-123.881116,31,2,,,,,,,,,,,572.833,,,,,,,,,,600.285,
4132,48204186010497,2011,46.685178,-121.750521,41,2,,,,,,,,,,,375.996,,,,,,,,,,445.22,
4133,48204187010497,2011,46.638509,-121.896707,41,2,,,,,,,,,,,410.671,,,,,,,,,,420.807,
4134,48204188010497,2011,46.658684,-122.07177,41,2,,,,,,,,,,,333.452,,,,,,,,,,383.973,
4135,48204201010497,2011,46.143361,-121.832488,59,2,,,,,,,,,,,135.755,,,,,,,,,,182.042,
4136,48204205010497,2011,47.445706,-120.423227,7,2,,,,,,,,,,,201.49,,,,,,,,,,207.681,
4137,48204206010497,2011,48.558081,-117.206484,51,2,,,,,,,,,,,283.675,,,,,,,,,,329.707,
4138,48204207010497,2011,48.568871,-117.405113,51,2,,,,,,,,,,,94.813,,,,,,,,,,100.478,
4139,48204211010497,2011,48.240974,-117.127958,51,2,,,,,,,,,,,89.859,,,,,,,,,,71.236,
4140,48204223010497,2011,47.063767,-121.092698,37,2,,,,,,,,,,,355.523,,,,,,,,,,400.407,
4141,48204224010497,2011,47.373965,-121.154883,37,2,,,,,,,,,,,1.999,,,,,,,,,,19.03,
4142,48204243010497,2011,47.248852,-124.137789,27,2,,,,,,,,,,,49.192,,,,,,,,,,91.039,
4143,48204249010497,2011,47.147245,-121.705532,53,2,,,,,,,,,,,1.941,,,,,,,,,,93.091,
4144,48204250010497,2011,47.512718,-121.510448,33,2,,,,,,,,,,,140.605,,,,,,,,,,168.706,
4145,48204252010497,2011,48.332679,-121.667049,57,2,,,,,,,,,,,593.214,,,,,,,,,,619.299,
4146,48204259010497,2011,48.11603,-124.187328,9,2,,,,,,,,,,,258.517,,,,,,,,,,270.574,
4147,48204377010497,2011,48.759835,-117.065832,51,2,,,,,,,,,,,159.973,,,,,,,,,,182.484,
4148,48204402010497,2011,47.028218,-123.523464,27,2,,,,,,,,,,,153.401,,,,,,,,,,193.693,
4149,48204406010497,2011,47.673544,-123.694223,31,2,,,,,,,,,,,123.935,,,,,,,,,,92.279,
4150,48204425010497,2011,48.912327,-119.964674,47,2,,,,,,,,,,,0.708,,,,,,,,,,1.132,
4151,48204433010497,2011,45.736303,-121.211966,39,2,,,,,,,,,,,71.268,,,,,,,,,,70.74,
4152,48204447010497,2011,48.529724,-120.443837,47,2,,,,,,,,,,,187.774,,,,,,,,,,207.353,
4153,48204479010497,2011,47.478827,-121.865162,33,2,,,,,,,,,,,57.199,,,,,,,,,,94.674,
4154,48204519010497,2011,48.980472,-118.357258,19,2,,,,,,,,,,,160.45,,,,,,,,,,129.447,
4155,48204522010497,2011,46.149699,-122.332996,15,2,,,,,,,,,,,114.534,,,,,,,,,,216.147,
4156,48204532010497,2011,48.443301,-119.88911,47,2,,,,,,,,,,,127.373,,,,,,,,,,126.661,
4157,48204562010497,2011,47.328227,-123.464491,45,2,,,,,,,,,,,181.248,,,,,,,,,,185.748,
4158,48204563010497,2011,48.013746,-123.38181,9,2,,,,,,,,,,,359.318,,,,,,,,,,385.999,
4159,48204565010497,2011,47.152139,-121.623587,33,2,,,,,,,,,,,10.384,,,,,,,,,,53.88,
4160,48204589010497,2011,47.701574,-123.35765,31,2,,,,,,,,,,,563.909,,,,,,,,,,569.932,
4161,48204593010497,2011,47.722496,-120.656054,7,2,,,,,,,,,,,231.848,,,,,,,,,,116.819,
4162,48204594010497,2011,48.222967,-120.930725,7,2,,,,,,,,,,,139.015,,,,,,,,,,236.792,
4163,48204633010497,2011,46.880119,-123.166314,27,2,,,,,,,,,,,81.732,,,,,,,,,,166.606,
4164,48204646010497,2011,47.944922,-117.280737,63,2,,,,,,,,,,,54.042,,,,,,,,,,90.123,
4165,48204657010497,2011,48.39561,-120.964506,7,2,,,,,,,,,,,6.384,,,,,,,,,,10.939,
4166,48204686010497,2011,47.962507,-121.947858,61,2,,,,,,,,,,,50.3,,,,,,,,,,102.601,
4167,48204755010497,2011,47.919223,-120.513318,7,2,,,,,,,,,,,67.956,,,,,,,,,,107.506,
4168,48204802010497,2011,48.719458,-120.141456,47,2,,,,,,,,,,,85.092,,,,,,,,,,98.787,
4169,48204823010497,2011,46.252399,-122.855832,15,2,,,,,,,,,,,99.002,,,,,,,,,,158.221,
4170,48204855010497,2011,48.594097,-117.735466,65,2,,,,,,,,,,,349.523,,,,,,,,,,332.957,
4171,48204856010497,2011,48.390679,-117.712804,65,2,,,,,,,,,,,157.457,,,,,,,,,,218.859,
4172,48204882010497,2011,48.68757,-118.862879,47,2,,,,,,,,,,,199.046,,,,,,,,,,220.779,
4173,48204883010497,2011,47.178622,-121.790344,33,2,,,,,,,,,,,11.484,,,,,,,,,,67.662,
4174,48204890010497,2011,46.178782,-121.09938,77,2,,,,,,,,,,,73.995,,,,,,,,,,120.425,
4175,48204893010497,2011,48.155422,-121.630969,61,2,,,,,,,,,,,57.48,,,,,,,,,,59.949,
4176,48204902010497,2011,47.483458,-124.017939,27,2,,,,,,,,,,,369.774,,,,,,,,,,461.501,
4177,48204912010497,2011,48.495591,-119.192305,47,2,,,,,,,,,,,104.381,,,,,,,,,,137.223,
4178,48204941010497,2011,47.218315,-122.70238,53,2,,,,,,,,,,,215.42,,,,,,,,,,214.027,
4179,48204942010497,2011,46.586574,-122.434378,41,2,,,,,,,,,,,154.405,,,,,,,,,,61.595,
4180,48204946010497,2011,45.930344,-122.449111,11,2,,,,,,,,,,,89.404,,,,,,,,,,149.586,
4181,48204971010497,2011,47.905639,-121.214236,61,2,,,,,,,,,,,236.113,,,,,,,,,,305.289,
4182,48204978010497,2011,46.896067,-121.059993,77,2,,,,,,,,,,,120.212,,,,,,,,,,90.943,
4183,48204984010497,2011,48.861623,-117.591,65,2,,,,,,,,,,,18.512,,,,,,,,,,24.942,
4184,48204985010497,2011,48.679324,-120.476977,47,2,,,,,,,,,,,106.632,,,,,,,,,,92.103,
4185,48204991010497,2011,45.99089,-121.753641,59,2,,,,,,,,,,,344.512,,,,,,,,,,356.25,
4186,48205048010497,2011,47.037021,-122.951565,67,2,,,,,,,,,,,1.303,,,,,,,,,,29.158,
4187,48205061010497,2011,48.946513,-118.687665,19,2,,,,,,,,,,,142.89,,,,,,,,,,142.895,
4188,48205064010497,2011,45.9629,-120.551185,39,2,,,,,,,,,,,17.065,,,,,,,,,,14.855,
4189,48205092010497,2011,48.893926,-120.96862,73,2,,,,,,,,,,,218.338,,,,,,,,,,228.604,
4190,48205097010497,2011,48.92661,-120.33814,47,2,,,,,,,,,,,77.196,,,,,,,,,,82.43,
4191,48205110010497,2011,48.554251,-121.002628,57,2,,,,,,,,,,,317.066,,,,,,,,,,362.727,
4192,48205120010497,2011,47.766123,-124.467643,31,2,,,,,,,,,,,444.25,,,,,,,,,,453.66,
4193,48205122010497,2011,46.397954,-123.456341,49,2,,,,,,,,,,,22.803,,,,,,,,,,76.327,
4194,48205133010497,2011,48.83996,-120.880453,73,2,,,,,,,,,,,105.036,,,,,,,,,,121.54,
4195,48205142010497,2011,47.229541,-120.44727,37,2,,,,,,,,,,,68.401,,,,,,,,,,72.206,
4196,48205160010497,2011,47.946139,-121.785304,61,2,,,,,,,,,,,428.477,,,,,,,,,,469.348,
4197,48205164010497,2011,47.40265,-120.786296,7,2,,,,,,,,,,,36.71,,,,,,,,,,51.199,
4198,48205170010497,2011,47.61654,-124.049731,31,2,,,,,,,,,,,236.189,,,,,,,,,,257.925,
4199,48205187010497,2011,47.89829,-120.90869,7,2,,,,,,,,,,,301.192,,,,,,,,,,146.082,
4200,48205202010497,2011,48.715129,-117.23497,51,2,,,,,,,,,,,84.998,,,,,,,,,,84.579,
4201,48205244010497,2011,48.055943,-121.272253,61,2,,,,,,,,,,,359.86,,,,,,,,,,379.307,
4202,48205247010497,2011,47.690712,-121.541078,33,2,,,,,,,,,,,280.267,,,,,,,,,,188.54,
4203,48205261010497,2011,48.558202,-122.806153,55,2,,,,,,,,,,,123.851,,,,,,,,,,152.971,
4204,48205268010497,2011,46.979686,-122.12875,53,2,,,,,,,,,,,64.263,,,,,,,,,,159.398,
4205,48205273010497,2011,48.718797,-118.504067,19,2,,,,,,,,,,,47.709,,,,,,,,,,58.371,
4206,48205328010497,2011,48.216973,-119.23464,47,2,,,,,,,,,,,17.495,,,,,,,,,,28.642,
4207,48205351010497,2011,46.177047,-121.298082,77,2,,,,,,,,,,,49.211,,,,,,,,,,64.855,
4208,48205354010497,2011,48.434175,-121.886285,57,2,,,,,,,,,,,452.806,,,,,,,,,,423.956,
4209,48205382010497,2011,48.621904,-122.085763,57,2,,,,,,,,,,,160.498,,,,,,,,,,202.7,
4210,48205392010497,2011,46.06804,-120.730012,77,2,,,,,,,,,,,179.345,,,,,,,,,,217.151,
4211,48205395010497,2011,47.593738,-122.083049,33,2,,,,,,,,,,,106.113,,,,,,,,,,101.866,
4212,48205414010497,2011,46.196399,-121.971169,59,2,,,,,,,,,,,446.507,,,,,,,,,,517.043,
4213,48205419010497,2011,46.718439,-121.03536,77,2,,,,,,,,,,,25.061,,,,,,,,,,25.228,
4214,48205436010497,2011,47.912078,-124.280269,9,2,,,,,,,,,,,298.578,,,,,,,,,,289.098,
4215,48205444010497,2011,46.439489,-123.948509,49,2,,,,,,,,,,,371.992,,,,,,,,,,457.899,
4216,48205454010497,2011,48.239597,-120.38956,47,2,,,,,,,,,,,78.133,,,,,,,,,,65.639,
4217,48205457010497,2011,48.505372,-121.354363,57,2,,,,,,,,,,,453.723,,,,,,,,,,538.316,
4218,48205466010497,2011,47.449755,-117.282264,63,2,,,,,,,,,,,66.895,,,,,,,,,,89.846,
4219,48205582010497,2011,47.85249,-121.202213,61,2,,,,,,,,,,,591.294,,,,,,,,,,528.719,
4220,48205589010497,2011,45.890824,-121.074885,39,2,,,,,,,,,,,93.789,,,,,,,,,,111.55,
4221,48205591010497,2011,48.005553,-121.616128,61,2,,,,,,,,,,,433.352,,,,,,,,,,385.763,
4222,48205647010497,2011,48.966224,-119.629065,47,2,,,,,,,,,,,18.442,,,,,,,,,,21.739,
4223,48205648010497,2011,48.57919,-120.292657,47,2,,,,,,,,,,,209.766,,,,,,,,,,151.757,
4224,48205685010497,2011,47.507666,-120.992763,37,2,,,,,,,,,,,92.953,,,,,,,,,,105.184,
4225,48205699010497,2011,46.083696,-121.281906,77,2,,,,,,,,,,,177.808,,,,,,,,,,204.459,
4226,48205702010497,2011,48.157929,-121.494022,61,2,,,,,,,,,,,281.095,,,,,,,,,,344.687,
4227,48205709010497,2011,46.580832,-121.3545,77,2,,,,,,,,,,,37.932,,,,,,,,,,67.973,
4228,48205720010497,2011,48.705844,-117.566218,51,2,,,,,,,,,,,86.733,,,,,,,,,,110.091,
4229,48205721010497,2011,48.38457,-117.567963,65,2,,,,,,,,,,,86.256,,,,,,,,,,135.429,
4230,48205729010497,2011,45.892976,-121.694994,59,2,,,,,,,,,,,624.99,,,,,,,,,,515.573,
4231,48205734010497,2011,47.916796,-123.964409,9,2,,,,,,,,,,,769.789,,,,,,,,,,787.409,
4232,48205769010497,2011,46.220069,-121.647848,59,2,,,,,,,,,,,174.667,,,,,,,,,,194.912,
4233,48205783010497,2011,47.575567,-124.238754,31,2,,,,,,,,,,,215.992,,,,,,,,,,299.987,
4234,48205789010497,2011,48.379934,-117.207914,51,2,,,,,,,,,,,71.072,,,,,,,,,,78.809,
4235,48205796010497,2011,47.549787,-122.763922,35,2,,,,,,,,,,,279.439,,,,,,,,,,251.258,
4236,48205851010497,2011,46.007844,-122.276438,11,2,,,,,,,,,,,190.929,,,,,,,,,,215.151,
4237,48205863010497,2011,47.427069,-123.836323,27,2,,,,,,,,,,,326.1,,,,,,,,,,204.16,
4238,48205865010497,2011,48.7282,-120.667143,47,2,,,,,,,,,,,15.477,,,,,,,,,,20.083,
4239,48205866010497,2011,47.85641,-121.058293,7,2,,,,,,,,,,,98.262,,,,,,,,,,132.995,
4240,48205874010497,2011,46.115676,-122.660113,15,2,,,,,,,,,,,192.497,,,,,,,,,,282.065,
4241,48205875010497,2011,48.212003,-117.525094,65,2,,,,,,,,,,,72.266,,,,,,,,,,128.818,
4242,48205876010497,2011,48.350913,-118.784167,19,2,,,,,,,,,,,17.89,,,,,,,,,,6.737,
4243,48205877010497,2011,46.297195,-122.35876,15,2,,,,,,,,,,,135.428,,,,,,,,,,231.469,
4244,48205950010497,2011,48.951943,-117.049963,51,2,,,,,,,,,,,125.434,,,,,,,,,,122.944,
4245,48205994010497,2011,48.203254,-118.410422,19,2,,,,,,,,,,,69.437,,,,,,,,,,87.228,
4246,48206014010497,2011,46.623496,-121.13888,77,2,,,,,,,,,,,54.719,,,,,,,,,,69.828,
4247,48206015010497,2011,46.659517,-121.782666,41,2,,,,,,,,,,,197.086,,,,,,,,,,181.809,
4248,48206050010497,2011,47.12419,-121.51961,33,2,,,,,,,,,,,901.9,,,,,,,,,,987.031,
4249,48206062010497,2011,48.903724,-118.181703,65,2,,,,,,,,,,,162.441,,,,,,,,,,203.536,
4250,48206094010497,2011,47.878561,-120.949369,7,2,,,,,,,,,,,318.362,,,,,,,,,,371.412,
4251,48206095010497,2011,47.872215,-120.620325,7,2,,,,,,,,,,,74.696,,,,,,,,,,103.512,
4252,48206144010497,2011,48.770738,-119.237421,47,2,,,,,,,,,,,72.489,,,,,,,,,,99.274,
4253,48206154010497,2011,48.179758,-121.305441,61,2,,,,,,,,,,,510.877,,,,,,,,,,545.07,
4254,48206155010497,2011,48.573751,-118.54716,19,2,,,,,,,,,,,13.392,,,,,,,,,,25.986,
4255,48206156010497,2011,48.702157,-121.734193,73,2,,,,,,,,,,,228.904,,,,,,,,,,317.085,
4256,48206157010497,2011,48.690273,-120.916601,73,2,,,,,,,,,,,344.032,,,,,,,,,,374.313,
4257,48206160010497,2011,48.27689,-117.392539,51,2,,,,,,,,,,,80.848,,,,,,,,,,55.685,
4258,48206164010497,2011,45.921693,-121.869479,59,2,,,,,,,,,,,670.538,,,,,,,,,,756.949,
4259,48206165010497,2011,47.403401,-123.506146,27,2,,,,,,,,,,,337.319,,,,,,,,,,399.873,
4260,48206169010497,2011,47.702265,-120.737488,7,2,,,,,,,,,,,143.973,,,,,,,,,,156.644,
4261,48206170010497,2011,48.431516,-121.740931,57,2,,,,,,,,,,,457.946,,,,,,,,,,502.72,
4262,48206174010497,2011,46.339478,-121.78979,59,2,,,,,,,,,,,59.616,,,,,,,,,,137.45,
4263,48206177010497,2011,48.856247,-118.857919,47,2,,,,,,,,,,,101.522,,,,,,,,,,119.644,
4264,48206184010497,2011,47.60134,-123.18048,45,2,,,,,,,,,,,160.291,,,,,,,,,,181.896,
4265,48206185010497,2011,46.169807,-122.077048,59,2,,,,,,,,,,,307.582,,,,,,,,,,407.07,
4266,48206193010497,2011,47.970535,-123.218424,9,2,,,,,,,,,,,242.618,,,,,,,,,,289.512,
4267,48206194010497,2011,48.747292,-120.132584,47,2,,,,,,,,,,,55.409,,,,,,,,,,53.183,
4268,48206195010497,2011,48.533866,-120.478256,47,2,,,,,,,,,,,63.919,,,,,,,,,,67.792,
4269,48206196010497,2011,48.496957,-119.146627,47,2,,,,,,,,,,,165.248,,,,,,,,,,167.186,
4270,48206197010497,2011,46.316239,-121.932452,59,2,,,,,,,,,,,186.696,,,,,,,,,,287.074,
4271,48206198010497,2011,46.313647,-121.683767,59,2,,,,,,,,,,,460.466,,,,,,,,,,528.907,
4272,48206204010497,2011,47.852596,-120.877242,7,2,,,,,,,,,,,237.692,,,,,,,,,,229.684,
4273,48206205010497,2011,46.895049,-121.0231,77,2,,,,,,,,,,,130.543,,,,,,,,,,198.714,
4274,48206206010497,2011,47.925038,-120.801024,7,2,,,,,,,,,,,125.057,,,,,,,,,,186.869,
4275,48206207010497,2011,47.92139,-120.61807,7,2,,,,,,,,,,,132.417,,,,,,,,,,92.852,
4276,48206214010497,2011,45.822154,-121.765831,59,2,,,,,,,,,,,576.284,,,,,,,,,,751.956,
4277,48206216010497,2011,48.706225,-118.795865,19,2,,,,,,,,,,,231.058,,,,,,,,,,150.996,
4278,48206217010497,2011,48.687603,-118.313964,19,2,,,,,,,,,,,183.192,,,,,,,,,,143.55,
4279,48206218010497,2011,48.65503,-117.573639,65,2,,,,,,,,,,,21.599,,,,,,,,,,63.44,
4280,48206220010497,2011,47.403829,-123.397363,45,2,,,,,,,,,,,127.942,,,,,,,,,,190.306,
4281,48206224010497,2011,47.548383,-123.943855,31,2,,,,,,,,,,,500.292,,,,,,,,,,493.108,
4282,48206225010497,2011,47.548958,-123.871141,31,2,,,,,,,,,,,267.728,,,,,,,,,,342.19,
4283,48206226010497,2011,47.549229,-123.834797,31,2,,,,,,,,,,,137.886,,,,,,,,,,192.216,
4284,48206230010497,2011,46.119677,-121.971666,59,2,,,,,,,,,,,387.13,,,,,,,,,,428.357,
4285,48206233010497,2011,46.113696,-117.474933,3,2,,,,,,,,,,,86.094,,,,,,,,,,128.2,
4286,48206235010497,2011,46.460099,-121.573348,41,2,,,,,,,,,,,370.805,,,,,,,,,,427.836,
4287,48206237010497,2011,48.60516,-120.363363,47,2,,,,,,,,,,,149.331,,,,,,,,,,169.724,
4288,48206238010497,2011,48.602559,-120.252146,47,2,,,,,,,,,,,50.569,,,,,,,,,,48.657,
4289,48206239010497,2011,47.819922,-120.476516,7,2,,,,,,,,,,,46.454,,,,,,,,,,19.882,
4290,48206242010497,2011,48.230014,-121.37747,61,2,,,,,,,,,,,87.156,,,,,,,,,,15.276,
4291,48206248010497,2011,48.159978,-120.275887,47,2,,,,,,,,,,,221.801,,,,,,,,,,205.021,
4292,48206249010497,2011,47.16985,-121.265633,37,2,,,,,,,,,,,68.7,,,,,,,,,,136.658,
4293,48206251010497,2011,48.089234,-124.027201,9,2,,,,,,,,,,,337.114,,,,,,,,,,410.37,
4294,48206256010497,2011,48.158157,-121.526894,61,2,,,,,,,,,,,523.282,,,,,,,,,,488.288,
4295,48206257010497,2011,48.679695,-120.396646,47,2,,,,,,,,,,,4.319,,,,,,,,,,13.379,
4296,48206258010497,2011,48.676242,-120.248138,47,2,,,,,,,,,,,233.018,,,,,,,,,,270.767,
4297,48206264010497,2011,48.538518,-120.700441,47,2,,,,,,,,,,,40.784,,,,,,,,,,54.321,
4298,48206265010497,2011,48.876029,-121.879066,73,2,,,,,,,,,,,182.693,,,,,,,,,,285.018,
4299,48206268010497,2011,48.610955,-118.246821,19,2,,,,,,,,,,,91.804,,,,,,,,,,102.753,
4300,48206269010497,2011,48.584962,-117.655407,65,2,,,,,,,,,,,162.738,,,,,,,,,,189.653,
4301,48206271010497,2011,48.65346,-120.323689,47,2,,,,,,,,,,,61.451,,,,,,,,,,62.208,
4302,48206278010497,2011,48.998005,-118.69648,19,2,,,,,,,,,,,314.031,,,,,,,,,,175.022,
4303,48206281010497,2011,48.489823,-118.295213,19,2,,,,,,,,,,,78.967,,,,,,,,,,107.171,
4304,48206288010497,2011,48.977319,-118.174598,65,2,,,,,,,,,,,219.175,,,,,,,,,,205.562,
4305,48206302010497,2011,48.308469,-121.743961,57,2,,,,,,,,,,,506.539,,,,,,,,,,560.919,
4306,48206303010497,2011,48.518958,-119.070833,47,2,,,,,,,,,,,159.311,,,,,,,,,,68.802,
4307,48206305010497,2011,48.381051,-121.631333,57,2,,,,,,,,,,,201.92,,,,,,,,,,273.626,
4308,48206321010497,2011,48.407588,-120.336625,47,2,,,,,,,,,,,34.787,,,,,,,,,,25.359,
4309,48206322010497,2011,47.23199,-120.612998,37,2,,,,,,,,,,,357.687,,,,,,,,,,259.518,
4310,48206324010497,2011,45.872813,-121.905724,59,2,,,,,,,,,,,194.16,,,,,,,,,,218.381,
4311,48206325010497,2011,45.871376,-121.764741,59,2,,,,,,,,,,,118.293,,,,,,,,,,174.148,
4312,48206327010497,2011,48.827439,-121.954709,73,2,,,,,,,,,,,315.317,,,,,,,,,,371.693,
4313,48206328010497,2011,46.676557,-121.209941,77,2,,,,,,,,,,,175.948,,,,,,,,,,209.47,
4314,48206345010497,2011,47.354183,-123.505675,27,2,,,,,,,,,,,36.643,,,,,,,,,,94.314,
4315,48206347010497,2011,48.908342,-118.293314,19,2,,,,,,,,,,,201.603,,,,,,,,,,197.459,
4316,48206348010497,2011,48.896508,-117.472764,51,2,,,,,,,,,,,6.214,,,,,,,,,,16.466,
4317,48206349010497,2011,46.045474,-121.937681,59,2,,,,,,,,,,,694.208,,,,,,,,,,789.487,
4318,48206350010497,2011,47.025217,-121.486345,53,2,,,,,,,,,,,6.36,,,,,,,,,,15.435,
4319,48206351010497,2011,47.017452,-120.982582,37,2,,,,,,,,,,,291.72,,,,,,,,,,184.092,
4320,48206353010497,2011,48.18102,-120.127536,47,2,,,,,,,,,,,96.621,,,,,,,,,,57.215,
4321,48206364010497,2011,47.764473,-121.538042,33,2,,,,,,,,,,,94.552,,,,,,,,,,117.246,
4322,48206365010497,2011,47.756828,-121.027177,7,2,,,,,,,,,,,174.144,,,,,,,,,,193.692,
4323,48206366010497,2011,47.79844,-122.998486,31,2,,,,,,,,,,,197.644,,,,,,,,,,279.269,
4324,48206367010497,2011,47.790462,-121.64691,61,2,,,,,,,,,,,256.788,,,,,,,,,,179.315,
4325,48206369010497,2011,47.39073,-121.222142,37,2,,,,,,,,,,,250.133,,,,,,,,,,282.695,
4326,48206370010497,2011,47.385868,-120.93231,37,2,,,,,,,,,,,78.805,,,,,,,,,,83.91,
4327,48206378010497,2011,48.993917,-117.985879,65,2,,,,,,,,,,,140.593,,,,,,,,,,158.817,
4328,48206379010497,2011,48.959066,-117.241444,51,2,,,,,,,,,,,246.167,,,,,,,,,,268.122,
4329,48206380010497,2011,46.119018,-121.900858,59,2,,,,,,,,,,,719.796,,,,,,,,,,860.767,
4330,48206381010497,2011,47.671517,-120.447232,7,2,,,,,,,,,,,137.84,,,,,,,,,,144.492,
4331,48206385010497,2011,47.804738,-120.952278,7,2,,,,,,,,,,,258.541,,,,,,,,,,290.683,
4332,48206391010497,2011,46.367073,-122.1093,59,2,,,,,,,,,,,24.72,,,,,,,,,,53.497,
4333,48206409010497,2011,47.412418,-121.040079,37,2,,,,,,,,,,,271.782,,,,,,,,,,267.834,
4334,48206413010497,2011,46.511397,-121.750312,41,2,,,,,,,,,,,462.481,,,,,,,,,,531.379,
4335,48206417010497,2011,47.666072,-121.540792,33,2,,,,,,,,,,,124.69,,,,,,,,,,58.339,
4336,48206418010497,2011,47.663084,-121.322238,33,2,,,,,,,,,,,177.334,,,,,,,,,,266.248,
4337,48206419010497,2011,46.202128,-117.785274,13,2,,,,,,,,,,,49.018,,,,,,,,,,57.169,
4338,48206422010497,2011,47.687637,-121.32145,33,2,,,,,,,,,,,193.073,,,,,,,,,,300.995,
4339,48206423010497,2011,47.749128,-123.034988,31,2,,,,,,,,,,,347.966,,,,,,,,,,393.37,
4340,48206424010497,2011,47.782089,-121.062746,7,2,,,,,,,,,,,457.262,,,,,,,,,,522.337,
4341,48206438010497,2011,46.460538,-121.608967,41,2,,,,,,,,,,,57.358,,,,,,,,,,122.407,
4342,48206444010497,2011,46.166788,-121.758144,59,2,,,,,,,,,,,666.059,,,,,,,,,,767.088,
4343,48206445010497,2011,46.293972,-122.217056,59,2,,,,,,,,,,,3.86,,,,,,,,,,17.037,
4344,48206453010497,2011,46.603261,-121.248083,77,2,,,,,,,,,,,315.19,,,,,,,,,,312.148,
4345,48206464010497,2011,45.847095,-121.800516,59,2,,,,,,,,,,,563.704,,,,,,,,,,643.266,
4346,48206465010497,2011,48.259267,-121.745166,61,2,,,,,,,,,,,482.39,,,,,,,,,,352.273,
4347,48206473010497,2011,47.89907,-120.728921,7,2,,,,,,,,,,,286.425,,,,,,,,,,356.813,
4348,48206475010497,2011,47.940847,-124.097529,9,2,,,,,,,,,,,459.028,,,,,,,,,,441.558,
4349,48206476010497,2011,47.946037,-123.108402,9,2,,,,,,,,,,,459.34,,,,,,,,,,493.525,
4350,48206477010497,2011,47.946082,-123.035123,9,2,,,,,,,,,,,284.407,,,,,,,,,,329.269,
4351,48206497010497,2011,47.050335,-121.521656,53,2,,,,,,,,,,,96.031,,,,,,,,,,35.709,
4352,48206499010497,2011,47.700057,-120.628175,7,2,,,,,,,,,,,45.808,,,,,,,,,,55.064,
4353,48206505010497,2011,47.069182,-121.12476,37,2,,,,,,,,,,,224.933,,,,,,,,,,246.171,
4354,48206507010497,2011,47.530799,-120.781226,7,2,,,,,,,,,,,0.526,,,,,,,,,,3.568,
4355,48206514010497,2011,46.673001,-120.995446,77,2,,,,,,,,,,,82.228,,,,,,,,,,78.658,
4356,48206515010497,2011,48.838468,-117.292638,51,2,,,,,,,,,,,86.422,,,,,,,,,,82.299,
4357,48206520010497,2011,48.848993,-121.655916,73,2,,,,,,,,,,,42.014,,,,,,,,,,10.883,
4358,48206521010497,2011,48.064586,-124.02671,9,2,,,,,,,,,,,467.651,,,,,,,,,,548.037,
4359,48206531010497,2011,48.549265,-118.549313,19,2,,,,,,,,,,,35.387,,,,,,,,,,44.666,
4360,48206533010497,2011,47.785024,-121.245262,61,2,,,,,,,,,,,48.818,,,,,,,,,,71.708,
4361,48206535010497,2011,45.872116,-121.835231,59,2,,,,,,,,,,,536.739,,,,,,,,,,543.74,
4362,48206536010497,2011,45.923003,-122.010593,59,2,,,,,,,,,,,453.511,,,,,,,,,,484.533,
4363,48206537010497,2011,47.948248,-120.726766,7,2,,,,,,,,,,,328.298,,,,,,,,,,355.747,
4364,48206538010497,2011,46.578153,-121.213184,77,2,,,,,,,,,,,106.067,,,,,,,,,,111.359,
4365,48206540010497,2011,48.544919,-118.43844,19,2,,,,,,,,,,,86.397,,,,,,,,,,120.7,
4366,48206541010497,2011,48.652119,-121.661161,73,2,,,,,,,,,,,367.621,,,,,,,,,,429.144,
4367,48206542010497,2011,48.641096,-120.918628,73,2,,,,,,,,,,,13.836,,,,,,,,,,8.681,
4368,48206545010497,2011,47.357911,-120.752254,37,2,,,,,,,,,,,227.86,,,,,,,,,,135.17,
4369,48206546010497,2011,47.099542,-121.520294,53,2,,,,,,,,,,,61.687,,,,,,,,,,119.93,
4370,48206551010497,2011,48.676325,-121.623352,73,2,,,,,,,,,,,117.85,,,,,,,,,,197.136,
4371,48206552010497,2011,48.663662,-120.806218,73,2,,,,,,,,,,,486.441,,,,,,,,,,438.771,
4372,48206554010497,2011,48.977641,-118.810449,19,2,,,,,,,,,,,53.018,,,,,,,,,,56.014,
4373,48206562010497,2011,48.756579,-117.637175,65,2,,,,,,,,,,,54.14,,,,,,,,,,59.879,
4374,48206563010497,2011,45.727636,-122.225011,59,2,,,,,,,,,,,99.3,,,,,,,,,,80.834,
4375,48206564010497,2011,47.991052,-123.988579,9,2,,,,,,,,,,,306.269,,,,,,,,,,295.263,
4376,48206565010497,2011,46.314442,-121.754806,59,2,,,,,,,,,,,79.04,,,,,,,,,,139.059,
4377,48206566010497,2011,48.713537,-120.841246,73,2,,,,,,,,,,,105.701,,,,,,,,,,128.747,
4378,48206567010497,2011,48.763131,-117.263952,51,2,,,,,,,,,,,226.702,,,,,,,,,,273.248,
4379,48206570010497,2011,46.11999,-122.007071,59,2,,,,,,,,,,,154.806,,,,,,,,,,169.019,
4380,48206576010497,2011,48.432212,-120.335337,47,2,,,,,,,,,,,64.978,,,,,,,,,,54.041,
4381,48206583010497,2011,48.886994,-119.825977,47,2,,,,,,,,,,,124.785,,,,,,,,,,135.611,
4382,48206588010497,2011,47.377192,-123.795832,27,2,,,,,,,,,,,575.121,,,,,,,,,,574.338,
4383,48206596010497,2011,46.219312,-122.111694,59,2,,,,,,,,,,,15.834,,,,,,,,,,52.4,
4384,48206606010497,2011,46.415718,-122.037303,41,2,,,,,,,,,,,810.598,,,,,,,,,,911.129,
4385,48206607010497,2011,46.41443,-121.894935,41,2,,,,,,,,,,,386.313,,,,,,,,,,491.697,
4386,48206611010497,2011,46.504854,-121.251248,77,2,,,,,,,,,,,208.622,,,,,,,,,,223.19,
4387,48206612010497,2011,48.712835,-120.80408,73,2,,,,,,,,,,,90.429,,,,,,,,,,126.507,
4388,48206613010497,2011,48.667594,-119.096446,47,2,,,,,,,,,,,95.027,,,,,,,,,,85.405,
4389,48206614010497,2011,48.647387,-118.540666,19,2,,,,,,,,,,,113.043,,,,,,,,,,109.753,
4390,48206616010497,2011,48.690599,-118.388072,19,2,,,,,,,,,,,169.186,,,,,,,,,,128.021,
4391,48206617010497,2011,45.824552,-122.01234,59,2,,,,,,,,,,,120.063,,,,,,,,,,214.789,
4392,48206619010497,2011,48.410914,-120.484347,47,2,,,,,,,,,,,136.569,,,,,,,,,,152.589,
4393,48206620010497,2011,47.40424,-123.252316,45,2,,,,,,,,,,,342.43,,,,,,,,,,376.86,
4394,48206621010497,2011,46.115945,-121.61767,59,2,,,,,,,,,,,330.183,,,,,,,,,,399.542,
4395,48206649010497,2011,48.382045,-117.528855,65,2,,,,,,,,,,,76.487,,,,,,,,,,105.052,
4396,48206650010497,2011,48.231998,-121.524776,61,2,,,,,,,,,,,85.161,,,,,,,,,,136.581,
4397,48206652010497,2011,48.356698,-120.265405,47,2,,,,,,,,,,,53.088,,,,,,,,,,82.404,
4398,48206654010497,2011,48.576591,-118.621111,19,2,,,,,,,,,,,68.112,,,,,,,,,,77.136,
4399,48206656010497,2011,48.638558,-118.318519,19,2,,,,,,,,,,,112.759,,,,,,,,,,2.04,
4400,48206663010497,2011,48.656815,-120.472125,47,2,,,,,,,,,,,44.729,,,,,,,,,,48.303,
4401,48206664010497,2011,48.51936,-119.88609,47,2,,,,,,,,,,,30.774,,,,,,,,,,33.033,
4402,48206665010497,2011,48.854902,-118.820719,19,2,,,,,,,,,,,3.957,,,,,,,,,,5.645,
4403,48206667010497,2011,46.388695,-121.788702,41,2,,,,,,,,,,,230.21,,,,,,,,,,329.064,
4404,48206668010497,2011,46.386236,-121.575275,59,2,,,,,,,,,,,313.158,,,,,,,,,,379.314,
4405,48206673010497,2011,46.997056,-121.235248,77,2,,,,,,,,,,,67.993,,,,,,,,,,108.447,
4406,48206674010497,2011,45.972818,-122.080327,59,2,,,,,,,,,,,399.565,,,,,,,,,,431.414,
4407,48206678010497,2011,48.9093,-118.965568,47,2,,,,,,,,,,,20.003,,,,,,,,,,27.851,
4408,48206683010497,2011,48.98428,-118.996915,47,2,,,,,,,,,,,71.355,,,,,,,,,,89.375,
4409,48206704010497,2011,46.658685,-121.599712,41,2,,,,,,,,,,,93.243,,,,,,,,,,112.883,
4410,48206711010497,2011,47.777495,-120.807257,7,2,,,,,,,,,,,327.644,,,,,,,,,,362.102,
4411,48206714010497,2011,48.6156,-119.805926,47,2,,,,,,,,,,,116.354,,,,,,,,,,118.213,
4412,48206719010497,2011,48.850635,-121.805042,73,2,,,,,,,,,,,469.335,,,,,,,,,,381.019,
4413,48206721010497,2011,45.894749,-121.658436,59,2,,,,,,,,,,,172.366,,,,,,,,,,263.062,
4414,48206724010497,2011,48.060785,-120.244404,7,2,,,,,,,,,,,60.783,,,,,,,,,,76.791,
4415,48206725010497,2011,47.07871,-121.845234,53,2,,,,,,,,,,,37.037,,,,,,,,,,89.228,
4416,48206731010497,2011,48.539974,-120.774501,57,2,,,,,,,,,,,134.506,,,,,,,,,,128.59,
4417,48206732010497,2011,48.073365,-120.83144,7,2,,,,,,,,,,,330.558,,,,,,,,,,284.273,
4418,48206733010497,2011,46.713191,-122.318405,41,2,,,,,,,,,,,464.279,,,,,,,,,,513.596,
4419,48206735010497,2011,48.191976,-120.605546,7,2,,,,,,,,,,,21.201,,,,,,,,,,7.81,
4420,48206769010497,2011,48.853544,-118.783521,19,2,,,,,,,,,,,67.453,,,,,,,,,,96.606,
4421,30763653020004,2012,45.748489,-121.864432,59,2,,,,,,,,,,,,56.777,,,,,,,,,,132.227
4422,30763799020004,2012,48.054145,-121.566621,61,2,,,,,,,,,,,,14.889,,,,,,,,,,5.427
4423,30763969020004,2012,47.571477,-122.011453,33,2,,,,,,,,,,,,159.976,,,,,,,,,,152.557
4424,30764085020004,2012,46.137887,-120.937115,77,2,,,,,,,,,,,,62.892,,,,,,,,,,80.667
4425,30764097020004,2012,48.83069,-119.91792,47,2,,,,,,,,,,,,97.432,,,,,,,,,,82.758
4426,30764105020004,2012,48.185184,-119.818458,47,2,,,,,,,,,,,,19.974,,,,,,,,,,24.754
4427,30764137020004,2012,48.180395,-120.385063,7,2,,,,,,,,,,,,101.62,,,,,,,,,,62.381
4428,30764181020004,2012,46.920947,-121.38119,77,2,,,,,,,,,,,,282.813,,,,,,,,,,97.321
4429,30764211020004,2012,47.947939,-121.059405,7,2,,,,,,,,,,,,42.938,,,,,,,,,,49.737
4430,30764243020004,2012,47.453289,-120.780443,7,2,,,,,,,,,,,,140.713,,,,,,,,,,47.47
4431,30764246020004,2012,47.659102,-120.99971,7,2,,,,,,,,,,,,218.415,,,,,,,,,,251.622
4432,30764262020004,2012,46.236082,-120.952722,77,2,,,,,,,,,,,,1.637,,,,,,,,,,17.162
4433,30764322020004,2012,46.883983,-124.023334,27,2,,,,,,,,,,,,234.45,,,,,,,,,,263.274
4434,30764332020004,2012,47.58887,-121.154217,37,2,,,,,,,,,,,,206.292,,,,,,,,,,126.464
4435,30764343020004,2012,46.430625,-123.582805,49,2,,,,,,,,,,,,64.769,,,,,,,,,,152.003
4436,30764344020004,2012,46.789253,-123.658086,49,2,,,,,,,,,,,,284.552,,,,,,,,,,387.423
4437,30764350020004,2012,46.246774,-123.870858,49,2,,,,,,,,,,,,229.618,,,,,,,,,,338.618
4438,30764362020004,2012,47.952068,-118.006738,65,2,,,,,,,,,,,,92.233,,,,,,,,,,120.686
4439,30764406020004,2012,46.973644,-123.328761,27,2,,,,,,,,,,,,185.082,,,,,,,,,,248.225
4440,30764449020004,2012,48.160802,-124.34238,9,2,,,,,,,,,,,,181.993,,,,,,,,,,306.974
4441,30764567020004,2012,48.341118,-117.484397,51,2,,,,,,,,,,,,18.51,,,,,,,,,,61.984
4442,30764569020004,2012,48.685146,-117.533322,51,2,,,,,,,,,,,,197.562,,,,,,,,,,181.632
4443,30764657020004,2012,46.927982,-123.160708,27,2,,,,,,,,,,,,156.63,,,,,,,,,,294.602
4444,30764671020004,2012,48.606992,-122.802304,55,2,,,,,,,,,,,,494.769,,,,,,,,,,576.746
4445,30764680020004,2012,48.787861,-120.791902,73,2,,,,,,,,,,,,425.056,,,,,,,,,,412.12
4446,30764730020004,2012,47.844901,-120.475237,7,2,,,,,,,,,,,,5.095,,,,,,,,,,26.698
4447,30764778020004,2012,48.60299,-121.161618,57,2,,,,,,,,,,,,450.99,,,,,,,,,,447.125
4448,30765028020004,2012,48.799544,-122.462575,73,2,,,,,,,,,,,,179.316,,,,,,,,,,70.867
4449,30852417020004,2012,46.094959,-121.579047,59,2,,,,,,,,,,,,310.399,,,,,,,,,,291.167
4450,30852447020004,2012,47.818497,-120.439889,7,2,,,,,,,,,,,,10.77,,,,,,,,,,0.882
4451,30852465020004,2012,46.239299,-121.788907,59,2,,,,,,,,,,,,499.766,,,,,,,,,,277.761
4452,30852483020004,2012,47.065323,-121.193246,37,2,,,,,,,,,,,,283.072,,,,,,,,,,284.69
4453,30852491020004,2012,46.844231,-120.914779,77,2,,,,,,,,,,,,100.698,,,,,,,,,,117.139
4454,30852497020004,2012,46.337022,-122.005538,59,2,,,,,,,,,,,,65.869,,,,,,,,,,150.326
4455,30852504020004,2012,48.869604,-117.469657,51,2,,,,,,,,,,,,181.373,,,,,,,,,,219.274
4456,30852506020004,2012,46.17115,-121.794779,59,2,,,,,,,,,,,,51.407,,,,,,,,,,121.716
4457,30852509020004,2012,48.026513,-120.063324,47,2,,,,,,,,,,,,19.137,,,,,,,,,,8.72
4458,30852535020004,2012,48.358081,-117.159961,51,2,,,,,,,,,,,,76.302,,,,,,,,,,92.127
4459,30852540020004,2012,47.985968,-120.062728,47,2,,,,,,,,,,,,44.693,,,,,,,,,,26.244
4460,30852541020004,2012,47.326835,-120.497811,7,2,,,,,,,,,,,,85.687,,,,,,,,,,55.894
4461,30852559020004,2012,47.319165,-121.152702,37,2,,,,,,,,,,,,255.856,,,,,,,,,,205.289
4462,30852577020004,2012,48.090029,-121.827556,61,2,,,,,,,,,,,,245.523,,,,,,,,,,337.394
4463,30852589020004,2012,47.767779,-120.509851,7,2,,,,,,,,,,,,2.875,,,,,,,,,,34.905
4464,30852602020004,2012,47.945539,-120.588058,7,2,,,,,,,,,,,,14.958,,,,,,,,,,25.645
4465,30852626020004,2012,47.944221,-124.010155,9,2,,,,,,,,,,,,245.488,,,,,,,,,,112.987
4466,30852627020004,2012,46.123956,-122.145362,59,2,,,,,,,,,,,,385.389,,,,,,,,,,493.711
4467,30852628020004,2012,45.603137,-122.119518,59,2,,,,,,,,,,,,92.693,,,,,,,,,,109.471
4468,30852630020004,2012,47.774442,-120.838788,7,2,,,,,,,,,,,,90.484,,,,,,,,,,117.352
4469,30852631020004,2012,48.011578,-120.20677,7,2,,,,,,,,,,,,16.276,,,,,,,,,,19.232
4470,30852634020004,2012,47.497502,-123.32769,45,2,,,,,,,,,,,,367.526,,,,,,,,,,401.505
4471,87466737020004,2012,48.460861,-118.236283,19,2,,,,,,,,,,,,111.684,,,,,,,,,,124.195
