PLOT,FIRST_PLTCN,FIRST_INVYR,PUB_LAT,PUB_LONG,COUNTYCD,N_CYCLES,BIOM_1997_Mgha,BIOM_1998_Mgha,BIOM_1999_Mgha,BIOM_2000_Mgha,BIOM_2001_Mgha,BIOM_2002_Mgha,BIOM_2003_Mgha,BIOM_2004_Mgha,BIOM_2005_Mgha,BIOM_2006_Mgha,BIOM_2007_Mgha,BIOM_2008_Mgha,BIOM_2009_Mgha,BIOM_2010_Mgha,BIOM_2011_Mgha,BIOM_2012_Mgha,BIOM_2013_Mgha,BIOM_2014_Mgha,BIOM_2015_Mgha,BIOM_2016_Mgha,BIOM_2017_Mgha,BIOM_2018_Mgha,BIOM_2019_Mgha,BIOM_2020_Mgha,BIOM_2021_Mgha,BIOM_2022_Mgha,BIOM_2023_Mgha,BIOM_2024_Mgha
1,56644104010478,1997,31.443193,-84.547019,37,6,175.321,,,,189.209,,,,,198.967,,,,,212.073,,,,,226.254,,,,,202.599,,,
1,56792910010478,1997,34.05369,-82.908479,105,6,99.415,,,,,139.744,,,,,149.881,,,,,171.637,,,,,199.984,,,,,242.207,,
1,56909192010478,1997,34.512988,-83.81947,311,6,278.711,,,,301.643,,,,,313.319,,,,,304.828,,,,,349.768,,,,,383.003,,,
1,56747821010478,1997,34.30812,-83.112604,119,6,48.813,,,,,27.954,,,,,26.472,,,,,31.91,,,,,27.541,,,,,35.897,,
1,216089194010854,1997,34.825389,-83.659192,281,6,135.603,,,,,132.636,,,,,138.539,,,,,167.986,,,,,197.69,,,,,209.166,,
1,56627186010478,1997,30.682448,-83.427564,27,6,107.398,116.167,,,,,,,118.882,,,,,112.059,,,,,111.61,,,,,124.88,,,,
1,56691922010478,1997,32.978912,-83.935962,207,6,74.411,,93.879,,,,,,,,121.777,,,,,168.812,,,,,205.452,,,,,234.91,,
1,56790508010478,1997,32.21955,-81.285524,103,6,105.198,,,120.508,,,,,134.515,,,,,154.21,,,,,181.312,,,,,196.293,,,,
1,56911129010478,1997,34.747463,-85.024808,313,6,171.212,,,174.762,,,,,207.258,,,,,232.949,,,,,249.32,,,,,246.077,,,,
1,56820515010478,1997,34.698374,-85.520777,83,6,244.613,255.493,,,,,,,,,,282.765,,,,,320.276,,,,,333.111,,,,,375.608,
1,56735074010478,1997,32.315755,-83.843421,153,6,57.548,,,,,,113.623,,,,,137.142,,,,,140.826,,,,,176.954,,,,,192.358,
1,56650031010478,1997,32.489423,-82.146645,43,6,27.951,,55.383,,,,,,,,,,87.382,,,,,114.727,,,,,168.319,,,,,146.135
1,56576957010478,1997,33.241105,-83.487841,237,6,46.469,,,,,,66.404,,,,,70.445,,,,,86.995,,,,,47.473,,,,,73.806,
2,56838411010478,1997,32.004851,-81.099491,51,6,65.5,,,,103.146,,,,,115.281,,,,,118.224,,,,,114.766,,,,,125.111,,,
2,56699563010478,1997,34.59751,-84.684917,213,6,180.033,,,,,217.877,,,,,225.229,,,,,233.969,,,,,238.012,,,,,262.896,,
2,56704206010478,1997,33.78386,-83.233333,221,6,155.63,,,160.128,,,,,158.318,,,,,172.851,,,,,191.227,,,,,189.333,,,,
2,56673520010478,1997,33.035083,-84.208436,171,6,85.74,,103.547,,,,,,,,153.838,,,,,186.002,,,,,197.887,,,,,227.166,,
2,56583341010478,1997,34.825662,-83.348818,241,6,257.446,,,,,306.72,,,,,313.855,,,,,271.686,,,,,297.807,,,,,319.675,,
2,56822204010478,1997,34.427917,-84.129687,85,6,208.833,,,,227.134,,,,,234.05,,,,,251.175,,,,,270.684,,,,,293.763,,,
2,56694572010478,1997,32.309124,-82.429181,209,6,89.354,103.353,,,,,,,,131.801,,,,,139.47,,,,,167.265,,,,,174.734,,,
2,56747695010478,1997,34.432149,-83.183279,119,6,178.413,189.232,,,,,,,,,211.726,,,,,238.613,,,,,293.741,,,,,342.96,,
2,56635321010478,1997,32.51103,-81.642616,31,6,224.025,,,,,213.654,,,,,216.48,,,,,210.679,,,,,204.229,,,,,231.421,,
2,56690605010478,1997,32.862425,-83.998858,207,6,10.256,,,,35.638,,,,,54.422,,,,,76.158,,,,,105.744,,,,,134.561,,,
2,56884880010478,1997,32.469163,-83.262131,23,6,55.509,,,,68.072,,,,,76.264,,,,,78.412,,,,,103.039,,,,,135.297,,,
2,56604954010478,1997,31.751272,-81.778182,183,6,129.428,,130.356,,,,,,,104.084,,,,,111.07,,,,,107.006,,,,,132.747,,,
2,56662349010478,1997,33.054281,-82.417897,163,6,249.558,,,,,,291.065,,,,,319.619,,,,,312.121,,,,,364.564,,,,,413.201,
2,216089205010854,1997,34.602997,-84.164448,187,6,184.72,194.666,,,,,,,,,,,212.165,,,,,237.678,,,,,275.629,,,,,279.3
2,56573088010478,1997,33.090439,-84.483008,231,6,98.358,,,,,,157.963,,,,,169.382,,,,,174.162,,,,,180.453,,,,,203.808,
2,216089203010854,1997,34.743717,-83.779002,311,6,235.726,,,,,,,273.48,,,,,292.961,,,,,290.305,,,,,279.391,,,,,307.879
2,56568516010478,1997,34.501602,-84.339412,227,6,123.234,,,,,,,159.476,,,,,180.428,,,,,186.084,,,,,214.653,,,,,231.789
2,56712191010478,1997,33.783659,-84.036874,135,6,160.691,,,,,,176.03,,,,,194.944,,,,,210.243,,,,,260.531,,,,,285.308,
2,56813160010478,1997,33.312954,-84.819636,77,6,137.338,,,,,,184.78,,,,,213.142,,,,,232.267,,,,,246.237,,,,,302.821,
2,56729002010478,1997,34.315816,-83.080099,147,6,26.167,,,,,,30.364,,,,,35.976,,,,,46.333,,,,,59.898,,,,,60.036,
2,56805253010478,1997,31.529357,-82.669291,69,6,28.145,15.004,,,,,,,,,,72.411,,,,,91.135,,,,,134.046,,,,,141.603,
2,56962779010478,1997,31.858436,-82.060343,267,6,83.954,,90.521,,,,,,,,,,110.852,,,,,118.912,,,,,136.584,,,,,150.609
2,56575630010478,1997,32.14074,-83.55467,235,6,151.268,,,173.668,,,,,179.972,,,,,191.356,,,,,177.348,,,,,191.571,,,,
2,56754503010478,1997,34.631385,-84.300043,123,6,145.749,,,,,,154.179,,,,,161.848,,,,,167.234,,,,,182.116,,,,,212.451,
3,56693647010478,1997,32.219198,-82.619135,209,6,181.333,,,,,192.982,,,,,111.853,,,,,151.238,,,,,171.905,,,,,168.332,,
3,56601685010478,1997,31.984649,-81.719792,179,6,231.862,,,246.514,,,,,265.423,,,,,288.552,,,,,324.363,,,,,320.211,,,,
3,56906089010478,1997,31.927282,-84.523666,307,6,30.438,,,,42.881,,,,,55.076,,,,,66.829,,,,,75.841,,,,,79.157,,,
3,56582560010478,1997,34.877377,-83.363173,241,6,142.842,,146.934,,,,,,,160.323,,,,,183.468,,,,,182.285,,,,,208.257,,,
3,56813494010478,1997,33.270382,-84.746026,77,6,109.266,,,,111.875,,,,,129.773,,,,,133.866,,,,,148.577,,,,,168.241,,,
3,56831750010478,1997,34.923577,-85.068256,47,6,202.428,,,224.718,,,,,230.241,,,,,225.888,,,,,218.31,,,,,213.281,,,,
3,56570481010478,1997,31.44139,-82.085047,229,6,118.021,,,137.727,,,,,162.411,,,,,197.069,,,,,236.155,,,,,258.672,,,,
3,56910231010478,1997,34.754068,-83.678815,311,6,334.099,,,,,341.943,,,,,369.988,,,,,403.093,,,,,443.946,,,,,479.147,,
3,56738313010478,1997,34.87064,-84.585147,111,6,244.863,,,,270.991,,,,,294.484,,,,,319.817,,,,,327.18,,,,,317.725,,,
3,56730703010478,1997,33.423753,-85.10911,149,6,116.133,123.79,,,,,,,,,137.461,,,,,149.076,,,,,166.472,,,,,186.723,,
3,56575051010478,1997,33.915972,-85.139099,233,6,156.306,,,170.072,,,,,199.107,,,,,216.406,,,,,237.404,,,,,259.676,,,,
3,56948771010478,1997,33.26776,-84.254797,255,6,46.608,,,57.017,,,,,80.366,,,,,78.808,,,,,23.994,,,,,28.589,,,,
3,56592753010478,1997,32.921286,-81.641305,251,6,171.038,,190.562,,,,,,,208.213,,,,,240.643,,,,,185.871,,,,,199.936,,,
3,56745139010478,1997,34.210458,-85.256388,115,6,106.258,,,,,121.828,,,,,145.457,,,,,195.049,,,,,214.019,,,,,190.114,,
3,56839882010478,1997,32.391876,-84.713767,53,6,59.371,,,,,,79.743,,,,,93.743,,,,,96.66,,,,,107.156,,,,,136.574,
3,56948840010478,1997,34.515136,-83.431689,257,6,50.889,51.504,,,,,,,,,,,75.8,,,,,99.598,,,,,120.413,,,,,144.49
3,56820979010478,1997,34.939056,-85.546132,83,6,141.127,156.542,,,,,,,,,,192.631,,,,,199.813,,,,,216.145,,,,,221.28,
3,56571985010478,1997,33.114932,-84.285622,231,6,32.023,,,,,,70.521,,,,,95.78,,,,,123.99,,,,,153.261,,,,,169.564,
3,56693514010478,1997,33.023715,-83.725216,207,6,95.079,,111.898,,,,,,,,,104.876,,,,,102.884,,,,,123.344,,,,,119.44,
3,56878934010478,1997,31.486173,-82.420071,5,6,273.116,,281.508,,,,,,,,,,298.383,,,,,319.802,,,,,295.653,,,,,284.147
3,56799498010478,1997,32.225808,-81.976275,109,6,58.115,,,,,,86.968,,,,,95.687,,,,,90.569,,,,,106.607,,,,,121.74,
3,56937907010478,1997,32.791525,-84.359381,293,6,120.462,,,,,,136.031,,,,,152.888,,,,,158.138,,,,,164.549,,,,,198.862,
3,56713869010478,1997,34.723683,-83.607347,137,6,273.159,,,,,,,282.034,,,,,330.212,,,,,249.866,,,,,270.903,,,,,300.033
3,56687754010478,1997,31.242604,-84.782699,201,6,148.134,,180.008,,,,,,99.706,,,,,112.246,,,,,138.018,,,,,118.086,,,,
3,56862516010478,1997,33.149138,-83.379666,9,6,53.52,,,,,,66.996,,,,,70.488,,,,,74.164,,,,,76.598,,,,,77.873,
3,56940324010478,1997,34.71297,-85.432226,295,6,165.607,,175.603,,,,,,,,,,181.272,,,,,201.704,,,,,219.921,,,,,83.068
4,56948585010478,1997,33.297938,-84.105422,255,6,120.085,,125.865,,,,,,,,154.825,,,,,182.129,,,,,224.372,,,,,257.168,,
4,56597900010478,1997,31.896279,-84.0218,177,6,298.822,,,,337.383,,,,,314.363,,,,,322.321,,,,,297.64,,,,,282.508,,,
4,56667008010478,1997,32.780431,-82.003246,165,6,27.375,33.917,,,,,,,66.107,,,,,101.111,,,,,149.068,,,,,141.542,,,,
4,56687662010478,1997,31.171437,-84.722774,201,6,267.792,,,,164.236,,,,,168.299,,,,,181.593,,,,,185.856,,,,,153.443,,,
4,56752282010478,1997,34.837154,-84.566664,123,6,264.551,,,,,272.752,,,,,278.21,,,,,302.541,,,,,324.342,,,,,331.341,,
4,56928617010478,1997,33.140835,-85.100576,285,6,42.588,,62.513,,,,,,69.202,,,,,187.176,,,,,193.134,,,,,198.786,,,,
4,56734587010478,1997,33.605234,-84.205478,151,6,168.636,,165.198,,,,,,181.672,,,,,209.657,,,,,243.363,,,,,266.723,,,,
4,56708083010478,1997,33.973261,-84.854319,223,6,119.311,,,,,,,132.052,,,,,152.666,,,,,177.15,,,,,198.818,,,,,259.275
4,56702201010478,1997,33.513078,-83.825489,217,6,62.373,,,,,,,64.304,,,,,79.552,,,,,86.979,,,,,69.833,,,,,83.034
4,56610630010478,1997,34.500568,-84.024152,187,6,158.308,,179.771,,,,,,,,,,195.575,,,,,223.906,,,,,229.669,,,,,252.18
5,56727848010478,1997,32.866904,-84.757405,145,6,18.012,,,,40.236,,,,,55.317,,,,,61.422,,,,,17.753,,,,,1.794,,,
5,56641765010478,1997,33.355911,-84.003381,35,6,88.979,,113.159,,,,,,,159.688,,,,,199.29,,,,,278.394,,,,,346.631,,,
5,56943319010478,1997,34.622952,-85.435436,295,6,147.957,,,,167.098,,,,,182.48,,,,,211.52,,,,,233.707,,,,,255.384,,,
5,56637196010478,1997,33.017401,-82.171422,33,6,447.733,481.64,,,,,,,,516.08,,,,,468.313,,,,,499.642,,,,,552.029,,,
5,56680888010478,1997,32.507032,-82.970924,175,6,55.008,,,82.759,,,,,92.001,,,,,127.235,,,,,154.011,,,,,179.731,,,,
5,56925948010478,1997,34.938665,-83.650275,281,6,162.6,,,160.129,,,,,130.919,,,,,127.622,,,,,146.851,,,,,155.033,,,,
5,56841627010478,1997,34.432135,-85.321785,55,6,96.342,101.594,,,,,,,,,105.768,,,,,117.135,,,,,136.409,,,,,158.403,,
5,56828190010478,1997,33.787173,-84.134314,89,6,62.505,,,70.389,,,,,72.296,,,,,79.827,,,,,13.002,,,,,16.186,,,,
5,56582651010478,1997,34.935838,-83.363089,241,6,162.517,,,160.89,,,,,162.877,,,,,184.845,,,,,195.158,,,,,221.682,,,,
5,56911934010478,1997,34.631249,-84.921677,313,6,20.567,20.998,,,,,,,,,,32.315,,,,,32.078,,,,,42.852,,,,,53.81,
5,56929325010478,1997,33.093063,-84.999997,285,6,96.765,,,,,,,105.58,,,,,101.876,,,,,112.678,,,,,126.83,,,,,139.215
5,56708325010478,1997,33.929351,-84.8248,223,6,141.788,148.099,,,,,,,155.307,,,,,119.278,,,,,110.957,,,,,119.114,,,,
5,56791544010478,1997,34.169012,-82.832633,105,6,94.234,,,,,,90.702,,,,,92.541,,,,,87.641,,,,,97.291,,,,,108.474,
5,56610553010478,1997,34.455697,-84.067558,187,6,156.208,,,,,,,144.577,,,,141.574,,,,,154.726,,,,,181.754,,,,,199.904,
5,56591491010478,1997,32.81725,-81.715492,251,6,141.46,,,,,,172.646,,,,,71.112,,,,,50.621,,,,,54.212,,,,,76.606,
5,56829115010478,1997,33.640425,-84.97783,45,6,86.71,,,,,,,106.141,,,,,110.949,,,,,121.39,,,,,123.699,,,,,146.387
5,56846394010478,1997,33.978342,-83.461798,59,6,94.985,,94.245,,,,,,,,,,100.978,,,,,44.105,,,,,52.169,,,,,63.311
6,56642732010478,1997,33.221547,-83.997418,35,6,119.056,124.088,,,,,,,,,134.749,,,,,66.593,,,,,82.226,,,,,89.429,,
6,56930772010478,1997,32.927833,-85.03767,285,6,191.992,198.998,,,,,,,,218.878,,,,,274.867,,,,,267.483,,,,,332.016,,,
6,56709001010478,1997,33.930049,-84.992629,223,6,21.048,,,34.237,,,,,46.527,,,,,55.654,,,,,72.729,,,,,92.417,,,,
6,56831295010478,1997,34.921999,-85.164825,47,6,38.902,,,52.486,,,,,46.246,,,,,48.042,,,,,35.81,,,,,24.562,,,,
6,56949189010478,1997,34.605864,-83.345805,257,6,130.253,,,152.239,,,,,158.133,,,,,179.266,,,,,207.713,,,,,251.954,,,,
6,56914943010478,1997,31.956797,-83.575304,315,6,52.277,,,,,64.35,,,,,71.764,,,,,69.775,,,,,89.168,,,,,115.801,,
6,56813909010478,1997,33.281092,-84.72646,77,6,159.772,,,,,162.988,,,,,178.902,,,,,205.665,,,,,245.602,,,,,245.41,,
6,56611074010478,1997,34.652515,-84.035725,187,6,174.804,,,,169.872,,,,,181.865,,,,,200.15,,,,,215.606,,,,,247.121,,,
6,56568797010478,1997,34.448326,-84.583258,227,6,152.448,161.528,,,,,,,,,203.527,,,,,180.386,,,,,208.579,,,,,258.722,,
6,56662980010478,1997,33.309814,-82.362818,163,6,145.853,,150.911,,,,,,139.657,,,,,150.99,,,,,134.857,,,,,143.519,,,,
6,56644021010478,1997,31.569347,-84.682068,37,6,70.803,,,103.776,,,,,73.734,,,,,97.829,,,,,109.362,,,,,140.987,,,,
6,56894541010478,1997,33.300354,-82.654755,301,6,105.502,98.12,,,,,,,81.25,,,,,85.405,,,,,83.983,,,,,127.223,,,,
6,56609312010478,1997,30.857407,-83.16069,185,6,68.427,81.319,,,,,,,,102.947,,,,,109.669,,,,,123.318,,,,,133.654,,,
6,56909111010478,1997,34.555381,-83.852617,311,6,67.549,,,59.392,,,,,52.508,,,,,64.773,,,,,75.03,,,,,94.823,,,,
6,56751107010478,1997,33.58,-84.63,121,6,134.549,,139.99,,,,,,136.279,,,,,148.212,,,,,165.823,,,,,192.747,,,,
6,56704377010478,1997,33.957475,-83.208529,221,6,100.798,,122.364,,,,,,,,,,151.205,,,,,189.99,,,,,229.008,,,,,268.738
6,56723991010478,1997,33.721622,-85.182787,143,6,98.802,,,,,,135.215,,,,,178.358,,,,,192.976,,,,,218.679,,,,,251.119,
7,56948504010478,1997,33.199372,-84.150064,255,6,212.754,,,,,195.067,,,,,210.368,,,,,227.236,,,,,207.243,,,,,223.827,,
7,56949420010478,1997,34.600502,-83.293392,257,6,46.472,49.4,,,,,,,,,99.573,,,,,116.014,,,,,134.104,,,,,168.278,,
7,56971861010478,1997,31.700744,-84.456838,273,6,162.343,,,,194.719,,,,,195.213,,,,,201.209,,,,,213.929,,,,,206.785,,,
7,56643258010478,1997,31.534408,-84.654442,37,6,26.018,28.351,,,,,,,,29.665,,,,,49.364,,,,,68.281,,,,,87.948,,,
7,56910097010478,1997,34.73596,-83.710357,311,6,142.239,,,,121.078,,,,,84.751,,,,,94.925,,,,,106.842,,,,,123.347,,,
7,56936264010478,1997,34.672772,-84.040431,291,6,281.272,,,,,314.523,,,,,331.413,,,,,361.029,,,,,402.9,,,,,360.517,,
7,56925609010478,1997,34.901456,-83.762949,281,6,96.295,,103.927,,,,,,,,123.581,,,,,132.578,,,,,154.077,,,,,158.165,,
7,56944688010478,1997,33.831703,-83.753425,297,6,1.208,,,,,15.907,,,,,27.088,,,,,63.298,,,,,104.709,,,,,149.048,,
7,56792085010478,1997,34.149335,-82.784124,105,6,47.208,58.736,,,,,,,73.424,,,,,92.366,,,,,114.382,,,,,149.41,,,,
7,173673255010854,1997,32.108457,-82.896326,309,6,147.413,140.926,,,,,,,,,,,183.57,,,,,187.652,,,,,180.144,,,,,178.908
7,56623580010478,1997,32.483859,-84.53363,197,6,38.28,,,,,,,20.806,,,,,25.836,,,,,28.982,,,,,35.772,,,,,34.753
7,56797741010478,1997,32.695329,-82.377093,107,6,151.11,,170.719,,,,,,,,,168.03,,,,,156.208,,,,,182.636,,,,,203.663,
7,56840509010478,1997,34.550153,-85.487771,55,6,147.561,,166.618,,,,,,175.282,,,,,184.878,,,,,199.769,,,,,235.105,,,,
7,56779586010478,1997,33.617702,-84.902998,97,6,208.283,,,,,,237.631,,,,,267.063,,,,,254.481,,,,,294.355,,,,,344.856,
7,56777921010478,1997,31.558684,-84.438727,95,6,106.937,,,,,,,28.198,,,,,42.34,,,,,60.22,,,,,98.72,,,,,132.515
7,56656123010478,1997,33.484843,-83.717526,159,6,77.157,,91.487,,,,,,,,,140.887,,,,,156.393,,,,,185.77,,,,,224.633,
7,56611519010478,1997,34.682008,-83.968032,187,6,450.968,,,,,,,556.115,,,,,406.074,,,,,440.9,,,,,468.733,,,,,491.262
7,56940749010478,1997,34.877408,-85.399967,295,6,165.872,,,,,,,185.485,,,,,193.11,,,,,196.214,,,,,209.214,,,,,224.125
8,56608276010478,1997,30.809292,-83.387052,185,6,73.31,,,,,12.561,,,,,25.443,,,,,45.001,,,,,66.658,,,,,91.743,,
8,56650906010478,1997,33.433066,-85.261709,45,6,84.655,,99.632,,,,,,,,123.613,,,,,133.595,,,,,144.815,,,,,169.7,,
8,56755353010478,1997,33.187427,-82.64548,125,6,72.052,,,,,77.742,,,,,95.347,,,,,100.222,,,,,64.827,,,,,12.342,,
8,56767989010478,1997,32.903453,-83.053173,319,6,123.701,,135.992,,,,,,,,139.958,,,,,147.539,,,,,162.435,,,,,88.467,,
8,56763327010478,1997,30.869595,-84.169374,131,6,39.273,,35.799,,,,,,,,12.593,,,,,12.859,,,,,13.891,,,,,15.076,,
8,56936848010478,1997,34.950793,-83.939176,291,6,179.506,,,,192.978,,,,,201.527,,,,,232.722,,,,,251.243,,,,,272.973,,,
8,56821432010478,1997,34.554812,-84.250498,85,6,141.718,,,,146.631,,,,,158.75,,,,,161.825,,,,,177.47,,,,,178.037,,,
8,56583240010478,1997,34.882148,-83.501805,241,6,163.249,,,,153.656,,,,,160.85,,,,,163.334,,,,,165.478,,,,,184.968,,,
8,56728917010478,1997,34.378452,-83.079884,147,6,191.685,,209.914,,,,,,,,244.914,,,,,285.329,,,,,302.058,,,,,312.786,,
8,56713088010478,1997,34.050659,-83.869312,135,6,120.321,,,,71.677,,,,,96.313,,,,,118.494,,,,,160.37,,,,,184.145,,,
8,56909298010478,1997,34.546072,-83.777677,311,6,104.053,105.81,,,,,,,,,76.694,,,,,75.806,,,,,95.364,,,,,118.215,,
8,56882259010478,1997,31.178353,-83.210218,19,6,41.023,,,,42.246,,,,,50.224,,,,,52.448,,,,,53.763,,,,,57.483,,,
8,56920423010478,1997,31.583923,-83.64167,277,6,297.984,294.89,,,,,,,308.605,,,,,272.905,,,,,259.464,,,,,255.851,,,,
8,56960837010478,1997,33.607757,-82.926732,265,6,75.726,80.99,,,,,,,,,,102.56,,,,,144.035,,,,,150.142,,,,,170.897,
8,56741786010478,1997,33.488706,-84.470197,113,6,33.094,30.002,,,,,,,,,,42.788,,,,,50.855,,,,,101.681,,,,,56.132,
8,56707622010478,1997,33.798367,-84.914141,223,6,151.141,,,,,,,157.17,,,,,148.993,,,,,165.868,,,,,199.714,,,,,123.951
8,56962858010478,1997,31.937952,-82.061284,267,6,112.117,,,,,,,109.662,,,,,129.504,,,,,144.545,,,,,98.281,,,,,101.134
8,56925413010478,1997,34.97655,-83.867169,281,6,159.821,,165.77,,,,,,,,,,212.802,,,,,208.641,,,,,224.957,,,,,246.597
8,56641642010478,1997,33.289603,-83.960272,35,6,52.945,,,,,,81.224,,,,,87.094,,,,,64.934,,,,,66.463,,,,,68.18,
9,56800804010478,1997,32.056778,-81.835922,109,6,47.645,,51.458,,,,,,45.983,,,,,45.73,,,,,51.2,,,,,54.514,,,,
9,56708762010478,1997,34.072507,-84.755091,223,6,63.565,69.144,,,,,,,86.65,,,,,82.687,,,,,91.653,,,,,101.541,,,,
9,56769712010478,1997,31.56197,-83.900515,321,6,33.473,37.555,,,,,,,,,3.603,,,,,7.06,,,,,20.619,,,,,41.887,,
9,56717700010478,1997,34.462897,-83.642622,139,6,34.041,,,,,18.492,,,,,22.977,,,,,25.959,,,,,29.791,,,,,35.237,,
9,56580264010478,1997,31.856286,-85.000894,239,6,110.507,,111.142,,,,,,,135.667,,,,,150.618,,,,,152.943,,,,,154.541,,,
9,56715091010478,1997,34.687629,-83.472099,137,6,163.412,,168.767,,,,,,,199.045,,,,,214.775,,,,,174.94,,,,,142.618,,,
9,56912616010478,1997,32.023047,-83.603798,315,6,63.286,,,,108.195,,,,,130.229,,,,,162.438,,,,,166.696,,,,,141.537,,,
9,56944179010478,1997,33.843509,-83.814107,297,6,146.974,149.899,,,,,,,185.558,,,,,191.223,,,,,217.474,,,,,273.605,,,,
9,56698592010478,1997,34.902302,-84.706909,213,6,120.858,,,,,171.031,,,,,190.361,,,,,217.601,,,,,216.751,,,,,232.873,,
9,56780277010478,1997,33.715046,-84.730747,97,6,232.172,244.606,,,,,,,,209.399,,,,,228.019,,,,,257.915,,,,,287.313,,,
9,56943524010478,1997,34.745767,-85.170561,295,6,194.97,,,198.128,,,,,200.979,,,,,212.095,,,,,175.397,,,,,186.98,,,,
9,56818720010478,1997,31.98207,-83.801566,81,6,131.562,,,,,156.501,,,,,162.412,,,,,132.42,,,,,82.941,,,,,96.767,,
9,56601931010478,1997,33.92951,-82.599271,181,6,135.975,141.029,,,,,,,,,,176.961,,,,,197.571,,,,,229.232,,,,,222.739,
9,56743329010478,1997,34.313886,-85.173525,115,6,132.176,,,,,,132.352,,,,,108.459,,,,,155.023,,,,,163.85,,,,,174.32,
9,56910717010478,1997,34.63527,-85.041448,313,6,77.581,,74.553,,,,,,,,,,103.514,,,,,119.893,,,,,137.592,,,,,149.201
9,56764740010478,1997,33.732391,-83.269339,133,6,103.557,,,,,,,153.196,,,,,175.654,,,,,162.114,,,,,174.533,,,,,219.149
9,56684030010478,1997,32.868718,-84.697318,199,6,96.524,,,,,,99.772,,,,,101.623,,,,,120.732,,,,,112.152,,,,,120.005,
9,56865136010478,1997,34.025576,-83.817833,13,6,72.245,,,,,,76.372,,,,,58.871,,,,,93.861,,,,,109.082,,,,,123.334,
9,56791635010478,1997,34.094365,-82.861153,105,6,55.088,,61.296,,,,,,,,,80.277,,,,,95.401,,,,,109.748,,,,,32.089,
9,56964262010478,1997,31.93207,-81.899443,267,6,83.004,,,,,,,29.299,,,,,56.428,,,,,65.405,,,,,72.844,,,,,82.607
9,56846916010478,1997,33.895655,-83.335317,59,6,117.94,,,,,,,114.484,,,,,98.13,,,,,116.502,,,,,136.843,,,,,82.117
9,56823129010478,1997,34.43801,-84.170449,85,6,177.679,,,205.637,,,,,252.011,,,,,276.553,,,,,322.691,,,,,351.217,,,,
10,56943767010478,1997,33.758516,-83.913659,297,6,141.899,147.268,,,,,,,,,172.047,,,,,197.788,,,,,208.737,,,,,171.274,,
10,56575750010478,1997,32.233067,-83.518888,235,6,141.846,130.038,,,,,,,,116.037,,,,,112.793,,,,,124.312,,,,,134.457,,,
10,56822046010478,1997,34.362771,-84.151705,85,6,154.586,,,,,172.587,,,,,182.132,,,,,202.361,,,,,203.149,,,,,217.864,,
10,56574054010478,1997,34.044787,-85.332836,233,6,48.689,,,,50.128,,,,,37.683,,,,,44.455,,,,,53.427,,,,,68.643,,,
10,56857970010478,1997,34.067295,-84.70856,67,6,30.047,31.258,,,,,,,,,27.643,,,,,48.618,,,,,281.457,,,,,40.516,,
10,56735915010478,1997,32.559079,-83.694382,153,6,249.62,,,,268.699,,,,,277.746,,,,,276.81,,,,,298.973,,,,,120.577,,,
10,56589219010478,1997,33.69274,-84.017356,247,6,34.408,,,,87.223,,,,,108.83,,,,,122.951,,,,,134.169,,,,,85.236,,,
10,56949598010478,1997,34.580961,-83.189713,257,6,160.378,,,,64.489,,,,,74.08,,,,,80.456,,,,,73.897,,,,,89.432,,,
10,56610941010478,1997,34.606546,-84.055376,187,6,153.978,,,,,151.923,,,,,165.649,,,,,186.847,,,,,213.539,,,,,262.443,,
10,56939314010478,1997,32.978052,-84.245247,293,6,129.168,,,,,172.165,,,,,201.577,,,,,210.827,,,,,237.359,,,,,264.044,,
10,56803521010478,1997,31.621659,-82.715266,69,6,21.85,,,,55.575,,,,,71.235,,,,,113.198,,,,,143.536,,,,,49.873,,,
10,56766675010478,1997,32.716635,-83.197355,319,6,71.993,79.348,,,,,,,,115.313,,,,,76.409,,,,,93.126,,,,,83.932,,,
10,56587251010478,1997,33.358624,-82.124834,245,6,62.359,,,,,135.317,,,,,172.577,,,,,205.982,,,,,206.707,,,,,232.467,,
10,56690831010478,1997,32.96649,-84.011163,207,6,162.141,176.76,,,,,,,,,,,209.134,,,,,218.003,,,,,236.033,,,,,227.034
10,56799933010478,1997,32.122983,-81.860028,109,6,249.149,233.339,,,,,,,,,,266.318,,,,,253.649,,,,,277.734,,,,,276.448,
10,56570612010478,1997,31.281499,-82.072357,229,6,280.701,,286.915,,,,,,,,,314.917,,,,,331.665,,,,,329.459,,,,,354.93,
10,56731270010478,1997,33.293625,-85.075869,149,6,65.638,,68.797,,,,,,55.293,,,,,105.739,,,,,125.754,,,,,169.142,,,,
10,56830142010478,1997,33.643738,-85.275059,45,6,57.676,,67.703,,,,,,,,,104.849,,,,,115.562,,,,,136.245,,,,,153.034,
10,216089195010854,1997,34.966677,-83.66249,281,6,177.947,,,,,,,191.644,,,,,150.721,,,,,45.176,,,,,44.874,,,,,61.958
10,56964073010478,1997,32.068711,-82.170581,267,6,68.387,,77.45,,,,,,,,,84.309,,,,,95.895,,,,,106.743,,,,,124.214,
10,56844354010478,1997,34.104731,-84.462885,57,6,133.3,,,,,,,186.18,,,,,172.924,,,,,148.093,,,,,167.273,,,,,155.955
11,56779822010478,1997,33.693199,-84.798426,97,6,171.328,,,190.026,,,,,187.364,,,,,206.355,,,,,219.551,,,,,236.226,,,,
11,56882835010478,1997,32.762633,-83.799179,21,6,101.623,,113.518,,,,,,90.797,,,,,98.331,,,,,100.676,,,,,115.505,,,,
11,56698744010478,1997,34.875066,-84.704665,213,6,116.864,,,,140.024,,,,,163.902,,,,,166.423,,,,,101.368,,,,,97.3,,,
11,56581327010478,1997,34.775116,-83.532084,241,6,100.919,,111.729,,,,,,,,116.619,,,,,143.823,,,,,182.063,,,,,211.892,,
11,56739682010478,1997,34.801755,-84.29866,111,6,198.779,,,,191.562,,,,,189.526,,,,,213.21,,,,,223.375,,,,,256.004,,,
11,56945804010478,1997,33.792028,-83.64218,297,6,30.524,,,,66.108,,,,,59.603,,,,,48.905,,,,,69.675,,,,,68.274,,,
11,56926091010478,1997,34.930443,-83.599692,281,6,119.346,,116.006,,,,,,,,137.388,,,,,155.545,,,,,171.044,,,,,193.343,,
11,56762242010478,1997,30.785277,-84.302765,131,6,28.016,,39.517,,,,,,,,34.775,,,,,45.835,,,,,61.569,,,,,84.906,,
11,56696223010478,1997,33.53946,-83.487698,211,6,154.446,156.658,,,,,,,166.17,,,,,122.65,,,,,147.073,,,,,187.59,,,,
11,56603585010478,1997,33.943688,-82.58715,181,6,163.65,171.005,,,,,,,,,,,177.73,,,,,192.448,,,,,216.985,,,,,203.792
11,56887013010478,1997,31.244789,-81.899142,25,6,196.251,198.742,,,,,,,,,,,202.648,,,,,201.996,,,,,199.689,,,,,231.422
11,56735480010478,1997,32.29612,-83.70808,153,6,153.067,,,,,,208.271,,,,,232.919,,,,,261.541,,,,,322.892,,,,,351.886,
11,56628631010478,1997,32.040657,-81.566114,29,6,208.802,,122.625,,,,,,,,,127.438,,,,,105.397,,,,,94.323,,,,,94.526,
11,56747571010478,1997,34.340377,-83.19924,119,6,115.986,,,,,,,147.992,,,,,120.069,,,,,139.367,,,,,110.46,,,,,129.007
11,56817964010478,1997,32.634114,-83.866739,79,6,70.137,,,,,,104.555,,,,,,134.261,,,,,122.959,,,,,128.553,,,,,135.632
12,56643390010478,1997,31.623718,-84.621952,37,6,4.84,,,,13.813,,,,,19.269,,,,,26.713,,,,,35.066,,,,,41.746,,,
12,56926200010478,1997,34.940719,-83.711003,281,6,145.159,142.851,,,,,,,,148.708,,,,,174.994,,,,,201.186,,,,,227.595,,,
12,56640571010478,1997,33.02853,-81.634073,33,6,88.114,,,,,102.038,,,,,135.911,,,,,179.651,,,,,230.294,,,,,257.056,,
12,56821304010478,1997,34.487092,-84.27726,85,6,179.638,,,,193.91,,,,,213.531,,,,,230.286,,,,,225.504,,,,,228.127,,,
12,216089204010854,1997,34.795691,-83.742987,311,6,137.943,,,143.159,,,,,140.65,,,,,154.363,,,,,177.596,,,,,199.697,,,,
12,216089206010854,1997,34.822611,-83.79829,291,6,138.459,,144.681,,,,,,,,142.769,,,,,165.487,,,,,199.843,,,,,213.889,,
12,56650110010478,1997,32.307509,-82.077625,43,6,125.276,,148.732,,,,,,,,157.493,,,,,188.868,,,,,217.731,,,,,250.346,,
12,56729806010478,1997,34.251174,-83.050017,147,6,116.317,111.888,,,,,,,102.655,,,,,113.708,,,,,103.969,,,,,129.821,,,,
12,56746108010478,1997,34.224149,-84.089982,117,6,61.885,,,75.412,,,,,75.647,,,,,83.104,,,,,101.011,,,,,117.475,,,,
12,56864725010478,1997,33.972877,-83.600142,13,6,60.931,,82.715,,,,,,118.514,,,,,135.707,,,,,159.338,,,,,192.475,,,,
12,56674060010478,1997,33.147683,-84.109606,171,6,77.974,88.645,,,,,,,123.047,,,,,150.225,,,,,183.023,,,,,215.593,,,,
12,56820155010478,1997,34.966213,-85.51366,83,6,29.306,,,,,,,37.779,,,,,34.541,,,,,30.783,,,,,33.523,,,,,45.499
12,173673257010854,1997,33.657251,-83.594218,211,6,206.558,,221.165,,,,,,,,,,178.292,,,,,193.69,,,,,123.876,,,,,98.559
12,56583152010478,1997,34.938495,-83.223736,241,6,120.213,,,130.292,,,,,110.063,,,,,121.389,,,,,146.611,,,,,166.571,,,,
12,56704154010478,1997,33.793851,-83.278921,221,6,118.903,,,,,,107.339,,,,,105.646,,,,,133.543,,,,,135.32,,,,,152.781,
12,56800081010478,1997,32.084543,-81.868154,109,6,88.075,,95.933,,,,,,,,,,134.017,,,,,151.152,,,,,174.182,,,,,165.355
12,56754611010478,1997,34.720121,-84.266837,123,6,64.3,,84.249,,,,,,,,,90.068,,,,,125.99,,,,,141.303,,,,,181.057,
12,56910833010478,1997,34.62727,-85.044428,313,6,161.205,,,,,,166.264,,,,,180.752,,,,,190.059,,,,,198.991,,,,,205.351,
12,56756745010478,1997,31.202722,-81.66195,127,6,193.806,,236.829,,,,,,,,,224.97,,,,,239.015,,,,,233.375,,,,,180.78,
12,56602370010478,1997,33.819533,-82.542902,181,6,101.948,,80.308,,,,,,,,,79.133,,,,,102.947,,,,,153.691,,,,,184.538,
13,56809177010478,1997,33.375108,-82.297849,73,6,2.551,2.687,,,,,,,,,8.558,,,,,30.889,,,,,42.139,,,,,56.389,,
13,56829324010478,1997,33.680724,-85.027935,45,6,87.32,,95.495,,,,,,149.876,,,,,99.647,,,,,116.286,,,,,133.201,,,,
13,56936544010478,1997,34.792159,-84.011195,291,6,187.108,,196.533,,,,,,,238.62,,,,,235.136,,,,,232.115,,,,,272.655,,,
13,56950108010478,1997,34.64948,-83.317078,257,6,108.232,120.142,,,,,,,,83.098,,,,,81.445,,,,,93.657,,,,,106.823,,,
13,56864647010478,1997,33.95409,-83.607078,13,6,24.246,,,,47.069,,,,,54.016,,,,,47.238,,,,,56.05,,,,,74.557,,,
13,56714322010478,1997,34.719432,-83.564748,137,6,152.715,150.873,,,,,,,,159.931,,,,,177.769,,,,,197.911,,,,,200.604,,,
13,56647501010478,1997,30.80204,-81.561399,39,6,160.298,,,,,182.059,,,,,195.108,,,,,223.365,,,,,247.572,,,,,279.891,,
13,56822830010478,1997,34.527315,-84.231203,85,6,134.33,,,,,146.753,,,,,159.437,,,,,170.732,,,,,190.313,,,,,208.009,,
13,56828043010478,1997,33.680722,-84.139187,89,6,207.975,,,,,104.925,,,,,126.582,,,,,122.914,,,,,81.434,,,,,78.295,,
13,56742778010478,1997,34.279785,-85.29422,115,6,179.824,,,189.423,,,,,199.601,,,,,196.776,,,,,213.685,,,,,205.425,,,,
13,56958135010478,1997,32.537171,-84.599679,263,6,117.835,,,90.25,,,,,96.711,,,,,99.992,,,,,94.82,,,,,117.83,,,,
13,56793064010478,1997,34.118638,-82.840794,105,6,48.603,,,,,,46.419,,,,,45.269,,,,,33.817,,,,,39.637,,,,,44.494,
13,216089191010854,1997,32.837907,-83.615675,21,6,175.856,,188.158,,,,,,194.884,,,,,219.168,,,,,189.773,,,,,210.054,,,,
13,56706394010478,1997,33.908967,-83.235475,221,6,360.982,,,,,,,474.7,,,,,448.752,,,,,506.483,,,,,555.027,,,,,63.749
13,56585346010478,1997,31.908102,-84.722315,243,6,196.336,,,,,,204.677,,,,,235.072,,,,,247.334,,,,,256.593,,,,,230.104,
14,56573008010478,1997,33.077852,-84.26968,231,6,160.69,,,137.517,,,,,135.925,,,,,146.764,,,,,119.058,,,,,131.166,,,,
14,56630957010478,1997,32.00349,-81.395542,29,6,166.348,,,,222.114,,,,,252.197,,,,,259.603,,,,,248.149,,,,,262.727,,,
14,56696545010478,1997,33.646663,-83.419429,211,6,169.253,,191.786,,,,,,,209.516,,,,,269.949,,,,,302.372,,,,,362.701,,,
14,56941875010478,1997,34.590326,-85.297007,295,6,128.986,138.479,,,,,,,128.329,,,,,102.798,,,,,118.733,,,,,115.306,,,,
14,56625467010478,1997,30.963993,-83.729021,27,6,153.789,178.634,,,,,,,,,200.544,,,,,228.929,,,,,246.843,,,,,291.698,,
14,56589078010478,1997,33.713604,-83.97839,247,6,171.406,162.092,,,,,,,207.043,,,,,216.349,,,,,180.192,,,,,223.476,,,,
14,56741068010478,1997,33.442353,-84.564438,113,6,117.803,,,143.009,,,,,159.329,,,,,213.148,,,,,254.799,,,,,306.607,,,,
14,56959481010478,1997,32.736084,-84.366053,263,6,38.691,,,62.074,,,,,79.569,,,,,85.648,,,,,99.97,,,,,132.953,,,,
14,56666747010478,1997,32.877861,-82.109711,165,6,51.84,60.301,,,,,,,,,,,70.289,,,,,74.457,,,,,77.426,,,,,81.084
14,56921169010478,1997,31.484819,-83.541269,277,6,192.719,223.178,,,,,,,,157.399,,,,,,,,168.09,,,,,165.24,,,,,164.382
14,56910528010478,1997,34.661566,-83.80264,311,6,110.034,120.68,,,,,,,,,,,92.891,,,,,109.576,,,,,129.203,,,,,134.721
14,56925782010478,1997,34.968945,-83.61501,281,6,120.122,112.408,,,,,,,,,,131.838,,,,,163.943,,,,,172.054,,,,,206.121,
14,56837597010478,1997,31.825344,-81.105004,51,6,241.889,,,,,,234.769,,,,,283.356,,,,,297.453,,,,,343.439,,,,,399.045,
14,56703307010478,1997,33.766822,-83.402746,219,6,96.479,,,115.135,,,,,140.659,,,,,162.091,,,,,194.711,,,,,208.986,,,,
14,56724177010478,1997,33.852351,-85.070995,143,6,139.811,,,,,,177.578,,,,,178.157,,,,,180.882,,,,,188.614,,,,,211.845,
14,56862568010478,1997,33.002105,-83.364849,9,6,68.755,,,113.559,,,,,179.33,,,,,225.766,,,,,244.846,,,,,206.075,,,,
14,56840859010478,1997,34.392855,-85.481633,55,6,146.821,,,,,,167.339,,,,,192.063,,,,,210.343,,,,,170.722,,,,,201.343,
15,56655195010478,1997,34.158572,-83.539733,157,6,159.236,,,179.844,,,,,200.328,,,,,223.183,,,,,226.342,,,,,208.146,,,,
15,56714986010478,1997,34.726138,-83.432687,137,6,230.762,,,,240.486,,,,,209.581,,,,,232.257,,,,,258.382,,,,,256.475,,,
15,56847014010478,1997,33.869031,-83.321397,59,6,61.246,,,,80.878,,,,,25.249,,,,,31.309,,,,,35.508,,,,,35.106,,,
15,56933489010478,1997,32.675383,-83.477464,289,6,39.985,,,,,60.49,,,,,74.327,,,,,112.687,,,,,138.754,,,,,172.655,,
15,56754701010478,1997,34.658121,-84.230948,123,6,146.672,154.237,,,,,,,,176.728,,,,,196.691,,,,,220.089,,,,,233.692,,,
15,56780410010478,1997,33.723267,-84.640952,97,6,108.221,,,,,,,133.639,,,,,153.403,,,,,148.029,,,,,155.953,,,,,183.911
15,56728510010478,1997,32.62272,-85.051445,145,6,43.792,,,,,,,91.983,,,,,109.73,,,,,183.725,,,,,205.326,,,,,228.301
15,56751215010478,1997,33.722459,-84.519789,121,6,148.681,196.224,,,,,,,,,,251.588,,,,,245.289,,,,,288.385,,,,,289.974,
15,56822938010478,1997,34.429744,-84.229135,85,6,132.993,,,,,,,134.322,,,,,145.295,,,,,141.781,,,,,165.395,,,,,190.557
15,56715742010478,1997,34.183567,-83.90106,139,6,395.248,,,,,,432.695,,,,,481.195,,,,,509.393,,,,,509.982,,,,,514.388,
15,56582288010478,1997,34.900436,-83.253866,241,6,94.049,,,,,,,118.833,,,,,119.927,,,,,133.332,,,,,138.805,,,,,122.21
15,56925524010478,1997,34.863174,-83.771903,281,6,92.18,,,,,,85.667,,,,,100.804,,,,,104.087,,,,,112.826,,,,,124.117,
16,56812908010478,1997,33.268698,-84.833185,77,6,224.152,,223.616,,,,,,,,192.684,,,,,213.423,,,,,217.572,,,,,227.196,,
16,56568692010478,1997,34.504638,-84.591088,227,6,424.396,,,422.369,,,,,438.004,,,,,450.107,,,,,490.788,,,,,569.649,,,,
16,56736924010478,1997,32.627065,-83.550999,153,6,298.882,,,,370.618,,,,,397.052,,,,,453.594,,,,,480.043,,,,,297.932,,,
16,56604698010478,1997,31.943572,-81.824644,183,6,87.231,,88.619,,,,,,,,91.866,,,,,98.685,,,,,111.814,,,,,117.558,,
16,56863711010478,1997,34.419583,-83.388092,11,6,220.491,,235.401,,,,,,,175.569,,,,,198.976,,,,,227.23,,,,,273.134,,,
16,56651765010478,1997,33.577051,-85.079882,45,6,83.434,85.788,,,,,,,,97.858,,,,,100.8,,,,,109.552,,,,,106.176,,,
16,56956665010478,1997,32.03787,-83.997936,261,6,257.943,,,,,236.554,,,,,287.667,,,,,267.253,,,,,306.836,,,,,256.839,,
16,56843040010478,1997,34.549438,-85.457036,55,6,19.386,23.676,,,,,,,,50.493,,,,,71.203,,,,,89.376,,,,,103.91,,,
16,56738735010478,1997,34.877624,-84.43505,111,6,228.986,,260.889,,,,,,,261.871,,,,,276.864,,,,,307.647,,,,,318.163,,,
16,56849173010478,1997,33.439679,-84.356564,63,6,91.511,,,,120.216,,,,,124.72,,,,,150.811,,,,,196.131,,,,,208.824,,,
16,56746212010478,1997,34.187167,-84.082681,117,6,133.797,,,,90.874,,,,,6.853,,,,,81.711,,,,,95.962,,,,,112.061,,,
16,56695689010478,1997,33.756618,-83.488843,211,6,81.728,,112.217,,,,,,,,170.823,,,,,200.391,,,,,179.012,,,,,211.385,,
16,56779280010478,1997,33.634607,-84.848462,97,6,103.081,110.139,,,,,,,,136.45,,,,,145.09,,,,,142.45,,,,,129.088,,,
16,56908952010478,1997,34.689472,-83.852819,311,6,245.593,,259.808,,,,,,,,253.428,,,,,267.582,,,,,277.351,,,,,306.058,,
16,56925878010478,1997,34.8398,-83.713681,281,6,99.207,,98.95,,,,,,95.01,,,,,90.09,,,,,116.281,,,,,121.257,,,,
16,56745228010478,1997,34.5523,-85.064222,115,6,154.56,,148.972,,,,,,141.66,,,,,155.214,,,,,164.195,,,,,138.874,,,,
16,56907993010478,1997,32.022186,-82.606485,309,6,90.309,,,,,,,129.437,,,,,139.848,,,,,136.369,,,,,159.109,,,,,149.915
16,56588934010478,1997,33.631674,-84.099362,247,6,72.065,,,,,,97.987,,,,,117.325,,,,,118.808,,,,,111.533,,,,,102.172,
16,56944566010478,1997,33.733016,-83.759513,297,6,255.475,250.83,,,,,,,,,,,191.732,,,,,229.358,,,,,201.635,,,,,194.691
16,56949123010478,1997,34.657911,-83.350198,257,6,152.005,,,,,,,162.184,,,,,142.296,,,,,146.968,,,,,124.972,,,,,62.026
16,56880307010478,1997,31.365339,-84.370726,7,6,39.684,,,40.781,,,,,49.027,,,,,59.106,,,,,55.46,,,,,40.399,,,,
16,56728045010478,1997,32.655349,-84.730416,145,6,40.423,,54.743,,,,,,,,,,79.042,,,,,74.967,,,,,102.432,,,,,120.398
16,56778428010478,1997,31.553604,-84.150771,95,6,73.899,80.91,,,,,,,,,,,55.633,,,,,45.259,,,,,44.497,,,,,51.851
16,173673258010854,1997,34.931395,-85.240536,47,6,130.137,,138.476,,,,,,,,,93.412,,,,,111.23,,,,,113.899,,,,,118.621,
16,56574832010478,1997,33.963175,-84.994593,233,6,213.444,,223.442,,,,,,,,,,250.435,,,,,216.87,,,,,252.963,,,,,302.555
16,56703781010478,1997,33.776586,-83.447737,219,6,117.142,,120.641,,,,,,,,,171.1,,,,,192.786,,,,,215.968,,,,,252.493,
16,56672006010478,1997,33.16032,-83.516387,169,6,64.961,,75.62,,,,,,,,,95.685,,,,,85.425,,,,,52.874,,,,,75.572,
16,56782077010478,1997,31.403208,-84.909245,99,6,54.707,,,,,,,83.188,,,,,86.353,,,,,99.009,,,,,127.014,,,,,144.004
17,56723292010478,1997,33.793766,-85.275537,143,6,180.141,,,,204.392,,,,,218.71,,,,,237.197,,,,,254.545,,,,,279.644,,,
17,56572459010478,1997,33.107811,-84.385254,231,6,101.675,,,,135.338,,,,,156.199,,,,,176.661,,,,,194.861,,,,,210.998,,,
17,56738078010478,1997,34.963578,-84.531405,111,6,122.475,,,,160.77,,,,,177.218,,,,,168.627,,,,,198.098,,,,,218.99,,,
17,56760968010478,1997,34.491661,-84.745215,129,6,30.331,,,,67.93,,,,,60.325,,,,,75.404,,,,,90.68,,,,,97.202,,,
17,56754053010478,1997,34.622142,-84.424988,123,6,90.998,,,,,96.966,,,,,112.306,,,,,128.256,,,,,151.43,,,,,172.504,,
17,56927111010478,1997,32.437622,-82.548173,283,6,242.087,234.797,,,,,,,229.452,,,,,253.894,,,,,282.315,,,,,297.087,,,,
17,56611632010478,1997,34.709912,-83.920085,187,6,187.04,,,225.206,,,,,229.301,,,,,238.427,,,,,269.833,,,,,272.664,,,,
17,56596266010478,1997,31.822008,-84.149287,177,6,159.883,,,,,132.969,,,,,152.061,,,,,156.038,,,,,176.094,,,,,184.714,,
17,56800527010478,1997,32.072241,-81.808827,109,6,91.173,,,,133.649,,,,,150.448,,,,,174.264,,,,,171.595,,,,,196.765,,,
17,56940532010478,1997,34.625234,-85.468755,295,6,105.143,,,114.903,,,,,111.876,,,,,105.633,,,,,112.19,,,,,121.041,,,,
17,56641912010478,1997,33.236148,-83.986066,35,6,59.705,,,,,,93.985,,,,,108.108,,,,,132.205,,,,,168.301,,,,,176.869,
17,56909853010478,1997,34.613587,-83.754891,311,6,152.964,162.014,,,,,,,,,,224.489,,,,,253.849,,,,,285.756,,,,,212.229,
17,56822464010478,1997,34.356262,-84.091299,85,6,70.779,,76.535,,,,,,,,,,88.308,,,,,99.514,,,,,120.676,,,,,137.275
17,56788411010478,1997,32.280415,-81.33951,103,6,10.178,,,,,,62.627,,,,,98.298,,,,,143.492,,,,,221.175,,,,,277.174,
17,56634132010478,1997,32.397925,-81.594721,31,6,60.526,,,,,,,80.142,,,,,102.345,,,,,112.71,,,,,143.807,,,,,153.896
17,56870292010478,1997,31.310297,-83.363871,19,6,162.345,,,,,,137.61,,,,,126.736,,,,,153.672,,,,,150.593,,,,,167.034,
17,56791311010478,1997,34.211605,-82.91921,105,6,31.034,,,,,,,25.876,,,,,28.357,,,,,39.038,,,,,50.44,,,,,62.661
17,56655054010478,1997,34.177541,-83.592207,157,6,129.289,,,,,,140.633,,,,,180.61,,,,,216.38,,,,,269.148,,,,,324.815,
17,56965883010478,1997,32.658502,-84.277965,269,6,108.834,,,,,,,115.144,,,,,117.573,,,,,112.108,,,,,130.099,,,,,137.462
17,56811068010478,1997,31.151728,-83.431033,75,6,97.402,,103.025,,,,,,,,,166.601,,,,,185.984,,,,,226.606,,,,,219.974,
17,56673857010478,1997,33.058908,-84.120874,171,6,112.299,,,,,,110.027,,,,,141.183,,,,,161.705,,,,,207.995,,,,,253.019,
17,173673256010854,1997,33.643547,-82.385713,73,6,174.119,,,,,,,186.31,,,,,216.018,,,,,240.051,,,,,233.928,,,,,289.883
17,56718330010478,1997,33.208869,-82.950487,141,6,172.894,,,,,,,193.444,,,,,227.629,,,,,238.756,,,,,249.21,,,,,188.769
18,56843542010478,1997,34.108002,-84.593567,57,6,273.507,282.356,,,,,,,,310.784,,,,,335.536,,,,,352.499,,,,,394.713,,,
18,56760207010478,1997,34.433447,-84.858895,129,6,155.16,,,,,178.227,,,,,186.438,,,,,190.884,,,,,226.495,,,,,244.569,,
18,56755080010478,1997,34.698662,-84.379596,123,6,136.375,,,152.086,,,,,174.827,,,,,193.797,,,,,215.327,,,,,236.557,,,,
18,56948920010478,1997,34.480935,-83.424734,257,6,30.054,,52.277,,,,,,37.186,,,,,57.886,,,,,57.733,,,,,78.585,,,,
18,56966214010478,1997,32.589647,-84.254414,269,6,87.819,,,,,109.487,,,,,112.204,,,,,85.289,,,,,87.449,,,,,80.151,,
18,56895186010478,1997,33.396077,-82.60706,301,6,200.876,,,,222.3,,,,,225.34,,,,,251.509,,,,,237.25,,,,,211.628,,,
18,56620230010478,1997,34.19639,-83.256103,195,6,105.926,,,,,57.293,,,,,72.987,,,,,98.029,,,,,119.881,,,,,171.003,,
18,56757408010478,1997,31.326547,-81.588622,127,6,114.892,,,,124.307,,,,,112.976,,,,,134.834,,,,,154.024,,,,,172.45,,,
18,56671472010478,1997,32.886505,-83.499047,169,6,129.769,,,,,161.688,,,,,153.817,,,,,163.33,,,,,172.052,,,,,191.067,,
18,234986206010854,1997,34.687768,-84.152194,111,6,235.763,,236.729,,,,,,,,271.847,,,,,349.471,,,,,388.868,,,,,362.096,,
18,56614034010478,1997,33.491596,-82.403378,189,6,119.969,,,,65.272,,,,,70.636,,,,,114.095,,,,,139.178,,,,,175.429,,,
18,56713005010478,1997,33.905712,-83.869162,135,6,70.855,,,,,87.892,,,,,96.75,,,,,115.889,,,,,124.905,,,,,149.125,,
18,56598971010478,1997,31.951329,-81.584108,179,6,51.78,,,52.828,,,,,61.454,,,,,66.43,,,,,71.179,,,,,78.572,,,,
18,56729397010478,1997,34.42424,-82.939933,147,6,130.506,,125.195,,,,,,,156.499,,,,,178.813,,,,,203.343,,,,,237.435,,,
18,56745813010478,1997,34.152415,-84.131365,117,6,120.198,,,130.53,,,,,131.455,,,,,146.141,,,,,136.385,,,,,158.313,,,,
18,56612616010478,1997,34.633641,-84.019214,187,6,229.875,,214.395,,,,,,,,,226.229,,,,,252.321,,,,,281.395,,,,,297.962,
18,56820803010478,1997,34.792803,-85.460173,83,6,27.784,,,,,,35.955,,,,,99.58,,,,,71.563,,,,,83.772,,,,,93.054,
18,56572661010478,1997,33.000627,-84.322694,231,6,47.786,46.092,,,,,,,,,,47.952,,,,,56.497,,,,,67.967,,,,,73.46,
18,56827418010478,1997,33.660592,-84.343264,89,6,95.767,,,,,,,152.776,,,,,185.369,,,,,205.108,,,,,229.779,,,,,274.072
19,56799599010478,1997,32.125908,-81.941151,109,6,234.029,252.487,,,,,,,243.47,,,,,252.78,,,,,279.68,,,,,296.89,,,,
19,56726167010478,1997,32.714325,-84.777127,145,6,83.135,,,,,105.109,,,,,117.663,,,,,113.349,,,,,105.878,,,,,133.943,,
19,56790620010478,1997,32.357569,-81.283348,103,6,113.203,,,146.821,,,,,166.412,,,,,196.947,,,,,220.523,,,,,257.342,,,,
19,56618903010478,1997,32.319095,-84.085547,193,6,53.245,,57.499,,,,,,,,54.158,,,,,63.237,,,,,70.388,,,,,60.337,,
19,56822117010478,1997,34.548072,-84.318925,85,6,72.374,,,,,94.151,,,,,113.383,,,,,120.949,,,,,155.388,,,,,185.617,,
19,56753265010478,1997,34.783227,-84.493846,123,6,143.635,162.257,,,,,,,178.755,,,,,198.986,,,,,239.599,,,,,268.756,,,,
19,56651037010478,1997,33.510968,-85.273815,45,6,41.705,,,46.348,,,,,73.421,,,,,59.637,,,,,83.117,,,,,123.118,,,,
19,56621001010478,1997,34.010432,-83.199487,195,6,180.779,,,,,,235.756,,,,,244.44,,,,,231.252,,,,,267.422,,,,,297.89,
19,56714055010478,1997,34.493382,-83.618947,137,6,111.607,,,,,,135.033,,,,,161.168,,,,,188.919,,,,,207.712,,,,,207.7,
19,56658813010478,1997,31.886344,-82.689733,161,6,237.233,262.411,,,,,,,,,,,276.928,,,,,317.148,,,,,322.274,,,,,324.232
19,216089193010854,1997,34.647392,-84.186149,111,6,183.797,,183.541,,,,,,,,,210.083,,,,,227.325,,,,,253.361,,,,,284.944,
19,56612323010478,1997,34.44,-83.97,187,6,96.836,,,,,,,112.588,,,,,133.769,,,,,149.849,,,,,166.777,,,,,197.188
19,56842729010478,1997,34.576195,-85.1233,55,6,99.209,,,,,,89.403,,,,,96.633,,,,,105.809,,,,,113.426,,,,,133.173,
19,56944721010478,1997,33.835872,-83.615313,297,6,108.869,,,,,,,122.547,,,,,124.274,,,,,166.788,,,,,181.982,,,,,208.353
19,56879845010478,1997,31.287604,-84.628807,7,6,232.526,,,268.944,,,,,265.293,,,,,310.33,,,,,326.431,,,,,215.922,,,,
19,56935750010478,1997,34.665971,-84.13796,291,6,173.352,,,,,,,196.827,,,,,202.414,,,,,239.079,,,,,258.237,,,,,280.163
20,56685010010478,1997,32.916203,-84.584895,199,6,67.287,,,,86.18,,,,,96.864,,,,,100.17,,,,,99.266,,,,,106.329,,,
20,56895064010478,1997,33.607846,-82.651747,301,6,196.84,,,,,195.378,,,,,202.473,,,,,210.394,,,,,228.773,,,,,251.975,,
20,56847539010478,1997,31.683355,-85.071319,61,6,141.916,152.313,,,,,,,,136.074,,,,,149.518,,,,,69.049,,,,,58.03,,,
20,56670343010478,1997,32.950096,-83.702165,169,6,137.278,,,,136.278,,,,,155.196,,,,,175.205,,,,,197.013,,,,,206.018,,,
20,56929787010478,1997,33.200153,-84.957015,285,6,127.068,,,151.691,,,,,178.838,,,,,200.531,,,,,215.998,,,,,247.032,,,,
20,56642792010478,1997,33.226885,-84.053111,35,6,75.952,,82.179,,,,,,84.932,,,,,96.783,,,,,86.254,,,,,95.006,,,,
20,56910429010478,1997,34.705424,-83.760101,311,6,193.948,199.298,,,,,,,211.203,,,,,226.472,,,,,256.803,,,,,296.495,,,,
20,56581238010478,1997,34.917378,-83.525202,241,6,141.5,,,150.919,,,,,156.268,,,,,169.113,,,,,181.807,,,,,195.241,,,,
20,56655268010478,1997,33.37306,-83.842739,159,6,115.881,129.521,,,,,,,169.834,,,,,192.255,,,,,185.129,,,,,187.869,,,,
20,56820591010478,1997,34.826467,-85.526383,83,6,151.512,152.889,,,,,,,165.71,,,,,176.06,,,,,185.35,,,,,202.674,,,,
20,56821811010478,1997,34.4811,-84.215791,85,6,105.354,120.335,,,,,,,,,,144.576,,,,,157.463,,,,,149.975,,,,,159.311,
20,56750369010478,1997,34.149772,-84.328375,121,6,81.646,,84.996,,,,,,,,,109.646,,,,,121.907,,,,,130.066,,,,,152.59,
20,56708850010478,1997,33.946502,-84.755842,223,6,261.021,,278.544,,,,,,,,,140.681,,,,,101.26,,,,,126.374,,,,,145.89,
20,56910974010478,1997,34.798639,-84.960648,313,6,209.821,,,,,,223.348,,,,,250.287,,,,,257.37,,,,,242.983,,,,,175.619,
20,56809355010478,1997,33.533161,-82.3202,73,6,51.485,,,,,,46.177,,,,,53.168,,,,,79.968,,,,,86.623,,,,,93.555,
20,56644231010478,1997,31.487511,-84.598759,37,6,71.194,,,,,,,124.844,,,,,140.896,,,,,165.006,,,,,180.805,,,,,226.224
21,56922832010478,1997,32.296482,-82.357302,279,6,83.823,,,110.277,,,,,121.924,,,,,145.81,,,,,182.541,,,,,192.263,,,,
21,56949029010478,1997,34.553224,-83.401321,257,6,241.393,,,274.181,,,,,299.142,,,,,318.491,,,,,351.838,,,,,360.713,,,,
21,56740267010478,1997,34.853516,-84.15329,111,6,148.136,,147.055,,,,,,,175.744,,,,,190.601,,,,,209.777,,,,,230.933,,,
21,56791952010478,1997,34.097735,-82.76049,105,6,68.176,,,,66.851,,,,,84.155,,,,,97.897,,,,,119.519,,,,,125.176,,,
21,56758150010478,1997,31.085663,-81.401303,127,6,91.124,,,,,109.517,,,,,104.657,,,,,130.476,,,,,129.954,,,,,140.173,,
21,56775133010478,1997,32.33749,-83.16439,91,6,258.108,,,,305.327,,,,,322.822,,,,,303.67,,,,,237.627,,,,,203.32,,,
21,56699181010478,1997,34.761995,-84.642309,213,6,137.65,141.274,,,,,,,166.058,,,,,156.963,,,,,178.837,,,,,195.413,,,,
21,56760021010478,1997,34.539913,-84.930476,129,6,12.468,,,20.565,,,,,27.828,,,,,34.12,,,,,38.597,,,,,44.231,,,,
21,56963026010478,1997,32.188331,-82.008362,267,6,30.89,35.839,,,,,,,,,48.877,,,,,55.708,,,,,56.424,,,,,61.537,,
21,56888668010478,1997,31.396958,-82.544951,299,6,114.097,124.798,,,,,,,,,,150.464,,,,,166.521,,,,,197.693,,,,,217.382,
21,56583526010478,1997,31.901093,-84.905817,243,6,185.648,199.876,,,,,,,,,,182.346,,,,,208.894,,,,,224.053,,,,,253.643,
21,56810530010478,1997,31.09953,-83.559945,75,6,77.086,72.508,,,,,,,,,,,60.275,,,,,68.563,,,,,67.992,,,,,74.091
21,56590622010478,1997,32.261752,-84.31469,249,6,41.379,,,,,,77.24,,,,,78.569,,,,,89.868,,,,,104.608,,,,,124.884,
21,56819769010478,1997,31.976566,-83.618921,81,6,74.085,,,88.749,,,,,99.716,,,,,93.261,,,,,94.337,,,,,86.615,,,,
21,56730243010478,1997,33.366519,-85.00384,149,6,98.812,,,,,,,139.313,,,,,124.588,,,,,139.258,,,,,165.992,,,,,197.797
21,56583050010478,1997,34.97398,-83.243743,241,6,278.865,,303.537,,,,,,,,,,309.248,,,,,348.719,,,,,339.608,,,,,364.3
21,56936351010478,1997,34.965376,-84.001271,291,6,123.487,,,,,,,80.73,,,,,98.199,,,,,118.47,,,,,131.317,,,,,148.05
21,56609789010478,1997,30.734999,-83.137916,185,6,160.688,128.566,,,,,,,,,,148.031,,,,,136.066,,,,,141.222,,,,,133.32,
21,56642076010478,1997,33.242453,-83.920531,35,6,76.636,,,88.425,,,,,103.997,,,,,119.315,,,,,141.751,,,,,165.104,,,,
21,56744943010478,1997,34.252888,-85.200929,115,6,206.985,,,,,,107.86,,,,,88.692,,,,,94.119,,,,,77.663,,,,,97.055,
21,56848423010478,1997,31.517827,-84.923951,61,6,262.22,,264.103,,,,,,,,,237.42,,,,,268.192,,,,,296.099,,,,,306.118,
22,56907924010478,1997,32.114452,-82.630805,309,6,180.067,,,,,234.664,,,,,186.134,,,,,96.166,,,,,77.056,,,,,15.771,,
22,56581834010478,1997,34.781667,-83.444228,241,6,172.914,,,195.467,,,,,199.733,,,,,130.398,,,,,142.884,,,,,176.205,,,,
22,56752913010478,1997,34.58439,-84.570471,123,6,191.727,,,,226.0,,,,,263.076,,,,,272.009,,,,,304.805,,,,,357.688,,,
22,56920600010478,1997,31.437777,-83.638662,277,6,126.985,,,,,141.976,,,,,140.864,,,,,141.927,,,,,170.459,,,,,188.438,,
22,56729473010478,1997,34.368483,-82.975477,147,6,22.381,,,,,56.206,,,,,63.819,,,,,104.647,,,,,85.406,,,,,26.085,,
22,56898057010478,1997,33.079577,-82.826871,303,6,150.924,,,,165.109,,,,,191.493,,,,,180.289,,,,,187.462,,,,,185.607,,,
22,56746007010478,1997,34.27065,-84.067149,117,6,89.774,,96.735,,,,,,,62.713,,,,,66.888,,,,,97.333,,,,,107.678,,,
22,56709095010478,1997,33.880084,-84.925065,223,6,106.346,,106.498,,,,,,,,108.369,,,,,121.825,,,,,125.213,,,,,127.631,,
22,56568254010478,1997,34.442104,-84.465247,227,6,63.266,89.25,,,,,,,,,107.112,,,,,124.076,,,,,135.918,,,,,135.549,,
22,56667440010478,1997,32.723805,-82.875687,167,6,60.602,60.49,,,,,,,,104.239,,,,,127.546,,,,,149.344,,,,,157.983,,,
22,56602007010478,1997,33.901014,-82.528252,181,6,156.483,,,,,160.443,,,,,174.417,,,,,166.465,,,,,195.883,,,,,192.688,,
22,56944369010478,1997,33.701672,-83.84585,297,6,233.202,,,249.455,,,,,246.584,,,,,174.053,,,,,161.888,,,,,160.803,,,,
22,56620841010478,1997,34.230095,-83.172461,195,6,65.726,,,85.718,,,,,72.137,,,,,78.904,,,,,96.77,,,,,109.547,,,,
22,56955256010478,1997,32.049449,-84.205528,261,6,183.324,195.118,,,,,,,253.68,,,,,272.523,,,,,274.318,,,,,231.921,,,,
22,56610342010478,1997,34.612242,-84.116588,187,6,189.04,,,201.783,,,,,217.183,,,,,234.111,,,,,244.724,,,,,251.883,,,,
22,56780772010478,1997,33.768333,-84.754868,97,6,166.305,,,174.043,,,,,180.872,,,,,203.263,,,,,230.0,,,,,262.337,,,,
22,56713779010478,1997,34.801164,-83.602993,137,6,146.956,,156.413,,,,,,147.432,,,,,148.331,,,,,154.926,,,,,162.56,,,,
22,56864128010478,1997,34.309691,-83.47336,11,6,85.959,87.149,,,,,,,,,,111.287,,,,,103.95,,,,,108.679,,,,,128.156,
22,56840310010478,1997,32.273115,-84.897451,53,6,77.119,85.267,,,,,,,,,,,113.402,,,,,126.638,,,,,117.283,,,,,141.266
22,56683133010478,1997,33.007588,-84.781916,199,6,111.218,,143.945,,,,,,,,,160.875,,,,,167.946,,,,,170.377,,,,,170.4,
22,56653592010478,1997,34.234538,-83.671629,157,6,136.358,,,135.074,,,,,168.596,,,,,219.561,,,,,296.682,,,,,330.817,,,,
22,56923318010478,1997,32.019131,-82.339076,279,6,144.603,,,,,,,177.132,,,,,200.338,,,,,244.198,,,,,285.752,,,,,259.221
22,56827598010478,1997,33.869178,-84.273436,89,6,267.076,,,,,,,214.573,,,,,90.915,,,,,106.078,,,,,103.243,,,,,117.284
23,56674325010478,1997,32.945285,-84.064084,171,6,34.399,,,,,43.92,,,,,51.066,,,,,56.722,,,,,66.35,,,,,73.379,,
23,56723786010478,1997,33.84524,-85.144611,143,6,57.426,57.803,,,,,,,80.358,,,,,77.795,,,,,96.464,,,,,120.004,,,,
23,56937680010478,1997,34.737885,-84.027859,291,6,164.305,,218.592,,,,,,,238.228,,,,,238.189,,,,,271.699,,,,,291.319,,,
23,56603938010478,1997,31.72152,-81.894157,183,6,194.711,,196.164,,,,,,,,235.498,,,,,153.12,,,,,131.422,,,,,146.742,,
23,56751950010478,1997,34.72884,-84.608181,123,6,104.967,,,,124.456,,,,,150.443,,,,,168.438,,,,,216.576,,,,,237.237,,,
23,56966391010478,1997,32.63544,-84.220018,269,6,56.054,53.178,,,,,,,,53.552,,,,,62.617,,,,,85.929,,,,,83.648,,,
23,56664071010478,1997,33.270905,-82.300936,163,6,17.893,,23.742,,,,,,,,22.526,,,,,28.261,,,,,37.898,,,,,49.126,,
23,56574608010478,1997,33.96684,-85.060328,233,6,102.614,,,,,119.169,,,,,132.899,,,,,130.829,,,,,119.397,,,,,130.657,,
23,56578331010478,1997,33.300194,-83.290998,237,6,54.174,59.7,,,,,,,74.641,,,,,94.834,,,,,130.218,,,,,135.749,,,,
23,56928273010478,1997,32.897612,-85.11519,285,6,112.821,115.814,,,,,,,,,,155.981,,,,,165.86,,,,,192.379,,,,,175.879,
23,56614182010478,1997,33.402964,-82.35536,189,6,116.191,,126.747,,,,,,,,,,163.849,,,,,169.367,,,,,184.5,,,,,219.68
23,56822304010478,1997,34.393901,-84.1082,85,6,154.938,,,,,,120.777,,,,,105.741,,,,,117.855,,,,,128.498,,,,,142.908,
23,56819436010478,1997,31.933715,-83.692232,81,6,93.426,,135.515,,,,,,,,,,188.335,,,,,223.391,,,,,185.12,,,,,213.865
23,56942054010478,1997,34.82297,-85.25531,295,6,130.711,,146.597,,,,,,,,,,171.457,,,,,184.847,,,,,187.884,,,,,204.795
23,56729976010478,1997,34.348158,-82.897631,147,6,25.686,,,,,,,25.276,,,,,26.575,,,,,18.767,,,,,14.938,,,,,12.462
23,56701973010478,1997,33.642132,-83.809278,217,6,147.484,,,,,,181.86,,,,,200.307,,,,,206.667,,,,,237.939,,,,,242.014,
23,56715159010478,1997,34.641416,-83.404088,137,6,151.023,165.283,,,,,,,,,,203.438,,,,,249.214,,,,,277.989,,,,,310.924,
23,56746546010478,1997,34.322236,-84.091514,117,6,199.167,,,,,,237.099,,,,,242.322,,,,,254.4,,,,,277.355,,,,,301.868,
24,56656468010478,1997,33.28702,-83.705305,159,6,67.934,,,83.333,,,,,121.961,,,,,140.749,,,,,155.024,,,,,166.293,,,,
24,56953065010478,1997,32.042614,-84.709596,259,6,34.967,,,,,43.532,,,,,54.369,,,,,72.228,,,,,92.158,,,,,126.26,,
24,56798737010478,1997,32.381901,-82.235168,107,6,165.049,135.733,,,,,,,,171.456,,,,,198.943,,,,,223.763,,,,,256.392,,,
24,56687205010478,1997,31.117957,-84.858954,201,6,196.549,,199.326,,,,,,,,189.086,,,,,206.917,,,,,234.255,,,,,257.967,,
24,56841412010478,1997,34.441992,-85.389311,55,6,13.276,,,18.634,,,,,26.641,,,,,38.527,,,,,56.896,,,,,78.086,,,,
24,56612527010478,1997,34.532171,-83.966015,187,6,71.335,,,80.925,,,,,93.627,,,,,97.269,,,,,110.878,,,,,114.311,,,,
24,56822579010478,1997,34.411809,-84.031356,85,6,98.044,93.831,,,,,,,141.619,,,,,157.621,,,,,160.299,,,,,176.761,,,,
24,56729180010478,1997,34.356054,-82.950252,147,6,95.548,,,100.412,,,,,115.103,,,,,112.424,,,,,126.081,,,,,139.858,,,,
24,56935117010478,1997,32.68441,-83.506831,289,6,104.306,,,,,,138.405,,,,,143.935,,,,,129.262,,,,,147.826,,,,,161.998,
24,56618382010478,1997,32.445788,-84.097133,193,6,113.118,,,,,,133.369,,,,,161.911,,,,,182.448,,,,,192.695,,,,,195.472,
24,56830530010478,1997,33.463061,-85.176015,45,6,136.854,153.741,,,,,,,34.1,,,,,21.614,,,,,36.086,,,,,63.85,,,,
24,56936636010478,1997,34.81539,-83.947224,291,6,282.902,270.423,,,,,,,,,,162.809,,,,,93.555,,,,,101.975,,,,,109.169,
24,56581024010478,1997,34.882824,-83.599907,241,6,202.219,,,,,,226.893,,,,,242.45,,,,,265.163,,,,,291.408,,,,,329.186,
24,56603476010478,1997,33.704825,-82.261104,181,6,217.871,,232.383,,,,,,,,,244.003,,,,,238.08,,,,,253.927,,,,,266.158,
25,56865652010478,1997,34.299531,-84.97474,15,6,141.977,,,161.284,,,,,129.607,,,,,111.629,,,,,127.644,,,,,141.223,,,,
25,56781760010478,1997,31.48895,-84.954676,99,6,112.577,,,,,174.218,,,,,176.848,,,,,195.723,,,,,178.927,,,,,108.599,,
25,56754309010478,1997,34.65241,-84.331914,123,6,223.298,230.877,,,,,,,,,284.897,,,,,289.358,,,,,343.93,,,,,374.692,,
25,56618697010478,1997,32.253294,-84.049162,193,6,77.985,,,,56.481,,,,,68.482,,,,,81.679,,,,,79.175,,,,,103.948,,,
25,56929869010478,1997,33.211666,-84.902135,285,6,31.807,,33.769,,,,,,,,23.964,,,,,28.667,,,,,37.525,,,,,46.634,,
25,56759425010478,1997,34.503289,-85.044375,129,6,139.692,,,,147.085,,,,,163.245,,,,,181.533,,,,,212.051,,,,,239.825,,,
25,56880039010478,1997,31.398599,-84.554625,7,6,177.893,162.254,,,,,,,,164.497,,,,,159.164,,,,,122.513,,,,,118.475,,,
25,56882358010478,1997,31.305414,-83.260969,19,6,62.868,,74.023,,,,,,,65.81,,,,,72.759,,,,,90.183,,,,,93.386,,,
25,56812665010478,1997,33.458962,-84.851009,77,6,66.785,,,73.765,,,,,73.799,,,,,83.993,,,,,87.312,,,,,28.577,,,,
25,56819889010478,1997,31.919698,-83.72141,81,6,5.385,,13.735,,,,,,,,,20.415,,,,,21.276,,,,,26.727,,,,,21.589,
25,56587105010478,1997,33.449865,-82.15683,245,6,185.004,,,198.645,,,,,217.301,,,,,230.993,,,,,241.649,,,,,244.041,,,,
25,56685550010478,1997,32.89062,-84.512192,199,6,60.123,63.771,,,,,,,,,,,71.177,,,,,65.687,,,,,73.913,,,,,78.161
25,56696433010478,1997,33.696146,-83.461542,211,6,154.53,,,,,,151.029,,,,,155.307,,,,,154.656,,,,,162.379,,,,,104.327,
25,56598562010478,1997,31.931166,-81.639855,179,6,163.385,,,,,,,188.348,,,,,213.202,,,,,266.249,,,,,265.674,,,,,283.787
25,56750029010478,1997,33.778721,-84.51764,121,6,69.356,,,,,,128.876,,,,,194.096,,,,,246.745,,,,,234.424,,,,,246.632,
25,56666319010478,1997,32.852087,-81.866021,165,6,17.287,,,,,,26.287,,,,,35.807,,,,,37.876,,,,,71.259,,,,,86.824,
25,56936952010478,1997,34.854901,-83.928394,291,6,59.599,,,,,,69.978,,,,,65.338,,,,,78.425,,,,,92.553,,,,,114.608,
26,56801058010478,1997,34.070183,-84.425743,67,6,53.466,65.365,,,,,,,,,78.38,,,,,48.478,,,,,54.963,,,,,70.711,,
26,56914356010478,1997,31.973691,-83.290861,315,6,194.772,209.79,,,,,,,,,191.745,,,,,191.521,,,,,189.676,,,,,227.196,,
26,56740440010478,1997,34.745637,-84.170873,111,6,144.648,125.385,,,,,,,,146.492,,,,,167.043,,,,,191.494,,,,,220.704,,,
26,56595122010478,1997,32.64893,-81.515268,251,6,251.615,,283.369,,,,,,,,91.679,,,,,80.156,,,,,94.585,,,,,116.799,,
26,56827966010478,1997,33.667648,-84.198761,89,6,61.903,64.47,,,,,,,,88.543,,,,,110.272,,,,,155.311,,,,,183.626,,,
26,56944467010478,1997,33.686309,-83.744482,297,6,131.867,,,147.291,,,,,169.105,,,,,184.994,,,,,202.606,,,,,226.882,,,,
26,56768419010478,1997,32.823808,-82.992353,319,6,72.445,,,93.099,,,,,119.55,,,,,118.226,,,,,141.709,,,,,185.236,,,,
26,56972010010478,1997,31.645587,-84.475667,273,6,117.356,121.776,,,,,,,144.967,,,,,172.682,,,,,142.535,,,,,137.035,,,,
26,56574706010478,1997,34.022515,-85.052829,233,6,21.908,,,,26.45,,,,,30.577,,,,,31.272,,,,,39.753,,,,,48.742,,,
26,56841522010478,1997,34.369413,-85.343901,55,6,38.618,,51.975,,,,,,,,116.85,,,,,153.448,,,,,198.105,,,,,240.117,,
26,56722851010478,1997,33.769755,-85.331594,143,6,132.623,,,115.441,,,,,101.847,,,,,104.808,,,,,111.069,,,,,129.48,,,,
26,56931986010478,1997,31.730044,-83.486744,287,6,178.888,191.35,,,,,,,,,,,199.08,,,,,228.696,,,,,234.638,,,,,256.76
26,56839134010478,1997,32.301,-84.876139,53,6,30.16,,,34.543,,,,,40.818,,,,,53.223,,,,,59.806,,,,,73.687,,,,
26,56699050010478,1997,34.654852,-84.710319,213,6,31.089,,,,,,,61.245,,,,,50.026,,,,,47.627,,,,,57.26,,,,,61.001
26,56657488010478,1997,33.223095,-83.569497,159,6,89.479,,,,,,,137.765,,,,,167.456,,,,,213.139,,,,,253.314,,,,,312.638
26,56613041010478,1997,33.391981,-82.543533,189,6,105.9,,,,,,,105.121,,,,,95.605,,,,,109.4,,,,,135.273,,,,,172.415
26,56901429010478,1997,31.573694,-82.032969,305,6,4.979,,,,,,15.448,,,,,21.48,,,,,34.536,,,,,60.484,,,,,76.504,
26,56746936010478,1997,34.342827,-83.339986,119,6,93.812,,,,,,,104.167,,,,,118.609,,,,,151.7,,,,,103.464,,,,,127.432
26,56861351010478,1997,32.979671,-83.280282,9,6,50.896,,75.637,,,,,,,,,,126.847,,,,,147.651,,,,,187.449,,,,,231.203
26,56845039010478,1997,34.275047,-84.408332,57,6,49.23,,,,,,,44.822,,,,,28.965,,,,,28.486,,,,,95.214,,,,,101.191
27,56937832010478,1997,32.903576,-84.384757,293,6,96.651,,88.178,,,,,,,,97.589,,,,,99.276,,,,,106.57,,,,,107.102,,
27,56766596010478,1997,32.674103,-83.174157,319,6,127.871,140.069,,,,,,,,,166.392,,,,,150.599,,,,,141.686,,,,,180.344,,
27,56763378010478,1997,30.802205,-84.167056,131,6,125.666,,,,,136.496,,,,,139.806,,,,,145.564,,,,,39.26,,,,,198.269,,
27,56739113010478,1997,34.904658,-84.385042,111,6,70.33,,,,,123.011,,,,,133.648,,,,,150.19,,,,,165.879,,,,,195.756,,
27,56793115010478,1997,34.2007,-82.759473,105,6,75.416,,,,,103.213,,,,,101.484,,,,,107.225,,,,,131.232,,,,,155.856,,
27,56700834010478,1997,32.474467,-84.794096,215,6,94.072,100.957,,,,,,,,,,,117.155,,,,,126.651,,,,,138.73,,,,,159.973
27,56733799010478,1997,33.54517,-84.20085,151,6,205.802,,209.844,,,,,,,,,,236.339,,,,,267.787,,,,,294.92,,,,,350.288
27,56840026010478,1997,32.326439,-84.71768,53,6,220.615,,,,,,,168.917,,,,,170.538,,,,,176.416,,,,,154.959,,,,,162.976
27,56714431010478,1997,34.605461,-83.539917,137,6,134.363,,,,,,,199.069,,,,,194.917,,,,,207.854,,,,,185.393,,,,,184.971
28,56845544010478,1997,34.338053,-84.330073,57,6,142.22,,,,157.198,,,,,166.844,,,,,180.489,,,,,142.655,,,,,189.2,,,
28,56754931010478,1997,34.738876,-84.44129,123,6,230.022,,,,,244.89,,,,,279.009,,,,,266.15,,,,,278.675,,,,,299.137,,
28,56814133010478,1997,33.504294,-84.812383,77,6,82.456,,77.517,,,,,,,,77.212,,,,,128.154,,,,,157.531,,,,,115.356,,
28,56612024010478,1997,34.560868,-83.883074,187,6,193.556,,222.013,,,,,,,,,222.894,,,,,260.21,,,,,300.292,,,,,340.155,
28,56710082010478,1997,33.666844,-83.15767,133,6,115.862,,139.866,,,,,,,,,,188.83,,,,,237.884,,,,,274.36,,,,,312.293
28,56694660010478,1997,31.997881,-82.566856,209,6,145.756,,170.93,,,,,,,,,,195.224,,,,,199.807,,,,,243.188,,,,,261.448
28,56811220010478,1997,31.213411,-83.433648,75,6,5.25,,5.199,,,,,,,,,26.002,,,,,33.692,,,,,38.593,,,,,37.833,
28,56567205010478,1997,34.526512,-84.633064,227,6,179.84,,,,,,,224.98,,,,,264.417,,,,,278.949,,,,,339.585,,,,,369.672
28,56738595010478,1997,34.876027,-84.516077,111,6,149.911,,164.524,,,,,,,,,169.595,,,,,202.614,,,,,225.701,,,,,252.35,
28,56942723010478,1997,34.687224,-85.179772,295,6,196.201,,,,,,220.911,,,,,239.283,,,,,260.514,,,,,272.911,,,,,298.484,
28,56580817010478,1997,34.833738,-83.580345,241,6,161.561,,174.56,,,,,,,,,,179.694,,,,,195.09,,,,,174.177,,,,,199.434
29,56701544010478,1997,33.555239,-83.854235,217,6,301.838,,,,,340.325,,,,,389.679,,,,,399.5,,,,,448.918,,,,,504.302,,
29,56812773010478,1997,33.335495,-84.837894,77,6,160.183,161.882,,,,,,,,,211.052,,,,,230.468,,,,,226.657,,,,,194.669,,
29,56739494010478,1997,34.840699,-84.312903,111,6,213.191,,,212.728,,,,,215.568,,,,,236.127,,,,,242.284,,,,,260.282,,,,
29,56828506010478,1997,33.750067,-84.085661,89,6,107.935,,,,,114.611,,,,,121.734,,,,,127.167,,,,,128.281,,,,,139.833,,
29,56898424010478,1997,32.903188,-82.780153,303,6,124.483,,,,,131.336,,,,,139.387,,,,,150.812,,,,,166.64,,,,,151.314,,
29,56810483010478,1997,33.528236,-82.204161,73,6,34.832,,,,,,40.902,,,,,47.268,,,,,49.108,,,,,50.469,,,,,57.7,
29,56907403010478,1997,32.297814,-82.661974,309,6,20.815,,,,,,45.345,,,,,36.306,,,,,42.298,,,,,44.002,,,,,41.624,
29,56669227010478,1997,32.692226,-82.515526,167,6,30.355,,36.231,,,,,,,,,6.924,,,,,7.938,,,,,16.907,,,,,27.708,
29,56793834010478,1997,32.477768,-82.437849,107,6,46.518,,,,,,,67.157,,,,,106.993,,,,,128.983,,,,,172.296,,,,,215.565
30,56726894010478,1997,32.636283,-84.858422,145,6,140.401,,93.492,,,,,,,116.75,,,,,122.874,,,,,132.706,,,,,146.735,,,
30,56802240010478,1997,31.499,-82.907862,69,6,44.566,,,,,73.824,,,,,89.012,,,,,93.326,,,,,120.153,,,,,93.377,,
30,56752161010478,1997,34.799363,-84.589835,123,6,71.81,,,,97.42,,,,,118.714,,,,,137.774,,,,,138.728,,,,,178.994,,,
30,56723638010478,1997,33.699453,-85.121589,143,6,55.643,,,,64.888,,,,,81.812,,,,,77.115,,,,,55.565,,,,,65.736,,,
30,56828145010478,1997,33.734057,-84.144672,89,6,65.782,,,,71.259,,,,,70.289,,,,,77.385,,,,,93.879,,,,,97.8,,,
30,56714898010478,1997,34.504495,-83.456118,137,6,152.883,,,,,153.373,,,,,157.971,,,,,138.038,,,,,154.697,,,,,156.468,,
30,56844255010478,1997,34.213904,-84.519649,57,6,186.219,,196.956,,,,,,,,250.301,,,,,271.768,,,,,299.077,,,,,305.036,,
30,56593271010478,1997,32.906132,-81.493325,251,6,87.888,,,123.105,,,,,130.161,,,,,145.883,,,,,159.327,,,,,179.988,,,,
30,56744395010478,1997,34.518596,-85.107053,115,6,205.434,224.373,,,,,,,,,,,243.122,,,,,253.847,,,,,219.415,,,,,227.009
30,56583443010478,1997,34.916485,-83.275948,241,6,282.158,,295.1,,,,,,,,,,323.261,,,,,326.61,,,,,355.586,,,,,361.376
30,56715954010478,1997,34.42582,-83.906563,139,6,135.218,,,,,,,125.252,,,,,167.934,,,,,182.392,,,,,198.497,,,,,227.072
30,56739387010478,1997,34.892482,-84.31143,111,6,113.48,,111.934,,,,,,,,,,120.414,,,,,122.518,,,,,128.743,,,,,138.535
31,56738823010478,1997,34.860071,-84.45785,111,6,160.436,,,167.789,,,,,169.282,,,,,182.582,,,,,209.327,,,,,238.315,,,,
31,56852272010478,1997,30.916646,-82.721714,65,6,182.999,,,,203.142,,,,,208.558,,,,,217.652,,,,,216.43,,,,,211.826,,,
31,56886174010478,1997,31.219608,-82.018997,25,6,67.465,,,67.37,,,,,62.886,,,,,70.63,,,,,72.725,,,,,78.473,,,,
31,56945732010478,1997,33.893902,-83.776364,297,6,199.393,173.222,,,,,,,,150.131,,,,,131.978,,,,,169.807,,,,,189.0,,,
31,56971364010478,1997,31.795991,-84.499897,273,6,118.52,,,,,146.848,,,,,164.824,,,,,185.543,,,,,208.505,,,,,210.46,,
31,56942274010478,1997,34.666582,-85.261559,295,6,66.932,,,,,85.545,,,,,95.68,,,,,117.326,,,,,115.133,,,,,145.185,,
31,56730563010478,1997,33.385826,-85.168964,149,6,31.645,36.851,,,,,,,58.919,,,,,67.229,,,,,106.932,,,,,148.032,,,,
31,56836315010478,1997,32.012012,-81.320408,51,6,79.378,,,,,,,124.983,,,,,169.748,,,,,231.235,,,,,283.255,,,,,323.963
31,56928997010478,1997,33.012059,-85.063242,285,6,136.242,,159.613,,,,,,,,,,218.831,,,,,228.776,,,,,272.505,,,,,312.926
31,56748372010478,1997,34.329649,-83.268836,119,6,204.766,,,,,,140.585,,,,,165.556,,,,,186.968,,,,,196.439,,,,,173.9,
31,56828245010478,1997,33.690781,-84.082278,89,6,234.719,,242.087,,,,,,,,,32.833,,,,,55.72,,,,,50.929,,,,,77.892,
32,56621807010478,1997,34.152005,-83.096586,195,6,86.836,,,102.905,,,,,152.445,,,,,164.12,,,,,183.956,,,,,213.461,,,,
32,56875131010478,1997,31.898474,-82.36431,1,6,71.777,,103.048,,,,,,119.399,,,,,152.12,,,,,196.255,,,,,230.399,,,,
32,56737160010478,1997,32.451596,-83.616511,153,6,59.941,,63.968,,,,,,27.272,,,,,29.821,,,,,32.721,,,,,37.388,,,,
32,56913333010478,1997,31.964859,-83.462979,315,6,155.742,,,,,166.25,,,,,83.178,,,,,54.973,,,,,67.085,,,,,48.947,,
32,56734658010478,1997,33.488534,-84.103797,151,6,111.998,127.178,,,,,,,,154.982,,,,,144.065,,,,,148.443,,,,,105.97,,,
32,56792647010478,1997,34.143476,-82.89914,105,6,121.356,,,125.953,,,,,148.032,,,,,164.181,,,,,194.771,,,,,204.732,,,,
32,56707400010478,1997,33.832319,-84.933132,223,6,174.458,,,193.47,,,,,194.293,,,,,195.59,,,,,207.176,,,,,230.849,,,,
32,56660345010478,1997,31.874071,-82.57097,161,6,99.587,98.56,,,,,,,,,97.344,,,,,95.596,,,,,106.375,,,,,112.79,,
32,56819595010478,1997,31.825794,-83.632361,81,6,205.462,,222.365,,,,,,,,229.536,,,,,236.297,,,,,239.105,,,,,272.049,,
32,56939040010478,1997,32.869158,-84.293783,293,6,148.795,,,,161.653,,,,,159.222,,,,,177.472,,,,,197.917,,,,,230.703,,,
32,56711198010478,1997,33.5676,-83.143805,133,6,35.247,,42.72,,,,,,,49.564,,,,,88.258,,,,,114.399,,,,,127.712,,,
32,56740347010478,1997,34.769147,-84.159527,111,6,150.183,131.744,,,,,,,,,186.625,,,,,202.02,,,,,223.136,,,,,242.407,,
32,56601513010478,1997,32.02485,-81.780796,179,6,207.242,,189.058,,,,,,,,180.432,,,,,175.326,,,,,193.766,,,,,178.857,,
32,56611436010478,1997,34.618834,-83.96358,187,6,236.943,,,235.256,,,,,258.265,,,,,257.145,,,,,290.828,,,,,197.629,,,,
32,56597639010478,1997,31.771218,-84.031118,177,6,17.899,,,13.006,,,,,13.552,,,,,27.532,,,,,46.399,,,,,47.471,,,,
32,56660732010478,1997,33.114292,-82.632608,163,6,209.193,193.659,,,,,,,,,,,227.644,,,,,227.557,,,,,242.883,,,,,272.429
32,56604114010478,1997,31.718295,-81.855603,183,6,195.24,215.167,,,,,,,,,,,197.593,,,,,176.603,,,,,204.66,,,,,220.918
32,56770616010478,1997,31.486518,-83.853516,321,6,298.027,,,340.734,,,,,355.767,,,,,382.021,,,,,372.001,,,,,357.11,,,,
32,56752642010478,1997,34.681997,-84.554633,123,6,90.057,93.972,,,,,,,,,,,123.997,,,,,141.111,,,,,137.324,,,,,153.604
32,56829748010478,1997,33.47451,-84.917473,45,6,89.463,,,,,,94.08,,,,,111.714,,,,,125.766,,,,,128.001,,,,,150.504,
32,56722772010478,1997,33.840618,-85.341648,143,6,143.133,,,168.234,,,,,,,,205.278,,,,,212.163,,,,,230.653,,,,,274.54,
32,56894822010478,1997,33.431695,-82.642461,301,6,56.283,,,,,,,87.444,,,,,99.998,,,,,125.655,,,,,145.8,,,,,165.152
32,56714754010478,1997,34.663309,-83.42735,137,6,32.587,38.489,,,,,,,48.624,,,,,57.034,,,,,59.164,,,,,64.662,,,,
32,56581744010478,1997,34.829402,-83.457701,241,6,97.332,,,,,,,96.323,,,,,76.437,,,,,88.036,,,,,102.711,,,,,112.013
33,56837684010478,1997,31.785495,-81.069819,51,6,242.071,,240.379,,,,,,232.101,,,,,229.504,,,,,241.773,,,,,210.242,,,,
33,56866978010478,1997,34.228661,-84.913335,15,6,30.264,,,,70.159,,,,,34.756,,,,,37.392,,,,,38.375,,,,,57.608,,,
33,56959806010478,1997,32.637447,-84.383414,263,6,95.756,105.298,,,,,,,,129.346,,,,,140.091,,,,,156.116,,,,,153.432,,,
33,56804855010478,1997,31.525158,-82.753744,69,6,44.932,,,,67.637,,,,,68.569,,,,,63.385,,,,,63.255,,,,,74.456,,,
33,56610711010478,1997,34.469654,-84.030447,187,6,253.178,252.8,,,,,,,259.57,,,,,260.771,,,,,282.411,,,,,217.768,,,,
33,56655528010478,1997,33.464969,-83.638617,159,6,64.014,67.785,,,,,,,105.709,,,,,103.577,,,,,121.706,,,,,113.21,,,,
33,56582482010478,1997,34.796266,-83.358746,241,6,123.581,148.076,,,,,,,,,,154.083,,,,,114.958,,,,,85.803,,,,,97.794,
33,56972234010478,1997,31.68221,-84.394899,273,6,110.098,,,,,,184.49,,,,,198.079,,,,,190.376,,,,,204.939,,,,,224.334,
33,56919073010478,1997,30.823303,-83.826512,275,6,106.736,,,,,,,133.251,,,,,94.618,,,,,100.288,,,,,125.296,,,,,149.065
33,56574150010478,1997,34.041403,-84.949348,233,6,45.192,,,,,,,99.568,,,,,118.321,,,,,153.574,,,,,190.395,,,,,251.602
34,56630809010478,1997,32.071547,-81.488752,29,6,7.927,8.702,,,,,,,,20.942,,,,,26.489,,,,,41.806,,,,,47.148,,,
34,56894911010478,1997,33.503604,-82.652482,301,6,127.585,,140.255,,,,,,,,138.952,,,,,150.633,,,,,177.3,,,,,205.799,,
34,56586997010478,1997,33.363645,-82.069794,245,6,111.719,,,,134.886,,,,,167.138,,,,,208.857,,,,,216.504,,,,,216.581,,,
34,56696061010478,1997,33.528151,-83.367296,211,6,20.157,,,,,108.237,,,,,134.839,,,,,183.775,,,,,249.543,,,,,313.709,,
34,56582368010478,1997,34.743603,-83.384515,241,6,112.03,,112.406,,,,,,,,118.394,,,,,136.267,,,,,146.159,,,,,168.589,,
34,56937313010478,1997,34.775131,-83.848069,291,6,46.753,,,,,76.793,,,,,91.362,,,,,128.723,,,,,168.316,,,,,201.532,,
34,56615502010478,1997,31.504204,-81.466004,191,6,104.484,,106.145,,,,,,108.429,,,,,134.688,,,,,159.885,,,,,197.726,,,,
34,56739223010478,1997,34.93591,-84.348635,111,6,92.014,97.237,,,,,,,,,,90.613,,,,,97.047,,,,,122.798,,,,,139.13,
34,56612150010478,1997,34.491965,-83.916857,187,6,48.503,60.235,,,,,,,,,,76.563,,,,,86.994,,,,,101.693,,,,,113.099,
34,56698827010478,1997,34.856155,-84.687245,213,6,219.386,,225.638,,,,,,,,,238.985,,,,,265.045,,,,,275.37,,,,,277.393,
34,56797280010478,1997,32.58003,-82.096325,107,6,64.295,,,,,,,91.213,,,,,83.45,,,,,99.077,,,,,119.369,,,,,134.319
34,56751863010478,1997,34.631868,-84.576879,123,6,57.935,,50.649,,,,,,,,,61.294,,,,,62.247,,,,,71.998,,,,,90.931,
35,56873867010478,1997,31.65177,-82.412366,1,6,228.351,235.907,,,,,,,,,216.544,,,,,200.776,,,,,216.402,,,,,188.179,,
35,56842551010478,1997,34.528269,-85.166369,55,6,113.229,,,,,88.933,,,,,97.556,,,,,102.197,,,,,94.417,,,,,124.599,,
35,56754432010478,1997,34.767686,-84.33236,123,6,203.382,,219.242,,,,,,246.84,,,,,267.811,,,,,296.151,,,,,340.776,,,,
35,56964333010478,1997,31.893519,-81.901932,267,6,125.036,,,142.158,,,,,161.72,,,,,168.946,,,,,86.843,,,,,50.886,,,,
35,56582174010478,1997,34.981774,-83.455517,241,6,180.336,,,,,187.85,,,,,204.934,,,,,224.161,,,,,222.36,,,,,247.479,,
35,56699102010478,1997,34.853477,-84.620526,213,6,168.64,,,177.749,,,,,107.749,,,,,125.224,,,,,141.579,,,,,163.349,,,,
35,56807758010478,1997,31.073947,-83.671932,71,6,92.104,,132.212,,,,,,154.077,,,,,160.923,,,,,156.339,,,,,211.086,,,,
35,56722578010478,1997,33.253564,-82.891227,141,6,174.015,,,,,,199.63,,,,,236.355,,,,,253.267,,,,,270.277,,,,,318.584,
35,56940143010478,1997,32.954353,-84.326571,293,6,42.293,,,,,,,58.246,,,,,75.045,,,,,78.718,,,,,17.25,,,,,125.548
35,56716239010478,1997,34.224883,-83.835311,139,6,155.67,,165.515,,,,,,,,,,216.977,,,,,210.404,,,,,240.621,,,,,273.891
36,56790839010478,1997,32.412985,-81.234512,103,6,19.959,22.248,,,,,,,,41.55,,,,,47.927,,,,,60.119,,,,,79.965,,,
36,56934308010478,1997,32.635116,-83.375391,289,6,41.834,,,,25.114,,,,,28.109,,,,,44.796,,,,,37.952,,,,,30.88,,,
36,56971105010478,1997,31.906336,-84.588855,273,6,30.161,,,57.311,,,,,70.993,,,,,84.974,,,,,95.15,,,,,124.213,,,,
36,56634601010478,1997,32.268103,-81.466762,31,6,3.542,,,28.554,,,,,49.793,,,,,77.334,,,,,91.283,,,,,67.797,,,,
36,56936154010478,1997,34.713809,-84.071398,291,6,187.969,,194.535,,,,,,234.087,,,,,249.36,,,,,272.613,,,,,293.742,,,,
36,56738672010478,1997,34.913025,-84.492276,111,6,64.688,59.256,,,,,,,,,,,107.931,,,,,100.157,,,,,136.495,,,,,64.223
36,56707855010478,1997,34.059421,-84.916881,223,6,224.05,,,268.964,,,,,304.004,,,,,332.235,,,,,335.78,,,,,354.176,,,,
37,56916873010478,1997,33.74078,-82.725653,317,6,0.64,0.814,,,,,,,,,2.636,,,,,3.009,,,,,3.432,,,,,2.019,,
37,56628789010478,1997,32.027087,-81.487571,29,6,131.107,,,,,147.955,,,,,162.272,,,,,182.039,,,,,208.536,,,,,212.164,,
37,56842640010478,1997,34.586663,-85.13287,55,6,178.66,,,,,181.119,,,,,200.076,,,,,234.57,,,,,278.663,,,,,190.117,,
37,56733066010478,1997,33.43113,-84.225248,151,6,24.616,,,,,61.132,,,,,90.414,,,,,77.719,,,,,78.334,,,,,74.89,,
37,56937273010478,1997,34.985779,-84.053347,291,6,1.263,,,,4.934,,,,,3.929,,,,,7.038,,,,,10.522,,,,,14.508,,,
37,56611728010478,1997,34.639229,-83.914833,187,6,169.44,,,,156.624,,,,,164.802,,,,,195.606,,,,,226.957,,,,,251.73,,,
37,56918820010478,1997,30.961256,-83.893442,275,6,146.338,,,197.105,,,,,231.796,,,,,244.393,,,,,268.84,,,,,191.464,,,,
37,56603848010478,1997,31.99509,-81.818763,183,6,143.358,,,,184.504,,,,,196.262,,,,,191.521,,,,,211.076,,,,,252.29,,,
37,56817526010478,1997,32.839362,-83.900172,79,6,107.672,,128.362,,,,,,153.878,,,,,175.18,,,,,187.7,,,,,186.398,,,,
37,56945452010478,1997,33.748281,-83.594794,297,6,157.938,,,,,,,81.149,,,,,91.183,,,,,109.445,,,,,117.171,,,,,138.81
37,56686409010478,1997,32.860029,-84.550875,199,6,73.089,,,,,,92.894,,,,,93.967,,,,,107.161,,,,,114.27,,,,,130.102,
37,56656377010478,1997,33.340764,-83.7278,159,6,125.527,,146.857,,,,,,,,,,97.514,,,,,117.328,,,,,124.189,,,,,96.554
37,216089198010854,1997,34.88745,-84.640263,213,6,172.625,,,,,,,202.182,,,,,212.238,,,,,228.12,,,,,236.509,,,,,132.64
37,56582092010478,1997,34.945938,-83.436339,241,6,66.465,,70.764,,,,,,,,,106.767,,,,,129.473,,,,,173.04,,,,,208.409,
38,56938809010478,1997,32.986717,-84.392602,293,6,106.718,113.5,,,,,,,,,132.077,,,,,138.795,,,,,119.309,,,,,142.46,,
38,56585506010478,1997,31.808926,-84.693757,243,6,176.552,193.216,,,,,,,,,232.643,,,,,228.274,,,,,226.06,,,,,278.453,,
38,56937375010478,1997,34.895037,-83.820289,291,6,205.53,,,,186.771,,,,,201.205,,,,,213.506,,,,,228.121,,,,,249.8,,,
38,56964165010478,1997,31.938762,-82.179075,267,6,212.792,,,,212.81,,,,,235.795,,,,,262.559,,,,,278.498,,,,,318.527,,,
38,56793336010478,1997,34.058463,-82.818077,105,6,99.262,111.647,,,,,,,117.972,,,,,103.169,,,,,120.715,,,,,142.97,,,,
38,56581116010478,1997,34.939261,-83.57768,241,6,147.04,,,,,,169.187,,,,,174.578,,,,,203.859,,,,,204.775,,,,,163.78,
38,56845882010478,1997,34.281872,-84.26977,57,6,139.137,142.379,,,,,,,,,,,80.804,,,,,56.42,,,,,66.647,,,,,85.674
38,56608043010478,1997,30.998453,-83.34663,185,6,54.153,,,,,,68.808,,,,,57.338,,,,,80.361,,,,,48.609,,,,,51.27,
38,56711255010478,1997,33.419191,-83.105967,133,6,195.45,210.624,,,,,,,,,,,231.783,,,,,230.854,,,,,241.491,,,,,265.079
38,56928660010478,1997,33.169752,-85.05797,285,6,206.637,,,,,,233.06,,,,,240.812,,,,,223.496,,,,,283.741,,,,,299.735,
39,56844834010478,1997,34.373822,-84.475453,57,6,165.3,,178.888,,,,,,,,197.237,,,,,206.334,,,,,179.195,,,,,161.978,,
39,56752811010478,1997,34.623365,-84.574028,123,6,101.009,,,77.277,,,,,99.734,,,,,103.892,,,,,108.142,,,,,111.671,,,,
39,56733214010478,1997,33.500478,-84.189422,151,6,265.843,,,,,269.568,,,,,164.023,,,,,175.093,,,,,217.669,,,,,272.559,,
39,56744518010478,1997,34.346167,-85.051688,115,6,233.483,,,,,244.769,,,,,279.351,,,,,303.872,,,,,328.106,,,,,369.77,,
39,56690653010478,1997,32.932363,-84.001825,207,6,70.896,,82.25,,,,,,,102.945,,,,,122.418,,,,,137.14,,,,,154.719,,,
39,56664220010478,1997,33.190602,-82.498846,163,6,14.924,,,,,50.599,,,,,38.362,,,,,57.847,,,,,73.437,,,,,113.885,,
39,56601822010478,1997,31.927332,-81.699517,179,6,117.048,,,,151.261,,,,,154.945,,,,,158.136,,,,,182.138,,,,,205.021,,,
39,216089192010854,1997,34.964176,-84.505692,111,6,244.615,245.759,,,,,,,,,,264.605,,,,,275.034,,,,,305.573,,,,,338.133,
39,56712748010478,1997,33.958237,-83.930716,135,6,106.809,,,,,,,143.69,,,,,165.294,,,,,207.895,,,,,225.804,,,,,237.894
39,56788076010478,1997,32.167702,-81.375297,103,6,112.758,,,,,,,126.428,,,,,147.76,,,,,181.809,,,,,204.099,,,,,224.401
39,56877370010478,1997,31.235621,-82.960476,3,6,58.843,,70.439,,,,,,,,,72.317,,,,,88.069,,,,,100.173,,,,,112.034,
39,216089202010854,1997,34.986456,-83.520098,241,6,296.544,,,,,,,283.511,,,,,320.863,,,,,340.673,,,,,374.183,,,,,379.354
40,56930386010478,1997,32.946197,-84.894769,285,6,153.571,158.086,,,,,,,,186.49,,,,,175.296,,,,,163.64,,,,,191.273,,,
40,56684391010478,1997,33.134052,-84.764351,199,6,94.334,94.741,,,,,,,,,122.506,,,,,143.712,,,,,182.393,,,,,181.642,,
40,216089201010854,1997,34.770809,-84.298385,123,6,217.725,215.951,,,,,,,,,255.542,,,,,273.142,,,,,298.311,,,,,314.418,,
40,56788708010478,1997,32.418694,-81.317801,103,6,69.128,,,,,79.446,,,,,86.467,,,,,94.128,,,,,118.592,,,,,129.021,,
40,56653826010478,1997,34.086327,-83.699386,157,6,1.272,1.38,,,,,,,2.327,,,,,3.144,,,,,9.736,,,,,33.159,,,,
40,56842368010478,1997,34.438551,-85.196293,55,6,218.913,,238.641,,,,,,,,252.889,,,,,262.746,,,,,303.385,,,,,321.621,,
40,56588598010478,1997,33.286201,-82.128901,245,6,160.361,,,164.499,,,,,177.769,,,,,221.667,,,,,202.306,,,,,223.391,,,,
40,56592300010478,1997,32.747466,-81.616368,251,6,205.448,214.27,,,,,,,,,,,134.396,,,,,165.249,,,,,191.853,,,,,198.236
40,56938646010478,1997,32.902553,-84.414621,293,6,229.062,,,,,,,254.232,,,,,275.251,,,,,267.333,,,,,278.426,,,,,304.155
40,56726536010478,1997,32.834415,-84.855698,145,6,202.986,197.569,,,,,,,,,,271.376,,,,,294.832,,,,,328.76,,,,,210.333,
40,56582836010478,1997,34.870716,-83.306247,241,6,144.566,,,,,,178.783,,,,,188.278,,,,,208.478,,,,,215.854,,,,,247.161,
41,56830423010478,1997,33.511479,-85.119666,45,6,199.494,,179.47,,,,,,204.593,,,,,231.87,,,,,257.529,,,,,273.339,,,,
41,56580729010478,1997,34.868552,-83.650076,241,6,156.166,163.736,,,,,,,,176.43,,,,,189.869,,,,,210.761,,,,,235.796,,,
41,56803740010478,1997,31.386159,-82.691882,69,6,338.104,,,,331.906,,,,,313.814,,,,,348.714,,,,,308.783,,,,,209.079,,,
41,56625911010478,1997,30.662665,-83.597,27,6,179.316,,,207.789,,,,,222.137,,,,,231.774,,,,,135.934,,,,,152.61,,,,
41,56842192010478,1997,34.461768,-85.260625,55,6,34.888,,,,,,44.775,,,,,58.545,,,,,79.4,,,,,102.029,,,,,132.461,
41,56843920010478,1997,34.336504,-84.601299,57,6,64.345,,,,,,,72.582,,,,,72.917,,,,,80.817,,,,,80.683,,,,,99.982
42,56749361010478,1997,33.723046,-84.561856,121,6,145.727,140.6,,,,,,,,101.973,,,,,123.254,,,,,152.537,,,,,198.792,,,
42,56786425010478,1997,30.78495,-83.048437,101,6,90.251,,,,107.022,,,,,117.678,,,,,138.34,,,,,166.288,,,,,182.969,,,
42,56868421010478,1997,34.123163,-84.987569,15,6,18.798,,,,,27.246,,,,,0.494,,,,,5.167,,,,,23.825,,,,,48.705,,
42,56736535010478,1997,32.500541,-83.69612,153,6,109.755,,,,,123.507,,,,,114.925,,,,,131.427,,,,,123.17,,,,,132.948,,
42,56777405010478,1997,31.545159,-84.363727,95,6,412.48,,427.115,,,,,,,473.042,,,,,453.396,,,,,381.484,,,,,28.221,,,
42,56934101010478,1997,32.546585,-83.403931,289,6,152.094,,,,144.005,,,,,162.666,,,,,183.553,,,,,124.034,,,,,50.04,,,
42,56627954010478,1997,32.154517,-81.747337,29,6,59.303,49.233,,,,,,,,43.371,,,,,63.645,,,,,87.108,,,,,93.17,,,
42,56739304010478,1997,34.967022,-84.308551,111,6,107.914,113.555,,,,,,,,,,,146.378,,,,,167.951,,,,,190.016,,,,,211.202
43,56686025010478,1997,33.209275,-84.603515,199,6,178.573,,200.383,,,,,,,,237.894,,,,,275.233,,,,,301.573,,,,,338.015,,
43,56716988010478,1997,34.264434,-83.788782,139,6,148.611,,159.338,,,,,,,180.38,,,,,211.345,,,,,116.34,,,,,81.063,,,
43,56599648010478,1997,31.731814,-81.514749,179,6,25.735,,32.168,,,,,,32.009,,,,,45.746,,,,,85.323,,,,,109.125,,,,
43,56941947010478,1997,34.904969,-85.300931,295,6,131.127,136.567,,,,,,,,,60.43,,,,,42.435,,,,,55.449,,,,,85.356,,
43,56742093010478,1997,34.267619,-85.392579,115,6,86.961,,99.25,,,,,,,,91.14,,,,,102.697,,,,,120.546,,,,,146.395,,
43,56597039010478,1997,31.660322,-84.284168,177,6,77.34,,78.077,,,,,,107.745,,,,,117.537,,,,,159.547,,,,,128.734,,,,
43,56582953010478,1997,34.955192,-83.288738,241,6,222.622,223.988,,,,,,,,,,161.125,,,,,177.404,,,,,187.321,,,,,199.907,
43,56616084010478,1997,31.472898,-81.348093,191,6,95.312,,108.973,,,,,,,,,,133.924,,,,,159.751,,,,,164.225,,,,,162.148
43,56753684010478,1997,34.708996,-84.416731,123,6,170.483,143.675,,,,,,,,,,56.927,,,,,10.95,,,,,10.766,,,,,12.841,
43,56793951010478,1997,32.603593,-82.426764,107,6,67.121,,79.88,,,,,,,,,76.134,,,,,96.379,,,,,114.452,,,,,123.18,
43,56739572010478,1997,34.771326,-84.253647,111,6,184.988,,,,,,50.949,,,,,57.129,,,,,70.291,,,,,84.917,,,,,89.069,
44,56703895010478,1997,33.978953,-83.262054,221,6,166.0,173.668,,,,,,,,,248.503,,,,,263.81,,,,,301.835,,,,,362.79,,
44,56742688010478,1997,34.093141,-85.323961,115,6,126.647,,,,178.169,,,,,193.498,,,,,213.891,,,,,221.17,,,,,219.026,,,
44,56843842010478,1997,34.284694,-84.531696,57,6,122.088,,,135.204,,,,,136.736,,,,,158.273,,,,,167.461,,,,,179.839,,,,
44,56796049010478,1997,32.483727,-82.244826,107,6,54.761,,,,63.219,,,,,79.599,,,,,94.586,,,,,116.9,,,,,91.505,,,
44,56832347010478,1997,30.588995,-82.03373,49,6,65.699,,,70.737,,,,,70.23,,,,,72.999,,,,,77.157,,,,,82.486,,,,
44,56648658010478,1997,30.829909,-81.709475,39,6,148.793,,,,119.555,,,,,112.963,,,,,127.59,,,,,131.451,,,,,109.036,,,
44,56654606010478,1997,34.151439,-83.478074,157,6,91.676,,,,,105.793,,,,,137.79,,,,,146.566,,,,,151.117,,,,,165.827,,
44,56852086010478,1997,30.873271,-82.735122,65,6,130.545,,141.843,,,,,,159.521,,,,,181.109,,,,,183.769,,,,,195.145,,,,
44,56867037010478,1997,34.385462,-84.779079,15,6,163.614,,,193.278,,,,,222.241,,,,,214.203,,,,,218.733,,,,,233.804,,,,
44,56881092010478,1997,31.302717,-83.220291,19,6,118.21,,,,,,205.997,,,,,208.67,,,,,262.309,,,,,309.878,,,,,332.028,
45,56582748010478,1997,34.983281,-83.315762,241,6,217.249,,,,243.815,,,,,262.967,,,,,243.959,,,,,250.917,,,,,250.368,,,
45,56736996010478,1997,32.557681,-83.556285,153,6,250.261,,,264.66,,,,,276.045,,,,,294.657,,,,,252.981,,,,,280.071,,,,
45,56644706010478,1997,31.057436,-81.900002,39,6,65.536,,,,71.249,,,,,93.492,,,,,119.238,,,,,159.634,,,,,194.899,,,
45,56754768010478,1997,34.600913,-84.226079,123,6,157.852,,,,,176.322,,,,,168.601,,,,,188.275,,,,,224.506,,,,,145.399,,
45,56930611010478,1997,33.075127,-85.178584,285,6,150.306,,,182.74,,,,,197.933,,,,,234.087,,,,,276.478,,,,,335.156,,,,
45,56716175010478,1997,34.241954,-83.838556,139,6,41.211,,,,,,51.781,,,,,65.296,,,,,76.827,,,,,81.346,,,,,70.286,
45,56789038010478,1997,32.377835,-81.258747,103,6,111.066,112.844,,,,,,,,,,,98.387,,,,,107.445,,,,,120.525,,,,,113.287
45,56737927010478,1997,34.967109,-84.620212,111,6,132.743,140.686,,,,,,,,,,,187.6,,,,,194.013,,,,,155.694,,,,,135.455
45,56672756010478,1997,32.955475,-83.453039,169,6,30.566,,24.835,,,,,,,,,,39.647,,,,,44.066,,,,,55.038,,,,,63.276
45,56855177010478,1997,30.903756,-82.524668,65,6,224.911,,,,,,228.484,,,,,227.608,,,,,236.542,,,,,291.459,,,,,321.219,
45,56762286010478,1997,30.756211,-84.276777,131,6,136.375,,,,,,89.961,,,,,87.831,,,,,104.896,,,,,119.635,,,,,106.832,
45,56870761010478,1997,31.220515,-83.279797,19,6,98.365,127.099,,,,,,,,,,197.375,,,,,231.947,,,,,277.819,,,,,302.927,
45,56727123010478,1997,32.608561,-84.802051,145,6,7.209,,,,,,14.083,,,,,13.423,,,,,17.198,,,,,23.274,,,,,30.58,
45,56592400010478,1997,32.55666,-81.528685,251,6,96.596,,,105.524,,,,,132.45,,,,,152.897,,,,,187.421,,,,,214.041,,,,
46,56855876010478,1997,30.802587,-82.453554,65,6,22.898,,,,,42.379,,,,,43.103,,,,,15.102,,,,,26.631,,,,,33.115,,
46,56628296010478,1997,32.079622,-81.665113,29,6,193.993,,,,206.819,,,,,256.372,,,,,299.059,,,,,367.566,,,,,415.265,,,
46,56749062010478,1997,33.678934,-84.587283,121,6,226.689,,,,,266.113,,,,,283.737,,,,,270.087,,,,,281.627,,,,,321.44,,
46,56592046010478,1997,32.69984,-81.664721,251,6,39.006,,,,72.568,,,,,88.362,,,,,114.548,,,,,129.393,,,,,146.166,,,
46,56704274010478,1997,33.867859,-83.219398,221,6,217.598,227.045,,,,,,,265.234,,,,,289.219,,,,,333.222,,,,,398.78,,,,
46,56890953010478,1997,31.21155,-82.397537,299,6,205.955,212.312,,,,,,,,,,244.004,,,,,234.043,,,,,227.29,,,,,254.611,
46,56940845010478,1997,34.859186,-85.390568,295,6,301.002,,,315.425,,,,,355.354,,,,,383.514,,,,,379.025,,,,,416.557,,,,
46,56762129010478,1997,30.755859,-84.308217,131,6,88.866,95.514,,,,,,,,,,108.391,,,,,130.125,,,,,141.135,,,,,104.875,
46,56845617010478,1997,34.312348,-84.295846,57,6,216.341,,,,,,238.133,,,,,271.013,,,,,300.58,,,,,331.514,,,,,325.315,
46,56623914010478,1997,31.069117,-82.160814,25,6,241.773,,237.518,,,,,,,,,229.588,,,,,184.675,,,,,68.224,,,,,76.439,
47,56651300010478,1997,33.603238,-85.238773,45,6,23.467,23.78,,,,,,,35.906,,,,,32.617,,,,,42.634,,,,,54.688,,,,
47,56955359010478,1997,31.922251,-84.196233,261,6,162.395,,,,175.795,,,,,189.501,,,,,178.765,,,,,192.279,,,,,187.641,,,
47,56836148010478,1997,32.09751,-81.368239,51,6,171.026,194.882,,,,,,,,279.642,,,,,320.062,,,,,391.607,,,,,416.998,,,
47,56727739010478,1997,32.74889,-84.761364,145,6,84.815,,,,,107.172,,,,,109.675,,,,,130.076,,,,,154.55,,,,,161.284,,
47,56710809010478,1997,33.52556,-83.027424,133,6,213.615,225.961,,,,,,,256.463,,,,,265.324,,,,,263.542,,,,,167.842,,,,
47,56916534010478,1997,33.943339,-82.733519,317,6,127.607,126.526,,,,,,,151.648,,,,,167.163,,,,,169.515,,,,,182.627,,,,
47,56737683010478,1997,31.563442,-83.23523,155,6,54.631,,,89.518,,,,,106.393,,,,,121.364,,,,,133.288,,,,,137.091,,,,
47,56744795010478,1997,34.337569,-85.035119,115,6,55.61,58.798,,,,,,,,,,88.721,,,,,106.462,,,,,146.628,,,,,169.169,
47,56608829010478,1997,30.828304,-83.269214,185,6,58.163,,74.08,,,,,,,,,,88.129,,,,,101.708,,,,,127.854,,,,,114.197
47,56752468010478,1997,34.738971,-84.545964,123,6,101.64,,112.468,,,,,,,,,,153.428,,,,,170.628,,,,,191.387,,,,,195.913
47,56813796010478,1997,33.423585,-84.971389,77,6,191.248,,,,,,220.352,,,,,246.415,,,,,303.314,,,,,340.433,,,,,283.417,
47,56740043010478,1997,34.823429,-84.203606,111,6,154.753,,,,,,,186.699,,,,,214.004,,,,,229.092,,,,,192.922,,,,,174.93
48,56705512010478,1997,33.881371,-83.140474,221,6,13.572,,17.539,,,,,,,37.477,,,,,40.913,,,,,52.597,,,,,66.653,,,
48,56740617010478,1997,34.894295,-84.155443,111,6,157.322,,,,168.907,,,,,180.858,,,,,206.727,,,,,242.274,,,,,277.866,,,
48,56799123010478,1997,32.334512,-82.244077,107,6,140.633,150.16,,,,,,,,156.076,,,,,176.873,,,,,203.162,,,,,239.003,,,
48,56928098010478,1997,32.900748,-85.065659,285,6,124.768,,,156.872,,,,,130.05,,,,,136.884,,,,,135.682,,,,,147.729,,,,
48,56969489010478,1997,31.902644,-82.820635,271,6,153.115,180.21,,,,,,,203.513,,,,,200.505,,,,,192.593,,,,,146.148,,,,
48,56711620010478,1997,34.041594,-83.996615,135,6,59.866,57.129,,,,,,,,,,57.574,,,,,59.62,,,,,14.258,,,,,15.879,
48,56843162010478,1997,34.341565,-84.54585,57,6,74.457,,78.338,,,,,,,,,85.789,,,,,93.624,,,,,109.905,,,,,107.652,
49,56803869010478,1997,31.407441,-82.634911,69,6,196.242,,,,,268.27,,,,,277.667,,,,,309.583,,,,,342.054,,,,,352.125,,
49,56898153010478,1997,33.141647,-82.855938,303,6,258.188,,226.69,,,,,,,,245.122,,,,,268.994,,,,,318.085,,,,,355.277,,
49,56886864010478,1997,31.114607,-81.94364,25,6,38.801,,,41.674,,,,,45.794,,,,,69.048,,,,,77.553,,,,,91.413,,,,
49,56758484010478,1997,31.187827,-81.685952,127,6,3.501,,22.671,,,,,,,,111.997,,,,,150.373,,,,,214.19,,,,,266.768,,
49,56626639010478,1997,30.739429,-83.519567,27,6,54.404,59.758,,,,,,,50.183,,,,,52.392,,,,,66.373,,,,,69.229,,,,
49,56786614010478,1997,30.714718,-82.886099,101,6,49.294,,,,,73.411,,,,,81.842,,,,,85.072,,,,,88.119,,,,,100.871,,
49,56952256010478,1997,32.127776,-84.765864,259,6,77.671,,106.576,,,,,,127.099,,,,,130.433,,,,,148.926,,,,,189.265,,,,
49,56823352010478,1997,30.7281,-84.764043,87,6,180.492,,,,,,219.787,,,,,236.139,,,,,254.679,,,,,297.755,,,,,308.171,
49,56716554010478,1997,34.309598,-83.794094,139,6,286.335,,,299.987,,,,,310.294,,,,,340.207,,,,,284.538,,,,,279.781,,,,
50,56782923010478,1997,31.374918,-84.699158,99,6,214.46,231.537,,,,,,,,273.846,,,,,304.688,,,,,246.63,,,,,218.535,,,
50,56584211010478,1997,31.791175,-84.850629,243,6,73.354,,,,,117.701,,,,,126.503,,,,,142.385,,,,,156.655,,,,,139.831,,
50,56689004010478,1997,31.366443,-84.11227,205,6,77.585,,,,,17.222,,,,,6.325,,,,,17.093,,,,,33.799,,,,,40.663,,
50,56754134010478,1997,34.585615,-84.298232,123,6,172.825,,,,,,180.49,,,,,204.936,,,,,199.385,,,,,218.661,,,,,249.963,
51,56784830010478,1997,30.684206,-82.946853,101,6,30.847,,,,33.605,,,,,35.789,,,,,47.788,,,,,42.017,,,,,54.2,,,
51,56942859010478,1997,34.598181,-85.181964,295,6,112.854,,,134.71,,,,,140.322,,,,,148.694,,,,,160.259,,,,,147.138,,,,
52,56630732010478,1997,32.123688,-81.420234,29,6,58.837,,,70.658,,,,,91.079,,,,,108.937,,,,,117.756,,,,,136.887,,,,
52,56768071010478,1997,32.69924,-83.065959,319,6,211.175,,232.098,,,,,,258.463,,,,,186.002,,,,,182.157,,,,,221.698,,,,
52,56917589010478,1997,33.629046,-82.649149,317,6,227.701,231.112,,,,,,,,249.717,,,,,279.599,,,,,269.568,,,,,278.561,,,
52,56717088010478,1997,34.177052,-83.779139,139,6,19.502,,,,32.368,,,,,32.313,,,,,43.567,,,,,50.8,,,,,53.116,,,
52,56626735010478,1997,30.699256,-83.515388,27,6,199.264,,,,204.36,,,,,199.125,,,,,224.193,,,,,277.17,,,,,317.527,,,
52,56940630010478,1997,34.920373,-85.372966,295,6,170.875,,,138.619,,,,,131.07,,,,,119.974,,,,,131.097,,,,,148.976,,,,
52,56969158010478,1997,31.822704,-82.872254,271,6,52.891,71.107,,,,,,,,,,68.691,,,,,59.526,,,,,72.024,,,,,77.857,
53,56784183010478,1997,30.632925,-83.046754,101,6,158.351,,,,,9.575,,,,,7.412,,,,,12.141,,,,,23.355,,,,,31.577,,
53,56892871010478,1997,31.432311,-82.535835,299,6,65.393,67.63,,,,,,,,25.404,,,,,5.199,,,,,7.806,,,,,9.92,,,
53,56726290010478,1997,32.810612,-84.895287,145,6,96.114,,,,,116.083,,,,,130.576,,,,,149.108,,,,,146.336,,,,,161.719,,
53,56593685010478,1997,32.729206,-81.494979,251,6,36.981,,,,,48.489,,,,,80.331,,,,,122.173,,,,,164.855,,,,,189.968,,
53,56813369010478,1997,33.405071,-84.788099,77,6,143.518,,98.83,,,,,,,,,101.526,,,,,99.381,,,,,97.558,,,,,2.499,
53,56628888010478,1997,32.092822,-81.530074,29,6,18.591,,,,,,,24.531,,,,,30.02,,,,,32.099,,,,,36.758,,,,,37.71
53,56831953010478,1997,30.781216,-82.133688,49,6,332.968,,,,,,340.783,,,,,362.89,,,,,351.981,,,,,400.75,,,,,330.265,
54,56745043010478,1997,34.250303,-85.25544,115,6,134.621,,,,140.41,,,,,129.576,,,,,128.041,,,,,145.202,,,,,114.782,,,
54,56916358010478,1997,33.898466,-82.820476,317,6,169.144,,,,,201.598,,,,,228.421,,,,,246.719,,,,,249.401,,,,,281.653,,
54,56943455010478,1997,34.718767,-85.462024,295,6,43.073,,,,24.769,,,,,32.228,,,,,34.124,,,,,30.123,,,,,27.367,,,
54,56594032010478,1997,32.851433,-81.464217,251,6,179.828,,,,179.159,,,,,193.828,,,,,178.472,,,,,181.037,,,,,173.678,,,
55,56722688010478,1997,33.441184,-82.859478,141,6,74.822,,,,,85.149,,,,,87.92,,,,,95.484,,,,,121.265,,,,,139.802,,
55,56728441010478,1997,32.79874,-85.045315,145,6,125.453,,,,,125.101,,,,,136.446,,,,,133.27,,,,,146.013,,,,,147.883,,
55,56751619010478,1997,33.839463,-84.409946,121,6,147.562,,,,207.24,,,,,201.192,,,,,186.781,,,,,219.765,,,,,251.439,,,
55,56677935010478,1997,32.232832,-82.985651,175,6,41.228,,,23.792,,,,,12.913,,,,,10.525,,,,,18.841,,,,,22.996,,,,
55,173673254010854,1997,32.833207,-81.44819,251,6,116.839,,124.55,,,,,,,,,238.641,,,,,269.012,,,,,351.719,,,,,405.607,
55,56941258010478,1997,34.613952,-85.385417,295,6,100.105,,,,,,125.361,,,,,138.316,,,,,151.419,,,,,139.666,,,,,161.198,
56,56725293010478,1997,32.725583,-85.082997,145,6,102.746,109.733,,,,,,,,,170.569,,,,,184.353,,,,,230.658,,,,,298.957,,
56,56808062010478,1997,31.20592,-83.882792,71,6,226.624,,246.462,,,,,,,,250.794,,,,,279.241,,,,,326.04,,,,,347.252,,
56,56651624010478,1997,33.668195,-85.126393,45,6,99.454,,,,,,,124.37,,,,,136.691,,,,,139.031,,,,,168.067,,,,,194.335
57,56645497010478,1997,31.034034,-81.804881,39,6,304.749,,,365.167,,,,,294.202,,,,,303.411,,,,,313.25,,,,,324.688,,,,
57,56625354010478,1997,30.941159,-83.555057,27,6,32.655,,,,,,83.008,,,,,96.356,,,,,111.582,,,,,127.878,,,,,138.722,
58,56591871010478,1997,32.887694,-81.671942,251,6,58.819,56.343,,,,,,,,,,,56.435,,,,,62.407,,,,,73.007,,,,,68.054
58,56803128010478,1997,31.583093,-82.774092,69,6,54.56,67.592,,,,,,,103.838,,,,,136.517,,,,,166.894,,,,,184.367,,,,
58,56763632010478,1997,30.852084,-84.101541,131,6,170.407,,205.627,,,,,,,,,,174.222,,,,,148.999,,,,,129.132,,,,,99.53
59,56684631010478,1997,32.951078,-84.800539,199,6,124.286,,,,147.748,,,,,165.32,,,,,175.253,,,,,182.162,,,,,207.505,,,
59,56953905010478,1997,32.059245,-84.392507,261,6,85.088,112.562,,,,,,,,,165.284,,,,,199.524,,,,,200.918,,,,,184.386,,
59,56824907010478,1997,30.723572,-84.647911,87,6,38.992,,,,,1.65,,,,,3.124,,,,,2.894,,,,,3.215,,,,,3.501,,
59,56802297010478,1997,31.464991,-82.89094,69,6,140.652,,,,,,196.492,,,,,220.823,,,,,210.7,,,,,239.345,,,,,254.388,
60,56614673010478,1997,31.479837,-81.614457,191,6,32.302,,35.684,,,,,,39.437,,,,,47.135,,,,,48.62,,,,,44.16,,,,
60,56830830010478,1997,33.773554,-84.980368,45,6,24.561,,29.208,,,,,,,,,18.158,,,,,23.13,,,,,31.273,,,,,38.316,
61,56919507010478,1997,30.731119,-83.821422,275,6,54.03,,,60.049,,,,,65.218,,,,,73.421,,,,,84.27,,,,,99.349,,,,
61,56744707010478,1997,34.113965,-85.071053,115,6,66.844,,73.358,,,,,,,,,,89.35,,,,,91.909,,,,,90.705,,,,,49.713
62,56688149010478,1997,31.32872,-84.27156,205,6,50.02,,,,,67.787,,,,,70.47,,,,,69.972,,,,,75.75,,,,,57.639,,
62,56676412010478,1997,32.527083,-83.171185,175,6,189.793,,,,,,110.255,,,,,97.039,,,,,153.632,,,,,165.657,,,,,206.591,
62,56749159010478,1997,34.027578,-84.311161,121,6,112.269,,,144.789,,,,,135.646,,,,,166.142,,,,,195.308,,,,,206.476,,,,
63,56794941010478,1997,32.662061,-82.289201,107,6,204.241,,221.198,,,,,,,,214.378,,,,,207.927,,,,,221.159,,,,,228.697,,
63,56664124010478,1997,33.242593,-82.246799,163,6,192.583,,,180.614,,,,,203.331,,,,,215.977,,,,,212.873,,,,,213.497,,,,
63,216089190010854,1997,30.935804,-82.472413,299,6,20.23,,,,,,,66.394,,,,,50.417,,,,,51.41,,,,,52.718,,,,,53.479
64,56749684010478,1997,33.593099,-84.570206,121,6,240.805,,,,,269.733,,,,,285.278,,,,,295.208,,,,,324.157,,,,,363.226,,
64,216089189010854,1997,31.055414,-82.249718,299,6,68.665,,183.149,,,,,,166.788,,,,,178.782,,,,,174.688,,,,,193.921,,,,
65,56824690010478,1997,30.867427,-84.640524,87,6,79.422,,,,80.323,,,,,101.744,,,,,199.697,,,,,215.328,,,,,200.983,,,
68,56871459010478,1997,31.956192,-82.421544,1,6,168.49,,,,,214.473,,,,,221.591,,,,,207.059,,,,,241.565,,,,,261.655,,
72,56793781010478,1997,32.577172,-82.445354,107,6,29.454,,,,,29.424,,,,,31.303,,,,,41.194,,,,,43.808,,,,,57.331,,
72,128295296010478,1997,34.813319,-84.633206,213,6,199.903,,219.77,,,,,,,,,,240.561,,,,,256.458,,,,,171.898,,,,,194.317
72,128295214010478,1997,34.84686,-84.506603,123,6,311.24,,318.27,,,,,,,,,,317.627,,,,,342.011,,,,,193.579,,,,,213.095
73,216089200010854,1997,34.740487,-84.3564,123,6,159.05,179.352,,,,,,,,200.064,,,,,209.831,,,,,235.218,,,,,248.565,,,
73,56826928010478,1997,30.791654,-84.404265,87,6,84.248,,,,,,,107.046,,,,,112.195,,,,,135.856,,,,,154.727,,,,,190.589
74,56592567010478,1997,32.984058,-81.590818,251,6,13.273,,,20.787,,,,,24.383,,,,,29.101,,,,,29.674,,,,,32.232,,,,
74,56649630010478,1997,30.924405,-81.45192,39,6,127.57,,149.764,,,,,,,,,,142.198,,,,,152.989,,,,,183.84,,,,,227.512
75,56639060010478,1997,33.137085,-81.893297,33,6,66.255,,,,,,85.745,,,,,102.572,,,,,129.401,,,,,155.3,,,,,172.432,
77,56855678010478,1997,30.656231,-82.472125,65,6,255.407,,253.619,,,,,,,,268.687,,,,,79.968,,,,,80.27,,,,,79.401,,
79,56644388010478,1997,30.888094,-81.810788,39,6,32.923,34.566,,,,,,,,,49.516,,,,,56.962,,,,,57.722,,,,,75.268,,
79,56797508010478,1997,32.582204,-82.516087,107,6,171.798,176.25,,,,,,,196.91,,,,,208.484,,,,,226.638,,,,,258.405,,,,
80,216089188010854,1997,30.781272,-82.377634,299,6,20.263,,,,,,,88.88,,,,,74.824,,,,,54.563,,,,,61.478,,,,,70.133
84,56795059010478,1997,32.573714,-82.301029,107,6,21.387,,,,,43.31,,,,,51.369,,,,,58.246,,,,,71.032,,,,,89.125,,
90,56680071010478,1997,32.471291,-82.691386,175,6,89.362,,,,73.96,,,,,93.066,,,,,109.069,,,,,123.969,,,,,105.463,,,
94,56648772010478,1997,30.98525,-81.708724,39,6,134.969,140.454,,,,,,,,,,,112.211,,,,,67.435,,,,,76.725,,,,,74.89
97,237633074010854,1997,30.58329,-82.21905,299,6,30.233,,81.124,,,,,,,,111.69,,,,,110.391,,,,,115.856,,,,,106.701,,
97,56640408010478,1997,32.994479,-81.705148,33,6,199.887,,,,218.631,,,,,232.298,,,,,252.693,,,,,280.51,,,,,294.162,,,
98,56891749010478,1997,30.604743,-82.220111,299,6,11.839,,,,52.422,,,,,57.021,,,,,51.022,,,,,75.454,,,,,70.338,,,
1,61606278010478,1999,34.060212,-83.382421,195,5,,,74.858,,,,,,,,95.261,,,,,103.577,,,,,114.659,,,,,137.23,,
1,61457372010478,2002,33.907321,-83.264021,59,5,,,,,,140.833,,,,,97.443,,,,,125.315,,,,,173.937,,,,,217.374,,
1,61592869010478,2000,34.242538,-83.394379,11,5,,,,224.296,,,,,249.326,,,,,253.346,,,,,253.83,,,,,238.643,,,,
1,61237695010478,1998,32.509208,-83.380061,23,5,,208.636,,,,,,,,,265.94,,,,,287.479,,,,,323.822,,,,,289.958,,
1,56948209010478,1997,33.287084,-84.25232,255,5,37.962,,54.435,,,,,,,,100.406,,,,,,,,,,22.77,,,,,60.864,,
1,56576507010478,1997,32.173557,-83.397182,235,5,5.967,,,,18.621,,,,,30.095,,,,,44.629,,,,,,,,,,50.448,,,
1,61548938010478,2000,32.082001,-83.763617,93,5,,,,53.76,,,,,73.239,,,,,90.669,,,,,86.133,,,,,95.508,,,,
1,61125534010478,2002,33.052393,-85.121313,285,5,,,,,,124.674,,,,,121.966,,,,,140.505,,,,,162.711,,,,,134.417,,
1,61545387010478,2000,33.472715,-82.256052,73,5,,,,152.833,,,,,,170.063,,,,,194.008,,,,,201.723,,,,,206.975,,,
1,56830889010478,1997,33.513503,-84.972378,45,5,12.892,,,,,13.515,,,,,,,,,,24.321,,,,,33.209,,,,,35.594,,
1,61502631010478,2001,34.728779,-83.881498,291,5,,,,,284.096,,,,,282.977,,,,,314.47,,,,,339.984,,,,,368.707,,,
1,61284320010478,2001,34.094827,-84.137788,117,5,,,,,37.365,,,,,43.526,,,,,54.917,,,,,79.419,,,,,104.001,,,
1,56915554010478,1997,33.798535,-82.934096,317,5,39.048,,,73.937,,,,,96.257,,,,,159.368,,,,,221.58,,,,,,,,,
1,61074262010478,1998,32.803277,-84.297112,293,5,,28.331,,,,,,,,,56.906,,,,,90.09,,,,,128.322,,,,,166.873,,
1,61567989010478,2000,31.80504,-81.472739,179,5,,,,145.12,,,,,173.48,,,,,187.186,,,,,212.097,,,,,240.866,,,,
1,61517327010478,2000,34.540306,-84.589757,227,5,,,,113.054,,,,,127.65,,,,,82.19,,,,,87.531,,,,,91.544,,,,
1,56707926010478,1997,34.035297,-84.927888,223,5,147.51,,,,165.094,,,,,188.606,,,,,,,,,,118.966,,,,,147.717,,,
1,56860528010478,1997,31.425311,-84.36341,7,5,69.369,55.442,,,,,,,,,,,,,,59.02,,,,,64.84,,,,,67.959,,
1,61553314010478,2000,34.155029,-85.196221,115,5,,,,95.281,,,,,79.661,,,,,93.368,,,,,98.597,,,,,120.672,,,,
1,56623837010478,1997,31.212244,-82.227417,25,5,64.314,,,,,,,,,,,3.673,,,,,6.795,,,,,20.635,,,,,42.761,
1,56590939010478,1997,32.676588,-81.856396,251,5,201.933,,315.871,,,,,,,,,,,61.913,,,,,74.8,,,,,124.18,,,,
1,56957689010478,1997,32.733249,-84.312521,263,5,123.211,,123.631,,,,,,,,,111.985,,,,,143.556,,,,,,,,,,85.96,
1,56814718010478,1997,33.244814,-84.821292,77,5,105.152,,,,,,,115.015,,,,,126.088,,,,,,,,,,107.673,,,,,129.974
1,56818041010478,1997,32.72065,-83.821994,79,5,105.712,,,,,,,,,,,,2.348,,,,,33.883,,,,,82.847,,,,,122.626
1,61366079010478,2004,31.255266,-83.493775,75,5,,,,,,,,45.349,,,,,77.503,,,,,136.072,,,,,199.141,,,,,227.068
1,61161991010478,1999,33.323152,-83.872191,35,5,,,1.071,,,,,,,,,13.239,,,,,24.397,,,,,49.478,,,,,96.156,
1,61552330010478,2000,34.786849,-84.172314,111,5,,,,151.684,,,,,173.39,,,,,193.615,,,,,193.721,,,,,223.03,,,,
1,61325861010478,2004,34.594395,-83.388847,257,5,,,,,,,,161.842,,,,,176.892,,,,,203.643,,,,,212.787,,,,,191.443
1,61388469010478,2003,31.742645,-81.713197,183,5,,,,,,,125.946,,,,,151.545,,,,,168.395,,,,,187.183,,,,,194.753,
1,61328641010478,2004,33.568616,-82.897759,265,5,,,,,,,,108.149,,,,,116.918,,,,,115.996,,,,,135.442,,,,,162.897
1,61304102010478,2004,31.725731,-82.572441,161,5,,,,,,,,78.328,,,,,111.3,,,,,130.863,,,,,149.338,,,,,151.886
2,56749915010478,1997,33.639809,-84.479947,121,5,53.55,,57.271,,,,,,,62.887,,,,,69.162,,,,,78.769,,,,,,,,
2,56938040010478,1997,32.965062,-84.42509,293,5,96.165,98.344,,,,,,,,126.824,,,,,,,,,,116.433,,,,,117.347,,,
2,56912121010478,1997,34.967029,-84.879179,313,5,65.92,,78.308,,,,,,,,,,,,17.229,,,,,86.417,,,,,133.113,,,
2,61447911010478,2002,31.1153,-83.187038,19,5,,,,,,39.786,,,,,51.056,,,,,91.159,,,,,134.391,,,,,169.273,,
2,56568916010478,1997,31.394121,-82.367179,229,5,159.965,,182.966,,,,,,,,,,,,179.647,,,,,179.374,,,,,202.613,,,
2,56787637010478,1997,32.537034,-81.464614,103,5,20.878,,,,,,,,,41.382,,,,,57.92,,,,,74.096,,,,,82.966,,,
2,56800712010478,1997,32.129069,-81.898472,109,5,235.835,,,,,,,,,,207.448,,,,,259.759,,,,,321.025,,,,,437.629,,
2,61130369010478,1998,32.104488,-83.720327,93,5,,117.319,,,,,,,,178.709,,,,,139.188,,,,,57.599,,,,,80.616,,,
2,61500939010478,2001,34.807412,-83.687695,281,5,,,,,76.223,,,,,90.967,,,,,107.753,,,,,134.125,,,,,155.685,,,
2,61504117010478,2001,33.789087,-83.81098,297,5,,,,,41.228,,,,,74.567,,,,,100.912,,,,,146.705,,,,,176.889,,,
2,61559587010478,2000,32.76002,-84.696489,145,5,,,,64.928,,,,,59.014,,,,,80.469,,,,,101.98,,,,,127.138,,,,
2,61039764010478,1999,34.866994,-84.322034,111,5,,,29.998,,,,,,70.454,,,,,,,136.747,,,,,180.918,,,,,210.702,,
2,56934364010478,1997,32.683051,-83.392928,289,5,130.399,140.183,,,,,,,177.749,,,,,198.192,,,,,,,,,,36.154,,,,
2,61453533010478,2002,33.649639,-85.170412,45,5,,,,,,260.401,,,,,240.09,,,,,259.207,,,,,288.436,,,,,309.244,,
2,56757748010478,1997,31.334307,-81.520991,127,5,82.748,107.467,,,,,,,,,,,,66.447,,,,,92.583,,,,,115.821,,,,
2,61452552010478,2002,33.340161,-83.918702,35,5,,,,,,174.541,,,,,182.892,,,,,139.339,,,,,167.656,,,,,186.635,,
2,56926453010478,1997,32.456942,-82.642135,283,5,198.713,,,,,230.884,,,,,249.538,,,,,288.621,,,,,308.339,,,,,,,
2,56619065010478,1997,32.415019,-84.03418,193,5,175.326,,,,,,,,,81.492,,,,,121.825,,,,,179.425,,,,,233.926,,,
2,61518792010478,2000,33.330453,-83.34595,237,5,,,,29.089,,,,,28.68,,,,,53.468,,,,,68.868,,,,,64.164,,,,
2,61390974010478,2003,34.089047,-83.31911,195,5,,,,,,,18.632,,,,,27.367,,,,,37.783,,,,,57.862,,,,,78.498,
2,61593487010478,2000,34.295682,-84.806244,15,5,,,,7.877,,,,,32.685,,,,,81.969,,,,,112.025,,,,,172.596,,,,
2,61072093010478,1998,31.749291,-83.680626,287,5,,33.206,,,,,,,,,,,79.812,,,,,108.522,,,,,158.79,,,,,173.406
2,61089966010478,1999,34.043078,-83.748802,13,5,,,136.749,,,,,,,,,,183.402,,,,,230.092,,,,,258.011,,,,,301.455
2,61301784010478,2004,33.452542,-84.152879,151,5,,,,,,,,165.247,,,,,218.186,,,,,251.359,,,,,100.682,,,,,187.82
2,56970162010478,1997,31.837982,-83.15742,271,5,94.241,,,,,,,,,,,21.785,,,,,40.403,,,,,64.824,,,,,92.722,
2,56848146010478,1997,31.558927,-84.964276,61,5,105.035,,,,,,101.605,,,,,98.438,,,,,,,,,,57.65,,,,,65.541,
2,61409877010478,2003,34.794888,-83.794909,291,5,,,,,,,181.111,,,,,209.89,,,,,237.042,,,,,236.172,,,,,224.3,
2,61439371010478,2003,31.61164,-84.145924,95,5,,,,,,,26.639,,,,,25.293,,,,,36.943,,,,,41.446,,,,,52.069,
2,61373409010478,2004,34.19926,-82.820758,105,5,,,,,,,,174.651,,,,,201.719,,,,,221.688,,,,,241.216,,,,,259.651
3,61216594010478,1998,33.526032,-84.016551,217,5,,162.072,,,,,,,,,61.794,,,,,36.016,,,,,43.024,,,,,29.512,,
3,61603045010478,1999,30.795481,-83.137826,185,5,,,139.605,,,,,,,,158.938,,,,,215.404,,,,,266.031,,,,,224.128,,
3,56888498010478,1997,31.155093,-82.594178,299,5,31.669,,52.257,,,,,,,32.463,,,,,39.624,,,,,51.993,,,,,,,,
3,56818799010478,1997,31.884684,-83.880143,81,5,49.682,,,,73.671,,,,,,,,,,98.906,,,,,132.341,,,,,149.046,,,
3,56613566010478,1997,33.63519,-82.516746,189,5,235.923,,,,265.676,,,,,,,,,,84.83,,,,,95.74,,,,,111.203,,,
3,61599767010478,2000,30.88063,-81.437614,39,5,,,,172.419,,,,,186.718,,,,,165.282,,,,,141.638,,,,,159.993,,,,
3,56688388010478,1997,31.11378,-84.204617,205,5,50.831,,54.611,,,,,,,,101.317,,,,,,,,,,46.879,,,,,116.136,,
3,61279795010478,2001,31.478968,-84.409494,95,5,,,,,186.955,,,,,188.164,,,,,191.46,,,,,210.649,,,,,241.701,,,
3,56664477010478,1997,32.788564,-82.123103,165,5,88.727,,109.353,,,,,,,,,,,,196.968,,,,,239.596,,,,,279.88,,,
3,61114276010478,2002,32.601662,-83.783424,225,5,,,,,,88.702,,,,,99.657,,,,,110.53,,,,,93.223,,,,,115.222,,
3,56630055010478,1997,31.946371,-81.351652,29,5,145.781,,,,,162.825,,,,,173.481,,,,,173.774,,,,,,,,,,54.217,,
3,61058076010478,1999,33.108197,-82.565391,163,5,,,27.438,,,,,,,66.924,,,,,94.044,,,,,113.529,,,,,151.773,,,
3,56745708010478,1997,34.223473,-84.211017,117,5,16.01,22.264,,,,,,,,,19.081,,,,,101.987,,,,,51.288,,,,,,,
3,61106949010478,2002,34.599527,-83.897383,187,5,,,,,,163.323,,,,,182.388,,,,,224.565,,,,,270.995,,,,,315.568,,
3,56945070010478,1997,33.656539,-83.678216,297,5,189.671,,,,,,,,,,7.162,,,,,3.402,,,,,19.846,,,,,82.385,,
3,56946145010478,1997,30.837334,-84.925155,253,5,139.858,,,,193.011,,,,,199.4,,,,,220.618,,,,,227.751,,,,,,,,
3,56901178010478,1997,31.478415,-82.042806,305,5,91.373,,,,93.04,,,,,113.251,,,,,,,,,,148.659,,,,,202.371,,,
3,61215285010478,1998,33.601294,-83.449234,211,5,,56.948,,,,,,,117.602,,,,,146.003,,,,,167.387,,,,,233.202,,,,
3,61233804010478,1998,31.953399,-81.987395,267,5,,29.787,,,,,,,,,90.08,,,,,138.884,,,,,200.545,,,,,234.052,,
3,56808880010478,1997,33.597308,-82.3764,73,5,91.353,,,,,,,,,,57.813,,,,,43.335,,,,,56.859,,,,,54.851,,
3,61053068010478,1999,34.312661,-82.863317,147,5,,,178.453,,,,,,203.96,,,,,216.345,,,,,215.198,,,,,236.308,,,,
3,56568137010478,1997,34.475231,-84.40119,227,5,70.421,73.072,,,,,,,,,,,,,,,103.271,,,,,104.644,,,,,58.263,
3,61606097010478,1999,34.16429,-83.125434,195,5,,,103.698,,,,,,,,,119.988,,,,,137.532,,,,,150.706,,,,,175.454,
3,56732518010478,1997,33.409122,-84.333746,151,5,143.571,139.422,,,,,,,,,,,,,,,81.556,,,,,102.806,,,,,131.649,
3,61440845010478,2003,30.679948,-82.738016,101,5,,,,,,,170.967,,,,,193.298,,,,,205.831,,,,,225.191,,,,,242.795,
3,61614181010478,1999,33.918806,-83.532104,219,5,,,23.683,,,,,,,,,33.046,,,,,38.035,,,,,44.577,,,,,44.184,
3,56783021010478,1997,31.385575,-84.659547,99,5,126.826,,,,,,,,,,,108.388,,,,,126.456,,,,,145.625,,,,,161.719,
3,61428730010478,2003,34.393091,-85.308707,55,5,,,,,,,104.226,,,,,132.282,,,,,139.8,,,,,165.183,,,,,188.559,
3,29168981010478,2004,34.820934,-83.755389,281,5,,,,,,,,273.409,,,,,290.522,,,,,307.076,,,,,321.368,,,,,341.346
3,61369309010478,2004,33.814024,-84.141821,89,5,,,,,,,,89.442,,,,,114.884,,,,,124.631,,,,,148.88,,,,,189.176
4,61467320010478,2002,32.1798,-83.72768,93,5,,,,,,172.613,,,,,196.344,,,,,209.708,,,,,243.678,,,,,272.387,,
4,56884955010478,1997,32.419531,-83.360053,23,5,3.496,4.199,,,,,,,,,35.81,,,,,,,,,,72.401,,,,,109.942,,
4,61452491010478,2002,33.289566,-83.970427,35,5,,,,,,47.737,,,,,56.387,,,,,59.355,,,,,57.951,,,,,77.8,,
4,61413858010478,2002,34.709338,-85.037845,313,5,,,,,,73.358,,,,,89.063,,,,,104.55,,,,,132.952,,,,,160.133,,
4,61475497010478,2002,34.427176,-84.985669,129,5,,,,,,111.664,,,,,95.943,,,,,65.448,,,,,75.165,,,,,91.343,,
4,61547062010478,2000,34.39554,-84.17661,85,5,,,,174.001,,,,,208.487,,,,,212.092,,,,,215.07,,,,,228.137,,,,
4,61056834010478,1999,33.365655,-83.787777,159,5,,,25.812,,,,,,,,48.995,,,,,65.876,,,,,84.17,,,,,102.15,,
4,56574509010478,1997,33.955105,-85.103093,233,5,193.046,202.676,,,,,,,,239.636,,,,,242.371,,,,,,,,,,118.047,,,
4,61560428010478,2000,33.264284,-85.121023,149,5,,,,15.474,,,,,,22.465,,,,,,27.215,,,,,34.973,,,,,40.635,,
4,61267201010478,2001,30.933735,-81.844726,39,5,,,,,143.351,,,,,145.796,,,,,160.431,,,,,229.68,,,,,271.913,,,
4,56624573010478,1997,31.338825,-81.764528,25,5,64.298,,,,,74.91,,,,,101.0,,,,,143.007,,,,,,,,,,115.6,,
4,61222227010478,1998,34.431584,-84.60297,227,5,,36.128,,,,,,,,83.864,,,,,119.307,,,,,163.63,,,,,195.366,,,
4,56840643010478,1997,34.484171,-85.40838,55,5,67.593,,,,,,,,,,91.622,,,,,119.508,,,,,170.768,,,,,214.185,,
4,56864298010478,1997,34.055644,-83.83204,13,5,101.53,,131.02,,,,,,,,155.417,,,,,175.817,,,,,,,,,,194.993,,
4,61112458010478,2002,34.759886,-84.746757,213,5,,,,,,136.854,,,,,145.11,,,,,141.241,,,,,160.63,,,,,174.135,,
4,61473639010478,2002,33.5572,-84.788003,121,5,,,,,,110.213,,,,,121.582,,,,122.699,,,,,138.305,,,,,159.281,,,
4,61463600010478,2002,32.657974,-84.060634,79,5,,,,,,21.408,,,,,42.387,,,,,58.318,,,,,107.633,,,,,153.112,,
4,61144520010478,1998,33.620398,-83.222117,133,5,,16.382,,,,,,,,,,78.619,,,,,124.1,,,,,174.299,,,,,216.56,
4,56931279010478,1997,31.683174,-83.762351,287,5,7.806,,,25.359,,,,,39.996,,,,,58.0,,,,,,,,,,29.726,,,,
4,61154332010478,1998,31.679315,-82.790727,161,5,,62.607,,,,,,,,,,90.85,,,,,103.118,,,,,129.451,,,,,143.477,
4,56689246010478,1997,31.300571,-84.071526,205,5,27.963,71.683,,,,,,,,,,,,,,,,86.026,,,,,97.816,,,,,124.627
4,61217099010478,1998,33.910816,-83.408582,219,5,,82.747,,,,,,,,,,115.68,,,,,137.002,,,,,148.504,,,,,157.494,
4,61355816010478,2004,32.410399,-81.866172,31,5,,,,,,,,44.712,,,,,56.293,,,,,89.455,,,,,140.525,,,,,184.641
4,56971498010478,1997,31.91887,-84.449085,273,5,114.903,,125.254,,,,,,,,,,,,,,158.455,,,,,174.965,,,,,202.164,
4,56788525010478,1997,32.323275,-81.228651,103,5,167.084,,,,,,190.498,,,,,195.29,,,,,216.027,,,,,,,,,,254.372,
4,56959255010478,1997,32.779816,-84.444716,263,5,44.814,,,,,,,,,,,52.763,,,,,57.041,,,,,59.418,,,,,73.085,
4,56869165010478,1997,31.775675,-83.34888,17,5,65.17,,,,,,101.881,,,,,121.607,,,,,,,,,,126.204,,,,,161.106,
4,61341107010478,2004,32.100636,-83.338379,315,5,,,,,,,,22.901,,,,,56.029,,,,,111.195,,,,,153.373,,,,,187.788
4,61041223010478,1999,34.245692,-83.989978,117,5,,,87.018,,,,,,,,,88.09,,,,,111.49,,,,,121.656,,,,,139.77,
4,56895642010478,1997,33.509397,-82.611234,301,5,79.852,,,,,,,102.271,,,,,104.544,,,,,118.085,,,,,101.821,,,,,
4,56847990010478,1997,31.627193,-84.95916,61,5,23.561,,,,,,,39.622,,,,,32.207,,,,,51.569,,,,,70.742,,,,,
4,61393303010478,2003,32.059731,-82.483116,209,5,,,,,,,78.577,,,,,79.954,,,,,93.129,,,,,101.921,,,,,82.613,
4,61393960010478,2003,32.54284,-84.793004,215,5,,,,,,,31.434,,,,,34.872,,,,,45.449,,,,,56.32,,,,,49.858,
4,61391994010478,2003,32.920978,-84.682034,199,5,,,,,,,138.421,,,,,169.589,,,,,206.537,,,,,237.505,,,,,285.274,
4,61347670010478,2003,32.305836,-82.723597,309,5,,,,,,,29.215,,,,,40.109,,,,,57.122,,,,,82.578,,,,,92.403,
4,61334435010478,2004,34.821971,-84.0567,291,5,,,,,,,,174.291,,,,,197.88,,,,,247.672,,,,,233.293,,,,,219.067
5,61140567010478,1998,33.555392,-84.488437,121,5,,29.603,,,,,,,,54.586,,,,,58.268,,,,,89.144,,,,,68.587,,,
5,56779360010478,1997,33.763314,-84.898718,97,5,232.273,,,,,,,,157.041,,,,,186.232,,,,,230.587,,,,,250.212,,,,
5,56943890010478,1997,33.813109,-83.915911,297,5,135.677,,,,,,,,,,45.309,,,,,92.499,,,,,127.722,,,,,183.849,,
5,56737229010478,1997,32.404538,-83.74927,153,5,113.228,,,135.411,,,,,,,,,,,72.465,,,,,134.323,,,,,214.947,,,
5,56761036010478,1997,34.572491,-84.690415,129,5,99.079,,,,135.116,,,,,147.76,,,,,,,,,,11.605,,,,,29.76,,,
5,56720463010478,1997,33.426632,-82.927582,141,5,106.602,,,,,,,,,30.147,,,,,45.925,,,,,74.143,,,,,105.958,,,
5,61041537010478,1999,34.276732,-83.143298,119,5,,,59.943,,,,,,58.838,,,,,,68.59,,,,,90.628,,,,,62.693,,,
5,61113308010478,2002,33.849905,-83.304805,219,5,,,,,,14.067,,,,,17.411,,,,,21.382,,,,,91.41,,,,,81.221,,
5,61121667010478,2002,32.786401,-84.558371,263,5,,,,,,89.43,,,,,105.578,,,,,130.973,,,,,123.454,,,,,160.231,,
5,56672992010478,1997,32.96016,-83.379888,169,5,42.336,,,,60.789,,,,,,,,,,31.839,,,,,35.027,,,,,49.083,,,
5,56766431010478,1997,32.938346,-83.252154,319,5,99.93,,,,107.656,,,,,129.419,,,,,152.643,,,,,,,,,,101.705,,,
5,61500410010478,2001,31.528079,-83.62844,277,5,,,,,52.511,,,,,63.197,,,,,82.249,,,,,111.584,,,,,126.096,,,
5,56674960010478,1997,30.975666,-83.117235,173,5,211.348,,,,,,,,1.228,,,,,3.756,,,,,13.056,,,,,24.92,,,,
5,61101692010478,2002,32.741889,-82.098752,165,5,,,,,,22.0,,,,,30.371,,,,,64.168,,,,,77.991,,,,,116.023,,
5,61290149010478,2001,34.342365,-82.817532,147,5,,,,,95.587,,,,,120.52,,,,,154.698,,,,,169.997,,,,,186.573,,,
5,61144953010478,1998,33.713627,-83.164808,133,5,,28.359,,,,,,,,,,47.612,,,,,51.093,,,,,68.789,,,,,88.917,
5,61524960010478,2000,32.595903,-84.290122,269,5,,,,5.824,,,,,18.545,,,,,22.053,,,,,25.903,,,,,31.254,,,,
5,56868723010478,1997,31.839585,-83.470528,17,5,182.427,220.195,,,,,,,,,,265.47,,,,,299.057,,,,,243.126,,,,,,
5,61437003010478,2003,34.337804,-84.117222,85,5,,,,,,,1.025,,,,,1.272,,,,,1.667,,,,,2.085,,,,,2.676,
5,61561348010478,2000,33.394464,-83.988371,151,5,,,,34.047,,,,,52.918,,,,,58.86,,,,,87.509,,,,,113.919,,,,
5,56753592010478,1997,34.672037,-84.403116,123,5,213.341,226.357,,,,,,,,,,,,,,,,33.439,,,,,56.47,,,,,81.817
5,61385826010478,2003,31.695892,-84.225777,177,5,,,,,,,33.805,,,,,51.263,,,,,73.276,,,,,112.542,,,,,140.593,
5,56716827010478,1997,34.388844,-83.778395,139,5,4.245,,4.621,,,,,,,,,,,,,,2.824,,,,,5.448,,,,,7.785,
5,56646066010478,1997,30.847645,-81.758628,39,5,97.559,,,,,,,131.321,,,,,170.328,,,,,207.65,,,,,231.612,,,,,
5,61249935010478,1998,34.199006,-84.271459,57,5,,124.575,,,,,,,,,,,171.27,,,,,184.923,,,,,250.927,,,,,280.4
5,56580158010478,1997,31.949349,-84.998425,239,5,207.4,,,,,,,252.164,,,,,,,,,,20.112,,,,,39.973,,,,,91.063
5,61535169010478,2000,34.621706,-83.642199,311,5,,,,78.193,,,,,90.943,,,,,99.914,,,,,124.381,,,,,148.36,,,,
5,61402175010478,2003,32.086486,-83.980419,261,5,,,,,,,6.375,,,,,8.676,,,,,26.672,,,,,46.527,,,,,66.52,
5,61297598010478,2004,34.670886,-83.506175,137,5,,,,,,,,61.012,,,,,78.515,,,,,94.225,,,,,111.1,,,,,129.633
6,56676093010478,1997,30.875094,-82.983097,173,5,60.973,,,,,80.194,,,,,,,,,,76.217,,,,,99.747,,,,,109.07,,
6,56927797010478,1997,32.380713,-82.467928,283,5,81.426,,,102.222,,,,,,,,,,0.933,,,,,22.933,,,,,70.725,,,,
6,56856742010478,1997,30.964412,-82.664734,65,5,166.829,,,,,231.182,,,,,,,,,,20.977,,,,,74.616,,,,,99.299,,
6,61114951010478,2002,33.204217,-84.443723,231,5,,,,,,38.123,,,,,24.484,,,,,28.802,,,,,27.224,,,,,46.96,,
6,56876468010478,1997,31.244746,-82.861847,3,5,113.935,,,,,,,,,129.238,,,,,147.498,,,,,168.147,,,,,185.666,,,
6,61133775010478,1998,32.290608,-81.243665,103,5,,62.445,,,,,,,,91.549,,,,,117.85,,,,,165.531,,,,,163.413,,,
6,61285245010478,2001,34.622882,-84.261215,123,5,,,,,312.217,,,,,294.758,,,,,304.164,,,,,334.19,,,,,315.44,,,
6,56570066010478,1997,31.335857,-82.093068,229,5,83.028,,105.704,,,,,,,,,,,,81.152,,,,,117.928,,,,,161.614,,,
6,61491895010478,2001,34.890365,-83.206873,241,5,,,,,178.232,,,,,176.979,,,,,168.021,,,,,189.931,,,,,208.656,,,
6,56820330010478,1997,34.807633,-85.538887,83,5,157.358,,,,186.717,,,,,,,,,,137.747,,,,,170.958,,,,,203.037,,,
6,61496868010478,2001,32.631792,-84.546439,263,5,,,,,99.531,,,,,124.572,,,,,151.79,,,,,170.149,,,,,207.945,,,
6,61602494010478,2000,34.543246,-85.203873,55,5,,,,80.063,,,,,75.535,,,,,91.25,,,,,96.895,,,,,111.122,,,,
6,56863487010478,1997,34.356374,-83.422105,11,5,39.869,,,,61.667,,,,,84.836,,,,,116.889,,,,,,,,,,32.722,,,
6,56778255010478,1997,31.553042,-84.242077,95,5,140.528,,,,126.846,,,,,134.607,,,,,156.535,,,,,,,,,,14.854,,,
6,61285571010478,2001,33.197553,-82.69506,125,5,,,,,51.188,,,,,76.633,,,,,94.089,,,,,113.585,,,,,129.345,,,
6,61552512010478,2000,34.924743,-84.590459,111,5,,,,310.92,,,,,310.615,,,,,324.837,,,,,354.166,,,,,335.817,,,,
6,56921753010478,1997,31.365436,-83.440899,277,5,91.437,,108.548,,,,,,,,,,,22.365,,,,,23.853,,,,,23.588,,,,
6,61415425010478,2002,31.585258,-83.901399,321,5,,,,,,17.537,,,,,36.56,,,,,60.919,,,,,99.819,,,,,119.501,,
6,61529295010478,2000,34.947032,-83.962975,291,5,,,,79.36,,,,,95.307,,,,,129.088,,,,,181.808,,,,,207.446,,,,
6,61129956010478,1998,32.185855,-84.007893,93,5,,126.678,,,,,,,,,,,153.258,,,,,96.175,,,,,89.989,,,,,102.817
6,56867684010478,1997,34.308093,-84.693809,15,5,153.818,,,162.88,,,,,181.839,,,,,187.705,,,,,,,,,,85.672,,,,
6,56606999010478,1997,31.731042,-81.593076,183,5,300.624,,,,,,341.824,,,,,361.525,,,,,365.83,,,,,354.553,,,,,,
6,56869999010478,1997,31.835738,-83.23982,17,5,60.978,,,,,,,,51.31,,,,,73.266,,,,,75.22,,,,,109.676,,,,
6,61152395010478,1998,34.0162,-83.495268,157,5,,67.468,,,,,,,,,,94.832,,,,,117.024,,,,,147.62,,,,,184.594,
6,56811486010478,1997,31.321558,-83.48482,75,5,50.957,,,,,,,,,,,,26.836,,,,,47.279,,,,,74.121,,,,,107.854
6,61146058010478,1998,34.811929,-83.630777,137,5,,162.978,,,,,,,,,,210.086,,,,,81.369,,,,,95.21,,,,,119.227,
7,61103602010478,2002,31.027579,-83.058302,173,5,,,,,,16.405,,,,,17.08,,,,,29.572,,,,,30.642,,,,,28.856,,
7,61106281010478,2002,30.950865,-83.257958,185,5,,,,,,150.573,,,,,166.95,,,,,207.596,,,,,225.959,,,,,239.436,,
7,61243410010478,1998,33.413779,-83.927379,35,5,,161.748,,,,,,,,189.205,,,,,189.355,,,,,217.055,,,,,267.021,,,
7,61123624010478,2002,31.885886,-82.745573,271,5,,,,,,214.87,,,,,226.375,,,,,259.217,,,,,247.608,,,,,241.362,,
7,56772537010478,1997,32.094736,-83.25042,91,5,45.744,,,,111.147,,,,,157.807,,,,,211.673,,,,,,,,,,28.991,,,
7,61093939010478,1999,32.780633,-83.622572,21,5,,,138.503,,,,,,134.191,,,,,144.505,,,,,162.811,,,,,169.929,,,,
7,56639784010478,1997,33.142864,-81.822178,33,5,24.783,,,37.346,,,,,,,,,,41.524,,,,,48.951,,,,,67.333,,,,
7,56962324010478,1997,32.264831,-82.029465,267,5,32.509,,35.874,,,,,,,,,,,,,37.487,,,,,55.537,,,,,64.909,,
7,61504675010478,2001,33.468734,-82.726912,301,5,,,,,151.945,,,,,167.4,,,,,190.492,,,,,216.223,,,,,235.667,,,
7,61613507010478,1999,33.659592,-83.882271,217,5,,,59.994,,,,,,,87.273,,,,,97.416,,,,,114.471,,,,,158.63,,,
7,56759086010478,1997,31.388018,-81.628053,127,5,247.05,,,,,263.5,,,,,,,,,,7.591,,,,,27.454,,,,,53.325,,
7,56665843010478,1997,32.772069,-81.941164,165,5,298.117,,,,,,,,,34.447,,,,,48.092,,,,,77.231,,,,,104.828,,,
7,56924198010478,1997,31.945414,-82.292293,279,5,166.32,,,,,,,,,97.482,,,,,135.37,,,,,179.024,,,,,211.046,,,
7,61464040010478,2002,34.820978,-85.490272,83,5,,,,,,203.221,,,,,233.881,,,,,265.126,,,,,318.955,,,,,355.987,,
7,61484871010478,2001,34.098058,-83.244558,195,5,,,,,111.731,,,,,128.241,,,,,149.604,,,,,166.801,,,,,203.778,,,
7,56698922010478,1997,34.835813,-84.709368,213,5,145.155,150.726,,,,,,,,,87.943,,,,,,,,,,14.25,,,,,38.107,,
7,61455687010478,2002,32.005078,-81.190162,51,5,,,,,,67.861,,,,,84.347,,,,,110.893,,,,,125.982,,,,,147.098,,
7,56671026010478,1997,33.028277,-83.654512,169,5,159.437,,,,195.103,,,,,,,,,,154.464,,,,,152.773,,,,,181.496,,,
7,61491978010478,2001,34.799972,-83.391548,241,5,,,,,128.432,,,,,141.991,,,,,159.036,,,,,172.865,,,,,189.855,,,
7,61110006010478,2002,31.30775,-84.094012,205,5,,,,,,78.545,,,,,62.281,,,,,83.411,,,,,125.113,,,,,157.99,,
7,61316916010478,2004,32.959701,-83.729424,207,5,,,,,,,,332.123,,,,,293.684,,,,,301.213,,,,,294.627,,,,,288.942
7,56629573010478,1997,32.116731,-81.49172,29,5,7.951,,,,,,25.852,,,,,45.305,,,,,,,,,,24.379,,,,,42.338,
7,61320570010478,2004,33.164748,-84.413409,231,5,,,,,,,,196.396,,,,,212.778,,,,,235.2,,,,,279.693,,,,,307.628
7,56844526010478,1997,34.210296,-84.454247,57,5,64.764,,,,,,,82.364,,,,,,,,,,44.512,,,,,84.234,,,,,122.147
7,56624648010478,1997,31.293549,-81.764329,25,5,139.573,,,,,,188.027,,,,,206.513,,,,,246.683,,,,,284.645,,,,,,
7,61318308010478,2004,33.829941,-83.490034,219,5,,,,,,,,24.039,,,,,59.499,,,,,131.766,,,,,180.646,,,,,242.135
7,61317888010478,2004,34.281284,-83.960257,117,5,,,,,,,,92.517,,,,,97.483,,,,,109.842,,,,,121.563,,,,,127.256
8,61224850010478,1998,33.301273,-83.1823,237,5,,18.543,,,,,,,,,73.915,,,,,113.209,,,,,137.127,,,,,125.352,,
8,61548313010478,2000,31.99873,-83.196744,91,5,,,,0.598,,,,,5.243,,,,,42.898,,,,,78.672,,,,,135.226,,,,
8,61600808010478,2000,34.840924,-85.077021,47,5,,,,90.362,,,,,123.003,,,,,133.566,,,,,119.22,,,,,142.075,,,,
8,61482995010478,2001,34.5716,-84.091723,187,5,,,,,207.759,,,,,227.491,,,,,252.158,,,,,273.08,,,,,279.628,,,
8,56972648010478,1997,31.840238,-84.384598,273,5,92.138,,,,115.966,,,,,137.645,,,,,155.261,,,,,,,,,,67.939,,,
8,56759264010478,1997,31.320583,-81.649132,127,5,186.32,,,,,,,,,144.29,,,,,156.273,,,,,121.519,,,,,150.579,,,
8,56656617010478,1997,33.221946,-83.703923,159,5,30.412,,62.608,,,,,,,,,,,,,68.703,,,,,109.346,,,,,149.432,,
8,61554138010478,2000,34.493003,-83.0721,119,5,,,,164.43,,,,,,178.499,,,,,173.887,,,,,202.216,,,,,195.461,,,
8,61090257010478,1999,33.908718,-83.73414,13,5,,,183.517,,,,,,,,216.972,,,,,248.451,,,,,279.497,,,,,108.759,,
8,61565347010478,2000,32.586643,-82.666768,167,5,,,,28.158,,,,,33.107,,,,,22.58,,,,,40.862,,,,,62.586,,,,
8,56723536010478,1997,33.755974,-85.182406,143,5,153.567,,,175.835,,,,,236.069,,,,,259.619,,,,,,,,,,279.302,,,,
8,56675423010478,1997,31.038614,-82.974604,173,5,91.365,110.562,,,,,,,136.277,,,,,152.247,,,,,,,,,,30.553,,,,
8,61576132010478,1999,32.989932,-84.307193,293,5,,,11.702,,,,,,37.684,,,,,55.839,,,,,92.521,,,,,131.675,,,,
8,56693192010478,1997,32.926136,-83.787028,207,5,70.995,79.642,,,,,,,,,,,,,,,76.826,,,,,84.857,,,,,96.945,
8,216089196010854,1997,34.751862,-84.69982,213,5,92.113,84.144,,,,,,,,,,,,,,,,95.917,,,,,105.332,,,,,127.565
8,56652311010478,1997,31.576663,-83.337587,155,5,337.383,369.347,,,,,,,,,,,402.604,,,,,,,,,,10.868,,,,,69.364
8,56748676010478,1997,33.592815,-84.700087,121,5,267.595,,,,,,,270.202,,,,,288.928,,,,,290.716,,,,,,,,,,216.612
8,61041046010478,1999,34.192595,-84.133625,117,5,,,42.684,,,,,,,,,,92.963,,,,,135.084,,,,,155.555,,,,,14.873
8,61320867010478,2004,34.099168,-85.242938,233,5,,,,,,,,94.54,,,,,115.681,,,,,122.247,,,,,138.866,,,,,174.633
8,61355317010478,2004,32.31264,-81.920687,31,5,,,,,,,,65.185,,,,,69.884,,,,,81.738,,,,,94.628,,,,,85.793
8,56672095010478,1997,33.172185,-83.497266,169,5,73.037,97.687,,,,,,,,,,,,,,,,148.306,,,,,128.698,,,,,159.483
8,61345979010478,2003,33.156799,-82.784027,303,5,,,,,,,39.075,,,,,93.919,,,,,141.997,,,,,191.036,,,,,214.923,
8,61436710010478,2003,34.939157,-85.410338,83,5,,,,,,,120.843,,,,,137.966,,,,,151.441,,,,,115.792,,,,,131.072,
8,61354889010478,2004,30.928654,-83.561992,27,5,,,,,,,,121.119,,,,,156.388,,,,,189.132,,,,,241.682,,,,,278.237
9,61516947010478,2000,32.510984,-83.876715,225,5,,,,72.467,,,,,100.335,,,,,113.11,,,,,133.516,,,,,144.966,,,,
9,61183026010478,1999,33.498639,-82.33691,73,5,,,129.972,,,,,,131.977,,,,,,,155.607,,,,,161.006,,,,,178.283,,
9,61096869010478,2002,33.354636,-83.147051,141,5,,,,,,120.397,,,,,125.047,,,,,151.257,,,,,164.129,,,,,194.418,,
9,61580244010478,1999,33.287581,-82.775455,301,5,,,5.491,,,,,,,,33.85,,,,,58.608,,,,,100.459,,,,,129.313,,
9,56820844010478,1997,34.933437,-85.450188,83,5,63.76,,,,77.493,,,,,93.601,,,,,,,,,,71.676,,,,,89.871,,,
9,56949833010478,1997,34.501317,-83.221482,257,5,125.012,,,,163.086,,,,,175.797,,,,,,,,,,24.12,,,,,51.431,,,
9,56867522010478,1997,34.129881,-84.743156,15,5,97.35,,,,113.058,,,,,,,,,,61.031,,,,,70.032,,,,,81.016,,,
9,56746764010478,1997,34.42484,-83.349775,119,5,208.048,,,,,,,,,,249.266,,,,,282.404,,,,,301.629,,,,,362.561,,
9,56661498010478,1997,33.012128,-82.389018,163,5,217.608,,,,,,,,83.062,,,,,50.374,,,,,66.222,,,,,99.914,,,,
9,61283397010478,2001,33.415757,-84.557627,113,5,,,,,123.047,,,,,134.412,,,,,149.866,,,,,163.916,,,,,133.407,,,
9,56965453010478,1997,32.478556,-84.309435,269,5,9.539,,19.179,,,,,,,35.348,,,,,,,,,,56.521,,,,,69.152,,,
9,56659857010478,1997,31.775298,-82.788394,161,5,12.433,,24.403,,,,,,,,,,,,35.388,,,,,57.269,,,,,69.548,,,
9,61098134010478,2002,34.346792,-82.960647,147,5,,,,,,71.507,,,,,96.814,,,111.454,,,,,152.828,,,,,193.027,,,,
9,61529415010478,2000,34.854772,-83.848602,291,5,,,,265.553,,,,,277.184,,,,,295.977,,,,,351.867,,,,,371.818,,,,
9,61534502010478,2000,32.131472,-84.60489,307,5,,,,38.877,,,,,57.457,,,,,86.655,,,,,147.964,,,,,173.747,,,,
9,56636323010478,1997,33.238406,-81.855169,33,5,87.808,,,,,,105.918,,,,,111.535,,,,,130.257,,,,,,,,,,31.481,
9,56635859010478,1997,32.27,-81.72,31,5,41.321,,,,,,,,16.332,,,,,59.144,,,,,103.077,,,,,139.032,,,,
9,56569776010478,1997,31.45687,-82.146136,229,5,47.365,,,,,,133.54,,,,,172.42,,,,,227.63,,,,,245.279,,,,,,
9,61068117010478,1998,31.724755,-84.503225,273,5,,86.795,,,,,,,,,,,99.664,,,,,111.018,,,,,122.733,,,,,141.83
9,61089209010478,1999,33.139953,-83.357714,9,5,,,104.526,,,,,,,,,,128.984,,,,,145.194,,,,,165.117,,,,,187.413
9,61304980010478,2004,32.744785,-81.870005,165,5,,,,,,,,87.866,,,,,108.931,,,,,141.681,,,,,160.538,,,,,183.569
9,56960608010478,1997,33.544346,-82.93996,265,5,126.899,,,,,,,,,,,18.032,,,,,57.525,,,,,78.001,,,,,119.19,
9,61609184010478,1999,31.187614,-84.559887,201,5,,,223.013,,,,,,,,,,260.718,,,,,274.051,,,,,313.758,,,,,171.216
9,61400631010478,2003,32.768307,-81.445845,251,5,,,,,,,89.343,,,,,112.452,,,,,91.301,,,,,137.081,,,,,188.763,
9,61391244010478,2003,32.462233,-84.512255,197,5,,,,,,,33.076,,,,,51.526,,,,,62.243,,,,,71.452,,,,,81.038,
9,61347911010478,2003,34.707149,-83.82253,311,5,,,,,,,111.335,,,,,113.986,,,,,129.736,,,,,157.427,,,,,179.772,
9,61438665010478,2003,32.226033,-83.897914,93,5,,,,,,,63.913,,,,,64.269,,,,,72.048,,,,,88.853,,,,,97.201,
9,61311398010478,2004,34.596848,-83.992421,187,5,,,,,,,,182.974,,,,,189.048,,,,,238.838,,,,,248.71,,,,,205.064
10,56628469010478,1997,32.125002,-81.617476,29,5,114.592,,133.667,,,,,,,,167.725,,,,,,,,,,38.24,,,,,83.412,,
10,61448400010478,2002,32.433442,-83.404281,23,5,,,,,,209.332,,,,,248.173,,,,,288.576,,,,,307.045,,,,,315.843,,
10,61112600010478,2002,32.503795,-84.883755,215,5,,,,,,48.752,,,,,53.415,,,,,67.773,,,,,82.46,,,,,88.81,,
10,61493470010478,2001,32.169581,-84.300094,249,5,,,,,83.966,,,,,83.786,,,,,66.974,,,,,71.162,,,,,65.257,,,
10,56933297010478,1997,32.505093,-83.410329,289,5,32.571,36.42,,,,,,,50.827,,,,,59.789,,,,,,,,,,31.871,,,,
10,56672536010478,1997,33.124056,-83.417833,169,5,100.497,,,,,123.251,,,,,91.994,,,,,107.207,,,,,125.232,,,,,,,
10,61043605010478,1999,33.285231,-82.48238,125,5,,,106.294,,,,,,,155.579,,,,,172.633,,,,,182.191,,,,,213.632,,,
10,61487125010478,2001,32.104643,-82.611555,209,5,,,,,46.062,,,,,72.894,,,,,100.978,,,,,134.584,,,,,164.856,,,
10,56673391010478,1997,33.007198,-84.246552,171,5,35.217,,42.264,,,,,,,88.939,,,,,120.212,,,,,165.656,,,,,,,,
10,56567296010478,1997,34.515674,-84.442331,227,5,46.575,,,,55.457,,,,,77.491,,,,,80.474,,,,,,,,,,84.484,,,
10,56572362010478,1997,33.146639,-84.315394,231,5,133.601,,,,,97.99,,,,,127.2,,,,,151.587,,,,,,,,,,96.928,,
10,61521797010478,2000,33.301597,-84.350919,255,5,,,,66.473,,,,,76.294,,,,,93.541,,,,,106.589,,,,,90.404,,,,
10,61127113010478,2002,34.845855,-83.950183,291,5,,,,,,43.25,,,,,61.198,,,,,77.453,,,,,114.764,,,,,137.05,,
10,61233028010478,1998,33.607821,-82.975969,265,5,,39.529,,,,,,,57.253,,,,,81.133,,,,,96.666,,,,,122.615,,,,
10,56697512010478,1997,34.8002,-84.76415,213,5,92.177,,,,,,,,,,30.93,,,,,42.786,,,,,68.345,,,,,83.682,,
10,61455744010478,2002,31.959516,-81.138008,51,5,,,,,,319.204,,,,,352.643,,,339.532,,,,,371.896,,,,,399.711,,,,
10,56675771010478,1997,30.913535,-83.025715,173,5,125.981,,,171.774,,,,,189.204,,,,,212.899,,,,,,,,,,14.471,,,,
10,56810011010478,1997,33.439651,-82.265895,73,5,16.96,,,,,26.404,,,,,45.205,,,,,66.782,,,,,82.532,,,,,,,
10,56861911010478,1997,33.138352,-83.243371,9,5,81.562,,,90.963,,,,,,,,,,105.323,,,,,147.069,,,,,161.042,,,,
10,61546069010478,2000,33.383649,-84.761805,77,5,,,,132.618,,,,,136.899,,,,,164.129,,,,,190.089,,,,,206.737,,,,
10,61379250010478,2003,33.713077,-85.109836,143,5,,,,,,,20.34,,,,,47.851,,,,,75.579,,,,,99.319,,,,,148.715,
10,61519494010478,2000,34.872497,-83.464176,241,5,,,,117.843,,,,,,132.168,,,,,,,161.858,,,,,180.832,,,,,201.793,
10,56906921010478,1997,32.238724,-82.7402,309,5,260.977,,,,257.445,,,,,,,239.507,,,,,228.184,,,,,269.634,,,,,,
10,56622666010478,1997,32.255231,-84.569786,197,5,138.097,,,,,,,165.348,,,,,182.739,,,,,,,,,,45.647,,,,,108.308
10,61317148010478,2004,33.526337,-83.359261,211,5,,,,,,,,19.824,,,,,8.55,,,,,10.139,,,,,12.779,,,,,15.88
10,61375608010478,2003,34.787748,-84.550638,123,5,,,,,,,168.338,,,,,215.438,,,,,253.155,,,,,301.742,,,,,341.725,
10,56599102010478,1997,31.907416,-81.50415,179,5,172.695,,165.321,,,,,,,,,,,,,,161.8,,,,,183.495,,,,,201.788,
10,56748556010478,1997,33.626241,-84.692851,121,5,131.225,,,,,,,,,,,147.659,,,,,177.336,,,,,211.394,,,,,115.894,
10,56655466010478,1997,33.326018,-83.762059,159,5,20.783,29.894,,,,,,,,,,71.233,,,,,,,,,,28.424,,,,,43.77,
10,61456268010478,2002,32.264278,-84.751083,53,5,,,,,,157.122,,,,,179.489,,,,,,,191.678,,,,,213.828,,,,,149.111
10,61419122010478,2003,31.781151,-83.053075,17,5,,,,,,,71.756,,,,,78.98,,,,,106.748,,,,,138.017,,,,,170.544,
10,61353095010478,2004,34.20243,-84.904809,15,5,,,,,,,,41.315,,,,,28.291,,,,,39.271,,,,,37.867,,,,,45.413
11,56709791010478,1997,33.57819,-83.046446,133,5,120.627,,,,,,,,,,84.031,,,,,92.149,,,,,115.612,,,,,132.683,,
11,61447161010478,2002,34.362638,-84.900641,15,5,,,,,,74.202,,,,,89.675,,,,,117.609,,,,,160.586,,,,,199.803,,
11,61084391010478,1998,33.905814,-82.876364,317,5,,155.328,,,,,,,,,189.497,,,,,221.09,,,,,253.115,,,,,272.761,,
11,56803482010478,1997,31.567309,-82.71647,69,5,3.803,4.778,,,,,,,,,1.191,,,,,2.684,,,,,5.597,,,,,,,
11,61271163010478,2001,34.341015,-84.631147,57,5,,,,,139.523,,,,,152.521,,,,,178.388,,,,,192.913,,,,,179.154,,,
11,61208318010478,1998,32.35969,-84.441124,197,5,,4.284,,,,,,,,,17.525,,,,,17.204,,,,,21.677,,,,,21.125,,
11,61119921010478,2002,34.490711,-83.357163,257,5,,,,,,42.966,,,,,78.169,,,,,83.254,,,,,107.639,,,,,123.67,,
11,61474279010478,2002,34.604246,-84.503842,123,5,,,,,,147.183,,,,,106.018,,,,,120.653,,,,,152.031,,,,,170.332,,
11,61112807010478,2002,32.442269,-84.903528,215,5,,,,,,62.575,,,,,71.758,,,,,83.544,,,,,98.564,,,,,137.793,,
11,61549915010478,2000,31.320752,-84.89464,99,5,,,,71.043,,,,,15.14,,,,,28.206,,,,,44.352,,,,,44.092,,,,
11,56929220010478,1997,32.98352,-85.169608,285,5,127.217,,,139.186,,,,,147.6,,,,,,,,,,149.147,,,,,148.333,,,,
11,56967497010478,1997,32.6834,-84.276642,269,5,136.844,,,,,,,,5.31,,,,,26.386,,,,,73.623,,,,,109.596,,,,
11,61518625010478,2000,33.21732,-83.447861,237,5,,,,95.501,,,,,114.303,,,,,136.913,,,,,185.374,,,,,200.106,,,,
11,56612430010478,1997,34.571339,-84.161157,187,5,179.841,,,,,,177.015,,,,,183.166,,,,,203.723,,,,,,,,,,255.672,
11,61367935010478,2004,32.023402,-83.798037,81,5,,,,,,,,31.25,,,,,46.772,,,,,66.362,,,,,86.01,,,,,103.297
11,61350346010478,2003,31.392142,-83.785885,321,5,,,,,,,6.334,,,,,48.471,,,,,108.585,,,,,196.682,,,,,279.002,
11,61347771010478,2003,34.557996,-83.719314,311,5,,,,,,,136.475,,,,,148.1,,,,,129.849,,,,,115.548,,,,,128.387,
11,56948317010478,1997,33.329378,-84.173731,255,5,91.704,,,,,,,113.15,,,,,,,,,,24.647,,,,,42.745,,,,,84.764
11,61044722010478,1999,34.465146,-84.756123,129,5,,,16.004,,,,,,,,,,20.036,,,,,23.979,,,,,30.381,,,,,33.229
11,56864395010478,1997,33.991425,-83.678483,13,5,101.35,,,,,,,,47.638,,,,,46.368,,,,,55.029,,,,,72.193,,,,
11,56792806010478,1997,34.104716,-82.961788,105,5,115.134,,,,,,,156.775,,,,,,,,,,111.563,,,,,141.377,,,,,147.535
11,56962667010478,1997,31.989411,-82.061941,267,5,3.5,,16.024,,,,,,,,,45.657,,,,,72.505,,,,,117.726,,,,,,
11,56737855010478,1997,32.068932,-81.745439,109,5,80.861,,,,,,108.616,,,,,126.151,,,,,129.988,,,,,134.768,,,,,,
11,61561577010478,2000,33.476811,-84.014179,151,5,,,,157.566,,,,,,189.985,,,,,,,216.385,,,,,259.618,,,,,304.773,
11,61435313010478,2003,33.483231,-84.784753,77,5,,,,,,,115.072,,,,,126.197,,,,,127.437,,,,,131.131,,,,,134.773,
11,61323269010478,2004,33.260233,-81.959814,245,5,,,,,,,,101.371,,,,,109.897,,,,,77.774,,,,,115.271,,,,,140.281
12,56958851010478,1997,32.809954,-84.497347,263,5,140.071,140.409,,,,,,,,148.859,,,,,177.312,,,,,203.441,,,,,,,,
12,56840109010478,1997,32.32796,-84.667549,53,5,49.977,,,,,,,,,46.63,,,,,53.442,,,,,51.289,,,,,48.105,,,
12,56714834010478,1997,34.587697,-83.503761,137,5,48.153,,,,49.783,,,,,55.218,,,,,56.061,,,,,60.013,,,,,,,,
12,61479269010478,2001,31.145329,-83.048013,173,5,,,,,115.907,,,,,131.454,,,,,149.07,,,,,172.567,,,,,171.635,,,
12,56882960010478,1997,32.886703,-83.821822,21,5,53.898,,,,,72.658,,,,,84.356,,,,,98.157,,,,,108.368,,,,,,,
12,61482544010478,2001,34.489715,-84.067024,187,5,,,,,79.987,,,,,90.223,,,,,108.409,,,,,125.834,,,,,154.523,,,
12,61562654010478,2000,31.593209,-83.499469,155,5,,,,107.985,,,,,131.663,,,,,124.071,,,,,102.227,,,,,99.956,,,,
12,56606460010478,1997,31.765316,-81.923615,183,5,227.93,,308.155,,,,,,,383.08,,,,,367.27,,,,,406.523,,,,,,,,
12,56632123010478,1997,32.410574,-81.65898,31,5,141.027,,,,,,,,,,149.135,,,,,140.957,,,,,164.667,,,,,135.059,,
12,56613459010478,1997,33.610144,-82.538716,189,5,201.614,,,219.55,,,,,259.36,,,,,,,,,,163.52,,,,,191.028,,,,
12,61390219010478,2003,31.57617,-81.497445,191,5,,,,,,,32.4,,,,,51.503,,,,,75.359,,,,,120.13,,,,,121.003,
12,56908503010478,1997,32.120987,-82.717994,309,5,388.76,,407.917,,,,,,,,,,,,,,,168.998,,,,,219.516,,,,,190.621
12,61323487010478,2004,33.652953,-84.027542,247,5,,,,,,,,42.036,,,,,64.043,,,,,67.584,,,,,57.204,,,,,52.11
12,56600761010478,1997,31.922978,-81.458019,179,5,217.759,,,,,,,167.41,,,,,,,,,,166.516,,,,,205.221,,,,,209.033
12,61439278010478,2003,31.547711,-84.036167,95,5,,,,,,,77.19,,,,,89.808,,,,,60.201,,,,,69.841,,,,,80.515,
12,61216953010478,1998,33.511631,-83.977848,217,5,,169.5,,,,,,,,,,,164.609,,,,,200.446,,,,,257.235,,,,,267.664
12,56897519010478,1997,32.967014,-82.85114,303,5,172.975,,,,,,240.377,,,,,250.791,,,,,277.743,,,,,,,,,,146.031,
12,61317021010478,2004,32.239154,-82.517437,209,5,,,,,,,,145.324,,,,,174.286,,,,,184.062,,,,,227.497,,,,,236.662
12,61561440010478,2000,33.537964,-84.257958,151,5,,,,48.165,,,,,65.058,,,,,82.243,,,,,92.089,,,,,69.906,,,,
12,61417550010478,2003,31.356823,-84.513536,7,5,,,,,,,3.641,,,,,9.797,,,,,27.17,,,,,71.542,,,,,73.688,
13,61106475010478,2002,30.898895,-83.143078,185,5,,,,,,109.71,,,,,132.167,,,,,145.078,,,,,180.892,,,,,189.107,,
13,61281345010478,2001,30.838766,-83.004644,101,5,,,,,167.493,,,,,179.622,,,,,196.463,,,,,207.707,,,,,221.682,,,
13,61540988010478,2000,34.301885,-85.434273,55,5,,,,188.752,,,,,171.154,,,,,177.999,,,,,201.88,,,,,232.585,,,,
13,61615450010478,1999,34.007178,-84.788394,223,5,,,13.11,,,,,,8.701,,,,,15.893,,,,,42.16,,,,,66.827,,,,
13,56967947010478,1997,31.922302,-83.024864,271,5,20.571,,,,64.726,,,,,113.266,,,,,,,,,,16.774,,,,,46.601,,,
13,56845422010478,1997,34.259156,-84.335864,57,5,204.693,,,,,,,,,120.685,,,,,137.509,,,,,192.977,,,,,228.822,,,
13,61126689010478,2002,32.740982,-83.589295,289,5,,,,,,264.993,,,,,252.245,,,,,294.47,,,,,351.499,,,,,405.907,,
13,56741445010478,1997,33.420861,-84.490798,113,5,147.942,146.568,,,,,,,,,,,,48.285,,,,,77.081,,,,,85.761,,,,
13,56628718010478,1997,32.038675,-81.546309,29,5,119.106,,,,,,,,107.112,,,,,107.806,,,,,89.539,,,,,93.613,,,,
13,56653475010478,1997,34.142824,-83.770818,157,5,113.552,,,,,127.554,,,,,157.097,,,,,172.763,,,,,,,,,,55.511,,
13,61482116010478,2001,31.851532,-81.880014,183,5,,,,,106.611,,,,,126.095,,,,,79.113,,,,,86.568,,,,,90.391,,,
13,56700166010478,1997,32.574703,-84.869778,215,5,206.632,,,197.708,,,,,218.097,,,,,,,,,,89.715,,,,,114.513,,,,
13,61116024010478,2002,33.92512,-85.194743,233,5,,,,,,209.803,,,,,235.113,,,,,,226.683,,,,,201.627,,,,,213.021,
13,56675335010478,1997,31.052171,-83.032207,173,5,150.058,,,,,,179.601,,,,,183.468,,,,,221.549,,,,,,,,,,250.842,
13,61231911010478,1998,32.075078,-84.263525,261,5,,4.549,,,,,,,,,,2.125,,,,,1.806,,,,,2.897,,,,,2.797,
13,56732358010478,1997,33.323773,-85.09406,149,5,96.697,107.427,,,,,,,,,,,176.925,,,,,,,,,,19.023,,,,,30.966
13,56572049010478,1997,33.169649,-84.349568,231,5,143.306,,,,,,,167.559,,,,,193.128,,,,,231.384,,,,,,,,,,207.404
13,56709380010478,1997,33.577008,-83.21804,133,5,56.027,,62.138,,,,,,,,,,66.484,,,,,84.982,,,,,90.688,,,,,
13,56670472010478,1997,33.084109,-83.71334,169,5,231.454,,,,,,223.38,,,,,,,,,,238.761,,,,,263.801,,,,,275.572,
13,56823634010478,1997,30.968774,-84.745066,87,5,102.667,,98.538,,,,,,117.302,,,,,99.79,,,,,104.58,,,,,,,,,
13,56703531010478,1997,33.847028,-83.354264,219,5,81.339,,86.372,,,,,,91.988,,,,,108.701,,,,,,,,,,150.5,,,,
13,56893782010478,1997,33.267087,-82.71901,301,5,132.233,148.451,,,,,,,,,,,,,,,,75.443,,,,,111.896,,,,,139.684
13,61313046010478,2004,31.390272,-81.53802,191,5,,,,,,,,126.497,,,,,140.611,,,,,152.927,,,,,151.616,,,,,107.777
14,61150040010478,1998,33.256792,-85.065151,149,5,,22.229,,,,,,,,37.878,,,,,44.218,,,,,75.09,,,,,93.584,,,
14,56742203010478,1997,34.212949,-85.405567,115,5,203.536,,,,,225.594,,,,,,,,,,153.075,,,,,108.136,,,,,131.897,,
14,61119843010478,2002,33.287252,-84.416354,255,5,,,,,,104.117,,,,,123.084,,,,,145.841,,,,,177.329,,,,,204.961,,
14,61553719010478,2000,34.300705,-84.217072,117,5,,,,243.091,,,,,,237.971,,,,246.272,,,,,256.821,,,,,303.891,,,,
14,61590628010478,2000,31.840636,-82.076564,1,5,,,,63.55,,,,,92.447,,,,,94.826,,,,,128.353,,,,,184.406,,,,
14,61482941010478,2001,34.487874,-83.96867,187,5,,,,,282.231,,,,,302.573,,,,,316.218,,,,,353.691,,,,,395.422,,,
14,56685661010478,1997,32.891824,-84.840553,199,5,36.813,,,,,53.781,,,,,73.903,,,,,,,,,,18.508,,,,,98.829,,
14,56581533010478,1997,34.820429,-83.526119,241,5,173.446,171.188,,,,,,,,,,,,,118.359,,,,,114.836,,,,,132.405,,,
14,61497249010478,2001,33.57042,-82.980086,265,5,,,,,10.781,,,,,18.811,,,,,48.764,,,,,65.537,,,,,76.677,,,
14,61271330010478,2001,33.95646,-83.361093,59,5,,,,,80.228,,,,,109.616,,,,,127.672,,,,,147.941,,,,,139.891,,,
14,56760328010478,1997,34.517562,-84.816795,129,5,71.759,,,,,,,,,,27.591,,,,,35.484,,,,,48.495,,,,,73.331,,
14,61234128010478,1998,32.513112,-84.283396,269,5,,28.095,,,,,,,,,21.215,,,,,22.777,,,,,23.445,,,,,28.896,,
14,56614517010478,1997,33.430823,-82.392778,189,5,74.311,,,,,98.811,,,,,108.755,,,,,114.759,,,,,124.254,,,,,,,
14,56673735010478,1997,33.091154,-84.135471,171,5,138.777,,,172.593,,,,,,,,,,20.143,,,,,41.38,,,,,78.956,,,,
14,61557377010478,2000,33.648484,-83.013742,133,5,,,,76.155,,,,,134.299,,,,,145.983,,,,,181.651,,,,,113.074,,,,
14,56945361010478,1997,33.885529,-83.681854,297,5,161.643,152.085,,,,,,,,,172.006,,,,,205.661,,,,,179.786,,,,,,,
14,56748097010478,1997,34.451424,-83.091589,119,5,95.259,,,113.777,,,,,130.911,,,,,,,,,,222.96,,,,,215.963,,,,
14,56765879010478,1997,32.853578,-83.284399,319,5,102.843,,,,,,,,71.822,,,,,83.648,,,,,94.727,,,,,124.36,,,,
14,61216227010478,1998,32.605073,-85.059233,215,5,,83.672,,,,,,,109.882,,,,,104.6,,,,,118.024,,,,,123.807,,,,
14,56881948010478,1997,31.214364,-83.101644,19,5,147.997,,,,,,55.992,,,,,,,,,,57.479,,,,,77.797,,,,,95.613,
14,56949538010478,1997,34.588146,-83.207675,257,5,36.876,,,,,,,,,,,,13.091,,,,,16.205,,,,,26.824,,,,,37.032
14,56711868010478,1997,34.065981,-84.060995,135,5,95.652,,,,,,,,,,,,16.619,,,,,66.512,,,,,101.952,,,,,150.67
14,61525840010478,2000,31.82138,-82.834599,271,5,,,,126.429,,,,,138.67,,,,,141.574,,,,,159.612,,,,,169.146,,,,
14,56780475010478,1997,33.77262,-84.653159,97,5,139.518,,,,,,,,,,,9.727,,,,,25.293,,,,,45.023,,,,,64.005,
14,56789450010478,1997,32.274832,-81.200282,103,5,123.118,,,,,,113.984,,,,,131.704,,,,,,,,,,67.282,,,,,65.123,
14,61333847010478,2004,34.751604,-84.076437,291,5,,,,,,,,132.933,,,,,148.717,,,,,179.032,,,,,190.401,,,,,208.017
14,61600297010478,2000,33.456816,-84.991838,45,5,,,,100.353,,,,,127.364,,,,,139.939,,,,,149.425,,,,,183.312,,,,
14,56671234010478,1997,32.979354,-83.571926,169,5,157.922,,,,,,,208.346,,,,,211.259,,,,,,,,,,55.073,,,,,66.461
14,56894476010478,1997,33.295964,-82.709144,301,5,21.746,,33.932,,,,,,,,,60.47,,,,,,,,,,109.462,,,,,126.314,
14,56715287010478,1997,34.579759,-83.437261,137,5,191.599,,196.937,,,,,,,,,,,,,,74.23,,,,,100.72,,,,,126.102,
14,56602466010478,1997,33.73822,-82.536074,181,5,146.871,,,,,,,,,,,,152.453,,,,,169.946,,,,,182.027,,,,,199.748
14,61363782010478,2004,30.701415,-82.554248,65,5,,,,,,,,121.326,,,,,160.09,,,,,151.154,,,,,171.979,,,,,188.272
15,61128167010478,2002,33.7439,-83.764163,297,5,,,,,,63.757,,,,,72.442,,,,,81.039,,,,,91.258,,,,,110.138,,
15,56812011010478,1997,33.368459,-84.992866,77,5,68.758,,,,,124.255,,,,,166.391,,,,,,,,,,73.116,,,,,109.918,,
15,56963865010478,1997,32.092669,-82.023649,267,5,186.741,,,223.709,,,,,233.816,,,,,253.139,,,,,,,,,,37.176,,,,
15,56820058010478,1997,34.857311,-85.44091,83,5,198.15,212.337,,,,,,,,,266.944,,,,,312.809,,,,,,,,,,66.905,,
15,56589654010478,1997,32.196266,-84.376114,249,5,28.592,,,,,86.886,,,,,118.045,,,,,,,,,,116.264,,,,,123.282,,
15,56591948010478,1997,32.738449,-81.662523,251,5,268.888,301.784,,,,,,,,,367.4,,,,,,,,,,11.023,,,,,53.987,,
15,56666149010478,1997,32.862774,-81.977973,165,5,32.339,,,43.137,,,,,65.841,,,,,,,,,,25.419,,,,,46.116,,,,
15,61258539010478,1998,33.65037,-82.329039,73,5,,65.133,,,,,,,,92.837,,,,,81.796,,,,,99.706,,,,,105.411,,,
15,61270146010478,2001,32.246941,-84.695899,53,5,,,,,126.665,,,,,137.168,,,,,141.582,,,,,182.177,,,,,186.924,,,
15,56673303010478,1997,33.095729,-84.236755,171,5,115.15,118.127,,,,,,,,159.822,,,,,184.311,,,,,,,,,,143.822,,,
15,61488224010478,2001,34.909765,-84.824565,213,5,,,,,171.003,,,,,185.733,,,,,184.561,,,,,190.645,,,,,211.205,,,
15,61267670010478,2001,32.395397,-82.097875,43,5,,,,,133.52,,,,,112.845,,,,,102.824,,,,,113.382,,,,,135.268,,,
15,61446812010478,2002,33.991253,-83.763961,13,5,,,,,,61.65,,,,,75.779,,,,,92.715,,,,,109.219,,,,,127.364,,
15,61545762010478,2000,31.160953,-83.357154,75,5,,,,75.306,,,,,99.462,,,,,130.962,,,,,170.33,,,,,150.212,,,,
15,56613666010478,1997,33.553596,-82.488268,189,5,11.174,,21.378,,,,,,,,,,,75.445,,,,,83.719,,,,,106.18,,,,
15,61552124010478,2000,34.922163,-84.43706,111,5,,,,83.483,,,,,107.013,,,,,139.277,,,,,152.703,,,,,150.332,,,,
15,61535048010478,2000,34.631387,-83.785158,311,5,,,,14.091,,,,,18.756,,,,,28.495,,,,,39.071,,,,,26.851,,,,
15,56694728010478,1997,32.165356,-82.58488,209,5,15.031,,,,,,,,,,20.901,,,,,27.928,,,,,78.451,,,,,126.638,,
15,56693434010478,1997,32.864143,-83.95243,207,5,115.864,,,,,,120.969,,,,,149.02,,,,,166.703,,,,,,,,,,149.359,
15,56568312010478,1997,34.395359,-84.348436,227,5,165.295,,174.099,,,,,,202.468,,,,,202.201,,,,,,,,,,50.129,,,,
15,61230445010478,1998,34.547507,-83.146305,257,5,,2.386,,,,,,,,,,26.435,,,,,61.893,,,,,113.734,,,,,148.177,
15,61617043010478,1999,33.036785,-84.471955,231,5,,,122.562,,,,,,,,,,159.2,,,,,158.53,,,,,177.396,,,,,203.458
15,61185673010478,1999,31.831991,-83.74202,81,5,,,7.911,,,,,,,,,10.746,,,,,12.302,,,,,7.012,,,,,8.677,
15,56930226010478,1997,33.015793,-84.926744,285,5,59.788,,,,,,,,,,,56.16,,,,,84.365,,,,,127.444,,,,,143.107,
15,56579572010478,1997,31.781278,-84.915753,239,5,26.929,,,,,,71.702,,,,,99.927,,,,,,,,,,93.218,,,,,131.264,
15,56577650010478,1997,33.399658,-83.424655,237,5,87.399,,126.791,,,,,,,,,,,,,,156.13,,,,,198.155,,,,,244.071,
15,61389128010478,2003,34.718427,-83.970069,187,5,,,,,,,266.115,,,,,244.587,,,,,295.703,,,,,317.664,,,,,349.683,
15,61317295010478,2004,33.524961,-83.529313,211,5,,,,,,,,35.715,,,,,45.161,,,,,58.716,,,,,70.242,,,,,86.717
16,61054084010478,1999,33.364957,-84.111243,151,5,,,82.957,,,,,,,,126.846,,,,,148.957,,,,,141.706,,,,,161.807,,
16,56673452010478,1997,33.134257,-84.187951,171,5,61.906,,,,,,,,,,60.308,,,,,76.995,,,,,126.877,,,,,171.247,,
16,61492052010478,2001,34.961178,-83.477802,241,5,,,,,308.847,,,,,329.609,,,,,345.694,,,,,378.151,,,,,415.549,,,
16,61115252010478,2002,33.039094,-84.342019,231,5,,,,,,42.623,,,,,74.256,,,,,98.656,,,,,124.219,,,,,103.611,,
16,56839245010478,1997,32.25142,-84.798192,53,5,34.904,,,,,37.861,,,,,,,,,,27.381,,,,,73.215,,,,,117.278,,
16,61251478010478,1998,31.298003,-82.882159,3,5,,127.558,,,,,,,,,142.242,,,,,155.4,,,,,188.528,,,,,176.645,,
16,56767929010478,1997,32.734664,-83.225631,319,5,152.113,,,,,,,,,87.62,,,,,125.307,,,,,139.064,,,,,163.309,,,
16,56599269010478,1997,31.863828,-81.532925,179,5,370.217,,,,,371.384,,,,,383.063,,,,,,,,,,30.752,,,,,100.124,,
16,61099715010478,2002,33.209106,-83.5572,159,5,,,,,,110.482,,,,,114.412,,,,,135.34,,,,,125.506,,,,,155.892,,
16,61391929010478,2003,33.055246,-84.650321,199,5,,,,,,,187.136,,,,180.044,,,,,223.9,,,,,198.518,,,,,256.25,,
16,61510660010478,2002,31.575443,-82.262667,1,5,,,,,,296.417,,,,,299.122,,,,,324.056,,,,,298.811,,,,,295.76,,
16,61562813010478,2000,34.095759,-83.395774,157,5,,,,23.473,,,,,25.895,,,,,28.072,,,,,66.775,,,,,101.746,,,,
16,56686774010478,1997,31.170144,-84.774697,201,5,45.382,67.045,,,,,,,,,,,,,,60.19,,,,,89.187,,,,,70.019,,
16,56590446010478,1997,32.284937,-84.239161,249,5,77.532,,,,,,,,117.805,,,,,130.296,,,,,154.32,,,,,155.998,,,,
16,61568281010478,2000,33.773193,-82.338679,181,5,,,,177.001,,,,,188.536,,,,,119.148,,,,,116.462,,,,,96.358,,,,
16,56889866010478,1997,30.979371,-82.493464,299,5,41.681,82.747,,,,,,,,,,169.248,,,,,,,,,,86.414,,,,,138.045,
16,61183544010478,1999,31.086042,-83.504957,75,5,,,250.792,,,,,,,,,226.343,,,,,276.274,,,,,287.577,,,,,288.586,
16,61403971010478,2003,32.455766,-84.391094,269,5,,,,,,,16.425,,,,,27.017,,,,,37.772,,,,,52.294,,,,,75.522,
16,56800289010478,1997,32.169698,-81.856848,109,5,145.577,,,,,,,,,,,30.343,,,,,65.669,,,,,120.607,,,,,180.638,
16,61401196010478,2003,33.314307,-84.347608,255,5,,,,,,,116.858,,,,,126.378,,,,,155.957,,,,,185.563,,,,,227.271,
16,61302459010478,2004,31.647471,-83.217783,155,5,,,,,,,,0.524,,,,,6.783,,,,,27.926,,,,,26.778,,,,,33.2
17,61290207010478,2001,33.314539,-85.025473,149,5,,,,,5.448,,,,,6.337,,,,,7.94,,,,,10.973,,,,,5.394,,,
17,56863395010478,1997,34.372712,-83.644452,11,5,142.491,,,,,,,,,,47.874,,,,,55.545,,,,,89.514,,,,,135.129,,
17,61120974010478,2002,32.028994,-84.142134,261,5,,,,,,62.726,,,,,101.475,,,,,126.889,,,,,150.912,,,,,203.667,,
17,56670575010478,1997,33.131624,-83.73525,169,5,119.98,,129.211,,,,,,,,166.238,,,,,174.995,,,,,,,,,,171.099,,
17,56864929010478,1997,34.022059,-83.589799,13,5,106.255,,,,,,,,95.531,,,,,128.849,,,,,192.55,,,,,202.546,,,,
17,56961169010478,1997,33.563178,-82.842618,265,5,123.143,,,,,,,,5.538,,,,,16.663,,,,,49.213,,,,,79.52,,,,
17,56795771010478,1997,32.772822,-82.249412,107,5,31.96,,,,97.929,,,,,130.55,,,,,,,,,,11.425,,,,,57.764,,,
17,61048051010478,1999,34.629802,-83.602352,137,5,,,59.0,,,,,,,87.396,,,,,110.268,,,,,136.299,,,,,159.113,,,
17,56598405010478,1997,32.051576,-81.668402,179,5,168.979,,168.007,,,,,,187.182,,,,,186.952,,,,,,,,,,169.039,,,,
17,56841944010478,1997,34.578324,-85.259757,55,5,70.264,,,,,95.253,,,,,116.214,,,,,,,,,,26.418,,,,,64.93,,
17,56778752010478,1997,31.641255,-84.00911,95,5,32.386,,39.098,,,,,,,,42.228,,,,,2.359,,,,,,,,,,1.615,,
17,56698086010478,1997,34.943881,-84.769755,213,5,237.403,,,277.995,,,,,,,,,,107.13,,,,,113.762,,,,,119.234,,,,
17,56607347010478,1997,30.829807,-83.266708,185,5,36.694,,38.559,,,,,,,63.83,,,,,,,,,,96.339,,,,,98.544,,,
17,61148729010478,1998,32.767093,-84.987185,145,5,,34.581,,,,,,,42.165,,,,,48.478,,,,,51.432,,,,,55.937,,,,
17,56884748010478,1997,32.440784,-83.320938,23,5,160.694,,,186.778,,,,,,,,,,25.655,,,,,85.788,,,,,131.246,,,,
17,56587735010478,1997,33.332077,-82.127411,245,5,203.775,,,,,,,,24.486,,,,,28.666,,,,,24.153,,,,,52.165,,,,
17,61517736010478,2000,31.26748,-82.137381,229,5,,,,58.793,,,,,76.565,,,,,102.691,,,,,140.674,,,,,170.613,,,,
17,56771901010478,1997,31.515719,-83.820094,321,5,276.829,,,,,,,,,,,,236.119,,,,,278.646,,,,,173.47,,,,,189.756
17,56767005010478,1997,32.867417,-83.199744,319,5,124.201,,,,,,,,,,,2.051,,,,,25.592,,,,,70.705,,,,,116.391,
17,61408261010478,2003,33.079363,-85.059416,285,5,,,,,,,200.349,,,,,191.177,,,,,232.408,,,,,270.62,,,,,317.655,
17,56729249010478,1997,34.448155,-83.002383,147,5,75.642,,,,,,,78.8,,,,,95.202,,,,,,,,,,37.925,,,,,74.527
17,56779502010478,1997,33.715169,-84.841256,97,5,47.473,,,,,,71.321,,,,,,,,,,77.004,,,,,105.877,,,,,136.839,
17,61342807010478,2003,32.841593,-84.386025,293,5,,,,,,,74.526,,,,,114.101,,,,,128.273,,,,,172.208,,,,,220.48,
17,61425155010478,2003,31.614344,-84.568693,37,5,,,,,,,95.006,,,,,118.865,,,,,152.206,,,,,168.018,,,,,202.247,
17,56630372010478,1997,31.843124,-81.221894,29,5,173.936,,,,,,,,,,,,41.728,,,,,90.807,,,,,133.065,,,,,186.08
17,56831703010478,1997,34.959524,-85.080854,47,5,7.053,,,,,,,10.053,,,,,14.31,,,,,14.917,,,,,,,,,,25.202
17,61393358010478,2003,33.469193,-83.56961,211,5,,,,,,,178.201,,,,,186.133,,,,,196.18,,,,,217.079,,,,,235.069,
17,61386995010478,2003,33.771625,-82.363219,181,5,,,,,,,14.598,,,,,17.712,,,,,23.104,,,,,24.52,,,,,9.707,
17,61465983010478,2002,33.655522,-84.210646,89,5,,,,,,39.312,,,,,50.498,,,,,,,55.414,,,,,59.301,,,,,69.433
17,61302089010478,2004,32.574905,-83.592222,153,5,,,,,,,,164.237,,,,,177.561,,,,,189.366,,,,,207.206,,,,,231.879
17,61319814010478,2004,34.43,-84.51378,227,5,,,,,,,,241.416,,,,,120.402,,,,,101.844,,,,,112.35,,,,,124.685
18,56694358010478,1997,32.268499,-82.490067,209,5,51.52,,,70.924,,,,,71.754,,,,,88.768,,,,,,,,,,20.132,,,,
18,61503476010478,2001,34.776779,-85.235759,295,5,,,,,103.781,,,,,122.792,,,,,133.875,,,,,150.979,,,,,187.98,,,
18,61506805010478,2001,34.876088,-84.892932,313,5,,,,,125.394,,,,,137.512,,,,,162.116,,,,,144.617,,,,,175.024,,,
18,56630678010478,1997,32.100181,-81.485646,29,5,10.777,19.392,,,,,,,,40.16,,,,,53.128,,,,,89.631,,,,,,,,
18,61193860010478,1999,32.325864,-81.166173,103,5,,,52.113,,,,,,74.461,,,,,,87.357,,,,,81.361,,,,,103.472,,,
18,56652574010478,1997,31.498038,-83.165671,155,5,93.017,,96.558,,,,,,,,,,,,,37.597,,,,,103.77,,,,,118.689,,
18,61164449010478,1999,32.475564,-82.096221,43,5,,,1.622,,,,,,,2.261,,,,,5.135,,,,,13.244,,,,,20.828,,,
18,56849538010478,1997,33.544203,-84.311741,63,5,16.877,,,,,45.074,,,,,,,,,,13.354,,,,,48.098,,,,,95.949,,
18,56677543010478,1997,32.598215,-82.966166,175,5,75.633,,,107.081,,,,,102.595,,,,,109.227,,,,,110.725,,,,,,,,,
18,61047344010478,1999,33.481282,-83.000535,133,5,,,3.131,,,,,,,56.099,,,,,92.047,,,,,123.459,,,,,136.139,,,
18,61540857010478,2000,34.456834,-85.230262,55,5,,,,173.69,,,,,193.178,,,,,175.744,,,,,160.318,,,,,166.313,,,,
18,61503037010478,2001,32.942599,-84.12685,293,5,,,,,130.256,,,,,150.378,,,,,163.718,,,,,156.727,,,,,186.158,,,
18,56876031010478,1997,31.192185,-82.8912,3,5,249.474,,,,,,,,22.182,,,,,34.651,,,,,54.028,,,,,75.175,,,,
18,61282718010478,2001,32.226195,-81.873713,109,5,,,,,28.122,,,,,40.922,,,,,48.26,,,,,61.514,,,,,76.213,,,
18,61084633010478,1998,32.888785,-83.174822,319,5,,142.937,,,,,,,,41.803,,,,,25.18,,,,,17.085,,,,,24.145,,,
18,56654915010478,1997,34.23329,-83.579024,157,5,62.441,,84.92,,,,,,,,,,,,,90.073,,,,,129.549,,,,,182.547,,
18,56657006010478,1997,33.232834,-83.759967,159,5,80.682,,,133.964,,,,,,,,,,84.262,,,,,134.945,,,,,179.635,,,,
18,56606538010478,1997,31.927506,-81.868064,183,5,145.044,,,,155.853,,,,,,,,,,139.745,,,,,154.296,,,,,174.501,,,
18,61491805010478,2001,34.962431,-83.167921,241,5,,,,,219.919,,,,,209.499,,,,,235.458,,,,,259.338,,,,,247.997,,,
18,56818282010478,1997,32.697817,-83.770666,79,5,64.372,,,,,,,,,10.947,,,,,8.579,,,,,7.268,,,,,4.312,,,
18,61553804010478,2000,34.307605,-83.331764,119,5,,,,70.203,,,,,70.064,,,,,88.166,,,,,107.44,,,,,110.251,,,,
18,56706673010478,1997,33.731228,-82.974658,221,5,106.133,109.882,,,,,,,,,,,,,,,,38.003,,,,,66.84,,,,,93.908
18,61252243010478,1998,31.380448,-84.263762,7,5,,13.313,,,,,,,,,,,83.72,,,,,124.15,,,,,144.301,,,,,168.415
18,61149293010478,1998,32.627455,-84.734382,145,5,,30.128,,,,,,,59.659,,,,,91.257,,,,,102.426,,,,,129.841,,,,
18,56648999010478,1997,30.766948,-81.648998,39,5,86.633,,,,,,,166.595,,,,,,,,,,174.253,,,,,202.172,,,,,259.016
18,61134852010478,1998,34.002842,-82.763177,105,5,,12.116,,,,,,,,,,64.016,,,,,106.631,,,,,172.848,,,,,220.184,
18,56577826010478,1997,33.264032,-83.37245,237,5,29.621,,39.716,,,,,,,,,,,,,,61.817,,,,,91.455,,,,,111.366,
18,61359623010478,2004,33.579466,-85.145679,45,5,,,,,,,,55.486,,,,,46.33,,,,,60.441,,,,,65.007,,,,,83.641
19,56698251010478,1997,34.681742,-84.753989,213,5,96.776,106.613,,,,,,,,,,,,,,93.457,,,,,145.623,,,,,191.199,,
19,56605343010478,1997,31.660465,-81.72099,183,5,182.049,,,,,,,,33.985,,,,,55.339,,,,,100.381,,,,,144.72,,,,
19,61632928010478,1999,31.715772,-84.310973,273,5,,,31.105,,,,,,,56.473,,,,,66.965,,,,,5.406,,,,,16.765,,,
19,56949734010478,1997,34.517396,-83.227537,257,5,149.259,,,,,,,,5.558,,,,,21.695,,,,,37.542,,,,,51.142,,,,
19,61281104010478,2001,30.650449,-82.841656,101,5,,,,,26.46,,,,,68.296,,,,,144.66,,,,,149.176,,,,,177.149,,,
19,61275417010478,2001,33.544771,-82.395184,73,5,,,,,232.108,,,,,218.914,,,,,250.515,,,,,262.814,,,,,309.289,,,
19,61097144010478,2002,33.816464,-85.127244,143,5,,,,,,62.762,,,,,70.08,,,,,81.156,,,,,106.03,,,,,134.527,,
19,56703221010478,1997,33.713778,-83.38448,219,5,136.505,,,,189.696,,,,,194.444,,,,,,,,,,198.964,,,,,236.766,,,
19,56926300010478,1997,32.392247,-82.713678,283,5,210.627,,,,,,,255.073,,250.828,,,,,267.585,,,,,,,,,,64.19,,,
19,61117300010478,2002,34.992186,-83.285485,241,5,,,,,,198.893,,,,,214.017,,,,,239.011,,,,,284.807,,,,,311.067,,
19,61216885010478,1998,33.482368,-83.801505,217,5,,168.769,,,,,,,52.497,,,,,52.999,,,,,43.78,,,,,58.532,,,,
19,61061974010478,1999,33.169591,-84.047177,171,5,,,39.752,,,,,,,63.834,,,,,99.403,,,,,144.165,,,,,194.32,,,
19,61276349010478,2001,33.246392,-84.911053,77,5,,,,,115.003,,,,,69.967,,,,,75.125,,,,,106.967,,,,,119.003,,,
19,56567386010478,1997,34.535435,-84.518132,227,5,29.634,,,,,51.298,,,,,64.866,,,,,,,,,,43.302,,,,,65.257,,
19,56643920010478,1997,31.493834,-84.485379,37,5,60.418,64.842,,,,,,,,,97.572,,,,,86.969,,,,,,,,,,17.994,,
19,61501162010478,2001,33.164812,-85.079327,285,5,,,,,111.412,,,,,95.506,,,,,106.961,,,,,129.701,,,,,150.467,,,
19,61413484010478,2002,34.646083,-83.707718,311,5,,,,,,158.009,,,,,149.238,,,,,160.776,,,,,192.664,,,,,119.61,,
19,61096802010478,1999,31.884969,-81.278238,29,5,,,37.855,,,,,,79.83,,,,,124.478,,,,,180.429,,,,,216.704,,,,
19,61515151010478,2000,33.587449,-83.485889,211,5,,,,122.11,,,,,152.762,,,,,103.76,,,,,112.207,,,,,160.26,,,,
19,56675186010478,1997,31.121959,-83.090319,173,5,96.961,,,107.937,,,,,,,,,,223.569,,,,,207.074,,,,,211.526,,,,
19,61110839010478,2002,33.148322,-83.875712,207,5,,,,,,6.289,,,,,15.698,,,,,30.101,,,,,43.682,,,,,62.022,,
19,61489207010478,2001,34.025026,-82.954585,221,5,,,,,34.542,,,,,59.108,,,,,91.766,,,,,133.146,,,,,143.216,,,
19,56815795010478,1997,32.694349,-83.946859,79,5,100.185,,123.469,,,,,,,,,,,,,,127.871,,,,,149.22,,,,,151.027,
19,56970270010478,1997,31.912936,-83.090553,271,5,73.228,73.468,,,,,,,,,,,,45.674,,,,,67.868,,,,,78.311,,,,
19,56639422010478,1997,33.008812,-82.250609,33,5,18.458,,41.995,,,,,,,,,144.024,,,,,170.957,,,,,228.188,,,,,,
19,56655904010478,1997,33.157572,-83.772512,159,5,89.569,,,92.923,,,,,124.978,,,,,,,,,,145.987,,,,,160.851,,,,
19,56957489010478,1997,32.574979,-84.641164,263,5,47.881,67.865,,,,,,,,,,,,,,,,4.081,,,,,24.619,,,,,64.47
19,61245925010478,1998,34.867063,-85.118166,47,5,,194.936,,,,,,,,,,161.3,,,,,151.89,,,,,160.557,,,,,185.333,
19,56653179010478,1997,31.491133,-83.296697,155,5,139.047,,,,,,,168.744,,,,,104.642,,,,,141.616,,,,,,,,,,32.515
19,61089440010478,1999,34.294984,-83.400364,11,5,,,125.344,,,,,,,,,,165.48,,,,,171.293,,,,,211.695,,,,,235.821
19,61525583010478,2000,32.492007,-84.175581,269,5,,,,4.431,,,,,,14.54,,,,,,,22.985,,,,,37.997,,,,,52.726,
19,61418926010478,2003,34.085489,-84.827028,15,5,,,,,,,97.532,,,,,116.184,,,,,127.27,,,,,164.079,,,,,197.166,
20,216089199010854,1997,30.715384,-82.139786,49,5,48.731,145.311,,,,,,,,,166.126,,,,,,,,,,40.604,,,,,41.254,,
20,56791876010478,1997,33.983715,-82.792541,105,5,309.549,,,,,318.366,,,,,323.224,,,,,289.062,,,,,332.922,,,,,,,
20,56841838010478,1997,34.565748,-85.320335,55,5,175.77,,182.819,,,,,,,,,,,,121.321,,,,,197.795,,,,,231.221,,,
20,61191829010478,1999,31.330675,-84.893711,99,5,,,89.156,,,,,,,,107.291,,,,,99.397,,,,,113.791,,,,,73.378,,
20,56636798010478,1997,33.24102,-82.228855,33,5,18.988,,,,23.861,,,,,34.102,,,,,41.319,,,,,,,,,,36.331,,,
20,56692327010478,1997,32.92396,-83.920017,207,5,82.107,93.634,,,,,,,131.085,,,,,153.598,,,,,172.003,,,,,,,,,
20,56960910010478,1997,33.485597,-82.881803,265,5,217.017,,,,286.609,,,,,,,,,,158.65,,,,,199.899,,,,,231.093,,,
20,61214567010478,1998,32.234623,-82.465279,209,5,,17.001,,,,,,,,64.918,,,,,103.651,,,,,163.407,,,,,201.471,,,
20,56731553010478,1997,33.265971,-84.997338,149,5,94.013,,106.781,,,,,,,,,,,,,64.233,,,,,110.609,,,,,131.15,,
20,61126996010478,2002,34.767285,-83.988772,291,5,,,,,,195.193,,,,,186.206,,,,,206.203,,,,,234.385,,,,,268.826,,
20,61260370010478,1998,31.842541,-83.866566,81,5,,8.783,,,,,,,74.442,,,,,101.136,,,,,165.792,,,,,220.883,,,,
20,61520667010478,2000,32.202559,-84.297879,249,5,,,,67.991,,,,,88.87,,,,,102.412,,,,,121.328,,,,,134.385,,,,
20,56831203010478,1997,34.834632,-85.195246,47,5,56.095,,,,,32.478,,,,,42.434,,,,,55.704,,,,,82.922,,,,,,,
20,61486289010478,2001,31.072356,-84.851312,201,5,,,,,79.239,,,,,121.711,,,,,156.957,,,,,214.025,,,,,223.12,,,
20,56675896010478,1997,30.984747,-83.035409,173,5,195.568,206.072,,,,,,,,,,,,,,,,3.798,,,,,8.616,,,,,8.47
20,61230179010478,1998,33.303947,-84.223437,255,5,,54.066,,,,,,,,,,18.285,,,,,36.021,,,,,57.446,,,,,55.731,
20,61370598010478,2004,33.72261,-84.783861,97,5,,,,,,,,92.112,,,,,100.791,,,,,108.301,,,,,74.207,,,,,88.456
20,56716651010478,1997,34.43339,-83.961252,139,5,46.082,,,,,,,,,,,,92.948,,,,,121.222,,,,,132.691,,,,,158.131
20,56964927010478,1997,32.496671,-84.357272,269,5,45.934,,,,,,,106.362,,,,,,,,,,1.722,,,,,26.916,,,,,53.584
20,56741597010478,1997,33.415405,-84.43806,113,5,117.215,,,,,,,145.607,,,,,160.689,,,,,182.085,,,,,211.632,,,,,
20,61295157010478,2004,34.572636,-84.344791,123,5,,,,,,,,109.14,,,,,126.655,,,,,143.601,,,,,151.157,,,,,35.6
21,61107346010478,2002,33.380406,-82.442742,189,5,,,,,,190.989,,,,,217.858,,,,,173.426,,,,,178.597,,,,,201.429,,
21,56674255010478,1997,33.092085,-84.053706,171,5,149.869,,,,172.329,,,,,181.532,,,,,,,,,,173.447,,,,,190.68,,,
21,61207294010478,1998,32.340756,-83.870166,193,5,,19.51,,,,,,,,,22.696,,,,,47.64,,,,,87.013,,,,,92.948,,
21,61540186010478,2001,34.481854,-83.520923,11,5,,,,,61.404,,,,,63.622,,,,,50.215,,,,,29.722,,,,,32.314,,,
21,61507909010478,2001,32.031608,-83.454815,315,5,,,,,38.545,,,,,47.75,,,,,51.502,,,,,58.272,,,,,114.14,,,
21,61114158010478,2002,33.819673,-84.965338,223,5,,,,,,14.216,,,,,35.412,,,,,103.718,,,,,142.596,,,,,185.967,,
21,61107044010478,2002,34.523318,-83.922844,187,5,,,,,,69.897,,,,,85.337,,,,,93.338,,,,,113.813,,,,,119.12,,
21,56927542010478,1997,32.428213,-82.406525,283,5,75.048,,,,88.653,,,,,,,,,34.953,,,,,47.745,,,,,65.485,,,,
21,61513381010478,2000,33.1405,-84.533611,199,5,,,,60.22,,,,,81.279,,,,,86.849,,,,,87.05,,,,,106.235,,,,
21,61061484010478,1999,33.1786,-83.444332,169,5,,,108.59,,,,,,,112.59,,,,,139.044,,,,,167.279,,,,,193.815,,,
21,61158155010478,1999,31.805403,-81.197004,29,5,,,122.979,,,,,,147.958,,,,,174.176,,,,,202.388,,,,,224.821,,,,
21,61075291010478,1998,34.655683,-85.101462,295,5,,2.929,,,,,,,,,52.751,,,,,107.147,,,,,152.641,,,,,217.236,,
21,56816969010478,1997,32.713862,-83.951104,79,5,103.214,,,,130.502,,,,,,,,,,66.692,,,,,110.919,,,,,158.698,,,
21,61525900010478,2000,31.832084,-82.955957,271,5,,,,4.753,,,,,16.19,,,,,30.813,,,,,61.858,,,,,88.325,,,,
21,56930504010478,1997,32.910582,-84.912399,285,5,79.459,,102.354,,,,,,,,,,,107.258,,,,,128.698,,,,,166.983,,,,
21,61198652010478,1998,31.637486,-84.084298,177,5,,1.289,,,,,,,,,,,38.953,,,,,63.846,,,,,119.12,,,,,152.039
21,56573851010478,1997,33.939789,-85.311421,233,5,123.297,119.96,,,,,,,,,,,168.578,,,,,,,,,,42.901,,,,,61.498
21,56661431010478,1997,33.031304,-82.488984,163,5,148.501,136.704,,,,,,,,,,,155.931,,,,,144.938,,,,,,,,,,0.367
21,56856664010478,1997,30.83534,-82.702843,65,5,43.194,,53.555,,,,,,,,,,122.137,,,,,160.716,,,,,207.484,,,,,
21,56753793010478,1997,34.731062,-84.402018,123,5,136.141,,157.584,,,,,,,,,,,,,,,130.554,,,,,160.929,,,,,214.685
21,61613810010478,1999,33.560687,-83.691094,217,5,,,33.333,,,,,,,,,61.227,,,,,64.537,,,,,73.252,,,,,90.103,
21,61428236010478,2003,32.284969,-84.91358,53,5,,,,,,,107.891,,,,,111.618,,,,,130.911,,,,,148.885,,,,,155.401,
21,56747356010478,1997,34.423594,-83.300784,119,5,37.632,,43.107,,,,,,,,,,,,,,,26.184,,,,,28.795,,,,,50.813
21,56604848010478,1997,31.655236,-81.747451,183,5,201.034,,,,,,,,,,,89.269,,,,,139.41,,,,,150.406,,,,,185.024,
21,61359787010478,2004,34.90038,-85.241473,47,5,,,,,,,,101.966,,,,,106.881,,,,,125.996,,,,,138.617,,,,,166.155
21,61309501010478,2004,31.717903,-81.394669,179,5,,,,,,,,97.674,,,,,127.563,,,,,133.444,,,,,146.291,,,,,179.414
22,56571427010478,1997,33.115624,-84.51319,231,5,74.577,74.613,,,,,,,,,,,,,58.496,,,,,81.494,,,,,107.794,,,
22,61534323010478,2000,31.572972,-81.743102,305,5,,,,332.605,,,,,227.749,,,,,191.925,,,,,227.327,,,,,270.311,,,,
22,56589560010478,1997,32.267764,-84.400222,249,5,131.864,165.988,,,,,,,,185.839,,,,,,,,,,52.397,,,,,110.79,,,
22,56805425010478,1997,31.658471,-82.675201,69,5,106.668,,,,,177.786,,,,,,,,,,2.814,,,,,66.591,,,,,118.364,,
22,56942360010478,1997,34.633146,-85.268523,295,5,36.783,,,,,,,,,3.641,,,,,3.255,,,,,51.498,,,,,75.101,,,
22,56618982010478,1997,32.339221,-84.030372,193,5,173.229,,,,,217.95,,,,,240.122,,,,,238.334,,,,,281.24,,,,,,,
22,56874011010478,1997,31.851593,-82.319634,1,5,103.463,,116.953,,,,,,,126.838,,,,,145.246,,,,,172.114,,,,,,,,
22,61114807010478,2002,31.328263,-82.229512,229,5,,,,,,37.264,,,,,75.101,,,,,133.146,,,,,178.668,,,,,239.879,,
22,56816175010478,1997,32.788433,-84.009661,79,5,100.248,,,,,,,,,62.52,,,,,70.027,,,,,88.264,,,,,105.44,,,
22,56629143010478,1997,31.9513,-81.42786,29,5,206.825,,,204.497,,,,,184.406,,,,,,,,,,152.985,,,,,168.661,,,,
22,56608716010478,1997,30.658499,-83.271117,185,5,159.552,,,214.297,,,,,,,,,,6.843,,,,,59.769,,,,,101.153,,,,
22,56671148010478,1997,32.919349,-83.57725,169,5,144.366,,,163.804,,,,,183.365,,,,,198.927,,,,,,,,,,152.506,,,,
22,61520583010478,2000,33.241995,-82.103956,245,5,,,,14.816,,,,,30.305,,,,,41.435,,,,,60.991,,,,,75.839,,,,
22,61518508010478,2000,32.246317,-83.598401,235,5,,,,24.316,,,,,27.379,,,,,31.634,,,,,18.567,,,,,11.941,,,,
22,56709443010478,1997,33.545778,-83.218018,133,5,70.566,,,,,,72.59,,,,,,,,,,11.024,,,,,15.542,,,,,22.699,
22,61545230010478,2000,33.457467,-82.308603,73,5,,,,45.776,,,,,47.532,,,,,51.92,,,,,52.913,,,,,69.636,,,,
22,56626535010478,1997,30.781559,-83.528399,27,5,75.648,,,,,,,,,,,,61.994,,,,,91.504,,,,,134.101,,,,,154.87
22,56883558010478,1997,32.766285,-83.695482,21,5,136.0,,,,,,,,,,,61.487,,,,,92.946,,,,,131.337,,,,,146.572,
22,56911035010478,1997,34.66,-85.0,313,5,258.425,,,,,,,,,,,,53.59,,,,,100.83,,,,,157.202,,,,,197.068
22,61295615010478,2004,34.444645,-85.020636,129,5,,,,,,,,141.01,,,,,168.323,,,,,176.467,,,,,180.47,,,,,231.068
22,56657370010478,1997,33.178358,-83.714263,159,5,86.065,,96.131,,,,,,,,,,,,,,135.556,,,,,161.303,,,,,201.925,
22,56673946010478,1997,33.117149,-84.107167,171,5,62.194,,,,,,,,,,,,6.207,,,,,31.683,,,,,83.345,,,,,139.772
22,61429022010478,2003,34.149236,-84.475678,57,5,,,,,,,165.209,,,,,179.839,,,,,201.592,,,,,243.513,,,,,292.289,
22,56821942010478,1997,34.45679,-84.171624,85,5,212.59,,234.778,,,,,,221.767,,,,,244.887,,,,,261.367,,,,,,,,,
22,61541064010478,2000,34.584028,-85.206797,55,5,,,,15.016,,,,,,55.073,,,,,,,,123.887,,,,,170.694,,,,,237.68
22,61341805010478,2004,33.739012,-82.660506,317,5,,,,,,,,179.656,,,,,187.643,,,,,226.853,,,,,264.891,,,,,297.079
22,61318123010478,2004,33.561915,-83.850531,217,5,,,,,,,,63.928,,,,,82.099,,,,,104.214,,,,,107.118,,,,,125.735
23,56669954010478,1997,32.770609,-82.73353,167,5,16.537,,,31.846,,,,,54.136,,,,,80.008,,,,,108.971,,,,,,,,,
23,61082386010478,1998,34.652316,-83.756131,311,5,,129.697,,,,,,,,151.313,,,,,173.415,,,,,224.128,,,,,266.935,,,
23,61581105010478,1999,33.031554,-82.915217,303,5,,,33.627,,,,,,,40.389,,,,,61.859,,,,,92.207,,,,,147.95,,,
23,61105622010478,2002,33.841295,-82.395736,181,5,,,,,,84.492,,,,,86.965,,,,,74.671,,,,,90.046,,,,,96.411,,
23,61237288010478,1998,32.685465,-83.670614,21,5,,6.929,,,,,,,9.276,,,,,15.967,,,,,17.74,,,,,12.768,,,,
23,56882183010478,1997,31.231387,-83.049972,19,5,21.794,21.633,,,,,,,37.511,,,,,50.4,,,,,,,,,,52.509,,,,
23,61561510010478,2000,33.453225,-84.094306,151,5,,,,94.229,,,,,72.196,,,,,84.133,,,,,126.922,,,,,157.912,,,,
23,56623020010478,1997,32.245596,-84.517055,197,5,97.68,,,,,,,,,1.637,,,,,21.86,,,,,57.071,,,,,79.857,,,
23,56588253010478,1997,33.311221,-81.952353,245,5,111.696,,,,,,,,,,,65.523,,,,,86.105,,,,,61.273,,,,,74.317,
23,56866488010478,1997,34.367922,-84.836671,15,5,41.563,,,,,,,100.59,,,,,,,,,,8.922,,,,,40.951,,,,,102.222
23,56901637010478,1997,31.527414,-81.867756,305,5,10.916,,,,,,63.175,,,,,,,,,,2.358,,,,,20.378,,,,,44.195,
23,56721520010478,1997,33.351171,-82.852718,141,5,95.83,,,,,,,134.132,,,,,138.321,,,,,162.083,,,,,135.736,,,,,
23,61330191010478,2004,31.966644,-82.961922,271,5,,,,,,,,90.701,,,,,108.008,,,,,122.235,,,,,131.725,,,,,124.018
23,56870104010478,1997,31.722631,-83.011714,17,5,51.096,82.663,,,,,,,,,,,,,,,,42.895,,,,,128.991,,,,,197.545
23,56809655010478,1997,33.659123,-82.240024,73,5,142.119,,,,,,,140.678,,,,,161.109,,,,,182.331,,,,,,,,,,35.418
23,61299949010478,2004,32.805093,-85.150066,145,5,,,,,,,,97.852,,,,,115.71,,,,,144.731,,,,,146.817,,,,,170.056
23,56876176010478,1997,31.292165,-82.909834,3,5,190.661,191.218,,,,,,,,,,167.952,,,,,,,,,,84.962,,,,,91.425,
23,61521629010478,2000,32.989722,-81.514636,251,5,,,,231.047,,,,,,243.023,,,,,,,286.343,,,,,333.602,,,,,354.285,
23,61385750010478,2003,32.612196,-83.162902,175,5,,,,,,,211.625,,,,,236.842,,,,,272.489,,,,,303.383,,,,,336.352,
23,61422984010478,2003,32.528884,-81.849831,31,5,,,,,,,93.81,,,,,82.929,,,,,71.738,,,,,69.382,,,,,80.207,
23,61348328010478,2003,34.750207,-85.055997,313,5,,,,,,,140.228,,,,,162.758,,,,,168.582,,,,,185.535,,,,,161.589,
23,61303319010478,2004,33.270418,-83.765466,159,5,,,,,,,,159.434,,,,,188.458,,,,,204.17,,,,,140.558,,,,,184.029
24,56773538010478,1997,32.392633,-83.23169,91,5,14.425,,17.568,,,,,,,,19.889,,,,,23.515,,,,,,,,,,10.312,,
24,56649427010478,1997,31.110062,-81.585327,39,5,219.946,,,,,242.517,,,,,301.919,,,,,289.689,,,,,311.983,,,,,,,
24,61248349010478,1998,32.502561,-84.710483,53,5,,13.44,,,,,,,,,41.358,,,,,62.319,,,,,91.706,,,,,121.345,,
24,56947764010478,1997,33.319465,-84.285366,255,5,112.582,,137.209,,,,,,,163.377,,,,,189.54,,,,,,,,,,65.821,,,
24,56863176010478,1997,34.39819,-83.532092,11,5,234.35,,,,166.848,,,,,,,,,,186.787,,,,,221.235,,,,,111.952,,,
24,61283298010478,2001,34.965359,-84.387828,111,5,,,,,200.457,,,,,163.709,,,,,176.324,,,,,208.183,,,,,226.948,,,
24,56941029010478,1997,34.790251,-85.393089,295,5,51.409,56.283,,,,,,,,,,,,,2.485,,,,,19.34,,,,,44.509,,,
24,61267776010478,2001,32.301885,-82.006789,43,5,,,,,39.976,,,,,81.383,,,,,106.257,,,,,130.869,,,,,144.989,,,
24,61264827010478,2001,32.491647,-81.947808,31,5,,,,,165.167,,,,,139.599,,,,,148.526,,,,,165.484,,,,,205.221,,,
24,61108294010478,2002,34.220387,-83.286887,195,5,,,,,,181.963,,,,,177.26,,,,,160.559,,,,,193.504,,,,,214.84,,
24,56817346010478,1997,32.656124,-83.939206,79,5,42.785,,,,65.237,,,,,74.603,,,,,80.922,,,,,78.69,,,,,,,,
24,61539925010478,2001,33.038227,-83.217392,9,5,,,,,187.214,,,,,191.204,,,,,216.743,,,,,245.205,,,,,271.295,,,
24,61452620010478,2002,31.587813,-84.641449,37,5,,,,,,58.373,,,,,58.135,,,,,70.367,,,,,73.45,,,,,75.625,,
24,56568402010478,1997,34.420373,-84.329959,227,5,175.593,,,,,,,,,6.015,,,,,55.815,,,,,165.358,,,,,255.743,,,
24,56668986010478,1997,32.661321,-82.543499,167,5,25.034,33.384,,,,,,,,,,,,,,12.106,,,,,40.145,,,,,79.94,,
24,56960074010478,1997,32.589353,-84.60588,263,5,77.67,,,97.732,,,,,117.072,,,,,,,,,,41.585,,,,,77.064,,,,
24,61113119010478,2002,33.597879,-83.699899,217,5,,,,,,139.994,,,,,160.737,,,,,204.069,,,,,66.666,,,,,79.572,,
24,61263789010478,2001,30.856986,-83.613306,27,5,,,,,294.061,,,,,280.942,,,,,331.731,,,,,358.616,,,,,334.409,,,
24,56700760010478,1997,32.429928,-84.791469,215,5,151.211,,,,,,,,157.334,,,,,187.636,,,,,145.909,,,,,160.791,,,,
24,61558171010478,2000,34.230709,-83.804173,139,5,,,,43.574,,,,,65.213,,,,,92.805,,,,,132.255,,,,,177.283,,,,
24,61557823010478,2000,34.700519,-83.609627,137,5,,,,281.567,,,,,307.961,,,,,315.328,,,,,366.108,,,,,332.717,,,,
24,61340484010478,2004,34.519441,-83.694754,311,5,,,,,,,,66.85,,,,,82.217,,,,,111.03,,,,,146.539,,,,,182.93
24,56903679010478,1997,31.46322,-81.650833,305,5,41.045,,43.928,,,,,,,,,,71.58,,,,,,,,,,58.276,,,,,70.316
24,61370533010478,2004,33.630689,-84.777587,97,5,,,,,,,,92.946,,,,,102.754,,,,,118.596,,,,,115.829,,,,,102.001
24,56749768010478,1997,33.545669,-84.568876,121,5,126.841,,,,,,,,,,,158.49,,,,,177.882,,,,,244.617,,,,,291.075,
24,56940103010478,1997,32.948483,-84.179629,293,5,0.711,,5.691,,,,,,,,,,,,,,,15.537,,,,,35.752,,,,,60.638
24,56724600010478,1997,33.807376,-85.363877,143,5,80.313,,,,,,,157.741,,,,,,,,,,79.488,,,,,157.547,,,,,138.201
24,56674931010478,1997,30.996255,-83.172658,173,5,0.135,,,,,,,,,,,,18.363,,,,,19.18,,,,,16.417,,,,,19.78
24,61400790010478,2003,30.801418,-84.854945,253,5,,,,,,,25.82,,,,,35.614,,,,,48.59,,,,,44.366,,,,,51.847,
24,61376248010478,2003,34.715879,-84.588683,123,5,,,,,,,181.162,,,,,212.641,,,,,247.18,,,,,291.626,,,,,326.623,
25,56902993010478,1997,31.451366,-81.797277,305,5,8.788,,,42.733,,,,,106.592,,,,,,,,,,91.809,,,,,121.503,,,,
25,56951726010478,1997,32.127268,-84.838021,259,5,104.035,,,,,132.216,,,,,161.623,,,,,,,,,,68.58,,,,,157.568,,
25,56896909010478,1997,32.946106,-82.905201,303,5,97.009,,,,,,,,,1.781,,,,,10.202,,,,,16.391,,,,,41.064,,,
25,56862088010478,1997,33.098477,-83.191698,9,5,80.775,,,,,,,,,38.367,,,,,20.944,,,,,32.155,,,,,41.937,,,
25,56939980010478,1997,32.875145,-84.155957,293,5,113.783,111.059,,,,,,,,,,,,,14.179,,,,,22.796,,,,,38.371,,,
25,61449977010478,2002,32.147763,-81.634668,29,5,,,,,,10.241,,,,,44.009,,,,,81.958,,,,,115.341,,,,,152.455,,
25,56787580010478,1997,32.381027,-81.515839,103,5,107.775,,,,,,,,,137.599,,,,,160.022,,,,,183.082,,,,,200.578,,,
25,61565699010478,2000,32.99062,-83.690096,169,5,,,,79.14,,,,,88.917,,,,,109.911,,,,,126.749,,,,,162.748,,,,
25,61628430010478,1999,32.701188,-84.555489,263,5,,,95.544,,,,,,137.201,,,,,187.594,,,,,242.511,,,,,287.368,,,,
25,61281966010478,2001,34.184527,-82.879938,105,5,,,,,145.401,,,,,146.631,,,,,159.53,,,,,166.91,,,,,166.629,,,
25,56706573010478,1997,34.027667,-83.087557,221,5,176.01,,,,,,,,,160.357,,,,,183.503,,,,,200.577,,,,,225.603,,,
25,61525453010478,2000,32.527589,-84.320209,269,5,,,,58.104,,,,,41.272,,,,,53.349,,,,,64.082,,,,,84.088,,,,
25,61421071010478,2003,31.136678,-81.951857,25,5,,,,,,,212.909,,,,,249.42,,,,,262.386,,,,,260.281,,,,,275.725,
25,56616308010478,1997,31.502238,-81.240382,191,5,92.89,,,,,,113.262,,,,,78.876,,,,,,,,,,116.605,,,,,44.294,
25,61398775010478,2003,34.789529,-83.490727,241,5,,,,,,,139.104,,,,,155.616,,,,,185.927,,,,,193.041,,,,,207.498,
25,61311176010478,2004,34.510164,-83.863448,187,5,,,,,,,,127.563,,,,,122.535,,,,,138.542,,,,,151.978,,,,,171.228
25,61311480010478,2004,33.57695,-82.605242,189,5,,,,,,,,104.071,,,,,171.971,,,,,238.244,,,,,294.657,,,,,358.239
25,56801261010478,1997,31.445257,-83.051628,69,5,83.702,,,,,,18.493,,,,,,,,,,37.633,,,,,85.151,,,,,136.358,
25,56632542010478,1997,32.508765,-81.808459,31,5,137.149,,,,,,,,65.451,,,,,37.485,,,,,53.483,,,,,57.774,,,,
25,56727907010478,1997,32.731701,-84.735167,145,5,89.667,,,,,,,,,,,,52.522,,,,,95.818,,,,,155.007,,,,,196.082
25,61631984010478,1999,31.87924,-82.967544,271,5,,,50.586,,,,,,,,,,122.754,,,,,142.924,,,,,179.479,,,,,174.404
25,56911542010478,1997,34.865138,-84.985415,313,5,192.288,,,,,,,,,,,120.691,,,,,157.488,,,,,170.939,,,,,140.27,
25,61303431010478,2004,31.779281,-82.552216,161,5,,,,,,,,245.896,,,,,279.368,,,,,291.733,,,,,222.96,,,,,106.634
25,61413553010478,2002,34.600328,-83.83601,311,5,,,,,,145.733,,,,,96.543,,,,,,,118.427,,,,,147.599,,,,,33.444
25,61374549010478,2004,34.981491,-84.150402,111,5,,,,,,,,66.573,,,,,80.554,,,,,93.259,,,,,106.617,,,,,118.05
25,61356830010478,2004,32.871621,-82.276413,33,5,,,,,,,,111.482,,,,,130.13,,,,,137.28,,,,,161.887,,,,,198.718
26,56728665010478,1997,32.720409,-84.909057,145,5,138.983,144.126,,,,,,,,,,,,,,92.606,,,,,102.628,,,,,125.455,,
26,56774302010478,1997,32.102009,-82.983729,91,5,28.661,,,,14.584,,,,,30.794,,,,,47.75,,,,,,,,,,21.505,,,
26,56832868010478,1997,30.584739,-82.139238,49,5,36.324,,,,,,,,,,33.629,,,,,67.375,,,,,90.459,,,,,122.974,,
26,61477176010478,2002,34.644166,-83.545331,137,5,,,,,,164.537,,,,,193.644,,,,,200.552,,,,,234.904,,,,,275.744,,
26,61446763010478,2002,34.362181,-83.532665,11,5,,,,,,58.707,,,,,65.499,,,,,71.055,,,,,32.649,,,,,39.559,,
26,56754842010478,1997,34.801755,-84.432027,123,5,236.847,,,,,,,,,4.758,,,,,27.38,,,,,58.735,,,,,85.995,,,
26,61494744010478,2001,33.190373,-84.197562,255,5,,,,,22.597,,,,,25.266,,,,,24.575,,,,,34.767,,,,,42.19,,,
26,56906508010478,1997,32.08997,-84.461356,307,5,85.497,,99.595,,,,,,,91.249,,,,,40.244,,,,,,,,,,22.769,,,
26,61262296010478,2001,34.258142,-84.671454,15,5,,,,,79.662,,,,,103.325,,,,,121.487,,,,,32.289,,,,,50.491,,,
26,56938935010478,1997,32.950758,-84.285985,293,5,72.268,,,,111.47,,,,,50.749,,,,,,,,,,92.624,,,,,117.781,,,
26,61611959010478,1999,33.586037,-83.408709,211,5,,,36.307,,,,,,,,85.98,,,,,120.908,,,,,171.278,,,,,215.095,,
26,56748969010478,1997,33.531513,-84.634024,121,5,107.492,,,,,,,,,,77.637,,,,,59.263,,,,,64.594,,,,,69.99,,
26,61114084010478,2002,33.977772,-84.752123,223,5,,,,,,188.103,,,,,207.198,,,,,230.556,,,,,236.64,,,,,242.464,,
26,61600204010478,2000,33.671848,-85.214794,45,5,,,,46.343,,,,,51.715,,,,,64.167,,,,,80.14,,,,,88.414,,,,
26,61449265010478,2002,30.791032,-83.47261,27,5,,,,,,2.064,,,,,9.754,,,,,24.272,,,,,31.183,,,,,33.951,,
26,56571601010478,1997,33.123625,-84.485958,231,5,134.94,,,,,172.935,,,,,,,,,,197.538,,,,,261.734,,,,,317.107,,
26,56730345010478,1997,33.292047,-85.252582,149,5,118.434,,,134.014,,,,,143.305,,,,,161.47,,,,,163.39,,,,,,,,,
26,61325956010478,2004,31.95314,-84.871515,259,5,,,,,,,,82.741,,,,,97.698,,,,,105.487,,,,,104.405,,,,,103.041
26,61370424010478,2004,31.488637,-84.156156,95,5,,,,,,,,72.797,,,,,91.933,,,,,159.803,,,,,152.152,,,,,174.907
26,61409663010478,2003,34.781313,-84.084864,291,5,,,,,,,151.877,,,,,183.464,,,,,203.189,,,,,189.975,,,,,165.016,
26,56770439010478,1997,31.371881,-83.880492,321,5,85.016,,93.402,,,,,,109.194,,,,,123.416,,,,,,,,,,166.49,,,,
26,61395981010478,2003,34.385998,-84.26833,227,5,,,,,,,5.819,,,,,7.584,,,,,22.227,,,,,51.042,,,,,76.86,
26,56970045010478,1997,31.803953,-83.021393,271,5,108.76,,,,,,,160.35,,,,,164.989,,,,,154.664,,,,,,,,,,42.871
26,61612979010478,1999,32.573044,-84.789392,215,5,,,57.199,,,,,,,,,,81.224,,,,,110.763,,,,,134.563,,,,,149.807
26,56605204010478,1997,31.84723,-81.796581,183,5,106.57,,,,,,,138.711,,,,,149.77,,,,,164.595,,,,,184.742,,,,,
26,61337219010478,2004,31.403523,-82.443875,299,5,,,,,,,,86.105,,,,,115.361,,,,,158.935,,,,,215.377,,,,,215.113
26,61390781010478,2003,32.30663,-84.017815,193,5,,,,,,,189.738,,,,,202.403,,,,,174.314,,,,,164.421,,,,,149.897,
26,61340603010478,2004,34.659726,-83.66841,311,5,,,,,,,,142.01,,,,,160.154,,,,,181.464,,,,,184.537,,,,,187.017
26,61322477010478,2004,34.889365,-83.437421,241,5,,,,,,,,318.014,,,,,324.222,,,,,356.707,,,,,379.594,,,,,415.935
27,61413059010478,2002,32.190003,-82.755671,309,5,,,,,,15.825,,,,,20.518,,,,,29.307,,,,,46.551,,,,,61.908,,
27,56695773010478,1997,33.707507,-83.509241,211,5,34.074,,,,29.978,,,,,37.458,,,,,50.281,,,,,,,,,,34.033,,,
27,56745510010478,1997,34.170626,-84.240152,117,5,190.647,,,,,,,,,103.051,,,,,129.387,,,,,180.294,,,,,188.094,,,
27,56847376010478,1997,31.644299,-85.037724,61,5,74.228,,,,,,,,,,15.129,,,,,33.97,,,,,43.571,,,,,80.806,,
27,61514867010478,2000,32.304465,-82.622016,209,5,,,,16.753,,,,,47.638,,,,,96.134,,,,,160.438,,,,,202.958,,,,
27,61535457010478,2000,34.806491,-85.132665,313,5,,,,86.127,,,,,110.306,,,,,151.567,,,,,158.763,,,,,201.465,,,,
27,56860329010478,1997,31.32443,-84.462274,7,5,465.341,,503.157,,,,,,,482.94,,,,,573.479,,,,,661.291,,,,,,,,
27,56659070010478,1997,31.847731,-82.631042,161,5,79.846,,,,,,,,,39.839,,,,,69.754,,,,,110.112,,,,,132.55,,,
27,61126917010478,2002,34.911431,-83.922764,291,5,,,,,,143.114,,,,,153.175,,,,,149.233,,,,,155.193,,,,,157.994,,
27,61102105010478,2002,32.662265,-82.735647,167,5,,,,,,80.86,,,,,97.907,,,,,87.007,,,,,96.722,,,,,100.005,,
27,61593909010478,2000,31.833113,-83.404759,17,5,,,,7.793,,,,,18.428,,,,,36.902,,,,,48.394,,,,,49.232,,,,
27,56875468010478,1997,31.380983,-83.114865,3,5,155.769,192.481,,,,,,,,,,,,,24.433,,,,,49.883,,,,,63.363,,,
27,61614005010478,1999,33.585112,-83.817055,217,5,,,324.663,,,,,,377.279,,,,,,,,371.324,,,,,364.255,,,,,148.981,
27,61133855010478,1998,32.377601,-81.227919,103,5,,4.399,,,,,,,,,,,57.473,,,,,130.986,,,,,197.491,,,,,243.012
27,56609150010478,1997,30.626336,-83.14734,185,5,59.512,,,,,,,82.259,,,,,,,,,,29.608,,,,,37.582,,,,,46.275
27,56653279010478,1997,31.530916,-83.152068,155,5,84.842,,110.59,,,,,,,,,136.984,,,,,147.214,,,,,155.64,,,,,,
27,56826307010478,1997,31.028467,-84.514149,87,5,118.168,,140.423,,,,,,,,,113.391,,,,,,,,,,52.533,,,,,106.517,
27,56873799010478,1997,31.830661,-82.497255,1,5,112.424,126.497,,,,,,,123.766,,,,,157.796,,,,,203.848,,,,,,,,,
27,61151458010478,1998,32.415531,-83.509358,153,5,,0.125,,,,,,,,,,,35.097,,,,,64.908,,,,,102.357,,,,,154.745
27,61330031010478,2004,32.561021,-84.302413,269,5,,,,,,,,9.485,,,,,27.226,,,,,64.792,,,,,69.02,,,,,86.289
27,61309559010478,2004,32.081799,-81.695335,179,5,,,,,,,,219.954,,,,,253.144,,,,,279.042,,,,,264.707,,,,,248.594
28,61533801010478,2000,31.721256,-81.958725,305,5,,,,34.969,,,,,41.063,,,,,57.311,,,,,75.308,,,,,91.172,,,,
28,56841253010478,1997,34.346312,-85.397496,55,5,70.121,,97.359,,,,,,,,,,,,2.752,,,,,55.25,,,,,104.041,,,
28,56652049010478,1997,31.486905,-83.334105,155,5,100.559,,95.951,,,,,,,,98.961,,,,,111.792,,,,,,,,,,18.136,,
28,56569305010478,1997,31.475066,-82.216779,229,5,249.567,285.206,,,,,,,,,,,,,42.121,,,,,55.128,,,,,69.655,,,
28,56670235010478,1997,33.098826,-83.778038,169,5,107.104,,102.538,,,,,,,129.23,,,,,,,,,,10.828,,,,,17.793,,,
28,56823438010478,1997,30.805466,-84.77023,87,5,109.525,,,,,115.25,,,,,121.62,,,,,141.624,,,,,,,,,,65.219,,
28,56661058010478,1997,32.934271,-82.521632,163,5,293.084,,298.948,,,,,,328.73,,,,,348.003,,,,,315.743,,,,,,,,,
28,61476628010478,2002,34.091161,-83.918525,135,5,,,,,,120.366,,,,,133.994,,,,,163.799,,,,,181.275,,,,,213.935,,
28,61284380010478,2001,34.408287,-83.250788,119,5,,,,,206.285,,,,,233.008,,,,,256.416,,,,,204.7,,,,,233.392,,,
28,56733464010478,1997,33.379295,-84.148671,151,5,112.239,,,,,,,,15.651,,,,,40.209,,,,,73.539,,,,,113.708,,,,
28,56600707010478,1997,31.845888,-81.727167,179,5,16.049,14.945,,,,,,,,28.418,,,,,,,,,,2.6,,,,,5.914,,,
28,56605444010478,1997,31.604617,-81.702485,183,5,396.168,,,,447.484,,,,,,,,,,80.444,,,,,58.442,,,,,124.811,,,
28,61445694010478,2002,31.495673,-82.301741,5,5,,,,,,79.034,,,,,100.246,,,,,145.0,,,,,187.997,,,,,220.478,,
28,61428389010478,2003,32.293333,-84.687504,53,5,,,,,,,117.279,,,,,123.846,,,,,124.201,,,,,142.706,,,,,170.619,
28,56684151010478,1997,33.198184,-84.656707,199,5,50.514,49.739,,,,,,,,,,,,42.826,,,,,52.112,,,,,71.754,,,,
28,61215434010478,1998,33.4726,-83.405843,211,5,,48.538,,,,,,,,,,105.3,,,,,149.772,,,,,197.011,,,,,241.335,
28,56588188010478,1997,33.320852,-81.923507,245,5,195.962,,,,,,,,,,,,28.416,,,,,85.715,,,,,133.42,,,,,177.948
28,56697657010478,1997,34.673216,-84.820481,213,5,109.992,,,,,,,,,,,,48.017,,,,,30.638,,,,,55.031,,,,,108.893
28,56947538010478,1997,33.289084,-84.377956,255,5,41.86,,,,,,,39.35,,,,,24.567,,,,,17.194,,,,,,,,,,30.215
28,56915112010478,1997,31.876952,-83.263105,315,5,195.364,,229.487,,,,,,,,,,,,,,,168.705,,,,,221.456,,,,,259.062
28,61418165010478,2003,34.483358,-83.481393,11,5,,,,,,,220.895,,,,,253.551,,,,,267.665,,,,,289.451,,,,,321.991,
29,61108015010478,2002,32.353009,-84.182463,193,5,,,,,,112.82,,,,,134.097,,,,,159.32,,,,,174.839,,,,,144.24,,
29,61290016010478,2001,32.704515,-84.819331,145,5,,,,,100.129,,,,,97.291,,,,,95.867,,,,,111.856,,,,,117.745,,,
29,61286746010478,2001,34.406951,-85.06963,129,5,,,,,8.043,,,,,9.103,,,,,14.884,,,,,21.66,,,,,24.292,,,
29,61526349010478,2000,31.799046,-84.443557,273,5,,,,3.569,,,,,,15.969,,,,,41.195,,,,,78.716,,,,,120.36,,,
29,61105911010478,2002,31.574621,-81.689619,183,5,,,,,,5.076,,,,,18.864,,,,,61.693,,,,,144.949,,,,,203.427,,
29,61288714010478,2001,33.165677,-83.001919,141,5,,,,,31.143,,,,,52.801,,,,,59.406,,,,,51.024,,,,,76.525,,,
29,56918183010478,1997,33.718907,-82.617845,317,5,97.101,108.523,,,,,,,,143.023,,,,,152.804,,,,,164.837,,,,,,,,
29,61565414010478,2000,33.068636,-83.641262,169,5,,,,67.51,,,,,,,68.993,,,,,83.053,,,,,103.699,,,,,125.537,,
29,56752051010478,1997,34.770704,-84.613236,123,5,120.713,,,,,109.576,,,,,112.006,,,,,,,,,,61.406,,,,,93.478,,
29,61447087010478,2002,34.367311,-84.754527,15,5,,,,,,188.311,,,,,206.651,,,,,152.55,,,,,146.539,,,,,162.768,,
29,56810601010478,1997,31.062941,-83.551266,75,5,151.628,,175.57,,,,,,,,,,,203.083,,,,,284.667,,,,,175.792,,,,
29,61540917010478,2000,34.531964,-85.339904,55,5,,,,103.364,,,,,136.025,,,,,154.551,,,,,156.9,,,,,181.088,,,,
29,56610825010478,1997,34.517456,-84.057748,187,5,161.351,168.346,,,,,,,,,171.104,,,,,,,,,,183.898,,,,,140.974,,
29,56885662010478,1997,31.251416,-82.10366,25,5,209.209,,,,,,,,,,0.151,,,,,3.072,,,,,12.662,,,,,23.723,,
29,61104509010478,2002,31.729766,-84.237809,177,5,,,,,,70.519,,,,,114.405,,,,,90.269,,,,,109.486,,,,,90.028,,
29,56747781010478,1997,34.31848,-83.155026,119,5,12.329,,,9.631,,,,,9.162,,,,,9.503,,,,,9.759,,,,,,,,,
29,56816301010478,1997,32.687621,-84.026112,79,5,148.974,,,,,,,,,,,167.521,,,,,204.535,,,,,214.092,,,,,229.808,
29,56663140010478,1997,33.077355,-82.414235,163,5,141.72,,,,,,,,,,,26.272,,,,,59.073,,,,,126.082,,,,,178.182,
29,56622156010478,1997,32.383261,-84.635628,197,5,16.376,,,28.667,,,,,55.756,,,,,,,,,,30.473,,,,,37.359,,,,
29,56918391010478,1997,30.695484,-83.994411,275,5,140.4,,,,,,,120.299,,,,,80.069,,,,,,,,,,59.449,,,,,67.871
29,56909072010478,1997,34.63566,-83.828296,311,5,11.09,,,,,,11.897,,,,,,,,,,0.278,,,,,1.458,,,,,2.537,
29,56932603010478,1997,32.722242,-83.539203,289,5,125.277,,137.283,,,,,,,,,,172.89,,,,,199.715,,,,,249.116,,,,,
29,56850161010478,1997,30.894448,-82.930149,65,5,95.868,,103.899,,,,,,,,,,,,,,45.025,,,,,78.493,,,,,106.468,
29,61628575010478,1999,32.60538,-84.491528,263,5,,,27.515,,,,,,,,,56.033,,,,,81.657,,,,,84.571,,,,,112.275,
29,56654083010478,1997,34.231672,-83.523987,157,5,31.707,33.632,,,,,,,,,,45.021,,,,,52.243,,,,,65.972,,,,,,
29,61614889010478,1999,33.91932,-82.988491,221,5,,,116.789,,,,,,,,,138.763,,,,,150.448,,,,,174.321,,,,,188.229,
29,61329847010478,2004,32.423373,-84.223785,269,5,,,,,,,,21.905,,,,,52.202,,,,,73.076,,,,,95.837,,,,,132.684
29,56861813010478,1997,33.136248,-83.194485,9,5,84.969,,,,,,120.218,,,,,171.037,,,,,203.132,,,,,241.811,,,,,,
29,56577440010478,1997,33.350961,-83.432798,237,5,188.172,,,,,,,,,,,,234.824,,,,,228.722,,,,,181.968,,,,,178.727
29,61101912010478,2002,32.72875,-81.904475,165,5,,,,,,34.407,,,,,39.467,,,,,,,46.207,,,,,46.773,,,,,54.647
29,61315114010478,2004,32.87216,-84.66171,199,5,,,,,,,,152.273,,,,,171.041,,,,,150.736,,,,,160.773,,,,,186.139
30,61116602010478,2002,33.366365,-83.190003,237,5,,,,,,65.917,,,,,70.94,,,,,95.778,,,,,115.56,,,,,144.701,,
30,56815301010478,1997,33.290459,-84.629952,77,5,93.6,,,,,,,,31.108,,,,,44.994,,,,,62.194,,,,,84.58,,,,
30,56880816010478,1997,31.079713,-83.232615,19,5,154.652,,155.048,,,,,,,,,,,,1.682,,,,,7.153,,,,,21.447,,,
30,56613331010478,1997,33.511851,-82.52829,189,5,46.813,,,,,,,,,,59.094,,,,,64.197,,,,,86.407,,,,,107.044,,
30,61529219010478,2000,34.940174,-84.14375,291,5,,,,24.823,,,,,39.103,,,,,67.859,,,,,92.622,,,,,112.711,,,,
30,56788628010478,1997,32.552131,-81.295057,103,5,38.152,55.193,,,,,,,,,,,,,9.293,,,,,59.383,,,,,112.196,,,
30,61285981010478,2001,31.217577,-81.551014,127,5,,,,,1.452,,,,,2.593,,,,,3.438,,,,,4.977,,,,,7.067,,,
30,56964693010478,1997,32.509995,-84.425009,269,5,79.315,,,,,,,,,,42.739,,,,,50.737,,,,,70.19,,,,,90.369,,
30,56663065010478,1997,32.884476,-82.315291,163,5,115.318,,,,,121.29,,,,,126.014,,,,,82.27,,,,,85.375,,,,,,,
30,61598201010478,2000,33.148055,-82.129884,33,5,,,,175.237,,,,,172.229,,,,,179.296,,,,,217.559,,,,,146.853,,,,
30,56628036010478,1997,32.100198,-81.72884,29,5,198.113,,189.429,,,,,,,,219.496,,,,,238.648,,,,,251.703,,,,,,,
30,56862725010478,1997,32.975812,-83.114518,9,5,196.551,,,,,,,,101.629,,,,,83.87,,,,,78.887,,,,,95.077,,,,
30,61563131010478,2000,34.162679,-83.37875,157,5,,,,163.331,,,,,170.438,,,,,195.928,,,,,233.809,,,,,239.99,,,,
30,61367862010478,2004,32.017976,-83.887572,81,5,,,,,,,,54.137,,,,,86.95,,,,,99.716,,,,,108.469,,,,,150.431
30,56901039010478,1997,31.485763,-82.113154,305,5,213.916,,,,,,,,,,,,5.829,,,,,19.531,,,,,47.022,,,,,79.686
30,61319185010478,2004,33.80715,-84.97844,223,5,,,,,,,,113.097,,,,,149.168,,,,,107.393,,,,,137.431,,,,,158.01
30,61614621010478,1999,33.778043,-83.123816,221,5,,,71.061,,,,,,,,,101.31,,,,,115.839,,,,,140.745,,,,,167.97,
30,61476826010478,2002,34.113736,-84.019055,135,5,,,,,,144.129,,,,,151.888,,,,,,,156.143,,,,,177.253,,,,,193.93
30,61423082010478,2003,32.367335,-81.916978,31,5,,,,,,,19.763,,,,,28.855,,,,,42.222,,,,,59.344,,,,,55.411,
30,61406002010478,2003,30.999499,-83.952606,275,5,,,,,,,161.251,,,,,157.564,,,,,228.272,,,,,261.705,,,,,260.572,
30,61333678010478,2004,32.582667,-83.464878,289,5,,,,,,,,118.131,,,,,134.377,,,,,183.497,,,,,206.362,,,,,238.714
30,61310871010478,2004,30.776605,-83.264631,185,5,,,,,,,,92.195,,,,,105.664,,,,,130.125,,,,,126.315,,,,,47.94
30,61353711010478,2004,32.887014,-83.622072,21,5,,,,,,,,165.588,,,,,190.909,,,,,169.149,,,,,202.017,,,,,258.423
31,56908215010478,1997,31.96468,-82.541013,309,5,113.828,,,,,71.768,,,,,,,,,,2.386,,,,,17.83,,,,,46.625,,
31,61486888010478,2001,33.011765,-84.001562,207,5,,,,,98.433,,,,,110.119,,,,,135.977,,,,,152.836,,,,,163.108,,,
31,61043936010478,1999,31.187542,-81.597343,127,5,,,15.443,,,,,,40.811,,,,,55.971,,,,,41.138,,,,,75.059,,,,
31,61620017010478,1999,34.837901,-83.503892,241,5,,,35.076,,,,,,,,64.612,,,,,89.014,,,,,117.275,,,,,135.053,,
31,61249086010478,1998,34.508246,-85.192741,55,5,,70.142,,,,,,,,122.36,,,,,146.594,,,,,130.619,,,,,173.624,,,
31,56639337010478,1997,33.254297,-81.915392,33,5,158.099,170.088,,,,,,,,,,,,,123.048,,,,,152.273,,,,,187.947,,,
31,61068627010478,1998,30.928264,-84.016698,275,5,,17.002,,,,,,,,29.875,,,,,31.986,,,,,28.98,,,,,30.322,,,
31,56629697010478,1997,32.012939,-81.356502,29,5,163.677,198.799,,,,,,,,,242.104,,,,,263.483,,,,,281.677,,,,,,,
31,61236864010478,1998,31.284173,-83.176883,19,5,,17.584,,,,,,,83.846,,,,,143.624,,,,,157.468,,,,,127.3,,,,
31,56595257010478,1997,32.786104,-81.44644,251,5,413.492,342.299,,,,,,,,,,,,,,151.169,,,,,185.526,,,,,233.042,,
31,56584450010478,1997,31.627594,-84.863055,243,5,104.266,,,,,160.477,,,,,178.496,,,,,206.431,,,,,,,,,,80.213,,
31,56818908010478,1997,31.9008,-83.801674,81,5,110.38,,,141.35,,,,,172.209,,,,,205.141,,,,,,,,,,18.679,,,,
31,61551062010478,2000,34.235613,-82.763047,105,5,,,,135.212,,,,,167.323,,,,,200.217,,,,,230.285,,,,,280.371,,,,
31,56899092010478,1997,32.894357,-82.712352,303,5,146.445,77.602,,,,,,,,,,,85.378,,,,,104.507,,,,,,,,,,78.28
31,56614427010478,1997,33.397876,-82.502174,189,5,122.972,,,,,,140.825,,,,,,,,,,147.701,,,,,162.614,,,,,180.22,
31,56920694010478,1997,31.390425,-83.649057,277,5,106.894,,,,,,,,,,,30.059,,,,,88.085,,,,,134.59,,,,,191.051,
31,56938587010478,1997,32.955415,-84.512772,293,5,209.129,,,,,,,,,,,16.692,,,,,29.874,,,,,56.892,,,,,73.998,
31,56877109010478,1997,31.273236,-82.747043,3,5,121.246,,148.519,,,,,,146.39,,,,,160.487,,,,,173.098,,,,,,,,,
31,56969249010478,1997,31.79327,-82.876826,271,5,208.714,,,,,,,,,,,,70.483,,,,,110.058,,,,,162.193,,,,,212.149
31,61297986010478,2004,34.287703,-83.644682,139,5,,,,,,,,28.098,,,,,50.528,,,,,80.711,,,,,91.342,,,,,122.646
31,56765472010478,1997,33.816175,-82.782517,317,5,138.216,,,,,,,198.607,,,,,,,,,,239.691,,,,,264.313,,,,,281.206
31,61344946010478,2003,33.310345,-82.425772,301,5,,,,,,,45.609,,,,,54.259,,,,,62.145,,,,,52.37,,,,,63.636,
31,61370101010478,2004,32.049455,-83.695759,93,5,,,,,,,,6.275,,,,,8.422,,,,,17.767,,,,,24.691,,,,,32.218
31,61334353010478,2004,34.827219,-83.902123,291,5,,,,,,,,145.165,,,,,165.701,,,,,187.918,,,,,209.018,,,,,222.714
32,61289483010478,2001,32.62129,-84.976699,145,5,,,,,91.959,,,,,80.551,,,,,69.514,,,,,50.237,,,,,37.32,,,
32,61567240010478,2000,32.273401,-82.85292,175,5,,,,399.546,,,,,,427.838,,,,,,410.034,,,,,444.61,,,,,480.248,,
32,61123565010478,2002,32.048752,-82.954944,271,5,,,,,,22.754,,,,,59.445,,,,,135.713,,,,,229.593,,,,,307.512,,
32,56781195010478,1997,31.34286,-85.051288,99,5,148.964,,,169.421,,,,,,,,,,165.39,,,,,174.947,,,,,142.167,,,,
32,61093732010478,1999,31.198866,-83.292244,19,5,,,14.646,,,,,,14.807,,,,,,,16.353,,,,,13.191,,,,,6.781,,
32,56569160010478,1997,31.312702,-82.291955,229,5,101.578,120.125,,,,,,,,,,,,,,,,106.155,,,,,140.663,,,,,180.101
32,61143566010478,1998,34.47531,-84.697717,129,5,,105.81,,,,,,,,,,122.707,,,,,125.44,,,,,129.966,,,,,159.962,
32,56768869010478,1997,32.829534,-83.190213,319,5,147.889,,,,,,,173.217,,,,,,,,,,46.87,,,,,85.155,,,,,133.635
32,56648074010478,1997,31.079601,-81.842292,39,5,115.979,,,,,,,154.28,,,,,160.704,,,,,195.471,,,,,,,,,,17.278
33,56773330010478,1997,31.971952,-83.161251,91,5,156.934,,,,,,,,,,13.883,,,,,68.722,,,,,125.091,,,,,167.13,,
33,56933567010478,1997,32.576859,-83.476065,289,5,95.701,,,,,113.784,,,,,123.31,,,,,,,,,,77.235,,,,,152.409,,
33,61580290010478,1999,33.368054,-82.720917,301,5,,,44.804,,,,,,,,81.292,,,,,114.527,,,,,168.257,,,,,237.466,,
33,56743488010478,1997,34.116549,-85.196788,115,5,94.964,105.638,,,,,,,,,,,,,54.499,,,,,68.892,,,,,94.663,,,
33,61286481010478,2001,34.419371,-84.747088,129,5,,,,,90.58,,,,,79.857,,,,,62.442,,,,,65.235,,,,,83.829,,,
33,61605933010478,1999,32.403631,-83.901257,193,5,,,229.542,,,,,,231.984,,,,,,187.925,,,,,146.259,,,,,171.261,,,
33,61557101010478,2000,33.669266,-83.279839,133,5,,,,94.87,,,,,133.236,,,,,183.34,,,,,228.726,,,,,263.513,,,,
33,56792344010478,1997,34.124241,-82.700427,105,5,66.234,,,,,,,,,,52.959,,,,,63.48,,,,,91.009,,,,,112.422,,
33,56913961010478,1997,31.992833,-83.339621,315,5,42.874,,,85.685,,,,,135.906,,,,,,,,,,28.444,,,,,105.635,,,,
33,61555000010478,2000,34.654639,-84.364824,123,5,,,,222.369,,,,,234.663,,,,,225.42,,,,,249.451,,,,,268.392,,,,
33,61529845010478,2000,32.908697,-84.18263,293,5,,,,98.584,,,,,129.181,,,,,160.214,,,,,175.54,,,,,204.266,,,,
33,56891984010478,1997,31.017233,-82.176296,299,5,100.078,,,,,,,,,,,,144.269,,,,,165.923,,,,,197.662,,,,,197.342
33,56922245010478,1997,31.515021,-83.464156,277,5,282.698,287.919,,,,,,,,,,372.937,,,,,,,,,,8.153,,,,,52.266,
33,216089197010854,1997,34.934477,-84.633207,213,5,170.284,,,,,,168.299,,,,,187.703,,,,,203.398,,,,,119.973,,,,,,
33,61349955010478,2003,32.855094,-83.042439,319,5,,,,,,,106.638,,,,,118.864,,,,,124.127,,,,,153.816,,,,,185.531,
33,61334048010478,2004,34.904296,-84.005805,291,5,,,,,,,,51.001,,,,,49.343,,,,,47.179,,,,,56.708,,,,,68.016
33,61379505010478,2003,32.852381,-84.996343,145,5,,,,,,,24.731,,,,,49.443,,,,,75.245,,,,,107.78,,,,,148.163,
33,61165034010478,1999,33.791557,-85.007863,45,5,,,112.112,,,,,,,,,,201.166,,,,,226.11,,,,,259.855,,,,,226.289
33,61334981010478,2004,34.667489,-85.467161,295,5,,,,,,,,195.224,,,,,204.214,,,,,237.316,,,,,251.217,,,,,303.238
33,61302693010478,2004,34.091474,-83.55824,157,5,,,,,,,,175.374,,,,,211.201,,,,,218.231,,,,,253.178,,,,,288.394
34,61284623010478,2001,33.708557,-84.607236,121,5,,,,,139.074,,,,,147.251,,,,,166.742,,,,,194.112,,,,,184.351,,,
34,61517536010478,2000,31.35734,-82.105538,229,5,,,,1.211,,,,,2.239,,,,,3.382,,,,,5.362,,,,,10.749,,,,
34,56829039010478,1997,33.745178,-84.916016,45,5,253.874,,,,319.233,,,,,382.36,,,,,397.757,,,,,,,,,,211.514,,,
34,56669497010478,1997,32.781241,-82.867762,167,5,159.975,,,,,,,,,99.844,,,,,128.914,,,,,172.284,,,,,212.509,,,
34,61121610010478,2002,32.747729,-84.507782,263,5,,,,,,120.039,,,,,134.897,,,,,156.815,,,,,175.626,,,,,183.914,,
34,56788470010478,1997,32.335698,-81.335741,103,5,25.065,,,,,43.33,,,,,52.678,,,,,70.008,,,,,96.162,,,,,,,
34,61144470010478,1998,33.651258,-83.259524,133,5,,74.86,,,,,,,,123.386,,,,,128.252,,,,,160.501,,,,,147.698,,,
34,61068016010478,1998,31.904613,-84.566297,273,5,,107.989,,,,,,,114.627,,,,,140.06,,,,,166.618,,,,,180.362,,,,
34,56859498010478,1997,31.443566,-84.439688,7,5,248.123,,,237.577,,,,,249.007,,,,,,,,,,288.524,,,,,82.031,,,,
34,61567572010478,2000,31.898287,-84.237545,177,5,,,,121.6,,,,,138.786,,,,,153.758,,,,,145.227,,,,,136.926,,,,
34,61289605010478,2001,32.718988,-84.968022,145,5,,,,,56.94,,,,,93.415,,,,,137.707,,,,,182.627,,,,,225.425,,,
34,61075678010478,1998,33.68115,-83.633644,297,5,,131.948,,,,,,,,,,,181.513,,,,,204.365,,,,,229.165,,,,,286.368
34,56691798010478,1997,32.91232,-83.875455,207,5,95.746,,,,,,106.034,,,,,113.511,,,,,129.662,,,,,127.938,,,,,,
34,56635116010478,1997,32.581627,-81.73964,31,5,110.25,,,,,,,,36.982,,,,,76.148,,,,,159.996,,,,,196.884,,,,
34,56852426010478,1997,30.936637,-82.740358,65,5,52.618,,,,,,,116.079,,,,,,,,,,26.448,,,,,75.076,,,,,118.366
34,56672634010478,1997,33.009802,-83.423648,169,5,94.163,,,,,,,,,,,16.8,,,,,57.913,,,,,108.087,,,,,165.084,
34,56618799010478,1997,32.243357,-84.091794,193,5,224.407,,,,,,270.323,,,,,265.668,,,,,,,,,,253.744,,,,,255.237,
34,61366771010478,2004,33.428346,-84.627148,77,5,,,,,,,,102.768,,,,,110.214,,,,,133.744,,,,,160.133,,,,,155.64
34,56762557010478,1997,31.035076,-84.30119,131,5,125.265,,,171.535,,,,,184.409,,,,,,,,,,214.6,,,,,220.526,,,,
34,56656847010478,1997,33.154578,-83.706435,159,5,130.904,,144.533,,,,,,,,,,,,,,168.485,,,,,185.847,,,,,201.742,
34,61375252010478,2004,34.428657,-85.117319,115,5,,,,,,,,81.985,,,,,98.702,,,,,96.398,,,,,109.394,,,,,127.64
35,56672311010478,1997,33.059008,-83.442248,169,5,170.639,,,,,190.804,,,,,229.955,,,,,,,,,,168.525,,,,,211.498,,
35,61466560010478,2002,32.113896,-83.247948,91,5,,,,,,32.462,,,,,10.949,,,,,16.07,,,,,26.215,,,,,32.73,,
35,61526080010478,2000,31.970804,-82.729576,271,5,,,,10.386,,,,,,25.36,,,,,,54.837,,,,,82.897,,,,,97.092,,
35,56599987010478,1997,31.803963,-81.456431,179,5,60.231,,,,,,,,,,19.698,,,,,19.741,,,,,56.604,,,,,89.445,,
35,56756406010478,1997,31.192262,-81.730508,127,5,89.44,,,146.954,,,,,170.48,,,,,206.913,,,,,,,,,,41.935,,,,
35,56876741010478,1997,31.345946,-82.791327,3,5,78.164,95.706,,,,,,,,,,,,,,9.409,,,,,34.902,,,,,57.558,,
35,61463937010478,2002,31.964446,-83.868662,81,5,,,,,,177.108,,,,,206.211,,,232.298,,,,,267.362,,,,,210.315,,,,
35,61283940010478,2001,34.32987,-85.243291,115,5,,,,,202.479,,,,,218.48,,,,,234.145,,,,,251.885,,,,,282.935,,,
35,61072998010478,1998,32.513637,-83.485483,289,5,,32.167,,,,,,,,65.846,,,,,76.708,,,,,90.935,,,,,114.717,,,
35,56941525010478,1997,34.889995,-85.347675,295,5,143.537,138.631,,,,,,,,164.956,,,,,,,,,,141.384,,,,,149.223,,,
35,61047780010478,1999,33.886174,-83.915292,135,5,,,29.986,,,,,,,65.257,,,,,102.151,,,,,154.361,,,,,194.865,,,
35,61493045010478,2001,33.305517,-82.034842,245,5,,,,,150.112,,,,,149.878,,,,,193.947,,,,,217.097,,,,,278.952,,,
35,56777555010478,1997,31.474775,-84.319209,95,5,120.544,,,,,,,,,,43.007,,,,,56.157,,,,,85.046,,,,,93.281,,
35,61488957010478,2001,33.800827,-83.057276,221,5,,,,,160.034,,,,,185.495,,,,,193.687,,,,,257.913,,,,,290.516,,,
35,56637355010478,1997,33.054215,-81.996942,33,5,38.929,,,,,,,88.28,,,,,113.358,,,,,,,,,,26.419,,,,,72.242
35,61296596010478,2004,33.444031,-83.239031,133,5,,,,,,,,99.936,,,,,127.02,,,,,148.756,,,,,169.434,,,,,191.657
35,61122070010478,2002,32.723669,-84.563526,263,5,,,,,,23.555,,,,,44.828,,,,,,,81.172,,,,,99.726,,,,,66.543
36,61449110010478,2002,31.183459,-82.15213,25,5,,,,,,93.307,,,,,123.919,,,,,144.949,,,,,171.92,,,,,175.368,,
36,61098960010478,2002,32.454064,-83.746964,153,5,,,,,,14.375,,,,,32.078,,,35.391,,,,,42.369,,,,,60.827,,,,
36,56778616010478,1997,31.548747,-84.076904,95,5,92.714,,92.248,,,,,,,112.688,,,,,90.236,,,,,76.111,,,,,,,,
36,61447270010478,2002,34.211391,-84.963364,15,5,,,,,,49.251,,,,,73.419,,,,,73.675,,,,,100.25,,,,,142.202,,
36,61115598010478,2002,34.06683,-85.030683,233,5,,,,,,130.012,,,,,153.938,,,,,156.177,,,,,176.762,,,,,218.31,,
36,61117237010478,2002,34.992263,-83.12123,241,5,,,,,,214.374,,,,,225.02,,,,,207.651,,,,,187.839,,,,,215.157,,
36,61491374010478,2001,33.259771,-83.410521,237,5,,,,,173.087,,,,,178.825,,,,,197.344,,,,,206.946,,,,,235.622,,,
36,61127415010478,2002,34.679451,-85.395332,295,5,,,,,,40.525,,,,,44.325,,,,,55.453,,,,,77.391,,,,,93.014,,
36,56840723010478,1997,34.460463,-85.453207,55,5,103.031,,,,,131.017,,,,,124.681,,,,,,,,,,25.249,,,,,95.058,,
36,56924473010478,1997,32.104058,-82.203041,279,5,20.287,,,,,51.115,,,,,56.285,,,,,62.074,,,,,80.641,,,,,,,
36,56958728010478,1997,32.791968,-84.499559,263,5,137.609,,150.172,,,,,,175.162,,,,,182.103,,,,,,,,,,113.055,,,,
36,56812253010478,1997,33.288321,-84.917323,77,5,140.726,,,174.319,,,,,208.352,,,,,,,,,,256.894,,,,,290.037,,,,
36,61399401010478,2003,33.375819,-82.252236,245,5,,,,,,,22.849,,,,,23.911,,,,,25.081,,,,,26.483,,,,,25.05,
36,61185477010478,1999,32.769127,-83.980136,79,5,,,33.725,,,,,,,,,52.641,,,,,73.084,,,,,113.421,,,,,145.888,
36,56784469010478,1997,30.732003,-83.009103,101,5,83.295,106.529,,,,,,,,,,176.363,,,,,,,,,,64.528,,,,,123.274,
36,56955833010478,1997,31.958508,-84.117647,261,5,103.874,,,,,,,66.539,,,,,49.614,,,,,73.749,,,,,111.556,,,,,
36,56665933010478,1997,32.747265,-81.914106,165,5,188.497,,211.935,,,,,,,,,,,,,,28.805,,,,,64.488,,,,,108.02,
36,56669873010478,1997,32.729588,-82.463417,167,5,68.172,,,,,,,77.487,,,,,60.175,,,,,20.17,,,,,3.964,,,,,
36,61361829010478,2004,34.208316,-84.599901,57,5,,,,,,,,112.529,,,,,121.727,,,,,120.411,,,,,171.177,,,,,192.78
36,61141241010478,1998,33.635779,-84.661507,121,5,,121.05,,,,,,,,,,,40.692,,,,,62.654,,,,,83.085,,,,,110.586
36,61376337010478,2003,34.550968,-84.644138,123,5,,,,,,,35.256,,,,,45.776,,,,,50.925,,,,,51.542,,,,,27.973,
37,61106534010478,2002,30.727408,-83.196822,185,5,,,,,,134.713,,,,,165.952,,,,,75.199,,,,,87.497,,,,,81.375,,
37,61276239010478,2001,33.328713,-84.739929,77,5,,,,,91.13,,,,,110.989,,,,,136.652,,,,,171.193,,,,,195.775,,,
37,61630227010478,1999,31.974833,-81.988502,267,5,,,13.351,,,,,,16.08,,,,,17.764,,,,,25.982,,,,,25.426,,,,
37,61477907010478,2002,34.227921,-83.902897,139,5,,,,,,67.99,,,,,77.989,,,,,88.799,,,,,99.637,,,,,76.772,,
37,61291732010478,2001,34.181578,-83.492001,157,5,,,,,161.737,,,,,180.846,,,,,199.558,,,,,238.564,,,,,268.447,,,
37,61263411010478,2001,31.225663,-81.845587,25,5,,,,,0.892,,,,,2.688,,,,,4.756,,,,,10.454,,,,,19.491,,,
37,61588489010478,1999,32.785508,-82.996211,319,5,,,15.111,,,,,,,32.865,,,,,58.436,,,,,85.465,,,,,120.205,,,
37,56913688010478,1997,31.904352,-83.235575,315,5,410.925,,,,410.695,,,,,417.247,,,,,417.415,,,,,413.239,,,,,,,,
37,61157247010478,1998,32.98577,-83.530469,169,5,,17.199,,,,,,,19.157,,,,,53.839,,,,,70.439,,,,,83.635,,,,
37,61104557010478,2002,31.863458,-84.217485,177,5,,,,,,74.206,,,,,79.323,,,,,70.345,,,,,86.016,,,,,96.107,,
37,61250399010478,1998,31.550474,-82.154227,1,5,,18.076,,,,,,,,30.305,,,,,49.746,,,,,95.467,,,,,135.329,,,
37,56588516010478,1997,33.347995,-82.092639,245,5,73.134,,,,,,,103.797,,,,,110.712,,,,,121.617,,,,,,,,,,78.911
37,61374457010478,2004,34.873649,-84.129696,111,5,,,,,,,,122.314,,,,,145.095,,,,,147.264,,,,,139.023,,,,,161.322
37,56759379010478,1997,34.576959,-85.054277,129,5,10.933,11.851,,,,,,,,,,,13.956,,,,,,,,,,8.727,,,,,3.324
37,61093120010478,1999,31.329635,-83.168925,19,5,,,6.084,,,,,,,,,,37.759,,,,,66.877,,,,,104.895,,,,,120.874
37,56635952010478,1997,32.465988,-81.752975,31,5,175.395,169.836,,,,,,,,,,150.468,,,,,,,,,,256.405,,,,,292.058,
37,61377903010478,2003,34.067275,-83.97166,135,5,,,,,,,156.921,,,,,174.328,,,,,167.781,,,,,160.956,,,,,79.691,
38,61569126010478,2000,31.67773,-81.519598,183,5,,,,64.099,,,,,,128.952,,,,,161.548,,,,,174.329,,,,,189.69,,,
38,61209491010478,1998,33.124055,-84.610023,199,5,,16.208,,,,,,,,,66.329,,,,,94.935,,,,,153.843,,,,,211.853,,
38,61154457010478,1998,31.956463,-82.441648,161,5,,162.402,,,,,,,,183.06,,,,,198.265,,,,,175.154,,,,,174.438,,,
38,56639492010478,1997,33.010086,-81.856924,33,5,168.675,,,,191.548,,,,,,,,,,220.405,,,,,258.866,,,,,264.951,,,
38,56739957010478,1997,34.92681,-84.234918,111,5,91.107,97.061,,,,,,,,,73.391,,,,,,,,,,99.481,,,,,119.36,,
38,56697093010478,1997,33.563891,-83.565345,211,5,143.965,,,,162.02,,,,,,,,,,103.244,,,,,123.226,,,,,134.946,,,
38,56598671010478,1997,31.797463,-81.586246,179,5,147.915,,,,,,,,,,0.556,,,,,15.715,,,,,89.987,,,,,147.014,,
38,61553021010478,2000,34.288564,-85.151414,115,5,,,,103.061,,,,,110.652,,,,,122.193,,,,,131.769,,,,,133.385,,,,
38,61551737010478,2000,32.603092,-82.017241,107,5,,,,72.287,,,,,,107.422,,,,,158.211,,,,,203.665,,,,,253.062,,,
38,61285396010478,2001,34.643721,-84.526485,123,5,,,,,105.656,,,,,130.493,,,,,136.992,,,,,157.273,,,,,183.446,,,
38,61550988010478,2000,32.27665,-81.145393,103,5,,,,133.349,,,,,128.334,,,,,126.574,,,,,133.462,,,,,164.529,,,,
38,56586860010478,1997,33.368992,-82.191267,245,5,23.53,25.034,,,,,,,33.337,,,,,,,,,,25.001,,,,,33.394,,,,
38,56967240010478,1997,32.668916,-84.10127,269,5,105.418,,,130.606,,,,,121.863,,,,,,,,,,179.778,,,,,214.641,,,,
38,56771279010478,1997,31.517955,-83.673238,321,5,238.314,,,265.309,,,,,289.192,,,,,,,,,,114.189,,,,,164.475,,,,
38,61248743010478,1998,34.400284,-85.418064,55,5,,43.788,,,,,,,,,,,110.187,,,,,119.148,,,,,159.379,,,,,200.585
38,61312120010478,2004,31.521227,-81.503686,191,5,,,,,,,,13.659,,,,,33.139,,,,,71.457,,,,,127.092,,,,,175.86
38,61404800010478,2003,32.016169,-82.942012,271,5,,,,,,,30.771,,,,,81.407,,,,,152.526,,,,,197.486,,,,,245.077,
38,61510759010478,2002,31.88379,-82.141118,1,5,,,,,,31.628,,,,,66.974,,,,,,,109.356,,,,,154.506,,,,,164.952
38,61349236010478,2003,33.781523,-82.831608,317,5,,,,,,,31.071,,,,,36.984,,,,,30.076,,,,,36.939,,,,,27.849,
39,56726793010478,1997,32.670751,-84.777853,145,5,78.166,88.932,,,,,,,,,,,,,,76.456,,,,,82.876,,,,,104.949,,
39,56792559010478,1997,33.995355,-82.635547,105,5,45.531,,46.629,,,,,,,,71.442,,,,,,,,,,35.228,,,,,51.746,,
39,61478129010478,2002,33.441742,-83.012177,141,5,,,,,,144.276,,,,,166.655,,,,,173.554,,,,,195.167,,,,,211.773,,
39,56944987010478,1997,33.728154,-83.665017,297,5,106.35,,,,109.651,,,,,112.7,,,,,,,,,,104.617,,,,,121.238,,,
39,56811870010478,1997,33.326367,-84.706065,77,5,69.404,,85.552,,,,,,,,153.392,,,,,,,,,,165.91,,,,,210.824,,
39,56576816010478,1997,33.36114,-83.522947,237,5,67.907,71.376,,,,,,,122.219,,,,,,,,,,55.136,,,,,68.29,,,,
39,61242317010478,1998,33.00351,-82.22154,33,5,,66.159,,,,,,,47.32,,,,,62.351,,,,,83.265,,,,,117.485,,,,
39,61047170010478,1999,33.627762,-83.078165,133,5,,,121.36,,,,,,,,,175.141,,,,,184.066,,,,,187.631,,,,,209.385,
39,56587366010478,1997,33.310281,-82.115931,245,5,21.51,,29.978,,,,,,,,,61.143,,,,,,,,,,51.274,,,,,70.316,
39,56816551010478,1997,32.705493,-83.974528,79,5,194.562,,,,,,189.355,,,,,210.376,,,,,,,,,,109.165,,,,,147.64,
39,56802145010478,1997,31.586862,-82.925399,69,5,55.338,62.745,,,,,,,90.575,,,,,118.502,,,,,,,,,,171.484,,,,
39,61095435010478,1999,30.847013,-83.689647,27,5,,,25.707,,,,,,,,,10.967,,,,,4.196,,,,,3.069,,,,,10.497,
39,56684738010478,1997,32.946091,-84.617572,199,5,18.465,,,,,,,,,,,,1.473,,,,,18.511,,,,,40.568,,,,,60.289
39,56858060010478,1997,33.954184,-84.704518,67,5,217.954,,,,,,,305.511,,,,,,,,,,318.173,,,,,369.285,,,,,411.245
39,61415743010478,2003,31.776132,-82.222274,1,5,,,,,,,50.369,,,,,67.886,,,,,88.86,,,,,34.932,,,,,42.169,
39,56939559010478,1997,32.8583,-84.212748,293,5,45.347,44.765,,,,,,,,,,,57.497,,,,,,,,,,41.518,,,,,38.605
39,56673095010478,1997,33.124674,-83.689075,169,5,222.894,,,,,,,233.927,,,,,,,,,,173.038,,,,,199.456,,,,,229.447
40,61113671010478,2002,33.772586,-83.186083,221,5,,,,,,154.032,,,,,134.121,,,,,166.426,,,,,193.019,,,,,232.813,,
40,56859096010478,1997,33.820768,-84.503006,67,5,196.095,,,,,,,,,,116.876,,,,,141.358,,,,,156.976,,,,,121.862,,
40,61564648010478,2000,32.898065,-81.942584,165,5,,,,167.578,,,,,181.228,,,,,196.213,,,,,200.961,,,,,228.728,,,,
40,56720691010478,1997,33.316567,-82.92319,141,5,105.824,123.604,,,,,,,,170.97,,,,,,,,,,37.656,,,,,108.102,,,
40,56713451010478,1997,33.934824,-84.028945,135,5,129.154,136.356,,,,,,,,125.286,,,,,138.255,,,,,161.483,,,,,,,,
40,56623252010478,1997,32.486819,-84.60557,197,5,23.132,33.483,,,,,,,,,,,,,163.127,,,,,161.181,,,,,188.968,,,
40,56662233010478,1997,32.990963,-82.51712,163,5,143.65,134.271,,,,,,,,,135.414,,,,,142.887,,,,,175.288,,,,,,,
40,61239956010478,1998,30.839849,-83.489089,27,5,,24.974,,,,,,,,90.717,,,,,114.094,,,,,150.254,,,,,162.173,,,
40,61054261010478,1999,33.402073,-84.034559,151,5,,,73.5,,,,,,,,,103.704,,,,,128.344,,,,,154.122,,,,,188.69,
40,61303877010478,2004,31.864794,-82.451737,161,5,,,,,,,,98.422,,,,,128.888,,,,,185.351,,,,,224.133,,,,,243.685
40,56750497010478,1997,34.027894,-84.379337,121,5,387.223,,,,,,426.808,,,,,,,,,,147.95,,,,,183.586,,,,,75.526,
40,56628933010478,1997,32.167774,-81.539425,29,5,161.67,,131.928,,,,,,,,,,,,,,,30.656,,,,,76.354,,,,,108.513
40,61631782010478,1999,32.488962,-84.310276,269,5,,,13.035,,,,,,,,,,24.775,,,,,40.214,,,,,58.896,,,,,75.94
40,56717853010478,1997,34.388866,-83.955457,139,5,203.175,,212.213,,,,,,,,,,,,,,108.44,,,,,120.157,,,,,134.14,
40,61529485010478,2000,34.77219,-84.035986,291,5,,,,156.804,,,,,,196.927,,,,169.859,,,,,170.621,,,,,187.726,,,,
40,61362300010478,2004,34.363147,-84.604891,57,5,,,,,,,,73.461,,,,,87.888,,,,,110.311,,,,,129.463,,,,,160.997
40,61374644010478,2004,34.746141,-84.243308,111,5,,,,,,,,74.409,,,,,81.042,,,,,88.318,,,,,101.444,,,,,111.66
41,61046803010478,1999,33.670712,-83.193759,133,5,,,41.583,,,,,,,,79.505,,,,,112.972,,,,,150.912,,,,,202.75,,
41,61194282010478,1999,34.008658,-82.814075,105,5,,,121.28,,,,,,127.415,,,,,151.792,,,,,154.18,,,,,106.172,,,,
41,61109278010478,2002,32.892561,-84.707925,199,5,,,,,,47.58,,,,,44.668,,,,,29.648,,,,,87.574,,,,,75.444,,
41,61122376010478,2002,32.275265,-82.1357,267,5,,,,,,51.379,,,,,65.487,,,,,75.212,,,,,96.585,,,,,86.351,,
41,56945259010478,1997,33.796086,-83.671774,297,5,329.498,,330.341,,,,,,,,,,,,397.799,,,,,416.098,,,,,441.03,,,
41,56736073010478,1997,32.319761,-83.642751,153,5,46.043,,71.616,,,,,,,100.919,,,,,137.379,,,,,,,,,,87.03,,,
41,61412220010478,2002,31.515654,-82.023098,305,5,,,,,,96.259,,,,,122.869,,,,,175.485,,,,,212.791,,,,,265.663,,
41,61123824010478,2002,31.807436,-84.401079,273,5,,,,,,16.607,,,,,39.021,,,,,68.574,,,,,103.086,,,,,136.013,,
41,56577155010478,1997,33.382872,-83.489339,237,5,107.72,,,,,129.85,,,,,145.062,,,,,181.898,,,,,,,,,,56.485,,
41,61510470010478,2002,31.747135,-82.507461,1,5,,,,,,33.486,,,,,39.192,,,,,45.915,,,,,52.306,,,,,57.664,,
41,61263630010478,2001,31.228138,-82.140599,25,5,,,,,52.073,,,,,59.534,,,,,74.549,,,,,73.528,,,,,87.082,,,
41,56585812010478,1997,31.678463,-84.651185,243,5,119.623,123.665,,,,,,,151.082,,,,,158.925,,,,,167.737,,,,,,,,,
41,56881492010478,1997,31.250715,-83.16263,19,5,173.492,,177.189,,,,,,,183.069,,,,,208.267,,,,,,,,,,209.044,,,
41,56932890010478,1997,32.463808,-83.489768,289,5,231.566,,256.706,,,,,,,,,,,,,,42.977,,,,,74.645,,,,,109.737,
41,56753093010478,1997,34.625655,-84.483893,123,5,177.746,,,,,,,,,,,51.449,,,,,85.189,,,,,108.106,,,,,141.926,
41,61392514010478,2003,31.141069,-84.012108,205,5,,,,,,,93.498,,,,,103.756,,,,,124.493,,,,,146.76,,,,,144.939,
41,61388547010478,2003,30.732332,-83.440653,185,5,,,,,,,169.191,,,,,178.665,,,,,76.066,,,,,95.239,,,,,123.063,
41,61102941010478,2002,33.076547,-83.605141,169,5,,,,,,92.905,,,,,112.835,,,120.897,,,,,144.677,,,,,171.59,,,,
41,61444144010478,2003,34.869214,-84.219631,111,5,,,,,,,141.991,,,,,160.795,,,,,166.047,,,,,170.893,,,,,187.584,
41,61328360010478,2004,32.682122,-84.350439,263,5,,,,,,,,63.592,,,,,74.65,,,,,106.847,,,,,116.854,,,,,125.156
41,61317218010478,2004,33.660528,-83.463252,211,5,,,,,,,,44.329,,,,,78.14,,,,,129.912,,,,,171.86,,,,,193.377
42,56705755010478,1997,34.002029,-82.993311,221,5,79.23,,,93.206,,,,,83.1,,,,,101.737,,,,,,,,,,17.895,,,,
42,61486179010478,2001,33.174555,-84.779028,199,5,,,,,91.857,,,,,99.949,,,,,107.326,,,,,136.44,,,,,163.115,,,
42,61541256010478,2000,34.298843,-84.408838,57,5,,,,68.496,,,,,72.041,,,,,79.47,,,,,85.214,,,,,14.642,,,,
42,56871320010478,1997,31.802574,-82.474697,1,5,171.223,,,,,207.03,,,,,218.338,,,,,202.034,,,,,220.673,,,,,,,
42,56903390010478,1997,31.540781,-81.703328,305,5,40.344,,85.051,,,,,,,128.768,,,,,,,,,,78.657,,,,,95.139,,,
42,56658027010478,1997,33.415047,-83.801669,159,5,70.849,,90.648,,,,,,,134.053,,,,,,,,,,48.514,,,,,59.393,,,
42,61500113010478,2001,30.839743,-84.028783,275,5,,,,,205.858,,,,,102.978,,,,,100.427,,,,,76.78,,,,,85.882,,,
42,61555147010478,2000,34.68577,-84.629625,123,5,,,,197.121,,,,,,217.318,,,,,,202.067,,,,,232.082,,,,,246.049,,
42,61564967010478,2000,32.88078,-81.905856,165,5,,,,86.034,,,,,82.407,,,,,96.998,,,,,97.151,,,,,119.121,,,,
42,56692049010478,1997,33.08,-83.91,207,5,140.423,141.927,,,,,,,,,,,,,179.577,,,,,200.664,,,,,231.641,,,
42,61099645010478,2002,34.214827,-83.437753,157,5,,,,,,5.834,,,,,25.854,,,,,56.649,,,,,73.62,,,,,109.769,,
42,56617576010478,1997,31.610928,-81.287812,191,5,88.075,,,,,,,164.488,,,,,192.409,,,,,,,,,,48.118,,,,,70.3
42,56965157010478,1997,32.630922,-84.358112,269,5,159.645,,170.465,,,,,,,,,162.991,,,,,,,,,,182.231,,,,,225.222,
42,56897637010478,1997,32.922071,-82.858383,303,5,94.803,110.883,,,,,,,,,,,,,,,,8.637,,,,,52.778,,,,,98.676
42,61322297010478,2004,34.89892,-83.563328,241,5,,,,,,,,243.38,,,,,248.202,,,,,270.075,,,,,297.112,,,,,320.001
43,61463088010478,2002,33.326108,-84.769933,77,5,,,,,,63.957,,,,,102.687,,,,,139.544,,,,,187.216,,,,,261.574,,
43,56892967010478,1997,31.317376,-82.399792,299,5,69.834,75.198,,,,,,,,104.723,,,,,134.991,,,,,,,,,,131.549,,,
43,61573736010478,1999,33.088505,-85.098054,285,5,,,104.973,,,,,,,143.555,,,,,173.985,,,,,218.648,,,,,214.918,,,
43,56954624010478,1997,31.962956,-84.178718,261,5,39.75,,,,,43.946,,,,,62.944,,,,,84.639,,,,,,,,,,53.779,,
43,56693112010478,1997,32.969919,-83.788727,207,5,86.436,,107.139,,,,,,,,,,,,,160.525,,,,,195.864,,,,,222.339,,
43,56618525010478,1997,32.295272,-84.039102,193,5,223.385,,,,,,,,,64.266,,,,,116.132,,,,,149.703,,,,,157.039,,,
43,61073292010478,1998,32.70941,-83.381071,289,5,,174.022,,,,,,,,,,,202.835,,,,,227.33,,,,,251.241,,,,,279.707
43,56629612010478,1997,32.094431,-81.403843,29,5,175.811,,,,,,,219.431,,,,,,,,,,82.836,,,,,204.412,,,,,297.012
43,61379803010478,2003,32.765097,-84.880929,145,5,,,,,,,29.117,,,,,33.316,,,,,58.756,,,,,78.09,,,,,102.449,
43,61331532010478,2004,30.707618,-83.855225,275,5,,,,,,,,77.292,,,,,81.437,,,,,90.114,,,,,93.996,,,,,106.282
44,61287099010478,2001,30.853522,-84.190048,131,5,,,,,69.842,,,,,87.898,,,,,87.931,,,,,107.3,,,,,104.02,,,
44,56753960010478,1997,34.826516,-84.413898,123,5,179.315,,,,,,,,,,158.212,,,,,168.572,,,,,192.204,,,,,210.532,,
44,56914799010478,1997,32.101525,-83.574102,315,5,60.623,,,,105.23,,,,,55.606,,,,,,,,,,26.041,,,,,56.534,,,
44,29168338010478,2004,34.926548,-83.162073,241,5,,,,,,,,294.765,,,,,322.597,,,365.387,,,,,451.651,,,,,502.009,,
44,61501628010478,2001,32.804354,-83.464307,289,5,,,,,100.601,,,,,112.979,,,,,104.448,,,,,112.591,,,,,142.992,,,
44,61228789010478,1998,32.665322,-81.600129,251,5,,51.601,,,,,,,,,,,119.818,,,,,145.196,,,,,111.723,,,,,155.347
44,56806704010478,1997,31.174372,-83.817326,71,5,132.225,,,,,,,,,,,,121.603,,,,,154.54,,,,,187.803,,,,,172.699
44,56904496010478,1997,31.458257,-81.822384,305,5,74.284,,118.012,,,,,,,,,,,,,,,22.241,,,,,37.224,,,,,37.462
44,61426624010478,2003,33.598378,-85.168757,45,5,,,,,,,12.589,,,,,29.511,,,,,64.935,,,,,71.797,,,,,99.217,
44,56826815010478,1997,30.912131,-84.543994,87,5,120.023,,,,,,173.184,,,,,190.461,,,,,233.169,,,,,203.337,,,,,,
44,56629061010478,1997,32.054424,-81.462974,29,5,127.717,,,,,,142.382,,,,,155.833,,,,,,,,,,169.441,,,,,174.933,
44,61329480010478,2004,32.434658,-84.386146,269,5,,,,,,,,7.462,,,,,16.318,,,,,34.948,,,,,58.184,,,,,76.196
44,61333405010478,2004,33.187017,-84.991253,285,5,,,,,,,,43.215,,,,,60.579,,,,,86.065,,,,,119.455,,,,,147.53
45,61572543010478,1999,32.152221,-82.288307,279,5,,,67.732,,,,,,,,,,126.694,137.64,,,,,171.143,,,,,177.881,,,,
45,56967007010478,1997,32.522054,-84.175747,269,5,22.439,26.834,,,,,,,51.417,,,,,70.24,,,,,,,,,,97.56,,,,
45,61508936010478,2001,32.872581,-83.110172,319,5,,,,,25.446,,,,,64.702,,,,,106.907,,,,,153.369,,,,,185.9,,,
45,61267988010478,2001,33.733653,-84.982563,45,5,,,,,106.506,,,,,124.091,,,,,35.187,,,,,68.967,,,,,81.779,,,
45,56619763010478,1997,32.423218,-83.85378,193,5,159.093,,,,,213.827,,,,,,,,,,208.896,,,,,264.87,,,,,285.824,,
45,61120380010478,2002,32.046594,-84.87457,259,5,,,,,,119.12,,,,,143.104,,,,,164.482,,,,,181.962,,,,,226.941,,
45,61449906010478,2002,32.184273,-81.574216,29,5,,,,,,200.844,,,,,171.485,,,,,203.523,,,,,215.281,,,,,227.715,,
45,61153628010478,1998,33.422011,-83.665627,159,5,,49.307,,,,,,,,75.913,,,,,94.84,,,,,119.008,,,,,130.118,,,
45,61152291010478,1998,33.988986,-83.524794,157,5,,170.853,,,,,,,,,209.873,,,,,232.787,,,,,280.529,,,,,249.648,,
45,61040174010478,1999,34.357443,-85.184401,115,5,,,44.338,,,,,,84.691,,,,,95.4,,,,,95.181,,,,,112.369,,,,
45,61393098010478,2003,33.174804,-83.998709,207,5,,,,,,,39.448,,,,,39.656,,,,,42.654,,,,,54.14,,,,,70.215,
45,56814586010478,1997,33.398231,-84.954743,77,5,143.991,,,,,,,,,,,26.954,,,,,77.206,,,,,141.765,,,,,204.293,
45,61356660010478,2004,33.103025,-81.725433,33,5,,,,,,,,66.086,,,,,77.69,,,,,77.907,,,,,83.196,,,,,101.82
46,61551814010478,2000,32.503884,-82.323371,107,5,,,,63.238,,,,,,72.769,,,,82.451,,,,,87.365,,,,,104.299,,,,
46,61552434010478,2000,34.699303,-84.230121,111,5,,,,135.923,,,,,168.864,,,,,191.574,,,,,209.443,,,,,213.819,,,,
46,61498594010478,2001,32.400659,-84.335155,269,5,,,,,46.758,,,,,54.476,,,,,63.156,,,,,107.205,,,,,134.375,,,
46,56912535010478,1997,32.070656,-83.595273,315,5,103.682,,124.908,,,,,,2.744,,,,,11.147,,,,,81.532,,,,,,,,,
46,61230918010478,1998,32.168746,-84.79903,259,5,,99.632,,,,,,,,,,,155.679,,,,,202.871,,,,,253.399,,,,,296.767
46,56866189010478,1997,34.268519,-84.89484,15,5,152.468,,,,,,,,,,,,177.298,,,,,169.631,,,,,170.138,,,,,197.898
46,61295298010478,2004,31.130098,-81.604487,127,5,,,,,,,,135.116,,,,,158.021,,,,,191.2,,,,,245.628,,,,,260.39
46,56753879010478,1997,34.781898,-84.40766,123,5,218.303,,,,,,234.143,,,,,261.425,,,,,280.426,,,,,,,,,,346.536,
46,56765275010478,1997,33.650929,-82.589792,317,5,262.686,,283.885,,,,,,,,,288.284,,,,,330.689,,,,,367.006,,,,,,
46,61366886010478,2004,33.267956,-84.661039,77,5,,,,,,,,48.48,,,,,66.466,,,,,101.672,,,,,122.087,,,,,122.962
46,61322377010478,2004,34.744764,-83.474513,241,5,,,,,,,,195.404,,,,,214.605,,,,,231.138,,,,,252.762,,,,,273.438
47,61107944010478,2002,32.289638,-84.191554,193,5,,,,,,82.571,,,,,107.177,,,,,115.939,,,,,142.896,,,,,162.142,,
47,56872672010478,1997,31.83944,-82.219283,1,5,111.676,,,137.317,,,,,126.008,,,,,136.87,,,,,,,,,,57.585,,,,
47,56598878010478,1997,31.917057,-81.560387,179,5,186.16,,,,,,,,,118.606,,,,,132.923,,,,,154.625,,,,,151.228,,,
47,56904249010478,1997,31.564706,-81.895441,305,5,55.025,,,69.024,,,,,78.464,,,,,88.516,,,,,,,,,,45.518,,,,
47,56897103010478,1997,32.811138,-82.93621,303,5,34.215,43.201,,,,,,,,,92.523,,,,,,,,,,115.701,,,,,149.197,,
47,56692684010478,1997,33.012811,-83.84034,207,5,23.179,,,35.216,,,,,,,,,,34.986,,,,,40.949,,,,,25.704,,,,
47,56671689010478,1997,33.148294,-83.634337,169,5,72.366,,,,,,,,52.818,,,,,88.598,,,,,119.615,,,,,154.716,,,,
47,56615945010478,1997,31.506046,-81.381828,191,5,34.243,,,,,,39.521,,,,,46.482,,,,,56.944,,,,,,,,,,84.852,
47,61235581010478,1998,34.250604,-84.739004,15,5,,53.168,,,,,,,,,,68.571,,,,,100.164,,,,,132.776,,,,,160.179,
47,56968022010478,1997,32.031027,-83.048815,271,5,93.357,,100.612,,,,,,,,,,133.176,,,,,,,,,,47.615,,,,,92.289
47,61369927010478,2004,32.251126,-83.797982,93,5,,,,,,,,31.537,,,,,56.894,,,,,24.313,,,,,105.207,,,,,155.233
47,61330108010478,2004,32.569573,-84.181015,269,5,,,,,,,,43.954,,,,,57.402,,,,,82.824,,,,,109.133,,,,,115.0
48,56663857010478,1997,33.148442,-82.286305,163,5,143.663,,,159.972,,,,,,,,,,164.237,,,,,133.997,,,,,169.14,,,,
48,56610192010478,1997,30.691688,-83.206928,185,5,168.227,,179.665,,,,,,,157.407,,,,,166.731,,,,,,,,,,3.555,,,
48,56629283010478,1997,32.179899,-81.418069,29,5,59.92,,,,75.6,,,,,99.523,,,,,121.759,,,,,,,,,,14.497,,,
48,61451923010478,2002,32.972923,-81.704528,33,5,,,,,,64.241,,,,,71.121,,,,,85.286,,,,,108.667,,,,,139.49,,
48,61179081010478,1999,31.185627,-83.7639,71,5,,,202.107,,,,,,235.835,,,,,,,,,278.478,,,,,284.975,,,,,326.21
48,56942555010478,1997,34.638894,-85.220133,295,5,42.161,47.785,,,,,,,,,,109.388,,,,,,,,,,167.234,,,,,208.367,
48,56769761010478,1997,31.799725,-83.910845,321,5,28.056,,19.671,,,,,,,,,,32.011,,,,,21.276,,,,,,,,,,15.968
48,61558087010478,2000,34.425316,-83.677393,139,5,,,,58.487,,,,,73.02,,,,,37.712,,,,,56.148,,,,,155.73,,,,
48,61392606010478,2003,31.226545,-84.287767,205,5,,,,,,,90.02,,,,,123.817,,,,,131.26,,,,,157.943,,,,,181.601,
48,61300722010478,2004,32.717028,-85.017624,145,5,,,,,,,,156.279,,,,,186.785,,,,,206.923,,,,,251.533,,,,,277.132
49,56753372010478,1997,34.569506,-84.421119,123,5,161.378,,,,175.786,,,,,148.092,,,,,168.557,,,,,192.072,,,,,,,,
49,61494223010478,2001,32.833346,-81.634236,251,5,,,,,8.774,,,,,15.872,,,,,30.712,,,,,40.215,,,,,47.247,,,
49,56843086010478,1997,34.270393,-84.569861,57,5,89.804,91.59,,,,,,,,,96.076,,,,,,,,,,95.515,,,,,127.721,,
49,56599704010478,1997,31.891809,-81.471384,179,5,99.899,139.812,,,,,,,241.814,,,,,316.92,,,,,,,,,,40.416,,,,
49,61145836010478,1998,33.952369,-83.864639,135,5,,62.686,,,,,,,56.22,,,,,71.253,,,,,97.544,,,,,126.762,,,,
49,61559705010478,2000,32.67153,-84.702592,145,5,,,,109.255,,,,,116.092,,,,,139.277,,,,,155.024,,,,,185.101,,,,
49,61497817010478,2001,31.930213,-81.994939,267,5,,,,,184.297,,,,,196.881,,,,,259.575,,,,,298.724,,,,,349.711,,,
49,61378687010478,2003,33.154849,-82.935562,141,5,,,,,,,27.771,,,,,48.837,,,,,82.704,,,,,99.009,,,,,124.221,
49,56940233010478,1997,34.596075,-85.517383,295,5,171.233,171.124,,,,,,,,,,,,,,,,183.741,,,,,185.464,,,,,215.868
49,61353500010478,2004,31.170616,-83.264576,19,5,,,,,,,,149.836,,,,,174.631,,,,,219.183,,,,,249.12,,,,,269.968
50,56962166010478,1997,32.059347,-82.13865,267,5,21.626,,,15.143,,,,,17.206,,,,,15.487,,,,,24.062,,,,,,,,,
50,61246051010478,1998,30.9705,-82.381403,49,5,,199.075,,,,,,,,,210.969,,,,,14.174,,,,,13.545,,,,,29.375,,
50,56629392010478,1997,32.186003,-81.476111,29,5,104.399,115.11,,,,,,,143.836,,,,,175.299,,,,,,,,,,208.666,,,,
50,56929416010478,1997,33.1304,-84.966731,285,5,123.67,,,144.86,,,,,152.708,,,,,,,,,,146.866,,,,,179.1,,,,
50,61208533010478,1998,33.193807,-84.842522,199,5,,140.897,,,,,,,,,,,185.563,,,,,222.392,,,,,228.181,,,,,241.606
50,61602560010478,1999,30.866652,-83.351093,185,5,,,192.991,,,,,,,,,,226.358,,,,,251.46,,,,,293.61,,,,,269.417
50,56918961010478,1997,30.753964,-83.742172,275,5,345.593,,,,,,,,,,,191.978,,,,,96.159,,,,,120.851,,,,,148.918,
50,56838548010478,1997,32.172783,-81.241147,51,5,103.589,107.043,,,,,,,,,,,,,,,,38.986,,,,,61.9,,,,,71.586
50,61536039010478,2000,31.912363,-83.34195,315,5,,,,12.537,,,,,20.911,,,,,35.549,,,,,59.286,,,,,74.802,,,,
50,61339946010478,2004,31.622411,-81.902268,305,5,,,,,,,,83.427,,,,,100.1,,,,,109.762,,,,,109.867,,,,,135.349
51,56870968010478,1997,31.292952,-83.310757,19,5,131.381,,,167.294,,,,,184.721,,,,,191.437,,,,,186.201,,,,,,,,,
51,61414359010478,2002,32.126703,-83.384375,315,5,,,,,,13.12,,,,,8.604,,,,,15.451,,,,,16.597,,,,,30.309,,
51,56594999010478,1997,32.688451,-81.714718,251,5,294.078,310.496,,,,,,,,,,366.244,,,,,345.958,,,,,,,,,,22.037,
51,56610025010478,1997,30.785464,-83.396207,185,5,132.486,152.513,,,,,,,,,,,176.043,,,,,177.428,,,,,188.624,,,,,
51,61295838010478,2004,31.004572,-84.178969,131,5,,,,,,,,19.216,,,,,31.119,,,,,31.377,,,,,35.002,,,,,41.213
51,56706042010478,1997,33.693417,-83.001071,221,5,366.625,,,,,,478.663,,,,,454.927,,,,,478.644,,,,,552.658,,,,,,
52,56600651010478,1997,31.896876,-81.724972,179,5,52.665,,49.548,,,,,,68.116,,,,,78.18,,,,,,,,,,115.293,,,,
52,56904817010478,1997,31.52545,-81.752172,305,5,85.834,,,,,,,,74.938,,,,,96.237,,,,,120.177,,,,,123.025,,,,
52,61287033010478,2001,30.989392,-84.131783,131,5,,,,,118.192,,,,,149.405,,,,,144.973,,,,,182.063,,,,,189.752,,,
52,61041618010478,1999,33.537691,-84.714061,121,5,,,192.095,,,,,,,,,189.309,,,,,215.224,,,,,237.805,,,,,263.834,
53,61451514010478,2002,32.931369,-82.049427,33,5,,,,,,123.238,,,,,142.215,,,,,177.218,,,,,200.339,,,,,214.477,,
53,61167850010478,1999,32.000668,-81.238435,51,5,,,9.895,,,,,,,18.75,,,,,24.964,,,,,23.726,,,,,28.411,,,
53,56953384010478,1997,32.156926,-84.696766,259,5,82.029,,,,99.715,,,,,110.45,,,,,,,,,,65.669,,,,,78.67,,,
53,61536190010478,2000,33.692129,-82.609534,317,5,,,,4.892,,,,,6.198,,,,,43.628,,,,,98.019,,,,,170.871,,,,
53,61117563010478,2002,31.732235,-84.847561,243,5,,,,,,143.466,,,,,181.854,,,,,203.76,,,,,143.059,,,,,113.822,,
53,61127687010478,2002,34.738207,-85.297319,295,5,,,,,,54.645,,,,,69.427,,,,,99.792,,,,,131.24,,,,,183.205,,
53,61314079010478,2004,33.189462,-84.707472,199,5,,,,,,,,103.895,,,,,126.665,,,,,158.673,,,,,215.03,,,,,270.506
53,56874957010478,1997,31.8517,-82.407027,1,5,274.159,,,,,,,,,,,4.718,,,,,22.064,,,,,79.718,,,,,124.882,
54,61282497010478,2001,32.552858,-82.342047,107,5,,,,,70.13,,,,,106.853,,,,,140.058,,,,,171.262,,,,,202.696,,,
54,56773714010478,1997,32.167557,-83.097354,91,5,309.431,,321.727,,,,,,,367.865,,,,,,,,,,49.753,,,,,70.768,,,
54,56607495010478,1997,30.928312,-83.423223,185,5,37.817,,,,41.881,,,,,60.608,,,,,77.252,,,,,,,,,,34.584,,,
54,56950962010478,1997,32.218873,-84.656765,259,5,101.987,120.277,,,,,,,115.336,,,,,122.752,,,,,,,,,,69.375,,,,
54,56897244010478,1997,32.78198,-82.935617,303,5,211.387,,221.741,,,,,,,,,208.943,,,,,208.801,,,,,,,,,,14.643,
55,61242696010478,1998,32.952797,-81.912027,33,5,,13.245,,,,,,,,56.618,,,,,71.883,,,,,97.295,,,,,120.165,,,
55,56796902010478,1997,32.690322,-82.141925,107,5,114.837,,,,144.399,,,,,,,,,,31.131,,,,,59.792,,,,,124.605,,,
55,61276462010478,2001,33.40085,-84.851949,77,5,,,,,156.779,,,,,135.155,,,,,136.826,,,,,166.348,,,,,177.783,,,
55,56634963010478,1997,32.599944,-81.812775,31,5,142.796,,,,,,142.918,,,,,176.793,,,,,,,,,,196.665,,,,,256.506,
55,61405582010478,2003,30.894748,-83.949748,275,5,,,,,,,189.52,,,,,210.318,,,,,221.992,,,,,213.813,,,,,134.714,
55,61587465010478,1999,33.785744,-82.750825,317,5,,,159.038,,,,,,189.974,,,,,,,,,176.414,,,,,202.715,,,,,230.793
56,61472833010478,2002,34.28542,-85.083199,115,5,,,,,,55.384,,,,,65.703,,,,,64.833,,,,,63.31,,,,,61.856,,
56,61331356010478,2004,31.008876,-83.897846,275,5,,,,,,,,49.224,,,,,112.863,,,,,179.422,,,,,163.449,,,,,186.064
56,61307675010478,2004,32.415673,-82.775055,175,5,,,,,,,,195.528,,,,,220.363,,,,,226.958,,,,,204.513,,,,,220.021
56,56601592010478,1997,32.029464,-81.726358,179,5,160.606,,,,,,,,,,,,163.314,,,,,188.005,,,,,221.056,,,,,185.679
56,61580847010478,1999,33.01358,-82.973331,303,5,,,173.318,,,,,,,,,69.643,,,,,76.173,,,,,109.234,,,,,133.877,
56,61438458010478,2003,32.067551,-83.052473,91,5,,,,,,,72.699,,,,,84.551,,,,,107.603,,,,,118.989,,,,,149.455,
57,61280308010478,2001,31.14523,-84.970817,99,5,,,,,58.104,,,,,81.24,,,,,102.983,,,,,125.495,,,,,130.494,,,
57,61481342010478,2001,32.001031,-81.681146,179,5,,,,,2.495,,,,,6.126,,,,,11.298,,,,,18.344,,,,,24.309,,,
57,61486698010478,2001,31.312116,-84.017378,205,5,,,,,15.161,,,,,24.224,,,,,31.08,,,,,34.753,,,,,28.959,,,
57,61135460010478,1998,32.580313,-82.365545,107,5,,22.729,,,,,,,64.644,,,,,107.728,,,,,144.252,,,,,192.428,,,,
57,61477848010478,2002,34.446514,-83.810557,139,5,,,,,,125.769,,,,,134.544,,,,,150.553,,,,,159.599,,,,,185.709,,
57,56968735010478,1997,31.990055,-82.903838,271,5,268.116,,,277.441,,,,,,,,,,97.641,,,,,128.778,,,,,130.78,,,,
57,56721808010478,1997,33.181561,-82.882562,141,5,162.554,177.612,,,,,,,,,,,,,,,,19.033,,,,,68.803,,,,,137.489
58,56956256010478,1997,32.089263,-83.983171,261,5,32.239,,,,,,,,,19.446,,,,,23.762,,,,,34.087,,,,,55.885,,,
58,61543586010478,2000,30.671104,-82.521318,65,5,,,,116.837,,,,,124.184,,,,,120.769,,,,,136.444,,,,,139.174,,,,
58,61522831010478,2000,31.975501,-84.65799,259,5,,,,62.717,,,,,80.705,,,,,66.832,,,,,99.789,,,,,109.394,,,,
58,61609618010478,1999,31.094798,-84.089282,205,5,,,184.088,,,,,,,162.742,,,,,197.595,,,,,236.638,,,,,261.665,,,
58,56632825010478,1997,32.442332,-81.674557,31,5,146.829,,,158.365,,,,,,,,,,66.22,,,,,153.792,,,,,178.965,,,,
58,56829209010478,1997,33.558568,-85.006016,45,5,111.936,,112.502,,,,,,,,,,,,,,,31.616,,,,,22.665,,,,,22.878
59,56830719010478,1997,33.767779,-85.028755,45,5,85.176,95.897,,,,,,,,,,,,91.102,,,,,120.24,,,,,151.453,,,,
59,56853513010478,1997,30.915431,-82.647204,65,5,127.487,,,,,,134.534,,,,,135.946,,,,,136.082,,,,,156.775,,,,,,
59,61538033010478,2000,31.428451,-83.84532,321,5,,,,165.914,,,,,165.986,,,,,195.464,,,,,204.984,,,,,153.95,,,,
59,56873697010478,1997,31.803259,-82.104562,1,5,154.112,,,,,,,,,,,,97.592,,,,,103.36,,,,,109.772,,,,,109.52
59,61347008010478,2003,31.599126,-81.787531,305,5,,,,,,,233.054,,,,,259.963,,,,,200.197,,,,,222.451,,,,,237.059,
60,61447012010478,2002,34.219015,-84.668116,15,5,,,,,,22.752,,,,,41.088,,,,,76.544,,,,,119.268,,,,,77.414,,
60,61109413010478,2002,32.88206,-84.550474,199,5,,,,,,46.324,,,,,61.215,,,,,81.337,,,,,118.167,,,,,134.923,,
60,61601387010478,2000,30.61741,-82.090421,49,5,,,,91.299,,,,,122.263,,,,,169.386,,,,,215.935,,,,,246.896,,,,
60,56808547010478,1997,31.279716,-83.802355,71,5,191.399,212.33,,,,,,,,,,,,,,,154.759,,,,,145.776,,,,,96.694,
60,61167504010478,1999,32.091501,-81.21733,51,5,,,20.486,,,,,,,,,74.275,,,,,83.94,,,,,115.8,,,,,117.482,
61,56770347010478,1997,31.639807,-83.901765,321,5,100.029,,,,,,,,,21.822,,,,,38.871,,,,,67.689,,,,,89.11,,,
61,61468097010478,2002,31.15523,-85.031183,99,5,,,,,,14.921,,,,,20.803,,,,,31.746,,,,,31.528,,,,,26.817,,
61,56614922010478,1997,31.578078,-81.350624,191,5,190.81,,,,,,,,,,,34.131,,,,,57.334,,,,,99.288,,,,,144.861,
61,56900086010478,1997,32.956296,-82.562658,303,5,337.678,,,,,,,365.661,,,,,285.621,,,,,252.478,,,,,,,,,,74.571
61,56751309010478,1997,33.670725,-84.517731,121,5,230.895,234.484,,,,,,,,,,,,,,,,218.482,,,,,260.712,,,,,284.121
61,56592638010478,1997,32.840067,-81.57956,251,5,215.214,,,,,,228.861,,,,,242.503,,,,,258.566,,,,,,,,,,45.007,
62,61509930010478,2001,31.547501,-83.903208,321,5,,,,,71.223,,,,,77.044,,,,,78.622,,,,,64.134,,,,,49.642,,,
62,61040282010478,1999,34.178572,-85.234165,115,5,,,22.114,,,,,,,,,58.089,,,,,74.807,,,,,108.515,,,,,136.985,
63,61342717010478,2004,31.647408,-83.964031,321,5,,,,,,,,39.86,,,,,51.671,,,,,82.166,,,,,80.013,,,,,99.642
64,61069135010478,1998,30.790103,-83.849091,275,5,,107.417,,,,,,,,,,119.398,,,,,157.091,,,,,176.793,,,,,229.701,
66,61459940010478,2002,30.984413,-82.79169,65,5,,,,,,85.157,,,,,101.481,,,,,137.837,,,,,163.287,,,,,185.322,,
66,61460972010478,2002,31.515516,-83.073305,69,5,,,,,,22.107,,,,,45.883,,,,,85.358,,,,,152.484,,,,,215.598,,
66,61244329010478,1998,31.112285,-81.723338,39,5,,2.879,,,,,,,,,30.987,,,,,39.855,,,,,81.081,,,,,128.353,,
66,61533317010478,2000,32.832043,-82.5546,303,5,,,,154.334,,,,,170.036,,,,,211.45,,,,,226.631,,,,,264.275,,,,
67,61556102010478,2000,31.224897,-81.68951,127,5,,,,44.069,,,,,,70.892,,,,,100.427,,,,,160.865,,,,,199.973,,,
68,61107628010478,2002,31.46436,-81.440914,191,5,,,,,,3.239,,,,,5.255,,,,,12.682,,,,,12.335,,,,,21.842,,
68,56599476010478,1997,31.783078,-81.518837,179,5,150.743,,,,,,,230.888,,,,,,,,,,38.559,,,,,100.817,,,,,179.793
69,29169354010478,2004,31.642469,-81.796638,305,5,,,,,,,,202.492,,,,,207.645,,,227.186,,,,,260.376,,,,,316.288,,
69,56598310010478,1997,31.880303,-81.656684,179,5,58.762,,,,,,,,,,,,92.911,,,,,85.809,,,,,102.417,,,,,105.549
69,61175029010478,1999,31.534747,-82.83911,69,5,,,32.407,,,,,,,,,69.501,,,,,40.476,,,,,95.221,,,,,120.438,
71,56891381010478,1997,31.092285,-82.350791,299,5,24.973,54.085,,,,,,,,108.244,,,,,,,,,,26.26,,,,,66.168,,,
71,61494283010478,2001,32.522276,-81.551589,251,5,,,,,145.831,,,,,156.12,,,,,173.09,,,,,192.603,,,,,211.303,,,
71,56770535010478,1997,31.522697,-83.704275,321,5,160.824,,171.227,,,,,,,,,,,,27.755,,,,,54.882,,,,,85.792,,,
72,61454927010478,2002,30.947236,-82.077559,49,5,,,,,,20.621,,,,,33.573,,,,,57.88,,,,,84.187,,,,,105.946,,
72,61262097010478,1998,30.835553,-84.758656,87,5,,144.77,,,,,,,,138.219,,,,,145.442,,,,,158.654,,,,,78.447,,,
72,56644811010478,1997,30.941454,-81.707021,39,5,42.492,,,,,,95.133,,,,,151.03,,,,,203.448,,,,,,,,,,47.888,
72,61346036010478,2003,32.935455,-82.739422,303,5,,,,,,,99.277,,,,,106.508,,,,,113.398,,,,,141.137,,,,,135.587,
72,61339831010478,2004,31.398376,-81.990274,305,5,,,,,,,,51.154,,,,,46.08,,,,,59.097,,,,,82.616,,,,,86.953
73,56900709010478,1997,31.626064,-82.084092,305,5,56.221,,,,,107.864,,,,,,,,,,14.377,,,,,71.657,,,,,114.259,,
73,56851780010478,1997,30.755438,-82.791227,65,5,147.448,,,,,,,,,,,,18.851,,,,,24.508,,,,,23.192,,,,,32.105
73,56598210010478,1997,31.983484,-81.788214,179,5,82.523,,,,,,,,,,,65.881,,,,,60.308,,,,,66.329,,,,,68.185,
74,56633862010478,1997,32.275223,-81.601603,31,5,107.974,,,110.541,,,,,101.506,,,,,,,,,,36.468,,,,,143.283,,,,
74,61551681010478,2000,32.657528,-82.315483,107,5,,,,38.506,,,,,54.108,,,,,81.691,,,,,116.609,,,,,162.444,,,,
74,56825428010478,1997,30.745095,-84.567769,87,5,29.183,,38.665,,,,,,,,,,,5.272,,,,,22.509,,,,,14.717,,,,
76,56635460010478,1997,32.458429,-81.946802,31,5,41.171,,51.208,,,,,,,75.571,,,,,,,,,,18.737,,,,,18.779,,,
76,56893351010478,1997,31.01531,-82.534386,299,5,54.354,68.179,,,,,,,86.241,,,,,112.398,,,,,,,,,,61.645,,,,
76,61063548010478,1999,32.615849,-82.835915,175,5,,,185.661,,,,,,,,,194.149,,,,,226.564,,,,,257.408,,,,,288.727,
77,61424298010478,2003,33.07309,-81.759201,33,5,,,,,,,154.496,,,,,161.574,,,,,171.432,,,,,179.143,,,,,198.027,
77,56823763010478,1997,30.826149,-84.724214,87,5,40.623,,,,,,41.714,,,,,,,,,,28.223,,,,,30.426,,,,,23.043,
77,61400715010478,2003,32.693544,-81.653873,251,5,,,,,,,32.535,,,,,49.439,,,,,51.629,,,,,88.518,,,,,119.557,
78,61119456010478,2002,32.74984,-81.614975,251,5,,,,,,94.837,,,,,114.518,,,,,129.609,,,,,153.295,,,,,157.135,,
79,56639153010478,1997,33.202844,-81.894072,33,5,108.431,,122.483,,,,,,,,148.319,,,,,,,,,,21.45,,,,,29.634,,
79,61400505010478,2003,32.699687,-81.784706,251,5,,,,,,,34.78,,,,,75.177,,,,,96.249,,,,,138.329,,,,,178.203,
81,61452955010478,2002,30.857071,-81.646736,39,5,,,,,,66.86,,,,,79.469,,,,,87.78,,,,,135.558,,,,,158.633,,
81,56638400010478,1997,33.155208,-82.020532,33,5,78.159,,,,,,,,,,,127.091,,,,,186.659,,,,,225.672,,,,,241.118,
81,56854255010478,1997,30.82607,-82.638735,65,5,88.242,108.559,,,,,,,,,,,,75.555,,,,,103.554,,,,,144.427,,,,
82,56856288010478,1997,30.760979,-82.770317,65,5,50.76,,,,,109.424,,,,,124.278,,,,,155.498,,,,,,,,,,26.088,,
82,56677976010478,1997,32.573161,-82.694281,175,5,85.125,,,106.938,,,,,125.5,,,,,144.082,,,,,,,,,,61.787,,,,
82,61356084010478,2004,32.315966,-81.759191,31,5,,,,,,,,77.772,,,,,75.158,,,,,98.722,,,,,117.401,,,,,121.241
83,56637096010478,1997,33.153057,-82.244165,33,5,186.992,,217.353,,,,,,,233.968,,,,,,,,,,133.63,,,,,167.091,,,
83,56794262010478,1997,32.822904,-82.356444,107,5,72.48,,73.416,,,,,,,,,,,,,61.026,,,,,103.895,,,,,162.375,,
84,56641002010478,1997,33.269219,-82.208033,33,5,4.537,,,,,,,,,101.732,,,,,52.504,,,,,48.677,,,,,59.598,,,
84,56851032010478,1997,30.871084,-82.799411,65,5,27.176,,78.259,,,,,,,,,,157.152,,,,,,,,,,69.756,,,,,118.299
85,61427340010478,2003,30.986886,-82.038727,49,5,,,,,,,57.462,,,,,68.82,,,,,82.214,,,,,90.996,,,,,99.938,
86,56679404010478,1997,32.367547,-82.775868,175,5,80.685,,,96.01,,,,,111.962,,,,,,,,,,97.795,,,,,109.787,,,,
87,56634004010478,1997,32.37491,-81.613778,31,5,34.371,,,,,,,,,,,6.073,,,,,7.583,,,,,17.455,,,,,24.26,
88,61161037010478,1999,33.012328,-81.916931,33,5,,,10.099,,,,,,,,,,70.002,,,,,91.763,,,,,135.823,,,,,143.233
90,56854168010478,1997,30.845824,-82.593478,65,5,129.567,,113.087,,,,,,,135.208,,,,,,,,,,58.795,,,,,70.039,,,
91,61244827010478,1998,30.788659,-81.456566,39,5,,24.493,,,,,,,22.62,,,,,23.851,,,,,21.356,,,,,27.237,,,,
91,61480095010478,2001,32.47193,-82.835344,175,5,,,,,147.226,,,,,198.549,,,,,258.063,,,,,216.607,,,,,255.276,,,
92,56853993010478,1997,31.044042,-82.639398,65,5,181.376,,,,,158.098,,,,,,,,,,129.389,,,,,133.734,,,,,154.6,,
92,61269172010478,2001,30.82918,-82.141113,49,5,,,,,231.158,,,,,274.184,,,,,288.204,,,,,218.385,,,,,235.498,,,
92,216102253010854,1998,33.95255,-82.849412,221,5,,9.273,,,,,,,,13.195,,,,,19.09,,,,,35.441,,,,,50.22,,,
96,61307173010478,2004,32.398182,-82.919648,175,5,,,,,,,,243.533,,,,,279.52,,,,,298.742,,,,,280.769,,,,,311.976
97,56678060010478,1997,32.644094,-82.977215,175,5,8.629,11.024,,,,,,,,,,,36.545,,,,,58.071,,,,,,,,,,44.298
98,61451848010478,2002,33.132134,-81.774067,33,5,,,,,,42.358,,,,,46.267,,,,,33.751,,,,,45.312,,,,,58.149,,
105,56889488010478,1997,31.318321,-82.585719,299,5,19.437,25.284,,,,,,,,68.52,,,,,,,,,,71.738,,,,,176.836,,,
188,216102250010854,2001,31.003044,-82.846099,65,5,,,,,113.402,,,,,127.005,,,,,127.399,,,,,146.906,,,,,169.987,,,
1,56753466010478,1997,34.597588,-84.354793,123,4,178.237,,,196.625,,,,,,,,,,230.958,,,,,241.8,,,,,,,,,
1,76760192010478,2006,33.429202,-84.242084,151,4,,,,,,,,,,105.721,,,,,118.979,,,,,124.135,,,,,115.834,,,
1,56922790010478,1997,32.166494,-82.36423,279,4,3.942,,,,24.969,,,,,32.615,,,,,55.382,,,,,,,,,,,,,
1,56709576010478,1997,33.389587,-83.210295,133,4,154.537,,182.433,,,,,,,196.326,,,,,196.939,,,,,,,,,,,,,
1,76762562010478,2006,33.173325,-83.582363,159,4,,,,,,,,,,150.786,,,,,131.8,,,,,6.863,,,,,7.356,,,
1,124003097010478,2007,31.25205,-83.56687,71,4,,,,,,,,,,,102.408,,,,,74.757,,,,,68.566,,,,,100.782,,
1,76323871010478,2005,33.925725,-85.266609,233,4,,,,,,,,,201.973,,,,,218.416,,,,,247.455,,,,,279.792,,,,
1,61526224010478,2000,31.813752,-84.43281,273,4,,,,106.173,,,,,121.366,,,,,127.632,,,,,,,,,,45.078,,,,
1,56839629010478,1997,32.479686,-84.708465,53,4,27.576,,31.023,,,,,,,,,41.451,,,,,,,,,,43.311,,,,,,
1,56933996010478,1997,32.533354,-83.415061,289,4,48.859,,98.335,,,,,,108.12,,,,,,,,,,130.841,,,,,,,,,
1,61520730010478,2000,32.290491,-84.404532,249,4,,,,267.589,,,,,331.302,,,,,358.883,,,,,490.161,,,,,,,,,
1,61256062010478,1998,31.602826,-82.964706,69,4,,9.47,,,,,,,,,,82.197,,,,,,,,,,157.696,,,,,192.789,
1,56685417010478,1997,33.168686,-84.541842,199,4,149.532,,,,,,,,,,,,28.521,,,,,91.015,,,,,204.088,,,,,
1,144489643010478,2008,33.420306,-83.898687,217,4,,,,,,,,,,,,15.498,,,,,16.968,,,,,30.103,,,,,6.59,
1,61395374010478,2003,33.833033,-82.95689,221,4,,,,,,,21.986,,,,,42.637,,,,,76.857,,,,,,,,,,132.629,
1,56963297010478,1997,32.024882,-82.009,267,4,166.907,,,,,,,201.681,,,,,224.351,,,,,,,,,,,,,,,122.369
1,61337313010478,2004,33.408203,-82.804398,301,4,,,,,,,,19.529,,,,,42.034,,,,,123.715,,,,,,,,,,171.233
1,56862422010478,1997,33.025553,-83.087155,9,4,133.275,,,,,,,179.915,,,,,,,,,,126.983,,,,,,,,,,88.525
1,144491368010478,2008,32.456801,-83.803727,225,4,,,,,,,,,,,,101.199,,,,,118.797,,,,,102.936,,,,,112.928,
1,153846899010854,2009,31.47348,-83.144454,155,4,,,,,,,,,,,,,60.709,,,,,99.198,,,,,105.557,,,,,146.248
1,153846638010854,2009,32.342425,-83.109446,91,4,,,,,,,,,,,,,36.137,,,,,43.168,,,,,42.904,,,,,12.151
2,123945863010478,2007,33.654998,-84.850485,97,4,,,,,,,,,,,105.01,,,,,117.022,,,,,142.212,,,,,153.626,,
2,61456124010478,2002,32.441134,-84.728859,53,4,,,,,,164.759,,,,,,,,,,75.43,,,,,74.928,,,,,82.091,,
2,61065329010478,1999,31.910846,-81.425365,179,4,,,62.743,,,,,,74.141,,,,,,119.033,,,,,176.498,,,,,,,,
2,56961558010478,1997,33.596319,-82.7892,265,4,49.303,,,,,78.471,,,,,83.866,,,,,,,,,,126.397,,,,,,,
2,61115983010478,2002,34.077875,-85.186612,233,4,,,,,,7.724,,,,,13.875,,,,,12.801,,,,,19.136,,,,,,,
2,56666643010478,1997,32.894398,-81.801743,165,4,34.708,75.523,,,,,,,,,,,,119.813,,,,,,,,,,175.102,,,,
2,56624185010478,1997,31.13563,-81.886107,25,4,26.336,,,,62.857,,,,,,,,,,,,,,,52.13,,,,,69.541,,,
2,76755428010478,2006,34.268738,-83.918297,139,4,,,,,,,,,,29.334,,,,,38.144,,,,,42.671,,,,,46.486,,,
2,61258094010478,1998,31.286307,-83.62053,71,4,,13.09,,,,,,,,24.078,,,,,33.686,,,,,,,,,,33.864,,,
2,61410181010478,2002,33.460328,-82.711176,301,4,,,,,,129.841,,,,,147.515,,,,,,,,,,23.942,,,,,52.6,,
2,61113214010478,2002,33.76189,-83.315639,219,4,,,,,,93.304,,,,,101.897,,,,,123.164,,,,,145.617,,,,,,,
2,56769155010478,1997,31.745523,-83.990251,321,4,260.461,,,,,,,,,,,,,,,202.277,,,,,186.25,,,,,129.526,,
2,61523379010478,2000,31.975358,-84.069312,261,4,,,,109.526,,,,,115.534,,,,,140.24,,,,,149.318,,,,,,,,,
2,61442365010478,2003,32.529286,-82.410926,107,4,,,,,,,45.368,,,,,86.149,,,,,,,,,,142.285,,,,,199.78,
2,56707153010478,1997,33.928747,-85.044136,223,4,41.514,45.695,,,,,,,,,,120.088,,,,,148.33,,,,,,,,,,,
2,61229860010478,1998,33.248942,-84.157824,255,4,,173.6,,,,,,,,,,181.904,,,,,,,,,,31.124,,,,,89.056,
2,61246336010478,1998,30.36523,-82.07616,49,4,,174.279,,,,,,,,,,,,,,,,61.34,,,,,78.849,,,,,111.631
2,56902825010478,1997,31.564045,-81.767952,305,4,212.552,,,,,,,253.358,,,,,257.406,,,,,,,,,,,,,,,75.884
2,61153400010478,1998,33.422049,-83.582772,159,4,,183.411,,,,,,,,,,,203.328,,,,,208.741,,,,,,,,,,319.335
2,61389374010478,2003,33.357155,-82.54147,189,4,,,,,,,52.056,,,,,,,,,,26.129,,,,,56.139,,,,,82.571,
3,56585078010478,1997,31.858904,-84.854033,243,4,47.035,,,,,,,,,,,,,,39.35,,,,,50.072,,,,,61.755,,,
3,56684262010478,1997,33.104665,-84.658751,199,4,43.945,,,,100.934,,,,,,,,,,124.922,,,,,208.083,,,,,,,,
3,61472313010478,2002,33.424188,-84.512995,113,4,,,,,,31.326,,,,,41.796,,,,,59.249,,,,,78.024,,,,,,,
3,61196096010478,1998,33.144566,-84.216871,171,4,,41.191,,,,,,,63.854,,,,,,,,,,39.787,,,,,77.969,,,,
3,56964578010478,1997,32.580833,-84.359908,269,4,59.208,73.243,,,,,,,,,,,,,,,,,,8.021,,,,,44.005,,,
3,61077957010478,1998,33.428506,-82.586365,301,4,,162.993,,,,,,,,188.129,,,,,225.489,,,,,,,,,,59.495,,,
3,56875693010478,1997,31.314722,-82.966198,3,4,68.728,,,,,,,,,,,,,,20.229,,,,,58.875,,,,,87.185,,,
3,76705435010478,2006,34.657966,-84.679662,213,4,,,,,,,,,,161.564,,,,,178.123,,,,,200.069,,,,,226.612,,,
3,56957113010478,1997,32.730273,-84.649878,263,4,114.691,,,,,166.913,,,,,188.646,,,,,259.011,,,,,,,,,,,,
3,56761128010478,1997,34.515423,-84.690465,129,4,98.421,,104.332,,,,,,,,69.321,,,,,,,,,,,,,,,87.508,,
3,76365913010478,2005,33.138408,-83.030774,141,4,,,,,,,,,65.151,,,,,101.381,,,,,141.14,,,,,176.403,,,,
3,61506878010478,2001,34.796501,-84.913679,313,4,,,,,13.255,,,,,19.786,,,,,22.324,,,,,22.014,,,,,,,,
3,56747309010478,1997,34.379638,-83.292882,119,4,48.242,47.009,,,,,,,,,,,,,,,,,43.279,,,,,51.907,,,,
3,61071482010478,1998,33.05858,-84.995899,285,4,,31.395,,,,,,,65.303,,,,,90.947,,,,,113.57,,,,,,,,,
3,61399995010478,2003,32.224578,-84.355974,249,4,,,,,,,30.295,,,,,59.301,,,,,98.407,,,,,152.303,,,,,,
3,61376489010478,2003,33.213901,-82.602674,125,4,,,,,,,23.265,,,,,,,,,,1.401,,,,,13.495,,,,,25.899,
3,56802063010478,1997,31.716354,-82.90785,69,4,13.499,,,,,,,,,,,,43.133,,,,,64.36,,,,,,,,,,0.56
3,61328424010478,2004,33.512355,-82.932897,265,4,,,,,,,,72.084,,,,,99.264,,,,,121.389,,,,,,,,,,25.208
3,61381564010478,2003,31.78885,-82.832026,161,4,,,,,,,9.796,,,,,32.689,,,,,90.893,,,,,144.192,,,,,,
3,61332935010478,2004,32.472782,-82.568239,283,4,,,,,,,,28.717,,,,,58.88,,,,,97.754,,,,,125.315,,,,,
3,61398403010478,2003,31.830771,-84.933854,239,4,,,,,,,228.509,,,,,235.876,,,,,,,,,,285.958,,,,,276.454,
3,61318604010478,2004,33.836654,-83.100354,221,4,,,,,,,,50.599,,,,,90.977,,,,,,,,,,131.842,,,,,166.903
3,61420426010478,2003,32.69988,-83.735845,21,4,,,,,,,109.511,,,,,140.257,,,,,,,,,,26.476,,,,,53.312,
3,61381457010478,2003,33.388175,-83.731972,159,4,,,,,,,144.309,,,,,,,,,,138.624,,,,,155.697,,,,,179.41,
3,61353913010478,2004,31.240997,-82.070187,25,4,,,,,,,,26.941,,,,,,,,,,27.664,,,,,47.635,,,,,72.969
3,153847299010854,2009,31.963673,-84.272211,261,4,,,,,,,,,,,,,18.611,,,,,26.081,,,,,57.224,,,,,82.999
4,56662915010478,1997,33.258576,-82.357771,163,4,61.502,64.214,,,,,,,,87.251,,,,,97.101,,,,,,,,,,,,,
4,61222180010478,1998,32.663692,-83.781183,225,4,,27.123,,,,,,,,,66.194,,,,,83.561,,,,,114.436,,,,,,,
4,123951014010478,2007,32.636239,-82.44635,107,4,,,,,,,,,,,14.9,,,,19.179,,,,,23.028,,,,,35.627,,,
4,56728325010478,1997,32.814957,-84.712903,145,4,122.263,,,,,174.371,,,,,,,,,,,,,,,76.178,,,,,129.728,,
4,56756012010478,1997,33.135664,-82.651097,125,4,22.364,29.994,,,,,,,,,,,,,,,,,5.638,,,,,62.463,,,,
4,61061279010478,1999,33.051366,-83.521721,169,4,,,24.326,,,,,,57.824,,,,,88.532,,,,,,,,,,107.661,,,,
4,76417402010478,2005,33.918208,-84.520976,67,4,,,,,,,,,12.05,,,,,47.375,,,,,81.098,,,,,142.253,,,,
4,61525951010478,2000,31.830144,-83.122375,271,4,,,,266.226,,,,,272.911,,,,,,,,,,227.222,,,,,271.894,,,,
4,61253747010478,1998,33.46437,-84.307613,63,4,,148.268,,,,,,,,,,202.721,,,,,,,,,,101.837,,,,,137.13,
4,56615051010478,1997,31.535244,-81.48382,191,4,173.394,,,,,,,,,,,19.981,,,,,76.279,,,,,177.425,,,,,,
4,56590750010478,1997,32.351352,-84.320542,249,4,93.19,,,,,,,,,,,,41.702,,,,,90.463,,,,,120.313,,,,,
4,61610369010478,1999,33.129617,-83.970672,207,4,,,70.019,,,,,,,,,,,,,,,106.513,,,,,128.398,,,,,158.401
4,61168070010478,1999,32.319273,-84.859814,53,4,,,111.001,,,,,,,,,,,,,,,104.266,,,,,88.825,,,,,39.592
4,61565963010478,2000,32.998505,-84.205838,171,4,,,,70.712,,,,,,95.278,,,,,,,,,,,,20.135,,,,,28.993,
4,61623901010478,1999,32.763852,-81.610411,251,4,,,76.756,,,,,,95.8,,,,,,,,126.448,,,,,166.216,,,,,,
4,61355225010478,2004,32.00867,-81.431865,29,4,,,,,,,,156.85,,,,,,,,,,93.807,,,,,112.435,,,,,122.959
4,61373494010478,2004,34.038223,-82.709973,105,4,,,,,,,,18.07,,,,,26.152,,,,,27.257,,,,,30.025,,,,,
5,76408656010478,2005,32.520396,-82.109264,43,4,,,,,,,,,27.171,,,,,47.719,,,,,63.763,,,,,82.989,,,,
5,61215509010478,1998,34.668723,-84.910042,213,4,,4.853,,,,,,,,,86.396,,,,,161.121,,,,,,,,,,175.241,,
5,76820811010478,2006,31.456794,-81.909349,305,4,,,,,,,,,,178.192,,,,,187.64,,,,,231.035,,,,,259.89,,,
5,61105384010478,2002,31.86382,-81.693613,179,4,,,,,,201.083,,,,,224.521,,,,,,,,,,160.511,,,,,148.489,,
5,56887287010478,1997,31.106072,-81.878157,25,4,93.991,110.956,,,,,,,,,,,,,,42.334,,,,,76.432,,,,,,,
5,61500631010478,2001,32.178378,-82.199606,279,4,,,,,176.547,,,,,184.749,,,,,203.345,,,,,235.65,,,,,,,,
5,56605842010478,1997,31.659571,-81.668947,183,4,19.14,,,,50.19,,,,,,,,,,,,,,,,48.173,,,,,74.091,,
5,61517970010478,2000,33.00766,-84.462528,231,4,,,,29.046,,,,,,,,,,33.975,,,,,50.769,,,,,68.768,,,,
5,61487232010478,2001,32.312917,-82.620671,209,4,,,,,63.772,,,,,104.005,,,,,103.788,,,,,,,,,,97.617,,,
5,61138480010478,1998,34.221188,-85.324793,115,4,,12.193,,,,,,,16.094,,,,,,,,,,8.335,,,,,10.818,,,,
5,61263215010478,2001,32.476511,-83.420146,23,4,,,,,97.03,,,,,119.937,,,,,,,,,,82.952,,,,,87.684,,,
5,61103266010478,2002,32.969887,-84.084255,171,4,,,,,,116.824,,,,,,,,,,97.645,,,,,104.497,,,,,126.389,,
5,56755184010478,1997,33.234296,-82.728026,125,4,109.747,,124.885,,,,,,,,,179.405,,,,,209.852,,,,,,,,,,,
5,56852856010478,1997,31.077193,-82.721345,65,4,107.94,,,,,,,,,,,,,,,,33.988,,,,,92.744,,,,,144.255,
5,61616046010478,1999,34.428215,-84.391892,227,4,,,87.984,,,,,,,,,,158.608,,,,,119.715,,,,,,,,,,136.589
5,61092813010478,1999,31.265182,-83.201698,19,4,,,10.45,,,,,,,,,,28.016,,,,,33.014,,,,,42.579,,,,,
5,56897178010478,1997,32.803429,-82.91834,303,4,40.266,49.373,,,,,,,,,,,128.798,,,,,,,,,,119.321,,,,,
5,61349181010478,2003,33.936246,-82.773047,317,4,,,,,,,9.981,,,,,71.472,,,,,131.737,,,,,,,,,,121.43,
6,56588798010478,1997,33.606005,-84.158421,247,4,5.463,3.392,,,,,,,,,6.032,,,,,8.995,,,,,,,,,,,,
6,56699946010478,1997,32.517611,-84.908909,215,4,224.175,,214.176,,,,,,188.922,,,,,167.4,,,,,,,,,,,,,,
6,56954386010478,1997,31.929939,-84.370489,261,4,54.175,,91.981,,,,,,,109.253,,,,,,,,,,,,,,,39.724,,,
6,123916723010478,2007,32.947676,-84.833827,199,4,,,,,,,,,,,1.755,,,,,11.732,,,,,29.576,,,,,57.4,,
6,56967056010478,1997,32.536177,-84.380978,269,4,26.946,,55.055,,,,,,,,,,,,,,,,,26.802,,,,,65.609,,,
6,56580377010478,1997,31.816587,-84.975322,239,4,32.431,40.473,,,,,,,,,111.223,,,,,,,,,,70.72,,,,,,,
6,61280768010478,2001,31.37904,-84.996999,99,4,,,,,52.901,,,,,65.976,,,,,,,,,,57.368,,,,,75.295,,,
6,61541659010478,2000,33.994375,-83.294121,59,4,,,,18.456,,,,,42.863,,,,,41.668,,,,,89.928,,,,,,,,,
6,61233462010478,1998,33.701273,-82.95664,265,4,,76.775,,,,,,,,,,,,86.178,,,,,111.912,,,,,129.678,,,,
6,123993656010478,2007,33.49738,-85.214825,45,4,,,,,,,,,,,195.33,,,,,223.532,,,,,126.951,,,,,162.324,,
6,61050367010478,1999,33.42216,-83.033004,141,4,,,57.594,,,,,,,93.65,,,,,133.693,,,,,175.476,,,,,,,,
6,56800162010478,1997,32.231614,-81.820391,109,4,44.789,,,,,86.683,,,,,122.866,,,,,167.55,,,,,,,,,,,,
6,56701744010478,1997,33.68237,-83.903634,217,4,169.887,175.781,,,,,,,,,,,,,,,,,,,,,56.32,,,,,109.599
6,61401119010478,2003,33.222754,-84.207545,255,4,,,,,,,148.208,,,,,101.573,,,,,92.745,,,,,,,,,,87.014,
6,61512802010478,2000,32.381592,-84.527696,197,4,,,,53.201,,,,,54.527,,,,,64.784,,,,,72.528,,,,,,,,,
6,56730866010478,1997,33.349615,-85.054801,149,4,120.411,,,171.176,,,,,,,,,,,,,,,186.181,,,,,224.287,,,,
6,56888238010478,1997,31.225089,-82.665392,299,4,107.02,,,,,,,,,,,125.038,,,,,167.754,,,,,,,,,,36.737,
6,56694294010478,1997,31.988233,-82.539604,209,4,13.664,,,,,,51.575,,,,,91.923,,,,,,,,,,,,,,,12.619,
6,61158318010478,1999,31.891429,-81.351711,29,4,,,104.017,,,,,,,,,155.898,,,,,182.554,,,,,,,,,,252.045,
6,61603925010478,1999,33.575729,-82.453707,189,4,,,16.368,,,,,,,,,,52.489,,,,,,,,,,161.627,,,,,147.631
6,61348980010478,2003,33.623396,-82.752005,317,4,,,,,,,44.581,,,,,,,,,,110.527,,,,,147.613,,,,,204.131,
6,61568435010478,2000,33.766466,-82.479523,181,4,,,,53.415,,,,,73.795,,,,,,,,,,28.564,,,,,91.976,,,,
6,61407747010478,2003,34.95275,-83.888543,281,4,,,,,,,58.543,,,,,76.444,,,,,,,,,,7.571,,,,,37.845,
6,153846878010854,2009,33.428779,-84.002669,151,4,,,,,,,,,,,,,172.738,,,,,204.908,,,,,235.805,,,,,265.335
7,123983111010478,2007,33.057968,-83.168449,9,4,,,,,,,,,,,14.972,,,,,20.095,,,,,25.513,,,,,36.248,,
7,76355947010478,2005,32.125388,-81.78536,109,4,,,,,,,,,26.815,,,,,34.731,,,,,40.815,,,,,73.987,,,,
7,123985747010478,2007,32.354226,-83.437465,23,4,,,,,,,,,,,69.662,,,,,84.316,,,,,111.488,,,,,142.891,,
7,61228104010478,1998,32.223108,-84.245366,249,4,,11.634,,,,,,,,52.445,,,,,,,,,,83.816,,,,,133.47,,,
7,61483187010478,2001,33.576402,-82.535265,189,4,,,,,201.303,,,,,212.508,,,,,,,,,,158.53,,,,,180.17,,,
7,76703110010478,2006,32.069392,-82.54242,209,4,,,,,,,,,,15.714,,,,,24.498,,,,,45.993,,,,,67.956,,,
7,61245126010478,1998,33.597791,-85.20046,45,4,,84.583,,,,,,,,,97.302,,,,,80.841,,,,,,,,,,116.429,,
7,61568480010478,2000,33.73752,-82.283877,181,4,,,,20.226,,,,,,32.6,,,,,,,,,,,62.704,,,,,93.965,,
7,61087848010478,1999,31.23474,-82.734065,3,4,,,24.404,,,,,,,91.352,,,,,129.325,,,,,,,,,,47.639,,,
7,61116168010478,2002,33.285061,-83.504208,237,4,,,,,,68.784,,,,,85.016,,,,,120.385,,,,,,,,,,72.258,,
7,61514931010478,2000,33.527976,-83.64954,211,4,,,,145.791,,,,,161.639,,,,,,,,,,232.157,,,,,284.977,,,,
7,61234416010478,1998,32.5532,-84.151565,269,4,,15.087,,,,,,,,48.171,,,,,,,,,,79.587,,,,,94.4,,,
7,61502133010478,2001,32.720862,-83.329445,289,4,,,,,141.702,,,,,,,,,,102.7,,,,,112.764,,,,,166.0,,,
7,56760876010478,1997,34.436232,-84.792691,129,4,27.859,,,62.573,,,,,96.406,,,,,,,,,,42.773,,,,,,,,,
7,61593185010478,2000,33.926179,-83.781682,13,4,,,,133.701,,,,,158.611,,,,,173.056,,,,,213.546,,,,,,,,,
7,61151565010478,1998,31.656441,-83.470422,155,4,,69.867,,,,,,,,,,,,4.028,,,,,27.189,,,,,41.079,,,,
7,61115694010478,2002,33.915743,-85.088646,233,4,,,,,,76.327,,,,,104.456,,,,,,,,,,8.118,,,,,50.569,,
7,56685865010478,1997,32.98432,-84.746104,199,4,84.244,,,112.523,,,,,,,,,,,,,,,114.57,,,,,133.667,,,,
7,61546165010478,2000,33.228354,-84.774074,77,4,,,,133.909,,,,,,,,,,68.811,,,,,106.157,,,,,173.618,,,,
7,61224193010478,1998,32.387067,-83.518387,235,4,,5.683,,,,,,,15.029,,,,,23.422,,,,,11.343,,,,,,,,,
7,56959199010478,1997,32.734175,-84.412544,263,4,35.874,36.403,,,,,,,,,,,,,,,,,,,,,4.575,,,,,19.102
7,56585983010478,1997,31.792032,-84.627477,243,4,102.728,,,,,,,,,,,,76.467,,,,,,,,,,1.764,,,,,8.026
7,56679483010478,1997,32.34598,-82.778175,175,4,35.432,,,,,,,69.509,,,,,,,,,,7.821,,,,,68.601,,,,,
7,61427212010478,2003,30.512994,-82.086734,49,4,,,,,,,0.701,,,,,1.344,,,,,7.336,,,,,,,,,,22.765,
7,61333307010478,2004,33.112726,-84.876606,285,4,,,,,,,,43.018,,,,,85.097,,,,,,,,,,94.405,,,,,163.123
7,61296784010478,2004,33.662207,-83.317445,133,4,,,,,,,,312.38,,,,,,,,,,341.996,,,,,367.378,,,,,398.53
7,153847379010854,2009,32.420775,-82.459166,283,4,,,,,,,,,,,,,66.651,,,,,118.922,,,,,173.362,,,,,213.194
7,61342350010478,2004,32.727897,-83.089223,319,4,,,,,,,,142.785,,,,,144.972,,,,,,,,,,30.843,,,,,50.517
8,123982804010478,2007,33.061294,-83.28073,9,4,,,,,,,,,,,230.131,,,,,257.235,,,,,253.848,,,,,290.267,,
8,61073395010478,1998,32.602629,-83.344679,289,4,,79.46,,,,,,,,,47.679,,,,,,,,,,50.097,,,,,97.087,,
8,56625032010478,1997,31.248302,-81.948021,25,4,88.209,,,114.664,,,,,,,,,,,,,,,30.136,,,,,56.312,,,,
8,61461488010478,2002,31.589311,-82.981474,69,4,,,,,,71.133,,,,,85.142,,,,,127.643,,,,,,,,,,127.944,,
8,61204020010478,1998,31.81421,-81.938172,183,4,,30.803,,,,,,,94.307,,,,,169.306,,,,,,,,,,13.422,,,,
8,61507557010478,2001,31.85891,-83.226703,315,4,,,,,10.809,,,,,16.209,,,,,24.929,,,,,35.502,,,,,,,,
8,61467945010478,2002,33.593958,-84.895748,97,4,,,,,,155.588,,,,,162.433,,,,,,,,,,29.582,,,,,60.078,,
8,61236158010478,1998,31.713085,-83.144877,17,4,,6.496,,,,,,,,78.291,,,,,123.184,,,,,,,,,,12.613,,,
8,56846081010478,1997,34.336207,-84.517025,57,4,135.637,,,,,,,,,22.584,,,,,65.036,,,,,,,,,,122.404,,,
8,76799600010478,2006,32.795192,-83.62502,21,4,,,,,,,,,,67.607,,,,,68.621,,,,,86.156,,,,,108.377,,,
8,56646543010478,1997,30.885979,-81.880598,39,4,111.135,,150.665,,,,,,,,,,,,40.185,,,,,,,,,,118.27,,,
8,61504578010478,2001,33.395872,-82.730664,301,4,,,,,198.008,,,,,214.131,,,,,239.795,,,,,,,,,,45.836,,,
8,56614313010478,1997,33.333729,-82.342116,189,4,109.925,,120.377,,,,,,,152.872,,,,,176.429,,,,,,,,,,,,,
8,61287212010478,2001,33.720645,-83.21129,133,4,,,,,101.014,,,,,,,,,,108.282,,,,,132.717,,,,,150.987,,,
8,61263016010478,2001,32.499757,-83.314955,23,4,,,,,59.312,,,,,93.446,,,,,130.297,,,,,181.53,,,,,,,,
8,61105546010478,2002,33.662144,-82.454941,181,4,,,,,,125.477,,,,,135.987,,,,,,,,,,77.524,,,,,92.267,,
8,61555088010478,2000,34.697714,-84.524534,123,4,,,,41.684,,,,,41.841,,,,,44.604,,,,,,,,,,7.481,,,,
8,61258928010478,1998,33.447969,-84.702101,77,4,,89.421,,,,,,,,,,,,6.875,,,,,77.942,,,,,143.347,,,,
8,61573261010478,1999,32.425261,-82.495703,283,4,,,32.526,,,,,,,,39.443,,,,,51.177,,,,,,,,,,51.419,,
8,61282577010478,2001,32.174246,-81.915006,109,4,,,,,66.096,,,,,78.762,,,,,87.358,,,,,,,,,,92.21,,,
8,56589850010478,1997,32.326011,-84.367107,249,4,66.552,,,,84.176,,,,,112.033,,,,,,,,,,79.368,,,,,,,,
8,61510172010478,2002,31.825522,-82.346721,1,4,,,,,,157.077,,,,,167.991,,,,,204.719,,,,,244.466,,,,,,,
8,61631536010478,1999,32.592033,-84.143718,269,4,,,149.157,,,,,,162.405,,,,,173.021,,,,,,,,,,174.213,,,,
8,61519568010478,2000,31.753122,-84.92833,243,4,,,,59.246,,,,,81.688,,,,,124.096,,,,,,,,,,11.598,,,,
8,56570354010478,1997,31.408671,-82.105499,229,4,100.15,,,,,,,,,,,,19.073,,,,,84.559,,,,,146.733,,,,,
8,56618258010478,1997,32.378197,-84.149377,193,4,15.364,,,,,,,,,,,33.265,,,,,,,,,,77.44,,,,,103.112,
8,61193721010478,1999,32.401725,-81.413352,103,4,,,86.952,,,,,,,,,,126.671,,,,,168.663,,,,,,,,,,0.154
8,56775975010478,1997,32.05078,-83.88976,93,4,128.201,,,153.972,,,,,,,,,,,,,,,37.358,,,,,53.116,,,,
8,56923604010478,1997,31.978664,-82.317914,279,4,40.248,,,,,,113.938,,,,,,,,,,62.192,,,,,,,,,,13.903,
8,56876631010478,1997,31.227141,-82.820395,3,4,105.339,,,,,,121.036,,,,,111.968,,,,,,,,,,,,,,,7.354,
8,56740124010478,1997,34.929975,-84.194837,111,4,138.828,,,,,,,,,,,10.765,,,,,2.359,,,,,23.19,,,,,,
8,61347595010478,2003,32.154069,-82.892257,309,4,,,,,,,131.18,,,,,,,,,,70.184,,,,,103.693,,,,,56.371,
8,153847517010854,2009,34.893372,-84.938517,313,4,,,,,,,,,,,,,71.15,,,,,75.472,,,,,100.35,,,,,123.111
9,61151012010478,1998,32.455669,-83.562247,153,4,,56.398,,,,,,,,,119.418,,,,,151.604,,,,,157.928,,,,,,,
9,61148786010478,1998,32.787414,-84.946163,145,4,,48.073,,,,,,,,94.517,,,,,102.978,,,,,,,,,,87.556,,,
9,56624259010478,1997,31.34894,-81.827054,25,4,25.086,,53.45,,,,,,,,,,,,,,,,30.712,,,,,70.437,,,,
9,61483405010478,2001,31.61891,-81.381632,191,4,,,,,154.89,,,,,184.904,,,,,,,,,,210.483,,,,,242.4,,,
9,61081544010478,1998,32.204272,-82.670092,309,4,,194.505,,,,,,,208.483,,,,,235.043,,,,,,,,,,27.651,,,,
9,61449677010478,2002,32.154132,-81.466401,29,4,,,,,,35.989,,,,,69.091,,,,,123.582,,,,,,,,,,41.657,,
9,61230572010478,1998,32.054844,-84.97561,259,4,,2.992,,,,,,,,,14.158,,,,,27.112,,,,,52.65,,,,,,,
9,61545631010478,2000,31.282837,-83.460436,75,4,,,,75.622,,,,,108.171,,,,,89.597,,,,,,,,,,22.627,,,,
9,56702952010478,1997,33.809965,-83.403619,219,4,89.54,,,106.252,,,,,,,,,,125.144,,,,,,,,,,97.217,,,,
9,61127267010478,2002,32.761514,-84.171132,293,4,,,,,,45.037,,,,,66.177,,,,,88.197,,,,,,,,,,56.921,,
9,61192707010478,1999,30.822384,-82.916524,101,4,,,1.212,,,,,,25.606,,,,,53.615,,,,,,,,,,62.087,,,,
9,61605100010478,1999,32.362228,-84.244931,193,4,,,30.601,,,,,,61.658,,,,,79.091,,,,,,,,,,37.995,,,,
9,56798591010478,1997,32.42303,-82.24219,107,4,89.808,109.309,,,,,,,,,,,,,,143.61,,,,,208.843,,,,,,,
9,76787046010478,2006,31.074485,-82.917409,65,4,,,,,,,,,,8.834,,,,,36.472,,,,,72.006,,,,,95.402,,,
9,56577527010478,1997,33.31944,-83.44853,237,4,125.853,142.0,,,,,,,,,,,,,,,,,,,,63.619,,,,,102.48,
9,61094411010478,1999,32.48346,-83.314977,23,4,,,187.5,,,,,,202.383,,,,,,,,,,,,,,73.7,,,,,79.538
9,56863302010478,1997,34.362011,-83.511183,11,4,64.083,79.515,,,,,,,,,,,101.03,,,,,118.978,,,,,,,,,,
9,144445500010478,2008,31.380223,-81.729047,305,4,,,,,,,,,,,,133.188,,,,,154.561,,,,,180.096,,,,,200.191,
9,56753017010478,1997,34.580356,-84.488434,123,4,74.547,,,,,,79.973,,,,,105.124,,,,,113.575,,,,,,,,,,,
9,56765987010478,1997,32.884031,-83.331164,319,4,4.776,,,,,,,,,,,,,,,,,1.696,,,,,2.705,,,,,1.911
9,56815882010478,1997,32.719607,-84.120201,79,4,42.375,,,,,,,,,,,,,,,,,39.529,,,,,33.145,,,,,38.907
9,61333084010478,2004,33.04483,-85.197828,285,4,,,,,,,,57.819,,,,,77.289,,,,,109.082,,,,,142.926,,,,,
9,56804044010478,1997,31.558279,-82.647354,69,4,69.688,,,,,,,,,,,,109.82,,,,,,,,,,126.653,,,,,140.989
9,61086525010478,1999,31.595849,-82.213815,1,4,,,58.015,,,,,,,,,166.588,,,,,230.119,,,,,75.825,,,,,,
9,61353151010478,2004,31.801631,-83.443783,17,4,,,,,,,,196.048,,,,,233.639,,,,,248.804,,,,,285.823,,,,,
9,61183848010478,1999,33.34545,-84.914642,77,4,,,70.21,,,,,,,,,,,,,,,134.175,,,,,135.995,,,,,182.001
9,56590674010478,1997,32.255974,-84.313769,249,4,46.325,,,,,,,,,,,,27.091,,,,,9.525,,,,,,,,,,22.063
9,61518560010478,2000,32.264292,-83.415259,235,4,,,,109.577,,,,,,119.566,,,,,,,,,,,,,134.428,,,,,143.754
9,61295223010478,2004,33.200082,-82.585309,125,4,,,,,,,,63.258,,,,,92.274,,,,,108.987,,,,,,,,,,134.486
9,61428798010478,2003,34.553024,-85.411296,55,4,,,,,,,134.396,,,,,137.728,,,,,,,,,,157.225,,,,,18.98,
10,56970451010478,1997,32.026216,-83.018964,271,4,96.557,,,,,,,,,3.745,,,,,47.154,,,,,,,,,,74.018,,,
10,61240018010478,1998,30.98543,-83.458659,27,4,,13.978,,,,,,,43.074,,,,,,,,,,51.234,,,,,74.569,,,,
10,61570126010478,2000,30.794286,-83.349032,185,4,,,,84.081,,,,,91.241,,,,,108.765,,,,,,,,,,10.267,,,,
10,61515730010478,2000,33.540179,-83.77837,217,4,,,,92.837,,,,,127.395,,,,,144.392,,,,,169.774,,,,,,,,,
10,56817239010478,1997,32.549422,-83.975939,79,4,84.319,,,,,,,,,,,,,,38.898,,,,,63.634,,,,,86.411,,,
10,61601038010478,2000,30.950403,-82.140805,49,4,,,,97.359,,,,,131.8,,,,,,,,,,112.43,,,,,149.794,,,,
10,61476759010478,2002,33.97006,-84.004522,135,4,,,,,,42.031,,,,,44.512,,,,,55.759,,,,,,,,,,31.416,,
10,61113984010478,2002,33.915137,-84.768271,223,4,,,,,,150.188,,,,,171.936,,,,,,,,,,163.19,,,,,195.738,,
10,56579662010478,1997,31.927655,-85.084013,239,4,135.256,,172.867,,,,,,,,,,,,,197.98,,,,,,,,,,268.638,,
10,56820238010478,1997,34.928203,-85.524355,83,4,193.123,,,,,,,,,,,,,127.029,,,,,156.838,,,,,193.722,,,,
10,123991321010478,2007,33.207356,-83.849894,35,4,,,,,,,,,,,58.577,,,,,78.586,,,,,134.766,,,,,197.216,,
10,61378064010478,2003,34.564783,-83.587816,137,4,,,,,,,140.87,,,,,151.578,,,,,145.72,,,,,188.808,,,,,,
10,56957228010478,1997,32.698692,-84.640793,263,4,88.6,,,,,,,,,,,4.043,,,,,78.337,,,,,,,,,,201.456,
10,56722066010478,1997,33.277269,-83.174498,141,4,86.21,,,,,,,,,,,,61.164,,,,,84.793,,,,,116.523,,,,,
10,61209566010478,1998,31.125381,-84.755185,201,4,,51.129,,,,,,,,,,,,,,,48.794,,,,,96.613,,,,,120.623,
10,56663751010478,1997,33.114446,-82.321688,163,4,74.253,,,,,,,,,,,,82.662,,,,,82.113,,,,,,,,,,147.346
10,61404033010478,2003,32.376147,-84.277322,269,4,,,,,,,138.041,,,,,165.991,,,,,217.363,,,,,,,,,,65.804,
10,56594859010478,1997,32.788892,-81.583226,251,4,139.756,,,,,,,,,,,,0.553,,,,,27.859,,,,,88.959,,,,,
10,61381818010478,2003,31.75577,-82.614247,161,4,,,,,,,21.052,,,,,41.023,,,,,77.906,,,,,116.621,,,,,,
11,76697892010478,2006,34.215074,-83.3237,195,4,,,,,,,,,,31.95,,,,,57.368,,,,,95.702,,,,,120.272,,,
11,61051098010478,1999,32.794421,-85.070608,145,4,,,15.687,,,,,,,18.343,,,,,24.297,,,,,,,,,,59.227,,,
11,61247385010478,1998,30.858752,-82.122056,49,4,,10.363,,,,,,,,,52.268,,,,,,,,,,17.065,,,,,52.248,,
11,56730997010478,1997,33.19327,-85.065474,149,4,141.97,,161.218,,,,,,,,,,,,,224.676,,,,,,,,,,253.542,,
11,61477950010478,2002,33.26727,-83.080213,141,4,,,,,,60.058,,,,,95.107,,,,,152.252,,,,,,,,,,119.118,,
11,56961332010478,1997,33.58,-82.86,265,4,95.981,100.432,,,,,,,,116.673,,,,,,,,,,,,,,,86.631,,,
11,56839361010478,1997,32.30199,-84.799211,53,4,109.168,,,,,,,,,,,,,,106.083,,,,,103.683,,,,,120.727,,,
11,61148310010478,1998,33.685516,-85.30808,143,4,,0.114,,,,,,,,,46.709,,,,,114.47,,,,,,,,,,0.683,,
11,61633473010478,1999,31.006596,-83.814186,275,4,,,119.396,,,,,,,,,,,,166.362,,,,,220.588,,,,,259.593,,,
11,61486560010478,2001,31.145609,-84.796911,201,4,,,,,92.15,,,,,103.679,,,,,121.511,,,,,,,,,,12.78,,,
11,56571497010478,1997,33.031617,-84.519818,231,4,55.923,,93.54,,,,,,,,156.608,,,,,,,,,,,,,,,47.56,,
11,56794854010478,1997,32.77882,-82.307584,107,4,209.593,,,,,,,,3.967,,,,,57.954,,,,,157.638,,,,,,,,,
11,61539890010478,2001,33.097169,-83.320739,9,4,,,,,42.218,,,,,74.634,,,,,140.878,,,,,,,,,,144.265,,,
11,61516402010478,2000,33.771281,-83.060532,221,4,,,,5.387,,,,,42.953,,,,,73.819,,,,,,,,,,124.51,,,,
11,61048463010478,1999,34.527183,-83.620981,137,4,,,388.555,,,,,,435.226,,,,,,,,498.929,,,,,,,,,,313.039,
11,56580027010478,1997,31.893003,-85.01412,239,4,159.514,,,,,,,,146.808,,,,,156.086,,,,,179.871,,,,,,,,,
11,61223923010478,1998,34.067014,-85.113852,233,4,,3.168,,,,,,,,,,50.131,,,,,,,,,,102.535,,,,,91.298,
11,56952376010478,1997,32.102195,-84.782571,259,4,109.418,,,,,,,,,,,,27.221,,,,,82.113,,,,,,,,,,110.688
11,61440720010478,2003,30.672771,-82.886095,101,4,,,,,,,120.442,,,,,136.147,,,,,,,,,,5.225,,,,,7.901,
11,56647982010478,1997,30.838034,-81.895571,39,4,164.348,167.263,,,,,,,,,,,,,,,,163.492,,,,,,,,,,128.704
11,56939735010478,1997,32.812206,-84.241938,293,4,231.671,,,,,,,267.709,,,,,250.254,,,,,,,,,,,,,,,119.015
11,61410441010478,2002,33.465296,-82.660649,301,4,,,,,,37.57,,,,,105.675,,,,,,,,,,,156.439,,,,,213.206,
11,61396020010478,2003,34.39781,-84.54051,227,4,,,,,,,95.615,,,,,97.395,,,,,99.648,,,,,,,,,,113.439,
11,153846627010854,2009,33.733138,-84.186574,89,4,,,,,,,,,,,,,16.998,,,,,18.695,,,,,23.993,,,,,54.413
12,56567637010478,1997,34.382524,-84.503624,227,4,8.842,14.512,,,,,,,42.636,,,,,94.145,,,,,,,,,,,,,,
12,61541367010478,2000,34.379943,-84.648951,57,4,,,,115.461,,,,,,,,,,115.891,,,,,101.372,,,,,119.561,,,,
12,61507961010478,2001,31.873219,-83.330334,315,4,,,,,103.416,,,,,144.651,,,,,159.509,,,,,,,,,,33.456,,,
12,56803252010478,1997,31.504193,-82.782589,69,4,269.447,,,,,,,,,,13.731,,,,,75.551,,,,,,,,,,154.022,,
12,29169224010478,2004,32.546864,-83.32864,289,4,,,,,,,,22.582,,,,,71.585,75.948,,,,,,,,,,135.671,,,,
12,123907018010478,2007,31.970061,-84.463793,307,4,,,,,,,,,,,46.423,,,,,81.957,,,,,83.574,,,,,103.365,,
12,61495084010478,2001,34.528333,-83.32998,257,4,,,,,33.776,,,,,50.235,,,,,,,,,,44.362,,,,,64.698,,,
12,61285495010478,2001,33.236122,-82.670452,125,4,,,,,179.588,,,,,,,,,,3.762,,,,,26.167,,,,,53.858,,,
12,61050540010478,1999,33.755935,-85.309248,143,4,,,79.318,,,,,,,,110.214,,,,,,,,,,161.803,,,,,184.413,,
12,61517904010478,2000,33.140157,-84.381597,231,4,,,,29.358,,,,,60.229,,,,,83.629,,,,,,,,,,48.608,,,,
12,76389089010478,2005,31.268408,-82.872704,3,4,,,,,,,,,4.67,,,,,7.327,,,,,22.873,,,,,54.646,,,,
12,61521869010478,2000,33.299234,-84.164335,255,4,,,,109.074,,,,,162.876,,,,,,,,,,161.307,,,,,202.095,,,,
12,61622522010478,1999,32.371046,-84.376289,249,4,,,70.754,,,,,,,,,,,70.143,,,,,91.435,,,,,103.68,,,,
12,144530191010478,2008,31.468189,-82.440465,5,4,,,,,,,,,,,,18.939,,,,,43.503,,,,,81.46,,,,,101.017,
12,56579938010478,1997,31.792702,-85.060992,239,4,36.405,,,,,,,109.977,,,,,150.494,,,,,190.011,,,,,,,,,,
12,29168208010478,2004,33.034296,-84.754711,199,4,,,,,,,,42.835,,,,,78.6,,,,,138.785,,,,,178.784,,,,,
12,56698187010478,1997,34.650265,-84.762324,213,4,18.115,,25.357,,,,,,,,,127.773,,,,,,,,,,173.14,,,,,,
12,61558872010478,2000,33.35635,-83.085211,141,4,,,,79.368,,,,,,102.529,,,,,,,,118.96,,,,,,,,,,72.61
12,61442961010478,2003,32.393131,-82.221252,107,4,,,,,,,19.828,,,,,48.18,,,,,77.831,,,,,118.227,,,,,,
12,61416356010478,2003,31.753833,-82.470817,1,4,,,,,,,36.126,,,,,81.053,,,,,112.103,,,,,186.45,,,,,,
12,61405204010478,2003,32.008974,-82.822553,271,4,,,,,,,114.723,,,,,146.7,,,,,172.964,,,,,,,,,,165.289,
13,56735350010478,1997,32.347622,-83.743674,153,4,60.214,,85.882,,,,,,,,,,,,,99.552,,,,,,,,,,138.385,,
13,56817426010478,1997,32.776916,-83.950654,79,4,41.105,,,60.055,,,,,,,,,,70.032,,,,,90.191,,,,,,,,,
13,123932548010478,2007,33.202198,-84.280451,255,4,,,,,,,,,,,21.068,,,,,40.367,,,,,86.945,,,,,115.173,,
13,61209817010478,1998,31.165461,-84.912433,201,4,,12.279,,,,,,,,,70.815,,,,,,,,,,107.089,,,,,95.721,,
13,61556033010478,2000,31.276281,-81.650007,127,4,,,,33.418,,,,,84.406,,,,,120.416,,,,,160.834,,,,,,,,,
13,56848944010478,1997,31.545057,-84.947194,61,4,171.168,,,,164.428,,,,,186.323,,,,,210.923,,,,,,,,,,,,,
13,61479131010478,2001,33.020366,-84.097758,171,4,,,,,19.526,,,,,33.469,,,,,57.161,,,,,,,,,,38.695,,,
13,56942217010478,1997,34.760435,-85.258634,295,4,48.812,,,,,,,,,,,,,37.299,,,,,50.157,,,,,70.247,,,,
13,56909983010478,1997,34.696948,-83.67894,311,4,144.895,,,,,,,,,,163.615,,,,,190.124,,,,,,,,,,0.482,,
13,61589732010478,1999,31.413371,-83.686868,321,4,,,43.677,,,,,,,11.846,,,,,1.845,,,,,0.697,,,,,,,,
13,56634857010478,1997,32.207264,-81.794321,31,4,76.956,,,87.11,,,,,106.185,,,,,,,,,,,,,,,61.34,,,,
13,61110286010478,2002,31.201054,-84.320135,205,4,,,,,,114.946,,,,,107.398,,,,,131.513,,,,,,,,,,19.524,,
13,61426219010478,2003,32.438051,-82.171263,43,4,,,,,,,46.946,,,,,62.587,,,,,80.247,,,,,101.411,,,,,,
13,61622657010478,1999,32.292769,-84.298608,249,4,,,66.318,,,,,,,,,,,,,,23.439,,,,,42.627,,,,,61.273,
13,56711800010478,1997,34.099789,-84.071085,135,4,240.465,,,,,,327.041,,,,,352.936,,,,,381.557,,,,,,,,,,,
13,56666277010478,1997,32.861469,-81.835272,165,4,5.93,,17.249,,,,,,,,,,,,,,,58.934,,,,,,,,,,10.314
13,61332565010478,2004,32.257276,-82.2382,279,4,,,,,,,,21.263,,,,,32.095,,,,,,,,,,72.306,,,,,98.284
13,61332886010478,2004,32.427221,-82.609637,283,4,,,,,,,,14.291,,,,,45.914,,,,,99.265,,,,,141.534,,,,,
13,61592743010478,2000,34.386521,-83.433204,11,4,,,,159.205,,,,,,,,,,24.842,,,,,45.218,,,,,67.667,,,,
13,61351776010478,2004,31.329541,-83.03682,3,4,,,,,,,,4.02,,,,,9.507,,,,,,,,,,40.749,,,,,43.676
14,61527492010478,2000,32.060631,-82.281063,279,4,,,,75.496,,,,,92.293,,,,,,,,,,26.544,,,,,74.8,,,,
14,61262723010478,2001,32.790895,-83.7338,21,4,,,,,44.259,,,,,79.782,,,,,100.262,,,,,131.274,,,,,,,,
14,123998991010478,2007,33.58616,-84.445153,63,4,,,,,,,,,,,36.539,,,,,32.267,,,,,69.908,,,,,72.078,,
14,61619763010478,1999,31.874083,-84.92782,239,4,,,33.486,,,,,,,,61.559,,,,,97.213,,,,,,,,,,94.584,,
14,61279569010478,2001,31.621498,-84.321301,95,4,,,,,51.96,,,,,,,,,,65.979,,,,,69.298,,,,,50.467,,,
14,61269750010478,2001,32.232279,-84.866914,53,4,,,,,17.06,,,,,55.419,,,,,,,,,,10.83,,,,,16.74,,,
14,61110216010478,2002,31.098024,-84.069446,205,4,,,,,,78.204,,,,,97.857,,,,,123.909,,,,,,,,,,17.36,,
14,61275867010478,2001,31.245757,-83.427061,75,4,,,,,36.357,,,,,34.795,,,,,,,,,,9.014,,,,,12.149,,,
14,56772113010478,1997,31.334012,-83.853858,321,4,59.818,96.706,,,,,,,,156.657,,,,,,,,,,,,,,,83.402,,,
14,61464121010478,2002,34.66948,-85.532542,83,4,,,,,,127.396,,,,,141.923,,,,,151.82,,,,,168.215,,,,,,,
14,76711912010478,2006,33.406196,-83.511309,237,4,,,,,,,,,,2.867,,,,,54.914,,,,,146.335,,,,,190.469,,,
14,56607092010478,1997,31.594336,-81.579823,183,4,174.1,,184.442,,,,,,,,,,,48.134,,,,,131.296,,,,,,,,,
14,61555557010478,2000,33.240386,-82.491497,125,4,,,,42.546,,,,,,72.334,,,,,,102.625,,,,,,,,,,79.993,,
14,61508124010478,2001,33.802129,-82.73367,317,4,,,,,94.63,,,,,119.38,,,,,,,,,,119.615,,,,,154.929,,,
14,56621254010478,1997,34.102343,-83.055508,195,4,81.336,,,,131.718,,,,,173.418,,,,,,,,,,,,,,,204.997,,,
14,56907554010478,1997,32.126919,-82.69281,309,4,63.758,,,127.502,,,,,168.514,,,,,166.719,,,,,,,,,,,,,,
14,61214305010478,1998,33.189428,-83.847745,207,4,,58.625,,,,,,,,,,,,,,,105.527,,,,,125.935,,,,,151.543,
14,56667729010478,1997,32.710991,-82.804107,167,4,187.761,,,,,,,207.934,,,,,,,,,80.538,,,,,93.168,,,,,,
14,56889129010478,1997,31.132417,-82.524221,299,4,123.579,,,132.992,,,,,128.098,,,,,139.408,,,,,,,,,,,,,,
14,61062914010478,1999,31.005443,-82.994738,173,4,,,59.1,,,,,,,,,,,,,,33.812,,,,,41.245,,,,,42.538,
14,56593466010478,1997,32.817419,-81.503495,251,4,23.183,,,55.381,,,,,,,,,,64.26,,,,,,,,,,51.849,,,,
14,61251416010478,1998,31.305805,-82.86191,3,4,,10.414,,,,,,,,,,93.715,,,,,,,,,,126.493,,,,,185.853,
14,56933665010478,1997,32.53531,-83.485353,289,4,28.546,,,,,,72.148,,,,,,,,,,116.391,,,,,,,,,,9.414,
14,56906244010478,1997,32.006256,-84.444595,307,4,75.73,,84.509,,,,,,,,,,,,,,35.372,,,,,,,,,,55.009,
14,56619429010478,1997,32.443306,-83.973448,193,4,63.783,,,,,,111.489,,,,,124.101,,,,,138.525,,,,,,,,,,,
14,144487964010478,2008,32.12238,-82.476021,209,4,,,,,,,,,,,,89.556,,,,,101.149,,,,,145.191,,,,,162.574,
14,56740512010478,1997,34.71124,-84.134326,111,4,127.483,,,,,,120.587,,,,,131.495,,,,,119.247,,,,,,,,,,,
14,123974150010478,2007,32.536353,-83.029985,175,4,,,,,,,,,,,77.594,,,,,,106.968,,,,,112.0,,,,,102.469,
14,153846395010854,2009,32.247833,-81.63713,31,4,,,,,,,,,,,,,55.753,,,,,55.455,,,,,58.513,,,,,54.22
15,61550869010478,2000,32.427684,-81.383924,103,4,,,,114.81,,,,,150.853,,,,,,,,,,66.46,,,,,113.851,,,,
15,61122195010478,2002,33.526359,-82.970948,265,4,,,,,,10.826,,,,,53.302,,,,,102.527,,,,,175.527,,,,,,,
15,61217664010478,1998,33.8343,-82.997404,221,4,,61.704,,,,,,,,,,,,,,48.904,,,,,88.327,,,,,136.863,,
15,61451356010478,2002,32.643146,-81.807935,31,4,,,,,,234.545,,,,,,,,,,6.978,,,,,33.121,,,,,52.6,,
15,56884995010478,1997,32.565836,-83.234365,23,4,86.762,,,,,,,,,32.104,,,,,42.057,,,,,71.704,,,,,,,,
15,61121515010478,2002,32.667446,-84.653977,263,4,,,,,,66.225,,,,,74.597,,,,,98.704,,,,,,,,,,120.089,,
15,56723124010478,1997,33.896259,-85.240146,143,4,42.733,45.433,,,,,,,,,60.777,,,,,,,,,,9.704,,,,,,,
15,61580193010478,1999,33.372611,-82.803995,301,4,,,2.303,,,,,,30.605,,,,,91.291,,,,,,,,,,151.596,,,,
15,56755275010478,1997,33.28145,-82.507206,125,4,102.53,,,,,,134.521,,,,,,,,,29.877,,,,,75.253,,,,,,,
15,61592949010478,2000,34.387817,-83.595205,11,4,,,,84.072,,,,,,,,,,46.226,,,,,64.25,,,,,94.04,,,,
15,56756313010478,1997,31.236879,-81.752426,127,4,78.639,95.614,,,,,,,,,,,,,,,,81.364,,,,,,,,,,127.932
15,56800983010478,1997,33.856542,-84.649438,67,4,71.678,,,,,,166.571,,,,,166.717,,,,,179.099,,,,,,,,,,,
15,61083914010478,1998,33.700616,-82.734181,317,4,,115.524,,,,,,,,,,222.798,,,,,,,,,,95.474,,,,,137.568,
15,61551940010478,2000,32.072769,-81.888789,109,4,,,,115.419,,,,,,140.66,,,,,,,,,,,,2.769,,,,,15.24,
15,61320938010478,2004,34.044275,-85.109485,233,4,,,,,,,,97.852,,,,,,,,,,16.207,,,,,23.897,,,,,40.03
15,144444782010478,2008,33.019577,-82.716152,303,4,,,,,,,,,,,,8.897,,,,,22.827,,,,,47.612,,,,,92.62,
16,61277912010478,2001,34.352258,-84.233941,85,4,,,,,67.117,,,,,61.325,,,,,69.003,,,,,82.297,,,,,,,,
16,61477063010478,2002,34.688417,-83.38792,137,4,,,,,,146.203,,,,,148.432,,,,,162.362,,,,,,,,,,177.21,,
16,61412302010478,2002,31.80833,-82.028995,305,4,,,,,,172.08,,,,,183.907,,,,,203.139,,,,,,,,,,119.914,,
16,56624347010478,1997,31.30405,-81.817369,25,4,61.229,87.136,,,,,,,,,,,,,,,,,,36.369,,,,,52.803,,,
16,56958676010478,1997,32.810342,-84.431788,263,4,8.142,,,31.716,,,,,49.337,,,,,72.955,,,,,,,,,,,,,,
16,56776871010478,1997,32.10662,-83.808321,93,4,20.865,,,,,,,,,,9.002,,,,,35.125,,,,,,,,,,82.93,,
16,61524280010478,2000,33.599005,-82.872434,265,4,,,,91.38,,,,,125.157,,,,,137.362,,,,,,,,,,52.044,,,,
16,61292708010478,2001,31.800985,-82.667433,161,4,,,,,46.409,,,,,,,,,,37.893,,,,,52.709,,,,,79.958,,,
16,76404396010478,2005,32.415673,-81.81223,31,4,,,,,,,,,42.666,,,,,48.231,,,,,49.147,,,,,58.524,,,,
16,61125445010478,2002,32.503555,-82.641123,283,4,,,,,,89.551,,,,,93.823,,,,,103.485,,,,,,,,,,17.97,,
16,56571056010478,1997,31.23678,-82.274457,229,4,189.814,,,,166.829,,,,,192.404,,,,,,,,,,86.625,,,,,,,,
16,61544529010478,2000,31.418123,-82.764701,69,4,,,,7.466,,,,,22.495,,,,,31.255,,,,,61.226,,,,,,,,,
16,56593907010478,1997,32.575675,-81.472239,251,4,130.699,144.752,,,,,,,164.117,,,,,,,,,,,,,,,64.134,,,,
16,144496868010478,2008,33.393692,-82.114512,245,4,,,,,,,,,,,,45.42,,,,,72.092,,,,,57.92,,,,,101.398,
16,61514713010478,2000,32.05453,-82.572144,209,4,,,,53.271,,,,,91.717,,,,,,,,,,102.304,,,,,131.78,,,,
16,56615230010478,1997,31.440602,-81.49646,191,4,114.687,,,129.581,,,,,150.192,,,,,188.5,,,,,,,,,,,,,,
16,56817113010478,1997,32.709252,-84.172233,79,4,26.466,,,67.286,,,,,,,,,,37.402,,,,,56.174,,,,,,,,,
16,56929676010478,1997,32.926746,-84.987154,285,4,35.652,,,,,,78.041,,,,,,,,,,94.474,,,,,,,,,,66.598,
16,61316389010478,2004,32.910487,-84.017432,207,4,,,,,,,,98.878,,,,,113.991,,,,,,,,,,99.704,,,,,148.695
16,56729046010478,1997,34.267434,-83.086519,147,4,31.743,,,,,,,,,,,20.45,,,,,28.976,,,,,,,,,,10.859,
16,56925196010478,1997,32.299188,-82.235796,279,4,111.957,,,,,,,,,,,1.352,,,,,30.996,,,,,88.753,,,,,,
16,56808687010478,1997,33.634069,-82.428066,73,4,71.178,74.912,,,,,,,,,,120.855,,,,,142.573,,,,,,,,,,,
16,56724796010478,1997,33.728322,-85.241445,143,4,179.304,,,,,,,,,,,,,,,,,0.454,,,,,18.565,,,,,40.013
16,153846443010854,2009,32.350832,-82.129526,43,4,,,,,,,,,,,,,85.169,,,,,127.678,,,,,190.884,,,,,187.854
16,56774198010478,1997,32.112099,-83.030442,91,4,132.255,138.272,,,,,,,,,,,,,,,,108.875,,,,,,,,,,143.712
16,61436782010478,2003,34.958795,-85.588515,83,4,,,,,,,154.578,,,,,151.924,,,,,147.601,,,,,171.214,,,,,,
16,61405396010478,2003,31.842302,-84.590686,273,4,,,,,,,147.322,,,,,138.649,,,,,96.135,,,,,,,,,,120.192,
16,29168446010478,2004,32.023941,-84.822009,259,4,,,,,,,,16.006,,,,,,,,,,17.973,,,,,19.184,,,,,25.401
17,61546529010478,2000,32.682484,-83.832645,79,4,,,,76.657,,,,,95.346,,,,,112.939,,,,,123.502,,,,,,,,,
17,61632516010478,1999,32.112476,-82.943161,271,4,,,10.527,,,,,,46.417,,,,,,,,,,,,155.214,,,,,207.023,,
17,61494797010478,2001,33.242919,-84.435122,255,4,,,,,16.623,,,,,73.522,,,,,93.392,,,,,118.815,,,,,,,,
17,61265311010478,2001,32.939446,-82.167782,33,4,,,,,6.825,,,,,48.696,,,,,117.84,,,,,,,,,,131.493,,,
17,123930951010478,2007,32.256284,-84.246255,249,4,,,,,,,,,,,11.052,,,,,47.908,,,,,109.532,,,,,158.163,,
17,76360351010478,2005,33.141084,-82.58667,125,4,,,,,,,,,11.848,,,,,26.56,,,,,53.731,,,,,89.848,,,,
17,56892733010478,1997,31.394784,-82.583622,299,4,76.273,,109.365,,,,,,,,,,,,,,,,,,36.935,,,,,82.535,,
17,61536273010478,2000,33.85308,-82.728632,317,4,,,,4.102,,,,,24.822,,,,,107.895,,,,,176.907,,,,,,,,,
17,61518251010478,2000,33.994313,-85.263302,233,4,,,,72.527,,,,,,,,,,99.334,,,,,124.732,,,,,152.744,,,,
17,61113827010478,2002,33.831513,-84.781443,223,4,,,,,,106.943,,,,,122.724,,,,,138.989,,,,,,,,,,44.743,,
17,61062971010478,1999,31.044096,-83.064831,173,4,,,26.355,,,,,,36.748,,,,,,,,,,87.865,,,,,115.151,,,,
17,56850486010478,1997,30.899842,-82.854739,65,4,43.308,,,90.606,,,,,118.568,,,,,,,,,,,,,,,76.746,,,,
17,61233621010478,1998,32.170378,-82.075302,267,4,,21.774,,,,,,,,89.732,,,,,114.161,,,,,,,,,,123.517,,,
17,56902655010478,1997,31.618171,-81.83884,305,4,59.989,85.458,,,,,,,,,,,,,66.088,,,,,,,,,,10.688,,,
17,61393040010478,2003,33.094521,-83.998789,207,4,,,,,,,14.57,,,,,21.27,,,,,32.57,,,,,,,,,,23.705,
17,56801810010478,1997,31.435015,-82.962152,69,4,33.345,51.102,,,,,,,,,,,,83.923,,,,,,,,,,73.811,,,,
17,56685275010478,1997,33.109188,-84.550772,199,4,84.835,,,,,,,144.698,,,,,,,,,,101.725,,,,,94.625,,,,,
17,56871557010478,1997,31.874982,-82.426082,1,4,145.762,,,,,,,,,,,,,,,,,97.977,,,,,133.709,,,,,188.447
17,56575939010478,1997,32.289877,-83.530343,235,4,131.279,,,,,,,,,,,91.776,,,,,124.354,,,,,,,,,,162.888,
17,56644447010478,1997,30.985418,-81.901513,39,4,222.015,,346.557,,,,,,,,,366.663,,,,,,,,,,,,,,,4.9,
17,56885231010478,1997,31.162655,-82.201348,25,4,15.483,,,,,,,33.645,,,,,49.285,,,,,,,,,,,,,,,43.654
17,76392898010478,2005,32.142727,-83.297128,91,4,,,,,,,,,2.167,,,,,30.55,,,,,79.598,,,,,114.246,,,,
17,61324962010478,2004,32.637985,-81.651299,251,4,,,,,,,,30.869,,,,,71.356,,,,,131.279,,,,,,,,,,65.34
18,56576139010478,1997,32.187816,-83.484648,235,4,0.3,,,,,1.955,,,,,3.453,,,,,,,,,,27.461,,,,,,,
18,61125833010478,2002,32.892985,-85.010772,285,4,,,,,,52.979,,,,,,,,,,54.37,,,,,86.769,,,,,125.512,,
18,123905218010478,2007,31.725169,-82.038728,305,4,,,,,,,,,,,96.152,,,,,81.101,,,,,89.354,,,,,93.659,,
18,56950862010478,1997,32.079218,-84.787236,259,4,138.717,,,,,,,,,34.119,,,,,67.891,,,,,,,,,,106.293,,,
18,61605809010478,1999,32.474515,-83.872779,193,4,,,96.43,,,,,,,,,,,,123.583,,,,,136.918,,,,,146.819,,,
18,61262214010478,2001,34.173328,-84.851032,15,4,,,,,142.997,,,,,158.506,,,,,111.637,,,,,133.806,,,,,,,,
18,61123932010478,2002,30.791374,-84.003533,275,4,,,,,,13.672,,,,,14.366,,,,,,,,,,16.455,,,,,22.317,,
18,123925316010478,2007,34.527279,-84.388864,227,4,,,,,,,,,,,170.027,,,,,190.576,,,,,220.692,,,,,252.677,,
18,76382672010478,2005,30.912039,-83.196161,185,4,,,,,,,,,15.723,,,,,36.582,,,,,73.356,,,,,98.657,,,,
18,56616812010478,1997,31.50967,-81.555838,191,4,73.934,,,,119.613,,,,,,,,,,110.155,,,,,206.062,,,,,,,,
18,56573426010478,1997,34.05,-85.38,233,4,32.827,43.849,,,,,,,,,,,,84.985,,,,,129.804,,,,,,,,,
18,61616869010478,1999,31.274576,-82.282186,229,4,,,28.222,,,,,,50.859,,,,,,,,,,,,,76.653,,,,,90.3,
18,56884278010478,1997,32.496837,-83.245789,23,4,152.671,169.383,,,,,,,,,,,,,,,,16.168,,,,,61.101,,,,,
18,61374713010478,2004,33.264932,-84.436191,113,4,,,,,,,,18.256,,,,,19.97,,,,,23.645,,,,,31.551,,,,,
18,56642571010478,1997,33.333484,-83.934737,35,4,111.13,,,,,,,,16.175,,,,,56.902,,,,,129.653,,,,,,,,,
18,56897007010478,1997,32.833686,-82.935247,303,4,233.668,,228.301,,,,,,,,,,,,,,,,,,,135.227,,,,,190.243,
18,61400142010478,2003,32.223757,-84.187702,249,4,,,,,,,48.493,,,,,53.68,,,,,,,,,,63.418,,,,,82.83,
18,61391399010478,2003,32.415831,-84.418793,197,4,,,,,,,56.014,,,,,,,,,,59.554,,,,,56.347,,,,,63.14,
18,61319350010478,2004,33.792468,-84.766384,223,4,,,,,,,,82.576,,,,,116.433,,,,,170.228,,,,,,,,,,276.439
19,56572270010478,1997,33.114985,-84.398293,231,4,121.856,,,,,,,,,183.132,,,,,204.493,,,,,204.246,,,,,,,,
19,56682929010478,1997,32.970956,-84.656117,199,4,34.108,,,,,87.588,,,,,,,,,,,,,,,21.781,,,,,57.803,,
19,56895536010478,1997,33.324772,-82.464894,301,4,101.914,,,,155.855,,,,,,,,,,,,,,,170.428,,,,,226.239,,,
19,56720939010478,1997,33.241044,-82.944267,141,4,165.136,,,,194.622,,,,,218.239,,,,,268.376,,,,,,,,,,,,,
19,56798124010478,1997,32.61607,-82.313214,107,4,67.793,,43.089,,,,,,,66.072,,,,,98.731,,,,,,,,,,,,,
19,61290457010478,2001,33.244826,-85.187121,149,4,,,,,16.257,,,,,32.416,,,,,57.984,,,,,,,,,,78.032,,,
19,61078995010478,1998,33.142881,-82.721872,303,4,,40.059,,,,,,,81.36,,,,,,,,,,115.092,,,,,185.766,,,,
19,56763491010478,1997,30.754782,-84.100235,131,4,91.174,,,,,,,,61.09,,,,,63.921,,,,,,,,,,64.171,,,,
19,123967144010478,2007,34.16389,-83.765599,157,4,,,,,,,,,,,65.706,,,,,88.707,,,,,131.112,,,,,170.586,,
19,61478984010478,2001,32.877396,-83.560141,169,4,,,,,28.731,,,,,36.373,,,,,63.632,,,,,69.785,,,,,,,,
19,61608824010478,1999,31.069866,-84.708904,201,4,,,128.703,,,,,,,108.297,,,,,130.887,,,,,119.322,,,,,,,,
19,56574291010478,1997,33.979154,-85.204948,233,4,84.675,89.543,,,,,,,,,,,,,,,,,,,192.84,,,,,205.777,,
19,61275776010478,2001,31.137781,-83.367572,75,4,,,,,78.166,,,,,99.808,,,,,117.314,,,,,,,,,,153.189,,,
19,61552823010478,2000,33.534496,-84.528881,113,4,,,,123.069,,,,,140.911,,,,,,,,,,59.88,,,,,69.44,,,,
19,61073590010478,1998,32.645479,-83.490293,289,4,,27.426,,,,,,,,,,,,,,,51.229,,,,,80.066,,,,,104.066,
19,61576310010478,1999,32.832872,-84.232946,293,4,,,113.137,,,,,,105.0,,,,,130.22,,,,,,,,,,74.798,,,,
19,61162257010478,1999,33.296485,-83.956185,35,4,,,109.096,,,,,,139.978,,,,,,,,,,,,,66.137,,,,,109.491,
19,56669341010478,1997,32.776851,-82.479987,167,4,145.354,,,,,,,,,,,141.216,,,,,153.885,,,,,162.052,,,,,,
19,61385475010478,2003,32.29444,-82.931345,175,4,,,,,,,81.583,,,,,91.885,,,,,,,,,,41.504,,,,,53.266,
19,61353332010478,2004,31.113862,-83.300419,19,4,,,,,,,,34.043,,,,,88.322,,,,,,,,,,184.414,,,,,212.888
19,61403319010478,2003,33.46312,-82.960751,265,4,,,,,,,131.46,,,,,,,,,,89.273,,,,,172.35,,,,,225.551,
19,61400360010478,2003,32.550126,-81.578376,251,4,,,,,,,37.653,,,,,63.106,,,,,,,,,,47.182,,,,,43.671,
19,61519079010478,2000,31.863648,-85.027899,239,4,,,,0.707,,,,,,,,,13.557,,,,,,,,,,9.501,,,,,12.774
19,61382796010478,2003,33.140246,-82.359097,163,4,,,,,,,30.155,,,,,59.836,,,,,,,,,,129.22,,,,,169.939,
19,61429547010478,2003,34.165971,-84.640538,57,4,,,,,,,64.223,,,,,87.319,,,,,126.417,,,,,,,,,,51.893,
20,56649778010478,1997,32.386499,-82.166714,43,4,25.997,,,62.138,,,,,110.814,,,,,,,,,,,,,,,56.537,,,,
20,61613183010478,1999,32.547767,-84.784876,215,4,,,31.497,,,,,,,102.495,,,,,157.177,,,,,,,,,,182.66,,,
20,61120651010478,2002,32.108059,-84.406937,261,4,,,,,,15.411,,,,,68.376,,,,,,,,,,56.086,,,,,86.447,,
20,61600396010478,2000,33.504922,-85.033174,45,4,,,,138.925,,,,,155.444,,,,,161.032,,,,,,,,,,178.109,,,,
20,56906740010478,1997,32.087332,-82.826197,309,4,64.882,,,127.602,,,,,,,,,,,176.299,,,,,,,,,,12.724,,,
20,61114675010478,2002,34.49566,-84.420008,227,4,,,,,,107.765,,,,,106.212,,,,124.938,,,,,,,,,,140.974,,,
20,56843971010478,1997,34.261584,-84.515127,57,4,103.803,,109.021,,,,,,,82.231,,,,,77.571,,,,,,,,,,,,,
20,61493166010478,2001,33.405331,-81.98255,245,4,,,,,82.095,,,,,54.844,,,,,35.858,,,,,,,,,,44.551,,,
20,56932973010478,1997,32.64033,-83.471896,289,4,50.887,,,,,,,,,119.329,,,,,153.782,,,,,,,,,,89.774,,,
20,61572967010478,1999,32.348811,-82.719365,283,4,,,8.784,,,,,,,,29.749,,,,,,,,,,81.64,,,,,99.994,,
20,61289435010478,2001,33.845977,-85.268363,143,4,,,,,50.829,,,,,57.803,,,,,79.006,,,,,81.569,,,,,,,,
20,61570958010478,2000,33.455834,-82.447839,189,4,,,,52.914,,,,,,,,,,68.687,,,,,78.606,,,,,105.328,,,,
20,61512006010478,2000,34.18644,-83.326619,195,4,,,,2.177,,,,,21.224,,,,,57.319,,,,,,,,,,43.492,,,,
20,56931777010478,1997,31.823803,-83.537195,287,4,5.184,,,25.655,,,,,59.492,,,,,,,,,,,,,,,42.47,,,,
20,56669726010478,1997,32.536281,-82.608818,167,4,164.907,,,,,,,,,,,31.04,,,,,110.924,,,,,,,,,,186.408,
20,56572787010478,1997,33.146362,-84.283725,231,4,100.491,,,,,,,,,,,25.503,,,,,70.885,,,,,,,,,,159.667,
20,56972740010478,1997,31.625084,-84.383273,273,4,39.232,,,,,,,,,,,,,,,,,13.247,,,,,15.815,,,,,27.936
20,61171285010478,1999,31.176657,-82.812073,65,4,,,32.506,,,,,,,,,,124.744,,,,,,,,,,29.539,,,,,70.544
20,61346410010478,2003,31.385345,-81.908958,305,4,,,,,,,35.756,,,,,73.825,,,,,,,,,,0.63,,,,,3.683,
20,56795407010478,1997,32.365129,-82.304602,107,4,111.745,,122.3,,,,,,,,,,,,,,,52.861,,,,,,,,,,72.006
20,61367738010478,2004,32.723907,-83.97233,79,4,,,,,,,,33.925,,,,,40.234,,,,,50.781,,,,,,,,,,0.331
20,61294478010478,2004,34.523702,-83.085193,119,4,,,,,,,,1.461,,,,,2.387,,,,,3.72,,,,,6.024,,,,,
20,153847208010854,2009,32.266598,-83.530298,235,4,,,,,,,,,,,,,78.356,,,,,91.285,,,,,119.377,,,,,148.672
20,61397145010478,2003,33.935834,-85.313597,233,4,,,,,,,32.308,,,,,64.424,,,,,,,,,,65.132,,,,,83.391,
20,153847542010854,2009,32.788326,-83.276571,319,4,,,,,,,,,,,,,38.598,,,,,57.49,,,,,76.039,,,,,75.379
21,61594174010478,2000,32.836793,-83.756582,21,4,,,,141.276,,,,,124.143,,,,,142.873,,,,,163.409,,,,,,,,,
21,61196565010478,1998,30.928619,-82.995372,173,4,,1.959,,,,,,,,62.909,,,,,91.783,,,,,,,,,,61.409,,,
21,61122248010478,2002,33.564453,-82.882649,265,4,,,,,,111.047,,,,,137.088,,,,,178.067,,,,,,,,,,157.381,,
21,61522026010478,2000,33.264224,-84.287813,255,4,,,,87.191,,,,,,,,,,61.591,,,,,59.515,,,,,71.39,,,,
21,56703481010478,1997,33.861529,-83.43057,219,4,37.023,37.086,,,,,,,,,45.985,,,,,50.647,,,,,,,,,,,,
21,76311748010478,2005,34.539269,-83.675868,311,4,,,,,,,,,114.652,,,,,89.521,,,,,97.983,,,,,96.318,,,,
21,61213680010478,1998,32.853954,-84.114492,207,4,,70.702,,,,,,,,,,88.111,,,,,,,,,,66.675,,,,,73.461,
21,56933072010478,1997,32.861309,-83.474816,289,4,86.153,,,102.35,,,,,,,,,,5.021,,,,,,,,,,55.551,,,,
21,56786296010478,1997,30.695173,-82.581597,101,4,131.345,,,,,,,,,,,179.136,,,,,,,,,,224.48,,,,,187.337,
21,153846370010854,2009,30.711232,-83.546819,27,4,,,,,,,,,,,,,4.221,,,,,22.083,,,,,41.73,,,,,61.647
21,56798031010478,1997,32.741173,-82.315819,107,4,141.679,,,,,,,168.058,,,,,,,,,,125.652,,,,,121.029,,,,,
21,153847537010854,2009,32.635218,-83.2544,319,4,,,,,,,,,,,,,20.4,,,,,40.549,,,,,49.01,,,,,48.798
21,56861537010478,1997,33.041522,-83.268632,9,4,78.48,,,,,,,,,,,,,,,,,26.54,,,,,57.401,,,,,97.046
21,61257474010478,1998,31.067166,-83.89491,71,4,,148.793,,,,,,,,,,,,,,,173.269,,,,,169.507,,,,,194.142,
21,29167349010478,2004,34.361831,-83.94088,139,4,,,,,,,,97.772,,,,,,,,,,63.181,,,,,113.013,,,,,161.867
21,61302213010478,2004,32.500484,-83.769928,153,4,,,,,,,,30.393,,,,,10.562,,,,,12.036,,,,,22.591,,,,,
22,61562157010478,2000,32.303066,-83.643937,153,4,,,,229.207,,,,,237.321,,,,,223.593,,,,,,,,,,82.748,,,,
22,56757606010478,1997,31.399141,-81.59076,127,4,82.173,107.246,,,,,,,,,,,,,,75.493,,,,,167.285,,,,,,,
22,61571107010478,1999,30.823722,-83.758307,275,4,,,63.624,,,,,,,37.44,,,,,,,,,,28.518,,,,,33.64,,,
22,56950623010478,1997,31.947592,-84.919679,259,4,100.466,,137.952,,,,,,,,,,,,,29.555,,,,,109.426,,,,,,,
22,61097225010478,2002,33.739765,-85.145346,143,4,,,,,,119.671,,,,,135.933,,,,,164.199,,,,,67.475,,,,,,,
22,56637742010478,1997,33.119188,-82.087773,33,4,69.987,82.835,,,,,,,,,,,,,,71.378,,,,,96.216,,,,,,,
22,61113750010478,2002,33.852154,-83.040033,221,4,,,,,,101.357,,,,,137.643,,,150.31,,,,,194.227,,,,,,,,,
22,61091589010478,1999,31.767993,-83.420658,17,4,,,31.328,,,,,,69.076,,,,,104.878,,,,,,,,,,177.889,,,,
22,61243693010478,1998,31.535588,-84.587236,37,4,,41.586,,,,,,,,,,,,,,,,107.33,,,,,29.104,,,,,37.946
22,56934764010478,1997,32.746126,-83.337012,289,4,101.711,,,177.271,,,,,230.693,,,,,,,,,,,,,,,97.777,,,,
22,56712613010478,1997,33.806505,-84.010834,135,4,59.913,,65.646,,,,,,,,,,58.203,,,,,57.976,,,,,,,,,,
22,56623685010478,1997,32.528573,-84.512917,197,4,4.06,,12.668,,,,,,,,,,,,,,59.429,,,,,,,,,,15.25,
22,56852926010478,1997,31.13816,-82.722524,65,4,109.871,,,,,,,,,,,,,,,,28.824,,,,,79.189,,,,,97.172,
22,56765814010478,1997,32.813251,-83.330853,319,4,28.884,,,,,,,,,,,,60.678,,,,,80.923,,,,,,,,,,116.64
22,76395567010478,2005,33.087146,-83.366807,9,4,,,,,,,,,9.2,,,,,28.553,,,,,66.478,,,,,68.675,,,,
22,56749549010478,1997,33.621384,-84.576357,121,4,114.117,,,,,,,,,,,121.745,,,,,,,,,,44.399,,,,,76.245,
22,61327866010478,2004,32.641229,-84.58772,263,4,,,,,,,,51.626,,,,,77.095,,,,,,,,,,113.383,,,,,151.812
22,61440944010478,2003,30.639444,-82.645484,101,4,,,,,,,17.894,,,,,55.651,,,,,111.079,,,,,144.33,,,,,,
22,61442283010478,2003,34.018965,-82.898201,105,4,,,,,,,133.925,,,,,143.296,,,,,,,,,,27.652,,,,,61.246,
22,61386724010478,2003,31.999532,-81.653438,179,4,,,,,,,156.785,,,,,160.671,,,,,169.201,,,,,,,,,,109.284,
22,153847389010854,2009,32.949283,-84.938175,285,4,,,,,,,,,,,,,26.465,,,,,27.646,,,,,50.834,,,,,29.326
23,56706975010478,1997,33.972644,-82.954951,221,4,42.144,,,,,79.394,,,,,,,,,,,,,,,38.075,,,,,67.837,,
23,61248394010478,1998,32.340553,-84.770424,53,4,,36.484,,,,,,,,,,,,,,19.668,,,,,44.042,,,,,86.096,,
23,56855385010478,1997,30.845085,-82.802876,65,4,38.154,,,,100.433,,,,,121.202,,,,,,,,,,38.608,,,,,,,,
23,56961631010478,1997,33.641394,-82.8146,265,4,98.995,,,,123.685,,,,,154.098,,,,,182.497,,,,,,,,,,,,,
23,61164700010478,1999,33.647903,-85.201688,45,4,,,183.403,,,,,,,230.021,,,,,,,,,,216.271,,,,,242.951,,,
23,56775895010478,1997,32.224241,-83.962688,93,4,21.427,66.62,,,,,,,,,,,,,,,,,,105.447,,,,,139.857,,,
23,124002904010478,2007,31.132646,-83.925221,71,4,,,,,,,,,,,92.737,,,,,119.738,,,,,154.715,,,,,168.916,,
23,61259828010478,1998,32.802392,-83.886406,79,4,,0.242,,,,,,,,48.726,,,,,102.74,,,,,,,,,,164.1,,,
23,61592663010478,2000,34.307598,-83.611987,11,4,,,,155.689,,,,,,,,,,43.766,,,,,80.641,,,,,117.796,,,,
23,61550289010478,2000,30.743762,-83.08687,101,4,,,,10.88,,,,,34.342,,,,,60.644,,,,,,,,,,54.185,,,,
23,123919348010478,2007,33.068754,-83.915388,207,4,,,,,,,,,,,30.86,,,,,75.292,,,,,114.646,,,,,162.913,,
23,61523032010478,2000,32.044737,-84.918673,259,4,,,,96.419,,,,,,,,,,54.48,,,,,70.739,,,,,112.448,,,,
23,61153844010478,1998,31.680977,-82.710539,161,4,,23.975,,,,,,,,,,144.695,,,,,,,,,,117.71,,,,,147.858,
23,56650735010478,1997,32.49254,-82.005816,43,4,8.538,12.795,,,,,,,,,,,,,,,,75.674,,,,,109.456,,,,,
23,61234633010478,1998,32.993443,-83.219829,9,4,,17.031,,,,,,,50.558,,,,,80.725,,,,,,,,,,159.402,,,,
23,56709675010478,1997,33.394919,-83.128433,133,4,122.461,,,,,,,,,,,136.845,,,,,161.474,,,,,172.099,,,,,,
23,56686237010478,1997,33.032167,-84.602294,199,4,98.674,,,,,,,,,,,,84.033,,,,,,,,,,149.988,,,,,183.361
23,144543435010478,2008,33.701144,-84.694739,97,4,,,,,,,,,,,,72.31,,,,,67.314,,,,,65.844,,,,,56.693,
23,61395763010478,2003,34.392817,-84.398981,227,4,,,,,,,72.901,,,,,75.089,,,,,88.266,,,,,104.205,,,,,,
23,61573025010478,1999,32.383196,-82.636437,283,4,,,14.952,,,,,,,,,43.707,,,,,98.674,,,,,140.627,,,,,,
23,153847521010854,2009,31.971335,-83.42766,315,4,,,,,,,,,,,,,67.574,,,,,80.968,,,,,95.909,,,,,116.72
23,56790972010478,1997,34.101139,-82.992507,105,4,201.032,,,,,,,,,,,154.423,,,,,196.048,,,,,210.986,,,,,,
23,61315205010478,2004,31.249028,-84.835324,201,4,,,,,,,,23.285,,,,,30.857,,,,,42.943,,,,,,,,,,20.659
23,144493890010478,2008,32.312926,-83.43357,235,4,,,,,,,,,,,,32.522,,,,,50.585,,,,,60.376,,,,,62.865,
23,61376831010478,2003,31.254219,-81.479312,127,4,,,,,,,60.963,,,,,87.894,,,,,123.374,,,,,,,,,,4.131,
24,56954696010478,1997,32.014085,-84.336014,261,4,61.208,,96.661,,,,,,,,,,,,,,,,,48.224,,,,,93.268,,,
24,61489384010478,2001,33.878897,-84.976642,223,4,,,,,4.911,,,,,7.416,,,,,9.507,,,,,18.618,,,,,,,,
24,61413669010478,2002,34.897746,-84.983213,313,4,,,,,,187.254,,,,,210.552,,,,,233.718,,,,,,,,,,100.771,,
24,61506028010478,2001,32.162857,-84.589388,307,4,,,,,40.288,,,,,50.458,,,,,,,,,,89.907,,,,,96.956,,,
24,61487013010478,2001,33.015429,-83.793375,207,4,,,,,78.675,,,,,100.945,,,,,,,,,,71.365,,,,,95.135,,,
24,56762442010478,1997,30.933334,-84.282491,131,4,107.676,,,,,,,,,45.976,,,,,125.247,,,,,191.98,,,,,,,,
24,76731673010478,2006,33.024425,-84.994122,285,4,,,,,,,,,,9.587,,,,,25.715,,,,,64.959,,,,,75.985,,,
24,61063846010478,1999,32.459839,-82.923126,175,4,,,102.061,,,,,,112.957,,,,,,,108.22,,,,,,,,,,91.772,,
24,61071026010478,1998,32.442742,-82.555131,283,4,,9.833,,,,,,,,,73.936,,,,,136.295,,,,,199.86,,,,,,,
24,61064252010478,1999,31.655056,-84.160324,177,4,,,212.16,,,,,,,,227.953,,,,,222.548,,,,,249.389,,,,,,,
24,61614701010478,1999,33.933012,-83.089529,221,4,,,196.251,,,,,,,238.857,,,,,248.493,,,,,,,,,,249.535,,,
24,56636013010478,1997,32.83918,-82.307972,33,4,94.021,93.826,,,,,,,,,,102.282,,,,,126.522,,,,,,,,,,,
24,56661757010478,1997,32.936636,-82.444167,163,4,54.157,,,,,,,,,,,121.727,,,,,,,,,,151.799,,,,,211.395,
24,61208616010478,1998,32.847475,-84.627571,199,4,,122.738,,,,,,,,,,,128.758,,,,,135.053,,,,,,,,,,104.42
24,61331718010478,2004,31.397016,-83.57847,277,4,,,,,,,,197.732,,,,,219.37,,,,,,,,,,210.475,,,,,210.846
24,61411481010478,2002,33.007489,-82.845867,303,4,,,,,,15.923,,,,,39.526,,,,,,68.824,,,,,,,,,,11.824,
25,61283801010478,2001,34.173582,-85.145367,115,4,,,,,51.091,,,,,70.009,,,,,,,,,,93.864,,,,,115.707,,,
25,61447478010478,2002,31.808337,-83.199573,17,4,,,,,,44.756,,,,,101.253,,,,,,,,,,87.152,,,,,120.702,,
25,61248512010478,1998,32.290377,-84.66091,53,4,,16.295,,,,,,,,,102.334,,,,,141.638,,,,,,,,,,87.49,,
25,61185426010478,1999,32.722955,-83.878844,79,4,,,7.171,,,,,,,,31.779,,,,,41.625,,,,,59.95,,,,,,,
25,61281037010478,2001,30.684687,-82.780909,101,4,,,,,36.096,,,,,66.85,,,,,112.166,,,,,,,,,,19.638,,,
25,61453342010478,2002,32.480971,-82.029578,43,4,,,,,,20.636,,,,,29.427,,,,,53.267,,,,,,,,,,1.83,,
25,61096046010478,1999,30.839822,-83.574346,27,4,,,15.837,,,,,,58.392,,,,,,,,,,,,50.501,,,,,67.309,,
25,56856921010478,1997,30.947644,-82.860823,65,4,94.755,,,111.561,,,,,131.036,,,,,,,,,,,,,,,68.209,,,,
25,61237483010478,1998,32.799739,-83.515124,21,4,,79.432,,,,,,,,,,,,,,,,78.803,,,,,76.146,,,,,113.614
25,153846605010854,2009,34.344043,-84.177968,85,4,,,,,,,,,,,,,71.128,,,,,119.759,,,,,175.363,,,,,224.202
25,61615879010478,1999,34.494002,-84.516769,227,4,,,116.502,,,,,,,,,135.781,,,,,,,,,,187.474,,,,,222.254,
25,56921848010478,1997,31.507224,-83.41098,277,4,24.186,,,,,,,,,,,122.021,,,,,166.807,,,,,,,,,,261.702,
25,61327344010478,2004,31.945699,-84.415913,261,4,,,,,,,,110.899,,,,,135.425,,,,,157.444,,,,,,,,,,29.867
26,61106693010478,2002,30.658703,-83.205828,185,4,,,,,,72.239,,,,,96.452,,,,,101.469,,,,,,,,,,90.999,,
26,56704506010478,1997,33.936616,-83.190996,221,4,63.675,,,124.425,,,,,,,,,,143.559,,,,,,,,,,175.232,,,,
26,61608469010478,1999,33.082934,-84.826213,199,4,,,2.456,,,,,,,67.477,,,,,,,,,,142.151,,,,,211.6,,,
26,56887868010478,1997,31.161872,-81.811633,25,4,81.741,,,,,114.357,,,,,127.441,,,,,,,,,,,,,,,41.475,,
26,61271864010478,2001,31.768513,-85.012661,61,4,,,,,54.678,,,,,73.46,,,,,96.053,,,,,125.0,,,,,,,,
26,56720135010478,1997,33.235616,-83.006438,141,4,92.156,,,,,,,,,,,,,1.628,,,,,69.417,,,,,172.79,,,,
26,61126048010478,2002,33.08908,-84.970032,285,4,,,,,,175.715,,,,,,,,,134.338,,,,,154.049,,,,,190.212,,,
26,61556354010478,2000,34.533165,-84.741817,129,4,,,,15.721,,,,,8.998,,,,,,,,,,57.014,,,,,97.379,,,,
26,56816055010478,1997,32.822963,-84.036423,79,4,156.114,162.102,,,,,,,,,,,,105.035,,,,,129.916,,,,,,,,,
26,61438807010478,2003,32.14769,-83.613268,93,4,,,,,,,35.95,,,,,47.093,,,,,,,,,,1.686,,,,,11.856,
26,56743846010478,1997,34.175819,-85.114474,115,4,40.762,,48.992,,,,,,,,,,,,,,,,,,,21.263,,,,,80.63,
26,56825873010478,1997,30.941739,-84.501403,87,4,95.254,,,,,,,84.683,,,,,,,,,,88.053,,,,,,,,,,107.247
26,61408040010478,2003,32.384755,-82.5115,283,4,,,,,,,147.029,,,,,186.063,,,,,,,,,,22.848,,,,,73.714,
26,61341652010478,2004,33.741274,-82.825706,317,4,,,,,,,,103.265,,,,,122.261,,,,,172.931,,,,,,,,,,94.776
27,56805203010478,1997,31.43287,-82.678432,69,4,26.648,,35.43,,,,,,48.87,,,,,,,,,,28.0,,,,,,,,,
27,56611946010478,1997,34.57312,-83.920451,187,4,37.38,,,,62.471,,,,,55.398,,,,,,,,,,,,,,,134.395,,,
27,124004958010478,2007,32.020804,-83.120677,91,4,,,,,,,,,,,6.793,,,,,34.946,,,,,77.621,,,,,137.535,,
27,56727337010478,1997,32.60312,-84.834853,145,4,142.324,143.72,,,,,,,,,,,,,,77.336,,,,,,,,,,119.401,,
27,61090578010478,1999,34.228168,-84.696129,15,4,,,63.571,,,,,,62.211,,,,,84.463,,,,,,,,,,39.304,,,,
27,61410023010478,2002,31.271529,-82.55387,299,4,,,,,,44.483,,,,,84.859,,,,,,,,,,86.2,,,,,111.45,,
27,61246406010478,1998,30.749662,-82.051047,49,4,,176.152,,,,,,,,215.872,,,,,,,,,,16.156,,,,,5.357,,,
27,56863068010478,1997,34.455632,-83.548424,11,4,168.141,154.714,,,,,,,,,,,,,,,,,29.669,,,,,44.719,,,,
27,61105950010478,2002,31.727074,-81.771232,183,4,,,,,,100.912,,,,,125.09,,,,,155.002,,,,,,,,,,156.982,,
27,61116783010478,2002,33.37203,-83.235249,237,4,,,,,,75.753,,,,,,,,76.37,,,,,106.722,,,,,154.246,,,,
27,56880640010478,1997,31.122966,-83.253112,19,4,60.578,,,,,,,,45.479,,,,,119.697,,,,,,,,,,57.993,,,,
27,56926876010478,1997,32.347929,-82.619441,283,4,161.884,,,,,,,,96.67,,,,,,,,,155.498,,,,,,,,,,99.166
27,56635581010478,1997,32.340796,-81.717053,31,4,73.903,96.386,,,,,,,,,,,,131.396,,,,,204.168,,,,,,,,,
27,56626469010478,1997,30.921855,-83.521462,27,4,0.671,,,,,,7.96,,,,,18.955,,,,,32.025,,,,,,,,,,,
27,56730439010478,1997,33.24645,-85.249169,149,4,133.469,,,,,,,,,,,,156.147,,,,,,,,,,63.654,,,,,89.985
27,56931344010478,1997,31.785256,-83.740901,287,4,3.69,,13.546,,,,,,,,,,,,,,,87.708,,,,,,,,,,108.605
27,61433563010478,2003,31.306245,-83.507501,75,4,,,,,,,89.461,,,,,118.176,,,,,108.15,,,,,,,,,,138.487,
27,61041324010478,1999,34.382766,-83.333998,119,4,,,30.456,,,,,,,,,,,,,,18.31,,,,,28.642,,,,,43.16,
27,56885185010478,1997,31.194048,-82.186566,25,4,3.384,,,4.24,,,,,5.277,,,,,4.522,,,,,,,,,,,,,,
28,61116472010478,2002,33.215732,-83.378903,237,4,,,,,,32.6,,,,,46.441,,,,,,,,,,104.526,,,,,148.271,,
28,56895705010478,1997,33.467457,-82.61081,301,4,56.676,,87.874,,,,,,,,,,,125.77,,,,,189.291,,,,,,,,,
28,61540625010478,2001,34.26086,-84.989102,15,4,,,,,4.539,,,,,35.99,,,,,,,,,,6.696,,,,,15.874,,,
28,61292276010478,2001,33.332193,-83.823115,159,4,,,,,58.902,,,,,80.223,,,,,75.388,,,,,93.068,,,,,,,,
28,56853076010478,1997,30.790605,-82.665156,65,4,138.504,,,,,,,,,,,,,,66.957,,,,,81.309,,,,,93.529,,,
28,61499995010478,2001,31.778976,-84.577121,273,4,,,,,161.097,,,,,,,,,,146.587,,,,,163.224,,,,,210.566,,,
28,56916103010478,1997,33.723393,-82.794954,317,4,172.796,,,,,,,,,,,,,,20.428,,,,,61.297,,,,,110.136,,,
28,123983028010478,2007,33.069647,-83.392958,9,4,,,,,,,,,,,113.52,,,,,132.748,,,,,147.818,,,,,166.946,,
28,76324208010478,2005,34.062856,-85.226528,233,4,,,,,,,,,5.797,,,,,23.506,,,,,71.945,,,,,137.742,,,,
28,56576230010478,1997,32.318382,-83.450757,235,4,141.236,,,,,,,,,47.029,,,,,,,,,,50.323,,,,,63.539,,,
28,56609619010478,1997,30.818309,-83.105436,185,4,28.842,,,,,,48.478,,,,,,,,,,55.755,,,,,65.377,,,,,,
28,61347847010478,2003,34.721157,-83.667643,311,4,,,,,,,103.037,,,,,,,,,,113.694,,,,,118.712,,,,,130.125,
28,56659740010478,1997,31.945956,-82.519981,161,4,86.496,,,,,,,,,,,,,,,,,123.841,,,,,146.323,,,,,177.892
28,56751537010478,1997,34.090815,-84.377852,121,4,77.86,,,,,,,,,,,,82.387,,,,,98.476,,,,,197.472,,,,,
28,56726650010478,1997,32.724912,-84.87301,145,4,57.466,,,,,,,119.31,,,,,,,,,,152.967,,,,,,,,,,1.726
28,56773135010478,1997,32.161847,-83.170897,91,4,172.844,,,,,,181.074,,,,,,,,,,34.065,,,,,96.953,,,,,,
28,76746063010478,2006,34.246224,-85.374771,115,4,,,,,,,,,,70.919,,,,,,,,116.368,,,,,121.15,,,,,167.191
28,153846563010854,2009,31.328959,-83.637149,71,4,,,,,,,,,,,,,65.267,,,,,121.516,,,,,144.937,,,,,174.044
28,29167696010478,2004,33.690937,-85.279952,143,4,,,,,,,,159.144,,,,,179.678,,,,,,,,,147.899,,,,,190.794,
29,56735674010478,1997,32.440171,-83.707636,153,4,25.74,,,,,,,,,,78.767,,,,,108.043,,,,,121.731,,,,,,,
29,61482408010478,2001,30.93599,-83.143176,185,4,,,,,47.185,,,,,71.082,,,,,,,,,,79.512,,,,,83.485,,,
29,56790146010478,1997,32.363932,-81.370858,103,4,26.572,,,,90.789,,,,,127.77,,,,,179.644,,,,,,,,,,,,,
29,56633721010478,1997,32.213777,-81.618619,31,4,240.133,,,,,,,,,,,,,142.787,,,,,204.705,,,,,241.635,,,,
29,123944273010478,2007,34.84047,-84.117965,291,4,,,,,,,,,,,16.584,,,,,33.261,,,,,63.381,,,,,91.405,,
29,61287865010478,2001,34.495282,-83.652281,137,4,,,,,3.078,,,,,,,,,,21.508,,,,,37.07,,,,,49.864,,,
29,56717377010478,1997,34.40192,-83.750127,139,4,87.748,94.47,,,,,,,,,,,,,,,,,,77.46,,,,,111.678,,,
29,56952659010478,1997,31.969295,-84.765084,259,4,99.866,,,,,,,,,,33.042,,,,,99.713,,,,,,,,,,50.155,,
29,56923121010478,1997,32.006026,-82.4348,279,4,55.984,,,,,150.846,,,,,,,,,,,,,,,29.752,,,,,101.599,,
29,153846559010854,2009,31.168655,-83.68036,71,4,,,,,,,,,,,,,40.807,,,,,77.613,,,,,53.835,,,,,55.55
29,56659333010478,1997,31.840139,-82.546618,161,4,26.664,,,,,,,,,,,57.372,,,,,,,,,,132.947,,,,,179.203,
29,56694107010478,1997,32.117574,-82.555054,209,4,18.272,34.921,,,,,,,,,,,,95.666,,,,,,,,,,84.496,,,,
29,144518171010478,2008,33.072911,-81.605217,33,4,,,,,,,,,,,,86.98,,,,,91.999,,,,,101.269,,,,,102.181,
29,56695928010478,1997,33.651004,-83.51053,211,4,32.417,,,,,,,,,,,119.989,,,,,,,,,,189.928,,,,,244.489,
29,56586598010478,1997,33.293616,-82.273008,245,4,82.581,,,,,,,,,,,,,,,,26.559,,,,,48.125,,,,,74.611,
29,76318535010478,2005,34.709776,-84.68675,213,4,,,,,,,,,217.644,,,,,207.365,,,,,224.877,,,,,255.005,,,,
29,61301549010478,2004,33.276966,-85.162709,149,4,,,,,,,,101.697,,,,,121.719,,,,,,,,,,216.616,,,,,246.489
29,61422538010478,2003,31.973854,-81.343406,29,4,,,,,,,180.064,,,,,182.829,,,,,213.969,,,,,258.68,,,,,,
30,56701282010478,1997,33.429615,-83.908215,217,4,97.672,,,,,,,,,,118.428,,,,,143.837,,,,,,,,,,89.951,,
30,56731336010478,1997,33.226037,-85.11302,149,4,61.282,,,,,,,,,,,,,64.05,,,,,81.44,,,,,95.255,,,,
30,56614725010478,1997,31.587847,-81.53736,191,4,132.394,136.178,,,,,,,,,,,,,,,,,,136.488,,,,,132.639,,,
30,61273667010478,2001,31.083697,-82.80117,65,4,,,,,68.656,,,,,79.622,,,,,90.72,,,,,,,,,,73.2,,,
30,56573637010478,1997,34.005317,-85.359585,233,4,57.901,,,,98.713,,,,,,,,,,6.281,,,,,31.149,,,,,,,,
30,56747238010478,1997,34.374951,-83.223204,119,4,38.316,,,,,67.294,,,,,75.147,,,,,74.658,,,,,,,,,,,,
30,61595084010478,2000,30.88177,-83.450041,27,4,,,,59.076,,,,,69.555,,,,,,,,,,45.051,,,,,84.691,,,,
30,123900460010478,2007,32.893606,-84.36792,293,4,,,,,,,,,,,117.71,,,,,150.888,,,,,186.097,,,,,133.786,,
30,61540369010478,2001,34.268523,-83.462215,11,4,,,,,122.708,,,,,120.545,,,,,,,,,,114.225,,,,,121.263,,,
30,61224361010478,1998,32.210849,-83.418755,235,4,,24.86,,,,,,,,,,,,35.657,,,,,53.467,,,,,78.495,,,,
30,61632352010478,1999,31.874884,-82.764656,271,4,,,3.039,,,,,,,,,45.778,,,,,56.82,,,,,93.809,,,,,,
30,61088619010478,1999,31.264989,-84.483238,7,4,,,112.887,,,,,,,,,109.444,,,,,111.269,,,,,,,,,,25.466,
30,153847310010854,2009,32.087312,-82.143249,267,4,,,,,,,,,,,,,57.412,,,,,87.883,,,,,136.282,,,,,170.803
30,56893630010478,1997,33.511677,-82.780063,301,4,153.067,,,,,,,205.493,,,,,,,,,,231.442,,,,,,,,,,58.638
30,61556438010478,2000,34.610515,-85.01968,129,4,,,,134.74,,,,,,,,,,166.563,,,,,185.843,,,,,191.357,,,,
30,61326492010478,2004,32.093781,-84.921084,259,4,,,,,,,,58.239,,,,,,,,,,60.23,,,,,70.171,,,,,80.312
30,216102255010854,2003,33.955956,-83.67633,13,4,,,,,,,16.293,,,,,24.825,,,,,41.516,,,,,52.757,,,,,,
30,144478942010478,2008,31.913787,-81.650362,179,4,,,,,,,,,,,,133.539,,,,,151.755,,,,,163.389,,,,,159.662,
31,61413916010478,2002,34.980759,-84.968145,313,4,,,,,,11.876,,,,,14.789,,,,,,,,,,14.024,,,,,12.301,,
31,61476930010478,2002,34.591614,-83.604136,137,4,,,,,,18.292,,,,,26.074,,,,,29.985,,,,,40.655,,,,,,,
31,123977662010478,2007,32.672177,-83.90771,79,4,,,,,,,,,,,15.595,,,,,37.828,,,,,66.198,,,,,72.063,,
31,61207352010478,1998,32.311727,-83.902793,193,4,,146.562,,,,,,,,,,,,,,33.306,,,,,40.938,,,,,45.443,,
31,56680790010478,1997,32.315573,-83.035834,175,4,63.673,,,,87.379,,,,,117.572,,,,,,,,,,116.33,,,,,,,,
31,56824207010478,1997,31.021537,-84.686054,87,4,48.292,,,,,,,,,,87.254,,,,,98.036,,,,,,,,,,17.091,,
31,56965091010478,1997,32.555504,-84.423428,269,4,15.198,16.424,,,,,,,,,37.809,,,,,,,,,,13.462,,,,,,,
31,61121778010478,2002,32.663131,-84.509478,263,4,,,,,,108.78,,,,,129.469,,,,,,,,,,42.623,,,,,130.356,,
31,61102168010478,2002,32.743384,-82.682575,167,4,,,,,,42.776,,,,,,,,,,17.034,,,,,39.878,,,,,68.792,,
31,56796525010478,1997,32.79635,-82.221604,107,4,40.163,,,,,134.508,,,,,,,,,,151.262,,,,,241.495,,,,,,,
31,56872248010478,1997,31.869684,-82.303828,1,4,31.901,,,,,119.246,,,,,,,,,,176.123,,,,,213.319,,,,,,,
31,123987207010478,2007,30.650927,-83.526441,27,4,,,,,,,,,,,108.002,,,,,95.241,,,,,43.759,,,,,41.851,,
31,56766163010478,1997,32.761019,-83.239981,319,4,171.641,,,,,,159.935,,,,,,,,,,,,,,,72.809,,,,,138.051,
31,61378888010478,2003,33.387639,-83.001126,141,4,,,,,,,5.233,,,,,11.733,,,,,,,,,,11.043,,,,,27.994,
31,56569074010478,1997,31.383516,-82.182854,229,4,54.025,,,89.863,,,,,,,,,,174.174,,,,,216.312,,,,,,,,,
31,56891096010478,1997,31.371783,-82.410609,299,4,21.612,,,66.816,,,,,,,,,,73.31,,,,,108.618,,,,,,,,,
31,56707729010478,1997,33.865964,-84.922794,223,4,70.356,83.122,,,,,,,,,,105.868,,,,,125.836,,,,,,,,,,,
31,61318429010478,2004,33.907673,-83.064612,221,4,,,,,,,,36.702,,,,,63.801,,,,,,,,,,91.82,,,,,126.381
31,56812115010478,1997,33.323426,-84.966202,77,4,128.9,,,,,,,,,,,166.714,,,,,208.998,,,,,,,,,,171.458,
31,61099173010478,2002,31.600259,-83.398049,155,4,,,,,,131.084,,,,,,,,,,,106.955,,,,,130.348,,,,,172.187,
32,56698510010478,1997,34.955231,-84.674947,213,4,169.547,,,,,,,,,,,,,,78.993,,,,,127.651,,,,,136.068,,,
32,56806040010478,1997,31.218411,-83.920171,71,4,60.6,,,113.447,,,,,,,,,,,,,,,47.714,,,,,58.938,,,,
32,61551267010478,2000,32.539229,-82.553352,107,4,,,,22.747,,,,,69.289,,,,,128.051,,,,,183.913,,,,,,,,,
32,61617591010478,1999,33.984277,-85.130113,233,4,,,50.814,,,,,,107.643,,,,,133.59,,,,,,,,,,181.03,,,,
32,61515033010478,2000,33.588011,-83.48826,211,4,,,,154.294,,,,,,,,,,24.63,,,,,90.223,,,,,127.463,,,,
32,61436367010478,2003,32.77173,-84.133392,79,4,,,,,,,89.138,,,,,,,,,,68.439,,,,,134.89,,,,,183.996,
32,56655615010478,1997,33.227415,-83.797934,159,4,60.417,,80.303,,,,,,,,,95.747,,,,,,,,,,,,,,,32.096,
32,61428516010478,2003,34.535316,-85.270009,55,4,,,,,,,31.971,,,,,,,,,,34.61,,,,,54.637,,,,,79.17,
32,56878387010478,1997,31.58918,-82.487816,5,4,124.281,,,144.884,,,,,167.137,,,,,,,,,,,,,,,24.155,,,,
32,56684785010478,1997,33.158585,-84.574418,199,4,36.272,,,,,,104.917,,,,,138.248,,,,,200.229,,,,,,,,,,,
32,56937599010478,1997,34.949139,-84.124888,291,4,34.247,33.705,,,,,,,,,,37.188,,,,,36.796,,,,,,,,,,,
32,56666022010478,1997,32.6345,-81.90423,165,4,237.571,,,,,,,,,,,,5.773,,,,,50.183,,,,,79.464,,,,,
32,144540354010478,2008,30.833725,-84.54716,87,4,,,,,,,,,,,,113.699,,,,,128.757,,,,,162.751,,,,,142.482,
32,61381061010478,2003,31.716029,-83.36509,155,4,,,,,,,162.441,,,,,177.728,,,,,195.652,,,,,,,,,,73.118,
32,61628334010478,1999,32.54716,-84.649017,263,4,,,3.3,,,,,,,,,7.641,,,,,14.286,,,,,,,,,,14.819,
32,61329380010478,2004,31.998786,-81.865145,267,4,,,,,,,,126.636,,,,,127.145,,,,,150.112,,,,,188.217,,,,,
33,123971900010478,2007,32.96094,-83.493585,169,4,,,,,,,,,,,5.012,,,,,19.213,,,,,40.526,,,,,53.845,,
33,56851994010478,1997,30.791888,-82.727263,65,4,61.161,75.741,,,,,,,,,100.375,,,,,,,,,,,,,,,19.309,,
33,61457194010478,2002,34.286622,-84.325022,57,4,,,,,,73.493,,,,,93.327,,,,,,,,,,115.057,,,,,158.403,,
33,56876963010478,1997,31.190759,-82.715054,3,4,104.651,,,,,,,,,,16.417,,,,,48.338,,,,,86.555,,,,,,,
33,76798296010478,2006,31.776488,-83.241613,17,4,,,,,,,,,,3.823,,,,,31.757,,,,,48.932,,,,,53.645,,,
33,61589451010478,1999,31.636128,-83.826985,321,4,,,11.309,,,,,,,,47.31,,,,,77.414,,,,,116.512,,,,,,,
33,76707959010478,2006,33.944023,-84.968571,223,4,,,,,,,,,,91.393,,,,,126.61,,,,,113.219,,,,,137.628,,,
33,56605642010478,1997,31.704339,-81.626247,183,4,114.912,140.995,,,,,,,,,,,,,,39.082,,,,,111.166,,,,,,,
33,76365135010478,2005,33.210978,-83.085953,141,4,,,,,,,,,36.261,,,,,61.489,,,,,87.467,,,,,116.161,,,,
33,61565288010478,2000,32.673369,-82.758822,167,4,,,,54.878,,,,,64.015,,,,,7.98,,,,,29.79,,,,,,,,,
33,61193369010478,1999,32.181633,-81.326797,103,4,,,165.753,,,,,,,,,,,208.32,,,,,205.723,,,,,137.101,,,,
33,61534713010478,2000,32.212582,-82.833639,309,4,,,,38.379,,,,,72.503,,,,,,,,,,100.632,,,,,132.24,,,,
33,61549258010478,2000,31.533607,-84.382278,95,4,,,,30.277,,,,,42.742,,,,,,,,,,36.523,,,,,44.187,,,,
33,56931086010478,1997,33.076919,-84.904383,285,4,129.782,,,,,,,,,,,90.978,,,,,110.61,,,,,,,,,,106.911,
33,61304913010478,2004,32.837346,-81.965789,165,4,,,,,,,,101.588,,,,,116.335,,,,,125.645,,,,,,,,,,48.741
34,61415005010478,2002,32.815078,-83.256665,319,4,,,,,,180.283,,,,,219.699,,,,,,,,,,15.802,,,,,116.652,,
34,76772998010478,2006,31.688248,-81.585038,183,4,,,,,,,,,,11.66,,,,,17.608,,,,,34.724,,,,,56.517,,,
34,61506404010478,2001,32.146967,-82.806661,309,4,,,,,14.046,,,,,,18.472,,,,,25.443,,,,,,,,,,17.302,,
34,123981361010478,2007,31.328551,-82.955887,3,4,,,,,,,,,,,2.173,,,,,30.288,,,,,90.083,,,,,134.071,,
34,61470117010478,2002,34.055904,-82.74516,105,4,,,,,,176.313,,,,,179.829,,,,,,,,,,129.821,,,,,155.212,,
34,61278475010478,2001,32.239517,-83.0976,91,4,,,,,6.984,,,,,9.105,,,,,,,,,,12.639,,,,,50.705,,,
34,61411336010478,2002,32.973026,-83.039771,303,4,,,,,,28.348,,,,,38.499,,,,,70.176,,,,,108.179,,,,,,,
34,56923999010478,1997,31.963619,-82.2757,279,4,84.708,119.726,,,,,,,,,208.043,,,,,,,,,,222.672,,,,,,,
34,61537968010478,2000,31.670578,-83.908165,321,4,,,,64.153,,,,,92.573,,,,,,,,,,135.458,,,,,166.103,,,,
34,61130856010478,1998,31.583151,-84.082472,95,4,,41.413,,,,,,,,,,,,58.169,,,,,85.678,,,,,110.488,,,,
34,56918647010478,1997,30.735952,-83.958357,275,4,20.862,,25.316,,,,,,,,,,,12.439,,,,,,,,,,15.019,,,,
34,61223786010478,1998,34.006861,-85.005529,233,4,,0.626,,,,,,,,,,17.497,,,,,,,,,,4.538,,,,,33.433,
34,61071892010478,1998,32.932684,-85.083254,285,4,,54.55,,,,,,,,,,,90.002,,,,,85.191,,,,,67.908,,,,,
35,56929615010478,1997,32.980764,-84.958747,285,4,106.678,,,,,,,,,,,,,,,0.861,,,,,0.984,,,,,1.526,,
35,56604276010478,1997,31.744951,-81.835285,183,4,167.403,,,211.72,,,,,,,,,,,,,,,14.385,,,,,58.026,,,,
35,61275573010478,2001,33.559534,-82.248416,73,4,,,,,137.876,,,,,149.321,,,,,,,,,,105.877,,,,,138.656,,,
35,56859585010478,1997,31.364913,-84.418145,7,4,43.946,,53.557,,,,,,,,,,,,60.701,,,,,19.168,,,,,,,,
35,61108508010478,2002,32.437357,-84.57831,197,4,,,,,,49.874,,,,,55.927,,,,,,,,,,36.243,,,,,32.504,,
35,61539218010478,2001,31.607431,-82.575439,5,4,,,,,9.502,,,,,27.842,,,,,,,,,,6.155,,,,,12.832,,,
35,61128217010478,2002,33.782378,-83.73232,297,4,,,,,,115.454,,,,,137.607,,,,,182.015,,,,,,,,,,198.061,,
35,76940398010478,2006,31.00119,-83.263654,185,4,,,,,,,,,,50.569,,,,,79.698,,,,,123.137,,,,,145.959,,,
35,61350110010478,2003,32.713566,-83.129004,319,4,,,,,,,96.978,,,,,117.532,,,,,115.172,,,,,164.22,,,,,,
35,56776190010478,1997,32.068704,-83.810455,93,4,180.434,,,,,,262.755,,,,,243.249,,,,,,,,,,,,,,,103.674,
35,61385919010478,2003,31.710302,-84.0829,177,4,,,,,,,214.415,,,,,,,,,,,240.988,,,,,266.784,,,,,273.905
35,153847091010854,2009,33.109787,-84.739529,199,4,,,,,,,,,,,,,71.414,,,,,110.977,,,,,154.858,,,,,202.681
35,153847370010854,2009,32.250456,-82.373783,279,4,,,,,,,,,,,,,278.053,,,,,281.894,,,,,270.139,,,,,242.927
35,56896792010478,1997,33.029493,-82.94437,303,4,253.872,,,,,,,,,,,,106.736,,,,,140.947,,,,,,,,,,189.392
35,76405119010478,2005,32.59916,-81.907842,31,4,,,,,,,,,28.513,,,,,30.152,,,,,46.239,,,,,51.827,,,,
35,61393778010478,2003,33.490377,-83.489226,211,4,,,,,,,25.795,,,,,70.115,,,,,181.73,,,,,,,,,,14.028,
35,144515714010478,2008,32.139341,-81.534459,29,4,,,,,,,,,,,,7.604,,,,,33.235,,,,,73.469,,,,,113.723,
36,61476021010478,2002,33.495606,-83.136073,133,4,,,,,,151.13,,,,,174.98,,,,,,,,,,178.599,,,,,197.465,,
36,61108885010478,2002,33.19058,-84.758294,199,4,,,,,,78.282,,,,,132.038,,,,,211.529,,,,,,,,,,195.623,,
36,61113568010478,2002,33.990868,-83.089652,221,4,,,,,,171.348,,,,,,,,,,93.768,,,,,128.191,,,,,166.494,,
36,61265396010478,2001,33.109821,-82.233255,33,4,,,,,91.132,,,,,,,,,,7.676,,,,,59.285,,,,,110.343,,,
36,76794280010478,2006,31.320327,-82.666603,3,4,,,,,,,,,,18.085,,,,,23.791,,,,,23.865,,,,,29.813,,,
36,61099920010478,2002,33.287844,-83.824607,159,4,,,,,,44.258,,,,,67.041,,,,,,,,,,1.639,,,,,30.405,,
36,76378226010478,2005,32.534118,-82.846774,175,4,,,,,,,,,42.812,,,,,76.641,,,,,95.123,,,,,144.657,,,,
36,61083383010478,1998,31.917571,-83.28238,315,4,,23.122,,,,,,,,,,90.487,,,,,130.149,,,,,,,,,,61.015,
36,56569952010478,1997,31.246309,-82.175766,229,4,51.731,,,,,,,140.05,,,,,158.914,,,,,,,,,,209.126,,,,,
36,56919028010478,1997,30.730215,-83.867037,275,4,81.504,,,,,,,,,,,131.372,,,,,,,,,,152.217,,,,,172.397,
36,56618147010478,1997,32.301577,-84.167194,193,4,275.31,,,,,,326.776,,,,,,,,,,7.585,,,,,108.797,,,,,,
36,56809415010478,1997,33.628891,-82.301483,73,4,229.566,,243.304,,,,,,,,,,,,,,254.696,,,,,283.798,,,,,,
36,56793225010478,1997,34.103504,-82.817305,105,4,23.57,,49.818,,,,,,,,,,,,,,,96.324,,,,,,,,,,172.008
36,61329629010478,2004,32.572025,-84.305266,269,4,,,,,,,,36.428,,,,,44.605,,,,,,,,,,44.996,,,,,52.047
36,153846834010854,2009,33.103675,-83.097184,141,4,,,,,,,,,,,,,24.479,,,,,30.985,,,,,51.126,,,,,79.457
36,61405063010478,2003,31.924543,-83.133612,271,4,,,,,,,3.723,,,,,39.702,,,,,120.472,,,,,,,,,,153.383,
36,61300796010478,2004,32.659652,-84.997492,145,4,,,,,,,,91.469,,,,,,,,,,93.072,,,,,130.428,,,,,188.26
36,153847120010854,2009,31.277725,-84.088639,205,4,,,,,,,,,,,,,78.85,,,,,99.863,,,,,131.333,,,,,163.165
37,61134260010478,1998,34.065544,-82.959525,105,4,,28.344,,,,,,,55.516,,,,,102.758,,,,,,,,,,180.286,,,,
37,56958026010478,1997,32.552955,-84.574276,263,4,38.439,,,,,,,,,,,,,,6.589,,,,,33.31,,,,,70.029,,,
37,61111597010478,2002,33.538628,-83.416534,211,4,,,,,,106.776,,,,,110.76,,,,,,,,,,78.624,,,,,153.231,,
37,56648544010478,1997,30.78546,-81.704514,39,4,67.906,,,,,,,,,,100.575,,,,,,,,,,87.696,,,,,110.199,,
37,56661602010478,1997,32.795335,-82.42993,163,4,84.478,,,,94.781,,,,,,,,,,126.303,,,,,165.029,,,,,,,,
37,56763551010478,1997,30.819024,-84.099052,131,4,22.178,,,,,,,,66.27,,,,,,,,,,75.224,,,,,100.224,,,,
37,61126540010478,2002,32.686525,-83.336821,289,4,,,,,,52.16,,,,,,,,,,8.825,,,,,23.784,,,,,10.676,,
37,29168546010478,2004,32.588698,-84.08633,269,4,,,,,,,,141.873,,,,,,,,86.026,,,,,130.722,,,,,188.412,,
37,61472529010478,2002,34.131676,-85.330274,115,4,,,,,,95.91,,,,,112.184,,,,,,,,,,59.175,,,,,83.637,,
37,76341767010478,2005,33.083148,-85.20172,285,4,,,,,,,,,82.57,,,,,76.957,,,,,74.875,,,,,88.525,,,,
37,153846985010854,2009,32.594056,-82.846707,175,4,,,,,,,,,,,,,90.632,,,,,158.019,,,,,185.82,,,,,202.923
37,61217448010478,1998,33.714558,-83.118563,221,4,,114.937,,,,,,,,,,,,,,,,55.021,,,,,170.355,,,,,241.399
37,61192073010478,1999,30.834496,-82.945504,101,4,,,7.892,,,,,,,,,44.432,,,,,,,,,,65.052,,,,,84.838,
37,56866059010478,1997,34.339786,-84.788242,15,4,56.657,,,,,,,,,,,89.02,,,,,100.637,,,,,121.008,,,,,,
37,61059876010478,1999,32.895805,-81.829807,165,4,,,9.812,,,,,,,,,31.188,,,,,45.522,,,,,,,,,,69.848,
37,61352097010478,2004,31.562725,-82.532234,5,4,,,,,,,,19.506,,,,,23.792,,,,,32.617,,,,,,,,,,14.155
37,56779050010478,1997,31.53417,-84.215454,95,4,241.563,,276.666,,,,,,,,315.342,,,,,341.77,,,,,,,,,,,,
37,144534512010478,2008,32.854374,-83.805457,21,4,,,,,,,,,,,,85.678,,,,,113.975,,,,,120.829,,,,,169.574,
38,56855530010478,1997,30.869052,-82.909886,65,4,103.843,121.177,,,,,,,,,,,,,,2.353,,,,,,,,,,28.553,,
38,61290810010478,2001,33.451076,-84.152676,151,4,,,,,125.039,,,,,138.635,,,,,,,,,,120.083,,,,,148.103,,,
38,56735156010478,1997,32.324956,-83.769679,153,4,117.041,,,,150.097,,,,,172.263,,,,,,,,,,,,,,,144.699,,,
38,61558770010478,2000,33.296092,-82.994695,141,4,,,,104.084,,,,,,,,,,52.995,,,,,102.374,,,,,157.123,,,,
38,61156974010478,1998,32.749368,-82.904031,167,4,,33.001,,,,,,,,98.904,,,,,,,,,,2.303,,,,,25.75,,,
38,61513908010478,2000,31.133678,-84.104957,205,4,,,,73.236,,,,,79.626,,,,,99.356,,,,,,,,,,91.309,,,,
38,56870249010478,1997,31.314016,-83.425863,19,4,14.776,,,,21.463,,,,,26.684,,,,,46.744,,,,,,,,,,,,,
38,61335696010478,2004,33.826763,-83.557726,297,4,,,,,,,,127.656,,,,,,,,,,174.021,,,,,200.652,,,,,150.152
38,61581635010478,1999,33.078212,-82.972518,303,4,,,0.111,,,,,,,,,76.344,,,,,,,,,,168.566,,,,,268.896,
38,56626234010478,1997,30.884782,-83.611128,27,4,23.029,,,,,,41.919,,,,,45.272,,,,,,,,,,,,,,,9.367,
38,61335168010478,2004,34.651637,-85.325889,295,4,,,,,,,,24.065,,,,,51.865,,,,,104.45,,,,,123.511,,,,,
38,61367283010478,2004,32.669005,-84.02196,79,4,,,,,,,,12.616,,,,,39.406,,,,,,,,,,35.292,,,,,48.448
38,61376534010478,2003,31.142551,-81.658622,127,4,,,,,,,119.634,,,,,,,,,,21.983,,,,,103.837,,,,,157.632,
38,56911381010478,1997,34.825445,-84.970991,313,4,42.647,45.937,,,,,,,,,,,60.379,,,,,,,,,,,,,,,82.033
38,61318371010478,2004,33.832325,-83.109909,221,4,,,,,,,,48.553,,,,,60.457,,,,,91.88,,,,,,,,,,108.119
39,56958520010478,1997,32.702279,-84.522982,263,4,89.242,,,,124.422,,,,,154.478,,,,,203.889,,,,,,,,,,,,,
39,76803613010478,2006,31.844994,-81.290061,29,4,,,,,,,,,,65.476,,,,,59.788,,,,,108.054,,,,,144.784,,,
39,61475441010478,2002,34.518841,-84.992993,129,4,,,,,,35.926,,,,,34.863,,,,,35.812,,,,,35.704,,,,,,,
39,56834726010478,1997,31.009415,-81.9578,49,4,97.412,118.466,,,,,,,,132.138,,,,,141.376,,,,,,,,,,,,,
39,61562989010478,2000,34.045297,-83.451631,157,4,,,,68.571,,,,,20.774,,,,,27.039,,,,,23.854,,,,,,,,,
39,76698610010478,2006,32.489877,-84.452307,197,4,,,,,,,,,,0.91,,,,,1.505,,,,,12.159,,,,,30.964,,,
39,61280703010478,2001,31.312955,-84.740675,99,4,,,,,130.67,,,,,152.718,,,,,183.737,,,,,,,,,,1.976,,,
39,61083521010478,1998,31.886772,-83.205588,315,4,,66.929,,,,,,,102.379,,,,,143.361,,,,,,,,,,215.781,,,,
39,76338041010478,2005,31.838036,-84.310425,273,4,,,,,,,,,3.098,,,,,25.021,,,,,52.71,,,,,73.991,,,,
39,61215350010478,1998,33.607002,-83.512699,211,4,,31.213,,,,,,,,,,,,,,,86.523,,,,,126.01,,,,,168.02,
39,61522602010478,2000,32.080971,-84.915194,259,4,,,,48.775,,,,,47.53,,,,,54.658,,,,,,,,,,23.55,,,,
39,61204212010478,1998,30.796321,-83.331453,185,4,,19.711,,,,,,,,,,,,,,,,34.108,,,,,54.723,,,,,82.691
39,56854626010478,1997,31.015706,-82.589683,65,4,19.589,30.457,,,,,,,,,,,,,,,,,,,,,26.594,,,,,56.362
39,61064133010478,1999,31.87522,-84.176837,177,4,,,18.921,,,,,,,,,,,,,,,13.403,,,,,18.276,,,,,53.121
39,61350196010478,2003,32.920199,-83.199778,319,4,,,,,,,102.63,,,,,123.152,,,,,,,,,,128.857,,,,,131.238,
39,61305637010478,2004,32.80997,-81.867318,165,4,,,,,,,,151.855,,,,,168.578,,,,,,,,,,80.61,,,,,114.82
39,76412577010478,2005,32.365732,-84.82043,53,4,,,,,,,,,189.044,,,,,198.87,,,,,213.302,,,,,231.378,,,,
40,124002076010478,2007,31.558395,-82.844503,69,4,,,,,,,,,,,59.679,,,,,130.925,,,,,237.556,,,,,308.029,,
40,61238429010478,1998,31.166098,-82.032918,25,4,,26.873,,,,,,,,33.22,,,,,45.016,,,,,,,,,,15.46,,,
40,61487455010478,2001,33.634984,-83.557349,211,4,,,,,4.77,,,,,13.925,,,,,37.31,,,,,,,,,,100.084,,,
40,61511342010478,2002,31.359466,-82.829321,3,4,,,,,,4.925,,,,,17.943,,,,30.564,,,,,,,,,,51.59,,,
40,61099112010478,2002,31.727611,-83.373672,155,4,,,,,,30.389,,,,,37.4,,,,,51.114,,,,,,,,,,53.344,,
40,61455606010478,2002,32.175712,-81.270866,51,4,,,,,,78.463,,,,,89.424,,,,,,,,,,57.202,,,,,78.726,,
40,123971631010478,2007,32.969104,-83.648092,169,4,,,,,,,,,,,128.14,,,,,155.973,,,,,178.99,,,,,160.21,,
40,61415509010478,2002,31.522669,-83.958734,321,4,,,,,,35.199,,,,,45.973,,,46.426,,,,,,,,,,54.6,,,,
40,61467642010478,2002,31.585478,-84.344265,95,4,,,,,,31.808,,,,,,,,,,37.507,,,,,59.215,,,,,62.63,,
40,56963608010478,1997,31.842683,-82.009506,267,4,59.004,,,,,,,,,22.336,,,,,54.459,,,,,109.869,,,,,,,,
40,56913103010478,1997,31.90027,-83.522332,315,4,28.337,,34.007,,,,,,36.315,,,,,29.091,,,,,,,,,,,,,,
40,61548666010478,2000,32.297966,-83.253646,91,4,,,,92.976,,,,,112.089,,,,,,,,,,115.86,,,,,126.525,,,,
40,61344655010478,2003,31.079881,-82.305862,299,4,,,,,,,12.229,,,,,59.151,,,,,102.989,,,,,,,,,,119.634,
40,61134417010478,1998,34.050336,-82.850979,105,4,,82.491,,,,,,,,,,,121.017,,,,,148.737,,,,,206.636,,,,,
40,144540423010478,2008,30.75363,-84.473129,87,4,,,,,,,,,,,,119.734,,,,,168.467,,,,,133.396,,,,,134.46,
40,61514503010478,2000,33.059793,-83.810491,207,4,,,,92.925,,,,,,,,,,39.263,,,,,45.108,,,,,60.76,,,,
41,56833064010478,1997,30.848608,-81.981909,49,4,58.122,,87.399,,,,,,,140.63,,,,,,,,,,31.702,,,,,,,,
41,61056391010478,1999,34.106868,-83.675864,157,4,,,2.663,,,,,,,16.089,,,,,22.086,,,,,39.409,,,,,,,,
41,56913238010478,1997,31.9252,-83.498093,315,4,139.428,,,,,,,,,,,,,,70.877,,,,,131.574,,,,,150.562,,,
41,123970308010478,2007,32.940734,-81.842664,165,4,,,,,,,,,,,21.937,,,,,79.72,,,,,141.712,,,,,204.292,,
41,61120494010478,2002,32.112016,-85.007105,259,4,,,,,,72.184,,,,,83.568,,,,,,,,,,108.06,,,,,139.549,,
41,56879955010478,1997,31.321083,-84.553965,7,4,67.273,,84.048,,,,,,,,105.521,,,,,130.91,,,,,,,,,,,,
41,144450182010478,2008,32.764036,-83.005897,319,4,,,,,,,,,,,,61.219,,,,,127.097,,,,,202.055,,,,,233.959,
41,61622796010478,1999,32.77841,-81.771903,251,4,,,39.26,,,,,,,,,,,,,,104.029,,,,,143.116,,,,,191.174,
41,56867118010478,1997,34.336628,-84.743399,15,4,146.997,,,,,,,,,,,,,,,,149.784,,,,,227.033,,,,,292.394,
41,56622569010478,1997,32.39956,-84.56987,197,4,31.479,,,,,,73.514,,,,,,,,,,9.357,,,,,,,,,,24.672,
41,61404732010478,2003,32.076306,-82.936693,271,4,,,,,,,41.007,,,,,49.312,,,,,51.655,,,,,,,,,,39.263,
41,153846649010854,2009,31.557256,-84.275321,95,4,,,,,,,,,,,,,0.988,,,,,1.799,,,,,1.801,,,,,7.385
41,56772670010478,1997,31.951716,-83.249279,91,4,163.153,,178.099,,,,,,,,,,,,,,,,,,,,102.117,,,,,158.317
41,56690982010478,1997,32.997628,-83.977752,207,4,121.543,,,161.285,,,,,185.708,,,,,,,,,,176.264,,,,,,,,,
41,153847025010854,2009,31.951476,-81.779715,183,4,,,,,,,,,,,,,67.091,,,,,74.06,,,,,88.276,,,,,86.862
42,61232190010478,1998,32.633185,-84.674769,263,4,,68.714,,,,,,,,143.651,,,,,167.199,,,,,,,,,,56.293,,,
42,61461337010478,2002,31.66182,-82.807077,69,4,,,,,,45.844,,,,,53.03,,,,,78.916,,,,,,,,,,14.18,,
42,56596677010478,1997,31.847953,-84.219274,177,4,73.209,,,,,,,,,165.45,,,,,197.615,,,,,200.312,,,,,,,,
42,61165496010478,1999,33.52227,-85.06748,45,4,,,42.776,,,,,,84.114,,,,,,,130.306,,,,,,,,,,18.554,,
42,56954844010478,1997,31.960131,-84.33836,261,4,31.85,,76.292,,,,,,,,,,,,,102.713,,,,,,,,,,110.677,,
42,56646728010478,1997,31.064068,-81.644493,39,4,79.027,,,,,,,,,,,,,,66.447,,,,,115.311,,,,,147.18,,,
42,76363502010478,2005,33.457406,-83.052965,133,4,,,,,,,,,0.316,,,,,18.84,,,,,47.037,,,,,82.615,,,,
42,61104258010478,2002,32.666802,-82.850321,175,4,,,,,,15.282,,,,,35.398,,,,,50.217,,,,,,,,,,14.304,,
42,56963501010478,1997,31.886462,-82.007577,267,4,86.086,,,,,,,,,,49.858,,,,,108.335,,,,,,,,,,197.114,,
42,61449297010478,2002,30.873344,-83.407502,27,4,,,,,,16.671,,,,,,,,,,12.702,,,,,8.192,,,,,8.685,,
42,56634725010478,1997,32.585977,-81.872751,31,4,255.167,,,,235.711,,,,,,,,,,,,,,,,61.68,,,,,105.192,,
42,61526028010478,2000,31.904725,-82.956338,271,4,,,,90.099,,,,,157.283,,,,,,,,,,107.931,,,,,183.177,,,,
42,61537669010478,2000,32.844177,-83.156549,319,4,,,,234.969,,,,,157.14,,,,,,,,,,116.945,,,,,156.917,,,,
42,61532229010478,2000,31.121544,-82.232508,299,4,,,,91.576,,,,,,,,,,101.503,,,,,121.263,,,,,141.429,,,,
42,56950373010478,1997,32.049246,-85.04119,259,4,27.188,,,,,,,,,,,,,,,,62.988,,,,,82.174,,,,,118.346,
42,56761355010478,1997,34.427313,-84.699086,129,4,144.268,,,,,,,,,,,,,,,,,0.248,,,,,41.006,,,,,73.698
42,56851600010478,1997,30.871436,-82.631945,65,4,47.815,,,,,,,,,,,13.356,,,,,,,,,,50.757,,,,,73.019,
42,61298589010478,2004,33.272363,-82.862731,141,4,,,,,,,,185.821,,,,,,,,,,7.263,,,,,83.27,,,,,151.33
42,56914566010478,1997,31.867107,-83.57485,315,4,55.702,,,,,,,,,,,,,,,,,1.603,,,,,18.753,,,,,47.582
42,56652745010478,1997,31.591226,-83.068586,155,4,212.926,,,240.835,,,,,243.152,,,,,,,,,,,,,,,41.47,,,,
42,153846711010854,2009,32.254517,-81.928789,109,4,,,,,,,,,,,,,51.773,,,,,54.208,,,,,67.487,,,,,78.868
43,76391253010478,2005,34.546189,-84.288988,85,4,,,,,,,,,45.687,,,,,60.339,,,,,80.546,,,,,100.489,,,,
43,61281740010478,2001,32.245144,-81.42598,103,4,,,,,315.314,,,,,344.147,,,,,326.906,,,,,,,,,,7.86,,,
43,56900803010478,1997,31.570502,-82.098211,305,4,203.301,,,,,,,,,,20.0,,,,,26.905,,,,,42.929,,,,,,,
43,61106104010478,2002,31.783516,-81.730928,183,4,,,,,,27.328,,,,,48.389,,,,,,,,,,26.711,,,,,60.044,,
43,56962220010478,1997,32.005649,-82.134765,267,4,39.861,,,,,,,,,12.367,,,,,16.906,,,,,45.142,,,,,,,,
43,56915981010478,1997,33.676711,-82.783773,317,4,85.49,,,,,119.37,,,144.564,,,,,,,,,,202.901,,,,,,,,,
43,61280844010478,2001,30.681467,-83.071188,101,4,,,,,73.528,,,,,91.826,,,,,,,,,,95.643,,,,,88.116,,,
43,61144799010478,1998,33.604486,-83.147167,133,4,,29.658,,,,,,,42.777,,,,,59.302,,,,,,,,,,90.379,,,,
43,61385181010478,2003,32.533747,-82.777201,175,4,,,,,,,46.817,,,,,65.491,,,,,88.683,,,,,83.852,,,,,,
43,56712287010478,1997,34.078742,-84.01611,135,4,59.081,,69.95,,,,,,98.552,,,,,124.595,,,,,,,,,,,,,,
43,56885907010478,1997,31.121351,-82.102662,25,4,48.193,,60.411,,,,,,,,,,,,,,93.923,,,,,,,,,,7.789,
43,56781104010478,1997,31.225698,-85.024578,99,4,81.54,,,,,,,,,,,81.595,,,,,110.562,,,,,,,,,,58.502,
43,61303120010478,2004,33.276608,-83.623485,159,4,,,,,,,,204.758,,,,,227.717,,,,,,,,,,82.657,,,,,141.114
43,61163779010478,1999,30.952132,-81.876991,39,4,,,27.137,,,,,,,,,,130.538,,,,,199.95,,,,,,,,,,12.97
43,56653670010478,1997,34.181719,-83.695669,157,4,36.904,,,,,,,67.16,,,,,108.279,,,,,,,,,,103.054,,,,,
43,56808410010478,1997,31.289782,-83.662405,71,4,33.213,,,,,,,,,,,,,,,,0.18,,,,,3.809,,,,,6.11,
43,61369984010478,2004,32.112279,-83.933701,93,4,,,,,,,,36.025,,,,,54.847,,,,,,,,,,41.434,,,,,70.725
44,61279149010478,2001,31.99892,-83.16348,91,4,,,,,23.756,,,,,34.727,,,,,,,,,,44.805,,,,,63.314,,,
44,61414849010478,2002,32.752132,-83.030467,319,4,,,,,,6.064,,,,,30.572,,,,,58.741,,,,,90.412,,,,,,,
44,56624916010478,1997,31.254038,-81.819529,25,4,50.505,,74.053,,,,,,,,,,,,,43.208,,,,,105.472,,,,,,,
44,61288609010478,2001,33.278173,-82.992878,141,4,,,,,46.18,,,,,67.702,,,,,,,,,,44.59,,,,,64.886,,,
44,61110762010478,2002,33.054987,-83.762686,207,4,,,,,,36.599,,,,,44.786,,,,,46.982,,,,,,,,,,72.254,,
44,56785986010478,1997,30.729346,-82.74763,101,4,118.841,,,,,,,,,,28.82,,,,,71.249,,,,,,,,,,14.91,,
44,123937469010478,2007,32.114252,-82.051221,267,4,,,,,,,,,,,2.229,,,,,11.208,,,,,23.273,,,,,39.828,,
44,56953124010478,1997,32.09219,-84.695011,259,4,124.859,,,,,,,,,,,,,,,,58.234,,,,,120.693,,,,,158.333,
44,56739027010478,1997,34.961147,-84.434105,111,4,48.689,,,,,,,45.981,,,,,89.484,,,,,154.902,,,,,,,,,,
44,61335273010478,2004,34.674641,-85.421277,295,4,,,,,,,,120.185,,,,,146.139,,,,,,,,,,52.769,,,,,105.753
44,56873200010478,1997,31.623,-82.169631,1,4,55.882,,,,,,,,,,,,,,,,,24.014,,,,,96.128,,,,,155.177
44,56790354010478,1997,32.189225,-81.374525,103,4,194.193,,,,,,222.782,,,,,,,,,,31.456,,,,,91.158,,,,,,
44,144448666010478,2008,33.83603,-82.877637,317,4,,,,,,,,,,,,2.622,,,,,15.955,,,,,42.024,,,,,67.644,
45,61476123010478,2002,33.668604,-83.05794,133,4,,,,,,12.285,,,,,71.79,,,,,139.929,,,,,,,,,,116.379,,
45,56605121010478,1997,31.816747,-81.788575,183,4,44.733,,,,,,,,,,,,,11.559,,,,,31.478,,,,,87.922,,,,
45,123950572010478,2007,32.723741,-82.243568,107,4,,,,,,,,,,,95.65,,,,,112.754,,,,,98.612,,,,,120.484,,
45,123923049010478,2007,33.908034,-83.135831,221,4,,,,,,,,,,,12.48,,,,,49.398,,,,,102.226,,,,,151.725,,
45,61554609010478,2000,33.530874,-84.678693,121,4,,,,61.24,,,,,58.241,,,,,54.376,,,,,,,,,,25.631,,,,
45,56915011010478,1997,31.906574,-83.570236,315,4,230.318,,,,,,,,,,,39.488,,,,,33.713,,,,,55.355,,,,,,
45,56802963010478,1997,31.431348,-82.883065,69,4,23.374,,36.229,,,,,,64.572,,,,,89.247,,,,,,,,,,,,,,
45,61239162010478,1998,31.197122,-81.779389,25,4,,19.522,,,,,,,,,,41.16,,,,,,,,,,22.138,,,,,48.546,
45,61330644010478,2004,32.030294,-82.880744,271,4,,,,,,,,44.077,,,,,,,,,,87.931,,,,,131.1,,,,,182.92
45,61513456010478,2000,33.028994,-84.685879,199,4,,,,173.272,,,,,,,,,,98.282,,,,,141.525,,,,,171.153,,,,
45,61557618010478,2000,33.945415,-83.837143,135,4,,,,38.214,,,,,,73.304,,,,,,,107.899,,,,,,,,,,97.465,
46,61084502010478,1998,32.891323,-83.382031,319,4,,75.829,,,,,,,,,101.108,,,,,150.993,,,,,,,,,,140.107,,
46,56872502010478,1997,31.7145,-82.189896,1,4,144.599,,,188.803,,,,,,,,,,75.233,,,,,,,,,,117.523,,,,
46,56969446010478,1997,31.946947,-82.700812,271,4,6.933,8.182,,,,,,,,,,,,,,75.323,,,,,,,,,,26.094,,
46,61288507010478,2001,33.179754,-83.129118,141,4,,,,,57.487,,,,,74.972,,,,,,,,,,58.971,,,,,79.877,,,
46,61411634010478,2002,31.350759,-81.909481,305,4,,,,,,84.648,,,,,,,,,,4.088,,,,,16.022,,,,,22.725,,
46,56645958010478,1997,31.01405,-81.767898,39,4,38.353,,55.477,,,,,,,,115.597,,,,,,,,,,,,,,,20.276,,
46,76701782010478,2006,31.21477,-84.188441,205,4,,,,,,,,,,34.676,,,,,55.303,,,,,117.237,,,,,163.882,,,
46,61564796010478,2000,32.823594,-81.831906,165,4,,,,9.981,,,,,21.162,,,,,,,,,,78.379,,,,,111.036,,,,
46,61512597010478,2000,32.29311,-84.59393,197,4,,,,35.737,,,,,,,,,,60.289,,,,,69.657,,,,,84.355,,,,
46,56833643010478,1997,30.877701,-82.067353,49,4,33.901,,,,,,,,,,,66.241,,,,,84.984,,,,,,,,,,7.967,
46,56710658010478,1997,33.504238,-83.078944,133,4,213.976,,,,,,,,,,,,51.135,,,,,116.178,,,,,,,,,,144.762
46,56605918010478,1997,31.622935,-81.56646,183,4,160.015,,,,,,,,,,,61.024,,,,,147.859,,,,,,,,,,157.652,
47,61516456010478,2000,33.944455,-82.901201,221,4,,,,223.588,,,,,239.786,,,,,252.373,,,,,,,,,,132.993,,,,
47,61265063010478,2001,32.316743,-81.842696,31,4,,,,,114.953,,,,,171.667,,,,,,,,,,66.934,,,,,114.272,,,
47,56951834010478,1997,32.201317,-84.838867,259,4,53.246,,,,,63.464,,,,,73.171,,,,,,,,,,,,,,,48.843,,
47,76391468010478,2005,30.719332,-84.82414,87,4,,,,,,,,,66.537,,,,,98.256,,,,,149.669,,,,,133.778,,,,
47,76716812010478,2006,32.641051,-81.718957,251,4,,,,,,,,,,12.694,,,,,30.063,,,,,62.241,,,,,101.229,,,
47,61574267010478,1999,33.172181,-84.950304,285,4,,,125.608,,,,,,,,,,,,24.98,,,,,116.842,,,,,175.998,,,
47,61360332010478,2004,30.547594,-82.182374,49,4,,,,,,,,68.332,,,,,89.769,,,,,112.576,,,,,,,,,,28.152
47,56828698010478,1997,32.170963,-83.164503,91,4,108.123,,,,,,178.24,,,,,,,,,,18.921,,,,,86.967,,,,,,
48,61524810010478,2000,32.129876,-82.115075,267,4,,,,18.219,,,,,44.467,,,,,60.69,,,,,60.489,,,,,,,,,
48,56617444010478,1997,31.573974,-81.392424,191,4,36.659,,49.012,,,,,,,,,,,,,96.522,,,,,,,,,,53.689,,
48,56634277010478,1997,32.29935,-81.5389,31,4,44.27,,42.626,,,,,,,,,,,,55.889,,,,,74.905,,,,,,,,
48,56897955010478,1997,33.06096,-82.847957,303,4,31.965,,,,,81.614,,,,,,,,,,61.143,,,,,101.919,,,,,,,
48,61600465010478,2000,33.486764,-84.970411,45,4,,,,121.911,,,,,,165.917,,,,,,,,,,77.445,,,,,103.613,,,
48,56836411010478,1997,32.107803,-81.321752,51,4,100.311,,,,,,,,,,67.043,,,,,73.929,,,,,75.737,,,,,,,
48,123939563010478,2007,30.732006,-84.057601,275,4,,,,,,,,,,,46.354,,,,,50.76,,,,,55.006,,,,,70.721,,
48,61119305010478,2002,32.888141,-81.587101,251,4,,,,,,14.214,,,,,83.132,,,,,146.627,,,,,,,,,,33.94,,
48,56625554010478,1997,31.010286,-83.612082,27,4,37.74,,,,,47.204,,,,,49.79,,,,,64.14,,,,,,,,,,,,
48,56870554010478,1997,31.2551,-83.303868,19,4,46.663,,,,70.78,,,,,,,,,,,,,,,84.743,,,,,108.72,,,
48,56950447010478,1997,32.121686,-84.695575,259,4,68.09,,87.181,,,,,,,,,,106.608,,,,,,,,,,136.594,,,,,
48,56889651010478,1997,31.280337,-82.496591,299,4,63.293,,,,,,,,,,,,,,,,4.288,,,,,30.728,,,,,75.845,
48,56960175010478,1997,32.616955,-84.461544,263,4,25.668,,,41.429,,,,,42.094,,,,,,,,,,,,,,,18.199,,,,
48,144541174010478,2008,32.33476,-83.128745,91,4,,,,,,,,,,,,4.42,,,,,1.567,,,,,4.17,,,,,9.507,
48,61537581010478,2000,32.91315,-83.137632,319,4,,,,119.609,,,,,140.781,,,,,123.965,,,,,109.952,,,,,,,,,
48,61302259010478,2004,32.343639,-83.825613,153,4,,,,,,,,7.497,,,,,,,,,,3.021,,,,,23.033,,,,,41.127
49,61264706010478,2001,32.21525,-81.72296,31,4,,,,,91.507,,,,,144.927,,,,,200.614,,,,,,,,,,27.522,,,
49,56965697010478,1997,32.633073,-84.170639,269,4,60.612,,,,,,,,,1.832,,,,,10.426,,,,,,,,,,18.465,,,
49,56766345010478,1997,32.837873,-83.328058,319,4,44.47,,,,,,,,,110.874,,,,,,,,,,31.937,,,,,105.021,,,
49,76774564010478,2006,30.757369,-83.352697,185,4,,,,,,,,,,61.096,,,,,105.935,,,,,185.647,,,,,199.039,,,
49,56794767010478,1997,32.629084,-82.17394,107,4,79.063,82.707,,,,,,,,,,114.203,,,,,,,,,,185.695,,,,,,
49,56763761010478,1997,30.904438,-84.09763,131,4,63.974,66.618,,,,,,,,,,,,,,,91.246,,,,,,,,,,25.13,
49,56662657010478,1997,33.10531,-82.37347,163,4,40.592,,44.076,,,,,,,,,,,,,,,,,,,1.204,,,,,5.552,
49,56813574010478,1997,33.503448,-84.665695,77,4,5.991,,,,,,,17.451,,,,,25.396,,,,,,,,,,32.349,,,,,
49,56638174010478,1997,33.057332,-82.000663,33,4,55.368,,,126.182,,,,,193.693,,,,,,,,,,,,,,,16.102,,,,
49,56805759010478,1997,31.087386,-83.987578,71,4,67.524,,,,,,,,,,,,,,,,,157.292,,,,,180.653,,,,,223.034
50,61414416010478,2002,33.768406,-82.896194,317,4,,,,,,88.984,,,,,115.779,,,,,142.202,,,,,,,,,,0.549,,
50,61543671010478,2000,31.123111,-82.918405,65,4,,,,40.966,,,,,77.657,,,,,101.714,,,,,,,,,,52.737,,,,
50,61589828010478,1999,31.430915,-83.991269,321,4,,,7.559,,,,,,62.334,,,,,94.871,,,,,128.796,,,,,,,,,
50,56812557010478,1997,33.485069,-84.822628,77,4,100.982,,,,,,,,,99.911,,,,,119.822,,,,,,,,,,134.16,,,
50,61078766010478,1998,33.163607,-82.865606,303,4,,63.581,,,,,,,104.29,,,,,,,,,,24.57,,,,,80.458,,,,
50,61059130010478,1999,33.056962,-82.566177,163,4,,,38.693,,,,,,65.903,,,,,,,,,,,,126.335,,,,,176.318,,
50,76328874010478,2005,32.743256,-81.557584,251,4,,,,,,,,,0.27,,,,,5.728,,,,,18.101,,,,,27.919,,,,
50,56680982010478,1997,32.462174,-83.024553,175,4,20.321,,,26.574,,,,,33.048,,,,,,,,,,79.252,,,,,,,,,
50,61424231010478,2003,32.978574,-81.826136,33,4,,,,,,,44.014,,,,,65.645,,,,,100.416,,,,,130.878,,,,,,
50,56874521010478,1997,31.898165,-82.230151,1,4,19.821,,,,,,,,,,,11.152,,,,,9.794,,,,,16.397,,,,,,
50,61375182010478,2004,34.186832,-85.364989,115,4,,,,,,,,90.519,,,,,,,,,,26.334,,,,,59.608,,,,,116.236
51,176107959010854,2000,32.540673,-84.027356,269,4,,,,13.507,,,,,40.299,,,,,85.005,,,,,111.611,,,,,,,,,
51,61632053010478,1999,31.854621,-82.809771,271,4,,,4.777,,,,,,,70.515,,,,,149.586,,,,,221.58,,,,,,,,
51,56600225010478,1997,31.714095,-81.379734,179,4,93.56,,,,138.541,,,,,,,,,,,,,,,56.944,,,,,130.022,,,
51,61238496010478,1998,31.291452,-81.944496,25,4,,179.435,,,,,,,,219.862,,,,,255.051,,,,,298.168,,,,,,,,
51,61078853010478,1998,33.185857,-82.85528,303,4,,11.819,,,,,,,,72.985,,,,,,,,,,62.424,,,,,117.109,,,
51,61536616010478,2000,33.8569,-82.791251,317,4,,,,113.145,,,,,134.934,,,,,198.937,,,,,,,,,,276.69,,,,
51,76790583010478,2006,31.475645,-82.622411,69,4,,,,,,,,,,117.047,,,,,177.231,,,,,236.948,,,,,260.695,,,
51,61595194010478,2000,32.133079,-81.664769,29,4,,,,47.883,,,,,69.025,,,,,95.911,,,,,,,,,,14.093,,,,
51,61235876010478,1998,34.209684,-84.999654,15,4,,142.717,,,,,,,,,,,,166.186,,,,,187.461,,,,,207.601,,,,
51,56743404010478,1997,34.175407,-85.188865,115,4,107.596,,112.548,,,,,,,,,,,,,,,,,,,,94.037,,,,,113.657
51,61095728010478,1999,30.658105,-83.452571,27,4,,,86.306,,,,,,,,,,,,,,59.574,,,,,64.316,,,,,69.395,
51,56640724010478,1997,33.050577,-81.577189,33,4,222.402,,,,,,,,,,,,,1.116,,,,,15.599,,,,,62.45,,,,
51,56773583010478,1997,32.257138,-83.114866,91,4,66.583,,,,,,,,,,,,106.735,,,,,117.754,,,,,,,,,,133.813
51,61304484010478,2004,33.251387,-82.433034,163,4,,,,,,,,53.142,,,,,111.461,,,,,133.623,,,,,,,,,,166.436
52,61601618010478,2000,30.815241,-82.057116,49,4,,,,59.024,,,,,91.986,,,,,,,,,,116.963,,,,,162.262,,,,
52,56608174010478,1997,31.025303,-83.46333,185,4,174.684,177.463,,,,,,,,,,,,,,99.42,,,,,,,,,,29.561,,
52,61497916010478,2001,32.254859,-82.023864,267,4,,,,,19.348,,,,,34.435,,,,,55.546,,,,,,,,,,122.524,,,
52,56647153010478,1997,30.821495,-81.592462,39,4,287.736,,,,310.746,,,,,185.275,,,,,,,,,,228.09,,,,,,,,
52,56769270010478,1997,31.34347,-83.95535,321,4,60.49,,,,,,,,,,98.978,,,,,113.01,,,,,144.971,,,,,,,
52,61421654010478,2003,31.118265,-82.093247,25,4,,,,,,,19.687,,,,,49.852,,,,,102.229,,,,,,,,,,28.725,
52,56594391010478,1997,32.658568,-81.434186,251,4,321.283,,,,,,,,,,,,,104.739,,,,,109.546,,,,,145.552,,,,
52,61155163010478,1998,33.19412,-82.297885,163,4,,66.728,,,,,,,,,,,,,,,,56.596,,,,,79.987,,,,,96.579
53,56850602010478,1997,31.13864,-82.668662,65,4,92.373,,,,,,,,,,,,,,35.072,,,,,87.956,,,,,142.064,,,
53,61100588010478,2002,33.138171,-82.525491,163,4,,,,,,0.924,,,,,3.367,,,,,8.649,,,,,,,,,,4.195,,
53,61541476010478,2000,34.076666,-84.475908,57,4,,,,270.508,,,,,273.28,,,,,312.185,,,,,333.83,,,,,,,,,
53,61067634010478,1998,32.006748,-82.7463,271,4,,79.134,,,,,,,95.396,,,,,114.995,,,,,141.26,,,,,,,,,
53,56757478010478,1997,31.347291,-81.575167,127,4,91.287,,124.962,,,,,,,,,,,,,,149.246,,,,,183.478,,,,,,
53,56680406010478,1997,32.380453,-82.908836,175,4,63.106,,,,,,,87.869,,,,,,,,,,119.157,,,,,,,,,,14.313
53,56788794010478,1997,32.316516,-81.310751,103,4,84.189,,,,,,,,,,,,106.517,,,,,,,,,,32.023,,,,,56.725
54,56586493010478,1997,31.912506,-84.790905,243,4,15.051,,,,42.163,,,,,,,,,,46.293,,,,,,,,,,9.558,,,
54,56683029010478,1997,33.142765,-84.800744,199,4,89.98,,,,,,,,,,,,,,,115.316,,,,,149.481,,,,,180.962,,
54,123938851010478,2007,31.925295,-82.934498,271,4,,,,,,,,,,,28.775,,,,,60.815,,,,,103.495,,,,,128.255,,
54,56902326010478,1997,31.466867,-81.973777,305,4,63.705,,,,,,,,,,,,,,2.54,,,,,8.361,,,,,8.112,,,
54,61052713010478,1999,32.72648,-84.798832,145,4,,,101.75,,,,,,119.598,,,,,117.002,,,,,131.501,,,,,,,,,
54,61360707010478,2004,32.0618,-81.248501,51,4,,,,,,,,82.369,,,,,,,,,,98.639,,,,,110.968,,,,,126.833
54,61366650010478,2004,33.416096,-84.763194,77,4,,,,,,,,67.606,,,,,91.571,,,,,122.122,,,,,134.195,,,,,
54,61629869010478,1999,32.222468,-82.126916,267,4,,,0.113,,,,,,,,,,,,,,75.856,,,,,166.396,,,,,219.527,
54,61363994010478,2004,31.102241,-82.830755,65,4,,,,,,,,56.379,,,,,71.996,,,,,,,,,,33.621,,,,,50.774
54,153846562010854,2009,31.09395,-83.721638,71,4,,,,,,,,,,,,,38.03,,,,,35.463,,,,,31.843,,,,,34.198
54,61315600010478,2004,31.16295,-84.412036,205,4,,,,,,,,64.719,,,,,75.087,,,,,,,,,,84.958,,,,,94.762
54,144515832010478,2008,31.960985,-81.458344,29,4,,,,,,,,,,,,79.362,,,,,91.122,,,,,123.693,,,,,143.069,
55,56832773010478,1997,30.461678,-82.120052,49,4,78.666,,,,,,,,,,14.424,,,,,32.484,,,,,,,,,,58.231,,
55,56787688010478,1997,32.509568,-81.457164,103,4,22.721,25.907,,,,,,,,,,,,,,,,,,,5.22,,,,,6.749,,
55,61549968010478,2000,30.646772,-83.128782,101,4,,,,76.79,,,,,105.332,,,,,148.297,,,,,191.636,,,,,,,,,
55,56663330010478,1997,32.977625,-82.28929,163,4,145.085,170.507,,,,,,,,,,,,,,77.967,,,,,,,,,,131.012,,
55,61548354010478,2000,32.176581,-83.258523,91,4,,,,26.769,,,,,46.216,,,,,,,,,,60.264,,,,,85.145,,,,
55,61138553010478,1998,34.099842,-85.272132,115,4,,46.021,,,,,,,,,,,,,,,65.484,,,,,87.804,,,,,148.324,
55,61544564010478,2000,31.604334,-82.631382,69,4,,,,53.173,,,,,75.051,,,,,117.015,,,,,,,,,,151.009,,,,
55,56886724010478,1997,31.072723,-81.96482,25,4,62.707,,,,,,,114.356,,,,,,,,,,,,,,,42.456,,,,,99.306
56,61255471010478,1998,30.867542,-82.526893,65,4,,215.22,,,,,,,,,169.785,,,,,9.409,,,,,,,,,,1.943,,
56,56633951010478,1997,32.348876,-81.58167,31,4,9.449,,,15.051,,,,,23.041,,,,,29.984,,,,,,,,,,,,,,
56,61086602010478,1999,31.865095,-82.170211,1,4,,,0.687,,,,,,,21.764,,,,,24.027,,,,,38.588,,,,,,,,
56,61570238010478,2000,30.975628,-83.295463,185,4,,,,48.006,,,,,56.95,,,,,,,,,,60.961,,,,,69.099,,,,
56,56638749010478,1997,32.986972,-81.942909,33,4,61.226,,,,,,,,,,,64.321,,,,,,,,,,45.962,,,,,71.29,
56,61372890010478,2004,32.24483,-81.196074,103,4,,,,,,,,138.683,,,,,,,,,,101.5,,,,,139.562,,,,,69.827
57,61508070010478,2001,33.879007,-82.861004,317,4,,,,,19.444,,,,,72.139,,,,,135.104,,,,,202.783,,,,,,,,
57,76775253010478,2006,30.949111,-83.388488,185,4,,,,,,,,,,51.607,,,,,,84.203,,,,,154.214,,,,,166.929,,
57,61254302010478,1998,31.033768,-82.712522,65,4,,60.589,,,,,,,,,,,119.753,,,,,,,,,,228.848,,,,,287.685
57,61544750010478,2000,31.519799,-82.653378,69,4,,,,195.129,,,,,,,,,,13.04,,,,,51.72,,,,,92.647,,,,
58,61559184010478,2000,32.738967,-85.108398,145,4,,,,56.382,,,,,53.143,,,,,,,,,,67.063,,,,,72.745,,,,
58,56904661010478,1997,31.551279,-81.825152,305,4,64.043,,,,,138.638,,,,,,,,,,6.838,,,,,85.731,,,,,,,
58,56825705010478,1997,30.854068,-84.499747,87,4,171.158,,,,,,,,,173.267,,,,,,,,,,129.772,,,,,136.612,,,
58,56645186010478,1997,30.840111,-81.858538,39,4,74.982,,,,,,,,,0.055,,,,,,,,,,38.314,,,,,96.944,,,
58,56917249010478,1997,33.973717,-82.673946,317,4,78.181,,,105.938,,,,,,103.454,,,,,,,,,,,,,,,45.572,,,
58,61474554010478,2002,31.329685,-81.501587,127,4,,,,,,42.021,,,,,99.282,,,,,,,,,,41.94,,,,,49.393,,
58,61283869010478,2001,34.408361,-85.217228,115,4,,,,,160.948,,,,,170.865,,,,,176.05,,,,,177.615,,,,,,,,
58,56601191010478,1997,31.767492,-81.317329,179,4,100.191,125.643,,,,,,,,,,,,107.62,,,,,,,,,,102.377,,,,
58,61269099010478,2001,30.897993,-81.936854,49,4,,,,,36.139,,,,,,,54.134,,,,,89.556,,,,,135.575,,,,,,
58,61312213010478,2004,31.505523,-81.414508,191,4,,,,,,,,200.16,,,,,,,,,,182.453,,,,,275.833,,,,,311.462
59,56608580010478,1997,30.886164,-83.27039,185,4,64.685,,,,,90.509,,,,,,,,,,10.622,,,,,39.532,,,,,,,
59,61104022010478,2002,32.204026,-82.890486,175,4,,,,,,37.898,,,,,39.111,,,,,,,,,,91.539,,,,,124.064,,
59,76772257010478,2006,33.870513,-82.560708,181,4,,,,,,,,,,44.828,,,,,56.573,,,,,68.465,,,,,76.49,,,
59,61058212010478,1999,32.978716,-82.41658,163,4,,,2.446,,,,,,,,,,,10.796,,,,,19.546,,,,,41.307,,,,
59,61049950010478,1999,33.37651,-82.943516,141,4,,,58.306,,,,,,73.628,,,,,111.463,,,,,,,,,,154.904,,,,
59,61441461010478,2003,32.449404,-81.273894,103,4,,,,,,,24.241,,,,,82.739,,,,,160.364,,,,,,,,,,21.086,
59,144519281010478,2008,30.799341,-81.799013,39,4,,,,,,,,,,,,38.242,,,,,50.952,,,,,59.003,,,,,74.107,
59,144534050010478,2008,31.441795,-83.155151,19,4,,,,,,,,,,,,33.975,,,,,67.048,,,,,108.169,,,,,135.383,
59,61526999010478,2000,30.862078,-83.9542,275,4,,,,54.747,,,,,,40.424,,,,,,,,55.285,,,,,53.587,,,,,
59,153846595010854,2009,32.573199,-84.032712,79,4,,,,,,,,,,,,,4.797,,,,,17.606,,,,,56.402,,,,,114.883
60,123953381010478,2007,33.576026,-84.764673,121,4,,,,,,,,,,,45.316,,,,,33.976,,,,,36.419,,,,,97.615,,
60,61085682010478,1998,31.803765,-83.845267,321,4,,72.017,,,,,,,,97.411,,,,,98.666,,,,,,,,,,123.633,,,
60,61136119010478,1998,32.556818,-82.512746,107,4,,42.572,,,,,,,,58.745,,,,,96.537,,,,,,,,,,214.045,,,
60,56890784010478,1997,31.131914,-82.404863,299,4,124.604,,132.789,,,,,,,,,,,,,,,,,,,12.709,,,,,32.909,
60,61431696010478,2003,30.989187,-82.910976,65,4,,,,,,,3.032,,,,,7.757,,,,,,,,,,8.356,,,,,13.218,
60,153846850010854,2009,33.732273,-85.095411,143,4,,,,,,,,,,,,,87.588,,,,,100.564,,,,,128.095,,,,,185.064
61,76769702010478,2006,32.40216,-83.01396,175,4,,,,,,,,,,4.259,,,,,16.492,,,,,46.716,,,,,101.657,,,
61,56872756010478,1997,31.720767,-82.221368,1,4,91.502,,,,,131.053,,,,,,,,,,,,,,,17.029,,,,,66.262,,
61,76740610010478,2006,33.99311,-82.689583,105,4,,,,,,,,,,60.55,,,,,78.342,,,,,93.117,,,,,106.315,,,
61,76325509010478,2005,31.973155,-84.970218,239,4,,,,,,,,,34.143,,,,,17.437,,,,,27.74,,,,,41.778,,,,
61,56867450010478,1997,34.201375,-84.765873,15,4,16.618,,,,,,,,40.729,,,,,,,,,,85.913,,,,,125.724,,,,
61,56850303010478,1997,30.738139,-82.474477,65,4,48.456,,,,,,,,,,,,,,,,,46.08,,,,,57.94,,,,,69.762
62,56718076010478,1997,33.217392,-83.225709,141,4,37.303,46.14,,,,,,,,,99.901,,,,,,,,,,117.457,,,,,,,
62,56888770010478,1997,31.463041,-82.590894,299,4,11.177,,,,,,64.968,,,,,103.757,,,,,,,,,,47.614,,,,,,
62,56872183010478,1997,31.645702,-82.348122,1,4,58.472,63.471,,,,,,,,,,,76.232,,,,,89.35,,,,,,,,,,
63,56851136010478,1997,31.019886,-82.790919,65,4,171.576,,,,,,,,,,30.266,,,,,67.676,,,,,111.112,,,,,,,
63,123913987010478,2007,33.438282,-82.55326,189,4,,,,,,,,,,,148.066,,,,,172.603,,,,,181.592,,,,,219.836,,
63,123986788010478,2007,31.183474,-81.984549,25,4,,,,,,,,,,,2.142,,,,,9.538,,,,,24.378,,,,,44.92,,
63,76354437010478,2005,34.034157,-82.791018,105,4,,,,,,,,,236.698,,,,,262.782,,,,,290.68,,,,,324.15,,,,
63,61339273010478,2004,31.630346,-82.043389,305,4,,,,,,,,41.576,,,,,,,,,,101.893,,,,,155.676,,,,,206.762
63,56639838010478,1997,33.187541,-81.833296,33,4,151.248,,,,,,,146.012,,,,,158.136,,,,,,,,,,7.399,,,,,
64,61272334010478,2001,30.862757,-82.883506,65,4,,,,,57.914,,,,,69.916,,,,,,,,,,36.058,,,,,73.22,,,
64,61452256010478,2002,33.043412,-81.965778,33,4,,,,,,67.943,,,,,82.89,,,,,105.295,,,,,104.116,,,,,,,
64,123916246010478,2007,34.140083,-83.178831,195,4,,,,,,,,,,,88.757,,,,,73.767,,,,,68.924,,,,,72.466,,
64,56798462010478,1997,32.447197,-82.298554,107,4,184.272,,199.577,,,,,,232.702,,,,,,,,,,280.811,,,,,,,,,
64,123968885010478,2007,33.050165,-82.38774,163,4,,,,,,,,,,,1.947,,,,,13.946,,,,,46.086,,,,,74.319,,
64,56904947010478,1997,31.427749,-81.698936,305,4,134.58,150.312,,,,,,,,,,185.574,,,,,,,,,,,,,,,6.229,
64,61426009010478,2003,30.892821,-81.628519,39,4,,,,,,,68.007,,,,,114.144,,,,,172.651,,,,,224.498,,,,,,
64,153846789010854,2009,34.582455,-84.74709,129,4,,,,,,,,,,,,,69.889,,,,,85.247,,,,,104.354,,,,,81.677
65,56849711010478,1997,31.134816,-82.918305,65,4,278.985,,293.578,,,,,,,,,,,,,,,,,8.112,,,,,34.509,,,
65,56903885010478,1997,31.724864,-82.095421,305,4,42.106,,,,,,,,,1.319,,,,,33.803,,,,,112.706,,,,,,,,
65,61423230010478,2003,32.29075,-81.522879,31,4,,,,,,,57.228,,,,,67.24,,,,,81.813,,,,,111.059,,,,,,
66,61246830010478,1998,30.625156,-82.066449,49,4,,99.679,,,,,,,,,,,,,,100.764,,,,,130.063,,,,,151.731,,
66,56641315010478,1997,33.076181,-81.939579,33,4,205.037,,,,,,,,,,,121.094,,,,,160.37,,,,,,,,,,190.374,
67,76356679010478,2005,34.78491,-84.195211,111,4,,,,,,,,,165.525,,,,,195.642,,,,,214.634,,,,,239.998,,,,
67,61443076010478,2003,32.460071,-82.307446,107,4,,,,,,,6.788,,,,,19.855,,,,,,,,,,36.61,,,,,41.078,
67,61254544010478,1998,30.985195,-82.603729,65,4,,55.791,,,,,,,,,,,,,,,28.499,,,,,63.509,,,,,97.61,
67,144482280010478,2008,31.443613,-81.388986,191,4,,,,,,,,,,,,21.418,,,,,36.325,,,,,35.016,,,,,28.133,
67,61187243010478,1999,30.763545,-84.635908,87,4,,,107.46,,,,,,,,,120.461,,,,,,,,,,72.373,,,,,68.724,
68,61385636010478,2003,32.463179,-82.919222,175,4,,,,,,,58.501,,,,,91.7,,,,,116.867,,,,,,,,,,27.965,
68,144474930010478,2008,32.771735,-82.807035,167,4,,,,,,,,,,,,14.039,,,,,16.599,,,,,18.523,,,,,22.013,
69,61118988010478,2002,32.646375,-81.653922,251,4,,,,,,123.531,,,,,,,,,,97.133,,,,,175.954,,,,,259.011,,
70,61273734010478,2001,31.164102,-82.724959,65,4,,,,,150.88,,,,,169.193,,,,,216.294,,,,,,,,,,64.163,,,
70,56832962010478,1997,30.408698,-82.107353,49,4,115.867,,,,,,,,,,,29.918,,,,,55.593,,,,,87.203,,,,,,
70,61400457010478,2003,32.974283,-81.652228,251,4,,,,,,,31.737,,,,,75.38,,,,,,,,,,0.355,,,,,11.668,
71,56857911010478,1997,30.818951,-82.478394,65,4,36.008,,,46.477,,,,,29.716,,,,,,,,,,,,,,,0.268,,,,
71,61533655010478,2000,31.529753,-81.900157,305,4,,,,35.893,,,,,42.764,,,,,,,,,,31.037,,,,,37.906,,,,
71,61166143010478,1999,30.938082,-82.107921,49,4,,,29.687,,,,,,,85.668,,,,,108.115,,,,,,,,,,20.701,,,
71,56635193010478,1997,32.209339,-81.675081,31,4,30.667,,,,,,,,,,,,,,,,18.039,,,,,26.255,,,,,36.31,
72,61356999010478,2004,33.036256,-81.607054,33,4,,,,,,,,70.22,,,,,88.18,,,,,,,,,,6.118,,,,,9.719
73,61598072010478,2000,32.97084,-81.906536,33,4,,,,142.618,,,,,184.122,,,,,,,,,,9.528,,,,,69.691,,,,
73,61063205010478,1999,32.237119,-82.907546,175,4,,,27.363,,,,,,,83.897,,,,,139.622,,,,,,,,,,43.184,,,
73,61596751010478,2000,32.537318,-81.743033,31,4,,,,90.963,,,,,139.018,,,,,,,,,,127.767,,,,,200.913,,,,
73,61599308010478,2000,30.881769,-81.723325,39,4,,,,10.399,,,,,57.797,,,,,,,,,,197.937,,,,,253.027,,,,
73,153847150010854,2009,34.894002,-84.778872,213,4,,,,,,,,,,,,,42.009,,,,,53.318,,,,,77.185,,,,,54.897
74,56896406010478,1997,32.93129,-82.985438,303,4,9.226,,12.595,,,,,,,,,,,41.696,,,,,115.895,,,,,,,,,
74,61543509010478,2000,31.063222,-82.66883,65,4,,,,28.592,,,,,33.184,,,,,55.547,,,,,,,,,,51.362,,,,
74,153846765010854,2009,34.660823,-84.281384,123,4,,,,,,,,,,,,,230.468,,,,,213.103,,,,,243.605,,,,,244.807
75,61427412010478,2003,30.994774,-82.188889,49,4,,,,,,,12.138,,,,,14.411,,,,,21.062,,,,,,,,,,30.976,
75,61195693010478,1999,32.503362,-82.286147,107,4,,,14.913,,,,,,,,,,97.392,,,,,,,,,,160.252,,,,,196.825
76,61460026010478,2002,30.863893,-82.67525,65,4,,,,,,101.398,,,,,118.446,,,,,143.175,,,,,171.497,,,,,,,
76,61164158010478,1999,30.983495,-81.787451,39,4,,,88.432,,,,,,,,,,,,111.191,,,,,112.139,,,,,120.313,,,
77,56796822010478,1997,32.53077,-82.143731,107,4,98.557,,,,,,,,,,,153.739,,,,,203.652,,,,,246.161,,,,,,
78,56632431010478,1997,32.349184,-81.792095,31,4,81.03,,,,,84.795,,,,,100.375,,,,,,,,,,76.487,,,,,,,
78,61505646010478,2001,31.371045,-81.777117,305,4,,,,,99.619,,,,,120.125,,,,,,,,,,21.781,,,,,14.848,,,
78,76318190010478,2005,33.543139,-83.331302,211,4,,,,,,,,,113.766,,,,,132.393,,,,,153.146,,,,,148.617,,,,
78,144478436010478,2008,31.694078,-84.105754,177,4,,,,,,,,,,,,208.921,,,,,248.742,,,,,263.12,,,,,92.748,
79,76805082010478,2006,32.244453,-81.595769,31,4,,,,,,,,,,19.996,,,,,52.834,,,,,108.598,,,,,143.934,,,
79,76740245010478,2006,32.45065,-81.341969,103,4,,,,,,,,,,140.157,,,,,171.561,,,,,221.273,,,,,263.674,,,
79,61542853010478,2000,30.895442,-82.596481,65,4,,,,67.447,,,,,95.055,,,,,133.69,,,,,,,,,,7.326,,,,
80,56896188010478,1997,33.044037,-82.983819,303,4,45.652,,,,,,,,,,75.22,,,,,,,,,,110.846,,,,,133.471,,
80,76419099010478,2005,31.279339,-83.90582,71,4,,,,,,,,,192.815,,,,,131.574,,,,,141.313,,,,,133.041,,,,
80,56591897010478,1997,32.611768,-81.577388,251,4,2.551,,,6.229,,,,,,,,,,,,,,9.643,,,,,,,,,,7.86
80,61385590010478,2003,32.381488,-82.800053,175,4,,,,,,,8.469,,,,,20.941,,,,,41.747,,,,,,,,,,13.385,
81,76821888010478,2006,31.982716,-84.517569,307,4,,,,,,,,,,165.797,,,,,202.523,,,,,229.11,,,,,239.199,,,
81,56634418010478,1997,32.241284,-81.518766,31,4,139.217,,,,,,,,,,,,,,,,24.495,,,,,85.988,,,,,128.149,
81,56836000010478,1997,30.997769,-82.141698,49,4,28.929,,54.985,,,,,,,,,,,,,,,113.732,,,,,,,,,,20.394
82,56646152010478,1997,30.784415,-81.733348,39,4,62.538,84.715,,,,,,,150.399,,,,,,,,,,,,,,,13.712,,,,
82,76729078010478,2006,31.394849,-83.539173,277,4,,,,,,,,,,205.804,,,,,156.618,,,,,143.739,,,,,105.057,,,
82,61135699010478,1998,32.701867,-82.28178,107,4,,179.362,,,,,,,,,,,,,66.358,,,,,107.174,,,,,141.924,,,
82,61161781010478,1999,33.274264,-82.148811,33,4,,,322.086,,,,,,227.302,,,,,,,,,,17.755,,,,,39.664,,,,
84,76746191010478,2006,34.251265,-85.423634,115,4,,,,,,,,,,346.012,,,,,349.373,,,,,387.092,,,,,455.288,,,
84,61268411010478,2001,30.365235,-82.059469,49,4,,,,,29.08,,,,,55.124,,,,,,,,,,109.041,,,,,139.48,,,
86,56631507010478,1997,32.426701,-81.930955,31,4,55.529,,,,,154.056,,,,,209.657,,,,,,,,,,,,,,,85.86,,
86,144535467010478,2008,31.38535,-82.757723,69,4,,,,,,,,,,,,60.861,,,,,95.488,,,,,132.573,,,,,154.45,
87,61253859010478,1998,30.935625,-82.916024,65,4,,72.046,,,,,,,,,,,112.109,,,,,129.898,,,,,,,,,,69.214
88,123929194010478,2007,34.909853,-83.313359,241,4,,,,,,,,,,,218.055,,,,,219.174,,,,,238.526,,,,,272.759,,
88,56677119010478,1997,32.278033,-82.985297,175,4,60.74,82.482,,,,,,,,,,,,,,,,40.531,,,,,,,,,,112.762
88,144490668010478,2008,33.861608,-83.107341,221,4,,,,,,,,,,,,86.457,,,,,111.426,,,,,155.814,,,,,203.301,
89,61129056010478,2002,31.117613,-82.322628,299,4,,,,,,20.121,,,,,35.592,,,,,64.572,,,,,,,,,,89.358,,
90,61241249010478,1998,32.249479,-81.792393,31,4,,3.48,,,,,,,,,,,8.638,,,,,23.559,,,,,34.209,,,,,
91,56634331010478,1997,32.254564,-81.520915,31,4,134.76,,,,,,,,,,64.524,,,,,108.604,,,,,,,,,,161.547,,
92,76727436010478,2006,31.624088,-84.485541,273,4,,,,,,,,,,95.28,,,,,104.125,,,,,78.944,,,,,85.055,,,
93,76412309010478,2005,32.122004,-81.217708,51,4,,,,,,,,,215.076,,,,,247.559,,,,,255.936,,,,,290.842,,,,
93,61427283010478,2003,30.652121,-82.130304,49,4,,,,,,,162.988,,,,,181.716,,,,,183.318,,,,,213.563,,,,,,
93,144511137010478,2008,32.853042,-84.253726,293,4,,,,,,,,,,,,501.922,,,,,182.789,,,,,209.649,,,,,234.59,
94,76733654010478,2006,34.969654,-84.096055,291,4,,,,,,,,,,177.302,,,,,200.424,,,,,229.861,,,,,235.847,,,
95,56679082010478,1997,32.40659,-82.828081,175,4,40.073,,,,,,,,,,,,,,,28.338,,,,,49.414,,,,,62.272,,
95,56853231010478,1997,30.758325,-82.664762,65,4,38.055,,61.601,,,,,,117.404,,,,,,,,,,,,,,,49.202,,,,
95,153847411010854,2009,34.740434,-83.929855,291,4,,,,,,,,,,,,,142.438,,,,,159.221,,,,,168.59,,,,,191.763
96,123969865010478,2007,33.122288,-82.383137,163,4,,,,,,,,,,,76.859,,,,,127.921,,,,,145.213,,,,,175.148,,
96,56889993010478,1997,30.965779,-82.51057,299,4,150.463,,,,,,,,,,15.144,,,,,59.028,,,,,,,,,,123.817,,
96,123901708010478,2007,33.631121,-83.657611,297,4,,,,,,,,,,,18.171,,,,,,45.925,,,,,66.776,,,,,86.272,
97,144507823010478,2008,32.144025,-82.449919,279,4,,,,,,,,,,,,8.289,,,,,16.427,,,,,24.79,,,,,14.69,
97,153847236010854,2009,31.638165,-84.6807,243,4,,,,,,,,,,,,,9.806,,,,,36.745,,,,,86.478,,,,,124.813
98,153847412010854,2009,34.903261,-83.867255,291,4,,,,,,,,,,,,,74.055,,,,,119.968,,,,,104.624,,,,,115.655
99,56892450010478,1997,31.127289,-82.462298,299,4,52.268,,,,,,,,,,10.594,,,,,,,,,,5.468,,,,,12.396,,
99,76406329010478,2005,32.976614,-81.754553,33,4,,,,,,,,,86.394,,,,,93.565,,,,,86.589,,,,,83.957,,,,
99,56680566010478,1997,32.500244,-83.172104,175,4,147.825,,,,,,,,,,,,169.69,,,,,212.456,,,,,,,,,,49.511
100,144522395010478,2008,31.738563,-81.131157,51,4,,,,,,,,,,,,60.32,,,,,65.901,,,,,66.043,,,,,56.717,
101,61531689010478,2000,30.977152,-82.421609,299,4,,,,45.236,,,,,114.735,,,,,,,,,,14.525,,,,,75.76,,,,
102,123902903010478,2007,31.05044,-82.417308,299,4,,,,,,,,,,,24.98,,,,,,,47.866,,,,,69.102,,,,,71.272
102,61363934010478,2004,31.088823,-82.692304,65,4,,,,,,,,48.411,,,,,69.912,,,,,85.643,,,,,109.513,,,,,
102,144516976010478,2008,32.544284,-82.007352,31,4,,,,,,,,,,,,20.018,,,,,23.912,,,,,41.154,,,,,64.537,
103,61578531010478,1999,31.09564,-82.481564,299,4,,,33.876,,,,,,,,,,,,43.555,,,,,53.465,,,,,76.761,,,
104,144519710010478,2008,30.753672,-81.680452,39,4,,,,,,,,,,,,147.963,,,,,186.8,,,,,203.748,,,,,233.485,
105,123975281010478,2007,31.946027,-81.525179,179,4,,,,,,,,,,,159.789,,,,,179.495,,,,,113.837,,,,,146.53,,
106,76778703010478,2006,30.770249,-81.737564,39,4,,,,,,,,,,229.732,,,,,264.295,,,,,274.445,,,,,270.239,,,
106,56893106010478,1997,31.078753,-82.260598,299,4,94.246,,,,,,,,,,,,46.071,,,,,84.084,,,,,,,,,,95.104
107,61077090010478,1998,31.372267,-82.580056,299,4,,168.881,,,,,,,,162.82,,,,,186.361,,,,,217.171,,,,,,,,
109,123911414010478,2007,32.739445,-83.285679,319,4,,,,,,,,,,,66.624,,,,,75.336,,,,,101.776,,,,,112.217,,
111,76345104010478,2005,34.844567,-85.235698,295,4,,,,,,,,,52.13,,,,,62.355,,,,,91.871,,,,,116.966,,,,
120,153847359010854,2009,30.783518,-83.977829,275,4,,,,,,,,,,,,,73.146,,,,,81.414,,,,,83.923,,,,,94.862
121,123909851010478,2007,33.669068,-82.767647,317,4,,,,,,,,,,,58.485,,,,,62.233,,,,,91.141,,,,,118.111,,
121,153847358010854,2009,30.939795,-83.919307,275,4,,,,,,,,,,,,,67.219,,,,,85.904,,,,,92.873,,,,,111.779
123,76717387010478,2006,32.694584,-81.545528,251,4,,,,,,,,,,83.82,,,,,145.543,,,,,208.705,,,,,246.834,,,
133,76821213010478,2006,31.688819,-81.946018,305,4,,,,,,,,,,246.013,,,,,278.28,,,,,302.467,,,,,291.344,,,
134,76821103010478,2006,31.622078,-81.989433,305,4,,,,,,,,,,424.827,,,,,445.182,,,,,405.575,,,,,436.32,,,
137,76819537010478,2006,33.026145,-82.61093,303,4,,,,,,,,,,16.609,,,,,21.781,,,,,23.723,,,,,35.452,,,
1,61084971010478,1998,32.960751,-83.193044,319,3,,22.067,,,,,,,,,,,,,,51.725,,,,,77.757,,,,,,,
1,61290517010478,2001,33.333211,-85.181862,149,3,,,,,33.503,,,,,62.373,,,,,72.116,,,,,,,,,,,,,
1,61447561010478,2002,31.768101,-83.059292,17,3,,,,,,226.828,,,,,230.398,,,,,,,,,,102.107,,,,,,,
1,259082292010854,2012,33.517675,-84.47634,113,3,,,,,,,,,,,,,,,,52.381,,,,,88.537,,,,,33.882,,
1,61534193010478,2000,31.660824,-82.026422,305,3,,,,51.323,,,,,77.479,,,,,130.796,,,,,,,,,,,,,,
1,76720705010478,2006,31.961239,-84.373456,261,3,,,,,,,,,,16.865,,,,,26.306,,,,,,,,,,26.133,,,
1,61273198010478,2001,31.167497,-82.866657,65,3,,,,,66.37,,,,,84.331,,,,,,,,,,,,,,,53.966,,,
1,61495731010478,2001,32.094468,-84.736278,259,3,,,,,68.21,,,,,118.432,,,,,196.885,,,,,,,,,,,,,
1,61504965010478,2001,32.868019,-82.837391,303,3,,,,,23.271,,,,,87.139,,,,,,,,,,149.639,,,,,,,,
1,61244064010478,1998,31.015515,-81.899873,39,3,,15.74,,,,,,,,,97.933,,,,,,,,,,203.754,,,,,,,
1,176549503010854,2010,31.890694,-84.688832,243,3,,,,,,,,,,,,,,13.929,,,,,58.171,,,,,96.21,,,,
1,123919784010478,2007,32.350748,-82.416868,209,3,,,,,,,,,,,20.089,,,,,82.601,,,,,148.325,,,,,,,
1,61467793010478,2002,31.578491,-84.029941,95,3,,,,,,59.648,,,,,64.591,,,,,84.866,,,,,,,,,,,,
1,56932405010478,1997,31.665938,-83.656181,287,3,29.055,,,,,,115.615,,,,,,,,,,,,,,,,,,,,66.606,
1,56755640010478,1997,33.273976,-82.565355,125,3,140.281,,,,,,,,,,,,182.123,,,,,,,,,,179.828,,,,,
1,153846977010854,2009,32.645476,-82.831609,175,3,,,,,,,,,,,,,22.357,,,,,37.306,,,,,,,,,,15.754
1,176549187010854,2010,34.138343,-83.692292,157,3,,,,,,,,,,,,,,103.071,,,,,141.097,,,,,174.692,,,,
1,56674018010478,1997,33.174913,-84.126542,171,3,17.458,,,,,,,,,,,,,,,,15.647,,,,,20.24,,,,,,
1,153847505010854,2009,31.996421,-82.589076,309,3,,,,,,,,,,,,,29.646,,,,,44.63,,,,,63.973,,,,,
1,153846471010854,2009,30.470243,-82.062782,49,3,,,,,,,,,,,,,47.755,,,,,101.005,,,,,149.571,,,,,
2,56915306010478,1997,31.998628,-83.302864,315,3,74.533,,,,,,,,,90.4,,,,,,,,,,,,,,,95.401,,,
2,61475356010478,2002,34.598308,-84.973921,129,3,,,,,,14.681,,,,,28.902,,,,,61.283,,,,,,,,,,,,
2,61131550010478,1998,31.315477,-84.904009,99,3,,75.866,,,,,,,,,,,,,,,,,,52.974,,,,,83.664,,,
2,56736718010478,1997,32.469942,-83.556984,153,3,98.526,,,,,,,,,,,,,,4.253,,,,,22.588,,,,,,,,
2,61493626010478,2001,32.166697,-84.417295,249,3,,,,,107.671,,,,,,,,,,,,,,,84.924,,,,,160.649,,,
2,61500066010478,2001,30.679567,-84.072211,275,3,,,,,179.042,,,,,,,,,,,,,,,129.435,,,,,141.372,,,
2,259082603010854,2012,34.510454,-83.156828,257,3,,,,,,,,,,,,,,,,89.25,,,,,135.715,,,,,144.884,,
2,56966536010478,1997,32.700897,-84.232121,269,3,66.598,,,,122.222,,,,,,,,,,,,,,,46.446,,,,,,,,
2,176549361010854,2010,33.150008,-84.819434,199,3,,,,,,,,,,,,,,4.241,,,,,24.722,,,,,46.262,,,,
2,56818411010478,1997,32.718837,-84.028464,79,3,77.648,,,,,,,,,,,,,,,140.714,,,,,206.947,,,,,,,
2,61539489010478,2001,31.464701,-82.343099,5,3,,,,,26.944,,,,,50.184,,,,,64.555,,,,,,,,,,,,,
2,76407340010478,2005,31.147464,-81.73533,39,3,,,,,,,,,34.502,,,,,112.409,,,,,,,,,,121.913,,,,
2,43265961020004,2013,33.464775,-82.210156,73,3,,,,,,,,,,,,,,,,,2.963,,,,,6.462,,,,,43.498,
2,56907137010478,1997,32.067945,-82.748484,309,3,131.031,,,,,,,,175.09,,,,,206.571,,,,,,,,,,,,,,
2,76331553010478,2005,32.209942,-84.734712,259,3,,,,,,,,,46.0,,,,,132.25,,,,,,,,,,149.804,,,,
2,61162575010478,1999,31.566624,-84.572574,37,3,,,26.65,,,,,,,,,,,,,,48.37,,,,,,,,,,10.159,
2,61415818010478,2003,31.771925,-82.329743,1,3,,,,,,,90.829,,,,,,,,,,,,,,,1.406,,,,,6.854,
2,61183408010478,1999,31.247638,-83.357991,75,3,,,94.982,,,,,,,,,,101.734,,,,,,,,,,37.161,,,,,
2,43265222020004,2013,32.692926,-84.497697,263,3,,,,,,,,,,,,,,,,,83.433,,,,,92.694,,,,,110.633,
3,236496079010854,2011,33.563579,-84.014376,247,3,,,,,,,,,,,,,,,22.899,,,,,33.197,,,,,33.27,,,
3,236497645010854,2011,30.676875,-82.071813,49,3,,,,,,,,,,,,,,,16.541,,,,,48.756,,,,,71.048,,,
3,61597635010478,2000,33.205253,-81.831429,33,3,,,,178.033,,,,,214.519,,,,,253.649,,,,,,,,,,,,,,
3,61446008010478,2002,31.415239,-84.543588,7,3,,,,,,56.608,,,,,,,,,,98.61,,,,,143.9,,,,,,,
3,61060551010478,1999,32.771471,-82.536078,167,3,,,83.585,,,,,,,,,,,,91.727,,,,,,,,,,113.115,,,
3,56884150010478,1997,32.47539,-83.390603,23,3,7.791,,,,,,,,,,,3.618,,,,,8.15,,,,,,,,,,,
3,61442485010478,2003,32.53383,-82.295099,107,3,,,,,,,7.241,,,,,28.882,,,,,45.493,,,,,,,,,,,
3,56969332010478,1997,32.059503,-82.866526,271,3,1.295,,,,,,,,33.384,,,,,,,,,,,,,,,49.458,,,,
3,56849374010478,1997,33.411979,-84.364621,63,3,73.52,72.718,,,,,,,,,115.211,,,,,,,,,,,,,,,,,
3,56971020010478,1997,31.846319,-84.513831,273,3,36.026,,,,,,,,,,,,82.278,,,,,,,,,,68.82,,,,,
3,61142532010478,1998,31.21648,-81.613987,127,3,,24.653,,,,,,,,,,,,,,,,178.609,,,,,,,,,,148.656
3,61359356010478,2004,33.612001,-84.944725,45,3,,,,,,,,99.486,,,,,120.879,,,,,152.263,,,,,,,,,,
3,56855059010478,1997,30.811919,-82.526892,65,3,94.142,,,,,,,,,,,,29.199,,,,,59.034,,,,,,,,,,
3,43265741020004,2013,32.509092,-81.250921,103,3,,,,,,,,,,,,,,,,,127.045,,,,,173.646,,,,,249.268,
3,61235952010478,1998,34.340948,-84.99237,15,3,,1.108,,,,,,,,,,,19.534,,,,,37.703,,,,,,,,,,
3,61051193010478,1999,32.861189,-85.133361,145,3,,,72.46,,,,,,105.311,,,,,127.72,,,,,,,,,,,,,,
3,153846966010854,2009,30.954315,-83.032341,173,3,,,,,,,,,,,,,5.688,,,,,8.942,,,,,20.805,,,,,
3,61588587010478,1999,32.967124,-83.147015,319,3,,,226.565,,,,,,248.776,,,,,,,,,258.857,,,,,,,,,,
3,153846320010854,2009,34.429988,-83.423395,11,3,,,,,,,,,,,,,76.987,,,,,94.513,,,,,,,,,,47.739
4,61590705010478,2000,31.692829,-82.269439,1,3,,,,137.238,,,,,,,,,,5.888,,,,,77.98,,,,,,,,,
4,61561687010478,2000,32.379172,-83.784512,153,3,,,,39.673,,,,,,,,,,36.708,,,,,73.996,,,,,,,,,
4,56780941010478,1997,31.222745,-85.090759,99,3,182.659,,197.863,,,,,,,204.407,,,,,,,,,,,,,,,,,,
4,56578513010478,1997,33.298393,-83.240065,237,3,83.085,,107.505,,,,,,,,,,,,,,,,,,75.055,,,,,,,
4,61582934010478,1999,31.602947,-81.919154,305,3,,,30.585,,,,,,,81.911,,,,,,,,,,103.284,,,,,,,,
4,61291628010478,2001,34.161526,-83.620729,157,3,,,,,58.195,,,,,70.749,,,,,,,,,,76.191,,,,,,,,
4,61562222010478,2000,31.504265,-83.374373,155,3,,,,98.977,,,,,110.178,,,,,,,,,,146.662,,,,,,,,,
4,76407277010478,2005,31.510799,-84.70175,37,3,,,,,,,,,24.868,,,,,62.301,,,,,,,,,,49.071,,,,
4,123939633010478,2007,30.94325,-83.946385,275,3,,,,,,,,,,,37.553,,,,,,,,,,48.179,,,,,58.173,,
4,56723178010478,1997,33.830947,-85.260036,143,3,28.814,,50.764,,,,,,,,,,,,,,,,,,,,,,,82.693,,
4,61545064010478,2000,31.276638,-83.765366,71,3,,,,35.009,,,,,,,,,,34.148,,,,,20.113,,,,,,,,,
4,144492558010478,2008,31.29003,-82.347378,229,3,,,,,,,,,,,,46.141,,,,,,,,,,42.379,,,,,63.516,
4,153847399010854,2009,32.649996,-83.423504,289,3,,,,,,,,,,,,,57.736,,,,,102.979,,,,,156.144,,,,,
4,56625834010478,1997,30.960285,-83.651845,27,3,49.846,,,,,,,,,,,,,,,,,67.367,,,,,91.223,,,,,
4,56650407010478,1997,32.351823,-82.085897,43,3,83.999,,,,,,92.731,,,,,111.709,,,,,,,,,,,,,,,,
4,43265644020004,2013,32.951973,-83.349162,9,3,,,,,,,,,,,,,,,,,17.148,,,,,51.268,,,,,95.459,
4,61363695010478,2004,30.946491,-82.607096,65,3,,,,,,,,117.671,,,,,,,,,,,,,,,57.548,,,,,110.499
4,61329235010478,2004,31.846698,-81.955175,267,3,,,,,,,,117.0,,,,,,,,,,,,,,,74.145,,,,,126.669
4,56814477010478,1997,33.318365,-84.533119,77,3,75.581,,,,,,,129.429,,,,,75.748,,,,,,,,,,,,,,,
4,61403705010478,2003,33.547608,-82.778414,265,3,,,,,,,50.926,,,,,,,,,,142.431,,,,,,,,,,203.335,
4,61366005010478,2004,33.579373,-82.294211,73,3,,,,,,,,148.772,,,,,,,,,,,,,,,118.336,,,,,124.474
5,56908704010478,1997,32.257165,-82.719846,309,3,50.82,,,,,,,,,,,,,,,32.302,,,,,120.389,,,,,,,
5,61289240010478,2001,33.722431,-85.346915,143,3,,,,,24.864,,,,,86.628,,,,,,,,,,142.331,,,,,,,,
5,56905559010478,1997,32.057673,-84.499637,307,3,105.516,,,,,,,,,,,,,,,,,,,,78.735,,,,,130.794,,
5,61488391010478,2001,32.414439,-84.929001,215,3,,,,,89.528,,,,,117.82,,,,,,,,,,139.619,,,,,,,,
5,236497755010854,2011,31.457107,-81.596456,191,3,,,,,,,,,,,,,,,21.997,,,,,52.949,,,,,88.131,,,
5,76375391010478,2005,32.749234,-82.612122,167,3,,,,,,,,,10.545,,,,,37.943,,,,,,,,,,123.823,,,,
5,56872855010478,1997,31.665771,-82.227834,1,3,95.85,,109.757,,,,,,,,,,,,,149.617,,,,,,,,,,,,
5,56927618010478,1997,32.483829,-82.511639,283,3,36.046,,64.514,,,,,,,122.025,,,,,,,,,,,,,,,,,,
5,61461729010478,2002,31.223058,-83.694154,71,3,,,,,,27.112,,,,,41.095,,,,,43.928,,,,,,,,,,,,
5,76348366010478,2005,33.460414,-82.76379,301,3,,,,,,,,,48.574,,,,,,,,,,74.888,,,,,102.658,,,,
5,144494667010478,2008,33.321811,-83.163173,237,3,,,,,,,,,,,,174.727,,,,,237.521,,,,,288.462,,,,,,
5,56949342010478,1997,34.507066,-83.281651,257,3,41.184,,47.508,,,,,,,,,,,,,,,35.758,,,,,,,,,,
5,56620101010478,1997,34.051289,-83.336901,195,3,23.754,41.232,,,,,,,,,,,150.58,,,,,,,,,,,,,,,
5,153847396010854,2009,31.655979,-83.528664,287,3,,,,,,,,,,,,,8.463,,,,,31.435,,,,,,,,,,4.525
5,144510009010478,2008,32.694097,-83.456978,289,3,,,,,,,,,,,,135.246,,,,,181.029,,,,,253.548,,,,,,
5,56961757010478,1997,33.584543,-82.742539,265,3,47.368,,,,,,,,,,,,,,,,,,,,,,63.956,,,,,139.695
5,56775031010478,1997,31.981125,-83.2571,91,3,50.015,,,,,,181.242,,,,,,,,,,,,,,,228.12,,,,,,
5,61395415010478,2003,33.970104,-83.108397,221,3,,,,,,,69.836,,,,,88.785,,,,,109.034,,,,,,,,,,,
5,61313779010478,2004,32.340358,-84.567685,197,3,,,,,,,,83.132,,,,,98.394,,,,,,,,,,,,,,,15.281
6,123938911010478,2007,31.977938,-83.020518,271,3,,,,,,,,,,,10.781,,,,,59.319,,,,,,,,,,36.489,,
6,56748282010478,1997,34.467427,-83.271406,119,3,139.538,141.938,,,,,,,168.296,,,,,,,,,,,,,,,,,,,
6,76951579010478,2006,32.006084,-82.280729,279,3,,,,,,,,,,42.554,,,,,67.511,,,,,105.282,,,,,,,,
6,56621907010478,1997,34.052347,-83.044568,195,3,94.361,,135.331,,,,,,,,,,,,,,,,,,148.91,,,,,,,
6,56846006010478,1997,34.131256,-84.420305,57,3,105.705,,,,,127.566,,,,,143.768,,,,,,,,,,,,,,,,,
6,56882578010478,1997,31.227389,-83.228389,19,3,12.935,,,,,72.918,,,,,,,,,,,,,,,,,,,,116.562,,
6,61168213010478,1999,32.306153,-84.757712,53,3,,,90.883,,,,,,145.153,,,,,165.563,,,,,,,,,,,,,,
6,43265643020004,2013,33.027023,-83.328195,9,3,,,,,,,,,,,,,,,,,12.723,,,,,34.035,,,,,54.36,
6,216219066020004,2014,32.088569,-84.517374,307,3,,,,,,,,,,,,,,,,,,74.821,,,,,99.579,,,,,116.365
6,61057692010478,1999,31.914494,-82.644112,161,3,,,5.93,,,,,,89.104,,,,,,,,,,,,,,,152.068,,,,
6,56875222010478,1997,31.514891,-82.193,1,3,209.633,214.998,,,,,,,,,,,,,,,,,,,,,,229.57,,,,
6,61547380010478,2000,31.027659,-84.715012,87,3,,,,80.657,,,,,111.153,,,,,,,,,,46.116,,,,,,,,,
6,61345593010478,2003,32.853176,-82.796721,303,3,,,,,,,187.364,,,,,202.652,,,,,,,,,,,,,,,105.981,
6,61438127010478,2003,32.253371,-83.179783,91,3,,,,,,,85.462,,,,,,,,,,,,,,,5.557,,,,,41.781,
6,144465236010478,2008,33.473459,-83.136104,133,3,,,,,,,,,,,,71.365,,,,,,,,,,5.923,,,,,88.656,
6,61322862010478,2004,31.869249,-84.886333,243,3,,,,,,,,88.299,,,,,104.312,,,,,,,,,,,,,,,149.623
7,56891503010478,1997,31.044713,-82.330958,299,3,12.63,27.589,,,,,,,,,,,,,,,,,,,11.815,,,,,,,
7,61517138010478,2000,34.468581,-84.460647,227,3,,,,90.496,,,,,,,,,,,,,,,23.378,,,,,57.66,,,,
7,56722354010478,1997,33.367095,-83.034978,141,3,102.943,116.056,,,,,,,,,,,,,,,,,,,,,,,,89.835,,
7,76812690010478,2006,30.913024,-84.60661,87,3,,,,,,,,,,1.318,,,,,,,,,,0.276,,,,,0.645,,,
7,56787270010478,1997,30.704244,-83.044875,101,3,76.181,,,129.534,,,,,,,,,,,,,,,26.856,,,,,,,,,
7,56938398010478,1997,32.817052,-84.355992,293,3,140.491,,,,,,,,164.033,,,,,198.949,,,,,,,,,,,,,,
7,56579784010478,1997,31.84546,-85.075187,239,3,144.882,155.137,,,,,,,,,,,,,,,,,,,,,,,,,174.127,
7,43266022020004,2013,31.741802,-81.416676,179,3,,,,,,,,,,,,,,,,,61.935,,,,,66.33,,,,,73.14,
7,43266079020004,2013,31.387741,-83.495597,277,3,,,,,,,,,,,,,,,,,2.428,,,,,7.379,,,,,14.516,
7,61586876010478,1999,33.891828,-82.752065,317,3,,,28.839,,,,,,,,,,,,,,,147.179,,,,,,,,,,244.756
7,61358979010478,2004,32.394695,-82.015972,43,3,,,,,,,,149.661,,,,,,,,,,,,,,,147.662,,,,,206.501
8,56969375010478,1997,32.043652,-82.814043,271,3,37.975,,,,,,,,,,,,,,,,,,,,3.135,,,,,16.319,,
8,76791122010478,2006,31.242765,-83.743517,71,3,,,,,,,,,,88.499,,,,,133.328,,,,,,,,,,133.482,,,
8,61601303010478,2000,30.436022,-82.179771,49,3,,,,29.411,,,,,33.217,,,,,,,,,,,,,,,39.53,,,,
8,76703778010478,2006,32.257258,-82.623779,209,3,,,,,,,,,,67.43,,,,,,,,,,21.683,,,,,58.665,,,
8,144501054010478,2008,32.224755,-84.782871,259,3,,,,,,,,,,,,42.255,,,,,73.933,,,,,,,,,,118.96,
8,61542417010478,2000,31.118905,-82.808236,65,3,,,,6.803,,,,,17.22,,,,,,,,,,,,,,,11.188,,,,
8,61056726010478,1999,34.140597,-83.563404,157,3,,,84.693,,,,,,122.127,,,,,,,,166.116,,,,,,,,,,,
8,56891217010478,1997,31.121943,-82.374528,299,3,118.767,121.111,,,,,,,,,,,,,,,,,13.496,,,,,,,,,
8,61436503010478,2003,32.000102,-83.684311,81,3,,,,,,,112.815,,,,,,,,,,70.2,,,,,,,,,,18.007,
8,144444897010478,2008,31.523903,-81.963691,305,3,,,,,,,,,,,,68.163,,,,,127.459,,,,,,,,,,38.91,
8,56678376010478,1997,32.485438,-82.897296,175,3,81.66,,,,,,,,,,,,,,,,,,,,,,60.336,,,,,62.999
8,61182957010478,1999,33.520432,-82.358913,73,3,,,152.675,,,,,,,,,,210.832,,,,,,,,,,107.008,,,,,
8,61368788010478,2004,31.011732,-84.494423,87,3,,,,,,,,2.99,,,,,39.36,,,,,,,,,,64.361,,,,,
8,61116947010478,2002,31.970464,-85.036258,239,3,,,,,,58.547,,,,,89.385,,,,,,,130.026,,,,,,,,,,
9,61044213010478,1999,31.252447,-81.549045,127,3,,,121.66,,,,,,,,,,,13.616,,,,,56.86,,,,,,,,,
9,61511274010478,2002,31.266618,-82.817679,3,3,,,,,,27.722,,,,,39.544,,,,,67.892,,,,,,,,,,,,
9,56586367010478,1997,31.719373,-84.763887,243,3,14.594,,,,,,,,,75.55,,,,,,,,,,45.652,,,,,,,,
9,29111308010478,2005,32.039343,-84.276336,261,3,,,,,,,,,56.881,,,,,,102.691,,,,,,,,,,112.9,,,
9,61622239010478,1999,33.281403,-81.863496,245,3,,,65.236,,,,,,,,,,,,,,,,,,120.003,,,,,181.004,,
9,236495617010854,2011,34.964841,-84.238514,111,3,,,,,,,,,,,,,,,60.542,,,,,67.867,,,,,71.25,,,
9,236496377010854,2011,31.72341,-84.164759,177,3,,,,,,,,,,,,,,,9.542,,,,,61.518,,,,,129.274,,,
9,259082550010854,2012,31.324861,-84.413564,7,3,,,,,,,,,,,,,,,,27.146,,,,,31.853,,,,,42.644,,
9,61055311010478,1999,31.56217,-83.109852,155,3,,,1.172,,,,,,,7.52,,,,,18.246,,,,,,,,,,,,,
9,61385324010478,2003,32.603337,-82.707792,175,3,,,,,,,111.241,,,,,,,,,,133.539,,,,,,,,,,17.695,
9,56668122010478,1997,32.725843,-82.736085,167,3,60.328,82.407,,,,,,,,,,,,,,,,,,,,93.966,,,,,,
9,61615126010478,1999,33.884709,-82.914177,221,3,,,0.934,,,,,,,,,,70.577,,,,,126.47,,,,,,,,,,
9,61387154010478,2003,31.816284,-81.837951,183,3,,,,,,,145.631,,,,,145.993,,,,,,,,,,169.817,,,,,,
9,61548542010478,2000,32.292964,-83.074771,91,3,,,,90.021,,,,,127.715,,,,,224.051,,,,,,,,,,,,,,
9,153847275010854,2009,33.193018,-84.245029,255,3,,,,,,,,,,,,,188.555,,,,,220.614,,,,,,,,,,275.25
9,153846459010854,2009,34.890143,-85.086276,47,3,,,,,,,,,,,,,21.691,,,,,107.644,,,,,,,,,,157.554
9,144543233010478,2008,31.611268,-84.307396,95,3,,,,,,,,,,,,30.988,,,,,34.645,,,,,49.533,,,,,,
9,61301618010478,2004,33.393732,-85.207671,149,3,,,,,,,,42.994,,,,,107.453,,,,,,,,,,158.372,,,,,
9,216219537020004,2014,33.198721,-84.096714,171,3,,,,,,,,,,,,,,,,,,14.902,,,,,76.191,,,,,153.243
10,61104196010478,2002,32.434927,-82.959294,175,3,,,,,,39.054,,,,,63.093,,,,,96.396,,,,,,,,,,,,
10,61262830010478,2001,32.722957,-83.630891,21,3,,,,,91.252,,,,,,,,,,,,,,,19.475,,,,,45.286,,,
10,56619222010478,1997,32.485823,-84.002227,193,3,273.775,,295.068,,,,,,,328.603,,,,,,,,,,,,,,,,,,
10,56895845010478,1997,33.046311,-83.042992,303,3,53.638,63.346,,,,,,,,,,,,,,,,,,,,,,84.645,,,,
10,61532451010478,2000,33.329632,-82.595602,301,3,,,,71.645,,,,,123.562,,,,,,,,,,,,,,,68.135,,,,
10,61188465010478,1999,32.214154,-83.250071,91,3,,,101.809,,,,,,,,,,,163.623,,,,,,,,,,11.304,,,,
10,43265835020004,2013,32.700915,-82.236198,107,3,,,,,,,,,,,,,,,,,35.322,,,,,56.554,,,,,84.594,
10,76383904010478,2005,33.532743,-82.450013,189,3,,,,,,,,,12.432,,,,,69.58,,,,,101.851,,,,,,,,,
10,61401263010478,2003,32.159997,-84.97837,259,3,,,,,,,65.727,,,,,106.149,,,,,141.707,,,,,,,,,,,
10,61207519010478,1998,34.148545,-83.320163,195,3,,43.062,,,,,,,,,,,64.71,,,,,60.715,,,,,,,,,,
10,61407810010478,2003,32.448598,-82.689877,283,3,,,,,,,94.596,,,,,,,,,,104.782,,,,,,,,,,23.041,
10,153847364010854,2009,32.185575,-82.426503,279,3,,,,,,,,,,,,,125.749,,,,,142.115,,,,,,,,,,7.169
10,144484687010478,2008,33.08278,-84.750777,199,3,,,,,,,,,,,,12.114,,,,,,,,,,37.318,,,,,81.119,
10,76414348010478,2005,31.72,-85.05,61,3,,,,,,,,,157.249,,,,,,,,,,,,,,208.284,,,,,65.157
10,61203882010478,1998,31.779858,-81.707164,183,3,,5.277,,,,,,,,,,,,,,,,,,,,,42.155,,,,,62.131
11,61208726010478,1998,33.038454,-84.702518,199,3,,11.502,,,,,,,,66.927,,,,,,,,,,,,,,,18.512,,,
11,61197553010478,1998,32.289035,-82.761509,175,3,,146.871,,,,,,,,,,,,10.631,,,,,69.234,,,,,,,,,
11,61539261010478,2001,31.498981,-82.442301,5,3,,,,,108.603,,,,,188.362,,,,,,,,,,,,,,,87.512,,,
11,61187146010478,1999,30.807133,-84.645139,87,3,,,131.027,,,,,,,,,,,107.937,,,,,144.468,,,,,,,,,
11,56590848010478,1997,32.702254,-81.836313,251,3,207.196,,,,,,,,,19.216,,,,,88.369,,,,,,,,,,,,,
11,56922688010478,1997,32.031854,-82.367712,279,3,30.643,,,,83.565,,,,,,,,,,103.081,,,,,,,,,,,,,
11,76792353010478,2006,31.695081,-82.414224,1,3,,,,,,,,,,34.084,,,,,82.959,,,,,110.302,,,,,,,,
11,56863971010478,1997,34.382089,-83.393575,11,3,65.348,,,,,,,,,,,,,,,,,,,,29.079,,,,,98.139,,
11,56662456010478,1997,33.002708,-82.361933,163,3,39.517,,,97.815,,,,,143.089,,,,,,,,,,,,,,,,,,,
11,61293640010478,2001,32.734161,-82.831169,167,3,,,,,131.428,,,,,127.995,,,,,,,,,,,,,,,8.437,,,
11,61270372010478,2001,34.480159,-85.491506,55,3,,,,,28.565,,,,,32.229,,,,,28.004,,,,,,,,,,,,,
11,61511175010478,2002,31.202896,-82.989908,3,3,,,,,,104.161,,,,,,,,,,31.801,,,,,69.019,,,,,,,
11,56690429010478,1997,33.109132,-84.03627,207,3,79.356,,,,,,,,,,88.688,,,,,,,,,,,,,,,84.159,,
11,56766905010478,1997,32.757404,-83.205569,319,3,85.574,,,110.058,,,,,,,,,,,,,,,,,,,,13.915,,,,
11,76789472010478,2006,30.661378,-82.44148,65,3,,,,,,,,,,8.397,,,,,,,11.007,,,,,,,,,,15.494,
11,61396374010478,2003,31.446204,-82.273431,229,3,,,,,,,77.818,,,,,74.642,,,,,,,,,,,,,,,18.18,
11,144543192010478,2008,31.443276,-84.187731,95,3,,,,,,,,,,,,46.604,,,,,,,,,,33.876,,,,,43.51,
12,61406869010478,2003,32.15645,-82.420576,279,3,,,,,,,59.675,,,,,,,39.189,,,,,85.794,,,,,,,,,
12,56575312010478,1997,34.059705,-85.093851,233,3,2.924,4.7,,,,,,,45.859,,,,,,,,,,,,,,,,,,,
12,176549564010854,2010,32.029693,-84.051042,261,3,,,,,,,,,,,,,,1.425,,,,,16.95,,,,,34.639,,,,
12,61273579010478,2001,30.632438,-82.528105,65,3,,,,,130.619,,,,,,,,,,24.094,,,,,52.57,,,,,,,,
12,61571518010478,1999,30.815045,-83.793113,275,3,,,134.672,,,,,,,,,,,,,,,,176.376,,,,,231.194,,,,
12,61454685010478,2002,30.957674,-81.933275,49,3,,,,,,30.304,,,,,41.221,,,,,,,,,,,,,,,36.676,,
12,61074518010478,1998,32.83434,-84.167177,293,3,,6.691,,,,,,,,,115.498,,,,,,,,,,196.81,,,,,,,
12,236496643010854,2011,32.932246,-83.517272,169,3,,,,,,,,,,,,,,,22.433,,,,,32.65,,,,,39.084,,,
12,61133354010478,1998,30.778329,-82.831804,101,3,,70.091,,,,,,,,,,92.3,,,,,,,,,,,,,,,111.255,
12,61520793010478,2000,32.749447,-81.694596,251,3,,,,105.825,,,,,175.332,,,,,,,,,,147.961,,,,,,,,,
12,56657889010478,1997,33.174296,-83.6427,159,3,76.244,,,,,,,,120.849,,,,,,,,,,,,,,,101.6,,,,
12,144500983010478,2008,32.146206,-84.65526,259,3,,,,,,,,,,,,28.509,,,,,,,,,,28.181,,,,,44.774,
12,61234200010478,1998,32.68319,-84.299178,269,3,,63.093,,,,,,,,,,,,,,,,,,,,31.135,,,,,72.225,
12,61352967010478,2004,34.258942,-84.716611,15,3,,,,,,,,63.44,,,,,,,,,,79.336,,,,,,,,,,114.859
12,56681689010478,1997,32.325202,-84.444464,197,3,128.283,,131.223,,,,,,,,,,,,,,,,,,,,80.721,,,,,
12,61346620010478,2003,31.757915,-82.031855,305,3,,,,,,,131.088,,,,,,,,,,9.507,,,,,,,,,,127.759,
12,56921932010478,1997,31.456557,-83.438429,277,3,73.163,,,,,,,,,,,,,,,,,140.395,,,,,183.857,,,,,
12,153846415010854,2009,33.269825,-84.071433,35,3,,,,,,,,,,,,,3.616,,,,,14.407,,,,,21.302,,,,,
12,61189339010478,1999,32.081988,-83.247638,91,3,,,1.82,,,,,,,,,,,46.87,,,,,,,,,,8.33,,,,
12,56579067010478,1997,33.259982,-83.457142,237,3,78.332,,,,,,,,,,,,,,,,,39.452,,,,,,,,,,147.828
12,216219263020004,2014,34.418035,-85.276476,55,3,,,,,,,,,,,,,,,,,,48.238,,,,,66.359,,,,,103.23
12,61397638010478,2003,32.236817,-83.455613,235,3,,,,,,,42.675,,,,,89.386,,,,,,,,,,130.785,,,,,,
13,61446356010478,2002,32.975004,-83.342386,9,3,,,,,,68.598,,,,,,,,,,164.633,,,,,,,,,,61.309,,
13,61263339010478,2001,31.011601,-82.106675,25,3,,,,,33.936,,,,,69.021,,,,,,,,,,,,,,,75.621,,,
13,61500296010478,2001,30.762456,-83.927666,275,3,,,,,85.046,,,,,,,,,,85.908,,,,,106.514,,,,,,,,
13,61491497010478,2001,31.91168,-84.972972,239,3,,,,,57.691,,,,,111.489,,,,,173.402,,,,,,,,,,,,,
13,236496799010854,2011,33.72648,-82.921949,317,3,,,,,,,,,,,,,,,76.734,,,,,128.356,,,,,192.098,,,
13,56961886010478,1997,33.643489,-82.964771,265,3,47.522,,67.035,,,,,,,,,,,,88.875,,,,,,,,,,,,,
13,56732783010478,1997,33.481554,-84.221874,151,3,149.042,,,,,,,,,193.01,,,,,230.132,,,,,,,,,,,,,
13,61538545010478,2001,31.763956,-82.382175,1,3,,,,,8.112,,,,,47.885,,,,,,,,,,,,,,,161.236,,,
13,76383603010478,2005,33.525116,-82.565999,189,3,,,,,,,,,9.378,,,,,54.616,,,,,120.028,,,,,,,,,
13,56667918010478,1997,32.719475,-82.676498,167,3,62.838,,83.007,,,,,,,115.573,,,,,,,,,,,,,,,,,,
13,76763943010478,2006,31.786147,-82.520749,161,3,,,,,,,,,,3.21,,,,,14.162,,,,,,,,,,17.343,,,
13,61470824010478,2002,32.626106,-82.089836,107,3,,,,,,51.432,,,,,70.036,,,,,,,,,,62.689,,,,,,,
13,259082885010854,2012,30.786708,-83.576826,27,3,,,,,,,,,,,,,,,,10.578,,,,,89.086,,,,,121.068,,
13,61237555010478,1998,32.462886,-83.442327,23,3,,323.604,,,,,,,256.485,,,,,305.462,,,,,,,,,,,,,,
13,56589309010478,1997,33.637216,-83.951394,247,3,124.855,,,,,,,,,,,127.082,,,,,133.689,,,,,,,,,,,
13,153847137010854,2009,33.578157,-83.491816,211,3,,,,,,,,,,,,,272.638,,,,,141.442,,,,,180.501,,,,,
13,216219416020004,2014,32.164671,-84.487845,197,3,,,,,,,,,,,,,,,,,,72.29,,,,,113.001,,,,,128.512
13,56602103010478,1997,33.838459,-82.547396,181,3,156.869,,,,,,,,,,,,,,,,141.98,,,,,177.885,,,,,,
13,56838855010478,1997,32.399566,-84.833168,53,3,53.472,,,,,,,,,,,,30.949,,,,,35.584,,,,,,,,,,
13,61573556010478,1999,32.972238,-85.039654,285,3,,,43.017,,,,,,,,,,,,,,191.876,,,,,298.171,,,,,,
13,43265874020004,2013,32.155461,-81.989811,109,3,,,,,,,,,,,,,,,,,8.11,,,,,15.156,,,,,20.151,
13,56691642010478,1997,33.105677,-83.813754,207,3,80.098,,,,,,,,,,,,158.906,,,,,,,,,,,,,,,92.133
13,61514801010478,2000,32.209142,-82.51093,209,3,,,,108.959,,,,,,,,,,,,,,,152.152,,,,,162.959,,,,
13,61537744010478,2000,32.680344,-83.231444,319,3,,,,86.259,,,,,,,,,,73.616,,,,,,,,,,53.932,,,,
14,76401000010478,2005,31.267431,-81.841916,25,3,,,,,,,,,44.756,,,,,,,,,,48.478,,,,,76.218,,,,
14,61524863010478,2000,32.046888,-82.000376,267,3,,,,48.147,,,,,73.507,,,,,,,,,,,,,,,28.194,,,,
14,123961132010478,2007,33.287139,-82.9194,141,3,,,,,,,,,,,18.396,,,,,34.263,,,,,,,,,,52.555,,
14,61080271010478,1998,31.625168,-81.963383,305,3,,13.213,,,,,,,,,80.85,,,,,,,,,,,,,,,30.16,,
14,236496697010854,2011,30.772201,-84.060795,275,3,,,,,,,,,,,,,,,23.441,,,,,38.526,,,,,48.485,,,
14,176548910010854,2010,33.708237,-84.340882,89,3,,,,,,,,,,,,,,26.003,,,,,54.123,,,,,56.602,,,,
14,76358852010478,2005,33.592048,-84.791375,121,3,,,,,,,,,55.659,,,,,,,,,,68.424,,,,,100.794,,,,
14,43265967020004,2013,33.399388,-81.948651,245,3,,,,,,,,,,,,,,,,,2.481,,,,,14.569,,,,,24.764,
14,61310683010478,2004,30.709108,-83.399637,185,3,,,,,,,,44.678,,,,,57.182,,,,,95.784,,,,,,,,,,
14,61320382010478,2004,31.35037,-82.070888,229,3,,,,,,,,23.179,,,,,45.985,,,,,,,,,,,,,,,32.939
14,56812994010478,1997,33.229526,-84.854421,77,3,109.732,,,,,,,,,,,,,,,,,,,,,48.107,,,,,56.931,
14,56617054010478,1997,31.61864,-81.434175,191,3,118.359,,,,,,,,,,,,49.307,,,,,125.798,,,,,,,,,,
14,56800385010478,1997,32.175962,-81.791343,109,3,61.723,,,,,,,,,,,,,,,,,95.488,,,,,,,,,,143.004
14,61357244010478,2004,33.272446,-83.911721,35,3,,,,,,,,99.351,,,,,,,,,,67.948,,,,,101.953,,,,,
14,153847087010854,2009,32.416337,-84.537787,197,3,,,,,,,,,,,,,66.497,,,,,98.432,,,,,,,,,,113.605
15,56767395010478,1997,32.725151,-83.128295,319,3,145.571,,,,,160.704,,,,,,,,,,,,,,,45.409,,,,,,,
15,56676351010478,1997,32.589052,-83.205054,175,3,31.197,,,,,,,,,,90.886,,,,,,,,,,,,,,,24.07,,
15,61132282010478,1998,30.783532,-82.998446,101,3,,93.562,,,,,,,,,,,,,,111.201,,,,,,,,,,122.498,,
15,123961264010478,2007,33.283778,-83.12845,141,3,,,,,,,,,,,6.177,,,,,56.533,,,,,108.841,,,,,,,
15,56913195010478,1997,31.915885,-83.324716,315,3,5.163,,,,,18.024,,,,,,,,,,15.146,,,,,,,,,,,,
15,56643031010478,1997,31.461007,-84.70297,37,3,139.616,,,,,,,,,24.166,,,,,81.112,,,,,,,,,,,,,
15,61265975010478,2001,33.253933,-83.851898,35,3,,,,,137.635,,,,,,,,,,11.825,,,,,61.593,,,,,,,,
15,61614360010478,1999,33.83273,-83.433675,219,3,,,79.661,,,,,,,,,,,,114.603,,,,,197.828,,,,,,,,
15,61117835010478,2002,31.712551,-84.699952,243,3,,,,,,58.447,,,,,77.72,,,,,,,,,,,,,,,110.489,,
15,56849935010478,1997,31.039213,-82.915277,65,3,12.144,,,,,68.031,,,,,,,,,,,,,,,,,,,,27.396,,
15,61526882010478,2000,30.908873,-83.893237,275,3,,,,130.781,,,,,,,,,,153.158,,,,,,,,,,124.513,,,,
15,61542158010478,2000,31.587459,-84.941375,61,3,,,,139.118,,,,,208.502,,,,,274.621,,,,,,,,,,,,,,
15,76373228010478,2005,33.321603,-83.578584,159,3,,,,,,,,,87.559,,,,,124.74,,,,,,,,,,126.716,,,,
15,61433378010478,2003,31.209567,-83.539728,71,3,,,,,,,6.952,,,,,,,,,,,,,,,70.34,,,,,124.89,
15,56868125010478,1997,34.154468,-84.873385,15,3,146.503,145.682,,,,,,,143.095,,,,,,,,,,,,,,,,,,,
15,56770744010478,1997,31.59134,-83.83456,321,3,8.213,,17.661,,,,,,,,,69.74,,,,,,,,,,,,,,,,
15,61307056010478,2004,31.11858,-83.132271,173,3,,,,,,,,93.763,,,,,118.363,,,,,153.64,,,,,,,,,,
15,61339508010478,2004,31.447305,-81.84424,305,3,,,,,,,,30.481,,,,,64.425,,,,,,,,,,,,,,,84.369
15,61617903010478,1999,32.221052,-83.546394,235,3,,,28.383,,,,,,,,,87.562,,,,,,,,,,,,,,,117.886,
15,61262397010478,2001,31.782857,-83.212743,17,3,,,,,52.827,,,,,,,,,,,,164.401,,,,,201.039,,,,,,
15,144531195010478,2008,33.077222,-83.125006,9,3,,,,,,,,,,,,42.114,,,,,,,,,,51.942,,,,,55.205,
15,61369762010478,2004,32.161607,-83.159352,91,3,,,,,,,,184.025,,,,,174.208,,,,,158.371,,,,,,,,,,
16,123973439010478,2007,32.351308,-82.979636,175,3,,,,,,,,,,,0.233,,,,,5.768,,,,,24.626,,,,,,,
16,29168005010478,2004,31.012123,-83.086517,173,3,,,,,,,,73.579,,,,,,,,,,,,49.2,,,,,80.123,,,
16,123954622010478,2007,33.282674,-82.619728,125,3,,,,,,,,,,,104.869,,,,,,,,,,116.008,,,,,154.771,,
16,56619592010478,1997,32.327437,-83.902235,193,3,9.176,,,,,,,,,18.464,,,,,20.556,,,,,,,,,,,,,
16,61173269010478,1999,30.91983,-82.703089,65,3,,,40.004,,,,,,,,,76.717,,,,,,,,,,,,,,,85.728,
16,56946867010478,1997,30.934188,-84.809781,253,3,50.888,,,,,,,35.883,,,,,,,,,,,,,,,,,,,,36.147
16,43265766020004,2013,33.394644,-82.861961,141,3,,,,,,,,,,,,,,,,,116.162,,,,,149.143,,,,,198.185,
16,56578132010478,1997,33.198837,-83.316395,237,3,53.045,,61.316,,,,,,,,,,,,,,,93.419,,,,,,,,,,
16,61541763010478,2000,31.661634,-84.933583,61,3,,,,67.002,,,,,64.573,,,,,93.657,,,,,,,,,,,,,,
16,216220082020004,2014,30.859999,-83.665672,27,3,,,,,,,,,,,,,,,,,,23.142,,,,,46.279,,,,,86.943
16,61331603010478,2004,31.008731,-84.012822,275,3,,,,,,,,133.351,,,,,,,,,,88.531,,,,,109.371,,,,,
16,61371956010478,2004,30.702592,-82.850001,101,3,,,,,,,,41.786,,,,,60.253,,,,,,,,,,85.402,,,,,
17,56838800010478,1997,32.357215,-84.912445,53,3,48.989,,,,,56.937,,,,,70.097,,,,,,,,,,,,,,,,,
17,61600597010478,2000,33.713589,-85.030539,45,3,,,,284.131,,,,,,331.783,,,,,,373.523,,,,,,,,,,,,
17,123921986010478,2007,32.593582,-84.968265,215,3,,,,,,,,,,,51.198,,,,,65.661,,,,,109.9,,,,,,,
17,56876361010478,1997,31.309824,-82.793792,3,3,184.452,,,,,,,,,15.371,,,,,,,,,,,,,,,56.438,,,
17,61513563010478,2000,31.201461,-84.62222,201,3,,,,31.068,,,,,18.99,,,,,,,,,,10.829,,,,,,,,,
17,61312036010478,2004,31.470117,-81.534076,191,3,,,,,,,,100.499,,,,,153.237,,,,,,,,,,,,,,,28.09
17,216219696020004,2014,33.338403,-82.379816,189,3,,,,,,,,,,,,,,,,,,30.856,,,,,48.756,,,,,72.354
17,61081842010478,1998,31.983624,-82.669206,309,3,,74.868,,,,,,,,,,,,,,,,,,,,72.523,,,,,87.332,
17,144509808010478,2008,32.702676,-83.54655,289,3,,,,,,,,,,,,14.82,,,,,46.118,,,,,107.728,,,,,,
17,43266078020004,2013,31.442413,-83.590807,277,3,,,,,,,,,,,,,,,,,25.999,,,,,35.011,,,,,0.602,
17,216219163020004,2014,32.083754,-84.63616,307,3,,,,,,,,,,,,,,,,,,169.409,,,,,139.201,,,,,163.251
17,56847705010478,1997,31.682571,-84.971438,61,3,168.862,,,,,,,,,,,9.554,,,,,36.608,,,,,,,,,,,
17,56764441010478,1997,33.715575,-83.338687,133,3,81.459,86.942,,,,,,,,,,,,,,,95.337,,,,,,,,,,,
17,153846935010854,2009,33.247122,-82.261863,163,3,,,,,,,,,,,,,18.553,,,,,64.586,,,,,,,,,,25.404
18,56724397010478,1997,33.893224,-85.363345,143,3,110.885,,134.984,,,,,,,,,,,,,,,,,,,,,,,41.258,,
18,259082433010854,2012,34.692649,-83.54914,137,3,,,,,,,,,,,,,,,,19.774,,,,,48.069,,,,,70.338,,
18,56839485010478,1997,32.388938,-84.808834,53,3,1.954,,,,,,,,,,,,,,,,,,,0.17,,,,,9.376,,,
18,61101293010478,2002,32.793672,-82.044101,165,3,,,,,,63.633,,,,,,,,,,90.552,,,,,,,,,,100.634,,
18,56848224010478,1997,31.600351,-84.90265,61,3,109.015,,,,,,,,,,,,,,130.833,,,,,,,,,,167.274,,,
18,123939304010478,2007,31.674178,-84.457412,273,3,,,,,,,,,,,2.034,,,,,,,,,,11.956,,,,,52.762,,
18,61539599010478,2001,33.040055,-83.347624,9,3,,,,,44.258,,,,,78.043,,,,,118.196,,,,,,,,,,,,,
18,61118266010478,2002,33.286585,-82.03175,245,3,,,,,,70.622,,,,,132.723,,,,,,,,,,172.151,,,,,,,
18,61549058010478,2000,31.500521,-84.404301,95,3,,,,55.045,,,,,91.37,,,,,,,,,,100.283,,,,,,,,,
18,61475615010478,2002,30.872478,-84.316148,131,3,,,,,,68.623,,,,,79.943,,,,,61.232,,,,,,,,,,,,
18,61160641010478,1999,33.140587,-81.977414,33,3,,,0.172,,,,,,,,48.246,,,,,,,,,,92.118,,,,,,,
18,61229409010478,1998,32.603932,-81.653279,251,3,,8.626,,,,,,,,,,,,,,,45.534,,,,,81.808,,,,,,
18,144509383010478,2008,31.622696,-83.502097,287,3,,,,,,,,,,,,53.65,,,,,92.081,,,,,119.091,,,,,,
18,61421942010478,2003,30.835855,-83.409758,27,3,,,,,,,177.658,,,,,189.618,,,,,218.776,,,,,,,,,,,
18,56944642010478,1997,33.781053,-83.751976,297,3,70.48,,,,,,,,,,,79.577,,,,,91.434,,,,,,,,,,,
18,56927277010478,1997,32.453666,-82.453106,283,3,19.231,,,,,,,,,,,48.162,,,,,,,,,,,,,,,38.454,
18,61587272010478,1999,33.744939,-82.613186,317,3,,,16.667,,,,,,50.399,,,,,75.177,,,,,,,,,,,,,,
18,61608635010478,1999,33.138334,-84.674738,199,3,,,96.084,,,,,,,,,,,84.286,,,,,,,,,,113.86,,,,
18,76730246010478,2006,31.994724,-82.463585,279,3,,,,,,,,,,8.514,,,,27.353,,,,,83.25,,,,,,,,,
18,61370938010478,2004,31.39696,-85.05032,99,3,,,,,,,,50.77,,,,,,,,,,,,,,,67.97,,,,,102.495
19,56806883010478,1997,31.128523,-83.807333,71,3,62.55,,,69.077,,,,,,,,,,74.577,,,,,,,,,,,,,,
19,259082107010854,2012,34.21427,-85.093137,115,3,,,,,,,,,,,,,,,,91.376,,,,,105.636,,,,,115.408,,
19,259082291010854,2012,33.453824,-84.361573,63,3,,,,,,,,,,,,,,,,35.841,,,,,45.946,,,,,48.247,,
19,61264121010478,2001,30.751315,-83.611311,27,3,,,,,110.929,,,,,,,,,,,,,,,60.587,,,,,128.99,,,
19,76800038010478,2006,32.332097,-83.339074,23,3,,,,,,,,,,10.966,,,,,38.331,,,,,71.511,,,,,,,,
19,61528777010478,2000,31.746005,-83.73109,287,3,,,,0.913,,,,,,,,,,59.348,,,,,145.683,,,,,,,,,
19,153846738010854,2009,34.286843,-84.100844,117,3,,,,,,,,,,,,,6.728,,,,,11.326,,,,,16.338,,,,,
19,61323369010478,2004,33.339253,-82.230425,245,3,,,,,,,,163.636,,,,,170.585,,,,,,,,,,59.216,,,,,
19,61340242010478,2004,32.023689,-82.738116,309,3,,,,,,,,224.802,,,,,,,,,,,,,,,18.041,,,,,33.848
20,61132218010478,1998,30.80747,-83.072516,101,3,,26.638,,,,,,,96.826,,,,,,,,,,65.662,,,,,,,,,
20,61512886010478,2000,32.481133,-84.568563,197,3,,,,36.566,,,,,72.035,,,,,,,,,,46.3,,,,,,,,,
20,61578614010478,1999,31.160081,-82.465749,299,3,,,38.551,,,,,,,83.136,,,,,,,,,,,,,,,1.763,,,
20,236497713010854,2011,32.612181,-81.411459,251,3,,,,,,,,,,,,,,,16.457,,,,,80.472,,,,,148.64,,,
20,61507394010478,2001,31.899754,-83.494754,315,3,,,,,90.79,,,,,,,,,,,,,,,6.279,,,,,22.51,,,
20,56886585010478,1997,31.286571,-82.001739,25,3,51.125,,,,,,,,,,38.366,,,,,97.952,,,,,,,,,,,,
20,56924524010478,1997,32.089731,-82.233099,279,3,182.783,,191.151,,,,,,,,,,,,82.94,,,,,,,,,,,,,
20,61111688010478,2002,33.459455,-83.452154,211,3,,,,,,89.096,,,,,95.897,,,,,,,,,,101.141,,,,,,,
20,259082520010854,2012,31.041352,-84.361051,131,3,,,,,,,,,,,,,,,,201.675,,,,,286.403,,,,,311.859,,
20,76764785010478,2006,33.188381,-82.394543,163,3,,,,,,,,,,53.343,,,,,87.642,,,,,94.687,,,,,,,,
20,61155303010478,1998,32.890561,-82.008038,165,3,,122.999,,,,,,,,,227.029,,,,,,,,,,,,,,,244.562,,
20,61471781010478,2002,32.266108,-81.965353,109,3,,,,,,39.156,,,,,,,,,,84.031,,,,,119.971,,,,,,,
20,61568211010478,2000,33.849068,-82.459971,181,3,,,,71.373,,,,,89.621,,,,,110.219,,,,,,,,,,,,,,
20,56968097010478,1997,32.064446,-83.004527,271,3,67.936,72.724,,,,,,,136.04,,,,,,,,,,,,,,,,,,,
20,61062036010478,1999,33.059095,-84.064419,171,3,,,32.06,,,,,,,,,,,,,,14.971,,,,,28.39,,,,,,
20,61160071010478,1999,32.302467,-81.791736,31,3,,,90.084,,,,,,,,,,,,,,,,,,,99.53,,,,,121.191,
20,61251792010478,1998,31.498741,-82.369523,5,3,,20.597,,,,,,,84.028,,,,,125.394,,,,,,,,,,,,,,
20,61591310010478,2000,31.203855,-82.758255,3,3,,,,67.825,,,,,122.328,,,,,,,,,,116.667,,,,,,,,,
21,56681874010478,1997,32.426155,-84.437988,197,3,37.081,,,,,,,,,,49.605,,,,,,,,,,,,,,,5.153,,
21,259082860010854,2012,32.984488,-82.89944,303,3,,,,,,,,,,,,,,,,8.686,,,,,22.563,,,,,31.809,,
21,61446880010478,2002,34.280476,-84.784559,15,3,,,,,,7.771,,,,,20.099,,,,,35.872,,,,,,,,,,,,
21,56695582010478,1997,33.804791,-83.497903,211,3,129.119,,,,,,,,,,,,,,99.688,,,,,156.375,,,,,,,,
21,61268067010478,2001,33.560454,-84.940048,45,3,,,,,117.169,,,,,151.195,,,,,,,,,,95.555,,,,,,,,
21,259083232010854,2012,31.476189,-81.698661,305,3,,,,,,,,,,,,,,,,32.737,,,,,102.17,,,,,154.247,,
21,61616762010478,1999,31.3135,-82.212932,229,3,,,3.813,,,,,,,,,21.34,,,,,46.855,,,,,,,,,,,
21,56906594010478,1997,32.146154,-84.530248,307,3,89.546,,,,,,,,,,,,,,,,133.265,,,,,,,,,,85.342,
21,61361587010478,2004,34.507542,-85.27163,55,3,,,,,,,,115.774,,,124.256,,,,,,,,,,,,,,,,,127.043
21,144523837010478,2008,34.237211,-84.606438,57,3,,,,,,,,,,,,39.278,,,,,61.418,,,,,,,,,,76.932,
21,61618049010478,1999,32.356158,-83.516605,235,3,,,77.473,,,,,,,,,,106.189,,,,,,,,,,,,,,,88.75
21,61591251010478,2000,31.231173,-83.01356,3,3,,,,16.692,,,,,28.077,,,,,47.967,,,,,,,,,,,,,,
21,153846848010854,2009,33.888493,-85.323228,143,3,,,,,,,,,,,,,167.466,,,,,,,,,,207.889,,,,,232.356
22,76408571010478,2005,32.438048,-81.989495,43,3,,,,,,,,,38.802,,,,,98.027,,,,,,,,,,164.279,,,,
22,236496937010854,2011,33.551991,-82.669421,301,3,,,,,,,,,,,,,,,41.627,,,,,84.072,,,,,140.139,,,
22,236496469010854,2011,34.469624,-83.318227,119,3,,,,,,,,,,,,,,,78.868,,,,,151.887,,,,,239.433,,,
22,61524185010478,2000,33.526916,-82.848567,265,3,,,,123.612,,,,,,,,,,10.558,,,,,90.489,,,,,,,,,
22,56966720010478,1997,32.60271,-84.186278,269,3,78.683,,,,,,,,,,,,,,,,27.735,,,,,,,,,,26.28,
22,56777167010478,1997,31.598205,-84.428198,95,3,67.342,,,,,,,,,,,,,,,,40.661,,,,,59.486,,,,,,
22,56633635010478,1997,32.507979,-81.605333,31,3,172.252,,,,,,,,37.585,,,,,,,,,,66.979,,,,,,,,,
22,61611130010478,1999,32.193659,-82.535623,209,3,,,4.16,,,,,,,,,,73.308,,,,,126.364,,,,,,,,,,
22,56725517010478,1997,32.759346,-85.002809,145,3,27.085,,,,,,,,,,,,,,,,63.951,,,,,,,,,,42.803,
22,61351365010478,2004,31.235454,-82.741932,3,3,,,,,,,,40.487,,,,,,,,,,125.661,,,,,,,,,,121.519
23,56767742010478,1997,32.813997,-83.132324,319,3,125.799,,160.829,,,,,,,,,,,,,,,,,,,,,,,91.079,,
23,61466953010478,2002,32.355423,-83.284237,91,3,,,,,,97.387,,,,,121.804,,,,,,,,,,,,,,,9.835,,
23,76728945010478,2006,31.547044,-83.47954,277,3,,,,,,,,,,92.622,,,,,,,,,,52.088,,,,,99.929,,,
23,43266318020004,2013,34.661555,-83.316662,257,3,,,,,,,,,,,,,,,,,144.516,,,,,131.342,,,135.368,,,
23,61124029010478,2002,31.026671,-83.939082,275,3,,,,,,21.784,,,,,64.825,,,,,102.554,,,,,,,,,,,,
23,56653073010478,1997,31.667407,-83.032956,155,3,16.918,50.298,,,,,,,118.81,,,,,,,,,,,,,,,,,,,
23,56932527010478,1997,32.778197,-83.525387,289,3,145.986,155.865,,,,,,,,,,,,,,,15.223,,,,,,,,,,,
23,61361537010478,2004,34.567139,-85.38745,55,3,,,,,,,,22.916,,,,,66.401,,,,,,,,,,195.899,,,,,
23,153846953010854,2009,33.022084,-83.702995,169,3,,,,,,,,,,,,,33.549,,,,,77.661,,,,,,,,,,77.354
23,61393224010478,2003,32.080572,-82.604983,209,3,,,,,,,42.062,,,,,58.853,,,,,90.563,,,,,,,,,,,
23,61403038010478,2003,32.623428,-84.657091,263,3,,,,,,,74.626,,,,,103.852,,,,,,,,,,,,,,,115.641,
23,76319310010478,2005,32.521386,-84.768044,215,3,,,,,,,,,66.521,,,,,,,,,,37.694,,,,,42.152,,,,
23,144529241010478,2008,31.936266,-82.413327,1,3,,,,,,,,,,,,48.004,,,,,87.556,,,,,,,,,,150.036,
23,61309428010478,2004,31.850386,-81.51924,179,3,,,,,,,,94.201,,,,,85.428,,,,,,,,,,75.768,,,,,
23,43265269020004,2013,34.777415,-85.159148,47,3,,,,,,,,,,,,,,,,,10.688,,,,,38.239,,,,,80.264,
24,61594583010478,2000,31.180229,-81.892277,25,3,,,,87.204,,,,,95.272,,,,,,,,,,11.686,,,,,,,,,
24,61143291010478,1998,34.574773,-85.005725,129,3,,62.898,,,,,,,,51.373,,,,,,,,,,67.445,,,,,,,,
24,56658507010478,1997,31.723393,-82.767213,161,3,15.655,,,,,,,,,,57.612,,,,,,,,,,25.689,,,,,,,
24,61108421010478,2002,32.33078,-84.636441,197,3,,,,,,159.112,,,,,,,,,,182.061,,,,,,,,,,106.064,,
24,61553105010478,2000,34.358985,-85.259321,115,3,,,,93.365,,,,,188.595,,,,,,,,,,,,,,,190.639,,,,
24,76726496010478,2006,31.801706,-82.942442,271,3,,,,,,,,,,252.178,,,,,,,,,,24.762,,,,,59.351,,,
24,61077566010478,1998,33.341038,-82.782765,301,3,,149.478,,,,,,,,194.52,,,,,,,,,,,,,,,193.601,,,
24,61291819010478,2001,34.268436,-83.61097,157,3,,,,,96.152,,,,,146.513,,,,,,,,,,202.021,,,,,,,,
24,123970272010478,2007,32.803547,-81.942549,165,3,,,,,,,,,,,9.896,,,,,,,,,,31.781,,,,,53.112,,
24,56844648010478,1997,34.289293,-84.474111,57,3,73.194,,97.796,,,,,,,,127.609,,,,,,,,,,,,,,,,,
24,61525005010478,2000,32.460213,-84.216512,269,3,,,,13.707,,,,,22.337,,,,,,,,,,56.164,,,,,,,,,
24,76792760010478,2006,31.694722,-82.444667,1,3,,,,,,,,,,158.32,,,,,191.091,,,,,,,,,,21.732,,,
24,259083374010854,2012,34.651462,-83.32873,257,3,,,,,,,,,,,,,,,,163.283,,,,,178.133,,,,,196.109,,
24,61107266010478,2002,33.59927,-82.487891,189,3,,,,,,206.263,,,,,,,,,,220.77,,,,,,,,,,33.98,,
24,176549786010854,2010,31.997559,-83.490885,315,3,,,,,,,,,,,,,,5.892,,,,,48.94,,,,,106.161,,,,
24,76314442010478,2005,32.891579,-83.270287,319,3,,,,,,,,,54.665,,,,,55.934,,,,,,,,,,17.342,,,,
24,61147243010478,1998,33.26493,-83.009319,141,3,,43.338,,,,,,,,,,,,,,,,,,,,,56.432,,,,,55.433
24,61440985010478,2003,32.380469,-81.462321,103,3,,,,,,,9.525,,,,,55.641,,,,,,,,,,77.629,,,,,,
24,216219924020004,2014,32.620803,-81.482295,251,3,,,,,,,,,,,,,,,,,,26.887,,,,,117.453,,,,,199.799
24,43265729020004,2013,32.694531,-84.909291,145,3,,,,,,,,,,,,,,,,,32.489,,,,,67.045,,,,,102.56,
25,123993477010478,2007,33.509765,-84.929773,45,3,,,,,,,,,,,45.067,,,,,54.545,,,,,,,,,,127.005,,
25,246591165010854,2011,34.646371,-83.352141,257,3,,,,,,,,,,,,,,,154.78,,,,,163.107,,,,,,189.306,,
25,259082834010854,2012,32.194289,-83.33707,235,3,,,,,,,,,,,,,,,,18.525,,,,,0.336,,,,,5.446,,
25,61516831010478,2000,33.99637,-84.945769,223,3,,,,98.525,,,,,170.106,,,,,,,,,,129.849,,,,,,,,,
25,123981528010478,2007,31.561257,-82.353395,5,3,,,,,,,,,,,11.465,,,,,,,,,,66.464,,,,,103.1,,
25,76823673010478,2006,31.932361,-83.609201,315,3,,,,,,,,,,2.27,,,,,31.401,,,,,85.257,,,,,,,,
25,76827239010478,2006,32.712507,-83.057033,319,3,,,,,,,,,,4.014,,,,,51.536,,,,,138.172,,,,,,,,
25,61629703010478,1999,33.571893,-82.94213,265,3,,,123.055,,,,,,,,,,,,,,,,110.884,,,,,156.324,,,,
25,176549347010854,2010,34.07036,-83.239215,195,3,,,,,,,,,,,,,,16.665,,,,,2.679,,,,,9.248,,,,
25,61536476010478,2000,33.831123,-82.607422,317,3,,,,63.851,,,,,114.325,,,,,,,,,,113.703,,,,,,,,,
25,56583871010478,1997,31.889768,-84.851899,243,3,82.876,,,,,,,,7.032,,,,,56.422,,,,,,,,,,,,,,
25,216220336020004,2014,34.965637,-83.593883,281,3,,,,,,,,,,,,,,,,,,299.557,,,,,322.027,,,,327.553,
25,61145096010478,1998,33.541462,-83.186736,133,3,,128.188,,,,,,,,,,,,,,,,121.818,,,,,121.575,,,,,
25,153846881010854,2009,32.350462,-83.694368,153,3,,,,,,,,,,,,,38.47,,,,,34.854,,,,,,,,,,94.156
25,61361420010478,2004,34.347421,-85.472082,55,3,,,,,,,,49.715,,,,,,,,,,47.221,,,,,,,,,,0.036
25,61080802010478,1998,32.175174,-84.632385,307,3,,32.335,,,,,,,,,,,58.802,,,,,,,,,,,,,,,61.443
25,61048768010478,1999,34.110628,-83.857093,139,3,,,109.914,,,,,,,,,,158.829,,,,,120.577,,,,,,,,,,
25,61344766010478,2003,31.136684,-82.537106,299,3,,,,,,,61.869,,,,,77.09,,,,,,,,,,,,,,,76.559,
25,61340309010478,2004,32.171529,-82.722121,309,3,,,,,,,,170.476,,,,,166.821,,,,,,,,,,,,,,,24.692
25,43265177020004,2013,33.782169,-84.774623,97,3,,,,,,,,,,,,,,,,,12.995,,,,,50.162,,,,,107.765,
26,56802473010478,1997,31.392192,-82.822421,69,3,35.746,39.837,,,,,,,,,48.047,,,,,,,,,,,,,,,,,
26,76791768010478,2006,33.630833,-82.220268,73,3,,,,,,,,,,28.623,,,,,88.568,,,,,,,,,,159.004,,,
26,61496953010478,2001,32.700517,-84.65804,263,3,,,,,2.855,,,,,,,,,,77.863,,,,,,,,,,100.285,,,
26,56815058010478,1997,33.274987,-84.542774,77,3,152.928,161.055,,,,,,,,,,,,,68.707,,,,,,,,,,,,,
26,61199743010478,1998,33.781652,-82.50694,181,3,,30.118,,,,,,,,,41.654,,,,,,,,,,,,,,,97.53,,
26,61192357010478,1999,30.604214,-82.614246,101,3,,,3.661,,,,,,,,49.258,,,,,,,,,,,,,,,72.41,,
26,76385872010478,2005,32.29806,-84.519722,197,3,,,,,,,,,22.423,,,,,39.023,,,,,68.438,,,,,,,,,
26,259083375010854,2012,34.605793,-83.365108,257,3,,,,,,,,,,,,,,,,122.967,,,,,177.543,,,,,,229.113,
26,43265442020004,2013,32.761846,-83.404631,289,3,,,,,,,,,,,,,,,,,2.535,,,,,16.025,,,,,33.475,
26,43265636020004,2013,33.332704,-83.310143,237,3,,,,,,,,,,,,,,,,,1.518,,,,,30.978,,,,,85.752,
26,56576045010478,1997,32.154039,-83.490293,235,3,88.999,,,,,,55.546,,,,,86.548,,,,,,,,,,,,,,,,
26,56877228010478,1997,31.299541,-82.634134,3,3,45.948,,,,,,,,,,,,,,,,,,,,,55.001,,,,,48.341,
26,61337659010478,2004,33.34262,-82.681714,301,3,,,,,,,,157.61,,,,,,,,,,69.875,,,,,96.231,,,,,
26,216220094020004,2014,32.564086,-82.975423,175,3,,,,,,,,,,,,,,,,,,18.735,,,,,37.648,,,,,31.63
27,176549644010854,2010,32.028089,-82.419478,279,3,,,,,,,,,,,,,,17.969,,,,,46.899,,,,,75.486,,,,
27,43266319020004,2013,34.525464,-83.376227,257,3,,,,,,,,,,,,,,,,,137.752,,,,,150.773,,,,174.849,,
27,61414734010478,2002,33.829946,-82.862866,317,3,,,,,,66.416,,,,,136.838,,,,,,,,,,,,,,,109.036,,
27,43266370020004,2013,34.95845,-83.661376,281,3,,,,,,,,,,,,,,,,,220.395,,,,,221.852,,,,205.512,,
27,236496611010854,2011,33.483933,-83.167123,133,3,,,,,,,,,,,,,,,221.73,,,,,235.502,,,,,277.73,,,
27,61498742010478,2001,32.012588,-82.872887,271,3,,,,,38.087,,,,,75.395,,,,,,,,,,100.546,,,,,,,,
27,61550347010478,2000,30.735358,-82.930653,101,3,,,,20.091,,,,,36.675,,,,,,,,,,,,,,,5.678,,,,
27,61565587010478,2000,33.150616,-83.492037,169,3,,,,97.241,,,,,128.155,,,,,,,,,,135.489,,,,,,,,,
27,76357708010478,2005,34.142677,-85.050335,115,3,,,,,,,,,47.366,,,,,,,,,,79.328,,,,,126.62,,,,
27,144490000010478,2008,33.855563,-83.2566,221,3,,,,,,,,,,,,131.396,,,,,156.057,,,,,200.325,,,,,,
27,56959077010478,1997,32.56774,-84.447505,263,3,43.116,,,,,,,,,,,,2.177,,,,,26.099,,,,,,,,,,
27,61068217010478,1998,31.849207,-84.451584,273,3,,0.741,,,,,,,,,,42.71,,,,,,,,,,68.763,,,,,,
27,56655706010478,1997,33.206045,-83.78279,159,3,77.281,,,,,,,133.506,,,,,154.159,,,,,,,,,,,,,,,
27,61345033010478,2003,33.476228,-82.811909,301,3,,,,,,,138.908,,,,,,,,,,,,,,,71.019,,,,,111.368,
27,61431795010478,2003,30.778673,-82.444485,65,3,,,,,,,80.577,,,,,,,,,,23.867,,,,,,,,,,133.622,
27,61356903010478,2004,32.929875,-81.942098,33,3,,,,,,,,109.206,,,,,151.505,,,,,,,,,,167.54,,,,,
28,61565056010478,2000,32.714195,-82.607652,167,3,,,,97.326,,,,,,,,,,125.962,,,,,,,,,,62.501,,,,
28,259083346010854,2012,34.984755,-83.67179,281,3,,,,,,,,,,,,,,,,345.187,,,,,394.368,,,,431.232,,,
28,259083364010854,2012,34.535268,-83.416394,257,3,,,,,,,,,,,,,,,,276.928,,,,,302.745,,,,,325.406,,
28,61567327010478,2000,31.740935,-84.171811,177,3,,,,23.802,,,,,32.323,,,,,50.415,,,,,,,,,,,,,,
28,61067866010478,1998,31.960317,-83.08245,271,3,,21.714,,,,,,,,,,,,,,,,95.979,,,,,,,,,,45.297
28,61343962010478,2003,31.046082,-82.593041,299,3,,,,,,,11.756,,,,,70.949,,,,,,,,,,,,,,,54.103,
28,56887969010478,1997,31.156968,-81.799026,25,3,57.555,,,,,,,,,,,,23.564,,,,,56.502,,,,,,,,,,
28,61621580010478,1999,31.76819,-84.754571,243,3,,,2.887,,,,,,16.831,,,,,,,,,,,,,,,,,,9.617,
28,61417587010478,2003,31.230566,-84.421515,7,3,,,,,,,154.751,,,,,,,,,,,,,,,13.865,,,,,21.023,
28,61295914010478,2004,30.69023,-84.146824,131,3,,,,,,,,49.274,,,,,,,,,,,,,,,20.606,,,,,26.0
28,61360493010478,2004,30.794773,-82.100399,49,3,,,,,,,,28.103,,,,,66.381,,,,,117.778,,,,,,,,,,
29,61413816010478,2002,34.834354,-84.874911,313,3,,,,,,11.996,,,,,15.886,,,,,25.803,,,,,,,,,,,,
29,61222026010478,1998,34.056561,-84.844311,223,3,,63.519,,,,,,,,,32.652,,,,,,,,,,,,,,,16.998,,
29,236496019010854,2011,32.916004,-84.512576,293,3,,,,,,,,,,,,,,,100.251,,,,,125.339,,,,,157.14,,,
29,56613755010478,1997,33.39295,-82.428676,189,3,17.598,,23.657,,,,,,,36.592,,,,,,,,,,,,,,,,,,
29,61532414010478,2000,33.536124,-82.707119,301,3,,,,6.783,,,,,59.577,,,,,110.493,,,,,,,,,,,,,,
29,76731907010478,2006,31.704266,-83.744486,287,3,,,,,,,,,,4.293,,,,,33.734,,,,,82.553,,,,,,,,
29,259083355010854,2012,34.943286,-83.699399,281,3,,,,,,,,,,,,,,,,206.935,,,,,216.624,,,,,243.734,,
29,61421755010478,2003,30.972812,-83.620801,27,3,,,,,,,29.808,,,,,40.691,,,,,,,,,,,,,,,2.154,
29,76346645010478,2005,31.194249,-82.337469,299,3,,,,,,,,,111.555,,,,,,,,,,17.496,,,,,58.953,,,,
29,56963111010478,1997,32.288998,-82.177408,267,3,79.014,,,,,,153.213,,,,,,,,,,,,,,,,,,,,,74.932
29,61369393010478,2004,32.339808,-83.252908,91,3,,,,,,,,8.441,,,,,58.964,,,,,,,,,,103.707,,,,,
29,61330751010478,2004,31.872395,-83.151464,271,3,,,,,,,,262.859,,,,,267.878,,,,,,,,,,,,,,,349.676
29,153847554010854,2009,31.55304,-83.837144,321,3,,,,,,,,,,,,,20.971,,,,,74.273,,,,,,,,,,108.009
29,246591169010854,2011,34.535789,-83.43153,257,3,,,,,,,,,,,,,,,89.7,,,,,101.708,,,,99.963,,,,
30,56956959010478,1997,32.763047,-84.637755,263,3,83.326,,,,,,,,,,,,,,,,,,,62.763,,,,,136.372,,,
30,61081764010478,1998,31.940574,-82.61462,309,3,,23.929,,,,,,,,90.549,,,,,,,,,,209.008,,,,,,,,
30,61540670010478,2001,34.154959,-84.930014,15,3,,,,,16.813,,,,,79.524,,,,,,,,,,,,,,,117.163,,,
30,61611807010478,1999,33.547174,-83.553972,211,3,,,54.108,,,,,,,113.185,,,,,,,,,,,,,,,193.195,,,
30,61527346010478,2000,31.445655,-83.561911,277,3,,,,92.117,,,,,,,,,,22.24,,,,,46.948,,,,,,,,,
30,61557243010478,2000,33.694137,-83.129583,133,3,,,,62.919,,,,,100.163,,,,,,,,,,161.326,,,,,,,,,
30,56668760010478,1997,32.589719,-82.610091,167,3,252.466,,,,,,,,,,,,,,,,,,,,54.479,,,,,99.858,,
30,56806480010478,1997,31.254056,-83.892954,71,3,32.623,,,,28.594,,,,,52.047,,,,,,,,,,,,,,,,,,
30,61391316010478,2003,32.367914,-84.653994,197,3,,,,,,,84.35,,,,,119.578,,,,,,,,,,147.982,,,,,,
30,246591171010854,2011,34.488276,-83.425767,257,3,,,,,,,,,,,,,,,139.121,,,,,158.67,,,,,,,189.599,
30,61409346010478,2003,31.787476,-83.492524,287,3,,,,,,,15.198,,,,,10.807,,,,,,,,,,,,,,,1.696,
30,56699424010478,1997,34.717495,-84.842359,213,3,192.628,,,,,,,,,,,,,,,,,,112.607,,,,,205.072,,,,
30,61185095010478,1999,32.794021,-84.109004,79,3,,,1.32,,,,,,,,,,98.911,,,,,,,,,,67.672,,,,,
30,61381737010478,2003,31.678607,-82.668013,161,3,,,,,,,128.077,,,,,,,,,,117.258,,,,,,,,,,77.808,
30,76394521010478,2005,31.513082,-82.486541,5,3,,,,,,,,,14.667,,,,,58.602,,,,,,,,,,94.221,,,,
30,56649368010478,1997,31.057808,-81.585469,39,3,76.794,,,,,,,,,,,,,,,,168.072,,,,,,,,,,170.823,
30,61338114010478,2004,33.037285,-82.789901,303,3,,,,,,,,103.298,,,,,128.649,,,,,163.309,,,,,,,,,,
30,61050115010478,1999,33.120392,-82.937116,141,3,,,70.51,,,,,,,,,,120.957,,,,,,,,,,103.746,,,,,
30,61405476010478,2003,31.839099,-84.475104,273,3,,,,,,,21.428,,,,,,,,,,0.675,,,,,,,,,,3.856,
30,259083339010854,2012,34.902289,-83.674853,281,3,,,,,,,,,,,,,,,,298.13,,,,,325.801,,,,,,,362.244
31,216220338020004,2014,34.902267,-83.62957,281,3,,,,,,,,,,,,,,,,,,252.493,,,,,288.865,,,298.223,,
31,61281402010478,2001,30.617764,-82.79744,101,3,,,,,171.059,,,,,199.94,,,,,,,,,,71.587,,,,,,,,
31,61097987010478,2002,34.292614,-82.790506,147,3,,,,,,82.965,,,,,122.165,,,,,,,,,,,,,,,65.638,,
31,76407910010478,2005,31.03545,-81.662414,39,3,,,,,,,,,72.685,,,,,108.152,,,,,,,,,,11.052,,,,
31,56882913010478,1997,32.817467,-83.848296,21,3,31.156,,,,,,67.057,,,,80.119,,,,,,,,,,,,,,,,,
31,123948176010478,2007,32.412316,-81.474189,103,3,,,,,,,,,,,89.806,,,,,,,,,,15.162,,,,,71.95,,
31,61099805010478,2002,33.434267,-83.580931,159,3,,,,,,73.421,,,,,131.682,,,,,,,,,,181.155,,,,,,,
31,61292628010478,2001,31.724915,-82.543945,161,3,,,,,27.012,,,,,77.09,,,,,97.728,,,,,,,,,,,,,
31,61233586010478,1998,31.910183,-82.103235,267,3,,0.259,,,,,,,,,,75.503,,,,,,,,,,,,,,,74.936,
31,56955706010478,1997,32.026338,-84.1118,261,3,34.18,,,,,,,,,,,,,,,,,14.885,,,,,74.919,,,,,
31,61374922010478,2004,34.286686,-85.344267,115,3,,,,,,,,20.537,,,,,69.271,,,,,,,,,,118.923,,,,,
31,61591651010478,2000,31.653164,-82.572508,5,3,,,,59.209,,,,,,,,,,107.223,,,,,,,,,,110.522,,,,
31,61308444010478,2004,31.630867,-84.241655,177,3,,,,,,,,168.726,,,,,,,,,,,,,,,80.292,,,,,135.204
32,61170730010478,1999,30.954286,-82.950048,65,3,,,25.68,,,,,,,,,,,,,,,,,,2.641,,,,,4.316,,
32,56785034010478,1997,30.667223,-82.923854,101,3,128.886,,,,,,,,,,58.355,,,,,119.131,,,,,,,,,,,,
32,56827291010478,1997,33.932486,-84.342453,89,3,18.288,21.7,,,,,,,,29.848,,,,,,,,,,,,,,,,,,
32,259082154010854,2012,34.146294,-84.522232,57,3,,,,,,,,,,,,,,,,25.542,,,,,22.578,,,,,40.153,,
32,56951279010478,1997,32.166674,-84.869138,259,3,9.383,,,,41.837,,,,,,,,,,61.841,,,,,,,,,,,,,
32,61091548010478,1999,34.286961,-84.926527,15,3,,,5.792,,,,,,,,71.705,,,,,,,,,,,,,,,121.757,,
32,56731950010478,1997,33.159309,-85.233991,149,3,12.658,,,,,,,,,29.012,,,,,,,,,,,,,,,127.628,,,
32,123971716010478,2007,33.120236,-83.580346,169,3,,,,,,,,,,,76.383,,,,,133.905,,,,,,,,,,96.735,,
32,61575230010478,1999,32.731906,-83.413474,289,3,,,110.379,,,,,,,,144.942,,,,,,,,,,,,,,,106.44,,
32,61619341010478,1999,33.337916,-83.528527,237,3,,,64.59,,,,,,,,,,,,139.772,,,,,,,,,,194.514,,,
32,56628138010478,1997,32.173135,-81.686904,29,3,26.781,,,,,,,,,,,,,,,,,55.291,,,,,,,,,,36.851
32,61611333010478,1999,32.327311,-82.467433,209,3,,,57.916,,,,,,,,,,,,,,,100.777,,,,,,,,,,115.622
32,61427512010478,2003,30.818707,-82.08292,49,3,,,,,,,0.503,,,,,2.566,,,,,,,,,,8.061,,,,,,
32,43266361020004,2013,34.910318,-83.649334,281,3,,,,,,,,,,,,,,,,,136.109,,,,,158.07,,,,,,179.882
33,61564068010478,2000,31.74392,-82.69321,161,3,,,,78.174,,,,,136.475,,,,,161.76,,,,,,,,,,,,,,
33,76807349010478,2006,33.078555,-82.113358,33,3,,,,,,,,,,299.159,,,,,,,,,,26.889,,,,,25.323,,,
33,43266344020004,2013,34.755732,-83.718954,311,3,,,,,,,,,,,,,,,,,167.87,,,,,163.683,,,177.05,,,
33,61494644010478,2001,30.997407,-84.994487,253,3,,,,,99.549,,,,,108.528,,,,,,,,,,,,,,,23.626,,,
33,56689451010478,1997,31.18713,-84.066876,205,3,195.089,,,,,,,,,,,,,59.377,,,,,,,,,,71.079,,,,
33,56717516010478,1997,34.368423,-83.709468,139,3,39.561,,,,,98.507,,,,,,,,,,,,,,,,,,,,96.101,,
33,56799078010478,1997,32.660034,-82.118518,107,3,10.268,,,,,,,,,,,,,,,6.369,,,,,18.387,,,,,,,
33,216220351020004,2014,34.864612,-83.676446,281,3,,,,,,,,,,,,,,,,,,172.679,,,,,193.113,,,213.298,,
33,56615666010478,1997,31.566956,-81.457957,191,3,23.647,,,81.77,,,,,,,,,,,,,,,53.198,,,,,,,,,
33,61399442010478,2003,33.2343,-81.98729,245,3,,,,,,,177.658,,,,,,,,,,153.12,,,,,191.466,,,,,,
33,56731720010478,1997,33.259822,-84.96716,149,3,103.413,111.02,,,,,,,,,,,167.461,,,,,,,,,,,,,,,
33,153846844010854,2009,33.880203,-85.061337,143,3,,,,,,,,,,,,,146.505,,,,,,,,,,199.137,,,,,237.528
33,61281258010478,2001,30.682194,-82.643112,101,3,,,,,56.173,,,,,,,,,,,,,66.422,,,,,,,,,,67.871
33,61514196010478,2000,33.135052,-83.914563,207,3,,,,129.253,,,,,,,,,,153.162,,,,,,,,,,141.032,,,,
33,61045543010478,1999,30.710072,-84.292441,131,3,,,60.878,,,,,,,,,,,,,,,,,,,,94.104,,,,,88.912
33,144515279010478,2008,32.129565,-81.723369,29,3,,,,,,,,,,,,15.191,,,,,26.05,,,,,,,,,,94.454,
33,61349064010478,2003,33.784697,-82.662651,317,3,,,,,,,55.97,,,,,114.174,,,,,,,,,,191.136,,,,,,
33,61405102010478,2003,31.829575,-83.025348,271,3,,,,,,,124.489,,,,,,,,,,23.526,,,,,106.724,,,,,,
34,259082820010854,2012,32.510981,-82.929425,175,3,,,,,,,,,,,,,,,,2.167,,,,,15.915,,,,,43.816,,
34,61497670010478,2001,32.244005,-82.17495,267,3,,,,,2.196,,,,,10.207,,,,,23.846,,,,,,,,,,,,,
34,43266345020004,2013,34.727266,-83.75794,311,3,,,,,,,,,,,,,,,,,187.374,,,,,202.818,,,205.463,,,
34,43266346020004,2013,34.891096,-83.697519,281,3,,,,,,,,,,,,,,,,,133.453,,,,,143.582,,,145.056,,,
34,61066918010478,1998,32.496639,-84.139459,269,3,,27.893,,,,,,,,,115.237,,,,,,,,,,,,,,,53.457,,
34,61521362010478,2000,32.605133,-81.514064,251,3,,,,80.148,,,,,,,,,,88.403,,,,,128.437,,,,,,,,,
34,216219415020004,2014,32.25542,-84.428971,197,3,,,,,,,,,,,,,,,,,,80.518,,,,,147.286,,,,,219.434
34,61378941010478,2003,33.333051,-82.852928,141,3,,,,,,,24.334,,,,,57.646,,,,,,,,,,100.384,,,,,,
34,216219622020004,2014,33.171129,-85.149186,149,3,,,,,,,,,,,,,,,,,,12.274,,,,,56.359,,,,,116.718
34,61356741010478,2004,33.186008,-81.98906,33,3,,,,,,,,134.165,,,,,,,,,,133.205,,,,,,,,,,16.658
35,61116678010478,2002,33.451122,-83.300148,237,3,,,,,,86.44,,,,,124.923,,,,,,,,,,,,,,,15.351,,
35,56759814010478,1997,34.412849,-84.906572,129,3,67.172,,,,,,,,,,,,,,,,,,,71.92,,,,,113.543,,,
35,56736388010478,1997,32.408283,-83.607815,153,3,113.368,,,,,,,,,,,,,,,,,,,24.81,,,,,71.602,,,
35,259082796010854,2012,31.644578,-83.411356,155,3,,,,,,,,,,,,,,,,16.698,,,,,80.318,,,,,123.537,,
35,61057351010478,1999,33.361162,-83.61334,159,3,,,272.381,,,,,,,,,,,,,129.909,,,,,,,,,,227.788,,
35,56660595010478,1997,31.707607,-82.716592,161,3,95.871,,,,,,,152.883,,,,,,,67.156,,,,,,,,,,,,,
35,43266353020004,2013,34.836412,-83.68091,281,3,,,,,,,,,,,,,,,,,202.256,,,,,253.833,,,,292.1,,
35,76392538010478,2005,30.805724,-84.530227,87,3,,,,,,,,,0.288,,,,,18.06,,,,,32.974,,,,,,,,,
35,61610683010478,1999,33.106593,-83.866106,207,3,,,60.402,,,,,,,,,,,,,,38.045,,,,,64.857,,,,,,
35,216220090020004,2014,32.256198,-82.674005,309,3,,,,,,,,,,,,,,,,,,18.575,,,,,44.006,,,,,69.18
35,61174920010478,1999,31.727312,-82.856107,69,3,,,121.483,,,,,,148.638,,,,,,,,,,,,,,,82.6,,,,
35,61623571010478,1999,32.686268,-81.430645,251,3,,,41.924,,,,,,,,,,,,,,,,,,,,162.908,,,,,233.129
35,61344849010478,2003,33.405628,-82.707162,301,3,,,,,,,40.96,,,,,,,,,,81.851,,,,,145.032,,,,,,
35,61322617010478,2004,31.775165,-84.783892,243,3,,,,,,,,178.002,,,,,,,,,,128.365,,,,,139.106,,,,,
35,123939999010478,2007,30.688155,-83.755086,275,3,,,,,,,,,,,49.651,,,,,,,,,,,61.641,,,,,73.883,
35,246591341010854,2011,34.765238,-83.654245,311,3,,,,,,,,,,,,,,,193.799,,,,,216.949,,,,236.923,,,,
36,76350779010478,2005,31.666834,-81.985212,305,3,,,,,,,,,2.305,,,,,17.842,,,,,,,,,,138.944,,,,
36,56584643010478,1997,31.640825,-84.779854,243,3,26.826,47.445,,,,,,,,,,,,,,120.306,,,,,,,,,,,,
36,56874415010478,1997,31.817055,-82.13775,1,3,14.297,,30.758,,,,,,,,,,,,58.409,,,,,,,,,,,,,
36,123985432010478,2007,32.747801,-83.729457,21,3,,,,,,,,,,,137.221,,,,,,,,,,8.711,,,,,49.225,,
36,56930072010478,1997,33.117094,-84.915095,285,3,135.674,,151.438,,,,,,,,,,,,,150.607,,,,,,,,,,,,
36,61534886010478,2000,32.14058,-82.85605,309,3,,,,53.526,,,,,,,,,,,,,,,35.059,,,,,59.682,,,,
36,61505282010478,2001,32.945183,-82.7904,303,3,,,,,14.705,,,,,42.174,,,,,,,,,,,,,,,52.35,,,
36,61482045010478,2001,31.709427,-81.802396,183,3,,,,,42.507,,,,,101.87,,,,,158.285,,,,,,,,,,,,,
36,259083347010854,2012,34.822999,-83.720259,281,3,,,,,,,,,,,,,,,,363.279,,,,,407.451,,,,,431.097,,
36,259082876010854,2012,31.251887,-83.273592,19,3,,,,,,,,,,,,,,,,166.276,,,,,212.121,,,,,185.459,,
36,61625642010478,1999,32.17925,-84.941924,259,3,,,7.207,,,,,,,,,,94.166,,,,,,,,,,93.083,,,,,
36,61343450010478,2003,33.827515,-83.681378,297,3,,,,,,,40.506,,,,,52.408,,,,,82.679,,,,,,,,,,,
36,56622915010478,1997,32.219129,-84.498086,197,3,41.34,,,,,,,,,,,,,,,,,,,,,35.841,,,,,68.981,
36,61341997010478,2004,32.64284,-83.111826,319,3,,,,,,,,85.682,,,,,,,,,,84.739,,,,,,,,,,75.93
36,61460104010478,2002,30.904073,-82.789043,65,3,,,,,,6.612,,,,,58.696,,,,,,,,,,,,137.648,,,,,
36,61426746010478,2003,33.633222,-85.004537,45,3,,,,,,,44.992,,,,,108.423,,,,,,,,,,77.421,,,,,,
36,144451418010478,2008,31.268234,-84.783668,99,3,,,,,,,,,,,,48.021,,,,,74.576,,,,,105.907,,,,,,
36,216220340020004,2014,34.781577,-83.698734,311,3,,,,,,,,,,,,,,,,,,272.498,,,,,259.943,,,,,168.18
37,61144864010478,1998,33.585419,-83.088777,133,3,,22.995,,,,,,,,,,,,,,,,,,,58.843,,,,,94.898,,
37,123947778010478,2007,32.355474,-81.338746,103,3,,,,,,,,,,,91.055,,,,,147.888,,,,,,,,,,132.57,,
37,61558700010478,2000,33.23,-83.1292,141,3,,,,20.337,,,,,,,,,,,,,,,31.116,,,,,42.237,,,,
37,56782654010478,1997,31.346888,-84.756886,99,3,76.956,,,,,,,,104.899,,,,,,,,,,88.708,,,,,,,,,
37,43266347020004,2013,34.792587,-83.736946,311,3,,,,,,,,,,,,,,,,,63.737,,,,,69.95,,,,,86.189,
37,56951411010478,1997,31.97997,-84.853391,259,3,58.827,,,,,,,,,,,30.532,,,,,62.943,,,,,,,,,,,
37,153847395010854,2009,31.713828,-83.794322,287,3,,,,,,,,,,,,,57.567,,,,,,,,,,9.28,,,,,13.456
37,144472202010478,2008,31.935098,-82.545876,161,3,,,,,,,,,,,,51.73,,,,,81.738,,,,,,,,,,15.232,
37,56692557010478,1997,33.035772,-83.829541,207,3,79.275,,,,,,,,,,,,,,,,,38.342,,,,,114.17,,,,,
38,123943103010478,2007,32.512439,-83.510287,289,3,,,,,,,,,,,29.07,,,,,,,,,,108.752,,,,,162.994,,
38,61163133010478,1999,31.067779,-81.79517,39,3,,,196.495,,,,,,,,,,,,35.571,,,,,165.42,,,,,,,,
38,56578586010478,1997,33.356718,-83.216827,237,3,42.08,54.478,,,,,,,,,,,,,79.693,,,,,,,,,,,,,
38,56785714010478,1997,30.647167,-82.771489,101,3,117.291,,,,,181.581,,,,,,,,,,15.977,,,,,,,,,,,,
38,56681476010478,1997,32.219034,-84.442495,197,3,142.114,,,,,,,,186.122,,,,,,,,,,,,,,,147.971,,,,
38,216220371020004,2014,34.862727,-83.788626,281,3,,,,,,,,,,,,,,,,,,164.694,,,,,180.483,,,185.99,,
38,259083348010854,2012,34.788561,-83.757323,311,3,,,,,,,,,,,,,,,,230.849,,,,,252.483,,,,,,294.668,
38,61316794010478,2004,32.865203,-83.918455,207,3,,,,,,,,128.433,,,,,140.091,,,,,,,,,,176.978,,,,,
38,61064056010478,1999,31.734945,-84.215108,177,3,,,58.152,,,,,,,,,,68.022,,,,,68.896,,,,,,,,,,
38,144541534010478,2008,32.007979,-83.102534,91,3,,,,,,,,,,,,7.94,,,,,46.739,,,,,84.257,,,,,,
38,76395516010478,2005,31.34192,-84.291366,7,3,,,,,,,,,175.42,,,,,189.15,,,,,192.254,,,,,,,,,
38,61380282010478,2003,33.231528,-85.005417,149,3,,,,,,,17.064,,,,,,,,,,55.202,,,,,,,,,,10.077,
38,246591237010854,2011,34.680668,-83.387345,137,3,,,,,,,,,,,,,,,155.558,,,,,163.15,,,,124.291,,,,
39,56585214010478,1997,31.881388,-84.786331,243,3,70.603,,,,,,,,,110.325,,,,,,,,,,,,,,,28.995,,,
39,56658594010478,1997,31.812936,-82.776617,161,3,209.423,,,,,,,,,,,,,,,,,,,,135.094,,,,,152.819,,
39,61206554010478,1998,31.649519,-81.48254,191,3,,117.483,,,,,,,,,,,,,,129.34,,,,,,,,,,54.906,,
39,61121266010478,2002,31.894284,-84.344836,261,3,,,,,,139.066,,,,,,,,,,,,,,,38.514,,,,,105.127,,
39,259083365010854,2012,34.950138,-83.830937,281,3,,,,,,,,,,,,,,,,199.173,,,,,228.859,,,,253.117,,,
39,246591460010854,2011,34.682098,-85.034095,313,3,,,,,,,,,,,,,,,140.232,,,,,163.933,,,,,,197.382,,
39,56688691010478,1997,31.380377,-84.063331,205,3,80.224,119.742,,,,,,,,,,,,,,,,101.342,,,,,,,,,,
39,61217811010478,1998,33.984468,-82.8293,221,3,,44.119,,,,,,,,,,,,18.755,,,,,,,,,,32.27,,,,
39,61575314010478,1999,32.631631,-83.537849,289,3,,,128.146,,,,,,,,,,,,,,,,,,,,28.712,,,,,94.89
39,61063336010478,1999,32.689825,-82.991837,175,3,,,13.856,,,,,,,,,,,,,,,,,,,22.824,,,,,25.04,
39,56842889010478,1997,34.450174,-85.47214,55,3,47.786,54.712,,,,,,,,,,,,,,,,,,,,,,,,,94.458,
39,144463509010478,2008,30.983952,-84.355766,131,3,,,,,,,,,,,,39.391,,,,,72.655,,,,,100.12,,,,,,
39,61324833010478,2004,32.789291,-81.715969,251,3,,,,,,,,47.097,,,,,99.033,,,,,,,,,,,,,,,111.075
39,259083340010854,2012,34.741568,-83.744002,311,3,,,,,,,,,,,,,,,,238.535,,,,,278.859,,,308.681,,,,
40,259082266010854,2012,32.577674,-84.680775,263,3,,,,,,,,,,,,,,,,17.17,,,,,61.303,,,,,138.949,,
40,56794033010478,1997,32.660752,-82.425677,107,3,127.946,,,,,,,,,,,,,,,87.899,,,,,,,,,,144.333,,
40,76819478010478,2006,32.822589,-82.662302,303,3,,,,,,,,,,11.114,,,,,,25.945,,,,,40.787,,,,,,,
40,259082054010854,2012,34.899183,-85.425004,83,3,,,,,,,,,,,,,,,,159.273,,,,,181.048,,,,,205.508,,
40,56768180010478,1997,32.904155,-83.215026,319,3,126.032,,,,,,,,,,,,,119.521,,,,,,,,,,16.521,,,,
40,43266323020004,2013,34.699409,-83.877067,187,3,,,,,,,,,,,,,,,,,259.148,,,,,254.281,,,272.448,,,
40,76769304010478,2006,32.617834,-83.071415,175,3,,,,,,,,,,16.076,,,,,67.11,,,,,135.766,,,,,,,,
40,56584913010478,1997,31.750113,-84.759585,243,3,124.898,,,189.457,,,,,,,,,,172.104,,,,,,,,,,,,,,
40,61484402010478,2001,32.322284,-84.222139,193,3,,,,,115.382,,,,,,,,,,,,,,,86.11,,,,,121.378,,,
40,259083324010854,2012,34.636469,-85.04036,313,3,,,,,,,,,,,,,,,,187.891,,,,,200.335,,,,219.925,,,
40,61254096010478,1998,30.962328,-82.800073,65,3,,1.678,,,,,,,,,,88.791,,,,,157.24,,,,,,,,,,,
40,61308651010478,2004,31.774872,-84.140981,177,3,,,,,,,,32.46,,,,51.445,,,,,,,,,,89.625,,,,,,
40,153846915010854,2009,33.34838,-83.559992,159,3,,,,,,,,,,,,,52.508,,,,,,,,,,81.108,,,,,103.746
40,56600879010478,1997,31.659415,-81.450978,179,3,140.725,,,,,,,,,,,22.198,,,,,80.478,,,,,,,,,,,
40,153846425010854,2009,30.921217,-81.742514,39,3,,,,,,,,,,,,,104.553,,,,,177.386,,,,,,,,,,180.393
40,246591448010854,2011,34.763627,-83.774102,311,3,,,,,,,,,,,,,,,229.931,,,,,243.513,,,,,,,,246.419
41,236495751010854,2011,33.56707,-84.652035,121,3,,,,,,,,,,,,,,,25.909,,,,,45.148,,,,,39.804,,,
41,61467443010478,2002,32.19676,-83.675398,93,3,,,,,,25.4,,,,,27.399,,,,,26.338,,,,,,,,,,,,
41,56781389010478,1997,31.26068,-85.0198,99,3,81.981,,81.321,,,,,,,,,,,,,53.196,,,,,,,,,,,,
41,56786158010478,1997,30.767491,-82.939347,101,3,124.623,85.278,,,,,,,,,,,,,31.589,,,,,,,,,,,,,
41,56919829010478,1997,30.697172,-83.817906,275,3,14.634,16.443,,,,,,,,,,,,,1.315,,,,,,,,,,,,,
41,123959362010478,2007,34.293017,-83.726134,139,3,,,,,,,,,,,70.297,,,,,95.433,,,,,104.621,,,,,,,
41,56630855010478,1997,32.039887,-81.401354,29,3,160.805,,,167.659,,,,,,,,,,,,,,,,,,,,9.078,,,,
41,61532324010478,2000,31.146989,-82.267621,299,3,,,,93.859,,,,,,,,,,,,,73.519,,,,,97.389,,,,,,
41,61142376010478,1998,31.164162,-81.64071,127,3,,93.38,,,,,,,,,,,,,,,,46.529,,,,,101.505,,,,,
41,144450728010478,2008,31.373693,-83.88341,321,3,,,,,,,,,,,,2.274,,,,,38.31,,,,,83.211,,,,,,
41,61044506010478,1999,34.546329,-84.969744,129,3,,,8.692,,,,,,,,,22.111,,,,,,,,,,,,,,,50.771,
41,144472489010478,2008,33.018412,-82.422728,163,3,,,,,,,,,,,,71.503,,,,,109.504,,,,,133.232,,,,,,
41,56744884010478,1997,34.271169,-85.317925,115,3,29.877,,,,,,,,,,,,,,,,56.345,,,,,,,,,,103.667,
41,56727183010478,1997,32.691059,-84.771354,145,3,112.44,,,,,,,,,,,,,,,,139.349,,,,,,,,,,20.071,
41,76389365010478,2005,31.352733,-83.005123,3,3,,,,,,,,,37.789,,,,,78.867,,,,,,,,,,69.512,,,,
41,144462292010478,2008,33.153542,-82.645072,125,3,,,,,,,,,,,,136.262,,,,,149.441,,,,,169.215,,,,,,
41,216220369020004,2014,34.907135,-83.79731,281,3,,,,,,,,,,,,,,,,,,121.433,,,,,142.473,,,,,160.315
41,246591269010854,2011,34.794643,-85.131711,313,3,,,,,,,,,,,,,,,95.508,,,,,105.689,,,,,,,,132.031
41,259083368010854,2012,34.720757,-83.910597,187,3,,,,,,,,,,,,,,,,179.827,,,,,182.67,,,196.84,,,,
42,259082206010854,2012,33.379243,-84.683614,77,3,,,,,,,,,,,,,,,,29.097,,,,,30.474,,,,,34.794,,
42,123913069010478,2007,30.769387,-83.195471,185,3,,,,,,,,,,,1.065,,,,11.089,,,,,10.336,,,,,,,,
42,259083341010854,2012,34.719172,-83.788319,311,3,,,,,,,,,,,,,,,,183.193,,,,,223.266,,,,212.673,,,
42,61058640010478,1999,32.837313,-82.421637,163,3,,,25.963,,,,,,24.685,,,,,36.052,,,,,,,,,,,,,,
42,61559262010478,2000,32.828747,-85.073967,145,3,,,,96.191,,,,,166.589,,,,,,,,,,,,,,,92.223,,,,
42,216220333020004,2014,34.506623,-83.480868,137,3,,,,,,,,,,,,,,,,,,271.107,,,,,346.744,,,,411.899,
42,61193462010478,1999,32.469702,-81.251383,103,3,,,23.658,,,,,,,,,,122.921,,,,,,,,,,,,,,,81.812
42,61227357010478,1998,33.252845,-82.117703,245,3,,76.937,,,,,,,,,,,,,,,,33.011,,,,,72.943,,,,,
42,153847213010854,2009,33.42612,-83.409416,237,3,,,,,,,,,,,,,35.313,,,,,111.313,,,,,,,,,,196.816
42,61369655010478,2004,32.189508,-83.295645,91,3,,,,,,,,120.156,,,,,130.698,,,,,162.427,,,,,,,,,,
43,56953271010478,1997,32.034232,-84.966676,259,3,80.469,,,,,,,,,,,,,,,51.513,,,,,,,,,,53.668,,
43,61173628010478,1999,30.769944,-82.61863,65,3,,,6.11,,,,,,,70.019,,,,,,,,,,104.022,,,,,,,,
43,61121893010478,2002,32.741501,-84.47993,263,3,,,,,,75.856,,,,,109.353,,,,,,,,,,159.6,,,,,,,
43,61508768010478,2001,32.629492,-83.201054,319,3,,,,,35.365,,,,,73.92,,,,,,,,,,131.528,,,,,,,,
43,61147699010478,1998,33.219193,-82.857648,141,3,,71.176,,,,,,,,,,,,100.899,,,,,152.415,,,,,,,,,
43,61570017010478,2000,30.811464,-83.21008,185,3,,,,62.625,,,,,,,,,,64.073,,,,,,,,,,77.247,,,,
43,259082973010854,2012,33.049139,-82.242233,33,3,,,,,,,,,,,,,,,,80.183,,,,,80.893,,,,,95.186,,
43,246591480010854,2011,34.816111,-83.768387,281,3,,,,,,,,,,,,,,,217.1,,,,,251.749,,,,,,253.002,,
43,259083338010854,2012,34.721596,-83.487731,137,3,,,,,,,,,,,,,,,,251.84,,,,,244.586,,,,,,279.061,
43,56652661010478,1997,31.561613,-83.334667,155,3,103.323,,120.285,,,,,,,,,,,,,,,,,,,,36.891,,,,,
43,61505203010478,2001,33.015773,-82.581215,303,3,,,,,30.468,,,,,,,,,,,,97.093,,,,,,,,,,132.445,
43,61189043010478,1999,32.139472,-82.997438,91,3,,,79.816,,,,,,,,,,,11.692,,,,,,,,,,41.617,,,,
43,61399332010478,2003,31.835194,-84.787281,243,3,,,,,,,14.762,,,,,19.719,,,,,18.489,,,,,,,,,,,
43,246591071010854,2011,34.690343,-83.984336,187,3,,,,,,,,,,,,,,,158.611,,,,,182.626,,,,196.83,,,,
43,246591450010854,2011,34.743253,-83.800859,311,3,,,,,,,,,,,,,,,200.51,,,,,226.11,,,,242.513,,,,
44,216220341020004,2014,34.974551,-83.899089,281,3,,,,,,,,,,,,,,,,,,154.48,,,,,224.411,,,265.822,,
44,246591484010854,2011,34.683041,-83.802932,311,3,,,,,,,,,,,,,,,212.987,,,,,234.106,,,,,,224.282,,
44,56684462010478,1997,32.886034,-84.631251,199,3,102.99,,131.984,,,,,,,,,,,,,,,,,,,,,40.632,,,,
44,76372706010478,2005,33.360024,-83.704393,159,3,,,,,,,,,112.556,,,,,136.123,,,,,169.421,,,,,,,,,
44,76333501010478,2005,32.682365,-84.40586,263,3,,,,,,,,,62.613,,,,,93.882,,,,,,,,,,49.511,,,,
44,246591073010854,2011,34.645648,-83.982929,187,3,,,,,,,,,,,,,,,134.528,,,,,135.606,,,,,,,160.091,
44,56584727010478,1997,31.747158,-84.83617,243,3,57.125,,,,,,,,,,,,,,,,,,,,,49.599,,,,,99.794,
44,56711542010478,1997,33.899002,-84.150071,135,3,106.05,109.968,,,,,,,,,,,124.604,,,,,,,,,,,,,,,
44,153846608010854,2009,34.433957,-84.063279,85,3,,,,,,,,,,,,,143.554,,,,,165.971,,,,,,,,,,195.273
45,123916680010478,2007,32.495264,-84.575888,197,3,,,,,,,,,,,9.352,,,,,,,,,,17.524,,,,,21.528,,
45,56889547010478,1997,31.463781,-82.500677,299,3,32.4,,,,89.722,,,,,,,,,,,,,,,100.049,,,,,,,,
45,259082226010854,2012,34.370155,-84.289484,57,3,,,,,,,,,,,,,,,,82.019,,,,,104.268,,,,,142.036,,
45,123904280010478,2007,33.21254,-82.799546,303,3,,,,,,,,,,,63.931,,,,,120.772,,,,,,,,,,74.814,,
45,56902502010478,1997,31.48514,-81.84014,305,3,132.451,,,,,,,,,,147.759,,,,,167.888,,,,,,,,,,,,
45,216220368020004,2014,34.755937,-83.561324,137,3,,,,,,,,,,,,,,,,,,207.919,,,,,222.937,,,241.548,,
45,56677014010478,1997,32.213861,-82.978044,175,3,35.714,,,77.898,,,,,123.593,,,,,,,,,,,,,,,,,,,
46,123946577010478,2007,30.641033,-82.692875,101,3,,,,,,,,,,,33.229,,,,,95.877,,,,,,,,,,151.472,,
46,76699253010478,2006,33.161999,-84.625307,199,3,,,,,,,,,,78.999,,,,,105.277,,,,,,,,,,161.567,,,
46,216220379020004,2014,34.59388,-84.234032,85,3,,,,,,,,,,,,,,,,,,231.216,,,,,264.943,,,270.733,,
46,216220382020004,2014,34.713567,-83.848875,311,3,,,,,,,,,,,,,,,,,,299.999,,,,,337.499,,,324.035,,
46,56625722010478,1997,30.663853,-83.685382,27,3,0.818,6.176,,,,,,,,,,,,,,,,,8.448,,,,,,,,,
46,61198209010478,1998,32.535984,-82.705938,175,3,,10.133,,,,,,,59.903,,,,,80.311,,,,,,,,,,,,,,
46,216220353020004,2014,34.663105,-84.020201,187,3,,,,,,,,,,,,,,,,,,206.11,,,,,201.871,,,,223.916,
46,61627406010478,1999,32.150814,-84.369658,261,3,,,8.063,,,,,,,,,69.452,,,,,,,,,,96.948,,,,,,
46,56671934010478,1997,33.112141,-83.520391,169,3,21.529,,,,,,,,,,,,125.793,,,,,,,,,,,,,,,56.955
46,61359539010478,2004,33.508693,-84.888998,45,3,,,,,,,,42.311,,,,,92.343,,,,,,,,,,,,,,,172.363
46,144528293010478,2008,31.62041,-82.804192,69,3,,,,,,,,,,,,4.023,,,,,41.242,,,,,,,,,,121.955,
46,56880498010478,1997,31.454079,-83.291806,19,3,90.688,,,,,,,,,,,,,,,,,,,,,37.688,,,,,88.091,
46,61406581010478,2003,32.289083,-82.404793,279,3,,,,,,,61.27,,,,,,,,,,,,,,,29.499,,,,,76.036,
46,61514572010478,2000,32.962969,-83.865182,207,3,,,,42.095,,,,,53.105,,,,,,,,,,,,,,,70.739,,,,
46,246591199010854,2011,34.808242,-83.609055,137,3,,,,,,,,,,,,,,,168.995,,,,,197.065,,,,,,,,237.674
47,61289135010478,2001,33.251062,-82.789554,141,3,,,,,12.553,,,,,54.584,,,,,112.352,,,,,,,,,,,,,
47,76400500010478,2005,31.038618,-82.07269,25,3,,,,,,,,,18.836,,,,,61.469,,,,,,,,,,133.317,,,,
47,61349284010478,2003,32.701872,-83.278307,319,3,,,,,,,12.302,,,,,58.426,,,,,107.92,,,,,,,,,,,
47,144473212010478,2008,32.844039,-82.464703,163,3,,,,,,,,,,,,227.963,,,,,263.079,,,,,286.83,,,,,,
47,56850825010478,1997,31.024332,-82.860046,65,3,125.436,,,,,,,,,,,,,,,,,63.065,,,,,103.562,,,,,
47,61571910010478,1999,31.97297,-82.363286,279,3,,,1.298,,,,,,,,,57.282,,,,,,,,,,62.065,,,,,,
47,259083343010854,2012,34.645745,-83.825239,311,3,,,,,,,,,,,,,,,,297.089,,,,,331.143,,,,,,,230.013
47,246591081010854,2011,34.722594,-83.943274,187,3,,,,,,,,,,,,,,,335.093,,,,,377.009,,,,415.372,,,,
48,61166065010478,1999,30.503627,-82.158298,49,3,,,39.447,,,,,,,,,,,,,105.271,,,,,152.109,,,,,,,
48,56900621010478,1997,31.724707,-82.122048,305,3,74.375,,,,,,,,13.404,,,,,,,,,,,,,,,95.303,,,,
48,61207064010478,1998,32.407805,-84.147258,193,3,,0.148,,,,,,,,,46.882,,,,,,,,,,,,,,,20.185,,
48,61259121010478,1998,33.347399,-84.570177,77,3,,64.192,,,,,,,,106.249,,,,,119.688,,,,,,,,,,,,,
48,56647235010478,1997,30.88508,-81.589125,39,3,94.144,,,,,,,,,,,,,,,,,,73.892,,,,,99.324,,,,
48,43266329020004,2013,34.743225,-83.600526,137,3,,,,,,,,,,,,,,,,,146.69,,,,,120.986,,,133.865,,,
48,43266355020004,2013,34.653011,-84.103026,187,3,,,,,,,,,,,,,,,,,284.289,,,,,318.934,,,,341.042,,
48,61133979010478,1998,32.454979,-81.365774,103,3,,20.023,,,,,,,,,,,,,,,,57.919,,,,,84.064,,,,,
48,61121089010478,2002,31.917522,-84.038299,261,3,,,,,,57.656,,,,,,,,,,,79.136,,,,,,,,,,93.39,
48,56851420010478,1997,30.822608,-82.784451,65,3,81.579,,,106.927,,,,,,,,,,,,,,,,,,,,156.601,,,,
48,56886930010478,1997,31.167581,-81.941539,25,3,22.279,,,,,,,95.099,,,,,,,,,,,,,,,,,,,,46.938
49,56775228010478,1997,32.287386,-83.165719,91,3,27.315,,,,,,,,,,116.466,,,,,,,,,,,,,,,63.894,,
49,61550406010478,2000,32.500597,-81.365321,103,3,,,,108.193,,,,,125.357,,,,,,,,,,119.955,,,,,,,,,
49,56604370010478,1997,31.800707,-81.854356,183,3,81.681,,,,,,,,,,197.196,,,,,,,,,,,,,,,110.979,,
49,259083328010854,2012,34.641424,-84.1267,187,3,,,,,,,,,,,,,,,,111.816,,,,,95.325,,,,,117.243,,
49,43266338020004,2013,34.70559,-83.594943,137,3,,,,,,,,,,,,,,,,,118.563,,,,,134.334,,,,,156.206,
49,144447858010478,2008,32.092072,-83.537658,315,3,,,,,,,,,,,,134.472,,,,,167.24,,,,,211.997,,,,,,
49,56865500010478,1997,34.386239,-84.94375,15,3,44.606,,,63.362,,,,,87.396,,,,,,,,,,,,,,,,,,,
49,56665368010478,1997,32.836063,-82.000567,165,3,82.831,,,,,,,,,,,,,,,,15.144,,,,,99.315,,,,,,
49,144459260010478,2008,34.106957,-85.387797,115,3,,,,,,,,,,,,8.072,,,,,12.766,,,,,18.285,,,,,,
50,61289829010478,2001,32.780122,-84.792351,145,3,,,,,95.12,,,,,140.985,,,,,,,,,,,,,,,73.697,,,
50,61489287010478,2001,33.714835,-83.071947,221,3,,,,,63.775,,,,,,,,,,89.404,,,,,131.6,,,,,,,,
50,76948932010478,2006,32.723705,-84.377692,263,3,,,,,,,,,,32.513,,,,,58.871,,,,,105.099,,,,,,,,
50,56601034010478,1997,31.694905,-81.358648,179,3,54.89,93.832,,,,,,,,,,,,,,,,,0.213,,,,,,,,,
50,61550101010478,2000,30.622587,-82.666877,101,3,,,,41.789,,,,,71.728,,,,,,,,,,,,,,,34.819,,,,
50,56830006010478,1997,33.578876,-85.077295,45,3,117.007,124.269,,,,,,,,,,,217.229,,,,,,,,,,,,,,,
50,56892556010478,1997,31.076614,-82.404962,299,3,81.476,,,,,,,113.836,,,,,,,,,,,,,,,20.915,,,,,
50,144499869010478,2008,32.073057,-84.857218,259,3,,,,,,,,,,,,24.243,,,,,54.742,,,,,,,,,,57.57,
50,216220244020004,2014,32.469527,-81.542492,31,3,,,,,,,,,,,,,,,,,,47.677,,,,,121.09,,,,,188.198
50,61278637010478,2001,32.398948,-83.185337,91,3,,,,,115.375,,,,,,,,,,,,,,,,,,34.113,,,,,58.659
50,216220339020004,2014,34.812672,-83.654047,137,3,,,,,,,,,,,,,,,,,,192.79,,,,,216.335,,,,,233.036
50,246591103010854,2011,34.600841,-84.019299,187,3,,,,,,,,,,,,,,,87.845,,,,,81.413,,,,,,,,103.576
51,123942461010478,2007,33.118881,-85.220835,285,3,,,,,,,,,,,77.93,,,,,,,,,,45.248,,,,,140.92,,
51,76812742010478,2006,30.776508,-84.516192,87,3,,,,,,,,,,31.93,,,,,74.851,,,,,149.68,,,,,,,,
51,61259023010478,1998,33.344765,-84.624037,77,3,,87.952,,,,,,,,,,,5.936,,,,,8.009,,,,,,,,,,
51,56892232010478,1997,31.31388,-82.53534,299,3,38.583,,,,,,,,,,,,102.296,,,,,,,,,,32.374,,,,,
51,61310446010478,2004,31.772501,-81.64577,183,3,,,,,,,,40.215,,,,94.816,,,,,,,,,,,,,,,7.434,
51,56796688010478,1997,32.720971,-82.18998,107,3,85.922,,,,,,,,,,,,33.486,,,,,39.36,,,,,,,,,,
51,56871810010478,1997,31.743446,-82.422869,1,3,109.145,,,147.354,,,,,173.328,,,,,,,,,,,,,,,,,,,
51,153847306010854,2009,32.803084,-84.686325,263,3,,,,,,,,,,,,,27.079,,,,,57.162,,,,,,,,,,33.343
52,56853743010478,1997,30.994877,-82.662599,65,3,140.883,,,,,,,,,,,,,,54.264,,,,,144.367,,,,,,,,
52,61125986010478,2002,32.892853,-85.127669,285,3,,,,,,75.247,,,,,,,,,,,,,,,38.913,,,,,107.791,,
52,56918686010478,1997,30.698721,-83.961455,275,3,48.073,70.828,,,,,,,,,,,,,,,,,,,,,,,30.53,,,
52,259083308010854,2012,31.946793,-80.905389,51,3,,,,,,,,,,,,,,,,14.591,,,,,11.167,,,,,3.987,,
52,216220358020004,2014,34.586463,-84.061794,187,3,,,,,,,,,,,,,,,,,,164.967,,,,,167.422,,,180.144,,
52,61401645010478,2003,32.135416,-84.912677,259,3,,,,,,,73.082,,,,,,,,,,90.524,,,,,,,,,,92.211,
52,61183977010478,1999,33.423931,-84.892612,77,3,,,9.785,,,,,,,,,,,,,,,27.572,,,,,39.17,,,,,
52,144513889010478,2008,32.92766,-83.02824,303,3,,,,,,,,,,,,17.992,,,,,71.525,,,,,,,,,,55.824,
53,259082375010854,2012,31.259524,-84.871587,99,3,,,,,,,,,,,,,,,,55.816,,,,,62.364,,,,,82.382,,
53,61478070010478,2002,33.122709,-82.997137,141,3,,,,,,32.876,,,,,88.014,,,,,,,,,,108.109,,,,,,,
53,61627842010478,1999,32.149177,-84.102282,261,3,,,12.039,,,,,,,,68.953,,,,,,,,,,108.537,,,,,,,
53,56761817010478,1997,30.766727,-84.377211,131,3,55.109,,,,,,,,,,,,,,162.406,,,,,223.609,,,,,,,,
53,76827143010478,2006,32.791954,-83.165919,319,3,,,,,,,,,,44.01,,,,,94.35,,,,,158.598,,,,,,,,
53,76774420010478,2006,30.664974,-83.356224,185,3,,,,,,,,,,64.404,,,,,132.543,,,,,,,,,,53.41,,,
53,61453193010478,2002,30.944249,-81.777591,39,3,,,,,,153.366,,,,,167.354,,,,,220.352,,,,,,,,,,,,
53,56867368010478,1997,34.148308,-84.776486,15,3,63.222,60.874,,,,,,,,,,,,,,,,5.634,,,,,,,,,,
53,61094663010478,1999,31.335027,-81.882527,25,3,,,13.064,,,,,,,,,,101.391,,,,,,,,,,,,,,,76.146
53,259083329010854,2012,34.587741,-84.118497,187,3,,,,,,,,,,,,,,,,143.38,,,,,164.488,,,,,,,158.686
54,56790714010478,1997,32.26508,-81.235796,103,3,70.779,,89.174,,,,,,,,,,,,,53.561,,,,,,,,,,,,
54,259082067010854,2012,34.520802,-85.30368,55,3,,,,,,,,,,,,,,,,13.653,,,,,29.932,,,,,41.635,,
54,246591482010854,2011,34.619552,-84.124362,187,3,,,,,,,,,,,,,,,235.193,,,,,262.842,,,,,,,295.872,
55,56688503010478,1997,31.252835,-84.162744,205,3,49.041,,,,,,,,,,,,,,,88.319,,,,,120.515,,,,,,,
55,61285899010478,2001,31.299556,-81.517923,127,3,,,,,32.02,,,,,,,,,,7.927,,,,,,,,,,1.898,,,
55,61078357010478,1998,33.071258,-82.942382,303,3,,28.972,,,,,,,,,,,,,,,,,109.327,,,,,163.706,,,,
55,76418720010478,2005,31.047165,-83.823711,71,3,,,,,,,,,14.407,,,,,51.025,,,,,,,,,,76.486,,,,
55,76332235010478,2005,32.145284,-84.329223,261,3,,,,,,,,,38.177,,,,,77.517,,,,,,,,,,63.86,,,,
55,61513151010478,2000,33.023469,-84.839848,199,3,,,,114.095,,,,,,,,,,29.844,,,,,101.897,,,,,,,,,
55,176548716010854,2010,30.795058,-81.59356,39,3,,,,,,,,,,,,,,6.343,,,,,64.131,,,,,120.253,,,,
55,43266356020004,2013,34.566542,-84.125081,187,3,,,,,,,,,,,,,,,,,130.473,,,,,139.787,,,,,158.049,
55,56856172010478,1997,31.122766,-82.86848,65,3,141.973,,,,,,,,,,,,,,,,11.958,,,,,43.341,,,,,,
55,56651101010478,1997,33.639306,-85.268236,45,3,18.709,,,,,,,28.141,,,,,,,,,,223.425,,,,,,,,,,
56,43266328020004,2013,34.581384,-85.166896,55,3,,,,,,,,,,,,,,,,,203.289,,,,,220.225,,,,253.118,,
56,56834440010478,1997,30.552299,-82.109272,49,3,63.448,,,,,,,,,,,,,,0.36,,,,,1.78,,,,,,,,
56,61495614010478,2001,32.007721,-84.791388,259,3,,,,,31.788,,,,,78.555,,,,,,,,,,,,,,,101.948,,,
56,246591418010854,2011,34.586447,-84.170524,187,3,,,,,,,,,,,,,,,195.706,,,,,227.111,,,,,,268.898,,
56,61521468010478,2000,32.835973,-81.658418,251,3,,,,56.98,,,,,64.895,,,,,,,,,,,,,,,24.292,,,,
56,61422111010478,2003,30.98566,-83.49033,27,3,,,,,,,11.654,,,,,30.043,,,,,70.922,,,,,,,,,,,
57,56685144010478,1997,33.000539,-84.538867,199,3,54.698,,,,,,,,,,,,,,21.285,,,,,,,,,,17.224,,,
57,56591180010478,1997,32.735419,-81.770567,251,3,247.202,,,,,,,,,,58.459,,,,,129.388,,,,,,,,,,,,
57,61523207010478,2000,32.219605,-84.172638,261,3,,,,88.231,,,,,125.083,,,,,156.994,,,,,,,,,,,,,,
57,61144128010478,1998,31.066908,-84.348241,131,3,,125.322,,,,,,,,,,,,,,,8.291,,,,,46.505,,,,,,
57,61418678010478,2003,34.404594,-84.691333,15,3,,,,,,,82.019,,,,,,,,,,,,,,,102.821,,,,,124.518,
57,56774711010478,1997,32.244335,-83.163507,91,3,39.048,,,,,,45.755,,,,,,,,,,,,,,,24.311,,,,,,
57,76390127010478,2005,32.605443,-83.990218,79,3,,,,,,,,,7.777,,,,,32.779,,,,,,,,,,30.023,,,,
58,259082818010854,2012,32.459589,-82.922512,175,3,,,,,,,,,,,,,,,,1.176,,,,,19.142,,,,,68.049,,
58,61188949010478,1999,32.122382,-83.101258,91,3,,,31.641,,,,,,,,72.506,,,,,,,,,,83.423,,,,,,,
58,56873486010478,1997,31.664488,-82.138101,1,3,110.592,,,,,,,,36.383,,,,,,,,,,151.659,,,,,,,,,
58,56798920010478,1997,32.373144,-82.368049,107,3,45.478,,,,120.829,,,,,,,,,,65.305,,,,,,,,,,,,,
58,76764994010478,2006,32.950378,-82.319089,163,3,,,,,,,,,,5.451,,,,,49.852,,,,,113.489,,,,,,,,
58,61050434010478,1999,33.410826,-82.967483,141,3,,,167.224,,,,,,199.098,,,,,,,,,,,,,,,,,,,144.59
58,61090481010478,1999,34.325629,-84.962036,15,3,,,50.552,,,,,,,,,116.114,,,,,,,,,,,,,,,56.039,
58,61391823010478,2003,33.157321,-84.724574,199,3,,,,,,,144.538,,,,,,,,,,,,,,,164.645,,,,,197.78,
59,56798228010478,1997,32.427263,-82.308985,107,3,43.416,,,49.082,,,,,,,,,,,,,,,,,,,,16.059,,,,
59,61483705010478,2001,31.476407,-81.558258,191,3,,,,,79.421,,,,,104.319,,,,,,,,,,81.18,,,,,,,,
59,56896476010478,1997,32.893418,-82.939261,303,3,163.209,,,,,,,,,,,,,,,,,,,,74.004,,,,,127.348,,
59,61549664010478,2000,31.424422,-84.893317,99,3,,,,48.849,,,,,81.42,,,,,,,,,,,,,,,82.181,,,,
59,176549136010854,2010,33.831673,-85.315207,143,3,,,,,,,,,,,,,,5.474,,,,,85.084,,,,,152.582,,,,
59,61143921010478,1998,30.80889,-84.244346,131,3,,52.161,,,,,,,114.54,,,,,161.691,,,,,,,,,,,,,,
59,61336362010478,2004,31.169049,-82.368212,299,3,,,,,,,,68.414,,,,,,,,,,76.913,,,,,119.956,,,,,
59,61559458010478,2000,32.746892,-84.851281,145,3,,,,54.853,,,,,107.154,,,,,,,,,,145.126,,,,,,,,,
59,61392692010478,2003,31.41499,-84.074035,205,3,,,,,,,56.416,,,,,85.37,,,,,,,,,,,,,,,69.666,
60,176549128010854,2010,33.291538,-82.849136,141,3,,,,,,,,,,,,,,5.424,,,,,12.161,,,,,13.42,,,,
60,56774763010478,1997,31.945413,-83.166118,91,3,176.324,,205.935,,,,,,,,,,,,,,,,,53.449,,,,,,,,
60,56871115010478,1997,31.37633,-83.283993,19,3,135.668,150.356,,,,,,,,,,,,23.603,,,,,,,,,,,,,,
60,123979076010478,2007,31.005891,-84.545616,87,3,,,,,,,,,,,25.71,,,,,,,,,,30.121,,,,,32.452,,
60,56660933010478,1997,32.855579,-82.517255,163,3,33.685,,,,85.939,,,,,,,,,,,,,,,,,,,,37.02,,,
60,56725884010478,1997,32.845125,-84.93585,145,3,115.098,,,139.437,,,,,,,,,,,,,,,,,,,,89.71,,,,
60,56608354010478,1997,30.71014,-83.295213,185,3,2.445,,5.983,,,,,,,,,,23.696,,,,,,,,,,,,,,,
60,56591012010478,1997,32.631836,-81.7688,251,3,42.243,,,,,,,,,,,,128.386,,,,,,,,,,169.375,,,,,
60,153847532010854,2009,33.805701,-82.666236,317,3,,,,,,,,,,,,,134.886,,,,,163.157,,,,,191.498,,,,,
60,29111053010478,2005,31.818769,-85.033828,239,3,,,,,,,,,12.923,,,,,50.464,,,,,,,,,,15.004,,,,
60,246591065010854,2011,34.532424,-85.253676,55,3,,,,,,,,,,,,,,,149.348,,,,,166.998,,,,,,,,200.918
61,216220104020004,2014,32.274506,-83.259323,91,3,,,,,,,,,,,,,,,,,,5.809,,,,,18.241,,,,,26.308
61,61298073010478,2004,33.184986,-83.230373,141,3,,,,,,,,143.297,,,,,,,,,,120.355,,,,,79.428,,,,,
62,246591243010854,2011,34.43882,-85.303484,55,3,,,,,,,,,,,,,,,91.343,,,,,102.45,,,,,,122.075,,
62,61580794010478,1999,33.024735,-83.065874,303,3,,,3.5,,,,,,,72.926,,,,,144.692,,,,,,,,,,,,,
62,76402427010478,2005,30.819711,-83.501607,27,3,,,,,,,,,48.467,,,,,106.855,,,,,,,,,,120.971,,,,
62,76752681010478,2006,30.709976,-84.234807,131,3,,,,,,,,,,110.749,,,,,143.804,,,,,185.665,,,,,,,,
62,76789964010478,2006,31.409746,-82.914502,69,3,,,,,,,,,,3.047,,,,,,,,,,25.717,,,,,42.234,,,
62,61526649010478,2000,30.987051,-84.031332,275,3,,,,102.858,,,,,,,,,,95.45,,,,,116.094,,,,,,,,,
62,56857256010478,1997,30.744112,-82.565312,65,3,28.43,,47.642,,,,,,,,,,,,,,,,,,,22.099,,,,,,
62,56591570010478,1997,32.7317,-81.725809,251,3,33.547,67.677,,,,,,,,,,,195.493,,,,,,,,,,,,,,,
62,61247151010478,1998,30.869639,-82.040846,49,3,,104.477,,,,,,,,,,,160.221,,,,,,,,,,,,,,,44.261
62,56794325010478,1997,32.644558,-82.383494,107,3,97.294,,119.905,,,,,,,,,,,,,,,129.136,,,,,,,,,,
63,61279074010478,2001,32.246715,-83.218347,91,3,,,,,42.114,,,,,60.18,,,,,88.881,,,,,,,,,,,,,
63,61197914010478,1998,32.208573,-82.848682,175,3,,99.015,,,,,,,,,,,,,,,,,,,,,4.428,,,,,25.954
63,216220344020004,2014,34.420448,-85.339696,55,3,,,,,,,,,,,,,,,,,,175.447,,,,,170.05,,,,,199.753
64,259083132010854,2012,31.101802,-82.156947,25,3,,,,,,,,,,,,,,,,12.448,,,,,48.653,,,,,99.004,,
64,61246776010478,1998,30.891174,-81.997076,49,3,,14.337,,,,,,,40.041,,,,,,,,,,,,,,,44.197,,,,
64,61549585010478,2000,31.430567,-85.031609,99,3,,,,12.569,,,,,46.412,,,,,,,,,,57.341,,,,,,,,,
64,56631814010478,1997,32.36622,-81.877364,31,3,163.446,,,,,,,,,,,,,57.94,,,,,134.081,,,,,,,,,
64,43266084020004,2013,31.0797,-83.628691,71,3,,,,,,,,,,,,,,,,,28.616,,,,,49.268,,,,,78.183,
64,61390018010478,2003,31.443176,-81.247924,191,3,,,,,,,182.656,,,,,,,,,,152.267,,,,,,,,,,179.684,
65,61555755010478,2000,31.282845,-81.713035,127,3,,,,84.176,,,,,132.958,,,,,,,,,,222.237,,,,,,,,,
65,56646841010478,1997,30.939627,-81.696533,39,3,82.207,,111.135,,,,,,,,,,,,,,,,,,88.56,,,,,,,
65,259083356010854,2012,34.518611,-85.053736,129,3,,,,,,,,,,,,,,,,215.212,,,,,223.619,,,,261.611,,,
65,61268322010478,2001,30.516364,-82.027507,49,3,,,,,56.072,,,,,92.19,,,,,,,,,,,,,,,40.438,,,
65,153846290010854,2009,31.72589,-82.166008,1,3,,,,,,,,,,,,,4.518,,,,,28.384,,,,,50.581,,,,,
65,61304409010478,2004,33.114138,-82.481174,163,3,,,,,,,,31.676,,,,,67.778,,,,,109.356,,,,,,,,,,
66,259082225010854,2012,34.45117,-84.259984,227,3,,,,,,,,,,,,,,,,90.049,,,,,117.685,,,,,156.77,,
66,246591404010854,2011,34.525708,-85.068781,129,3,,,,,,,,,,,,,,,118.473,,,,,108.257,,,,,,,127.897,
67,259082826010854,2012,32.264377,-83.035905,175,3,,,,,,,,,,,,,,,,10.775,,,,,90.693,,,,,133.011,,
67,61533086010478,2000,33.077932,-82.76968,303,3,,,,13.809,,,,,57.572,,,,,,,,,,128.666,,,,,,,,,
67,56893201010478,1997,31.181673,-82.663416,299,3,144.94,,,,,,,,,,,,,,,,,37.067,,,,,88.798,,,,,
67,61622892010478,1999,32.893245,-81.700801,251,3,,,55.393,,,,,,,,,,,,,,97.506,,,,,,,,,,119.013,
67,216220343020004,2014,34.466478,-85.049555,129,3,,,,,,,,,,,,,,,,,,151.561,,,,,137.199,,,,,118.413
68,216219685020004,2014,33.421376,-83.855607,217,3,,,,,,,,,,,,,,,,,,41.982,,,,,88.67,,,,,121.55
69,61451411010478,2002,32.204489,-81.736096,31,3,,,,,,15.483,,,,,31.023,,,,,61.426,,,,,,,,,,,,
69,216220376020004,2014,34.78791,-84.1304,111,3,,,,,,,,,,,,,,,,,,277.191,,,,,296.568,,,320.101,,
69,153846952010854,2009,32.642504,-82.664058,167,3,,,,,,,,,,,,,82.463,,,,,,,,,,55.495,,,,,94.192
69,216219804020004,2014,31.711603,-82.298606,1,3,,,,,,,,,,,,,,,,,,79.33,,,,,130.739,,,,,168.333
70,56633369010478,1997,32.264786,-81.66642,31,3,9.968,,,,,30.511,,,,,,,,,,,,,,,,,,,,31.192,,
70,61350434010478,2003,31.758714,-83.923754,321,3,,,,,,,58.314,,,,,,,,,,12.904,,,,,102.766,,,,,,
70,259083359010854,2012,34.810563,-84.186988,111,3,,,,,,,,,,,,,,,,93.288,,,,,115.054,,,122.841,,,,
71,56600396010478,1997,31.743886,-81.331574,179,3,80.136,,,,,,,,,,,,,,81.723,,,,,112.818,,,,,,,,
71,246591091010854,2011,34.874478,-84.186139,111,3,,,,,,,,,,,,,,,154.452,,,,,165.239,,,,,,188.633,,
71,56637564010478,1997,32.915493,-82.114006,33,3,94.901,,,,,,,,,,,,,,,,92.501,,,,,,,,,,60.514,
71,153847475010854,2009,32.875831,-82.555537,303,3,,,,,,,,,,,,,12.783,,,,,42.165,,,,,,,,,,3.744
71,43266350020004,2013,33.715251,-83.270916,133,3,,,,,,,,,,,,,,,,,147.658,,,,,181.285,,,,,,236.249
72,216220352020004,2014,33.616246,-83.262958,133,3,,,,,,,,,,,,,,,,,,181.785,,,,,230.609,,,,,277.777
72,43266332020004,2013,34.823504,-84.173905,111,3,,,,,,,,,,,,,,,,,142.684,,,,,152.943,,,,,,176.583
73,76763096010478,2006,33.183939,-83.737963,159,3,,,,,,,,,,226.657,,,,,224.362,,,,,,,,,,122.685,,,
73,43266354020004,2013,33.637034,-83.286588,133,3,,,,,,,,,,,,,,,,,230.195,,,,,211.293,,,214.85,,,
73,56795145010478,1997,32.450084,-82.270791,107,3,42.227,,86.068,,,,,,,,,,,,,,,,,,154.434,,,,,,,
74,76739106010478,2006,30.62569,-82.969442,101,3,,,,,,,,,,13.443,,,,,46.817,,,,,68.313,,,,,,,,
74,259083342010854,2012,33.669279,-83.2747,133,3,,,,,,,,,,,,,,,,235.914,,,,,290.97,,,,,324.16,,
74,61079703010478,1998,31.479663,-81.927454,305,3,,2.522,,,,,,,46.401,,,,,,,,,,,,,,,87.277,,,,
74,216220377020004,2014,34.74464,-84.170609,111,3,,,,,,,,,,,,,,,,,,237.615,,,,,247.159,,,,283.694,
75,56678784010478,1997,32.464651,-82.868378,175,3,49.634,,,79.811,,,,,,,,,,80.306,,,,,,,,,,,,,,
75,61119349010478,2002,32.815771,-81.629204,251,3,,,,,,62.175,,,,,73.892,,,,,,,,,,88.873,,,,,,,
75,61542614010478,2000,30.783048,-82.791421,65,3,,,,36.887,,,,,84.848,,,,,,,,,,,,,,,53.816,,,,
75,61411045010478,2002,32.908606,-82.654301,303,3,,,,,,67.468,,,,,114.967,,,,,,,,,,58.656,,,,,,,
75,43266334020004,2013,34.626544,-84.208973,123,3,,,,,,,,,,,,,,,,,292.265,,,,,311.382,,,,275.159,,
75,246591424010854,2011,34.929973,-84.627538,213,3,,,,,,,,,,,,,,,264.979,,,,,208.426,,,,,,193.351,,
75,216220332020004,2014,33.182942,-83.693975,159,3,,,,,,,,,,,,,,,,,,158.229,,,,,202.184,,,,243.05,
76,216220342020004,2014,33.579718,-83.250413,133,3,,,,,,,,,,,,,,,,,,116.973,,,,,148.686,,,197.171,,
76,43266359020004,2013,33.19943,-83.719462,159,3,,,,,,,,,,,,,,,,,185.071,,,,,205.625,,,215.86,,,
76,56905121010478,1997,31.41113,-82.024725,305,3,30.599,39.011,,,,,,,,,,,,,,32.417,,,,,,,,,,,,
76,216220374020004,2014,34.716726,-84.163905,111,3,,,,,,,,,,,,,,,,,,227.367,,,,,180.836,,,,,212.316
76,259083360010854,2012,34.634181,-84.243921,123,3,,,,,,,,,,,,,,,,260.983,,,,,275.853,,,,,,,285.465
76,153846673010854,2009,30.794182,-83.100086,101,3,,,,,,,,,,,,,113.651,,,,,128.999,,,,,148.289,,,,,
77,216220383020004,2014,34.928062,-84.677727,213,3,,,,,,,,,,,,,,,,,,149.809,,,,,172.906,,,167.097,,
77,56901259010478,1997,31.513691,-82.036025,305,3,38.723,,76.261,,,,,,,,,,,36.719,,,,,,,,,,,,,,
77,259083344010854,2012,33.203,-83.760883,159,3,,,,,,,,,,,,,,,,106.838,,,,,40.352,,,,55.405,,,
77,43266325020004,2013,34.591986,-84.269036,123,3,,,,,,,,,,,,,,,,,111.986,,,,,126.973,,,,,154.349,
77,61601195010478,2000,30.973203,-81.98108,49,3,,,,25.978,,,,,61.628,,,,,92.058,,,,,,,,,,,,,,
77,144478397010478,2008,31.767187,-84.211509,177,3,,,,,,,,,,,,60.429,,,,,88.404,,,,,84.669,,,,,,
77,43266333020004,2013,34.705597,-84.186808,111,3,,,,,,,,,,,,,,,,,241.966,,,,,249.694,,,,,,269.995
78,259083334010854,2012,33.169987,-83.809259,159,3,,,,,,,,,,,,,,,,352.36,,,,,369.299,,,,,326.119,,
78,56640338010478,1997,33.038246,-81.709179,33,3,7.603,,18.279,,,,,,,,,,,18.789,,,,,,,,,,,,,,
78,56676759010478,1997,32.568276,-83.0673,175,3,61.033,,,,,,,,,,82.206,,,,,,,,,,,,,,,32.838,,
78,176549360010854,2010,32.218685,-84.587108,197,3,,,,,,,,,,,,,,50.034,,,,,120.792,,,,,166.999,,,,
78,216220360020004,2014,34.985415,-84.67899,213,3,,,,,,,,,,,,,,,,,,172.781,,,,,192.681,,,,,184.378
78,259083369010854,2012,34.609998,-84.275712,123,3,,,,,,,,,,,,,,,,386.195,,,,,428.005,,,472.577,,,,
79,216220346020004,2014,34.782073,-84.319589,123,3,,,,,,,,,,,,,,,,,,138.834,,,,,156.999,,,168.719,,
79,216220378020004,2014,34.673943,-84.203895,111,3,,,,,,,,,,,,,,,,,,186.529,,,,,222.112,,,246.845,,
79,123974564010478,2007,31.893306,-84.061672,177,3,,,,,,,,,,,9.163,,,,,25.131,,,,,,,,,,76.767,,
79,43266341020004,2013,34.832225,-84.613776,213,3,,,,,,,,,,,,,,,,,217.251,,,,,248.161,,,259.813,,,
79,76419035010478,2005,31.197448,-83.781932,71,3,,,,,,,,,46.451,,,,,44.618,,,,,,,,,,55.488,,,,
79,259083335010854,2012,33.279671,-83.719882,159,3,,,,,,,,,,,,,,,,249.11,,,,,256.435,,,,,,307.708,
79,56904113010478,1997,31.380503,-81.893212,305,3,130.991,,,,,,,,,,,110.907,,,,,,,,,,87.785,,,,,,
80,61451715010478,2002,33.112836,-81.916821,33,3,,,,,,100.716,,,,,,,,,,64.802,,,,,,,,,,83.223,,
80,43266371020004,2013,34.794964,-84.643011,213,3,,,,,,,,,,,,,,,,,258.954,,,,,263.009,,,,290.834,,
80,259083257010854,2012,32.258921,-81.392125,103,3,,,,,,,,,,,,,,,,194.352,,,,,183.786,,,,,165.689,,
80,216220375020004,2014,34.635988,-84.182816,111,3,,,,,,,,,,,,,,,,,,127.31,,,,,142.568,,,149.382,,
80,43266363020004,2013,34.806887,-84.334397,123,3,,,,,,,,,,,,,,,,,306.802,,,,,314.437,,,,,,326.949
81,43266368020004,2013,34.759866,-84.318208,123,3,,,,,,,,,,,,,,,,,378.366,,,,,435.97,,,469.178,,,
81,144454843010478,2008,32.601948,-82.242669,107,3,,,,,,,,,,,,152.587,,,,,198.063,,,,,257.225,,,,,,
81,43266352020004,2013,33.178668,-83.468855,169,3,,,,,,,,,,,,,,,,,244.486,,,,,272.448,,,,,300.214,
81,259083351010854,2012,34.868833,-84.647226,213,3,,,,,,,,,,,,,,,,194.886,,,,,208.782,,,,,,,231.802
81,246591113010854,2011,34.802352,-84.218379,111,3,,,,,,,,,,,,,,,421.299,,,,,467.894,,,,502.755,,,,
82,259083350010854,2012,34.737187,-84.350261,123,3,,,,,,,,,,,,,,,,227.022,,,,,278.864,,,,301.343,,,
82,61579171010478,1999,31.069884,-82.36692,299,3,,,60.329,,,,,,118.271,,,,,,,,,,,,,,,97.687,,,,
82,76702930010478,2006,33.172425,-83.889884,207,3,,,,,,,,,,118.266,,,,,,,,,,28.149,,,,,51.572,,,
82,76351573010478,2005,32.095218,-84.602799,307,3,,,,,,,,,21.468,,,,,27.403,,,,,,,,,,47.744,,,,
82,246591426010854,2011,34.881799,-84.673062,213,3,,,,,,,,,,,,,,,154.727,,,,,177.119,,,,,,,208.263,
83,56833328010478,1997,30.565936,-82.066959,49,3,61.598,,,,,99.466,,,,,117.194,,,,,,,,,,,,,,,,,
83,259083332010854,2012,34.817387,-84.628585,213,3,,,,,,,,,,,,,,,,165.775,,,,,161.712,,,,172.961,,,
83,43266335020004,2013,34.758207,-84.203294,111,3,,,,,,,,,,,,,,,,,170.43,,,,,215.551,,,,244.502,,
83,216220380020004,2014,34.831907,-84.450645,123,3,,,,,,,,,,,,,,,,,,53.208,,,,,55.603,,,,60.273,
83,56678477010478,1997,32.39366,-83.107669,175,3,49.46,89.004,,,,,,,,,,,,,,,137.471,,,,,,,,,,,
83,56632032010478,1997,32.375164,-81.755449,31,3,74.873,,,,,,,,,,,,,,,,,,,,,104.03,,,,,150.627,
84,43266337020004,2013,34.832316,-84.475278,123,3,,,,,,,,,,,,,,,,,143.213,,,,,136.081,,,,148.37,,
84,246591285010854,2011,34.721491,-84.247102,111,3,,,,,,,,,,,,,,,118.306,,,,,126.156,,,,,,,143.733,
84,56677376010478,1997,32.455972,-82.981854,175,3,206.235,247.059,,,,,,,,291.307,,,,,,,,,,,,,,,,,,
84,56631404010478,1997,32.39323,-81.732543,31,3,61.064,,,,,65.491,,,,,90.017,,,,,,,,,,,,,,,,,
84,43266315020004,2013,33.151071,-83.603068,169,3,,,,,,,,,,,,,,,,,78.111,,,,,89.334,,,,,,101.15
84,246591402010854,2011,34.843759,-84.648457,213,3,,,,,,,,,,,,,,,330.767,,,,,387.592,,,,393.402,,,,
85,236495583010854,2011,32.715742,-85.089037,145,3,,,,,,,,,,,,,,,96.877,,,,,126.494,,,,,150.41,,,
85,56857622010478,1997,30.693569,-82.530234,65,3,126.635,,,,,,,,,56.658,,,,,,,,,,132.351,,,,,,,,
85,43266362020004,2013,33.247817,-83.451286,237,3,,,,,,,,,,,,,,,,,138.657,,,,,157.239,,,165.69,,,
85,56595709010478,1997,32.636738,-82.765502,175,3,65.486,,,,,,,,,157.794,,,,,,,,,,,,,,,30.924,,,
85,259083371010854,2012,34.839122,-84.502207,123,3,,,,,,,,,,,,,,,,240.956,,,,,271.017,,,,298.895,,,
85,43266316020004,2013,33.038776,-83.676443,169,3,,,,,,,,,,,,,,,,,146.883,,,,,205.665,,,,,124.924,
85,56644900010478,1997,31.026996,-81.836643,39,3,9.938,,,,,,,,,,,,,,,,,72.884,,,,,100.663,,,,,
85,29166084010478,2004,32.946187,-81.791453,33,3,,,,,,,,110.286,,,,,177.935,,,,,,,,,,19.921,,,,,
85,259083345010854,2012,34.555667,-85.076407,115,3,,,,,,,,,,,,,,,,267.391,,,,,182.517,,,,,,,224.081
86,216220365020004,2014,34.458811,-85.160574,115,3,,,,,,,,,,,,,,,,,,167.66,,,,,159.39,,,176.661,,
86,43266336020004,2013,34.66462,-84.225155,111,3,,,,,,,,,,,,,,,,,198.881,,,,,217.26,,,239.676,,,
86,61431516010478,2003,31.077504,-82.867082,65,3,,,,,,,94.641,,,,,110.399,,,,,,,,,,16.997,,,,,,
86,259083361010854,2012,34.803943,-84.492096,123,3,,,,,,,,,,,,,,,,190.081,,,,,232.87,,,,,,256.184,
86,76422914010478,2005,31.269408,-85.071598,99,3,,,,,,,,,0.739,,,,,19.132,,,,,49.987,,,,,,,,,
86,153846473010854,2009,30.706645,-82.135509,49,3,,,,,,,,,,,,,13.446,,,,,,,,,,6.958,,,,,48.27
86,216220373020004,2014,34.855384,-84.706106,213,3,,,,,,,,,,,,,,,,,,224.519,,,,,235.28,,,,,280.018
87,123994733010478,2007,31.028923,-82.048513,49,3,,,,,,,,,,,4.453,,,,,29.126,,,,,,,,,,0.314,,
87,56639681010478,1997,33.107596,-81.831524,33,3,31.315,40.154,,,,,,,,,,,,,,,,,,98.308,,,,,,,,
87,43266340020004,2013,34.720947,-84.671566,213,3,,,,,,,,,,,,,,,,,189.33,,,,,221.449,,,,,240.217,
87,246591428010854,2011,33.279361,-83.494202,237,3,,,,,,,,,,,,,,,209.237,,,,,127.858,,,,,,,,169.78
88,43266339020004,2013,34.864683,-84.436913,111,3,,,,,,,,,,,,,,,,,168.854,,,,,177.392,,,174.27,,,
88,259083353010854,2012,33.202421,-83.457071,237,3,,,,,,,,,,,,,,,,98.692,,,,,58.806,,,,,,74.213,
88,216220347020004,2014,34.704151,-84.355133,123,3,,,,,,,,,,,,,,,,,,266.141,,,,,244.135,,,,,280.778
88,259083323010854,2012,34.75149,-84.674628,213,3,,,,,,,,,,,,,,,,231.396,,,,,264.811,,,,,,,290.924
89,43266369020004,2013,34.722708,-84.376502,123,3,,,,,,,,,,,,,,,,,178.294,,,,,194.478,,,,197.457,,
89,56680161010478,1997,32.456209,-82.718813,175,3,66.006,,,74.459,,,,,120.755,,,,,,,,,,,,,,,,,,,
89,236496669010854,2011,33.882991,-83.016092,221,3,,,,,,,,,,,,,,,57.587,,,,,87.766,,,,,125.064,,,
89,246591488010854,2011,34.734398,-84.724051,213,3,,,,,,,,,,,,,,,141.551,,,,,152.678,,,,,,182.885,,
89,61356006010478,2004,32.484098,-81.845937,31,3,,,,,,,,296.321,,,,,,,,,,252.93,,,,,302.548,,,,,
89,246591121010854,2011,34.864738,-84.490216,111,3,,,,,,,,,,,,,,,271.403,,,,,310.152,,,,321.901,,,,
90,61599684010478,2000,31.092036,-81.771464,39,3,,,,19.502,,,,,,,,,,70.523,,,,,,,,,,133.734,,,,
90,43266324020004,2013,34.936138,-84.701481,213,3,,,,,,,,,,,,,,,,,298.237,,,,,335.532,,,362.285,,,
90,153847175010854,2009,33.967128,-82.878736,221,3,,,,,,,,,,,,,108.109,,,,,166.293,,,,,230.629,,,,,
90,216220361020004,2014,34.983366,-83.158278,241,3,,,,,,,,,,,,,,,,,,206.737,,,,,240.321,,,,,266.39
90,246591133010854,2011,34.840686,-84.540522,123,3,,,,,,,,,,,,,,,180.884,,,,,208.536,,,,237.286,,,,
91,216220348020004,2014,34.963802,-84.50529,111,3,,,,,,,,,,,,,,,,,,237.381,,,,,250.207,,,221.379,,
91,76822479010478,2006,32.248226,-82.767465,309,3,,,,,,,,,,26.419,,,,,91.53,,,,,159.705,,,,,,,,
91,259082475010854,2012,31.731798,-84.413454,273,3,,,,,,,,,,,,,,,,60.76,,,,,110.204,,,,,141.535,,
91,216220362020004,2014,34.938498,-83.146328,241,3,,,,,,,,,,,,,,,,,,236.651,,,,,258.639,,,272.371,,
91,176549710010854,2010,31.221392,-82.482914,299,3,,,,,,,,,,,,,,16.321,,,,,54.562,,,,,76.883,,,,
91,216220331020004,2014,34.818013,-84.578629,123,3,,,,,,,,,,,,,,,,,,325.77,,,,,351.025,,,,360.036,
91,259083333010854,2012,33.330494,-83.433866,237,3,,,,,,,,,,,,,,,,29.893,,,,,24.505,,,,,,41.379,
92,43266326020004,2013,34.929234,-83.168457,241,3,,,,,,,,,,,,,,,,,127.785,,,,,101.482,,,106.169,,,
92,246591123010854,2011,34.912203,-84.501095,111,3,,,,,,,,,,,,,,,220.792,,,,,265.066,,,,,,,282.237,
92,43266364020004,2013,34.763017,-84.632708,123,3,,,,,,,,,,,,,,,,,213.741,,,,,234.367,,,,,,260.609
92,246591470010854,2011,33.350803,-83.466216,237,3,,,,,,,,,,,,,,,105.505,,,,,104.011,,,,94.29,,,,
93,76405738010478,2005,32.906805,-82.222913,33,3,,,,,,,,,75.013,,,,,136.265,,,,,,,,,,197.369,,,,
93,61173769010478,1999,30.755918,-82.525017,65,3,,,49.088,,,,,,67.904,,,,,,,,,,59.623,,,,,,,,,
93,246591430010854,2011,33.76916,-83.277739,221,3,,,,,,,,,,,,,,,159.903,,,,,178.853,,,,,,155.132,,
93,61425720010478,2003,30.917609,-81.765689,39,3,,,,,,,12.894,,,,,37.358,,,,,,,,,,,,,,,33.296,
93,259083362010854,2012,34.957169,-83.204144,241,3,,,,,,,,,,,,,,,,24.608,,,,,25.979,,,27.687,,,,
94,216220329020004,2014,34.935881,-84.558246,111,3,,,,,,,,,,,,,,,,,,202.841,,,,,222.295,,,,236.599,
94,56889333010478,1997,31.241088,-82.527896,299,3,104.452,,,,,,,,,,,10.076,,,,,,,,,,,,,,,34.387,
94,43266327020004,2013,34.98844,-83.202892,241,3,,,,,,,,,,,,,,,,,393.308,,,,,447.91,,,,,,462.184
95,76714552010478,2006,31.775731,-84.861784,243,3,,,,,,,,,,0.557,,,,,3.305,,,,,3.96,,,,,,,,
95,56832211010478,1997,30.421015,-82.138266,49,3,103.649,,,128.528,,,,,,,,,,,,,,,50.529,,,,,,,,,
95,43266357020004,2013,34.954409,-84.581543,111,3,,,,,,,,,,,,,,,,,290.437,,,,,285.859,,,285.509,,,
95,246591157010854,2011,34.958298,-83.234695,241,3,,,,,,,,,,,,,,,153.909,,,,,173.936,,,,186.403,,,,
96,61160941010478,1999,33.065686,-81.980888,33,3,,,36.749,,,,,,,,,,,,,,,,,7.048,,,,,25.333,,,
96,153847235010854,2009,31.706745,-84.794635,243,3,,,,,,,,,,,,,159.747,,,,,171.043,,,,,181.486,,,,,
96,153847372010854,2009,32.173109,-82.254433,279,3,,,,,,,,,,,,,48.8,,,,,,,,,,55.029,,,,,68.873
96,259083330010854,2012,34.979469,-84.558661,111,3,,,,,,,,,,,,,,,,129.156,,,,,152.517,,,164.405,,,,
97,43266317020004,2013,34.918202,-83.21753,241,3,,,,,,,,,,,,,,,,,321.962,,,,,401.035,,,,385.221,,
97,259083349010854,2012,34.949511,-84.599959,111,3,,,,,,,,,,,,,,,,142.474,,,,,116.3,,,,64.168,,,
97,216219760020004,2014,32.959229,-82.395106,163,3,,,,,,,,,,,,,,,,,,30.779,,,,,85.114,,,,,152.903
98,259083372010854,2012,34.917627,-83.253231,241,3,,,,,,,,,,,,,,,,102.243,,,,,132.036,,,,116.359,,,
98,153847234010854,2009,31.876118,-84.741646,243,3,,,,,,,,,,,,,76.206,,,,,,,,,,32.653,,,,,101.066
99,76412214010478,2005,32.189624,-81.189433,51,3,,,,,,,,,138.011,,,,,189.738,,,,,250.455,,,,,,,,,
99,43266322020004,2013,34.864339,-83.818973,291,3,,,,,,,,,,,,,,,,,205.049,,,,,229.852,,,241.863,,,
99,61273909010478,2001,30.990734,-82.935972,65,3,,,,,55.844,,,,,64.447,,,,,,,,,,,,,,,1.429,,,
99,216220330020004,2014,34.899267,-84.545201,111,3,,,,,,,,,,,,,,,,,,277.441,,,,,298.569,,,,,264.532
99,246591161010854,2011,34.927336,-83.285346,241,3,,,,,,,,,,,,,,,150.572,,,,,170.96,,,,182.276,,,,
100,259083146010854,2012,30.776248,-82.587633,65,3,,,,,,,,,,,,,,,,47.034,,,,,60.215,,,,,78.514,,
100,123914623010478,2007,31.475881,-81.421326,191,3,,,,,,,,,,,122.603,,,,,156.309,,,,,,,,,,71.051,,
100,43266358020004,2013,34.906434,-84.561673,111,3,,,,,,,,,,,,,,,,,154.138,,,,,152.956,,,,,145.525,
100,259083366010854,2012,34.876163,-83.845788,291,3,,,,,,,,,,,,,,,,342.867,,,,,372.581,,,,,,,437.789
101,216220350020004,2014,34.97159,-83.29053,241,3,,,,,,,,,,,,,,,,,,159.482,,,,,164.316,,,,,175.966
102,216220349020004,2014,34.858897,-84.591137,111,3,,,,,,,,,,,,,,,,,,392.644,,,,,383.265,,,404.018,,
102,216220381020004,2014,34.842189,-83.84642,291,3,,,,,,,,,,,,,,,,,,352.619,,,,,408.041,,,430.367,,
102,216220363020004,2014,34.906351,-83.201543,241,3,,,,,,,,,,,,,,,,,,152.099,,,,,209.871,,,,230.703,
103,246591213010854,2011,34.916291,-83.89441,291,3,,,,,,,,,,,,,,,253.663,,,,,266.704,,,,,,232.321,,
103,123942770010478,2007,33.120328,-85.069262,285,3,,,,,,,,,,,38.136,,,,,49.605,,,,,,,,,,69.495,,
103,259083373010854,2012,34.876889,-83.247581,241,3,,,,,,,,,,,,,,,,73.39,,,,,86.608,,,,,,98.062,
103,144503297010478,2008,32.066456,-82.037007,267,3,,,,,,,,,,,,129.986,,,,,167.403,,,,,222.847,,,,,,
103,43266349020004,2013,34.883966,-84.61573,111,3,,,,,,,,,,,,,,,,,212.175,,,,,253.946,,,,,,274.505
103,216220068020004,2014,31.771383,-81.086228,51,3,,,,,,,,,,,,,,,,,,103.115,,,,,91.495,,,,,117.091
104,56888844010478,1997,31.202561,-82.559393,299,3,197.696,,,,,,,,,,24.12,,,,,,,,,,,,,,,50.835,,
104,246591339010854,2011,34.868681,-83.256865,241,3,,,,,,,,,,,,,,,161.308,,,,,176.557,,,,,,,203.553,
104,144509245010478,2008,33.139561,-85.194855,285,3,,,,,,,,,,,,25.663,,,,,44.087,,,,,,,,,,54.926,
105,43266348020004,2013,34.917452,-83.951277,291,3,,,,,,,,,,,,,,,,,331.849,,,,,361.868,,,,374.649,,
105,259083363010854,2012,34.838764,-83.280315,241,3,,,,,,,,,,,,,,,,293.111,,,,,263.149,,,,,,,192.801
106,76380892010478,2005,31.813807,-81.636876,179,3,,,,,,,,,108.591,,,,,82.028,,,,,,,,,,7.115,,,,
106,216220370020004,2014,34.800331,-83.82645,291,3,,,,,,,,,,,,,,,,,,114.061,,,,,98.017,,,,,98.358
107,246591315010854,2011,34.762515,-83.345868,241,3,,,,,,,,,,,,,,,124.52,,,,,135.294,,,,,,158.231,,
107,144448481010478,2008,31.994038,-83.554768,315,3,,,,,,,,,,,,41.966,,,,,76.214,,,,,,,,,,84.288,
108,123939125010478,2007,31.816938,-82.906046,271,3,,,,,,,,,,,58.565,,,,,,,,,,132.5,,,,,164.2,,
108,43266330020004,2013,34.751803,-83.907626,291,3,,,,,,,,,,,,,,,,,388.11,,,,,419.891,,,,,,454.382
109,43266360020004,2013,34.809908,-83.416,241,3,,,,,,,,,,,,,,,,,216.613,,,,,251.89,,,266.633,,,
109,259083367010854,2012,34.781588,-83.919765,291,3,,,,,,,,,,,,,,,,243.718,,,,,279.077,,,,,,306.101,
110,76411677010478,2005,30.887904,-82.29618,49,3,,,,,,,,,39.386,,,,,,,,,,47.229,,,,,60.665,,,,
110,43266365020004,2013,34.68409,-84.042488,291,3,,,,,,,,,,,,,,,,,145.641,,,,,148.155,,,160.871,,,
110,246591436010854,2011,34.771449,-83.462095,241,3,,,,,,,,,,,,,,,213.223,,,,,219.48,,,,255.727,,,,
111,216220354020004,2014,34.935672,-83.948643,291,3,,,,,,,,,,,,,,,,,,317.113,,,,,412.215,,,435.169,,
112,216220355020004,2014,34.811272,-83.971948,291,3,,,,,,,,,,,,,,,,,,273.989,,,,,269.599,,,258.208,,
112,216220367020004,2014,34.986258,-83.465662,241,3,,,,,,,,,,,,,,,,,,195.749,,,,,210.372,,,,218.844,
112,43265669020004,2013,34.630532,-85.510952,295,3,,,,,,,,,,,,,,,,,126.56,,,,,164.961,,,,,197.308,
113,216220334020004,2014,34.926368,-83.329961,241,3,,,,,,,,,,,,,,,,,,206.959,,,,,221.13,,,216.744,,
113,246591227010854,2011,34.777444,-83.947656,291,3,,,,,,,,,,,,,,,190.719,,,,,210.508,,,,,,,241.748,
113,246591462010854,2011,34.657442,-85.055123,295,3,,,,,,,,,,,,,,,133.014,,,,,145.539,,,,,,,168.291,
114,76411732010478,2005,30.728585,-82.075289,49,3,,,,,,,,,42.85,,,,,100.189,,,,,,,,,,151.832,,,,
114,43266342020004,2013,34.951833,-83.361684,241,3,,,,,,,,,,,,,,,,,204.538,,,,,266.288,,,,,,293.699
115,259083357010854,2012,34.760866,-85.155459,295,3,,,,,,,,,,,,,,,,331.799,,,,,374.628,,,,,,412.02,
115,216220335020004,2014,34.896639,-83.330889,241,3,,,,,,,,,,,,,,,,,,183.478,,,,,196.753,,,,225.042,
116,246591057010854,2011,34.708649,-85.154852,295,3,,,,,,,,,,,,,,,134.019,,,,,130.159,,,,,,132.971,,
116,43266343020004,2013,34.913399,-83.350347,241,3,,,,,,,,,,,,,,,,,151.443,,,,,174.616,,,178.967,,,
116,216220356020004,2014,34.745668,-83.993715,291,3,,,,,,,,,,,,,,,,,,201.206,,,,,226.129,,,,,250.721
117,216220359020004,2014,34.811248,-83.354538,241,3,,,,,,,,,,,,,,,,,,49.586,,,,,59.698,,,68.333,,
117,123909903010478,2007,33.753139,-82.567744,317,3,,,,,,,,,,,230.812,,,,,,,,,,26.399,,,,,86.354,,
117,43266366020004,2013,34.751609,-84.032501,291,3,,,,,,,,,,,,,,,,,196.973,,,,,209.48,,,,,224.166,
118,124001210010478,2007,31.114875,-82.883541,65,3,,,,,,,,,,,16.759,,,,,,,,,,2.794,,,,,2.848,,
118,216220357020004,2014,34.784337,-84.003527,291,3,,,,,,,,,,,,,,,,,,190.478,,,,,189.972,,,,199.499,
118,216220366020004,2014,34.621422,-85.112348,295,3,,,,,,,,,,,,,,,,,,166.665,,,,,181.572,,,,,209.898
118,259083336010854,2012,34.830468,-83.405194,241,3,,,,,,,,,,,,,,,,206.947,,,,,221.88,,,,,,,261.21
119,43266367020004,2013,34.795182,-84.026492,291,3,,,,,,,,,,,,,,,,,163.334,,,,,174.988,,,190.477,,,
119,124001347010478,2007,30.876275,-82.83455,65,3,,,,,,,,,,,20.078,,,,,61.009,,,,,122.784,,,,,,,
119,216220364020004,2014,34.947913,-83.468322,241,3,,,,,,,,,,,,,,,,,,201.993,,,,,219.304,,,,,237.315
120,259083325010854,2012,34.791399,-84.071454,291,3,,,,,,,,,,,,,,,,201.355,,,,,213.743,,,,222.972,,,
120,144449440010478,2008,33.69883,-82.566224,317,3,,,,,,,,,,,,95.42,,,,,127.257,,,,,,,,,,109.349,
120,246591440010854,2011,34.895903,-83.442042,241,3,,,,,,,,,,,,,,,88.372,,,,,58.879,,,,75.154,,,,
121,259083326010854,2012,34.746471,-84.047943,291,3,,,,,,,,,,,,,,,,262.532,,,,,298.812,,,,,,334.511,
122,259083201010854,2012,31.938906,-81.656771,179,3,,,,,,,,,,,,,,,,181.947,,,,,199.299,,,,,219.588,,
122,246591412010854,2011,34.78253,-84.079324,291,3,,,,,,,,,,,,,,,295.387,,,,,325.144,,,,,,352.76,,
122,259083376010854,2012,34.961508,-83.506239,241,3,,,,,,,,,,,,,,,,146.0,,,,,165.123,,,,,,184.909,
123,216220345020004,2014,34.715939,-84.03468,291,3,,,,,,,,,,,,,,,,,,182.396,,,,,190.518,,,193.787,,
123,246591187010854,2011,34.94839,-83.536606,241,3,,,,,,,,,,,,,,,149.444,,,,,204.85,,,,,,,276.783,
124,236497495010854,2011,32.905222,-81.636717,251,3,,,,,,,,,,,,,,,25.83,,,,,78.466,,,,,139.895,,,
124,43266331020004,2013,34.901036,-83.527739,241,3,,,,,,,,,,,,,,,,,318.56,,,,,372.181,,,377.481,,,
124,259083327010854,2012,34.722302,-84.093715,291,3,,,,,,,,,,,,,,,,190.867,,,,,232.032,,,,,,,255.47
125,76329996010478,2005,32.779668,-81.801792,251,3,,,,,,,,,191.503,,,,,217.006,,,,,174.492,,,,,,,,,
125,259083370010854,2012,34.929709,-83.553611,241,3,,,,,,,,,,,,,,,,115.927,,,,,122.17,,,,,,,111.041
125,246591414010854,2011,34.697709,-84.100718,291,3,,,,,,,,,,,,,,,157.688,,,,,167.984,,,,181.089,,,,
126,246591247010854,2011,34.878922,-83.568946,241,3,,,,,,,,,,,,,,,308.747,,,,,298.004,,,,306.829,,,,
126,246591416010854,2011,34.661152,-84.147232,291,3,,,,,,,,,,,,,,,214.103,,,,,246.896,,,,235.346,,,,
128,259083337010854,2012,34.80503,-83.459591,241,3,,,,,,,,,,,,,,,,163.603,,,,,213.399,,,226.588,,,,
129,246591442010854,2011,34.822162,-83.477461,241,3,,,,,,,,,,,,,,,106.767,,,,,139.476,,,,,,,,208.327
130,43266321020004,2013,34.780084,-83.546433,241,3,,,,,,,,,,,,,,,,,112.615,,,,,159.5,,,156.429,,,
138,153847480010854,2009,32.8055,-82.75697,303,3,,,,,,,,,,,,,96.509,,,,,103.396,,,,,95.243,,,,,
139,123904875010478,2007,33.050698,-82.710417,303,3,,,,,,,,,,,131.041,,,,,123.836,,,,,,,,,,158.094,,
145,216102302010854,2007,30.938138,-84.565302,87,3,,,,,,,,,,,33.526,,,,,65.897,,,,,,,,,,77.137,,
160,76347499010478,2005,31.0515,-82.534416,299,3,,,,,,,,,127.813,,,,,,,,,,0.243,,,,,16.379,,,,
207,43266281020004,2013,30.588479,-82.203805,49,3,,,,,,,,,,,,,,,,,137.606,,,,,134.864,,,,,112.533,
235,43266284020004,2013,30.593205,-82.303269,299,3,,,,,,,,,,,,,,,,,0.536,,,,,0.834,,,,,2.029,
1,56611248010478,1997,34.456618,-83.963199,187,2,48.496,60.651,,,,,,,,,,,,,,,,,,,,,,,,,,
1,61494468010478,2001,30.973952,-84.964795,253,2,,,,,59.538,,,,,103.186,,,,,,,,,,,,,,,,,,
1,451136192489998,2017,34.590567,-85.399575,295,2,,,,,,,,,,,,,,,,,,,,,1.666,,,,,2.065,,
1,236497587010854,2011,31.365724,-82.074532,229,2,,,,,,,,,,,,,,,4.621,,,,,59.155,,,,,,,,
1,259083107010854,2012,31.784845,-82.269152,1,2,,,,,,,,,,,,,,,,147.246,,,,,225.731,,,,,,,
1,144466928010478,2008,33.227534,-83.059661,141,2,,,,,,,,,,,,33.33,,,,,113.163,,,,,,,,,,,
1,61585904010478,1999,32.013948,-83.419983,315,2,,,97.843,,,,,,,,,,,,,,,,,,,131.665,,,,,,
1,56793579010478,1997,32.660348,-82.482279,107,2,164.66,172.533,,,,,,,,,,,,,,,,,,,,,,,,,,
1,216220134020004,2014,31.957773,-82.807578,271,2,,,,,,,,,,,,,,,,,,91.94,,,,,113.615,,,,,
1,43265908020004,2013,31.28984,-81.625893,127,2,,,,,,,,,,,,,,,,,52.812,,,,,,,,,,98.252,
1,56927739010478,1997,32.346698,-82.503491,283,2,59.286,,66.051,,,,,,,,,,,,,,,,,,,,,,,,,
1,56880977010478,1997,31.250428,-83.126905,19,2,121.218,128.782,,,,,,,,,,,,,,,,,,,,,,,,,,
1,56919900010478,1997,30.685394,-83.894085,275,2,66.307,,88.813,,,,,,,,,,,,,,,,,,,,,,,,,
1,56714573010478,1997,34.717968,-83.532873,137,2,83.37,,106.576,,,,,,,,,,,,,,,,,,,,,,,,,
1,635664666126144,2019,33.739995,-83.428776,219,2,,,,,,,,,,,,,,,,,,,,,,,45.332,,,,,58.208
2,61488543010478,2001,33.479965,-83.896994,217,2,,,,,28.28,,,,,53.924,,,,,,,,,,,,,,,,,,
2,61236257010478,1998,31.719084,-83.088988,17,2,,1.267,,,,,,,,,55.353,,,,,,,,,,,,,,,,,
2,76768946010478,2006,31.07229,-83.057593,173,2,,,,,,,,,,25.881,,,,,56.492,,,,,,,,,,,,,
2,385730072489998,2016,31.247225,-82.447992,299,2,,,,,,,,,,,,,,,,,,,,5.651,,,,,97.041,,,
2,61101956010478,2002,32.614692,-82.63027,167,2,,,,,,83.365,,,,,,,,,,,,,,,,,,,,3.53,,
2,76730119010478,2006,32.235796,-82.328216,279,2,,,,,,,,,,149.148,,,,,,,,,,,,,,,65.953,,,
2,385729892489998,2016,30.98421,-83.704517,27,2,,,,,,,,,,,,,,,,,,,,44.506,,,,,46.062,,,
2,259082202010854,2012,31.805796,-85.098835,239,2,,,,,,,,,,,,,,,,7.943,,,,,,,,,,0.582,,
2,56658944010478,1997,31.857846,-82.706266,161,2,56.252,67.499,,,,,,,,,,,,,,,,,,,,,,,,,,
2,56680504010478,1997,32.38,-83.11,175,2,44.099,54.301,,,,,,,,,,,,,,,,,,,,,,,,,,
2,56737497010478,1997,31.694019,-83.433446,155,2,89.3,108.161,,,,,,,,,,,,,,,,,,,,,,,,,,
2,216091781010854,1997,31.330226,-81.45019,191,2,219.166,250.35,,,,,,,,,,,,,,,,,,,,,,,,,,
2,56820709010478,1997,34.979185,-85.47907,83,2,127.193,,144.043,,,,,,,,,,,,,,,,,,,,,,,,,
2,56971642010478,1997,31.762808,-84.521316,273,2,2.401,4.262,,,,,,,,,,,,,,,,,,,,,,,,,,
2,56819059010478,1997,31.863275,-83.774003,81,2,51.882,,58.338,,,,,,,,,,,,,,,,,,,,,,,,,
2,56586053010478,1997,31.82954,-84.636684,243,2,149.725,,165.109,,,,,,,,,,,,,,,,,,,,,,,,,
2,56840959010478,1997,34.502901,-85.468691,55,2,75.637,,93.459,,,,,,,,,,,,,,,,,,,,,,,,,
2,56766030010478,1997,32.724354,-83.301806,319,2,61.104,,65.034,,,,,,,,,,,,,,,,,,,,,,,,,
2,282501608489998,2015,30.883147,-84.350186,131,2,,,,,,,,,,,,,,,,,,,141.974,,,,,180.956,,,,
2,56823539010478,1997,30.942288,-84.745404,87,2,43.087,70.45,,,,,,,,,,,,,,,,,,,,,,,,,,
2,56593123010478,1997,32.540103,-81.651581,251,2,104.376,,,,,,,,,,,,,,,,,,,,,,,,,,2.122,
2,56774518010478,1997,32.12491,-83.302597,91,2,152.842,175.809,,,,,,,,,,,,,,,,,,,,,,,,,,
3,385729785489998,2016,33.805913,-82.439928,181,2,,,,,,,,,,,,,,,,,,,,7.082,,,,,42.585,,,
3,259082797010854,2012,31.747745,-83.525178,287,2,,,,,,,,,,,,,,,,7.821,,,,,,,,,,31.608,,
3,56780184010478,1997,33.739227,-84.700167,97,2,269.958,246.203,,,,,,,,,,,,,,,,,,,,,,,,,,
3,56846821010478,1997,33.926387,-83.322105,59,2,151.13,,,165.614,,,,,,,,,,,,,,,,,,,,,,,,
3,56817665010478,1997,32.774554,-83.87816,79,2,45.054,50.351,,,,,,,,,,,,,,,,,,,,,,,,,,
3,56845195010478,1997,34.283799,-84.603108,57,2,162.046,160.433,,,,,,,,,,,,,,,,,,,,,,,,,,
3,56822684010478,1997,34.374434,-84.037585,85,2,245.689,,276.417,,,,,,,,,,,,,,,,,,,,,,,,,
3,56933232010478,1997,32.779096,-83.46893,289,2,64.446,,72.918,,,,,,,,,,,,,,,,,,,,,,,,,
3,56751810010478,1997,34.657733,-84.235826,123,2,25.821,27.895,,,,,,,,,,,,,,,,,,,,,,,,,,
3,56735789010478,1997,32.351065,-83.581834,153,2,114.29,134.383,,,,,,,,,,,,,,,,,,,,,,,,,,
3,533664467126144,2018,34.016349,-84.861882,223,2,,,,,,,,,,,,,,,,,,,,,,34.461,,,,,41.972,
3,56874579010478,1997,31.77487,-82.418847,1,2,99.194,,164.695,,,,,,,,,,,,,,,,,,,,,,,,,
3,56604631010478,1997,31.914935,-81.841302,183,2,92.789,110.896,,,,,,,,,,,,,,,,,,,,,,,,,,
3,56632688010478,1997,32.608712,-81.785094,31,2,28.766,,,36.16,,,,,,,,,,,,,,,,,,,,,,,,
3,144446742010478,2008,31.993904,-82.686225,309,2,,,,,,,,,,,,49.759,,,,,72.575,,,,,,,,,,,
3,56917023010478,1997,33.678677,-82.729314,317,2,71.451,,97.615,,,,,,,,,,,,,,,,,,,,,,,,,
4,259082944010854,2012,30.693028,-83.349104,185,2,,,,,,,,,,,,,,,,13.961,,,,,76.727,,,,,,,
4,61093418010478,1999,31.445364,-83.270228,19,2,,,85.717,,,,,,139.316,,,,,,,,,,,,,,,,,,,
4,76757103010478,2006,33.381707,-83.095026,141,2,,,,,,,,,,38.128,,,,,,,,,,64.404,,,,,,,,
4,236496985010854,2011,33.708247,-82.456001,181,2,,,,,,,,,,,,,,,44.247,,,,,121.848,,,,,,,,
4,61532164010478,2000,30.593625,-82.295346,299,2,,,,41.693,,,,,11.361,,,,,,,,,,,,,,,,,,,
4,76376970010478,2005,31.053015,-83.12647,173,2,,,,,,,,,167.878,,,,,149.155,,,,,,,,,,,,,,
4,56951064010478,1997,32.206552,-84.927408,259,2,76.7,101.177,,,,,,,,,,,,,,,,,,,,,,,,,,
4,56777497010478,1997,31.588867,-84.375271,95,2,53.657,55.043,,,,,,,,,,,,,,,,,,,,,,,,,,
4,56767652010478,1997,32.849227,-83.108382,319,2,86.503,92.577,,,,,,,,,,,,,,,,,,,,,,,,,,
4,61371708010478,2004,30.62876,-82.861191,101,2,,,,,,,,22.016,,,,,38.68,,,,,,,,,,,,,,,
4,56780598010478,1997,33.734832,-84.894876,97,2,114.195,,117.65,,,,,,,,,,,,,,,,,,,,,,,,,
4,216220049020004,2014,31.601261,-81.650515,183,2,,,,,,,,,,,,,,,,,,114.677,,,,,,,,,,204.404
5,385729629489998,2016,32.856888,-82.366554,163,2,,,,,,,,,,,,,,,,,,,,8.661,,,,,36.008,,,
5,153847555010854,2009,31.742515,-83.865783,321,2,,,,,,,,,,,,,84.983,82.59,,,,,,,,,,,,,,
5,76401390010478,2005,31.020606,-83.668208,27,2,,,,,,,,,148.87,,,,,,,,,,,,,,,181.162,,,,
5,282502064489998,2015,31.899678,-84.381054,273,2,,,,,,,,,,,,,,,,,,,79.033,,,,,97.688,,,,
5,56739847010478,1997,34.955204,-84.241746,111,2,84.172,87.083,,,,,,,,,,,,,,,,,,,,,,,,,,
5,56937051010478,1997,34.765167,-83.905155,291,2,184.534,187.611,,,,,,,,,,,,,,,,,,,,,,,,,,
5,56883877010478,1997,32.835038,-83.533951,21,2,42.26,51.385,,,,,,,,,,,,,,,,,,,,,,,,,,
5,56784133010478,1997,30.752293,-83.055089,101,2,22.074,,25.933,,,,,,,,,,,,,,,,,,,,,,,,,
5,56731093010478,1997,33.232542,-85.055258,149,2,64.918,71.455,,,,,,,,,,,,,,,,,,,,,,,,,,
5,56878227010478,1997,31.477213,-82.505283,5,2,86.402,,113.498,,,,,,,,,,,,,,,,,,,,,,,,,
5,56576382010478,1997,32.259033,-83.406791,235,2,191.315,70.24,,,,,,,,,,,,,,,,,,,,,,,,,,
5,56643159010478,1997,31.559581,-84.712633,37,2,39.462,,,,,,,,,,,,,,,,,,,,,,,,,,,43.815
5,56838933010478,1997,32.395017,-84.853017,53,2,89.245,,93.88,,,,,,,,,,,,,,,,,,,,,,,,,
5,56877450010478,1997,31.189171,-82.955642,3,2,79.44,,,,,,,,,,,,,,,,,,,,,,,,,,,30.786
5,56655822010478,1997,33.200073,-83.761171,159,2,141.084,,,,141.576,,,,,,,,,,,,,,,,,,,,,,,
6,451136904489998,2017,31.743548,-82.963158,69,2,,,,,,,,,,,,,,,,,,,,,52.823,,,,,74.677,,
6,61251877010478,1998,31.547841,-82.444776,5,2,,7.608,,,,,,,,15.319,,,,,,,,,,,,,,,,,,
6,61246704010478,1998,30.93408,-81.983851,49,2,,88.323,,,,,,,,,,,,,40.393,,,,,,,,,,,,,
6,451136375489998,2017,34.148125,-85.154791,115,2,,,,,,,,,,,,,,,,,,,,,124.66,,,,,191.268,,
6,61493908010478,2001,32.84368,-81.785813,251,2,,,,,42.719,,,,,,,,,,20.096,,,,,,,,,,,,,
6,56695822010478,1997,33.669474,-83.50923,211,2,30.309,,,,,121.718,,,,,,,,,,,,,,,,,,,,,,
6,259082199010854,2012,32.18634,-84.974767,259,2,,,,,,,,,,,,,,,,47.956,,,,,,,,,,87.511,,
6,123930846010478,2007,32.364126,-84.266064,249,2,,,,,,,,,,,54.579,,,,,,,,,,98.473,,,,,,,
6,56827770010478,1997,33.653305,-84.162075,89,2,228.529,218.925,,,,,,,,,,,,,,,,,,,,,,,,,,
6,56745287010478,1997,34.328507,-84.232707,117,2,198.095,209.696,,,,,,,,,,,,,,,,,,,,,,,,,,
6,56665551010478,1997,32.671091,-81.990884,165,2,94.018,109.658,,,,,,,,,,,,,,,,,,,,,,,,,,
6,56633152010478,1997,32.183513,-81.698687,31,2,41.179,38.913,,,,,,,,,,,,,,,,,,,,,,,,,,
6,56588383010478,1997,33.271706,-81.909289,245,2,26.908,34.397,,,,,,,,,,,,,,,,,,,,,,,,,,
6,56670874010478,1997,33.13215,-83.645946,169,2,83.446,,94.228,,,,,,,,,,,,,,,,,,,,,,,,,
6,56668286010478,1997,32.675473,-82.682252,167,2,84.093,,101.605,,,,,,,,,,,,,,,,,,,,,,,,,
6,61365863010478,2004,33.506177,-82.147821,73,2,,,,,,,,134.419,,,,,166.091,,,,,,,,,,,,,,,
6,56920217010478,1997,30.875615,-83.886245,275,2,82.139,,90.982,,,,,,,,,,,,,,,,,,,,,,,,,
6,56646959010478,1997,30.769285,-81.596068,39,2,156.319,,,,242.694,,,,,,,,,,,,,,,,,,,,,,,
6,56674531010478,1997,33.1733,-84.084921,171,2,54.669,,76.084,,,,,,,,,,,,,,,,,,,,,,,,,
6,56656204010478,1997,33.420212,-83.718724,159,2,192.978,,,,,,,,,,,,,,,,,,,,,,,,,,,63.069
6,56940931010478,1997,34.833985,-85.410136,295,2,179.039,,179.77,,,,,,,,,,,,,,,,,,,,,,,,,
6,153847437010854,2009,33.659108,-83.763419,297,2,,,,,,,,,,,,,80.954,,,,,,,,,,,,,,,66.303
6,216219834020004,2014,31.374967,-81.837751,305,2,,,,,,,,,,,,,,,,,,28.242,,,,,66.751,,,,,
7,61557696010478,2000,34.539323,-83.52261,137,2,,,,117.252,,,,,127.867,,,,,,,,,,,,,,,,,,,
7,236497487010854,2011,32.931331,-81.728412,251,2,,,,,,,,,,,,,,,23.205,,,,,,,,,,51.053,,,
7,61489119010478,2001,33.945386,-82.996323,221,2,,,,,38.19,,,,,,,,,,,,,,,,,,,,96.23,,,
7,56566660010478,1997,32.570944,-83.818436,225,2,103.907,119.817,,,,,,,,,,,,,,,,,,,,,,,,,,
7,61586435010478,1999,32.03456,-83.493695,315,2,,,35.322,,,,,,,,,,,,,,,,,,,,124.419,,,,,
7,56809531010478,1997,33.604955,-82.30718,73,2,70.399,76.679,,,,,,,,,,,,,,,,,,,,,,,,,,
7,56821688010478,1997,34.492474,-84.232871,85,2,127.81,,142.758,,,,,,,,,,,,,,,,,,,,,,,,,
7,43265680020004,2013,34.164143,-85.424058,115,2,,,,,,,,,,,,,,,,,41.462,,,,,80.316,,,,,,
7,216219317020004,2014,32.428638,-83.950079,193,2,,,,,,,,,,,,,,,,,,0.115,,,,,24.387,,,,,
7,56654853010478,1997,34.147719,-83.732677,157,2,156.732,160.829,,,,,,,,,,,,,,,,,,,,,,,,,,
7,61088976010478,1999,31.41099,-84.459815,7,2,,,198.831,,,,,,,,,,196.779,,,,,,,,,,,,,,,
7,61338668010478,2004,32.950307,-82.68174,303,2,,,,,,,,63.916,,,,,124.405,,,,,,,,,,,,,,,
7,43265295020004,2013,31.53422,-83.881631,321,2,,,,,,,,,,,,,,,,,99.476,,,,,140.385,,,,,,
7,153846594010854,2009,32.823931,-83.964625,79,2,,,,,,,,,,,,,42.704,,,,,69.581,,,,,,,,,,
8,76700192010478,2006,33.1906,-84.502072,199,2,,,,,,,,,,30.945,,,,,,,,,,,,,,,104.339,,,
8,282502318489998,2015,32.348575,-81.990106,43,2,,,,,,,,,,,,,,,,,,,60.424,,,,,144.48,,,,
8,123924974010478,2007,32.551618,-83.962005,225,2,,,,,,,,,,,42.615,,,,,52.323,,,,,,,,,,,,
8,61493750010478,2001,32.775733,-81.524755,251,2,,,,,46.742,,,,,93.914,,,,,,,,,,,,,,,,,,
8,61038739010478,1999,32.588873,-82.305266,107,2,,,30.378,,,,,,,,,,,22.39,,,,,,,,,,,,,,
8,61602384010478,2000,34.367881,-85.407322,55,2,,,,49.107,,,,,,,,,,,,,,,118.722,,,,,,,,,
8,61462444010478,2002,31.195069,-83.422222,75,2,,,,,,113.063,,,,,145.135,,,,,,,,,,,,,,,,,
8,61477254010478,2002,34.155594,-83.91258,139,2,,,,,,102.902,,,,,98.01,,,,,,,,,,,,,,,,,
8,76422705010478,2005,31.283951,-84.707038,99,2,,,,,,,,,91.469,,,,,93.237,,,,,,,,,,,,,,
8,56792493010478,1997,34.025856,-82.616347,105,2,6.004,13.678,,,,,,,,,,,,,,,,,,,,,,,,,,
8,61161666010478,1999,33.012027,-81.987729,33,2,,,1.416,,,,,,,,,6.651,,,,,,,,,,,,,,,,
8,56815628010478,1997,32.733939,-84.151734,79,2,80.838,106.754,,,,,,,,,,,,,,,,,,,,,,,,,,
8,56846312010478,1997,33.94181,-83.49715,59,2,29.617,33.861,,,,,,,,,,,,,,,,,,,,,,,,,,
8,56629792010478,1997,31.909689,-81.392577,29,2,49.78,58.867,,,,,,,,,,,,,,,,,,,,,,,,,,
8,56734211010478,1997,33.47137,-84.051575,151,2,172.6,,99.918,,,,,,,,,,,,,,,,,,,,,,,,,
8,56769974010478,1997,31.81784,-83.970715,321,2,34.58,,43.474,,,,,,,,,,,,,,,,,,,,,,,,,
8,56944886010478,1997,33.871778,-83.611267,297,2,164.264,,178.119,,,,,,,,,,,,,,,,,,,,,,,,,
8,56622735010478,1997,32.356266,-84.522655,197,2,40.564,,52.767,,,,,,,,,,,,,,,,,,,,,,,,,
8,61327957010478,2004,32.650936,-84.45595,263,2,,,,,,,,41.282,,,,,80.538,,,,,,,,,,,,,,,
8,29167175010478,2004,30.816244,-82.871821,101,2,,,,,,,,39.952,,,,,113.719,,,,,,,,,,,,,,,
9,56848561010478,1997,31.558394,-84.895773,61,2,52.744,80.278,,,,,,,,,,,,,,,,,,,,,,,,,,
9,61487657010478,2001,33.49378,-83.311231,211,2,,,,,89.174,,,,,,,,,,75.961,,,,,,,,,,,,,
9,56789598010478,1997,32.293008,-81.181358,103,2,295.201,292.241,,,,,,,,,,,,,,,,,,,,,,,,,,
9,56607677010478,1997,30.732813,-83.330628,185,2,65.145,,84.882,,,,,,,,,,,,,,,,,,,,,,,,,
9,56573229010478,1997,33.08462,-84.337197,231,2,47.626,,60.139,,,,,,,,,,,,,,,,,,,,,,,,,
9,56919153010478,1997,30.903236,-83.801776,275,2,46.48,46.974,,,,,,,,,,,,,,,,,,,,,,,,,,
9,56649700010478,1997,32.329139,-82.217318,43,2,18.411,,18.769,,,,,,,,,,,,,,,,,,,,,,,,,
9,56858176010478,1997,33.924593,-84.708019,67,2,173.082,,,142.564,,,,,,,,,,,,,,,,,,,,,,,,
9,56745403010478,1997,34.314687,-84.211482,117,2,128.724,,135.337,,,,,,,,,,,,,,,,,,,,,,,,,
10,123935123010478,2007,32.040066,-84.328471,261,2,,,,,,,,,,,59.226,,,,,,,,,,105.345,,,,,,,
10,56732649010478,1997,33.370452,-84.260201,151,2,63.029,,,81.567,,,,,,,,,,,,,,,,,,,,,,,,
10,56929092010478,1997,32.953739,-85.050993,285,2,107.634,128.808,,,,,,,,,,,,,,,,,,,,,,,,,,
10,56903746010478,1997,31.478878,-81.64524,305,2,59.245,93.121,,,,,,,,,,,,,,,,,,,,,,,,,,
10,61203435010478,1998,33.72397,-82.375263,181,2,,54.732,,,,,,,,,,,,,,,,,,,,,139.577,,,,,
10,56864206010478,1997,34.090325,-83.832129,13,2,108.032,132.042,,,,,,,,,,,,,,,,,,,,,,,,,,
10,56973601010478,1997,30.72982,-84.009177,275,2,73.791,83.627,,,,,,,,,,,,,,,,,,,,,,,,,,
10,61322551010478,2004,31.695599,-84.925473,243,2,,,,,,,,26.314,,,,,,,,,,,,,,,,,,,,27.18
10,56649942010478,1997,32.418807,-82.185202,43,2,77.881,,,,,,,,,,,,,,,,,60.568,,,,,,,,,,
10,56831370010478,1997,34.939674,-85.209103,47,2,93.757,,104.923,,,,,,,,,,,,,,,,,,,,,,,,,
10,56911808010478,1997,34.693716,-84.950039,313,2,61.73,,79.048,,,,,,,,,,,,,,,,,,,,,,,,,
10,56775752010478,1997,32.191093,-83.960292,93,2,287.127,,273.653,,,,,,,,,,,,,,,,,,,,,,,,,
10,61094627010478,1999,31.226746,-81.991447,25,2,,,13.315,,,,,,,,,81.889,,,,,,,,,,,,,,,,
11,61279214010478,2001,32.157344,-82.965736,91,2,,,,,24.017,,,,,84.199,,,,,,,,,,,,,,,,,,
11,61103397010478,2002,31.127256,-83.029645,173,2,,,,,,78.246,,,,,,,,,,,,,,,,,,,,66.297,,
11,61124427010478,2002,31.540786,-83.451437,277,2,,,,,,77.698,,,,,,,,,,35.342,,,,,,,,,,,,
11,176549515010854,2010,33.632569,-84.057123,247,2,,,,,,,,,,,,,,31.011,,,,,36.443,,,,,,,,,
11,176549772010854,2010,31.969896,-82.576963,309,2,,,,,,,,,,,,,,48.581,,,,,115.656,,,,,,,,,
11,56746361010478,1997,34.328563,-83.988503,117,2,201.864,58.482,,,,,,,,,,,,,,,,,,,,,,,,,,
11,56821218010478,1997,34.514036,-84.304732,85,2,293.402,,304.246,,,,,,,,,,,,,,,,,,,,,,,,,
11,144445429010478,2008,31.555237,-81.918859,305,2,,,,,,,,,,,,30.705,,,,,,,,,,51.253,,,,,,
11,56937141010478,1997,34.877088,-83.887088,291,2,89.454,,,,,,,81.371,,,,,,,,,,,,,,,,,,,,
11,153847342010854,2009,31.654615,-84.530237,273,2,,,,,,,,,,,,,60.945,,,,,106.622,,,,,,,,,,
11,56905733010478,1997,32.131839,-84.501219,307,2,79.305,99.173,,,,,,,,,,,,,,,,,,,,,,,,,,
11,61193674010478,1999,32.465845,-81.433204,103,2,,,10.248,,,,,,,,,,,,,,,,,,,103.59,,,,,,
11,282502677489998,2015,31.756735,-83.153974,17,2,,,,,,,,,,,,,,,,,,,117.081,,,,,161.38,,,,
11,56703123010478,1997,33.810871,-83.492659,219,2,88.836,,,,91.244,,,,,,,,,,,,,,,,,,,,,,,
11,56897763010478,1997,33.023204,-82.864133,303,2,180.859,196.335,,,,,,,,,,,,,,,,,,,,,,,,,,
11,61306681010478,2004,33.039777,-84.161814,171,2,,,,,,,,29.019,,,,,39.287,,,,,,,,,,,,,,,
12,56760455010478,1997,34.600033,-84.802605,129,2,85.649,,105.355,,,,,,,,,,,,,,,,,,,,,,,,,
12,123937717010478,2007,32.04041,-81.942149,267,2,,,,,,,,,,,37.691,,,,,94.352,,,,,,,,,,,,
12,385729432489998,2016,33.661984,-83.097515,133,2,,,,,,,,,,,,,,,,,,,,0.567,,,,,6.914,,,
12,56649499010478,1997,30.906548,-81.514941,39,2,197.595,,,,,,,,,,,,,,91.687,,,,,,,,,,,,,
12,56945861010478,1997,33.760755,-83.691589,297,2,109.898,,,,,,,,,,,,,,,,,,89.302,,,,,,,,,
12,282502009489998,2015,33.984079,-83.874767,135,2,,,,,,,,,,,,,,,,,,,0.973,,,,,31.384,,,,
12,56768710010478,1997,32.76342,-82.964673,319,2,148.461,164.505,,,,,,,,,,,,,,,,,,,,,,,,,,
12,56884510010478,1997,32.414394,-83.310411,23,2,61.872,89.303,,,,,,,,,,,,,,,,,,,,,,,,,,
12,56849047010478,1997,33.558206,-84.453726,63,2,96.371,72.387,,,,,,,,,,,,,,,,,,,,,,,,,,
12,56662111010478,1997,33.085664,-82.52129,163,2,197.557,188.995,,,,,,,,,,,,,,,,,,,,,,,,,,
12,56780854010478,1997,31.277327,-85.108637,99,2,131.355,143.932,,,,,,,,,,,,,,,,,,,,,,,,,,
12,56947245010478,1997,30.841875,-84.839147,253,2,10.06,,13.598,,,,,,,,,,,,,,,,,,,,,,,,,
12,56665202010478,1997,32.902694,-81.970296,165,2,21.462,,25.639,,,,,,,,,,,,,,,,,,,,,,,,,
12,56631062010478,1997,31.995486,-81.359258,29,2,170.968,,179.033,,,,,,,,,,,,,,,,,,,,,,,,,
12,56681082010478,1997,32.454243,-82.89416,175,2,253.231,,28.386,,,,,,,,,,,,,,,,,,,,,,,,,
12,61379675010478,2003,32.76609,-84.737981,145,2,,,,,,,120.511,,,,,,,,,,,,,,,,,,,,68.169,
13,176549056010854,2010,33.236918,-82.561863,125,2,,,,,,,,,,,,,,29.85,,,,,,,,,,61.201,,,,
13,61485513010478,2001,33.042076,-84.857922,199,2,,,,,92.519,,,,,,,,,,,,,,,107.555,,,,,,,,
13,385729528489998,2016,32.858586,-84.875972,145,2,,,,,,,,,,,,,,,,,,,,16.815,,,,,45.293,,,
13,259082902010854,2012,31.653296,-83.12123,155,2,,,,,,,,,,,,,,,,45.314,,,,,,,,,,115.095,,
13,61490009010478,2001,34.410229,-84.445677,227,2,,,,,82.812,,,,,83.63,,,,,,,,,,,,,,,,,,
13,451136756489998,2017,31.417185,-83.505646,277,2,,,,,,,,,,,,,,,,,,,,,3.887,,,,,13.485,,
13,123938525010478,2007,32.67932,-84.213567,269,2,,,,,,,,,,,78.768,,,,,79.708,,,,,,,,,,,,
13,76337995010478,2005,31.760608,-84.450592,273,2,,,,,,,,,3.033,,,,,30.305,,,,,,,,,,,,,,
13,56578245010478,1997,33.251056,-83.300545,237,2,40.693,46.552,,,,,,,,,,,,,,,,,,,,,,,,,,
13,56831437010478,1997,34.844333,-85.1305,47,2,182.463,167.082,,,,,,,,,,,,,,,,,,,,,,,,,,
13,56820406010478,1997,34.718846,-85.552557,83,2,195.56,,202.914,,,,,,,,,,,,,,,,,,,,,,,,,
13,61370490010478,2004,31.512386,-84.342854,95,2,,,,,,,,5.73,,,,,,,,,,,,,,,,,,,,3.056
13,61343288010478,2003,33.796449,-83.881032,297,2,,,,,,,52.161,,,,,2.921,,,,,,,,,,,,,,,,
13,56720297010478,1997,33.321787,-83.085898,141,2,114.079,,120.683,,,,,,,,,,,,,,,,,,,,,,,,,
13,61295058010478,2004,34.578803,-84.58463,123,2,,,,,,,,48.203,,,,,,,,,,,,,,,115.952,,,,,
13,61252368010478,1998,31.283037,-84.593299,7,2,,123.527,,,,,,,,130.179,,,,,,,,,,,,,,,,,,
13,56749446010478,1997,33.691946,-84.561583,121,2,210.718,243.59,,,,,,,,,,,,,,,,,,,,,,,,,,
13,56597290010478,1997,31.66236,-84.107236,177,2,112.003,,96.048,,,,,,,,,,,,,,,,,,,,,,,,,
13,56900178010478,1997,33.055846,-82.892982,303,2,152.367,162.325,,,,,,,,,,,,,,,,,,,,,,,,,,
13,56723414010478,1997,33.78313,-85.200054,143,2,35.211,,55.579,,,,,,,,,,,,,,,,,,,,,,,,,
13,56834025010478,1997,30.87036,-82.02087,49,2,15.58,,25.756,,,,,,,,,,,,,,,,,,,,,,,,,
13,56586928010478,1997,33.353968,-82.045649,245,2,66.077,,73.199,,,,,,,,,,,,,,,,,,,,,,,,,
13,61308252010478,2004,32.501078,-82.709649,175,2,,,,,,,,59.172,,,,,120.088,,,,,,,,,,,,,,,
14,124002441010478,2007,31.660929,-82.953846,69,2,,,,,,,,,,,71.704,,,,,,,,,,137.441,,,,,,,
14,123994536010478,2007,30.886601,-81.967392,49,2,,,,,,,,,,,67.513,,,,,,,,,,42.161,,,,,,,
14,61064926010478,1999,31.725768,-81.470686,179,2,,,4.321,,,,,,,,,,,,,113.442,,,,,,,,,,,,
14,61226998010478,1998,31.869713,-84.651704,243,2,,18.972,,,,,,,,,31.029,,,,,,,,,,,,,,,,,
14,76407150010478,2005,31.583097,-84.538239,37,2,,,,,,,,,12.003,,,,,28.875,,,,,,,,,,,,,,
14,76708352010478,2006,32.539766,-83.83537,225,2,,,,,,,,,,82.017,,,,,114.762,,,,,,,,,,,,,
14,56791777010478,1997,34.028356,-82.848315,105,2,98.453,108.934,,,,,,,,,,,,,,,,,,,,,,,,,,
14,56821125010478,1997,34.44314,-84.117817,85,2,231.03,217.423,,,,,,,,,,,,,,,,,,,,,,,,,,
14,56697986010478,1997,34.803721,-84.830905,213,2,29.863,28.277,,,,,,,,,,,,,,,,,,,,,,,,,,
14,61401898010478,2003,32.038115,-84.431587,261,2,,,,,,,25.966,,,,,,,,,,,,,,,,,,,,38.825,
14,56568634010478,1997,34.426493,-84.266389,227,2,66.23,,,,,70.411,,,,,,,,,,,,,,,,,,,,,,
14,56928784010478,1997,33.104282,-85.068628,285,2,138.432,,,,,151.923,,,,,,,,,,,,,,,,,,,,,,
14,56752729010478,1997,34.637617,-84.585229,123,2,111.878,,125.697,,,,,,,,,,,,,,,,,,,,,,,,,
14,216219550020004,2014,31.891043,-84.305663,177,2,,,,,,,,,,,,,,,,,,5.775,,,,,3.389,,,,,
14,56653865010478,1997,34.064678,-83.700165,157,2,148.861,150.833,,,,,,,,,,,,,,,,,,,,,,,,,,
14,56656691010478,1997,33.249845,-83.649961,159,2,97.792,96.158,,,,,,,,,,,,,,,,,,,,,,,,,,
14,56726422010478,1997,32.803619,-84.920746,145,2,57.749,,,,89.063,,,,,,,,,,,,,,,,,,,,,,,
14,61129527010478,1998,32.380423,-83.121673,91,2,,73.953,,,,,,,,,,,,,,,161.216,,,,,,,,,,,
15,61263596010478,2001,31.221046,-81.944642,25,2,,,,,9.37,,,,,,,,,,,,,,,85.04,,,,,,,,
15,76701275010478,2006,31.237746,-84.624275,201,2,,,,,,,,,,22.662,,,,,,,,,,64.116,,,,,,,,
15,61377419010478,2003,33.545006,-83.071633,133,2,,,,,,,30.764,,,,,,,,,,,,,,,37.569,,,,,,
15,43266087020004,2013,30.91914,-83.663791,27,2,,,,,,,,,,,,,,,,,60.847,,,,,,,,,,88.846,
15,56970822010478,1997,31.983945,-83.063023,271,2,49.696,66.253,,,,,,,,,,,,,,,,,,,,,,,,,,
15,153847286010854,2009,31.922725,-84.725355,259,2,,,,,,,,,,,,,117.63,,,,,,,,,,143.558,,,,,
15,56670140010478,1997,33.120346,-83.765935,169,2,43.951,50.759,,,,,,,,,,,,,,,,,,,,,,,,,,
15,56796431010478,1997,32.676073,-82.218136,107,2,165.962,188.647,,,,,,,,,,,,,,,,,,,,,,,,,,
15,56948031010478,1997,33.329053,-84.218273,255,2,46.371,,11.881,,,,,,,,,,,,,,,,,,,,,,,,,
15,56843672010478,1997,34.148801,-84.534678,57,2,180.345,,192.294,,,,,,,,,,,,,,,,,,,,,,,,,
15,61313105010478,2004,32.25976,-84.180758,193,2,,,,,,,,26.703,,,,,61.225,,,,,,,,,,,,,,,
15,56859848010478,1997,31.301558,-84.39007,7,2,12.526,,1.627,,,,,,,,,,,,,,,,,,,,,,,,,
15,56596914010478,1997,31.846794,-84.159383,177,2,127.526,137.501,,,,,,,,,,,,,,,,,,,,,,,,,,
15,56663519010478,1997,32.965372,-82.308799,163,2,212.437,,212.837,,,,,,,,,,,,,,,,,,,,,,,,,
16,61586027010478,1999,31.877212,-83.364507,315,2,,,29.276,,,,,,,,,,,,,,,,,,59.066,,,,,,,
16,61607383010478,1999,32.465371,-84.615331,197,2,,,6.546,,,,,,,27.29,,,,,,,,,,,,,,,,,,
16,56865031010478,1997,34.018069,-83.560243,13,2,138.993,,,,159.813,,,,,,,,,,,,,,,,,,,,,,,
16,56795674010478,1997,32.808128,-82.248872,107,2,48.057,,85.286,,,,,,,,,,,,,,,,,,,,,,,,,
16,61060372010478,1999,32.608293,-82.563091,167,2,,,63.413,,,,,,,,,,,,,,80.035,,,,,,,,,,,
16,56939184010478,1997,32.790327,-84.256665,293,2,167.06,,197.08,,,,,,,,,,,,,,,,,,,,,,,,,
16,61360178010478,2004,31.010196,-81.978509,49,2,,,,,,,,27.14,,,,,,,,,,11.01,,,,,,,,,,
16,61442007010478,2003,32.527469,-81.411336,103,2,,,,,,,63.9,,,,,120.826,,,,,,,,,,,,,,,,
16,61322817010478,2004,31.637356,-84.830575,243,2,,,,,,,,2.378,,,,,34.281,,,,,,,,,,,,,,,
17,56869899010478,1997,31.691518,-82.998296,17,2,27.586,,36.721,,,,,,,,,,,,,,,,,,,,,,,,,
17,385729302489998,2016,32.022142,-83.729146,81,2,,,,,,,,,,,,,,,,,,,,24.369,,,,,52.755,,,
17,61601556010478,2000,30.811161,-82.137984,49,2,,,,8.922,,,,,24.899,,,,,,,,,,,,,,,,,,,
17,76326463010478,2005,31.672901,-84.773068,243,2,,,,,,,,,33.866,,,,,,,,,,,,,,,58.707,,,,
17,56604017010478,1997,31.668069,-81.819408,183,2,181.52,166.001,,,,,,,,,,,,,,,,,,,,,,,,,,
17,533664962126144,2018,32.310711,-82.538025,209,2,,,,,,,,,,,,,,,,,,,,,,1.75,,,,,10.193,
17,56625122010478,1997,31.020049,-83.709661,27,2,36.171,44.496,,,,,,,,,,,,,,,,,,,,,,,,,,
17,635663780126144,2019,34.978761,-85.370611,83,2,,,,,,,,,,,,,,,,,,,,,,,128.853,,,,,161.946
17,56949491010478,1997,34.588857,-83.285588,257,2,60.793,,72.251,,,,,,,,,,,,,,,,,,,,,,,,,
17,56865750010478,1997,34.256856,-84.949668,15,2,86.526,,101.685,,,,,,,,,,,,,,,,,,,,,,,,,
17,56899189010478,1997,32.872883,-82.710932,303,2,162.085,,,,,,,178.287,,,,,,,,,,,,,,,,,,,,
17,56669605010478,1997,32.798388,-82.796804,167,2,105.625,,,,,,146.822,,,,,,,,,,,,,,,,,,,,,
17,56659401010478,1997,31.901198,-82.565531,161,2,30.455,,46.569,,,,,,,,,,,,,,,,,,,,,,,,,
17,43265642020004,2013,33.133434,-83.119152,9,2,,,,,,,,,,,,,,,,,38.613,,,,,,,,,,111.088,
17,144530073010478,2008,31.677236,-82.514664,5,2,,,,,,,,,,,,190.725,,,,,,,,,,90.027,,,,,,
17,56920027010478,1997,30.713147,-84.082862,275,2,83.305,,93.968,,,,,,,,,,,,,,,,,,,,,,,,,
17,144513574010478,2008,33.545507,-82.633249,301,2,,,,,,,,,,,,5.211,,,,,35.32,,,,,,,,,,,
18,56961427010478,1997,33.535682,-82.815623,265,2,95.052,,,,,,,,,,,,,,,,,,,,,,,,,119.694,,
18,123968703010478,2007,31.695468,-82.818988,161,2,,,,,,,,,,,10.485,,,,,,,,,105.14,,,,,,,,
18,61175494010478,1999,31.456336,-82.705574,69,2,,,9.655,,,,,,,,,80.728,,,,,,,,,,,,,,,,
18,61298410010478,2004,33.360019,-82.989206,141,2,,,,,,,,75.389,,,,,,,,,,110.678,,,,,,,,,,
18,56858818010478,1997,33.889572,-84.55043,67,2,75.385,,239.084,,,,,,,,,,,,,,,,,,,,,,,,,
18,56871201010478,1997,31.69106,-82.458705,1,2,220.503,,247.035,,,,,,,,,,,,,,,,,,,,,,,,,
18,56936040010478,1997,34.791915,-83.844005,291,2,63.28,,,,59.805,,,,,,,,,,,,,,,,,,,,,,,
18,61337154010478,2004,31.25442,-82.652855,299,2,,,,,,,,4.221,,,,,27.082,,,,,,,,,,,,,,,
19,259082410010854,2012,33.831427,-84.074429,135,2,,,,,,,,,,,,,,,,91.879,,,,,111.689,,,,,,,
19,76787691010478,2006,31.05832,-82.643896,65,2,,,,,,,,,,15.616,,,,,65.937,,,,,,,,,,,,,
19,61561801010478,2000,32.38016,-83.643899,153,2,,,,88.834,,,,,180.73,,,,,,,,,,,,,,,,,,,
19,76778570010478,2006,30.922357,-81.657944,39,2,,,,,,,,,,112.22,,,,,,,,,,81.136,,,,,,,,
19,61046673010478,1999,33.69367,-83.37099,133,2,,,38.634,,,,,,,,167.722,,,,,,,,,,,,,,,,,
19,56827899010478,1997,33.695686,-84.200588,89,2,88.665,89.848,,,,,,,,,,,,,,,,,,,,,,,,,,
19,61087897010478,1999,31.361896,-82.718637,3,2,,,7.495,,,,,,30.101,,,,,,,,,,,,,,,,,,,
19,56952850010478,1997,31.945249,-84.771479,259,2,189.095,212.571,,,,,,,,,,,,,,,,,,,,,,,,,,
19,56910632010478,1997,34.817279,-85.130647,313,2,107.007,111.149,,,,,,,,,,,,,,,,,,,,,,,,,,
19,533665091126144,2018,32.915159,-81.990836,165,2,,,,,,,,,,,,,,,,,,,,,,20.301,,,,,51.276,
19,56613120010478,1997,33.410179,-82.51304,189,2,75.751,,,,,,,,,,,,177.257,,,,,,,,,,,,,,,
19,56569596010478,1997,31.23182,-82.227604,229,2,169.566,173.311,,,,,,,,,,,,,,,,,,,,,,,,,,
19,56623175010478,1997,32.295455,-84.509628,197,2,21.849,83.888,,,,,,,,,,,,,,,,,,,,,,,,,,
19,61346908010478,2003,31.507505,-81.81779,305,2,,,,,,,79.992,,,,,150.311,,,,,,,,,,,,,,,,
19,56839523010478,1997,32.431571,-84.760889,53,2,55.825,81.689,,,,,,,,,,,,,,,,,,,,,,,,,,
19,56779655010478,1997,33.663016,-84.790156,97,2,210.693,,239.441,,,,,,,,,,,,,,,,,,,,,,,,,
19,56699844010478,1997,32.511219,-84.868308,215,2,38.183,,41.109,,,,,,,,,,,,,,,,,,,,,,,,,
20,176549308010854,2010,30.904112,-83.319896,185,2,,,,,,,,,,,,,,22.845,,,,,,,,,,3.235,,,,
20,61415187010478,2002,31.74507,-83.836421,321,2,,,,,,74.325,,,,,,,,,,70.047,,,,,,,,,,,,
20,259082224010854,2012,34.280948,-84.147504,117,2,,,,,,,,,,,,,,,,15.975,,,,,,,,,,60.998,,
20,385728986489998,2016,33.335245,-84.870473,77,2,,,,,,,,,,,,,,,,,,,,40.979,,,,,55.197,,,
20,144466803010478,2008,33.162373,-83.094843,141,2,,,,,,,,,,,,69.013,,,,,136.235,,,,,,,,,,,
20,56958346010478,1997,32.561905,-84.513253,263,2,92.905,94.309,,,,,,,,,,,,,,,,,,,,,,,,,,
20,144489849010478,2008,33.866477,-83.538796,219,2,,,,,,,,,,,,20.858,,,,,63.598,,,,,,,,,,,
20,533664585126144,2018,34.557285,-83.29514,257,2,,,,,,,,,,,,,,,,,,,,,,10.571,,,,,24.56,
20,56839791010478,1997,32.405112,-84.699508,53,2,108.614,,,,,,,,,,,,,,,,,,,,,,,,,,,72.976
20,56570174010478,1997,31.290432,-82.087701,229,2,64.265,89.34,,,,,,,,,,,,,,,,,,,,,,,,,,
20,144464464010478,2008,33.63044,-83.336765,133,2,,,,,,,,,,,,48.523,,,,,126.992,,,,,,,,,,,
20,153846994010854,2009,31.807079,-84.183048,177,2,,,,,,,,,,,,,30.284,,,,,48.211,,,,,,,,,,
20,56773015010478,1997,32.316006,-83.262805,91,2,94.452,,92.798,,,,,,,,,,,,,,,,,,,,,,,,,
21,61255691010478,1998,33.78772,-84.576027,67,2,,2.114,,,,,,,,0.977,,,,,,,,,,,,,,,,,,
21,385729208489998,2016,34.361978,-84.024172,85,2,,,,,,,,,,,,,,,,,,,,11.914,,,,,21.681,,,
21,451135914489998,2017,31.865714,-84.5178,273,2,,,,,,,,,,,,,,,,,,,,,11.1,,,,,7.824,,
21,61182849010478,1999,33.58322,-82.246232,73,2,,,166.257,,,,,,,,,,,,,,,,150.258,,,,,,,,,
21,56951520010478,1997,32.039966,-84.842286,259,2,38.683,45.254,,,,,,,,,,,,,,,,,,,,,,,,,,
21,56733296010478,1997,33.537465,-84.163546,151,2,191.435,,193.71,,,,,,,,,,,,,,,,,,,,,,,,,
21,61327244010478,2004,31.969419,-83.985579,261,2,,,,,,,,105.414,,,,,,,,,,84.407,,,,,,,,,,
21,56721161010478,1997,33.208393,-82.909597,141,2,74.002,85.697,,,,,,,,,,,,,,,,,,,,,,,,,,
21,56764144010478,1997,30.834877,-84.297324,131,2,128.988,,157.588,,,,,,,,,,,,,,,,,,,,,,,,,
21,56780677010478,1997,33.601398,-84.842803,97,2,286.998,,315.704,,,,,,,,,,,,,,,,,,,,,,,,,
21,56567684010478,1997,34.468328,-84.412351,227,2,133.7,,144.631,,,,,,,,,,,,,,,,,,,,,,,,,
21,56693883010478,1997,32.26475,-82.551693,209,2,97.525,,,,,100.43,,,,,,,,,,,,,,,,,,,,,,
21,56657297010478,1997,33.298815,-83.625412,159,2,125.932,141.292,,,,,,,,,,,,,,,,,,,,,,,,,,
21,56877929010478,1997,31.572493,-82.623363,5,2,56.854,,76.98,,,,,,,,,,,,,,,,,,,,,,,,,
21,56966177010478,1997,32.542552,-84.232473,269,2,3.011,,,,,,55.865,,,,,,,,,,,,,,,,,,,,,
21,56713574010478,1997,33.890035,-83.962433,135,2,16.439,17.244,,,,,,,,,,,,,,,,,,,,,,,,,,
21,43265744020004,2013,33.857915,-82.650641,317,2,,,,,,,,,,,,,,,,,83.663,,,,,,,,,,150.953,
21,61438716010478,2003,32.078784,-83.668581,93,2,,,,,,,59.135,,,,,121.53,,,,,,,,,,,,,,,,
22,76827564010478,2006,31.471339,-83.95905,321,2,,,,,,,,,,29.048,,,,,,,,,,14.537,,,,,,,,
22,56662042010478,1997,32.924779,-82.310484,163,2,65.194,,,,,,,,,58.487,,,,,,,,,,,,,,,,,,
22,56793663010478,1997,32.708324,-82.438342,107,2,36.028,38.462,,,,,,,,,,,,,,,,,,,,,,,,,,
22,385730025489998,2016,31.867538,-82.802805,271,2,,,,,,,,,,,,,,,,,,,,2.621,,,,,3.214,,,
22,61630115010478,1999,31.950423,-82.11625,267,2,,,35.448,,,,,,,,,,,,,,,,,,,,,25.982,,,,
22,56698418010478,1997,34.786496,-84.73146,213,2,45.179,39.768,,,,,,,,,,,,,,,,,,,,,,,,,,
22,56789977010478,1997,32.398979,-81.369463,103,2,36.264,46.002,,,,,,,,,,,,,,,,,,,,,,,,,,
22,56811826010478,1997,33.453509,-84.979735,77,2,34.604,38.905,,,,,,,,,,,,,,,,,,,,,,,,,,
22,56624786010478,1997,31.28361,-81.96264,25,2,131.611,142.758,,,,,,,,,,,,,,,,,,,,,,,,,,
22,56890651010478,1997,31.03045,-82.428164,299,2,97.359,,,,,,,,,,,,81.982,,,,,,,,,,,,,,,
22,56948700010478,1997,33.339661,-84.334182,255,2,48.152,,28.826,,,,,,,,,,,,,,,,,,,,,,,,,
22,56691322010478,1997,33.18748,-84.002359,207,2,94.179,,125.656,,,,,,,,,,,,,,,,,,,,,,,,,
22,56667068010478,1997,32.7892,-81.959271,165,2,275.915,,306.536,,,,,,,,,,,,,,,,,,,,,,,,,
22,56906393010478,1997,32.09418,-84.437838,307,2,92.353,102.492,,,,,,,,,,,,,,,,,,,,,,,,,,
22,56648400010478,1997,30.86,-81.75,39,2,569.753,,567.317,,,,,,,,,,,,,,,,,,,,,,,,,
22,56674798010478,1997,30.959039,-83.171875,173,2,66.267,,75.205,,,,,,,,,,,,,,,,,,,,,,,,,
22,56603755010478,1997,31.742193,-81.896359,183,2,83.392,,98.732,,,,,,,,,,,,,,,,,,,,,,,,,
22,56718667010478,1997,33.256696,-83.154714,141,2,104.428,,111.787,,,,,,,,,,,,,,,,,,,,,,,,,
22,56938274010478,1997,32.811258,-84.357373,293,2,88.924,,,,,,,,,,,,,,,,,,,,,,,,,,,94.99
22,56717255010478,1997,34.445813,-83.70449,139,2,142.935,,158.096,,,,,,,,,,,,,,,,,,,,,,,,,
23,385729039489998,2016,31.707127,-84.903353,243,2,,,,,,,,,,,,,,,,,,,,21.786,,,,,48.796,,,
23,56697788010478,1997,34.653031,-84.815704,213,2,66.48,,,,,,,,,84.81,,,,,,,,,,,,,,,,,,
23,56878506010478,1997,31.627209,-82.476364,5,2,62.156,99.901,,,,,,,,,,,,,,,,,,,,,,,,,,
23,61500740010478,2001,32.07735,-82.357135,279,2,,,,,54.061,,,,,,,,,,65.677,,,,,,,,,,,,,
23,76825749010478,2006,33.787622,-82.596697,317,2,,,,,,,,,,16.724,,,,,34.306,,,,,,,,,,,,,
23,123998483010478,2007,31.728337,-84.999388,61,2,,,,,,,,,,,3.121,,,,,,,,,,44.552,,,,,,,
23,123987005010478,2007,31.032815,-83.527515,27,2,,,,,,,,,,,17.014,,,,,,,,,,,,,,,1.701,,
23,61583574010478,1999,32.048036,-84.542561,307,2,,,83.947,,,,,,,,,,,,,,,,,,,,,46.436,,,,
23,61532111010478,2000,31.203121,-82.619548,299,2,,,,31.17,,,,,63.27,,,,,,,,,,,,,,,,,,,
23,56740906010478,1997,34.973326,-84.356514,111,2,9.246,9.725,,,,,,,,,,,,,,,,,,,,,,,,,,
23,56741908010478,1997,34.271407,-85.407285,115,2,133.605,140.302,,,,,,,,,,,,,,,,,,,,,,,,,,
23,56674687010478,1997,31.043883,-83.175675,173,2,221.843,277.425,,,,,,,,,,,,,,,,,,,,,,,,,,
23,153847078010854,2009,34.036934,-82.998059,195,2,,,,,,,,,,,,,66.854,,,,,90.627,,,,,,,,,,
23,56637894010478,1997,33.18199,-82.111965,33,2,34.913,,47.911,,,,,,,,,,,,,,,,,,,,,,,,,
23,56961964010478,1997,32.243677,-82.209571,267,2,198.509,,191.016,,,,,,,,,,,,,,,,,,,,,,,,,
23,56895461010478,1997,33.341432,-82.64203,301,2,70.066,,84.355,,,,,,,,,,,,,,,,,,,,,,,,,
23,56885456010478,1997,31.038391,-82.139735,25,2,141.979,,,,,,118.736,,,,,,,,,,,,,,,,,,,,,
23,56581937010478,1997,34.898827,-83.4077,241,2,233.727,,242.884,,,,,,,,,,,,,,,,,,,,,,,,,
23,61544679010478,2000,31.749051,-82.977887,69,2,,,,99.399,,,,,122.76,,,,,,,,,,,,,,,,,,,
23,635664317126144,2019,31.013886,-84.922506,253,2,,,,,,,,,,,,,,,,,,,,,,,32.007,,,,,106.029
24,61251931010478,1998,31.639621,-82.410775,5,2,,6.589,,,,,,,,,,,,,,,,,,,,,,,,1.776,,
24,123925858010478,2007,31.316717,-82.143329,229,2,,,,,,,,,,,45.472,,,,,,,,,,95.627,,,,,,,
24,76767695010478,2006,33.088845,-83.450544,169,2,,,,,,,,,,16.847,,,,,78.778,,,,,,,,,,,,,
24,282502831489998,2015,34.972352,-83.573375,281,2,,,,,,,,,,,,,,,,,,,298.446,,,,,,409.589,,,
24,56791182010478,1997,34.215574,-82.958284,105,2,257.396,250.721,,,,,,,,,,,,,,,,,,,,,,,,,,
24,56771990010478,1997,31.389822,-83.850214,321,2,167.582,174.778,,,,,,,,,,,,,,,,,,,,,,,,,,
24,56784611010478,1997,30.712258,-83.0035,101,2,83.655,,,,,,,,,,,,,,,,,45.626,,,,,,,,,,
24,56697420010478,1997,34.635334,-84.891316,213,2,187.326,,204.496,,,,,,,,,,,,,,,,,,,,,,,,,
24,61380151010478,2003,33.294109,-85.118572,149,2,,,,,,,21.424,,,,,25.663,,,,,,,,,,,,,,,,
24,56813439010478,1997,33.347358,-84.765263,77,2,24.996,,34.278,,,,,,,,,,,,,,,,,,,,,,,,,
24,56838210010478,1997,32.076161,-81.178154,51,2,24.488,,,,,,,,,,,,,,,,,,,,,74.317,,,,,,
24,533664253126144,2018,31.614846,-83.684881,287,2,,,,,,,,,,,,,,,,,,,,,,48.354,,,,,45.982,
24,153847528010854,2009,33.783149,-82.743219,317,2,,,,,,,,,,,,,92.585,,,,,,,,,,186.916,,,,,
24,61296720010478,2004,33.434165,-83.144917,133,2,,,,,,,,18.192,,,,,25.541,,,,,,,,,,,,,,,
25,61524422010478,2000,32.187027,-82.072294,267,2,,,,101.729,,,,,,,,,,,,,,,,,,,,11.226,,,,
25,61548846010478,2000,32.127463,-83.887064,93,2,,,,72.468,,,,,,,,,,,,,,,54.586,,,,,,,,,
25,385729099489998,2016,31.786077,-83.982656,321,2,,,,,,,,,,,,,,,,,,,,122.507,,,,,138.481,,,
25,259082708010854,2012,30.876401,-84.008555,275,2,,,,,,,,,,,,,,,,91.721,,,,,,,,,,133.315,,
25,451136660489998,2017,32.941138,-81.567266,251,2,,,,,,,,,,,,,,,,,,,,,1.693,,,,,2.467,,
25,76791237010478,2006,31.294227,-83.710053,71,2,,,,,,,,,,33.083,,,,,,,,,,,,,,,85.763,,,
25,123974365010478,2007,31.71898,-84.111089,177,2,,,,,,,,,,,22.836,,,,,72.751,,,,,,,,,,,,
25,76380964010478,2005,33.928396,-82.590759,181,2,,,,,,,,,179.727,,,,,,,,,,172.96,,,,,,,,,
25,56678653010478,1997,32.362333,-82.844508,175,2,60.763,70.606,,,,,,,,,,,,,,,,,,,,,,,,,,
25,56794180010478,1997,32.74428,-82.415764,107,2,39.349,49.174,,,,,,,,,,,,,,,,,,,,,,,,,,
25,635664437126144,2019,32.817642,-82.454957,163,2,,,,,,,,,,,,,,,,,,,,,,,35.275,,,,,73.75
25,56864041010478,1997,34.331628,-83.395293,11,2,117.505,,128.968,,,,,,,,,,,,,,,,,,,,,,,,,
25,56729582010478,1997,34.29293,-82.881177,147,2,98.813,110.421,,,,,,,,,,,,,,,,,,,,,,,,,,
25,56573556010478,1997,34.035208,-85.400886,233,2,140.213,,146.437,,,,,,,,,,,,,,,,,,,,,,,,,
25,56700917010478,1997,32.497246,-84.800763,215,2,95.147,,,,,,,97.549,,,,,,,,,,,,,,,,,,,,
25,56895142010478,1997,33.327732,-82.613174,301,2,1.038,,,,,28.322,,,,,,,,,,,,,,,,,,,,,,
26,56788209010478,1997,32.199731,-81.25635,103,2,96.69,,,,,,,,,,,,,71.561,,,,,,,,,,,,,,
26,61624033010478,1999,30.794512,-84.903836,253,2,,,88.36,,,,,,,,,,,,,98.111,,,,,,,,,,,,
26,76702583010478,2006,32.870922,-83.860518,207,2,,,,,,,,,,72.961,,,,,,,,,,102.236,,,,,,,,
26,173673264010854,2007,32.359517,-81.943122,43,2,,,,,,,,,,,90.017,,,,,132.402,,,,,,,,,,,,
26,282502833489998,2015,34.944754,-83.60255,281,2,,,,,,,,,,,,,,,,,,,174.321,,,,,,,,186.025,
26,61564187010478,2000,31.839417,-82.756631,161,2,,,,0.495,,,,,,,,,,,,,,,85.862,,,,,,,,,
26,56746709010478,1997,34.187158,-84.178159,117,2,8.224,8.122,,,,,,,,,,,,,,,,,,,,,,,,,,
26,61198876010478,1998,31.846619,-81.671289,179,2,,16.536,,,,,,,,,,,,,,,,,,,,13.352,,,,,,
26,56611345010478,1997,34.62389,-83.971898,187,2,97.978,,110.024,,,,,,,,,,,,,,,,,,,,,,,,,
26,56710552010478,1997,33.528016,-83.060714,133,2,67.761,,98.041,,,,,,,,,,,,,,,,,,,,,,,,,
26,56850762010478,1997,31.02,-82.83,65,2,25.544,35.231,,,,,,,,,,,,,,,,,,,,,,,,,,
26,61060983010478,1999,32.86209,-83.48951,169,2,,,53.039,,,,,,,,,,,,,,24.292,,,,,,,,,,,
26,56667311010478,1997,32.803025,-81.830269,165,2,134.879,,169.217,,,,,,,,,,,,,,,,,,,,,,,,,
26,216219427020004,2014,31.174806,-84.699359,201,2,,,,,,,,,,,,,,,,,,33.693,,,,,,,,,,0.135
27,56721390010478,1997,33.377752,-82.859499,141,2,122.477,,131.959,,,,,,,,,,,,,,,,,,,,,,,,,
27,61483076010478,2001,33.481801,-82.59453,189,2,,,,,102.5,,,,,,,,,,,,,,,31.985,,,,,,,,
27,61118062010478,2002,31.662548,-84.583914,243,2,,,,,,23.567,,,,,56.346,,,,,,,,,,,,,,,,,
27,56567553010478,1997,34.405157,-84.508304,227,2,84.382,87.315,,,,,,,,,,,,,,,,,,,,,,,,,,
27,56840406010478,1997,34.537281,-85.479629,55,2,141.666,157.041,,,,,,,,,,,,,,,,,,,,,,,,,,
27,56699277010478,1997,34.880021,-84.763992,213,2,109.93,120.123,,,,,,,,,,,,,,,,,,,,,,,,,,
27,56593777010478,1997,32.591815,-81.49723,251,2,40.026,56.975,,,,,,,,,,,,,,,,,,,,,,,,,,
27,56621345010478,1997,34.081018,-83.037619,195,2,16.757,,18.212,,,,,,,,,,,,,,,,,,,,,,,,,
27,56571808010478,1997,33.050339,-84.415312,231,2,269.268,,286.085,,,,,,,,,,,,,,,,,,,,,,,,,
27,56933827010478,1997,32.757207,-83.487402,289,2,105.097,117.258,,,,,,,,,,,,,,,,,,,,,,,,,,
27,43265982020004,2013,31.596048,-82.39084,5,2,,,,,,,,,,,,,,,,,56.225,,,,,,,,,,136.565,
27,61190317010478,1999,31.462667,-84.017267,95,2,,,69.194,,,,,,,,,,,,,,,,,,,,,,,,0.103,
27,153846640010854,2009,32.206257,-83.872286,93,2,,,,,,,,,,,,,49.913,,,,,108.432,,,,,,,,,,
28,61486752010478,2001,31.311251,-84.306968,205,2,,,,,40.409,,,,,,,,,,,,,,,23.356,,,,,,,,
28,61213759010478,1998,32.912733,-83.984918,207,2,,97.507,,,,,,,,,,,,,,43.102,,,,,,,,,,,,
28,56621393010478,1997,34.12453,-83.061634,195,2,113.512,110.363,,,,,,,,,,,,,,,,,,,,,,,,,,
28,56953552010478,1997,32.195915,-84.645245,259,2,105.031,,124.187,,,,,,,,,,,,,,,,,,,,,,,,,
28,56573328010478,1997,33.182135,-84.289789,231,2,93.922,98.304,,,,,,,,,,,,,,,,,,,,,,,,,,
28,56622425010478,1997,32.337583,-84.516589,197,2,28.601,,30.931,,,,,,,,,,,,,,,,,,,,,,,,,
28,61380072010478,2003,33.361485,-85.254322,149,2,,,,,,,23.369,,,,,69.111,,,,,,,,,,,,,,,,
28,56777645010478,1997,31.492465,-84.371341,95,2,179.316,,202.236,,,,,,,,,,,,,,,,,,,,,,,,,
28,56817802010478,1997,32.696933,-83.892245,79,2,74.154,,,,,,,,,,,94.186,,,,,,,,,,,,,,,,
28,61304767010478,2004,32.722634,-82.02143,165,2,,,,,,,,16.691,,,,,53.469,,,,,,,,,,,,,,,
28,56869303010478,1997,31.794151,-83.279071,17,2,62.107,,,,,,,,,,,,86.439,,,,,,,,,,,,,,,
28,56705659010478,1997,34.013849,-83.033743,221,2,61.646,,,,,,,,,,,66.467,,,,,,,,,,,,,,,,
28,61537825010478,2000,32.936981,-83.075032,319,2,,,,144.929,,,,,,,,,,,,,,,,,,,78.535,,,,,
28,61576517010478,1999,32.769013,-84.275666,293,2,,,35.103,,,,,,72.324,,,,,,,,,,,,,,,,,,,
28,29166391010478,2004,31.556794,-84.998517,61,2,,,,,,,,23.761,,,,,69.549,,,,,,,,,,,,,,,
29,61476170010478,2002,33.589061,-83.231362,133,2,,,,,,153.249,,,,,,,,,,26.883,,,,,,,,,,,,
29,61567131010478,2000,32.611497,-82.809121,175,2,,,,103.119,,,,,163.824,,,,,,,,,,,,,,,,,,,
29,76423130010478,2005,30.663575,-82.979229,101,2,,,,,,,,,47.743,,,,,107.017,,,,,,,,,,,,,,
29,56929928010478,1997,33.207379,-84.915956,285,2,140.045,147.771,,,,,,,,,,,,,,,,,,,,,,,,,,
29,56651222010478,1997,33.664442,-85.244774,45,2,82.645,78.545,,,,,,,,,,,,,,,,,,,,,,,,,,
29,56844071010478,1997,34.256801,-84.516743,57,2,147.778,141.199,,,,,,,,,,,,,,,,,,,,,,,,,,
29,144469718010478,2008,33.402328,-84.172534,151,2,,,,,,,,,,,,0.232,,,,,34.138,,,,,,,,,,,
29,56819356010478,1997,31.971325,-83.688905,81,2,59.838,,61.89,,,,,,,,,,,,,,,,,,,,,,,,,
29,56863589010478,1997,34.398596,-83.400307,11,2,115.257,,147.13,,,,,,,,,,,,,,,,,,,,,,,,,
29,56943663010478,1997,34.64876,-85.288385,295,2,89.552,,87.461,,,,,,,,,,,,,,,,,,,,,,,,,
29,61088366010478,1999,31.384922,-84.61565,7,2,,,14.187,,,,,,,,,,90.559,,,,,,,,,,,,,,,
29,56763448010478,1997,30.70503,-84.106259,131,2,73.15,,94.756,,,,,,,,,,,,,,,,,,,,,,,,,
29,76400354010478,2005,32.525754,-83.279816,23,2,,,,,,,,,62.143,,,,,104.223,,,,,,,,,,,,,,
30,76815614010478,2006,31.489022,-84.094276,95,2,,,,,,,,,,77.541,,,,,86.452,,,,,,,,,,,,,
30,76410859010478,2005,30.439503,-82.060871,49,2,,,,,,,,,53.498,,,,,,,,,,78.552,,,,,,,,,
30,123979239010478,2007,30.727421,-84.483045,87,2,,,,,,,,,,,59.854,,,,,,,,,,74.504,,,,,,,
30,61111253010478,2002,32.187644,-82.479622,209,2,,,,,,136.94,,,,,,,,,,,,,,,155.451,,,,,,,
30,76808515010478,2006,31.066003,-83.287946,75,2,,,,,,,,,,155.624,,,,,,,,,,,,,,,67.666,,,
30,76326151010478,2005,31.844538,-84.857968,243,2,,,,,,,,,50.871,,,,,,,,,,22.124,,,,,,,,,
30,56769446010478,1997,31.538818,-83.965657,321,2,23.015,27.147,,,,,,,,,,,,,,,,,,,,,,,,,,
30,216092521010854,1997,33.948947,-84.569097,67,2,71.785,263.203,,,,,,,,,,,,,,,,,,,,,,,,,,
30,56765761010478,1997,32.79874,-83.164321,319,2,36.986,,32.563,,,,,,,,,,,,,,,,,,,,,,,,,
30,56734951010478,1997,32.371032,-83.853368,153,2,76.806,,105.327,,,,,,,,,,,,,,,,,,,,,,,,,
30,56809052010478,1997,33.401519,-82.324917,73,2,206.227,,220.195,,,,,,,,,,,,,,,,,,,,,,,,,
30,56598103010478,1997,31.729063,-84.166796,177,2,123.309,,129.247,,,,,,,,,,,,,,,,,,,,,,,,,
30,61153245010478,1998,33.331054,-83.636286,159,2,,132.854,,,,,,,,,,,,,,,,,,,,,,,,,77.619,
30,56672848010478,1997,32.940515,-83.414389,169,2,15.689,32.218,,,,,,,,,,,,,,,,,,,,,,,,,,
30,56773250010478,1997,32.131327,-83.184615,91,2,46.033,,52.134,,,,,,,,,,,,,,,,,,,,,,,,,
31,451136496489998,2017,32.900865,-82.484542,163,2,,,,,,,,,,,,,,,,,,,,,21.035,,,,,41.623,,
31,76774217010478,2006,31.005395,-83.39246,185,2,,,,,,,,,,1.184,,,,,6.648,,,,,,,,,,,,,
31,61401825010478,2003,32.143259,-84.81856,259,2,,,,,,,108.547,,,,,127.807,,,,,,,,,,,,,,,,
31,56727460010478,1997,32.677454,-84.860078,145,2,147.893,158.908,,,,,,,,,,,,,,,,,,,,,,,,,,
31,56860822010478,1997,33.14999,-83.415678,9,2,57.209,76.919,,,,,,,,,,,,,,,,,,,,,,,,,,
31,56614596010478,1997,31.512172,-81.41818,191,2,139.035,149.463,,,,,,,,,,,,,,,,,,,,,,,,,,
31,56835317010478,1997,30.957872,-82.055103,49,2,76.616,77.812,,,,,,,,,,,,,,,,,,,,,,,,,,
31,56932771010478,1997,32.69143,-83.598705,289,2,38.414,52.037,,,,,,,,,,,,,,,,,,,,,,,,,,
31,56866612010478,1997,34.389527,-84.837735,15,2,136.38,,,,,,151.834,,,,,,,,,,,,,,,,,,,,,
31,56777747010478,1997,31.468677,-84.360367,95,2,65.709,,,,,,,,,,,,,,,,,,,,,45.617,,,,,,
31,56749287010478,1997,33.706567,-84.584826,121,2,155.716,,166.856,,,,,,,,,,,,,,,,,,,,,,,,,
31,56701864010478,1997,33.652498,-83.822122,217,2,230.335,,243.2,,,,,,,,,,,,,,,,,,,,,,,,,
31,61617750010478,1999,33.964444,-85.147387,233,2,,,39.034,,,,,,,,,,,,,,,,,,,,149.335,,,,,
31,533664946126144,2018,32.772078,-82.070813,165,2,,,,,,,,,,,,,,,,,,,,,,1.329,,,,,3.792,
31,56587433010478,1997,33.307063,-82.080998,245,2,38.694,27.574,,,,,,,,,,,,,,,,,,,,,,,,,,
32,61602194010478,2000,32.145368,-81.312677,51,2,,,,196.241,,,,,,,,,,,144.019,,,,,,,,,,,,,
32,61126129010478,2002,31.705377,-83.616568,287,2,,,,,,130.441,,,,,,,,,,71.361,,,,,,,,,,,,
32,61412355010478,2002,31.40297,-81.89238,305,2,,,,,,34.229,,,,,104.097,,,,,,,,,,,,,,,,,
32,56965358010478,1997,32.429827,-84.310066,269,2,74.421,,,,,,,,,,,,,,,,,,,,114.47,,,,,,,
32,259082554010854,2012,31.09653,-84.519338,7,2,,,,,,,,,,,,,,,,76.987,,,,,95.018,,,,,,,
32,153847526010854,2009,33.806233,-82.957143,317,2,,,,,,,,,,,,,103.857,,,,,198.996,,,,,,,,,,
32,56941472010478,1997,34.900913,-85.320068,295,2,22.958,27.625,,,,,,,,,,,,,,,,,,,,,,,,,,
32,56624091010478,1997,31.277239,-81.899322,25,2,41.782,49.823,,,,,,,,,,,,,,,,,,,,,,,,,,
32,56594495010478,1997,32.63838,-81.460462,251,2,26.466,42.104,,,,,,,,,,,,,,,,,,,,,,,,,,
32,56907792010478,1997,32.160403,-82.739791,309,2,54.439,,84.445,,,,,,,,,,,,,,,,,,,,,,,,,
32,61422054010478,2003,30.846238,-83.556495,27,2,,,,,,,30.492,,,,,,,,,,71.676,,,,,,,,,,,
32,56761969010478,1997,30.862927,-84.250717,131,2,136.485,,,129.207,,,,,,,,,,,,,,,,,,,,,,,,
32,216219199020004,2014,34.288991,-83.359071,119,2,,,,,,,,,,,,,,,,,,187.228,,,,,,,,,,109.11
32,56633436010478,1997,32.310554,-81.650566,31,2,192.164,,,,,224.971,,,,,,,,,,,,,,,,,,,,,,
33,282502635489998,2015,30.664426,-83.567978,27,2,,,,,,,,,,,,,,,,,,,116.712,,,,,140.897,,,,
33,76335983010478,2005,32.437853,-84.380657,269,2,,,,,,,,,79.411,,,,,71.431,,,,,,,,,,,,,,
33,259082551010854,2012,31.262726,-84.455676,7,2,,,,,,,,,,,,,,,,16.413,,,,,73.332,,,,,,,
33,123941231010478,2007,32.062635,-82.222453,279,2,,,,,,,,,,,50.594,,,,,73.898,,,,,,,,,,,,
33,29110088010478,2005,32.305556,-84.465735,197,2,,,,,,,,,29.716,,,,,,,,,,,,,,,,,,46.785,
33,61088272010478,1999,31.437997,-82.353937,5,2,,,26.553,,,,,,79.81,,,,,,,,,,,,,,,,,,,
33,56570776010478,1997,31.290037,-82.002733,229,2,65.348,67.34,,,,,,,,,,,,,,,,,,,,,,,,,,
33,56911223010478,1997,34.618395,-84.965768,313,2,90.932,,100.512,,,,,,,,,,,,,,,,,,,,,,,,,
33,533664982126144,2018,31.769144,-82.161405,1,2,,,,,,,,,,,,,,,,,,,,,,127.972,,,,,181.166,
33,61338034010478,2004,32.890397,-82.847786,303,2,,,,,,,,88.816,,,,,,,,,,,,,,,100.868,,,,,
33,56815457010478,1997,33.254982,-84.501817,77,2,110.457,,,,,,137.12,,,,,,,,,,,,,,,,,,,,,
33,61354286010478,2004,31.354449,-82.018082,25,2,,,,,,,,52.038,,,,,,,,,,,,,,,,,,,,148.001
33,635663805126144,2019,33.582082,-84.823284,97,2,,,,,,,,,,,,,,,,,,,,,,,259.918,,,,,328.369
34,123902688010478,2007,31.041005,-82.455441,299,2,,,,,,,,,,,44.51,,,,,,,,,,52.258,,,,,,,
34,56734450010478,1997,33.472124,-83.967277,151,2,44.787,,,,,,,,99.207,,,,,,,,,,,,,,,,,,,
34,61413988010478,2002,32.069982,-83.545674,315,2,,,,,,54.564,,,,,86.524,,,,,,,,,,,,,,,,,
34,56825063010478,1997,30.87656,-84.720894,87,2,116.119,,,,,,,,,17.415,,,,,,,,,,,,,,,,,,
34,61101755010478,2002,32.657959,-81.964957,165,2,,,,,,74.946,,,,,,,,,,84.916,,,,,,,,,,,,
34,61591721010478,2000,31.59041,-82.321251,5,2,,,,59.293,,,,,106.382,,,,,,,,,,,,,,,,,,,
34,56599187010478,1997,31.831026,-81.501734,179,2,130.785,,,,,,,,,,,79.362,,,,,,,,,,,,,,,,
34,56835906010478,1997,30.710837,-82.045004,49,2,26.076,,,52.379,,,,,,,,,,,,,,,,,,,,,,,,
34,56946607010478,1997,30.942156,-84.865951,253,2,23.794,26.02,,,,,,,,,,,,,,,,,,,,,,,,,,
34,61346353010478,2003,31.378135,-82.019771,305,2,,,,,,,50.26,,,,,,,,,,22.442,,,,,,,,,,,
34,56816820010478,1997,32.610137,-84.026158,79,2,43.81,,82.481,,,,,,,,,,,,,,,,,,,,,,,,,
34,56967774010478,1997,31.862792,-83.162957,271,2,218.184,,225.39,,,,,,,,,,,,,,,,,,,,,,,,,
34,61415561010478,2003,31.817117,-82.292229,1,2,,,,,,,142.963,,,,,,,,,,,,,,,,,,,,37.616,
34,56887590010478,1997,31.175303,-81.868745,25,2,159.086,,166.412,,,,,,,,,,,,,,,,,,,,,,,,,
34,56845321010478,1997,34.21753,-84.325654,57,2,179.262,,187.718,,,,,,,,,,,,,,,,,,,,,,,,,
34,61072833010478,1998,32.490359,-83.479632,289,2,,41.706,,,,,,,,,,,,,,,,82.295,,,,,,,,,,
35,61543822010478,2000,31.049012,-82.824969,65,2,,,,69.003,,,,,,,,,,,,,,,,,,,,129.989,,,,
35,56678133010478,1997,32.322296,-82.980012,175,2,175.019,,,,,,,,,,,,,,,,,,80.926,,,,,,,,,
35,259082489010854,2012,32.631122,-84.042868,79,2,,,,,,,,,,,,,,,,93.303,,,,,,,,,,92.967,,
35,61522898010478,2000,32.076358,-84.828883,259,2,,,,202.695,,,,,,,,,,141.292,,,,,,,,,,,,,,
35,56725190010478,1997,32.758188,-85.073261,145,2,72.482,76.526,,,,,,,,,,,,,,,,,,,,,,,,,,
35,56844720010478,1997,34.277271,-84.478168,57,2,102.376,105.273,,,,,,,,,,,,,,,,,,,,,,,,,,
35,56858559010478,1997,33.934804,-84.563797,67,2,142.208,,123.458,,,,,,,,,,,,,,,,,,,,,,,,,
35,56797009010478,1997,32.785619,-82.13498,107,2,227.482,,300.541,,,,,,,,,,,,,,,,,,,,,,,,,
35,282501835489998,2015,33.836588,-84.852457,223,2,,,,,,,,,,,,,,,,,,,24.879,,,,,36.682,,,,
35,56829865010478,1997,33.544794,-84.857811,45,2,121.721,,128.656,,,,,,,,,,,,,,,,,,,,,,,,,
35,61469804010478,2002,32.269922,-81.425242,103,2,,,,,,123.736,,,,,153.406,,,,,,,,,,,,,,,,,
35,56812706010478,1997,33.377076,-84.844421,77,2,16.426,,22.449,,,,,,,,,,,,,,,,,,,,,,,,,
35,144534981010478,2008,31.070421,-82.098077,25,2,,,,,,,,,,,,19.926,,,,,,,,,,44.207,,,,,,
36,385729501489998,2016,33.415404,-85.174729,149,2,,,,,,,,,,,,,,,,,,,,1.017,,,,,1.701,,,
36,451136882489998,2017,32.185112,-83.040771,91,2,,,,,,,,,,,,,,,,,,,,,18.924,,,,,65.794,,
36,76734262010478,2006,32.773854,-84.177107,293,2,,,,,,,,,,72.976,,,,,,,,,,,,,,,107.082,,,
36,56795995010478,1997,32.612117,-82.228501,107,2,37.971,35.689,,,,,,,,,,,,,,,,,,,,,,,,,,
36,56711371010478,1997,33.990675,-84.239821,135,2,158.383,169.652,,,,,,,,,,,,,,,,,,,,,,,,,,
36,56659994010478,1997,31.888664,-82.650228,161,2,8.941,,24.095,,,,,,,,,,,,,,,,,,,,,,,,,
36,56911440010478,1997,34.80566,-84.994889,313,2,137.848,,153.64,,,,,,,,,,,,,,,,,,,,,,,,,
36,153846961010854,2009,32.888674,-83.474744,169,2,,,,,,,,,,,,,22.615,,,,,80.36,,,,,,,,,,
37,61499598010478,2001,31.858185,-84.570072,273,2,,,,,63.145,,,,,111.887,,,,,,,,,,,,,,,,,,
37,176549181010854,2010,31.598961,-83.206527,155,2,,,,,,,,,,,,,,32.378,,,,,56.407,,,,,,,,,
37,61535408010478,2000,34.938169,-84.895788,313,2,,,,17.991,,,,,43.861,,,,,,,,,,,,,,,,,,,
37,61582780010478,1999,31.706482,-82.017414,305,2,,,5.515,,,,,,,,,,,,,,,,,,,,,,,,,54.558
37,56623728010478,1997,32.508547,-84.496663,197,2,91.76,97.359,,,,,,,,,,,,,,,,,,,,,,,,,,
37,56753191010478,1997,34.709779,-84.490629,123,2,30.929,,32.329,,,,,,,,,,,,,,,,,,,,,,,,,
37,216219872020004,2014,32.720357,-82.946044,167,2,,,,,,,,,,,,,,,,,,30.756,,,,,,,,,,43.321
37,56942644010478,1997,34.707491,-85.101249,295,2,52.864,,57.536,,,,,,,,,,,,,,,,,,,,,,,,,
37,56750427010478,1997,34.118608,-84.372433,121,2,215.681,214.877,,,,,,,,,,,,,,,,,,,,,,,,,,
37,56856412010478,1997,30.883252,-82.80719,65,2,36.533,52.234,,,,,,,,,,,,,,,,,,,,,,,,,,
37,56725382010478,1997,32.714856,-85.050669,145,2,53.309,,,,,,62.011,,,,,,,,,,,,,,,,,,,,,
37,61380335010478,2003,33.230322,-85.151,149,2,,,,,,,12.475,,,,,,,,,,,,,,,10.017,,,,,,
37,282502812489998,2015,34.83892,-83.767153,281,2,,,,,,,,,,,,,,,,,,,196.397,,,,,212.561,,,,
38,56885281010478,1997,31.130846,-82.149085,25,2,61.888,,,,,,,,,,,,,,42.324,,,,,,,,,,,,,
38,123982041010478,2007,31.498616,-82.593878,5,2,,,,,,,,,,,70.846,,,,,,,,,,,,,,,117.839,,
38,61287631010478,2001,33.801165,-83.971228,135,2,,,,,14.112,,,,,19.313,,,,,,,,,,,,,,,,,,
38,259083185010854,2012,32.494323,-81.735011,31,2,,,,,,,,,,,,,,,,0.424,,,,,3.731,,,,,,,
38,61231665010478,1998,32.167176,-84.123017,261,2,,27.849,,,,,,,104.775,,,,,,,,,,,,,,,,,,,
38,61522526010478,2000,32.211467,-84.863558,259,2,,,,34.888,,,,,69.161,,,,,,,,,,,,,,,,,,,
38,56912463010478,1997,32.109431,-83.603831,315,2,51.085,61.877,,,,,,,,,,,,,,,,,,,,,,,,,,
38,216092501010854,1997,30.746486,-82.132012,49,2,15.323,20.715,,,,,,,,,,,,,,,,,,,,,,,,,,
38,56677492010478,1997,32.611312,-83.001447,175,2,31.669,,,,,,,,,,,,,,,,,,,,,,,,,,8.107,
38,56751412010478,1997,33.626564,-84.516907,121,2,151.092,,161.075,,,,,,,,,,,,,,,,,,,,,,,,,
38,153846895010854,2009,31.648222,-83.058202,155,2,,,,,,,,,,,,,37.149,,,,,,,,,,63.495,,,,,
38,56673179010478,1997,32.924121,-83.434855,169,2,71.75,83.537,,,,,,,,,,,,,,,,,,,,,,,,,,
38,61339745010478,2004,31.340836,-81.720189,305,2,,,,,,,,49.294,,,,,88.49,,,,,,,,,,,,,,,
38,144513266010478,2008,31.074328,-82.428585,299,2,,,,,,,,,,,,31.041,,,,,40.876,,,,,,,,,,,
39,123938690010478,2007,31.895326,-82.888695,271,2,,,,,,,,,,,21.889,,,,,47.153,,,,,,,,,,,,
39,123900610010478,2007,34.749739,-85.334049,295,2,,,,,,,,,,,281.365,,,,,,,,,,,,,,,335.48,,
39,61286017010478,2001,31.299489,-81.66934,127,2,,,,,112.39,,,,,,,,,,,,,,,,,,,,98.913,,,
39,123978671010478,2007,34.749389,-85.510897,83,2,,,,,,,,,,,70.046,,,,,,,,,,,,,,,20.01,,
39,385727405489998,2016,32.473521,-84.782375,215,2,,,,,,,,,,,,,,,,,,,,38.777,,,,,46.667,,,
39,61589344010478,1999,31.513957,-83.894786,321,2,,,75.51,,,,,,,,,,,,,,,,,,85.33,,,,,,,
39,61071204010478,1998,33.112622,-85.1867,285,2,,80.703,,,,,,,,,,,,,,,,122.133,,,,,,,,,,
39,56887446010478,1997,31.12522,-81.837902,25,2,116.695,,,,,,,,,,,,,,,,,,,,,,,,,,39.648,
39,56634683010478,1997,32.287726,-81.864224,31,2,2.408,,4.269,,,,,,,,,,,,,,,,,,,,,,,,,
39,61280898010478,2001,30.629617,-83.002692,101,2,,,,,55.174,,,,,,,,100.9,,,,,,,,,,,,,,,
39,56902610010478,1997,31.570018,-81.849443,305,2,13.052,,15.131,,,,,,,,,,,,,,,,,,,,,,,,,
39,56716340010478,1997,34.152224,-83.861444,139,2,52.471,58.162,,,,,,,,,,,,,,,,,,,,,,,,,,
39,56808456010478,1997,31.281596,-83.539487,71,2,25.384,,47.788,,,,,,,,,,,,,,,,,,,,,,,,,
39,61346102010478,2003,33.10362,-82.8458,303,2,,,,,,,78.73,,,,,,,,,,61.719,,,,,,,,,,,
39,282502828489998,2015,34.670191,-83.384746,137,2,,,,,,,,,,,,,,,,,,,270.89,,,,,288.283,,,,
40,61066999010478,1998,31.905259,-83.154266,271,2,,28.627,,,,,,,,,58.467,,,,,,,,,,,,,,,,,
40,282502813489998,2015,34.891663,-83.788047,281,2,,,,,,,,,,,,,,,,,,,139.482,,,,,,170.325,,,
40,282502829489998,2015,34.635071,-83.428098,137,2,,,,,,,,,,,,,,,,,,,147.187,,,,,,121.225,,,
40,61377179010478,2003,30.847001,-84.130918,131,2,,,,,,,5.185,,,,,38.108,,,,,,,,,,,,,,,,
40,56577226010478,1997,33.414941,-83.458832,237,2,96.167,97.922,,,,,,,,,,,,,,,,,,,,,,,,,,
40,56815244010478,1997,33.294687,-84.678036,77,2,26.032,6.684,,,,,,,,,,,,,,,,,,,,,,,,,,
40,56785866010478,1997,30.698752,-82.729853,101,2,124.656,124.753,,,,,,,,,,,,,,,,,,,,,,,,,,
40,144480122010478,2008,31.900466,-81.79923,183,2,,,,,,,,,,,,122.395,,,,,130.169,,,,,,,,,,,
40,533664624126144,2018,30.684176,-84.040816,275,2,,,,,,,,,,,,,,,,,,,,,,46.766,,,,,62.351,
40,635663735126144,2019,31.782658,-84.311972,273,2,,,,,,,,,,,,,,,,,,,,,,,0.21,,,,,16.263
40,153846409010854,2009,33.101407,-81.876928,33,2,,,,,,,,,,,,,8.193,,,,,84.83,,,,,,,,,,
41,61511857010478,2000,32.440325,-84.04225,193,2,,,,76.142,,,,,129.872,,,,,,,,,,,,,,,,,,,
41,56719306010478,1997,33.101751,-83.022055,141,2,48.874,,,,,,,,,,,,,,,,,,148.417,,,,,,,,,
41,282502815489998,2015,34.757973,-83.806271,311,2,,,,,,,,,,,,,,,,,,,178.853,,,,,,180.398,,,
41,282502830489998,2015,34.517581,-83.452904,137,2,,,,,,,,,,,,,,,,,,,196.235,,,,,,,,222.454,
41,56928221010478,1997,32.91543,-85.105561,285,2,84.067,,71.75,,,,,,,,,,,,,,,,,,,,,,,,,
41,56916236010478,1997,33.75288,-82.797642,317,2,211.594,262.998,,,,,,,,,,,,,,,,,,,,,,,,,,
41,153847174010854,2009,33.810174,-83.278131,221,2,,,,,,,,,,,,,133.105,,,,,,,,,,194.328,,,,,
42,61270271010478,2001,34.414556,-85.370464,55,2,,,,,52.837,,,,,,,,,,,,,,,,,,,,25.964,,,
42,56782211010478,1997,31.370914,-84.855233,99,2,55.611,,,,,,,,,,,,,,99.271,,,,,,,,,,,,,
42,76752552010478,2006,30.758152,-84.226069,131,2,,,,,,,,,,46.287,,,,,,,,,,,,,,,96.55,,,
42,282502819489998,2015,34.645976,-83.87608,187,2,,,,,,,,,,,,,,,,,,,183.256,,,,,,,,190.545,
42,56860625010478,1997,31.41877,-84.189032,7,2,131.384,142.965,,,,,,,,,,,,,,,,,,,,,,,,,,
42,56715834010478,1997,34.256843,-83.888785,139,2,7.221,,11.441,,,,,,,,,,,,,,,,,,,,,,,,,
42,216089648010854,1997,30.798998,-82.371957,49,2,7.458,39.117,,,,,,,,,,,,,,,,,,,,,,,,,,
42,61387043010478,2003,31.760779,-81.851637,183,2,,,,,,,135.233,,,,,,,,,,,,,,,,,,,,73.827,
42,282502835489998,2015,34.933151,-83.909403,281,2,,,,,,,,,,,,,,,,,,,189.107,,,,,218.765,,,,
43,236496153010854,2011,31.310809,-84.598836,7,2,,,,,,,,,,,,,,,71.24,,,,,107.317,,,,,,,,
43,153847258010854,2009,32.718429,-81.580082,251,2,,,,,,,,,,,,,52.668,,,,,,,,,,,,,,,29.718
43,56763844010478,1997,30.927069,-84.354651,131,2,83.432,,,,,,,,,,,,41.065,,,,,,,,,,,,,,,
43,56868215010478,1997,34.200586,-84.69636,15,2,84.772,,103.877,,,,,,,,,,,,,,,,,,,,,,,,,
43,533664760126144,2018,32.921698,-83.478434,169,2,,,,,,,,,,,,,,,,,,,,,,44.884,,,,,70.805,
44,61066722010478,1999,31.752935,-81.658917,183,2,,,4.9,,,,,,5.403,,,,,,,,,,,,,,,,,,,
44,61498828010478,2001,31.937522,-82.898635,271,2,,,,,81.384,,,,,142.777,,,,,,,,,,,,,,,,,,
44,282502799489998,2015,34.739385,-83.534625,137,2,,,,,,,,,,,,,,,,,,,286.638,,,,,,291.441,,,
44,61512697010478,2000,32.349159,-84.528516,197,2,,,,27.283,,,,,,,,,,,,,,,127.206,,,,,,,,,
44,56607609010478,1997,30.98798,-83.416921,185,2,119.414,130.846,,,,,,,,,,,,,,,,,,,,,,,,,,
44,56666533010478,1997,32.924222,-81.792616,165,2,132.425,,171.739,,,,,,,,,,,,,,,,,,,,,,,,,
44,56737394010478,1997,31.630196,-83.488717,155,2,75.133,,70.247,,,,,,,,,,,,,,,,,,,,,,,,,
44,61401998010478,2003,32.148262,-84.077892,261,2,,,,,,,82.137,,,,,,,,,,,,,,,,,,,,31.107,
44,635664419126144,2019,33.106437,-82.942648,303,2,,,,,,,,,,,,,,,,,,,,,,,102.918,,,,,150.263
45,385728863489998,2016,31.875685,-84.119659,177,2,,,,,,,,,,,,,,,,,,,,93.965,,,,,135.665,,,
45,282502805489998,2015,34.573268,-84.21098,85,2,,,,,,,,,,,,,,,,,,,391.704,,,,,,416.509,,,
45,282502816489998,2015,34.701226,-83.826987,311,2,,,,,,,,,,,,,,,,,,,363.093,,,,,,414.798,,,
45,282502824489998,2015,34.660219,-83.995209,187,2,,,,,,,,,,,,,,,,,,,153.733,,,,,,164.993,,,
45,43265833020004,2013,32.695335,-82.053983,165,2,,,,,,,,,,,,,,,,,33.728,,,,,106.114,,,,,,
45,56959662010478,1997,32.808878,-84.532803,263,2,191.683,213.91,,,,,,,,,,,,,,,,,,,,,,,,,,
45,56866790010478,1997,34.23615,-84.826874,15,2,51.11,56.575,,,,,,,,,,,,,,,,,,,,,,,,,,
45,61621323010478,1999,31.71932,-84.658574,243,2,,,22.762,,,,,,,,,,,,,,,,,,,,,,,,,50.737
45,144515975010478,2008,32.279626,-81.673881,31,2,,,,,,,,,,,,71.958,,,,,140.742,,,,,,,,,,,
45,56941387010478,1997,34.931345,-85.330432,295,2,142.174,,158.737,,,,,,,,,,,,,,,,,,,,,,,,,
45,56917404010478,1997,33.893692,-82.665228,317,2,146.596,151.914,,,,,,,,,,,,,,,,,,,,,,,,,,
46,56781063010478,1997,31.209411,-85.05022,99,2,3.85,,,,14.619,,,,,,,,,,,,,,,,,,,,,,,
46,144472690010478,2008,33.243414,-82.437821,163,2,,,,,,,,,,,,51.989,,,,,120.488,,,,,,,,,,,
46,153847039010854,2009,30.877088,-83.217003,185,2,,,,,,,,,,,,,82.484,,,,,,,,,,,,,,,119.845
47,56787894010478,1997,32.318512,-81.448814,103,2,152.002,,,,,,,,,,,,,,,,,86.687,,,,,,,,,,
47,635664546126144,2019,33.029334,-81.755053,33,2,,,,,,,,,,,,,,,,,,,,,,,23.164,,,,,39.862
47,61607953010478,1999,32.872511,-84.78485,199,2,,,136.788,,,,,,,,,,179.299,,,,,,,,,,,,,,,
47,56958957010478,1997,32.864847,-84.510209,263,2,41.935,,53.939,,,,,,,,,,,,,,,,,,,,,,,,,
47,56666210010478,1997,32.763475,-81.836859,165,2,18.012,,55.776,,,,,,,,,,,,,,,,,,,,,,,,,
47,635664957126144,2019,34.716201,-83.419774,137,2,,,,,,,,,,,,,,,,,,,,,,,241.033,,,,,295.305
48,29166965010478,2004,30.73198,-84.771558,87,2,,,,,,,,69.117,,,,,,,,129.243,,,,,,,,,,,,
48,216090978010854,1997,34.511681,-83.814902,311,2,394.588,403.916,,,,,,,,,,,,,,,,,,,,,,,,,,
48,56744303010478,1997,34.400366,-85.098405,115,2,96.484,104.809,,,,,,,,,,,,,,,,,,,,,,,,,,
48,56783165010478,1997,31.262373,-84.657043,99,2,138.086,150.73,,,,,,,,,,,,,,,,,,,,,,,,,,
48,56754241010478,1997,34.662582,-84.333985,123,2,98.354,,87.433,,,,,,,,,,,,,,,,,,,,,,,,,
48,153847024010854,2009,31.792538,-81.828614,183,2,,,,,,,,,,,,,87.979,,,,,109.137,,,,,,,,,,
49,43265965020004,2013,31.048266,-81.997104,49,2,,,,,,,,,,,,,,,,,12.281,,,,,,,,,,34.686,
49,56957748010478,1997,32.722266,-84.559287,263,2,80.091,107.019,,,,,,,,,,,,,,,,,,,,,,,,,,
49,216092809010854,1997,34.90575,-83.720781,281,2,258.12,,,263.471,,,,,,,,,,,,,,,,,,,,,,,,
49,56967861010478,1997,31.864148,-83.022867,271,2,69.732,63.989,,,,,,,,,,,,,,,,,,,,,,,,,,
49,56874773010478,1997,31.690276,-82.288088,1,2,70.937,96.529,,,,,,,,,,,,,,,,,,,,,,,,,,
49,61245316010478,1998,33.433619,-85.043873,45,2,,78.597,,,,,,,,,,,,,,,,,,,,,,,,,,89.527
49,56917671010478,1997,33.655783,-82.648314,317,2,63.348,65.91,,,,,,,,,,,,,,,,,,,,,,,,,,
50,29168810010478,2004,31.934329,-82.74593,271,2,,,,,,,,123.577,,,,,130.489,,,,,,,,,,,,,,,
50,56713642010478,1997,33.84138,-83.966156,135,2,27.322,,,29.45,,,,,,,,,,,,,,,,,,,,,,,,
50,56606779010478,1997,31.705739,-81.516645,183,2,94.737,142.438,,,,,,,,,,,,,,,,,,,,,,,,,,
50,216090819010854,1997,34.936904,-83.709813,281,2,142.589,,,,153.689,,,,,,,,,,,,,,,,,,,,,,,
50,56763992010478,1997,30.786234,-84.214674,131,2,70.464,,102.282,,,,,,,,,,,,,,,,,,,,,,,,,
50,56768962010478,1997,32.791702,-83.064809,319,2,133.754,,,,,,,,,,,,,,,,,,,,,,196.327,,,,,
50,144535957010478,2008,31.143866,-83.74197,71,2,,,,,,,,,,,,72.163,,,,,77.574,,,,,,,,,,,
50,56844577010478,1997,34.249161,-84.451217,57,2,82.345,,,,,,98.426,,,,,,,,,,,,,,,,,,,,,
50,56649230010478,1997,31.092522,-81.653351,39,2,192.382,,205.52,,,,,,,,,,,,,,,,,,,,,,,,,
51,61085324010478,1998,32.853193,-83.353186,319,2,,138.552,,,,,,,,,,,,,,,,,,,,,,,,127.066,,
51,282502844489998,2015,34.788702,-83.660497,137,2,,,,,,,,,,,,,,,,,,,272.223,,,,,,267.077,,,
51,76827914010478,2006,31.449642,-83.82051,321,2,,,,,,,,,,12.326,,,,,,,,,,,,,,,35.626,,,
51,282502841489998,2015,34.635165,-84.046033,187,2,,,,,,,,,,,,,,,,,,,237.99,,,,,,,,301.131,
51,56684917010478,1997,33.031251,-84.563476,199,2,52.081,52.819,,,,,,,,,,,,,,,,,,,,,,,,,,
51,216219551020004,2014,32.012889,-84.384185,261,2,,,,,,,,,,,,,,,,,,57.229,,,,,85.597,,,,,
51,56719667010478,1997,33.198899,-83.068849,141,2,191.073,,211.285,,,,,,,,,,,,,,,,,,,,,,,,,
51,56857330010478,1997,30.826026,-82.575033,65,2,195.739,,,,,205.934,,,,,,,,,,,,,,,,,,,,,,
51,56631345010478,1997,32.273123,-81.951926,31,2,26.192,,39.981,,,,,,,,,,,,,,,,,,,,,,,,,
51,56584586010478,1997,31.717798,-84.83062,243,2,4.408,,5.306,,,,,,,,,,,,,,,,,,,,,,,,,
52,61274471010478,2001,31.603959,-83.015803,69,2,,,,,41.359,,,,,,,,,,33.121,,,,,,,,,,,,,
52,76792267010478,2006,33.394238,-82.298298,73,2,,,,,,,,,,67.414,,,,,,,,,,,,,,,18.046,,,
52,76720939010478,2006,31.940551,-83.937138,261,2,,,,,,,,,,5.119,,,,,24.369,,,,,,,,,,,,,
52,29107455010478,2005,31.479451,-84.809164,99,2,,,,,,,,,54.47,,,,,,,,,,,,,100.109,,,,,,
52,56875339010478,1997,31.740238,-82.27486,1,2,69.644,103.477,,,,,,,,,,,,,,,,,,,,,,,,,,
52,61365422010478,2004,31.244905,-83.611627,71,2,,,,,,,,63.084,,,,,,,,,,,,,,,89.465,,,,,
52,56718439010478,1997,33.321968,-83.137653,141,2,132.463,,150.383,,,,,,,,,,,,,,,,,,,,,,,,,
52,61467046010478,2002,32.169981,-83.030501,91,2,,,,,,44.921,,,,,,,,,,,,,,,,,,,,,210.043,
52,635664800126144,2019,32.57361,-83.121244,175,2,,,,,,,,,,,,,,,,,,,,,,,75.327,,,,,139.411
53,56598486010478,1997,32.041141,-81.63501,179,2,96.624,106.583,,,,,,,,,,,,,,,,,,,,,,,,,,
53,56804467010478,1997,31.570201,-82.896786,69,2,27.746,22.771,,,,,,,,,,,,,,,,,,,,,,,,,,
53,216092811010854,1997,34.959306,-83.575227,281,2,200.789,209.604,,,,,,,,,,,,,,,,,,,,,,,,,,
53,56631909010478,1997,32.41965,-81.854951,31,2,56.572,73.21,,,,,,,,,,,,,,,,,,,,,,,,,,
53,216090981010854,1997,34.523093,-83.695301,311,2,269.056,,,,,230.17,,,,,,,,,,,,,,,,,,,,,,
53,61315497010478,2004,31.425284,-84.027403,205,2,,,,,,,,57.007,,,,,,,,,,82.45,,,,,,,,,,
54,56718832010478,1997,33.245677,-83.131535,141,2,66.826,,,,,,,,,,,,,,,,,,,,,,,,80.376,,,
54,61064965010478,1999,31.86309,-81.390031,179,2,,,31.202,,,,,,,,171.022,,,,,,,,,,,,,,,,,
54,61452359010478,2002,33.093774,-82.273246,33,2,,,,,,134.232,,,,,,,,,,,,,,,,,,,125.029,,,
54,56804757010478,1997,31.441563,-82.753913,69,2,55.604,42.316,,,,,,,,,,,,,,,,,,,,,,,,,,
54,153846467010854,2009,30.552694,-82.039634,49,2,,,,,,,,,,,,,68.119,,,,,105.959,,,,,,,,,,
54,56712458010478,1997,34.021713,-84.014047,135,2,55.56,59.115,,,,,,,,,,,,,,,,,,,,,,,,,,
54,56750709010478,1997,34.000733,-84.272047,121,2,36.341,,,,,,40.288,,,,,,,,,,,,,,,,,,,,,
54,216092360010854,1997,34.851168,-83.743551,281,2,187.184,,201.095,,,,,,,,,,,,,,,,,,,,,,,,,
54,56645697010478,1997,30.988115,-81.799706,39,2,280.452,,297.481,,,,,,,,,,,,,,,,,,,,,,,,,
54,56783259010478,1997,31.274943,-85.008074,99,2,57.507,,,,,,,,,,,,,,,,,,,,,74.878,,,,,,
54,61295963010478,2004,30.728755,-84.278214,131,2,,,,,,,,17.574,,,,,,,,,,,,,,,12.916,,,,,
55,61076789010478,1998,30.779796,-82.226943,299,2,,76.892,,,,,,,,,,,,,,,,,,,,,,,,,,10.536
55,61204769010478,1998,30.855782,-83.088146,185,2,,103.098,,,,,,,,,,,,,,,,61.261,,,,,,,,,,
55,61350736010478,2004,31.555296,-82.232864,1,2,,,,,,,,12.998,,,,,21.053,,,,,,,,,,,,,,,
55,61437218010478,2003,30.911284,-84.715869,87,2,,,,,,,141.501,,,,,154.594,,,,,,,,,,,,,,,,
55,282502810489998,2015,34.495406,-85.16794,55,2,,,,,,,,,,,,,,,,,,,145.561,,,,,175.721,,,,
56,56748898010478,1997,33.652213,-84.616499,121,2,144.003,151.53,,,,,,,,,,,,,,,,,,,,,,,,,,
56,56797615010478,1997,32.728803,-82.379638,107,2,40.049,,,,,,,,,,,,,,,,,,,,139.414,,,,,,,
56,61238339010478,1998,31.161139,-82.097252,25,2,,106.882,,,,,,,,,,,137.843,,,,,,,,,,,,,,,
56,56968201010478,1997,32.105302,-82.948051,271,2,72.578,96.859,,,,,,,,,,,,,,,,,,,,,,,,,,
57,451136970489998,2017,31.476983,-81.258699,191,2,,,,,,,,,,,,,,,,,,,,,123.403,,,,,170.375,,
57,61550780010478,2000,32.437377,-81.516321,103,2,,,,114.93,,,,,159.975,,,,,,,,,,,,,,,,,,,
57,56950737010478,1997,31.994905,-84.915153,259,2,57.976,,,,,,,,,87.531,,,,,,,,,,,,,,,,,,
57,56663649010478,1997,33.053724,-82.317598,163,2,32.967,,,38.02,,,,,,,,,,,,,,,,,,,,,,,,
57,56882668010478,1997,31.288224,-83.073468,19,2,68.707,,,,,,,,,,108.081,,,,,,,,,,,,,,,,,
57,282502821489998,2015,34.61116,-84.168722,187,2,,,,,,,,,,,,,,,,,,,194.67,,,,,,,,211.966,
57,56836541010478,1997,32.026782,-81.261839,51,2,134.026,158.795,,,,,,,,,,,,,,,,,,,,,,,,,,
57,216091940010854,1997,34.744075,-83.756475,311,2,126.752,,129.349,,,,,,,,,,,,,,,,,,,,,,,,,
57,56750180010478,1997,33.883958,-84.375659,121,2,43.37,,47.629,,,,,,,,,,,,,,,,,,,,,,,,,
57,246591241010854,2011,34.564096,-85.231179,55,2,,,,,,,,,,,,,,,121.706,,,,,126.744,,,,,,,,
58,61093179010478,1999,31.323916,-83.113494,19,2,,,5.994,,,,,,,35.452,,,,,,,,,,,,,,,,,,
58,56641138010478,1997,32.983733,-82.078845,33,2,80.983,85.922,,,,,,,,,,,,,,,,,,,,,,,,,,
58,216091778010854,1997,34.595424,-84.172034,187,2,71.486,,86.769,,,,,,,,,,,,,,,,,,,,,,,,,
58,56942468010478,1997,34.606732,-85.243812,295,2,208.915,,228.487,,,,,,,,,,,,,,,,,,,,,,,,,
58,282502839489998,2015,34.571341,-85.239777,55,2,,,,,,,,,,,,,,,,,,,195.829,,,,,219.205,,,,
59,259083358010854,2012,34.533562,-85.237362,55,2,,,,,,,,,,,,,,,,99.36,,,,,,,,,,121.965,,
59,56758748010478,1997,31.249661,-81.681474,127,2,140.715,163.122,,,,,,,,,,,,,,,,,,,,,,,,,,
59,61597175010478,2000,32.524792,-81.697319,31,2,,,,76.215,,,,,,115.874,,,,,,,,,,,,,,,,,,
60,385729590489998,2016,33.111939,-82.708872,303,2,,,,,,,,,,,,,,,,,,,,100.701,,,,,143.032,,,
60,123989851010478,2007,32.978623,-82.147021,33,2,,,,,,,,,,,85.503,,,,,143.564,,,,,,,,,,,,
60,56904316010478,1997,31.69731,-81.890727,305,2,11.785,,19.197,,,,,,,,,,,,,,,,,,,,,,,,,
60,61351213010478,2004,31.842517,-82.230681,1,2,,,,,,,,113.731,,,,,,,,,,,,,,,,,,,,73.646
60,153847019010854,2009,33.814741,-82.486166,181,2,,,,,,,,,,,,,44.907,,,,,71.182,,,,,,,,,,
61,76421782010478,2005,31.521635,-84.112018,95,2,,,,,,,,,62.087,,,,,31.116,,,,,,,,,,,,,,
61,56799233010478,1997,32.545806,-82.041223,107,2,62.765,103.538,,,,,,,,,,,,,,,,,,,,,,,,,,
61,76764463010478,2006,32.956777,-82.511648,163,2,,,,,,,,,,24.864,,,,,100.2,,,,,,,,,,,,,
62,61275145010478,2001,31.260274,-83.644477,71,2,,,,,60.073,,,,,,,,,,89.195,,,,,,,,,,,,,
62,123928492010478,2007,31.950107,-85.051839,239,2,,,,,,,,,,,68.699,,,,,,,,,,,,,,,153.129,,
62,216090412010854,1997,34.714486,-83.970586,187,2,128.056,,,,122.543,,,,,,,,,,,,,,,,,,,,,,,
62,56837320010478,1997,31.756974,-81.110047,51,2,531.396,,285.008,,,,,,,,,,,,,,,,,,,,,,,,,
62,61356538010478,2004,33.04167,-82.212169,33,2,,,,,,,,73.664,,,,,,,,,,,,,,,81.983,,,,,
63,259082709010854,2012,30.947465,-84.097803,275,2,,,,,,,,,,,,,,,,42.596,,,,,57.792,,,,,,,
63,236497273010854,2011,31.831685,-82.456659,1,2,,,,,,,,,,,,,,,78.123,,,,,,,,,,95.204,,,
63,61451272010478,2002,32.580993,-82.011754,31,2,,,,,,48.799,,,,,89.842,,,,,,,,,,,,,,,,,
63,236497751010854,2011,30.385351,-82.18054,49,2,,,,,,,,,,,,,,,81.868,,,,,126.542,,,,,,,,
63,61433334010478,2003,31.127219,-83.621882,71,2,,,,,,,36.749,,,,,,,,,,40.583,,,,,,,,,,,
63,56782865010478,1997,31.326302,-84.90055,99,2,9.58,26.491,,,,,,,,,,,,,,,,,,,,,,,,,,
63,144482226010478,2008,31.442444,-81.553196,191,2,,,,,,,,,,,,37.488,,,,,61.037,,,,,,,,,,,
64,61043795010478,1999,31.353893,-81.682087,127,2,,,222.673,,,,,,,,,,,,,37.672,,,,,,,,,,,,
64,56743106010478,1997,34.135007,-85.252367,115,2,44.321,51.697,,,,,,,,,,,,,,,,,,,,,,,,,,
64,61384836010478,2003,32.668391,-82.922787,175,2,,,,,,,47.053,,,,,75.49,,,,,,,,,,,,,,,,
64,56826044010478,1997,30.696839,-84.451024,87,2,129.848,,,,,,,,,,,,,,,,,,,,,,59.258,,,,,
65,43265834020004,2013,32.746789,-82.218355,107,2,,,,,,,,,,,,,,,,,103.558,,,,,,,,,,142.564,
65,56617395010478,1997,31.480387,-81.386946,191,2,15.556,18.082,,,,,,,,,,,,,,,,,,,,,,,,,,
65,56899739010478,1997,32.825708,-82.589812,303,2,150.532,168.597,,,,,,,,,,,,,,,,,,,,,,,,,,
65,56640230010478,1997,33.091001,-81.699331,33,2,57.498,,61.591,,,,,,,,,,,,,,,,,,,,,,,,,
66,56796279010478,1997,32.581224,-82.2062,107,2,37.994,62.011,,,,,,,,,,,,,,,,,,,,,,,,,,
66,61250128010478,1998,31.702446,-82.233569,1,2,,61.871,,,,,,,125.086,,,,,,,,,,,,,,,,,,,
66,56973101010478,1997,30.809191,-84.064166,275,2,86.076,93.145,,,,,,,,,,,,,,,,,,,,,,,,,,
66,56632974010478,1997,32.450473,-81.734358,31,2,105.068,,110.831,,,,,,,,,,,,,,,,,,,,,,,,,
67,61481378010478,2001,31.765666,-81.447384,179,2,,,,,56.039,,,,,84.006,,,,,,,,,,,,,,,,,,
67,123905255010478,2007,31.568249,-81.987092,305,2,,,,,,,,,,,3.239,,,,,20.077,,,,,,,,,,,,
67,56838132010478,1997,32.064677,-81.312596,51,2,36.195,,,,,,80.898,,,,,,,,,,,,,,,,,,,,,
67,635664427126144,2019,32.733192,-82.780712,167,2,,,,,,,,,,,,,,,,,,,,,,,59.062,,,,,69.044
68,61454769010478,2002,30.851679,-82.270759,49,2,,,,,,199.766,,,,,149.714,,,,,,,,,,,,,,,,,
68,123989494010478,2007,32.344309,-81.52548,31,2,,,,,,,,,,,69.47,,,,,89.067,,,,,,,,,,,,
68,29166530010478,2004,31.486277,-82.937445,69,2,,,,,,,,173.041,,,,,,,,,,,,127.426,,,,,,,,
68,282502820489998,2015,34.759844,-84.116201,111,2,,,,,,,,,,,,,,,,,,,117.267,,,,,,156.936,,,
68,56826576010478,1997,30.753819,-84.810802,87,2,106.105,,,,,,,,,,,,,,56.293,,,,,,,,,,,,,
68,216090105010854,1997,34.508261,-84.697347,129,2,110.015,,,104.468,,,,,,,,,,,,,,,,,,,,,,,,
69,56891859010478,1997,31.075155,-82.210751,299,2,54.632,,,,,,,,,66.777,,,,,,,,,,,,,,,,,,
69,61431897010478,2003,30.819822,-82.520939,65,2,,,,,,,105.244,,,,,47.713,,,,,,,,,,,,,,,,
69,56636478010478,1997,33.096413,-82.261624,33,2,38.557,50.62,,,,,,,,,,,,,,,,,,,,,,,,,,
69,56832479010478,1997,30.867616,-82.135881,49,2,31.81,,58.798,,,,,,,,,,,,,,,,,,,,,,,,,
69,56769225010478,1997,31.660095,-83.978097,321,2,7.828,,9.457,,,,,,,,,,,,,,,,,,,,,,,,,
70,76805339010478,2006,32.879247,-82.237634,33,2,,,,,,,,,,24.178,,,,,39.122,,,,,,,,,,,,,
70,259083235010854,2012,31.428304,-81.737389,305,2,,,,,,,,,,,,,,,,30.38,,,,,116.148,,,,,,,
70,56825782010478,1997,30.994122,-84.442951,87,2,75.691,,,,,,,,19.376,,,,,,,,,,,,,,,,,,,
70,56647662010478,1997,30.943467,-81.522927,39,2,38.796,,54.712,,,,,,,,,,,,,,,,,,,,,,,,,
70,61374087010478,2004,32.576865,-82.567562,107,2,,,,,,,,171.645,,,,,,,,,,,,,,,184.713,,,,,
71,216089678010854,1997,34.542838,-85.281299,55,2,94.244,,78.659,,,,,,,,,,,,,,,,,,,,,,,,,
71,61385065010478,2003,32.459622,-82.760661,175,2,,,,,,,159.796,,,,,,,,,,157.138,,,,,,,,,,,
71,56823933010478,1997,30.757773,-84.709456,87,2,149.577,168.456,,,,,,,,,,,,,,,,,,,,,,,,,,
73,56890519010478,1997,31.205121,-82.428364,299,2,60.034,,,,,,,,,,,,,,,,,,,,,,,,,9.571,,
74,56889043010478,1997,31.054259,-82.561275,299,2,153.009,,169.319,,,,,,,,,,,,,,,,,,,,,,,,,
74,385730178489998,2016,34.972717,-84.623569,213,2,,,,,,,,,,,,,,,,,,,,248.587,,,,250.465,,,,
74,282502843489998,2015,33.183599,-83.672004,159,2,,,,,,,,,,,,,,,,,,,116.962,,,,,131.811,,,,
75,282502817489998,2015,33.680514,-83.336604,133,2,,,,,,,,,,,,,,,,,,,187.739,,,,,216.699,,,,
75,282502801489998,2015,34.685532,-84.137549,111,2,,,,,,,,,,,,,,,,,,,169.344,,,,,210.183,,,,
76,282502806489998,2015,34.911558,-84.651729,213,2,,,,,,,,,,,,,,,,,,,219.065,,,,,,256.993,,,
76,56794553010478,1997,32.50296,-82.383188,107,2,77.858,,120.449,,,,,,,,,,,,,,,,,,,,,,,,,
76,61324432010478,2004,32.867434,-81.536475,251,2,,,,,,,,85.123,,,,,,,,,,127.719,,,,,,,,,,
77,76739181010478,2006,30.77364,-82.903576,101,2,,,,,,,,,,120.628,,,,,,,,,,,,,,,46.338,,,
77,236496959010854,2011,33.035366,-82.762788,303,2,,,,,,,,,,,,,,,49.364,,,,,,,,,,154.353,,,
77,56889749010478,1997,31.299743,-82.441327,299,2,97.003,102.796,,,,,,,,,,,,,,,,,,,,,,,,,,
77,216091712010854,1997,33.628417,-83.226846,133,2,70.97,,,,,104.922,,,,,,,,,,,,,,,,,,,,,,
77,61308159010478,2004,32.194141,-82.985453,175,2,,,,,,,,59.015,,,,,,,,,,,,,,,84.422,,,,,
78,61269008010478,2001,31.061055,-82.048923,49,2,,,,,102.493,,,,,109.99,,,,,,,,,,,,,,,,,,
78,61542920010478,2000,30.994575,-82.868966,65,2,,,,47.305,,,,,89.411,,,,,,,,,,,,,,,,,,,
78,61470982010478,2002,32.315725,-82.315231,107,2,,,,,,142.479,,,,,,,,,,,,,,,91.05,,,,,,,
78,216092376010854,1997,30.941813,-82.434913,299,2,33.331,,131.001,,,,,,,,,,,,,,,,,,,,,,,,,
78,282502804489998,2015,34.668624,-84.18421,111,2,,,,,,,,,,,,,,,,,,,285.356,,,,,299.468,,,,
79,176549243010854,2010,33.073216,-83.669646,169,2,,,,,,,,,,,,,,270.838,,,,,,,,,,260.342,,,,
80,56851329010478,1997,31.140626,-82.793149,65,2,22.774,45.69,,,,,,,,,,,,,,,,,,,,,,,,,,
81,76770178010478,2006,32.634806,-82.904907,175,2,,,,,,,,,,47.122,,,,,106.727,,,,,,,,,,,,,
81,43265802020004,2013,33.101015,-82.650825,303,2,,,,,,,,,,,,,,,,,59.768,,,,,149.106,,,,,,
82,282502847489998,2015,34.812498,-84.234634,111,2,,,,,,,,,,,,,,,,,,,362.793,,,,,,388.951,,,
82,216219949020004,2014,31.699039,-81.561252,183,2,,,,,,,,,,,,,,,,,,91.63,,,,,,,,,,32.424
83,61244385010478,1998,31.017154,-81.60949,39,2,,15.579,,,,,,,,,116.191,,,,,,,,,,,,,,,,,
83,76382198010478,2005,31.686233,-81.655653,183,2,,,,,,,,,116.845,,,,,,,,,,,,,,,35.151,,,,
83,282502797489998,2015,33.133684,-83.537003,169,2,,,,,,,,,,,,,,,,,,,159.565,,,,,176.878,,,,
84,123946477010478,2007,31.343538,-84.995637,99,2,,,,,,,,,,,63.864,,,,,,,,,,98.471,,,,,,,
84,236497671010854,2011,31.651377,-81.556267,183,2,,,,,,,,,,,,,,,63.517,,,,,,,,,,132.469,,,
84,216091305010854,1997,33.326526,-83.828597,159,2,95.219,,,,146.092,,,,,,,,,,,,,,,,,,,,,,,
84,144468656010478,2008,32.683295,-85.062209,145,2,,,,,,,,,,,,97.014,,,,,101.466,,,,,,,,,,,
84,43266351020004,2013,33.406052,-83.377069,237,2,,,,,,,,,,,,,,,,,148.094,,,,,,,,,,,230.109
85,282502849489998,2015,34.747058,-84.265189,111,2,,,,,,,,,,,,,,,,,,,106.967,,,,,,142.27,,,
85,76790951010478,2006,31.465042,-83.074373,69,2,,,,,,,,,,2.393,,,,,2.925,,,,,,,,,,,,,
85,282502822489998,2015,34.837507,-84.69225,213,2,,,,,,,,,,,,,,,,,,,109.129,,,,,137.837,,,,
86,76806218010478,2006,33.079525,-82.080293,33,2,,,,,,,,,,29.087,,,,,96.048,,,,,,,,,,,,,
86,259083352010854,2012,33.239381,-83.474601,237,2,,,,,,,,,,,,,,,,148.992,,,,,,,,,159.852,,,
86,153847244010854,2009,33.41339,-82.199694,245,2,,,,,,,,,,,,,169.549,,,,,186.101,,,,,,,,,,
87,282502850489998,2015,34.818535,-84.541356,123,2,,,,,,,,,,,,,,,,,,,234.941,,,,,,282.062,,,
87,282502811489998,2015,34.56655,-85.110107,115,2,,,,,,,,,,,,,,,,,,,152.366,,,,,,,,158.227,
87,56677820010478,1997,32.637733,-82.948478,175,2,83.852,,94.889,,,,,,,,,,,,,,,,,,,,,,,,,
87,282502842489998,2015,34.966152,-84.474918,111,2,,,,,,,,,,,,,,,,,,,306.125,,,,,310.089,,,,
88,61273814010478,2001,30.922414,-82.52782,65,2,,,,,112.546,,,,,,,,,,22.703,,,,,,,,,,,,,
88,282502818489998,2015,34.415118,-85.181219,115,2,,,,,,,,,,,,,,,,,,,121.222,,,,,,147.362,,,
88,56633535010478,1997,32.525336,-81.876996,31,2,96.457,100.77,,,,,,,,,,,,,,,,,,,,,,,,,,
88,635664884126144,2019,31.169958,-82.517459,299,2,,,,,,,,,,,,,,,,,,,,,,,13.727,,,,,50.932
88,56645846010478,1997,30.969182,-81.779591,39,2,130.726,128.664,,,,,,,,,,,,,,,,,,,,,,,,,,
89,282502794489998,2015,33.216767,-83.512643,237,2,,,,,,,,,,,,,,,,,,,140.118,,,,,,148.397,,,
89,282502807489998,2015,34.962217,-83.130156,241,2,,,,,,,,,,,,,,,,,,,208.806,,,,,242.479,,,,
90,282502851489998,2015,34.894026,-84.515811,111,2,,,,,,,,,,,,,,,,,,,232.077,,,,,,257.551,,,
90,282501709489998,2015,32.053,-84.642,307,2,,,,,,,,,,,,,,,,,,,168.112,,,,,183.371,,,,
90,385730179489998,2016,33.379521,-83.405579,237,2,,,,,,,,,,,,,,,,,,,,184.413,,,,195.009,,,,
91,216102303010854,2007,33.757585,-83.039941,221,2,,,,,,,,,,,75.243,,,,,,,,,,,,,,,130.171,,
91,56857096010478,1997,30.722438,-82.621902,65,2,135.907,,,,,,,,,,,,,,,70.446,,,,,,,,,,,,
91,282502808489998,2015,34.876091,-84.697265,213,2,,,,,,,,,,,,,,,,,,,71.685,,,,,,,,95.089,
92,216090236010854,1997,33.182203,-83.668124,159,2,162.323,,188.222,,,,,,,,,,,,,,,,,,,,,,,,,
92,153846436010854,2009,31.07884,-81.676765,39,2,,,,,,,,,,,,,70.578,,,,,,,,,,,,,,,18.548
92,216220372020004,2014,34.90221,-84.723282,213,2,,,,,,,,,,,,,,,,,,154.659,,,,,163.382,,,,,
93,282502795489998,2015,33.286351,-83.478172,237,2,,,,,,,,,,,,,,,,,,,170.709,,,,,,246.423,,,
93,282502836489998,2015,34.932107,-84.521008,111,2,,,,,,,,,,,,,,,,,,,237.469,,,,,,267.413,,,
93,61355623010478,2004,32.227037,-81.494,31,2,,,,,,,,132.627,,,,,,,,,,103.199,,,,,,,,,,
94,144525275010478,2008,30.919571,-82.705876,65,2,,,,,,,,,,,,77.866,,,,,,,,,,,,,,,109.739,
94,61063092010478,1999,32.473974,-83.07622,175,2,,,67.895,,,,,,,,,,,,,,,,,,,126.249,,,,,,
94,282502796489998,2015,33.268774,-83.524636,237,2,,,,,,,,,,,,,,,,,,,166.219,,,,,188.243,,,,
95,123969964010478,2007,32.811981,-82.505767,163,2,,,,,,,,,,,84.642,,,,,,,,,,,,,,,209.896,,
95,216089907010854,1997,32.066131,-83.665065,93,2,174.799,,200.025,,,,,,,,,,,,,,,,,,,,,,,,,
95,216091694010854,1997,34.725063,-84.617743,123,2,157.674,,,,187.601,,,,,,,,,,,,,,,,,,,,,,,
96,282502846489998,2015,34.97275,-83.25705,241,2,,,,,,,,,,,,,,,,,,,173.693,,,,,,188.401,,,
96,216092605010854,1997,34.171893,-85.110243,115,2,176.7,,,,,129.635,,,,,,,,,,,,,,,,,,,,,,
96,216091695010854,1997,34.713351,-84.594507,123,2,217.605,,,243.303,,,,,,,,,,,,,,,,,,,,,,,,
97,259082524010854,2012,30.87147,-84.440656,87,2,,,,,,,,,,,,,,,,68.4,,,,,119.445,,,,,,,
98,451136880489998,2017,32.284515,-82.894195,175,2,,,,,,,,,,,,,,,,,,,,,2.264,,,,,18.734,,
98,259083331010854,2012,34.901586,-84.60026,111,2,,,,,,,,,,,,,,,,332.291,,,,,309.464,,,,,,,
98,61246501010478,1998,30.737854,-82.098884,49,2,,26.813,,,,,,,,,,115.876,,,,,,,,,,,,,,,,
98,56856477010478,1997,30.93188,-82.798061,65,2,46.97,61.602,,,,,,,,,,,,,,,,,,,,,,,,,,
100,385729805489998,2016,32.620176,-81.869822,31,2,,,,,,,,,,,,,,,,,,,,62.755,,,,,80.394,,,
100,56636080010478,1997,32.830898,-82.252899,33,2,93.891,,120.877,,,,,,,,,,,,,,,,,,,,,,,,,
100,282502825489998,2015,34.930832,-83.297994,241,2,,,,,,,,,,,,,,,,,,,67.261,,,,,85.719,,,,
101,123914703010478,2007,31.396519,-81.446431,191,2,,,,,,,,,,,101.027,,,,,,,,,,,,,,,7.144,,
101,282502814489998,2015,34.807502,-83.812244,291,2,,,,,,,,,,,,,,,,,,,141.902,,,,,,165.627,,,
101,216092669010854,1997,33.137032,-83.600357,169,2,175.761,,183.649,,,,,,,,,,,,,,,,,,,,,,,,,
101,216090536010854,1997,34.808814,-84.812802,213,2,112.896,,,,133.612,,,,,,,,,,,,,,,,,,,,,,,
101,282502837489998,2015,34.862801,-84.561932,111,2,,,,,,,,,,,,,,,,,,,252.729,,,,,246.517,,,,
102,61423579010478,2003,32.987792,-82.099663,33,2,,,,,,,89.194,,,,,,,,,,113.318,,,,,,,,,,,
102,76335439010478,2005,31.89426,-82.053609,267,2,,,,,,,,,167.467,,,,,197.925,,,,,,,,,,,,,,
104,282502845489998,2015,34.901647,-83.900145,291,2,,,,,,,,,,,,,,,,,,,145.264,,,,,,,,200.363,
105,216091254010854,1997,34.651255,-84.215752,111,2,170.881,,,,169.91,,,,,,,,,,,,,,,,,,,,,,,
106,144501866010478,2008,31.994767,-84.281105,261,2,,,,,,,,,,,,136.331,,,,,,,,,,,,,,,92.593,
106,282502826489998,2015,34.812314,-83.319317,241,2,,,,,,,,,,,,,,,,,,,251.716,,,,,267.04,,,,
107,216090038010854,1997,34.925677,-84.184577,111,2,310.284,,,,343.214,,,,,,,,,,,,,,,,,,,,,,,
107,282502800489998,2015,34.728927,-83.840664,291,2,,,,,,,,,,,,,,,,,,,184.335,,,,,231.935,,,,
108,282502827489998,2015,34.787919,-83.367907,241,2,,,,,,,,,,,,,,,,,,,103.9,,,,,127.581,,,,
111,282502798489998,2015,34.956842,-83.443018,241,2,,,,,,,,,,,,,,,,,,,188.829,,,,,,,,231.918,
114,282502848489998,2015,34.795489,-83.975931,291,2,,,,,,,,,,,,,,,,,,,99.083,,,,,,125.984,,,
114,282502809489998,2015,34.678979,-85.056809,295,2,,,,,,,,,,,,,,,,,,,111.525,,,,,,122.197,,,
115,282502823489998,2015,34.733864,-83.973837,291,2,,,,,,,,,,,,,,,,,,,182.446,,,,,,200.051,,,
116,635664362126144,2019,33.662627,-82.701114,317,2,,,,,,,,,,,,,,,,,,,,,,,64.703,,,,,122.139
117,76416840010478,2005,30.976848,-82.712395,65,2,,,,,,,,,24.404,,,,,38.788,,,,,,,,,,,,,,
119,123909774010478,2007,33.674013,-82.913942,317,2,,,,,,,,,,,128.569,,,,,,,,,,,,,,,72.839,,
119,282502838489998,2015,34.654384,-85.21898,295,2,,,,,,,,,,,,,,,,,,,147.225,,,,,,106.721,,,
120,385730150489998,2016,34.606932,-85.226878,295,2,,,,,,,,,,,,,,,,,,,,43.52,,,,61.893,,,,
127,451136670489998,2017,32.567183,-81.706306,251,2,,,,,,,,,,,,,,,,,,,,,106.208,,,,,152.199,,
127,216090862010854,1997,34.670699,-84.045248,291,2,306.817,,,,,324.456,,,,,,,,,,,,,,,,,,,,,,
127,282502832489998,2015,34.89497,-83.602392,241,2,,,,,,,,,,,,,,,,,,,167.945,,,,,180.401,,,,
128,216092365010854,1997,34.839588,-83.961156,291,2,165.917,173.77,,,,,,,,,,,,,,,,,,,,,,,,,,
129,216090863010854,1997,34.874042,-83.883218,291,2,46.029,53.457,,,,,,,,,,,,,,,,,,,,,,,,,,
130,216092824010854,1997,34.753436,-84.079887,291,2,116.589,,,,141.485,,,,,,,,,,,,,,,,,,,,,,,
131,236497047010854,2011,32.400874,-82.851849,175,2,,,,,,,,,,,,,,,138.113,,,,,193.115,,,,,,,,
131,385730163489998,2016,34.838568,-83.602506,241,2,,,,,,,,,,,,,,,,,,,,82.846,,,,,,93.219,,
132,236497043010854,2011,32.332285,-82.904134,175,2,,,,,,,,,,,,,,,134.109,,,,,,,,,,17.294,,,
132,282502834489998,2015,34.856398,-83.641683,241,2,,,,,,,,,,,,,,,,,,,273.806,,,,,290.533,,,,
136,216219728020004,2014,33.190415,-82.748995,303,2,,,,,,,,,,,,,,,,,,90.113,,,,,,,,,,195.43
138,216091465010854,1997,34.795339,-83.849087,291,2,160.361,,,,157.119,,,,,,,,,,,,,,,,,,,,,,,
139,216090614010854,1997,34.762118,-83.498952,241,2,88.586,,,,,94.61,,,,,,,,,,,,,,,,,,,,,,
140,216091841010854,1997,34.831238,-83.582941,241,2,167.667,,,117.56,,,,,,,,,,,,,,,,,,,,,,,,
144,216092756010854,1997,34.990135,-83.516646,241,2,111.459,,112.687,,,,,,,,,,,,,,,,,,,,,,,,,
145,216090615010854,1997,34.86452,-83.635103,241,2,203.783,233.971,,,,,,,,,,,,,,,,,,,,,,,,,,
146,216102251010854,2004,30.792548,-84.567737,87,2,,,,,,,,149.679,,,,,,,,,,,,,,,204.271,,,,,
147,216092757010854,1997,34.949989,-83.363321,241,2,117.569,,,116.86,,,,,,,,,,,,,,,,,,,,,,,,
163,176549723010854,2010,31.356094,-82.554959,299,2,,,,,,,,,,,,,,62.768,,,,,,,,,,118.856,,,,
189,216102300010854,2008,30.603755,-82.468305,65,2,,,,,,,,,,,,121.46,,,,,,,,,,,,,,,12.695,
205,533665376126144,2018,30.834975,-82.365378,49,2,,,,,,,,,,,,,,,,,,,,,,3.163,,,,,3.492,
208,177976583010854,1999,30.803564,-82.314194,49,2,,,68.324,,,,,,48.476,,,,,,,,,,,,,,,,,,,
