model,dom,scenario,year,agc_TgC_anchored,agc_TgC_anchored_se
CBM_dist,01,reserve,2025,558.05,5.692
CBM_dist,01,reserve,2026,564.902,5.763
CBM_dist,01,reserve,2027,571.673,5.833
CBM_dist,01,reserve,2028,578.365,5.903
CBM_dist,01,reserve,2029,584.976,5.971
CBM_dist,01,reserve,2030,591.509,6.039
CBM_dist,01,reserve,2031,597.964,6.106
CBM_dist,01,reserve,2032,604.343,6.172
CBM_dist,01,reserve,2033,610.646,6.238
CBM_dist,01,reserve,2034,616.874,6.302
CBM_dist,01,reserve,2035,623.028,6.366
CBM_dist,01,reserve,2036,629.108,6.43
CBM_dist,01,reserve,2037,635.117,6.492
CBM_dist,01,reserve,2038,641.053,6.554
CBM_dist,01,reserve,2039,646.919,6.615
CBM_dist,01,reserve,2040,652.714,6.676
CBM_dist,01,reserve,2041,658.44,6.735
CBM_dist,01,reserve,2042,664.098,6.794
CBM_dist,01,reserve,2043,669.689,6.853
CBM_dist,01,reserve,2044,675.211,6.91
CBM_dist,01,reserve,2045,680.669,6.967
CBM_dist,01,reserve,2046,686.06,7.024
CBM_dist,01,reserve,2047,691.386,7.08
CBM_dist,01,reserve,2048,696.649,7.135
CBM_dist,01,reserve,2049,701.848,7.189
CBM_dist,01,reserve,2050,706.985,7.243
CBM_dist,01,reserve,2051,712.06,7.296
CBM_dist,01,reserve,2052,717.074,7.349
CBM_dist,01,reserve,2053,722.027,7.401
CBM_dist,01,reserve,2054,726.921,7.452
CBM_dist,01,reserve,2055,731.754,7.503
CBM_dist,01,reserve,2056,736.53,7.554
CBM_dist,01,reserve,2057,741.248,7.603
CBM_dist,01,reserve,2058,745.909,7.652
CBM_dist,01,reserve,2059,750.513,7.701
CBM_dist,01,reserve,2060,755.062,7.749
CBM_dist,01,reserve,2061,759.554,7.797
CBM_dist,01,reserve,2062,763.992,7.843
CBM_dist,01,reserve,2063,768.377,7.89
CBM_dist,01,reserve,2064,772.707,7.936
CBM_dist,01,reserve,2065,776.986,7.981
CBM_dist,01,reserve,2066,781.211,8.026
CBM_dist,01,reserve,2067,785.385,8.07
CBM_dist,01,reserve,2068,789.508,8.114
CBM_dist,01,reserve,2069,793.58,8.157
CBM_dist,01,reserve,2070,797.602,8.2
CBM_dist,01,reserve,2071,801.576,8.242
CBM_dist,01,reserve,2072,805.5,8.284
CBM_dist,01,reserve,2073,809.375,8.326
CBM_dist,01,reserve,2074,813.203,8.367
CBM_dist,01,reserve,2075,816.984,8.407
CBM_dist,01,reserve,2076,820.718,8.447
CBM_dist,01,reserve,2077,824.406,8.486
CBM_dist,01,reserve,2078,828.048,8.526
CBM_dist,01,reserve,2079,831.645,8.564
CBM_dist,01,reserve,2080,835.197,8.602
CBM_dist,01,reserve,2081,838.706,8.64
CBM_dist,01,reserve,2082,842.171,8.677
CBM_dist,01,reserve,2083,845.592,8.714
CBM_dist,01,reserve,2084,848.97,8.751
CBM_dist,01,reserve,2085,852.306,8.787
CBM_dist,01,reserve,2086,855.601,8.822
CBM_dist,01,reserve,2087,858.854,8.858
CBM_dist,01,reserve,2088,862.067,8.892
CBM_dist,01,reserve,2089,865.24,8.927
CBM_dist,01,reserve,2090,868.372,8.961
CBM_dist,01,reserve,2091,871.465,8.994
CBM_dist,01,reserve,2092,874.518,9.028
CBM_dist,01,reserve,2093,877.533,9.061
CBM_dist,01,reserve,2094,880.511,9.093
CBM_dist,01,reserve,2095,883.45,9.125
CBM_dist,01,reserve,2096,886.352,9.157
CBM_dist,01,reserve,2097,889.216,9.188
CBM_dist,01,reserve,2098,892.045,9.219
CBM_dist,01,reserve,2099,894.837,9.25
CBM_dist,01,reserve,2100,897.594,9.28
CBM_dist,04,reserve,2025,135.23,2.421
CBM_dist,04,reserve,2026,137.726,2.466
CBM_dist,04,reserve,2027,140.189,2.51
CBM_dist,04,reserve,2028,142.622,2.554
CBM_dist,04,reserve,2029,145.022,2.597
CBM_dist,04,reserve,2030,147.393,2.64
CBM_dist,04,reserve,2031,149.73,2.682
CBM_dist,04,reserve,2032,152.038,2.723
CBM_dist,04,reserve,2033,154.313,2.764
CBM_dist,04,reserve,2034,156.493,2.804
CBM_dist,04,reserve,2035,158.644,2.843
CBM_dist,04,reserve,2036,160.765,2.881
CBM_dist,04,reserve,2037,162.858,2.919
CBM_dist,04,reserve,2038,164.92,2.956
CBM_dist,04,reserve,2039,166.952,2.993
CBM_dist,04,reserve,2040,168.955,3.029
CBM_dist,04,reserve,2041,170.925,3.065
CBM_dist,04,reserve,2042,172.866,3.1
CBM_dist,04,reserve,2043,174.776,3.135
CBM_dist,04,reserve,2044,176.655,3.169
CBM_dist,04,reserve,2045,178.504,3.202
CBM_dist,04,reserve,2046,180.321,3.235
CBM_dist,04,reserve,2047,182.11,3.268
CBM_dist,04,reserve,2048,183.867,3.3
CBM_dist,04,reserve,2049,185.594,3.331
CBM_dist,04,reserve,2050,187.291,3.362
CBM_dist,04,reserve,2051,188.956,3.392
CBM_dist,04,reserve,2052,190.591,3.422
CBM_dist,04,reserve,2053,192.195,3.452
CBM_dist,04,reserve,2054,193.768,3.48
CBM_dist,04,reserve,2055,195.316,3.509
CBM_dist,04,reserve,2056,196.836,3.536
CBM_dist,04,reserve,2057,198.332,3.564
CBM_dist,04,reserve,2058,199.799,3.591
CBM_dist,04,reserve,2059,201.241,3.617
CBM_dist,04,reserve,2060,202.658,3.643
CBM_dist,04,reserve,2061,204.047,3.669
CBM_dist,04,reserve,2062,205.41,3.694
CBM_dist,04,reserve,2063,206.747,3.719
CBM_dist,04,reserve,2064,208.058,3.743
CBM_dist,04,reserve,2065,209.344,3.767
CBM_dist,04,reserve,2066,210.607,3.79
CBM_dist,04,reserve,2067,211.846,3.813
CBM_dist,04,reserve,2068,213.061,3.835
CBM_dist,04,reserve,2069,214.253,3.858
CBM_dist,04,reserve,2070,215.422,3.879
CBM_dist,04,reserve,2071,216.565,3.901
CBM_dist,04,reserve,2072,217.686,3.922
CBM_dist,04,reserve,2073,218.782,3.942
CBM_dist,04,reserve,2074,219.855,3.962
CBM_dist,04,reserve,2075,220.907,3.982
CBM_dist,04,reserve,2076,221.94,4.001
CBM_dist,04,reserve,2077,222.953,4.02
CBM_dist,04,reserve,2078,223.947,4.039
CBM_dist,04,reserve,2079,224.92,4.057
CBM_dist,04,reserve,2080,225.874,4.075
CBM_dist,04,reserve,2081,226.807,4.093
CBM_dist,04,reserve,2082,227.721,4.11
CBM_dist,04,reserve,2083,228.615,4.127
CBM_dist,04,reserve,2084,229.488,4.144
CBM_dist,04,reserve,2085,230.345,4.16
CBM_dist,04,reserve,2086,231.181,4.176
CBM_dist,04,reserve,2087,231.999,4.192
CBM_dist,04,reserve,2088,232.799,4.208
CBM_dist,04,reserve,2089,233.58,4.223
CBM_dist,04,reserve,2090,234.342,4.237
CBM_dist,04,reserve,2091,235.086,4.252
CBM_dist,04,reserve,2092,235.812,4.266
CBM_dist,04,reserve,2093,236.518,4.28
CBM_dist,04,reserve,2094,237.206,4.293
CBM_dist,04,reserve,2095,237.879,4.306
CBM_dist,04,reserve,2096,238.539,4.319
CBM_dist,04,reserve,2097,239.182,4.332
CBM_dist,04,reserve,2098,239.811,4.345
CBM_dist,04,reserve,2099,240.424,4.357
CBM_dist,04,reserve,2100,241.023,4.369
CBM_dist,05,reserve,2025,464.86,4.835
CBM_dist,05,reserve,2026,471.638,4.906
CBM_dist,05,reserve,2027,478.346,4.977
CBM_dist,05,reserve,2028,484.989,5.047
CBM_dist,05,reserve,2029,491.565,5.116
CBM_dist,05,reserve,2030,498.076,5.185
CBM_dist,05,reserve,2031,504.521,5.253
CBM_dist,05,reserve,2032,510.902,5.321
CBM_dist,05,reserve,2033,517.219,5.387
CBM_dist,05,reserve,2034,523.472,5.454
CBM_dist,05,reserve,2035,529.663,5.519
CBM_dist,05,reserve,2036,535.792,5.584
CBM_dist,05,reserve,2037,541.86,5.648
CBM_dist,05,reserve,2038,547.866,5.712
CBM_dist,05,reserve,2039,553.812,5.775
CBM_dist,05,reserve,2040,559.697,5.838
CBM_dist,05,reserve,2041,565.523,5.9
CBM_dist,05,reserve,2042,571.292,5.961
CBM_dist,05,reserve,2043,577.001,6.021
CBM_dist,05,reserve,2044,582.653,6.082
CBM_dist,05,reserve,2045,588.247,6.141
CBM_dist,05,reserve,2046,593.785,6.2
CBM_dist,05,reserve,2047,599.267,6.259
CBM_dist,05,reserve,2048,604.693,6.316
CBM_dist,05,reserve,2049,610.065,6.374
CBM_dist,05,reserve,2050,615.381,6.43
CBM_dist,05,reserve,2051,620.644,6.487
CBM_dist,05,reserve,2052,625.853,6.542
CBM_dist,05,reserve,2053,631.009,6.597
CBM_dist,05,reserve,2054,636.113,6.652
CBM_dist,05,reserve,2055,641.163,6.706
CBM_dist,05,reserve,2056,646.164,6.76
CBM_dist,05,reserve,2057,651.113,6.813
CBM_dist,05,reserve,2058,656.01,6.865
CBM_dist,05,reserve,2059,660.859,6.917
CBM_dist,05,reserve,2060,665.656,6.969
CBM_dist,05,reserve,2061,670.405,7.02
CBM_dist,05,reserve,2062,675.105,7.07
CBM_dist,05,reserve,2063,679.757,7.121
CBM_dist,05,reserve,2064,684.361,7.17
CBM_dist,05,reserve,2065,688.917,7.219
CBM_dist,05,reserve,2066,693.426,7.268
CBM_dist,05,reserve,2067,697.888,7.316
CBM_dist,05,reserve,2068,702.305,7.364
CBM_dist,05,reserve,2069,706.676,7.411
CBM_dist,05,reserve,2070,711.002,7.458
CBM_dist,05,reserve,2071,715.282,7.504
CBM_dist,05,reserve,2072,719.518,7.55
CBM_dist,05,reserve,2073,723.709,7.596
CBM_dist,05,reserve,2074,727.858,7.641
CBM_dist,05,reserve,2075,731.963,7.685
CBM_dist,05,reserve,2076,736.025,7.73
CBM_dist,05,reserve,2077,740.045,7.773
CBM_dist,05,reserve,2078,744.022,7.817
CBM_dist,05,reserve,2079,747.958,7.86
CBM_dist,05,reserve,2080,751.852,7.902
CBM_dist,05,reserve,2081,755.706,7.944
CBM_dist,05,reserve,2082,759.519,7.986
CBM_dist,05,reserve,2083,763.292,8.027
CBM_dist,05,reserve,2084,767.025,8.068
CBM_dist,05,reserve,2085,770.719,8.109
CBM_dist,05,reserve,2086,774.373,8.149
CBM_dist,05,reserve,2087,777.988,8.189
CBM_dist,05,reserve,2088,781.566,8.228
CBM_dist,05,reserve,2089,785.106,8.267
CBM_dist,05,reserve,2090,788.607,8.306
CBM_dist,05,reserve,2091,792.072,8.344
CBM_dist,05,reserve,2092,795.498,8.382
CBM_dist,05,reserve,2093,798.889,8.42
CBM_dist,05,reserve,2094,802.244,8.457
CBM_dist,05,reserve,2095,805.562,8.494
CBM_dist,05,reserve,2096,808.845,8.53
CBM_dist,05,reserve,2097,812.093,8.566
CBM_dist,05,reserve,2098,815.305,8.602
CBM_dist,05,reserve,2099,818.483,8.637
CBM_dist,05,reserve,2100,821.627,8.673
CBM_dist,06,reserve,2025,1002.65,12.032
CBM_dist,06,reserve,2026,1009.946,12.128
CBM_dist,06,reserve,2027,1017.101,12.223
CBM_dist,06,reserve,2028,1024.114,12.317
CBM_dist,06,reserve,2029,1030.985,12.41
CBM_dist,06,reserve,2030,1037.72,12.501
CBM_dist,06,reserve,2031,1044.316,12.591
CBM_dist,06,reserve,2032,1050.777,12.679
CBM_dist,06,reserve,2033,1057.103,12.767
CBM_dist,06,reserve,2034,1063.295,12.853
CBM_dist,06,reserve,2035,1069.355,12.938
CBM_dist,06,reserve,2036,1075.285,13.021
CBM_dist,06,reserve,2037,1081.084,13.104
CBM_dist,06,reserve,2038,1086.755,13.185
CBM_dist,06,reserve,2039,1092.299,13.266
CBM_dist,06,reserve,2040,1097.718,13.345
CBM_dist,06,reserve,2041,1103.01,13.423
CBM_dist,06,reserve,2042,1108.18,13.5
CBM_dist,06,reserve,2043,1113.226,13.575
CBM_dist,06,reserve,2044,1118.152,13.65
CBM_dist,06,reserve,2045,1122.958,13.724
CBM_dist,06,reserve,2046,1127.644,13.797
CBM_dist,06,reserve,2047,1132.212,13.868
CBM_dist,06,reserve,2048,1136.664,13.939
CBM_dist,06,reserve,2049,1141,14.008
CBM_dist,06,reserve,2050,1145.221,14.077
CBM_dist,06,reserve,2051,1149.33,14.145
CBM_dist,06,reserve,2052,1153.326,14.212
CBM_dist,06,reserve,2053,1157.21,14.277
CBM_dist,06,reserve,2054,1160.984,14.342
CBM_dist,06,reserve,2055,1164.649,14.406
CBM_dist,06,reserve,2056,1168.207,14.469
CBM_dist,06,reserve,2057,1171.656,14.531
CBM_dist,06,reserve,2058,1175,14.593
CBM_dist,06,reserve,2059,1178.24,14.653
CBM_dist,06,reserve,2060,1181.375,14.713
CBM_dist,06,reserve,2061,1184.406,14.771
CBM_dist,06,reserve,2062,1187.337,14.829
CBM_dist,06,reserve,2063,1190.166,14.886
CBM_dist,06,reserve,2064,1192.894,14.943
CBM_dist,06,reserve,2065,1195.524,14.998
CBM_dist,06,reserve,2066,1198.057,15.053
CBM_dist,06,reserve,2067,1200.491,15.107
CBM_dist,06,reserve,2068,1202.83,15.16
CBM_dist,06,reserve,2069,1205.073,15.213
CBM_dist,06,reserve,2070,1207.222,15.264
CBM_dist,06,reserve,2071,1209.278,15.315
CBM_dist,06,reserve,2072,1211.242,15.366
CBM_dist,06,reserve,2073,1213.114,15.415
CBM_dist,06,reserve,2074,1214.895,15.464
CBM_dist,06,reserve,2075,1216.587,15.512
CBM_dist,06,reserve,2076,1218.189,15.56
CBM_dist,06,reserve,2077,1219.704,15.606
CBM_dist,06,reserve,2078,1221.132,15.653
CBM_dist,06,reserve,2079,1222.473,15.698
CBM_dist,06,reserve,2080,1223.73,15.743
CBM_dist,06,reserve,2081,1224.901,15.787
CBM_dist,06,reserve,2082,1225.99,15.831
CBM_dist,06,reserve,2083,1226.996,15.874
CBM_dist,06,reserve,2084,1227.92,15.916
CBM_dist,06,reserve,2085,1228.763,15.958
CBM_dist,06,reserve,2086,1229.524,15.999
CBM_dist,06,reserve,2087,1230.208,16.04
CBM_dist,06,reserve,2088,1230.812,16.08
CBM_dist,06,reserve,2089,1231.339,16.12
CBM_dist,06,reserve,2090,1231.789,16.159
CBM_dist,06,reserve,2091,1232.163,16.197
CBM_dist,06,reserve,2092,1232.461,16.235
CBM_dist,06,reserve,2093,1232.685,16.272
CBM_dist,06,reserve,2094,1232.835,16.309
CBM_dist,06,reserve,2095,1232.912,16.345
CBM_dist,06,reserve,2096,1232.917,16.381
CBM_dist,06,reserve,2097,1232.85,16.416
CBM_dist,06,reserve,2098,1232.713,16.451
CBM_dist,06,reserve,2099,1232.506,16.485
CBM_dist,06,reserve,2100,1232.23,16.519
CBM_dist,08,reserve,2025,271.63,3.64
CBM_dist,08,reserve,2026,275.976,3.7
CBM_dist,08,reserve,2027,280.272,3.76
CBM_dist,08,reserve,2028,284.517,3.819
CBM_dist,08,reserve,2029,288.711,3.878
CBM_dist,08,reserve,2030,292.854,3.936
CBM_dist,08,reserve,2031,296.944,3.994
CBM_dist,08,reserve,2032,300.983,4.051
CBM_dist,08,reserve,2033,304.968,4.107
CBM_dist,08,reserve,2034,308.9,4.163
CBM_dist,08,reserve,2035,312.771,4.218
CBM_dist,08,reserve,2036,316.582,4.272
CBM_dist,08,reserve,2037,320.332,4.325
CBM_dist,08,reserve,2038,324.021,4.378
CBM_dist,08,reserve,2039,327.649,4.43
CBM_dist,08,reserve,2040,331.216,4.482
CBM_dist,08,reserve,2041,334.72,4.533
CBM_dist,08,reserve,2042,338.163,4.583
CBM_dist,08,reserve,2043,341.544,4.632
CBM_dist,08,reserve,2044,344.862,4.68
CBM_dist,08,reserve,2045,348.119,4.728
CBM_dist,08,reserve,2046,351.315,4.775
CBM_dist,08,reserve,2047,354.449,4.822
CBM_dist,08,reserve,2048,357.521,4.868
CBM_dist,08,reserve,2049,360.531,4.913
CBM_dist,08,reserve,2050,363.479,4.957
CBM_dist,08,reserve,2051,366.365,5
CBM_dist,08,reserve,2052,369.19,5.043
CBM_dist,08,reserve,2053,371.951,5.085
CBM_dist,08,reserve,2054,374.652,5.127
CBM_dist,08,reserve,2055,377.295,5.167
CBM_dist,08,reserve,2056,379.883,5.208
CBM_dist,08,reserve,2057,382.415,5.247
CBM_dist,08,reserve,2058,384.891,5.286
CBM_dist,08,reserve,2059,387.311,5.324
CBM_dist,08,reserve,2060,389.674,5.362
CBM_dist,08,reserve,2061,391.982,5.399
CBM_dist,08,reserve,2062,394.233,5.435
CBM_dist,08,reserve,2063,396.429,5.471
CBM_dist,08,reserve,2064,398.568,5.506
CBM_dist,08,reserve,2065,400.656,5.541
CBM_dist,08,reserve,2066,402.692,5.574
CBM_dist,08,reserve,2067,404.677,5.608
CBM_dist,08,reserve,2068,406.611,5.641
CBM_dist,08,reserve,2069,408.493,5.673
CBM_dist,08,reserve,2070,410.324,5.705
CBM_dist,08,reserve,2071,412.103,5.736
CBM_dist,08,reserve,2072,413.831,5.766
CBM_dist,08,reserve,2073,415.507,5.796
CBM_dist,08,reserve,2074,417.133,5.825
CBM_dist,08,reserve,2075,418.713,5.854
CBM_dist,08,reserve,2076,420.248,5.883
CBM_dist,08,reserve,2077,421.738,5.911
CBM_dist,08,reserve,2078,423.183,5.938
CBM_dist,08,reserve,2079,424.584,5.965
CBM_dist,08,reserve,2080,425.94,5.992
CBM_dist,08,reserve,2081,427.25,6.018
CBM_dist,08,reserve,2082,428.517,6.043
CBM_dist,08,reserve,2083,429.738,6.068
CBM_dist,08,reserve,2084,430.914,6.093
CBM_dist,08,reserve,2085,432.05,6.117
CBM_dist,08,reserve,2086,433.143,6.14
CBM_dist,08,reserve,2087,434.196,6.164
CBM_dist,08,reserve,2088,435.208,6.186
CBM_dist,08,reserve,2089,436.179,6.209
CBM_dist,08,reserve,2090,437.108,6.231
CBM_dist,08,reserve,2091,437.996,6.252
CBM_dist,08,reserve,2092,438.843,6.273
CBM_dist,08,reserve,2093,439.649,6.294
CBM_dist,08,reserve,2094,440.415,6.314
CBM_dist,08,reserve,2095,441.146,6.334
CBM_dist,08,reserve,2096,441.841,6.353
CBM_dist,08,reserve,2097,442.502,6.372
CBM_dist,08,reserve,2098,443.127,6.391
CBM_dist,08,reserve,2099,443.719,6.409
CBM_dist,08,reserve,2100,444.275,6.427
CBM_dist,09,reserve,2025,64.47,2.147
CBM_dist,09,reserve,2026,65.041,2.167
CBM_dist,09,reserve,2027,65.606,2.187
CBM_dist,09,reserve,2028,66.167,2.207
CBM_dist,09,reserve,2029,66.722,2.227
CBM_dist,09,reserve,2030,67.273,2.247
CBM_dist,09,reserve,2031,67.818,2.266
CBM_dist,09,reserve,2032,68.359,2.286
CBM_dist,09,reserve,2033,68.895,2.305
CBM_dist,09,reserve,2034,69.426,2.324
CBM_dist,09,reserve,2035,69.953,2.343
CBM_dist,09,reserve,2036,70.474,2.362
CBM_dist,09,reserve,2037,70.991,2.38
CBM_dist,09,reserve,2038,71.504,2.399
CBM_dist,09,reserve,2039,72.012,2.417
CBM_dist,09,reserve,2040,72.514,2.435
CBM_dist,09,reserve,2041,73.013,2.453
CBM_dist,09,reserve,2042,73.507,2.471
CBM_dist,09,reserve,2043,73.996,2.489
CBM_dist,09,reserve,2044,74.481,2.507
CBM_dist,09,reserve,2045,74.962,2.525
CBM_dist,09,reserve,2046,75.438,2.542
CBM_dist,09,reserve,2047,75.909,2.559
CBM_dist,09,reserve,2048,76.377,2.576
CBM_dist,09,reserve,2049,76.84,2.593
CBM_dist,09,reserve,2050,77.299,2.61
CBM_dist,09,reserve,2051,77.753,2.627
CBM_dist,09,reserve,2052,78.203,2.644
CBM_dist,09,reserve,2053,78.65,2.66
CBM_dist,09,reserve,2054,79.091,2.677
CBM_dist,09,reserve,2055,79.53,2.693
CBM_dist,09,reserve,2056,79.964,2.709
CBM_dist,09,reserve,2057,80.393,2.725
CBM_dist,09,reserve,2058,80.818,2.741
CBM_dist,09,reserve,2059,81.24,2.757
CBM_dist,09,reserve,2060,81.657,2.772
CBM_dist,09,reserve,2061,82.071,2.788
CBM_dist,09,reserve,2062,82.481,2.803
CBM_dist,09,reserve,2063,82.887,2.819
CBM_dist,09,reserve,2064,83.289,2.834
CBM_dist,09,reserve,2065,83.686,2.849
CBM_dist,09,reserve,2066,84.081,2.864
CBM_dist,09,reserve,2067,84.472,2.879
CBM_dist,09,reserve,2068,84.858,2.893
CBM_dist,09,reserve,2069,85.24,2.908
CBM_dist,09,reserve,2070,85.62,2.923
CBM_dist,09,reserve,2071,85.995,2.937
CBM_dist,09,reserve,2072,86.367,2.951
CBM_dist,09,reserve,2073,86.736,2.965
CBM_dist,09,reserve,2074,87.1,2.98
CBM_dist,09,reserve,2075,87.461,2.994
CBM_dist,09,reserve,2076,87.818,3.007
CBM_dist,09,reserve,2077,88.173,3.021
CBM_dist,09,reserve,2078,88.523,3.035
CBM_dist,09,reserve,2079,88.87,3.048
CBM_dist,09,reserve,2080,89.214,3.062
CBM_dist,09,reserve,2081,89.553,3.075
CBM_dist,09,reserve,2082,89.89,3.088
CBM_dist,09,reserve,2083,90.223,3.102
CBM_dist,09,reserve,2084,90.553,3.115
CBM_dist,09,reserve,2085,90.88,3.128
CBM_dist,09,reserve,2086,91.203,3.14
CBM_dist,09,reserve,2087,91.523,3.153
CBM_dist,09,reserve,2088,91.84,3.166
CBM_dist,09,reserve,2089,92.153,3.178
CBM_dist,09,reserve,2090,92.463,3.191
CBM_dist,09,reserve,2091,92.77,3.203
CBM_dist,09,reserve,2092,93.074,3.215
CBM_dist,09,reserve,2093,93.374,3.228
CBM_dist,09,reserve,2094,93.672,3.24
CBM_dist,09,reserve,2095,93.967,3.252
CBM_dist,09,reserve,2096,94.258,3.264
CBM_dist,09,reserve,2097,94.546,3.275
CBM_dist,09,reserve,2098,94.832,3.287
CBM_dist,09,reserve,2099,95.114,3.299
CBM_dist,09,reserve,2100,95.393,3.31
CBM_dist,10,reserve,2025,12.66,0.786
CBM_dist,10,reserve,2026,12.764,0.793
CBM_dist,10,reserve,2027,12.867,0.799
CBM_dist,10,reserve,2028,12.971,0.806
CBM_dist,10,reserve,2029,13.072,0.812
CBM_dist,10,reserve,2030,13.173,0.819
CBM_dist,10,reserve,2031,13.274,0.825
CBM_dist,10,reserve,2032,13.373,0.831
CBM_dist,10,reserve,2033,13.472,0.838
CBM_dist,10,reserve,2034,13.57,0.844
CBM_dist,10,reserve,2035,13.667,0.85
CBM_dist,10,reserve,2036,13.764,0.856
CBM_dist,10,reserve,2037,13.859,0.862
CBM_dist,10,reserve,2038,13.954,0.868
CBM_dist,10,reserve,2039,14.049,0.874
CBM_dist,10,reserve,2040,14.143,0.88
CBM_dist,10,reserve,2041,14.236,0.886
CBM_dist,10,reserve,2042,14.328,0.892
CBM_dist,10,reserve,2043,14.42,0.898
CBM_dist,10,reserve,2044,14.511,0.903
CBM_dist,10,reserve,2045,14.601,0.909
CBM_dist,10,reserve,2046,14.69,0.915
CBM_dist,10,reserve,2047,14.778,0.92
CBM_dist,10,reserve,2048,14.867,0.926
CBM_dist,10,reserve,2049,14.954,0.932
CBM_dist,10,reserve,2050,15.041,0.937
CBM_dist,10,reserve,2051,15.128,0.943
CBM_dist,10,reserve,2052,15.212,0.948
CBM_dist,10,reserve,2053,15.298,0.954
CBM_dist,10,reserve,2054,15.382,0.959
CBM_dist,10,reserve,2055,15.465,0.964
CBM_dist,10,reserve,2056,15.548,0.97
CBM_dist,10,reserve,2057,15.63,0.975
CBM_dist,10,reserve,2058,15.711,0.98
CBM_dist,10,reserve,2059,15.793,0.985
CBM_dist,10,reserve,2060,15.873,0.99
CBM_dist,10,reserve,2061,15.953,0.995
CBM_dist,10,reserve,2062,16.032,1
CBM_dist,10,reserve,2063,16.11,1.005
CBM_dist,10,reserve,2064,16.189,1.01
CBM_dist,10,reserve,2065,16.265,1.015
CBM_dist,10,reserve,2066,16.343,1.02
CBM_dist,10,reserve,2067,16.418,1.025
CBM_dist,10,reserve,2068,16.493,1.03
CBM_dist,10,reserve,2069,16.569,1.035
CBM_dist,10,reserve,2070,16.643,1.04
CBM_dist,10,reserve,2071,16.717,1.044
CBM_dist,10,reserve,2072,16.79,1.049
CBM_dist,10,reserve,2073,16.862,1.054
CBM_dist,10,reserve,2074,16.935,1.058
CBM_dist,10,reserve,2075,17.006,1.063
CBM_dist,10,reserve,2076,17.077,1.068
CBM_dist,10,reserve,2077,17.148,1.072
CBM_dist,10,reserve,2078,17.217,1.077
CBM_dist,10,reserve,2079,17.286,1.081
CBM_dist,10,reserve,2080,17.355,1.086
CBM_dist,10,reserve,2081,17.424,1.09
CBM_dist,10,reserve,2082,17.491,1.094
CBM_dist,10,reserve,2083,17.558,1.099
CBM_dist,10,reserve,2084,17.625,1.103
CBM_dist,10,reserve,2085,17.691,1.107
CBM_dist,10,reserve,2086,17.756,1.112
CBM_dist,10,reserve,2087,17.821,1.116
CBM_dist,10,reserve,2088,17.887,1.12
CBM_dist,10,reserve,2089,17.951,1.124
CBM_dist,10,reserve,2090,18.014,1.128
CBM_dist,10,reserve,2091,18.077,1.132
CBM_dist,10,reserve,2092,18.14,1.136
CBM_dist,10,reserve,2093,18.202,1.14
CBM_dist,10,reserve,2094,18.263,1.144
CBM_dist,10,reserve,2095,18.324,1.148
CBM_dist,10,reserve,2096,18.385,1.152
CBM_dist,10,reserve,2097,18.445,1.156
CBM_dist,10,reserve,2098,18.504,1.16
CBM_dist,10,reserve,2099,18.563,1.164
CBM_dist,10,reserve,2100,18.622,1.168
CBM_dist,12,reserve,2025,320.05,5.537
CBM_dist,12,reserve,2026,326.493,5.65
CBM_dist,12,reserve,2027,332.864,5.762
CBM_dist,12,reserve,2028,339.166,5.873
CBM_dist,12,reserve,2029,345.399,5.983
CBM_dist,12,reserve,2030,351.562,6.092
CBM_dist,12,reserve,2031,357.658,6.199
CBM_dist,12,reserve,2032,363.687,6.306
CBM_dist,12,reserve,2033,369.649,6.411
CBM_dist,12,reserve,2034,375.545,6.515
CBM_dist,12,reserve,2035,381.376,6.618
CBM_dist,12,reserve,2036,387.142,6.72
CBM_dist,12,reserve,2037,392.844,6.821
CBM_dist,12,reserve,2038,398.483,6.921
CBM_dist,12,reserve,2039,404.058,7.02
CBM_dist,12,reserve,2040,409.572,7.118
CBM_dist,12,reserve,2041,415.024,7.215
CBM_dist,12,reserve,2042,420.416,7.311
CBM_dist,12,reserve,2043,425.746,7.406
CBM_dist,12,reserve,2044,431.017,7.5
CBM_dist,12,reserve,2045,436.229,7.593
CBM_dist,12,reserve,2046,441.383,7.685
CBM_dist,12,reserve,2047,446.478,7.776
CBM_dist,12,reserve,2048,451.516,7.866
CBM_dist,12,reserve,2049,456.498,7.955
CBM_dist,12,reserve,2050,461.422,8.043
CBM_dist,12,reserve,2051,466.291,8.131
CBM_dist,12,reserve,2052,471.105,8.217
CBM_dist,12,reserve,2053,475.864,8.303
CBM_dist,12,reserve,2054,480.569,8.387
CBM_dist,12,reserve,2055,485.221,8.471
CBM_dist,12,reserve,2056,489.819,8.554
CBM_dist,12,reserve,2057,494.366,8.636
CBM_dist,12,reserve,2058,498.859,8.717
CBM_dist,12,reserve,2059,503.301,8.797
CBM_dist,12,reserve,2060,507.693,8.877
CBM_dist,12,reserve,2061,512.033,8.956
CBM_dist,12,reserve,2062,516.324,9.033
CBM_dist,12,reserve,2063,520.566,9.111
CBM_dist,12,reserve,2064,524.758,9.187
CBM_dist,12,reserve,2065,528.901,9.262
CBM_dist,12,reserve,2066,532.997,9.337
CBM_dist,12,reserve,2067,537.044,9.411
CBM_dist,12,reserve,2068,541.045,9.484
CBM_dist,12,reserve,2069,545,9.556
CBM_dist,12,reserve,2070,548.907,9.628
CBM_dist,12,reserve,2071,552.769,9.699
CBM_dist,12,reserve,2072,556.586,9.769
CBM_dist,12,reserve,2073,560.358,9.839
CBM_dist,12,reserve,2074,564.084,9.907
CBM_dist,12,reserve,2075,567.768,9.975
CBM_dist,12,reserve,2076,571.408,10.043
CBM_dist,12,reserve,2077,575.004,10.109
CBM_dist,12,reserve,2078,578.558,10.175
CBM_dist,12,reserve,2079,582.07,10.24
CBM_dist,12,reserve,2080,585.539,10.305
CBM_dist,12,reserve,2081,588.967,10.369
CBM_dist,12,reserve,2082,592.354,10.432
CBM_dist,12,reserve,2083,595.701,10.494
CBM_dist,12,reserve,2084,599.007,10.556
CBM_dist,12,reserve,2085,602.273,10.618
CBM_dist,12,reserve,2086,605.499,10.678
CBM_dist,12,reserve,2087,608.686,10.738
CBM_dist,12,reserve,2088,611.835,10.798
CBM_dist,12,reserve,2089,614.945,10.856
CBM_dist,12,reserve,2090,618.017,10.915
CBM_dist,12,reserve,2091,621.052,10.972
CBM_dist,12,reserve,2092,624.048,11.029
CBM_dist,12,reserve,2093,627.009,11.086
CBM_dist,12,reserve,2094,629.933,11.141
CBM_dist,12,reserve,2095,632.821,11.197
CBM_dist,12,reserve,2096,635.672,11.251
CBM_dist,12,reserve,2097,638.489,11.305
CBM_dist,12,reserve,2098,641.269,11.359
CBM_dist,12,reserve,2099,644.015,11.412
CBM_dist,12,reserve,2100,646.727,11.464
CBM_dist,13,reserve,2025,590.06,6.255
CBM_dist,13,reserve,2026,597.747,6.337
CBM_dist,13,reserve,2027,605.39,6.419
CBM_dist,13,reserve,2028,612.994,6.501
CBM_dist,13,reserve,2029,620.563,6.582
CBM_dist,13,reserve,2030,628.1,6.663
CBM_dist,13,reserve,2031,635.595,6.743
CBM_dist,13,reserve,2032,643.062,6.823
CBM_dist,13,reserve,2033,650.509,6.903
CBM_dist,13,reserve,2034,657.935,6.983
CBM_dist,13,reserve,2035,665.327,7.063
CBM_dist,13,reserve,2036,672.686,7.142
CBM_dist,13,reserve,2037,680.008,7.22
CBM_dist,13,reserve,2038,687.285,7.299
CBM_dist,13,reserve,2039,694.512,7.376
CBM_dist,13,reserve,2040,701.677,7.454
CBM_dist,13,reserve,2041,708.792,7.53
CBM_dist,13,reserve,2042,715.84,7.606
CBM_dist,13,reserve,2043,722.813,7.681
CBM_dist,13,reserve,2044,729.711,7.756
CBM_dist,13,reserve,2045,736.529,7.829
CBM_dist,13,reserve,2046,743.263,7.902
CBM_dist,13,reserve,2047,749.919,7.974
CBM_dist,13,reserve,2048,756.497,8.045
CBM_dist,13,reserve,2049,762.996,8.115
CBM_dist,13,reserve,2050,769.42,8.184
CBM_dist,13,reserve,2051,775.763,8.253
CBM_dist,13,reserve,2052,782.028,8.321
CBM_dist,13,reserve,2053,788.217,8.388
CBM_dist,13,reserve,2054,794.33,8.454
CBM_dist,13,reserve,2055,800.367,8.519
CBM_dist,13,reserve,2056,806.325,8.584
CBM_dist,13,reserve,2057,812.211,8.648
CBM_dist,13,reserve,2058,818.022,8.711
CBM_dist,13,reserve,2059,823.761,8.773
CBM_dist,13,reserve,2060,830.288,8.844
CBM_dist,13,reserve,2061,836.752,8.914
CBM_dist,13,reserve,2062,843.17,8.983
CBM_dist,13,reserve,2063,849.525,9.052
CBM_dist,13,reserve,2064,855.816,9.12
CBM_dist,13,reserve,2065,862.049,9.188
CBM_dist,13,reserve,2066,868.219,9.255
CBM_dist,13,reserve,2067,874.329,9.321
CBM_dist,13,reserve,2068,880.379,9.387
CBM_dist,13,reserve,2069,886.37,9.452
CBM_dist,13,reserve,2070,891.44,9.508
CBM_dist,13,reserve,2071,896.437,9.562
CBM_dist,13,reserve,2072,901.352,9.616
CBM_dist,13,reserve,2073,906.198,9.669
CBM_dist,13,reserve,2074,910.974,9.722
CBM_dist,13,reserve,2075,916.396,9.781
CBM_dist,13,reserve,2076,921.697,9.839
CBM_dist,13,reserve,2077,926.877,9.895
CBM_dist,13,reserve,2078,931.936,9.951
CBM_dist,13,reserve,2079,936.875,10.005
CBM_dist,13,reserve,2080,941.717,10.058
CBM_dist,13,reserve,2081,946.44,10.11
CBM_dist,13,reserve,2082,951.049,10.161
CBM_dist,13,reserve,2083,955.54,10.21
CBM_dist,13,reserve,2084,959.91,10.258
CBM_dist,13,reserve,2085,963.347,10.297
CBM_dist,13,reserve,2086,966.601,10.333
CBM_dist,13,reserve,2087,969.673,10.368
CBM_dist,13,reserve,2088,972.564,10.4
CBM_dist,13,reserve,2089,975.271,10.431
CBM_dist,13,reserve,2090,977.805,10.46
CBM_dist,13,reserve,2091,980.155,10.487
CBM_dist,13,reserve,2092,982.316,10.511
CBM_dist,13,reserve,2093,984.294,10.534
CBM_dist,13,reserve,2094,986.091,10.555
CBM_dist,13,reserve,2095,987.844,10.576
CBM_dist,13,reserve,2096,989.559,10.596
CBM_dist,13,reserve,2097,991.239,10.616
CBM_dist,13,reserve,2098,992.883,10.636
CBM_dist,13,reserve,2099,994.489,10.655
CBM_dist,13,reserve,2100,996.042,10.673
CBM_dist,16,reserve,2025,417.43,5.844
CBM_dist,16,reserve,2026,421.254,5.912
CBM_dist,16,reserve,2027,424.951,5.978
CBM_dist,16,reserve,2028,428.523,6.043
CBM_dist,16,reserve,2029,431.972,6.107
CBM_dist,16,reserve,2030,435.299,6.169
CBM_dist,16,reserve,2031,438.506,6.231
CBM_dist,16,reserve,2032,441.594,6.291
CBM_dist,16,reserve,2033,444.562,6.35
CBM_dist,16,reserve,2034,447.421,6.408
CBM_dist,16,reserve,2035,450.166,6.465
CBM_dist,16,reserve,2036,452.798,6.521
CBM_dist,16,reserve,2037,455.321,6.576
CBM_dist,16,reserve,2038,457.735,6.63
CBM_dist,16,reserve,2039,460.041,6.683
CBM_dist,16,reserve,2040,462.243,6.735
CBM_dist,16,reserve,2041,464.339,6.786
CBM_dist,16,reserve,2042,466.334,6.836
CBM_dist,16,reserve,2043,468.229,6.885
CBM_dist,16,reserve,2044,470.028,6.933
CBM_dist,16,reserve,2045,471.733,6.981
CBM_dist,16,reserve,2046,473.344,7.027
CBM_dist,16,reserve,2047,474.865,7.073
CBM_dist,16,reserve,2048,476.295,7.118
CBM_dist,16,reserve,2049,477.636,7.163
CBM_dist,16,reserve,2050,478.889,7.206
CBM_dist,16,reserve,2051,480.053,7.249
CBM_dist,16,reserve,2052,481.131,7.291
CBM_dist,16,reserve,2053,482.122,7.333
CBM_dist,16,reserve,2054,483.027,7.373
CBM_dist,16,reserve,2055,483.848,7.413
CBM_dist,16,reserve,2056,484.585,7.452
CBM_dist,16,reserve,2057,485.241,7.491
CBM_dist,16,reserve,2058,485.814,7.529
CBM_dist,16,reserve,2059,486.305,7.566
CBM_dist,16,reserve,2060,486.716,7.603
CBM_dist,16,reserve,2061,487.047,7.639
CBM_dist,16,reserve,2062,487.298,7.674
CBM_dist,16,reserve,2063,487.469,7.708
CBM_dist,16,reserve,2064,487.563,7.742
CBM_dist,16,reserve,2065,487.584,7.775
CBM_dist,16,reserve,2066,487.534,7.808
CBM_dist,16,reserve,2067,487.412,7.84
CBM_dist,16,reserve,2068,487.221,7.872
CBM_dist,16,reserve,2069,486.96,7.903
CBM_dist,16,reserve,2070,486.629,7.933
CBM_dist,16,reserve,2071,486.23,7.963
CBM_dist,16,reserve,2072,485.763,7.993
CBM_dist,16,reserve,2073,485.229,8.021
CBM_dist,16,reserve,2074,484.627,8.05
CBM_dist,16,reserve,2075,483.961,8.077
CBM_dist,16,reserve,2076,483.233,8.104
CBM_dist,16,reserve,2077,482.444,8.131
CBM_dist,16,reserve,2078,481.591,8.157
CBM_dist,16,reserve,2079,480.679,8.183
CBM_dist,16,reserve,2080,479.706,8.208
CBM_dist,16,reserve,2081,478.672,8.233
CBM_dist,16,reserve,2082,477.58,8.257
CBM_dist,16,reserve,2083,476.429,8.281
CBM_dist,16,reserve,2084,475.219,8.304
CBM_dist,16,reserve,2085,473.959,8.327
CBM_dist,16,reserve,2086,472.649,8.349
CBM_dist,16,reserve,2087,471.29,8.371
CBM_dist,16,reserve,2088,469.882,8.393
CBM_dist,16,reserve,2089,468.425,8.414
CBM_dist,16,reserve,2090,466.92,8.435
CBM_dist,16,reserve,2091,465.368,8.456
CBM_dist,16,reserve,2092,463.769,8.476
CBM_dist,16,reserve,2093,462.124,8.495
CBM_dist,16,reserve,2094,460.433,8.515
CBM_dist,16,reserve,2095,458.699,8.534
CBM_dist,16,reserve,2096,456.923,8.552
CBM_dist,16,reserve,2097,455.105,8.57
CBM_dist,16,reserve,2098,453.245,8.588
CBM_dist,16,reserve,2099,451.345,8.606
CBM_dist,16,reserve,2100,449.405,8.623
CBM_dist,17,reserve,2025,150.46,3.521
CBM_dist,17,reserve,2026,151.793,3.553
CBM_dist,17,reserve,2027,153.117,3.584
CBM_dist,17,reserve,2028,154.431,3.615
CBM_dist,17,reserve,2029,155.736,3.647
CBM_dist,17,reserve,2030,157.031,3.677
CBM_dist,17,reserve,2031,158.317,3.708
CBM_dist,17,reserve,2032,159.594,3.739
CBM_dist,17,reserve,2033,160.862,3.769
CBM_dist,17,reserve,2034,162.121,3.799
CBM_dist,17,reserve,2035,163.37,3.829
CBM_dist,17,reserve,2036,164.611,3.859
CBM_dist,17,reserve,2037,165.842,3.888
CBM_dist,17,reserve,2038,167.065,3.917
CBM_dist,17,reserve,2039,168.279,3.946
CBM_dist,17,reserve,2040,169.485,3.975
CBM_dist,17,reserve,2041,170.681,4.004
CBM_dist,17,reserve,2042,171.869,4.032
CBM_dist,17,reserve,2043,173.048,4.061
CBM_dist,17,reserve,2044,174.219,4.089
CBM_dist,17,reserve,2045,175.382,4.117
CBM_dist,17,reserve,2046,176.536,4.144
CBM_dist,17,reserve,2047,177.681,4.172
CBM_dist,17,reserve,2048,178.818,4.199
CBM_dist,17,reserve,2049,179.947,4.226
CBM_dist,17,reserve,2050,181.068,4.253
CBM_dist,17,reserve,2051,182.181,4.28
CBM_dist,17,reserve,2052,183.286,4.307
CBM_dist,17,reserve,2053,184.383,4.333
CBM_dist,17,reserve,2054,185.471,4.359
CBM_dist,17,reserve,2055,186.553,4.385
CBM_dist,17,reserve,2056,187.626,4.411
CBM_dist,17,reserve,2057,188.69,4.437
CBM_dist,17,reserve,2058,189.748,4.463
CBM_dist,17,reserve,2059,190.797,4.488
CBM_dist,17,reserve,2060,191.839,4.513
CBM_dist,17,reserve,2061,192.874,4.538
CBM_dist,17,reserve,2062,193.9,4.563
CBM_dist,17,reserve,2063,194.92,4.588
CBM_dist,17,reserve,2064,195.932,4.612
CBM_dist,17,reserve,2065,196.936,4.636
CBM_dist,17,reserve,2066,197.934,4.661
CBM_dist,17,reserve,2067,198.924,4.685
CBM_dist,17,reserve,2068,199.907,4.708
CBM_dist,17,reserve,2069,200.881,4.732
CBM_dist,17,reserve,2070,201.849,4.756
CBM_dist,17,reserve,2071,202.811,4.779
CBM_dist,17,reserve,2072,203.764,4.802
CBM_dist,17,reserve,2073,204.712,4.825
CBM_dist,17,reserve,2074,205.652,4.848
CBM_dist,17,reserve,2075,206.585,4.871
CBM_dist,17,reserve,2076,207.511,4.893
CBM_dist,17,reserve,2077,208.43,4.916
CBM_dist,17,reserve,2078,209.344,4.938
CBM_dist,17,reserve,2079,210.249,4.96
CBM_dist,17,reserve,2080,211.148,4.982
CBM_dist,17,reserve,2081,212.041,5.004
CBM_dist,17,reserve,2082,212.927,5.026
CBM_dist,17,reserve,2083,213.806,5.047
CBM_dist,17,reserve,2084,214.678,5.068
CBM_dist,17,reserve,2085,215.545,5.09
CBM_dist,17,reserve,2086,216.405,5.111
CBM_dist,17,reserve,2087,217.258,5.132
CBM_dist,17,reserve,2088,218.106,5.152
CBM_dist,17,reserve,2089,218.946,5.173
CBM_dist,17,reserve,2090,219.781,5.194
CBM_dist,17,reserve,2091,220.609,5.214
CBM_dist,17,reserve,2092,221.432,5.234
CBM_dist,17,reserve,2093,222.247,5.254
CBM_dist,17,reserve,2094,223.057,5.274
CBM_dist,17,reserve,2095,223.861,5.294
CBM_dist,17,reserve,2096,224.658,5.314
CBM_dist,17,reserve,2097,225.45,5.333
CBM_dist,17,reserve,2098,226.236,5.353
CBM_dist,17,reserve,2099,227.016,5.372
CBM_dist,17,reserve,2100,227.79,5.391
CBM_dist,18,reserve,2025,178.8,4.112
CBM_dist,18,reserve,2026,181.633,4.178
CBM_dist,18,reserve,2027,184.422,4.243
CBM_dist,18,reserve,2028,187.167,4.306
CBM_dist,18,reserve,2029,189.871,4.369
CBM_dist,18,reserve,2030,192.531,4.43
CBM_dist,18,reserve,2031,195.151,4.491
CBM_dist,18,reserve,2032,197.73,4.551
CBM_dist,18,reserve,2033,200.269,4.61
CBM_dist,18,reserve,2034,202.768,4.668
CBM_dist,18,reserve,2035,205.228,4.725
CBM_dist,18,reserve,2036,207.651,4.781
CBM_dist,18,reserve,2037,210.036,4.837
CBM_dist,18,reserve,2038,212.383,4.891
CBM_dist,18,reserve,2039,214.694,4.945
CBM_dist,18,reserve,2040,216.968,4.998
CBM_dist,18,reserve,2041,219.208,5.05
CBM_dist,18,reserve,2042,221.412,5.101
CBM_dist,18,reserve,2043,223.581,5.151
CBM_dist,18,reserve,2044,225.717,5.201
CBM_dist,18,reserve,2045,227.821,5.25
CBM_dist,18,reserve,2046,229.89,5.298
CBM_dist,18,reserve,2047,231.928,5.346
CBM_dist,18,reserve,2048,233.933,5.392
CBM_dist,18,reserve,2049,235.907,5.438
CBM_dist,18,reserve,2050,237.85,5.484
CBM_dist,18,reserve,2051,239.764,5.528
CBM_dist,18,reserve,2052,241.647,5.572
CBM_dist,18,reserve,2053,243.499,5.615
CBM_dist,18,reserve,2054,245.324,5.658
CBM_dist,18,reserve,2055,247.12,5.7
CBM_dist,18,reserve,2056,248.888,5.741
CBM_dist,18,reserve,2057,250.628,5.782
CBM_dist,18,reserve,2058,252.34,5.822
CBM_dist,18,reserve,2059,254.026,5.861
CBM_dist,18,reserve,2060,255.685,5.9
CBM_dist,18,reserve,2061,257.318,5.938
CBM_dist,18,reserve,2062,258.926,5.976
CBM_dist,18,reserve,2063,260.508,6.013
CBM_dist,18,reserve,2064,262.065,6.05
CBM_dist,18,reserve,2065,263.597,6.086
CBM_dist,18,reserve,2066,265.105,6.121
CBM_dist,18,reserve,2067,266.59,6.156
CBM_dist,18,reserve,2068,268.051,6.19
CBM_dist,18,reserve,2069,269.49,6.224
CBM_dist,18,reserve,2070,270.905,6.257
CBM_dist,18,reserve,2071,272.298,6.29
CBM_dist,18,reserve,2072,273.669,6.322
CBM_dist,18,reserve,2073,275.019,6.354
CBM_dist,18,reserve,2074,276.346,6.385
CBM_dist,18,reserve,2075,277.653,6.416
CBM_dist,18,reserve,2076,278.939,6.447
CBM_dist,18,reserve,2077,280.205,6.477
CBM_dist,18,reserve,2078,281.45,6.506
CBM_dist,18,reserve,2079,282.676,6.535
CBM_dist,18,reserve,2080,283.882,6.563
CBM_dist,18,reserve,2081,285.07,6.592
CBM_dist,18,reserve,2082,286.237,6.619
CBM_dist,18,reserve,2083,287.388,6.646
CBM_dist,18,reserve,2084,288.519,6.673
CBM_dist,18,reserve,2085,289.632,6.7
CBM_dist,18,reserve,2086,290.727,6.726
CBM_dist,18,reserve,2087,291.805,6.751
CBM_dist,18,reserve,2088,292.866,6.776
CBM_dist,18,reserve,2089,293.909,6.801
CBM_dist,18,reserve,2090,294.936,6.826
CBM_dist,18,reserve,2091,295.946,6.85
CBM_dist,18,reserve,2092,296.941,6.874
CBM_dist,18,reserve,2093,297.919,6.897
CBM_dist,18,reserve,2094,298.881,6.92
CBM_dist,18,reserve,2095,299.829,6.943
CBM_dist,18,reserve,2096,300.76,6.965
CBM_dist,18,reserve,2097,301.677,6.987
CBM_dist,18,reserve,2098,302.579,7.008
CBM_dist,18,reserve,2099,303.466,7.03
CBM_dist,18,reserve,2100,304.339,7.051
CBM_dist,19,reserve,2025,72.67,2.434
CBM_dist,19,reserve,2026,73.708,2.47
CBM_dist,19,reserve,2027,74.737,2.505
CBM_dist,19,reserve,2028,75.758,2.54
CBM_dist,19,reserve,2029,76.773,2.575
CBM_dist,19,reserve,2030,77.78,2.609
CBM_dist,19,reserve,2031,78.779,2.643
CBM_dist,19,reserve,2032,79.771,2.677
CBM_dist,19,reserve,2033,80.755,2.711
CBM_dist,19,reserve,2034,81.731,2.744
CBM_dist,19,reserve,2035,82.701,2.777
CBM_dist,19,reserve,2036,83.664,2.81
CBM_dist,19,reserve,2037,84.619,2.843
CBM_dist,19,reserve,2038,85.567,2.876
CBM_dist,19,reserve,2039,86.507,2.908
CBM_dist,19,reserve,2040,87.44,2.94
CBM_dist,19,reserve,2041,88.367,2.972
CBM_dist,19,reserve,2042,89.287,3.004
CBM_dist,19,reserve,2043,90.2,3.035
CBM_dist,19,reserve,2044,91.105,3.066
CBM_dist,19,reserve,2045,92.005,3.097
CBM_dist,19,reserve,2046,92.897,3.128
CBM_dist,19,reserve,2047,93.782,3.158
CBM_dist,19,reserve,2048,94.661,3.189
CBM_dist,19,reserve,2049,95.533,3.219
CBM_dist,19,reserve,2050,96.399,3.249
CBM_dist,19,reserve,2051,97.257,3.278
CBM_dist,19,reserve,2052,98.11,3.308
CBM_dist,19,reserve,2053,98.956,3.337
CBM_dist,19,reserve,2054,99.796,3.366
CBM_dist,19,reserve,2055,100.628,3.395
CBM_dist,19,reserve,2056,101.456,3.424
CBM_dist,19,reserve,2057,102.276,3.452
CBM_dist,19,reserve,2058,103.09,3.48
CBM_dist,19,reserve,2059,103.897,3.508
CBM_dist,19,reserve,2060,104.7,3.536
CBM_dist,19,reserve,2061,105.495,3.564
CBM_dist,19,reserve,2062,106.285,3.592
CBM_dist,19,reserve,2063,107.068,3.619
CBM_dist,19,reserve,2064,107.846,3.646
CBM_dist,19,reserve,2065,108.617,3.673
CBM_dist,19,reserve,2066,109.382,3.699
CBM_dist,19,reserve,2067,110.142,3.726
CBM_dist,19,reserve,2068,110.897,3.752
CBM_dist,19,reserve,2069,111.644,3.779
CBM_dist,19,reserve,2070,112.386,3.804
CBM_dist,19,reserve,2071,113.123,3.83
CBM_dist,19,reserve,2072,113.854,3.856
CBM_dist,19,reserve,2073,114.579,3.881
CBM_dist,19,reserve,2074,115.299,3.907
CBM_dist,19,reserve,2075,116.012,3.932
CBM_dist,19,reserve,2076,116.721,3.957
CBM_dist,19,reserve,2077,117.424,3.981
CBM_dist,19,reserve,2078,118.121,4.006
CBM_dist,19,reserve,2079,118.813,4.03
CBM_dist,19,reserve,2080,119.5,4.054
CBM_dist,19,reserve,2081,120.181,4.078
CBM_dist,19,reserve,2082,120.857,4.102
CBM_dist,19,reserve,2083,121.528,4.126
CBM_dist,19,reserve,2084,122.193,4.15
CBM_dist,19,reserve,2085,122.853,4.173
CBM_dist,19,reserve,2086,123.509,4.196
CBM_dist,19,reserve,2087,124.158,4.219
CBM_dist,19,reserve,2088,124.802,4.242
CBM_dist,19,reserve,2089,125.443,4.265
CBM_dist,19,reserve,2090,126.077,4.287
CBM_dist,19,reserve,2091,126.707,4.31
CBM_dist,19,reserve,2092,127.331,4.332
CBM_dist,19,reserve,2093,127.952,4.354
CBM_dist,19,reserve,2094,128.566,4.376
CBM_dist,19,reserve,2095,129.176,4.398
CBM_dist,19,reserve,2096,129.781,4.419
CBM_dist,19,reserve,2097,130.381,4.441
CBM_dist,19,reserve,2098,130.977,4.462
CBM_dist,19,reserve,2099,131.567,4.483
CBM_dist,19,reserve,2100,132.154,4.504
CBM_dist,20,reserve,2025,48.76,1.941
CBM_dist,20,reserve,2026,50.013,1.991
CBM_dist,20,reserve,2027,51.268,2.041
CBM_dist,20,reserve,2028,52.526,2.092
CBM_dist,20,reserve,2029,53.786,2.142
CBM_dist,20,reserve,2030,55.051,2.193
CBM_dist,20,reserve,2031,56.318,2.244
CBM_dist,20,reserve,2032,57.586,2.295
CBM_dist,20,reserve,2033,58.859,2.346
CBM_dist,20,reserve,2034,60.135,2.398
CBM_dist,20,reserve,2035,61.404,2.449
CBM_dist,20,reserve,2036,62.671,2.5
CBM_dist,20,reserve,2037,63.932,2.55
CBM_dist,20,reserve,2038,65.188,2.601
CBM_dist,20,reserve,2039,66.441,2.651
CBM_dist,20,reserve,2040,67.689,2.702
CBM_dist,20,reserve,2041,68.932,2.752
CBM_dist,20,reserve,2042,70.172,2.802
CBM_dist,20,reserve,2043,71.407,2.851
CBM_dist,20,reserve,2044,72.637,2.901
CBM_dist,20,reserve,2045,73.86,2.95
CBM_dist,20,reserve,2046,75.074,2.999
CBM_dist,20,reserve,2047,76.278,3.048
CBM_dist,20,reserve,2048,77.474,3.096
CBM_dist,20,reserve,2049,78.663,3.144
CBM_dist,20,reserve,2050,79.843,3.192
CBM_dist,20,reserve,2051,81.014,3.239
CBM_dist,20,reserve,2052,82.177,3.286
CBM_dist,20,reserve,2053,83.333,3.333
CBM_dist,20,reserve,2054,84.48,3.38
CBM_dist,20,reserve,2055,85.617,3.426
CBM_dist,20,reserve,2056,86.743,3.471
CBM_dist,20,reserve,2057,87.859,3.517
CBM_dist,20,reserve,2058,88.965,3.561
CBM_dist,20,reserve,2059,90.062,3.606
CBM_dist,20,reserve,2060,91.148,3.65
CBM_dist,20,reserve,2061,92.224,3.694
CBM_dist,20,reserve,2062,93.291,3.737
CBM_dist,20,reserve,2063,94.347,3.78
CBM_dist,20,reserve,2064,95.394,3.823
CBM_dist,20,reserve,2065,96.43,3.865
CBM_dist,20,reserve,2066,97.455,3.907
CBM_dist,20,reserve,2067,98.469,3.948
CBM_dist,20,reserve,2068,99.472,3.989
CBM_dist,20,reserve,2069,100.464,4.029
CBM_dist,20,reserve,2070,101.444,4.069
CBM_dist,20,reserve,2071,102.415,4.109
CBM_dist,20,reserve,2072,103.374,4.148
CBM_dist,20,reserve,2073,104.323,4.187
CBM_dist,20,reserve,2074,105.261,4.225
CBM_dist,20,reserve,2075,106.188,4.263
CBM_dist,20,reserve,2076,107.104,4.301
CBM_dist,20,reserve,2077,108.009,4.338
CBM_dist,20,reserve,2078,108.904,4.375
CBM_dist,20,reserve,2079,109.788,4.411
CBM_dist,20,reserve,2080,110.661,4.447
CBM_dist,20,reserve,2081,111.523,4.482
CBM_dist,20,reserve,2082,112.375,4.517
CBM_dist,20,reserve,2083,113.216,4.552
CBM_dist,20,reserve,2084,114.046,4.586
CBM_dist,20,reserve,2085,114.866,4.62
CBM_dist,20,reserve,2086,115.675,4.654
CBM_dist,20,reserve,2087,116.473,4.687
CBM_dist,20,reserve,2088,117.26,4.719
CBM_dist,20,reserve,2089,118.038,4.751
CBM_dist,20,reserve,2090,118.804,4.783
CBM_dist,20,reserve,2091,119.559,4.814
CBM_dist,20,reserve,2092,120.304,4.845
CBM_dist,20,reserve,2093,121.039,4.876
CBM_dist,20,reserve,2094,121.763,4.906
CBM_dist,20,reserve,2095,122.477,4.936
CBM_dist,20,reserve,2096,123.182,4.965
CBM_dist,20,reserve,2097,123.876,4.994
CBM_dist,20,reserve,2098,124.561,5.023
CBM_dist,20,reserve,2099,125.235,5.051
CBM_dist,20,reserve,2100,125.901,5.079
CBM_dist,21,reserve,2025,393.71,4.764
CBM_dist,21,reserve,2026,398.262,4.821
CBM_dist,21,reserve,2027,402.783,4.877
CBM_dist,21,reserve,2028,407.273,4.933
CBM_dist,21,reserve,2029,411.733,4.989
CBM_dist,21,reserve,2030,416.164,5.044
CBM_dist,21,reserve,2031,420.563,5.099
CBM_dist,21,reserve,2032,424.934,5.154
CBM_dist,21,reserve,2033,429.274,5.208
CBM_dist,21,reserve,2034,433.586,5.262
CBM_dist,21,reserve,2035,437.868,5.316
CBM_dist,21,reserve,2036,442.12,5.369
CBM_dist,21,reserve,2037,446.344,5.422
CBM_dist,21,reserve,2038,450.539,5.475
CBM_dist,21,reserve,2039,454.706,5.527
CBM_dist,21,reserve,2040,458.844,5.579
CBM_dist,21,reserve,2041,462.953,5.631
CBM_dist,21,reserve,2042,467.035,5.682
CBM_dist,21,reserve,2043,471.089,5.733
CBM_dist,21,reserve,2044,475.115,5.784
CBM_dist,21,reserve,2045,479.113,5.834
CBM_dist,21,reserve,2046,483.084,5.884
CBM_dist,21,reserve,2047,487.028,5.934
CBM_dist,21,reserve,2048,490.944,5.984
CBM_dist,21,reserve,2049,494.834,6.033
CBM_dist,21,reserve,2050,498.696,6.082
CBM_dist,21,reserve,2051,502.532,6.131
CBM_dist,21,reserve,2052,506.341,6.179
CBM_dist,21,reserve,2053,510.124,6.227
CBM_dist,21,reserve,2054,513.881,6.275
CBM_dist,21,reserve,2055,517.613,6.322
CBM_dist,21,reserve,2056,521.317,6.369
CBM_dist,21,reserve,2057,524.996,6.416
CBM_dist,21,reserve,2058,528.65,6.463
CBM_dist,21,reserve,2059,532.278,6.509
CBM_dist,21,reserve,2060,535.881,6.555
CBM_dist,21,reserve,2061,539.458,6.601
CBM_dist,21,reserve,2062,543.01,6.646
CBM_dist,21,reserve,2063,546.539,6.691
CBM_dist,21,reserve,2064,550.041,6.736
CBM_dist,21,reserve,2065,553.519,6.781
CBM_dist,21,reserve,2066,556.973,6.825
CBM_dist,21,reserve,2067,560.403,6.869
CBM_dist,21,reserve,2068,563.809,6.913
CBM_dist,21,reserve,2069,567.19,6.957
CBM_dist,21,reserve,2070,570.548,7
CBM_dist,21,reserve,2071,573.882,7.043
CBM_dist,21,reserve,2072,577.192,7.085
CBM_dist,21,reserve,2073,580.478,7.128
CBM_dist,21,reserve,2074,583.742,7.17
CBM_dist,21,reserve,2075,586.983,7.212
CBM_dist,21,reserve,2076,590.2,7.254
CBM_dist,21,reserve,2077,593.394,7.295
CBM_dist,21,reserve,2078,596.565,7.336
CBM_dist,21,reserve,2079,599.714,7.377
CBM_dist,21,reserve,2080,602.841,7.418
CBM_dist,21,reserve,2081,605.945,7.458
CBM_dist,21,reserve,2082,609.026,7.499
CBM_dist,21,reserve,2083,612.085,7.539
CBM_dist,21,reserve,2084,615.123,7.578
CBM_dist,21,reserve,2085,618.138,7.618
CBM_dist,21,reserve,2086,621.132,7.657
CBM_dist,21,reserve,2087,624.104,7.696
CBM_dist,21,reserve,2088,627.055,7.735
CBM_dist,21,reserve,2089,629.984,7.773
CBM_dist,21,reserve,2090,632.893,7.811
CBM_dist,21,reserve,2091,635.779,7.849
CBM_dist,21,reserve,2092,638.645,7.887
CBM_dist,21,reserve,2093,641.49,7.925
CBM_dist,21,reserve,2094,644.314,7.962
CBM_dist,21,reserve,2095,647.118,7.999
CBM_dist,21,reserve,2096,649.9,8.036
CBM_dist,21,reserve,2097,652.663,8.072
CBM_dist,21,reserve,2098,655.406,8.109
CBM_dist,21,reserve,2099,658.127,8.145
CBM_dist,21,reserve,2100,660.829,8.181
CBM_dist,22,reserve,2025,339.71,4.62
CBM_dist,22,reserve,2026,343.191,4.668
CBM_dist,22,reserve,2027,346.625,4.716
CBM_dist,22,reserve,2028,350.014,4.764
CBM_dist,22,reserve,2029,353.359,4.81
CBM_dist,22,reserve,2030,356.66,4.856
CBM_dist,22,reserve,2031,359.917,4.902
CBM_dist,22,reserve,2032,363.131,4.947
CBM_dist,22,reserve,2033,366.302,4.991
CBM_dist,22,reserve,2034,369.432,5.035
CBM_dist,22,reserve,2035,372.52,5.078
CBM_dist,22,reserve,2036,375.568,5.121
CBM_dist,22,reserve,2037,378.573,5.163
CBM_dist,22,reserve,2038,381.54,5.205
CBM_dist,22,reserve,2039,384.467,5.246
CBM_dist,22,reserve,2040,387.356,5.286
CBM_dist,22,reserve,2041,390.206,5.327
CBM_dist,22,reserve,2042,393.017,5.366
CBM_dist,22,reserve,2043,395.791,5.405
CBM_dist,22,reserve,2044,398.527,5.444
CBM_dist,22,reserve,2045,401.227,5.482
CBM_dist,22,reserve,2046,403.891,5.52
CBM_dist,22,reserve,2047,406.519,5.557
CBM_dist,22,reserve,2048,409.112,5.594
CBM_dist,22,reserve,2049,411.669,5.63
CBM_dist,22,reserve,2050,414.192,5.666
CBM_dist,22,reserve,2051,416.682,5.701
CBM_dist,22,reserve,2052,419.136,5.736
CBM_dist,22,reserve,2053,421.559,5.771
CBM_dist,22,reserve,2054,423.948,5.805
CBM_dist,22,reserve,2055,426.305,5.838
CBM_dist,22,reserve,2056,428.629,5.871
CBM_dist,22,reserve,2057,430.922,5.904
CBM_dist,22,reserve,2058,433.183,5.937
CBM_dist,22,reserve,2059,435.414,5.969
CBM_dist,22,reserve,2060,437.614,6
CBM_dist,22,reserve,2061,439.784,6.031
CBM_dist,22,reserve,2062,441.923,6.062
CBM_dist,22,reserve,2063,444.034,6.093
CBM_dist,22,reserve,2064,446.115,6.123
CBM_dist,22,reserve,2065,448.168,6.152
CBM_dist,22,reserve,2066,450.192,6.182
CBM_dist,22,reserve,2067,452.188,6.211
CBM_dist,22,reserve,2068,454.157,6.239
CBM_dist,22,reserve,2069,456.098,6.267
CBM_dist,22,reserve,2070,458.012,6.295
CBM_dist,22,reserve,2071,459.899,6.323
CBM_dist,22,reserve,2072,461.76,6.35
CBM_dist,22,reserve,2073,463.595,6.377
CBM_dist,22,reserve,2074,465.404,6.403
CBM_dist,22,reserve,2075,467.188,6.429
CBM_dist,22,reserve,2076,468.945,6.455
CBM_dist,22,reserve,2077,470.68,6.481
CBM_dist,22,reserve,2078,472.388,6.506
CBM_dist,22,reserve,2079,474.073,6.531
CBM_dist,22,reserve,2080,475.733,6.555
CBM_dist,22,reserve,2081,477.37,6.58
CBM_dist,22,reserve,2082,478.984,6.604
CBM_dist,22,reserve,2083,480.575,6.627
CBM_dist,22,reserve,2084,482.142,6.651
CBM_dist,22,reserve,2085,483.687,6.674
CBM_dist,22,reserve,2086,485.21,6.697
CBM_dist,22,reserve,2087,486.711,6.719
CBM_dist,22,reserve,2088,488.19,6.741
CBM_dist,22,reserve,2089,489.647,6.763
CBM_dist,22,reserve,2090,491.084,6.785
CBM_dist,22,reserve,2091,492.499,6.806
CBM_dist,22,reserve,2092,493.894,6.827
CBM_dist,22,reserve,2093,495.268,6.848
CBM_dist,22,reserve,2094,496.622,6.869
CBM_dist,22,reserve,2095,497.955,6.889
CBM_dist,22,reserve,2096,499.269,6.909
CBM_dist,22,reserve,2097,500.564,6.929
CBM_dist,22,reserve,2098,501.839,6.949
CBM_dist,22,reserve,2099,503.095,6.968
CBM_dist,22,reserve,2100,504.333,6.987
CBM_dist,23,reserve,2025,374.02,3.441
CBM_dist,23,reserve,2026,377.084,3.47
CBM_dist,23,reserve,2027,380.106,3.498
CBM_dist,23,reserve,2028,383.087,3.526
CBM_dist,23,reserve,2029,386.026,3.554
CBM_dist,23,reserve,2030,388.925,3.581
CBM_dist,23,reserve,2031,391.784,3.608
CBM_dist,23,reserve,2032,394.603,3.635
CBM_dist,23,reserve,2033,397.384,3.661
CBM_dist,23,reserve,2034,400.126,3.687
CBM_dist,23,reserve,2035,402.831,3.712
CBM_dist,23,reserve,2036,405.497,3.737
CBM_dist,23,reserve,2037,408.127,3.762
CBM_dist,23,reserve,2038,410.72,3.787
CBM_dist,23,reserve,2039,413.278,3.811
CBM_dist,23,reserve,2040,415.8,3.835
CBM_dist,23,reserve,2041,418.287,3.858
CBM_dist,23,reserve,2042,420.739,3.881
CBM_dist,23,reserve,2043,423.157,3.904
CBM_dist,23,reserve,2044,425.542,3.927
CBM_dist,23,reserve,2045,427.893,3.949
CBM_dist,23,reserve,2046,430.211,3.971
CBM_dist,23,reserve,2047,432.497,3.993
CBM_dist,23,reserve,2048,434.752,4.014
CBM_dist,23,reserve,2049,436.974,4.036
CBM_dist,23,reserve,2050,439.166,4.057
CBM_dist,23,reserve,2051,441.326,4.077
CBM_dist,23,reserve,2052,443.457,4.097
CBM_dist,23,reserve,2053,445.558,4.118
CBM_dist,23,reserve,2054,447.629,4.137
CBM_dist,23,reserve,2055,449.671,4.157
CBM_dist,23,reserve,2056,451.684,4.176
CBM_dist,23,reserve,2057,453.669,4.195
CBM_dist,23,reserve,2058,455.626,4.214
CBM_dist,23,reserve,2059,457.556,4.232
CBM_dist,23,reserve,2060,459.458,4.251
CBM_dist,23,reserve,2061,461.333,4.269
CBM_dist,23,reserve,2062,463.182,4.286
CBM_dist,23,reserve,2063,465.005,4.304
CBM_dist,23,reserve,2064,466.801,4.321
CBM_dist,23,reserve,2065,468.573,4.338
CBM_dist,23,reserve,2066,470.318,4.355
CBM_dist,23,reserve,2067,472.039,4.372
CBM_dist,23,reserve,2068,473.736,4.388
CBM_dist,23,reserve,2069,475.408,4.405
CBM_dist,23,reserve,2070,477.057,4.421
CBM_dist,23,reserve,2071,478.682,4.436
CBM_dist,23,reserve,2072,480.284,4.452
CBM_dist,23,reserve,2073,481.862,4.467
CBM_dist,23,reserve,2074,483.418,4.482
CBM_dist,23,reserve,2075,484.952,4.497
CBM_dist,23,reserve,2076,486.464,4.512
CBM_dist,23,reserve,2077,487.953,4.527
CBM_dist,23,reserve,2078,489.421,4.541
CBM_dist,23,reserve,2079,490.869,4.555
CBM_dist,23,reserve,2080,492.295,4.569
CBM_dist,23,reserve,2081,493.7,4.583
CBM_dist,23,reserve,2082,495.085,4.597
CBM_dist,23,reserve,2083,496.451,4.61
CBM_dist,23,reserve,2084,497.796,4.623
CBM_dist,23,reserve,2085,499.122,4.636
CBM_dist,23,reserve,2086,500.428,4.649
CBM_dist,23,reserve,2087,501.715,4.662
CBM_dist,23,reserve,2088,502.983,4.675
CBM_dist,23,reserve,2089,504.233,4.687
CBM_dist,23,reserve,2090,505.464,4.699
CBM_dist,23,reserve,2091,506.678,4.711
CBM_dist,23,reserve,2092,507.873,4.723
CBM_dist,23,reserve,2093,509.051,4.735
CBM_dist,23,reserve,2094,510.211,4.747
CBM_dist,23,reserve,2095,511.354,4.758
CBM_dist,23,reserve,2096,512.481,4.769
CBM_dist,23,reserve,2097,513.59,4.78
CBM_dist,23,reserve,2098,514.683,4.791
CBM_dist,23,reserve,2099,515.759,4.802
CBM_dist,23,reserve,2100,516.82,4.813
CBM_dist,24,reserve,2025,96.25,3.417
CBM_dist,24,reserve,2026,97.055,3.446
CBM_dist,24,reserve,2027,97.854,3.475
CBM_dist,24,reserve,2028,98.646,3.504
CBM_dist,24,reserve,2029,99.434,3.533
CBM_dist,24,reserve,2030,100.215,3.562
CBM_dist,24,reserve,2031,100.99,3.59
CBM_dist,24,reserve,2032,101.759,3.618
CBM_dist,24,reserve,2033,102.522,3.646
CBM_dist,24,reserve,2034,103.28,3.674
CBM_dist,24,reserve,2035,104.031,3.701
CBM_dist,24,reserve,2036,104.777,3.729
CBM_dist,24,reserve,2037,105.518,3.756
CBM_dist,24,reserve,2038,106.252,3.783
CBM_dist,24,reserve,2039,106.982,3.809
CBM_dist,24,reserve,2040,107.705,3.836
CBM_dist,24,reserve,2041,108.423,3.862
CBM_dist,24,reserve,2042,109.135,3.888
CBM_dist,24,reserve,2043,109.843,3.915
CBM_dist,24,reserve,2044,110.544,3.94
CBM_dist,24,reserve,2045,111.24,3.966
CBM_dist,24,reserve,2046,111.931,3.991
CBM_dist,24,reserve,2047,112.617,4.017
CBM_dist,24,reserve,2048,113.297,4.042
CBM_dist,24,reserve,2049,113.972,4.067
CBM_dist,24,reserve,2050,114.642,4.091
CBM_dist,24,reserve,2051,115.306,4.116
CBM_dist,24,reserve,2052,115.966,4.14
CBM_dist,24,reserve,2053,116.621,4.165
CBM_dist,24,reserve,2054,117.27,4.189
CBM_dist,24,reserve,2055,117.914,4.213
CBM_dist,24,reserve,2056,118.554,4.236
CBM_dist,24,reserve,2057,119.188,4.26
CBM_dist,24,reserve,2058,119.818,4.283
CBM_dist,24,reserve,2059,120.443,4.306
CBM_dist,24,reserve,2060,121.062,4.33
CBM_dist,24,reserve,2061,121.677,4.352
CBM_dist,24,reserve,2062,122.287,4.375
CBM_dist,24,reserve,2063,122.892,4.398
CBM_dist,24,reserve,2064,123.493,4.42
CBM_dist,24,reserve,2065,124.089,4.442
CBM_dist,24,reserve,2066,124.68,4.464
CBM_dist,24,reserve,2067,125.267,4.486
CBM_dist,24,reserve,2068,125.85,4.508
CBM_dist,24,reserve,2069,126.428,4.53
CBM_dist,24,reserve,2070,127,4.551
CBM_dist,24,reserve,2071,127.569,4.573
CBM_dist,24,reserve,2072,128.133,4.594
CBM_dist,24,reserve,2073,128.692,4.615
CBM_dist,24,reserve,2074,129.248,4.636
CBM_dist,24,reserve,2075,129.799,4.656
CBM_dist,24,reserve,2076,130.345,4.677
CBM_dist,24,reserve,2077,130.887,4.697
CBM_dist,24,reserve,2078,131.425,4.718
CBM_dist,24,reserve,2079,131.959,4.738
CBM_dist,24,reserve,2080,132.488,4.758
CBM_dist,24,reserve,2081,133.014,4.778
CBM_dist,24,reserve,2082,133.534,4.797
CBM_dist,24,reserve,2083,134.051,4.817
CBM_dist,24,reserve,2084,134.564,4.836
CBM_dist,24,reserve,2085,135.073,4.856
CBM_dist,24,reserve,2086,135.577,4.875
CBM_dist,24,reserve,2087,136.077,4.894
CBM_dist,24,reserve,2088,136.575,4.913
CBM_dist,24,reserve,2089,137.067,4.931
CBM_dist,24,reserve,2090,137.556,4.95
CBM_dist,24,reserve,2091,138.041,4.969
CBM_dist,24,reserve,2092,138.521,4.987
CBM_dist,24,reserve,2093,138.998,5.005
CBM_dist,24,reserve,2094,139.471,5.023
CBM_dist,24,reserve,2095,139.941,5.041
CBM_dist,24,reserve,2096,140.405,5.059
CBM_dist,24,reserve,2097,140.868,5.077
CBM_dist,24,reserve,2098,141.325,5.094
CBM_dist,24,reserve,2099,141.78,5.112
CBM_dist,24,reserve,2100,142.23,5.129
CBM_dist,25,reserve,2025,112.19,2.715
CBM_dist,25,reserve,2026,112.822,2.731
CBM_dist,25,reserve,2027,113.446,2.747
CBM_dist,25,reserve,2028,114.062,2.763
CBM_dist,25,reserve,2029,114.669,2.779
CBM_dist,25,reserve,2030,115.269,2.795
CBM_dist,25,reserve,2031,115.86,2.81
CBM_dist,25,reserve,2032,116.444,2.825
CBM_dist,25,reserve,2033,117.02,2.84
CBM_dist,25,reserve,2034,117.588,2.855
CBM_dist,25,reserve,2035,118.149,2.87
CBM_dist,25,reserve,2036,118.702,2.884
CBM_dist,25,reserve,2037,119.247,2.899
CBM_dist,25,reserve,2038,119.786,2.913
CBM_dist,25,reserve,2039,120.317,2.927
CBM_dist,25,reserve,2040,120.841,2.94
CBM_dist,25,reserve,2041,121.357,2.954
CBM_dist,25,reserve,2042,121.867,2.968
CBM_dist,25,reserve,2043,122.37,2.981
CBM_dist,25,reserve,2044,122.866,2.994
CBM_dist,25,reserve,2045,123.355,3.007
CBM_dist,25,reserve,2046,123.837,3.02
CBM_dist,25,reserve,2047,124.313,3.033
CBM_dist,25,reserve,2048,124.783,3.045
CBM_dist,25,reserve,2049,125.245,3.058
CBM_dist,25,reserve,2050,125.703,3.07
CBM_dist,25,reserve,2051,126.152,3.082
CBM_dist,25,reserve,2052,126.596,3.094
CBM_dist,25,reserve,2053,127.034,3.106
CBM_dist,25,reserve,2054,127.466,3.117
CBM_dist,25,reserve,2055,127.892,3.129
CBM_dist,25,reserve,2056,128.311,3.14
CBM_dist,25,reserve,2057,128.725,3.152
CBM_dist,25,reserve,2058,129.133,3.163
CBM_dist,25,reserve,2059,129.536,3.174
CBM_dist,25,reserve,2060,129.932,3.185
CBM_dist,25,reserve,2061,130.323,3.195
CBM_dist,25,reserve,2062,130.708,3.206
CBM_dist,25,reserve,2063,131.088,3.216
CBM_dist,25,reserve,2064,131.462,3.227
CBM_dist,25,reserve,2065,131.832,3.237
CBM_dist,25,reserve,2066,132.196,3.247
CBM_dist,25,reserve,2067,132.554,3.257
CBM_dist,25,reserve,2068,132.908,3.267
CBM_dist,25,reserve,2069,133.255,3.277
CBM_dist,25,reserve,2070,133.599,3.287
CBM_dist,25,reserve,2071,133.937,3.296
CBM_dist,25,reserve,2072,134.271,3.306
CBM_dist,25,reserve,2073,134.599,3.315
CBM_dist,25,reserve,2074,134.922,3.324
CBM_dist,25,reserve,2075,135.241,3.333
CBM_dist,25,reserve,2076,135.555,3.342
CBM_dist,25,reserve,2077,135.864,3.351
CBM_dist,25,reserve,2078,136.17,3.36
CBM_dist,25,reserve,2079,136.469,3.368
CBM_dist,25,reserve,2080,136.765,3.377
CBM_dist,25,reserve,2081,137.056,3.385
CBM_dist,25,reserve,2082,137.343,3.394
CBM_dist,25,reserve,2083,137.625,3.402
CBM_dist,25,reserve,2084,137.903,3.41
CBM_dist,25,reserve,2085,138.177,3.418
CBM_dist,25,reserve,2086,138.446,3.426
CBM_dist,25,reserve,2087,138.712,3.434
CBM_dist,25,reserve,2088,138.974,3.442
CBM_dist,25,reserve,2089,139.231,3.45
CBM_dist,25,reserve,2090,139.484,3.457
CBM_dist,25,reserve,2091,139.733,3.465
CBM_dist,25,reserve,2092,139.979,3.472
CBM_dist,25,reserve,2093,140.22,3.48
CBM_dist,25,reserve,2094,140.458,3.487
CBM_dist,25,reserve,2095,140.692,3.494
CBM_dist,25,reserve,2096,140.921,3.501
CBM_dist,25,reserve,2097,141.148,3.508
CBM_dist,25,reserve,2098,141.371,3.515
CBM_dist,25,reserve,2099,141.59,3.522
CBM_dist,25,reserve,2100,141.805,3.528
CBM_dist,26,reserve,2025,512.45,5.739
CBM_dist,26,reserve,2026,516.836,5.79
CBM_dist,26,reserve,2027,521.167,5.841
CBM_dist,26,reserve,2028,525.445,5.891
CBM_dist,26,reserve,2029,529.669,5.94
CBM_dist,26,reserve,2030,533.841,5.989
CBM_dist,26,reserve,2031,537.961,6.037
CBM_dist,26,reserve,2032,542.029,6.084
CBM_dist,26,reserve,2033,546.046,6.131
CBM_dist,26,reserve,2034,550.013,6.178
CBM_dist,26,reserve,2035,553.931,6.224
CBM_dist,26,reserve,2036,557.799,6.269
CBM_dist,26,reserve,2037,561.619,6.314
CBM_dist,26,reserve,2038,565.39,6.359
CBM_dist,26,reserve,2039,569.113,6.403
CBM_dist,26,reserve,2040,572.791,6.446
CBM_dist,26,reserve,2041,576.421,6.489
CBM_dist,26,reserve,2042,580.006,6.531
CBM_dist,26,reserve,2043,583.544,6.573
CBM_dist,26,reserve,2044,587.038,6.615
CBM_dist,26,reserve,2045,590.488,6.656
CBM_dist,26,reserve,2046,593.892,6.696
CBM_dist,26,reserve,2047,597.254,6.736
CBM_dist,26,reserve,2048,600.574,6.776
CBM_dist,26,reserve,2049,603.85,6.815
CBM_dist,26,reserve,2050,607.083,6.853
CBM_dist,26,reserve,2051,610.276,6.892
CBM_dist,26,reserve,2052,613.428,6.929
CBM_dist,26,reserve,2053,616.539,6.967
CBM_dist,26,reserve,2054,619.609,7.004
CBM_dist,26,reserve,2055,622.64,7.04
CBM_dist,26,reserve,2056,625.631,7.076
CBM_dist,26,reserve,2057,628.584,7.112
CBM_dist,26,reserve,2058,631.499,7.147
CBM_dist,26,reserve,2059,634.374,7.182
CBM_dist,26,reserve,2060,637.213,7.216
CBM_dist,26,reserve,2061,640.014,7.25
CBM_dist,26,reserve,2062,642.778,7.284
CBM_dist,26,reserve,2063,645.507,7.317
CBM_dist,26,reserve,2064,648.199,7.35
CBM_dist,26,reserve,2065,650.855,7.383
CBM_dist,26,reserve,2066,653.476,7.415
CBM_dist,26,reserve,2067,656.063,7.447
CBM_dist,26,reserve,2068,658.615,7.478
CBM_dist,26,reserve,2069,661.133,7.509
CBM_dist,26,reserve,2070,663.617,7.54
CBM_dist,26,reserve,2071,666.068,7.57
CBM_dist,26,reserve,2072,668.486,7.6
CBM_dist,26,reserve,2073,670.872,7.63
CBM_dist,26,reserve,2074,673.225,7.659
CBM_dist,26,reserve,2075,675.547,7.688
CBM_dist,26,reserve,2076,677.837,7.717
CBM_dist,26,reserve,2077,680.096,7.745
CBM_dist,26,reserve,2078,682.324,7.773
CBM_dist,26,reserve,2079,684.522,7.8
CBM_dist,26,reserve,2080,686.689,7.828
CBM_dist,26,reserve,2081,688.827,7.855
CBM_dist,26,reserve,2082,690.935,7.882
CBM_dist,26,reserve,2083,693.015,7.908
CBM_dist,26,reserve,2084,695.065,7.934
CBM_dist,26,reserve,2085,697.087,7.96
CBM_dist,26,reserve,2086,699.08,7.985
CBM_dist,26,reserve,2087,701.046,8.011
CBM_dist,26,reserve,2088,702.984,8.035
CBM_dist,26,reserve,2089,704.895,8.06
CBM_dist,26,reserve,2090,706.779,8.084
CBM_dist,26,reserve,2091,708.637,8.109
CBM_dist,26,reserve,2092,710.467,8.132
CBM_dist,26,reserve,2093,712.272,8.156
CBM_dist,26,reserve,2094,714.051,8.179
CBM_dist,26,reserve,2095,715.804,8.202
CBM_dist,26,reserve,2096,717.533,8.225
CBM_dist,26,reserve,2097,719.235,8.247
CBM_dist,26,reserve,2098,720.915,8.269
CBM_dist,26,reserve,2099,722.568,8.291
CBM_dist,26,reserve,2100,724.199,8.313
CBM_dist,27,reserve,2025,308.78,2.748
CBM_dist,27,reserve,2026,312.705,2.783
CBM_dist,27,reserve,2027,316.611,2.819
CBM_dist,27,reserve,2028,320.492,2.854
CBM_dist,27,reserve,2029,324.355,2.888
CBM_dist,27,reserve,2030,328.201,2.923
CBM_dist,27,reserve,2031,332.029,2.958
CBM_dist,27,reserve,2032,335.84,2.992
CBM_dist,27,reserve,2033,339.633,3.026
CBM_dist,27,reserve,2034,343.406,3.06
CBM_dist,27,reserve,2035,347.159,3.094
CBM_dist,27,reserve,2036,350.857,3.128
CBM_dist,27,reserve,2037,354.532,3.161
CBM_dist,27,reserve,2038,357.923,3.192
CBM_dist,27,reserve,2039,361.26,3.222
CBM_dist,27,reserve,2040,364.543,3.252
CBM_dist,27,reserve,2041,367.769,3.281
CBM_dist,27,reserve,2042,370.934,3.31
CBM_dist,27,reserve,2043,374.04,3.338
CBM_dist,27,reserve,2044,377.082,3.365
CBM_dist,27,reserve,2045,380.061,3.392
CBM_dist,27,reserve,2046,383.008,3.419
CBM_dist,27,reserve,2047,385.892,3.446
CBM_dist,27,reserve,2048,388.965,3.473
CBM_dist,27,reserve,2049,391.999,3.501
CBM_dist,27,reserve,2050,394.995,3.528
CBM_dist,27,reserve,2051,397.952,3.555
CBM_dist,27,reserve,2052,400.871,3.582
CBM_dist,27,reserve,2053,403.751,3.608
CBM_dist,27,reserve,2054,406.591,3.634
CBM_dist,27,reserve,2055,409.393,3.66
CBM_dist,27,reserve,2056,412.152,3.685
CBM_dist,27,reserve,2057,414.872,3.71
CBM_dist,27,reserve,2058,417.569,3.734
CBM_dist,27,reserve,2059,420.228,3.759
CBM_dist,27,reserve,2060,422.852,3.783
CBM_dist,27,reserve,2061,425.439,3.806
CBM_dist,27,reserve,2062,427.99,3.83
CBM_dist,27,reserve,2063,430.504,3.853
CBM_dist,27,reserve,2064,432.985,3.876
CBM_dist,27,reserve,2065,435.427,3.898
CBM_dist,27,reserve,2066,437.835,3.92
CBM_dist,27,reserve,2067,440.206,3.942
CBM_dist,27,reserve,2068,442.54,3.964
CBM_dist,27,reserve,2069,444.841,3.985
CBM_dist,27,reserve,2070,447.107,4.006
CBM_dist,27,reserve,2071,449.34,4.026
CBM_dist,27,reserve,2072,451.539,4.047
CBM_dist,27,reserve,2073,453.704,4.067
CBM_dist,27,reserve,2074,455.837,4.087
CBM_dist,27,reserve,2075,457.926,4.106
CBM_dist,27,reserve,2076,459.975,4.125
CBM_dist,27,reserve,2077,461.982,4.144
CBM_dist,27,reserve,2078,463.95,4.162
CBM_dist,27,reserve,2079,465.876,4.18
CBM_dist,27,reserve,2080,467.761,4.197
CBM_dist,27,reserve,2081,469.605,4.215
CBM_dist,27,reserve,2082,471.408,4.232
CBM_dist,27,reserve,2083,473.171,4.248
CBM_dist,27,reserve,2084,474.893,4.264
CBM_dist,27,reserve,2085,476.567,4.28
CBM_dist,27,reserve,2086,478.189,4.295
CBM_dist,27,reserve,2087,479.765,4.31
CBM_dist,27,reserve,2088,481.274,4.325
CBM_dist,27,reserve,2089,482.733,4.338
CBM_dist,27,reserve,2090,484.143,4.352
CBM_dist,27,reserve,2091,485.501,4.365
CBM_dist,27,reserve,2092,486.812,4.377
CBM_dist,27,reserve,2093,488.071,4.39
CBM_dist,27,reserve,2094,489.28,4.401
CBM_dist,27,reserve,2095,490.464,4.413
CBM_dist,27,reserve,2096,491.626,4.424
CBM_dist,27,reserve,2097,492.762,4.435
CBM_dist,27,reserve,2098,493.892,4.446
CBM_dist,27,reserve,2099,494.998,4.457
CBM_dist,27,reserve,2100,496.081,4.467
CBM_dist,28,reserve,2025,523.05,6.015
CBM_dist,28,reserve,2026,528.994,6.085
CBM_dist,28,reserve,2027,534.868,6.153
CBM_dist,28,reserve,2028,540.674,6.222
CBM_dist,28,reserve,2029,546.412,6.289
CBM_dist,28,reserve,2030,552.084,6.355
CBM_dist,28,reserve,2031,557.689,6.421
CBM_dist,28,reserve,2032,563.229,6.486
CBM_dist,28,reserve,2033,568.705,6.551
CBM_dist,28,reserve,2034,574.116,6.614
CBM_dist,28,reserve,2035,579.465,6.677
CBM_dist,28,reserve,2036,584.751,6.739
CBM_dist,28,reserve,2037,589.975,6.801
CBM_dist,28,reserve,2038,595.137,6.862
CBM_dist,28,reserve,2039,600.238,6.922
CBM_dist,28,reserve,2040,605.281,6.981
CBM_dist,28,reserve,2041,610.264,7.04
CBM_dist,28,reserve,2042,615.188,7.098
CBM_dist,28,reserve,2043,620.054,7.156
CBM_dist,28,reserve,2044,624.863,7.213
CBM_dist,28,reserve,2045,629.616,7.269
CBM_dist,28,reserve,2046,634.311,7.325
CBM_dist,28,reserve,2047,638.951,7.38
CBM_dist,28,reserve,2048,643.537,7.434
CBM_dist,28,reserve,2049,648.068,7.488
CBM_dist,28,reserve,2050,652.546,7.541
CBM_dist,28,reserve,2051,656.969,7.594
CBM_dist,28,reserve,2052,661.341,7.646
CBM_dist,28,reserve,2053,665.661,7.697
CBM_dist,28,reserve,2054,669.929,7.748
CBM_dist,28,reserve,2055,674.147,7.799
CBM_dist,28,reserve,2056,678.313,7.848
CBM_dist,28,reserve,2057,682.43,7.898
CBM_dist,28,reserve,2058,686.499,7.946
CBM_dist,28,reserve,2059,690.517,7.994
CBM_dist,28,reserve,2060,694.488,8.042
CBM_dist,28,reserve,2061,698.411,8.089
CBM_dist,28,reserve,2062,702.288,8.136
CBM_dist,28,reserve,2063,706.116,8.182
CBM_dist,28,reserve,2064,709.9,8.227
CBM_dist,28,reserve,2065,713.637,8.272
CBM_dist,28,reserve,2066,717.329,8.317
CBM_dist,28,reserve,2067,720.977,8.361
CBM_dist,28,reserve,2068,724.58,8.404
CBM_dist,28,reserve,2069,728.14,8.447
CBM_dist,28,reserve,2070,731.656,8.49
CBM_dist,28,reserve,2071,735.13,8.532
CBM_dist,28,reserve,2072,738.561,8.573
CBM_dist,28,reserve,2073,741.95,8.615
CBM_dist,28,reserve,2074,745.298,8.655
CBM_dist,28,reserve,2075,748.604,8.695
CBM_dist,28,reserve,2076,751.871,8.735
CBM_dist,28,reserve,2077,755.097,8.775
CBM_dist,28,reserve,2078,758.284,8.814
CBM_dist,28,reserve,2079,761.431,8.852
CBM_dist,28,reserve,2080,764.539,8.89
CBM_dist,28,reserve,2081,767.609,8.928
CBM_dist,28,reserve,2082,770.641,8.965
CBM_dist,28,reserve,2083,773.636,9.002
CBM_dist,28,reserve,2084,776.592,9.038
CBM_dist,28,reserve,2085,779.513,9.074
CBM_dist,28,reserve,2086,782.396,9.11
CBM_dist,28,reserve,2087,785.244,9.145
CBM_dist,28,reserve,2088,788.057,9.18
CBM_dist,28,reserve,2089,790.833,9.214
CBM_dist,28,reserve,2090,793.576,9.248
CBM_dist,28,reserve,2091,796.283,9.282
CBM_dist,28,reserve,2092,798.957,9.315
CBM_dist,28,reserve,2093,801.597,9.348
CBM_dist,28,reserve,2094,804.203,9.381
CBM_dist,28,reserve,2095,806.776,9.413
CBM_dist,28,reserve,2096,809.317,9.445
CBM_dist,28,reserve,2097,811.825,9.476
CBM_dist,28,reserve,2098,814.301,9.507
CBM_dist,28,reserve,2099,816.746,9.538
CBM_dist,28,reserve,2100,819.159,9.568
CBM_dist,29,reserve,2025,401.36,4.174
CBM_dist,29,reserve,2026,407.166,4.236
CBM_dist,29,reserve,2027,412.93,4.297
CBM_dist,29,reserve,2028,418.653,4.357
CBM_dist,29,reserve,2029,424.335,4.417
CBM_dist,29,reserve,2030,429.975,4.477
CBM_dist,29,reserve,2031,435.575,4.536
CBM_dist,29,reserve,2032,441.135,4.595
CBM_dist,29,reserve,2033,446.656,4.654
CBM_dist,29,reserve,2034,452.136,4.712
CBM_dist,29,reserve,2035,457.577,4.77
CBM_dist,29,reserve,2036,462.978,4.827
CBM_dist,29,reserve,2037,468.341,4.884
CBM_dist,29,reserve,2038,473.664,4.941
CBM_dist,29,reserve,2039,478.949,4.997
CBM_dist,29,reserve,2040,484.196,5.053
CBM_dist,29,reserve,2041,489.404,5.108
CBM_dist,29,reserve,2042,494.575,5.163
CBM_dist,29,reserve,2043,499.708,5.218
CBM_dist,29,reserve,2044,504.805,5.272
CBM_dist,29,reserve,2045,509.863,5.326
CBM_dist,29,reserve,2046,514.886,5.38
CBM_dist,29,reserve,2047,519.871,5.433
CBM_dist,29,reserve,2048,524.82,5.486
CBM_dist,29,reserve,2049,529.734,5.539
CBM_dist,29,reserve,2050,534.611,5.591
CBM_dist,29,reserve,2051,539.452,5.643
CBM_dist,29,reserve,2052,544.259,5.694
CBM_dist,29,reserve,2053,549.029,5.745
CBM_dist,29,reserve,2054,553.765,5.796
CBM_dist,29,reserve,2055,558.466,5.847
CBM_dist,29,reserve,2056,563.133,5.897
CBM_dist,29,reserve,2057,567.766,5.946
CBM_dist,29,reserve,2058,572.364,5.996
CBM_dist,29,reserve,2059,576.928,6.045
CBM_dist,29,reserve,2060,581.458,6.094
CBM_dist,29,reserve,2061,585.955,6.142
CBM_dist,29,reserve,2062,590.419,6.19
CBM_dist,29,reserve,2063,594.85,6.238
CBM_dist,29,reserve,2064,599.248,6.285
CBM_dist,29,reserve,2065,603.614,6.333
CBM_dist,29,reserve,2066,607.948,6.379
CBM_dist,29,reserve,2067,612.248,6.426
CBM_dist,29,reserve,2068,616.517,6.472
CBM_dist,29,reserve,2069,620.755,6.518
CBM_dist,29,reserve,2070,624.96,6.564
CBM_dist,29,reserve,2071,629.134,6.609
CBM_dist,29,reserve,2072,633.278,6.654
CBM_dist,29,reserve,2073,637.39,6.699
CBM_dist,29,reserve,2074,641.471,6.743
CBM_dist,29,reserve,2075,645.522,6.787
CBM_dist,29,reserve,2076,649.542,6.831
CBM_dist,29,reserve,2077,653.532,6.874
CBM_dist,29,reserve,2078,657.492,6.917
CBM_dist,29,reserve,2079,661.423,6.96
CBM_dist,29,reserve,2080,665.323,7.003
CBM_dist,29,reserve,2081,669.195,7.045
CBM_dist,29,reserve,2082,673.037,7.087
CBM_dist,29,reserve,2083,676.85,7.129
CBM_dist,29,reserve,2084,680.634,7.17
CBM_dist,29,reserve,2085,684.39,7.211
CBM_dist,29,reserve,2086,688.117,7.252
CBM_dist,29,reserve,2087,691.816,7.293
CBM_dist,29,reserve,2088,695.486,7.333
CBM_dist,29,reserve,2089,699.13,7.373
CBM_dist,29,reserve,2090,702.744,7.413
CBM_dist,29,reserve,2091,706.331,7.453
CBM_dist,29,reserve,2092,709.891,7.492
CBM_dist,29,reserve,2093,713.424,7.531
CBM_dist,29,reserve,2094,716.929,7.57
CBM_dist,29,reserve,2095,720.408,7.608
CBM_dist,29,reserve,2096,723.86,7.646
CBM_dist,29,reserve,2097,727.286,7.684
CBM_dist,29,reserve,2098,730.684,7.722
CBM_dist,29,reserve,2099,734.057,7.76
CBM_dist,29,reserve,2100,737.404,7.797
CBM_dist,30,reserve,2025,395.97,4.554
CBM_dist,30,reserve,2026,402.949,4.639
CBM_dist,30,reserve,2027,409.826,4.723
CBM_dist,30,reserve,2028,416.6,4.806
CBM_dist,30,reserve,2029,423.272,4.889
CBM_dist,30,reserve,2030,429.841,4.97
CBM_dist,30,reserve,2031,436.305,5.051
CBM_dist,30,reserve,2032,442.666,5.13
CBM_dist,30,reserve,2033,448.922,5.209
CBM_dist,30,reserve,2034,455.073,5.286
CBM_dist,30,reserve,2035,461.108,5.363
CBM_dist,30,reserve,2036,467.029,5.438
CBM_dist,30,reserve,2037,472.835,5.512
CBM_dist,30,reserve,2038,478.525,5.586
CBM_dist,30,reserve,2039,484.099,5.658
CBM_dist,30,reserve,2040,489.556,5.729
CBM_dist,30,reserve,2041,494.898,5.799
CBM_dist,30,reserve,2042,500.122,5.868
CBM_dist,30,reserve,2043,505.23,5.935
CBM_dist,30,reserve,2044,510.22,6.002
CBM_dist,30,reserve,2045,515.098,6.068
CBM_dist,30,reserve,2046,519.859,6.132
CBM_dist,30,reserve,2047,524.508,6.196
CBM_dist,30,reserve,2048,529.041,6.258
CBM_dist,30,reserve,2049,533.46,6.32
CBM_dist,30,reserve,2050,537.765,6.38
CBM_dist,30,reserve,2051,541.954,6.439
CBM_dist,30,reserve,2052,546.029,6.498
CBM_dist,30,reserve,2053,549.989,6.555
CBM_dist,30,reserve,2054,553.833,6.611
CBM_dist,30,reserve,2055,557.58,6.666
CBM_dist,30,reserve,2056,561.227,6.721
CBM_dist,30,reserve,2057,564.775,6.774
CBM_dist,30,reserve,2058,568.226,6.827
CBM_dist,30,reserve,2059,571.577,6.879
CBM_dist,30,reserve,2060,574.829,6.93
CBM_dist,30,reserve,2061,577.983,6.98
CBM_dist,30,reserve,2062,581.037,7.029
CBM_dist,30,reserve,2063,583.993,7.077
CBM_dist,30,reserve,2064,586.85,7.124
CBM_dist,30,reserve,2065,589.616,7.171
CBM_dist,30,reserve,2066,592.29,7.217
CBM_dist,30,reserve,2067,594.872,7.262
CBM_dist,30,reserve,2068,597.362,7.306
CBM_dist,30,reserve,2069,599.761,7.35
CBM_dist,30,reserve,2070,602.068,7.392
CBM_dist,30,reserve,2071,604.284,7.434
CBM_dist,30,reserve,2072,606.407,7.475
CBM_dist,30,reserve,2073,608.441,7.516
CBM_dist,30,reserve,2074,610.383,7.555
CBM_dist,30,reserve,2075,612.246,7.594
CBM_dist,30,reserve,2076,614.03,7.632
CBM_dist,30,reserve,2077,615.736,7.67
CBM_dist,30,reserve,2078,617.364,7.706
CBM_dist,30,reserve,2079,618.913,7.743
CBM_dist,30,reserve,2080,620.383,7.778
CBM_dist,30,reserve,2081,621.776,7.813
CBM_dist,30,reserve,2082,623.092,7.847
CBM_dist,30,reserve,2083,624.328,7.881
CBM_dist,30,reserve,2084,625.487,7.914
CBM_dist,30,reserve,2085,626.57,7.946
CBM_dist,30,reserve,2086,627.578,7.978
CBM_dist,30,reserve,2087,628.51,8.009
CBM_dist,30,reserve,2088,629.365,8.04
CBM_dist,30,reserve,2089,630.145,8.069
CBM_dist,30,reserve,2090,630.85,8.099
CBM_dist,30,reserve,2091,631.481,8.127
CBM_dist,30,reserve,2092,632.036,8.155
CBM_dist,30,reserve,2093,632.517,8.182
CBM_dist,30,reserve,2094,632.922,8.209
CBM_dist,30,reserve,2095,633.267,8.235
CBM_dist,30,reserve,2096,633.548,8.261
CBM_dist,30,reserve,2097,633.769,8.286
CBM_dist,30,reserve,2098,633.926,8.31
CBM_dist,30,reserve,2099,634.024,8.335
CBM_dist,30,reserve,2100,634.06,8.358
CBM_dist,31,reserve,2025,22.4,1.284
CBM_dist,31,reserve,2026,22.746,1.304
CBM_dist,31,reserve,2027,23.088,1.323
CBM_dist,31,reserve,2028,23.426,1.343
CBM_dist,31,reserve,2029,23.761,1.362
CBM_dist,31,reserve,2030,24.093,1.382
CBM_dist,31,reserve,2031,24.42,1.401
CBM_dist,31,reserve,2032,24.745,1.42
CBM_dist,31,reserve,2033,25.067,1.438
CBM_dist,31,reserve,2034,25.385,1.457
CBM_dist,31,reserve,2035,25.699,1.475
CBM_dist,31,reserve,2036,26.009,1.493
CBM_dist,31,reserve,2037,26.315,1.511
CBM_dist,31,reserve,2038,26.618,1.529
CBM_dist,31,reserve,2039,26.916,1.546
CBM_dist,31,reserve,2040,27.211,1.563
CBM_dist,31,reserve,2041,27.503,1.58
CBM_dist,31,reserve,2042,27.789,1.597
CBM_dist,31,reserve,2043,28.074,1.614
CBM_dist,31,reserve,2044,28.353,1.63
CBM_dist,31,reserve,2045,28.63,1.646
CBM_dist,31,reserve,2046,28.902,1.662
CBM_dist,31,reserve,2047,29.17,1.678
CBM_dist,31,reserve,2048,29.435,1.693
CBM_dist,31,reserve,2049,29.696,1.708
CBM_dist,31,reserve,2050,29.953,1.724
CBM_dist,31,reserve,2051,30.206,1.738
CBM_dist,31,reserve,2052,30.456,1.753
CBM_dist,31,reserve,2053,30.702,1.768
CBM_dist,31,reserve,2054,30.944,1.782
CBM_dist,31,reserve,2055,31.184,1.796
CBM_dist,31,reserve,2056,31.419,1.81
CBM_dist,31,reserve,2057,31.652,1.823
CBM_dist,31,reserve,2058,31.881,1.837
CBM_dist,31,reserve,2059,32.107,1.85
CBM_dist,31,reserve,2060,32.331,1.863
CBM_dist,31,reserve,2061,32.55,1.876
CBM_dist,31,reserve,2062,32.767,1.889
CBM_dist,31,reserve,2063,32.98,1.902
CBM_dist,31,reserve,2064,33.191,1.914
CBM_dist,31,reserve,2065,33.398,1.927
CBM_dist,31,reserve,2066,33.603,1.939
CBM_dist,31,reserve,2067,33.804,1.951
CBM_dist,31,reserve,2068,34.003,1.962
CBM_dist,31,reserve,2069,34.197,1.974
CBM_dist,31,reserve,2070,34.39,1.985
CBM_dist,31,reserve,2071,34.579,1.997
CBM_dist,31,reserve,2072,34.765,2.008
CBM_dist,31,reserve,2073,34.947,2.019
CBM_dist,31,reserve,2074,35.128,2.03
CBM_dist,31,reserve,2075,35.305,2.04
CBM_dist,31,reserve,2076,35.48,2.051
CBM_dist,31,reserve,2077,35.652,2.061
CBM_dist,31,reserve,2078,35.823,2.071
CBM_dist,31,reserve,2079,35.989,2.081
CBM_dist,31,reserve,2080,36.154,2.091
CBM_dist,31,reserve,2081,36.315,2.101
CBM_dist,31,reserve,2082,36.474,2.11
CBM_dist,31,reserve,2083,36.631,2.12
CBM_dist,31,reserve,2084,36.785,2.129
CBM_dist,31,reserve,2085,36.936,2.138
CBM_dist,31,reserve,2086,37.085,2.147
CBM_dist,31,reserve,2087,37.232,2.156
CBM_dist,31,reserve,2088,37.375,2.165
CBM_dist,31,reserve,2089,37.515,2.173
CBM_dist,31,reserve,2090,37.654,2.182
CBM_dist,31,reserve,2091,37.789,2.19
CBM_dist,31,reserve,2092,37.922,2.198
CBM_dist,31,reserve,2093,38.052,2.206
CBM_dist,31,reserve,2094,38.181,2.214
CBM_dist,31,reserve,2095,38.306,2.222
CBM_dist,31,reserve,2096,38.43,2.229
CBM_dist,31,reserve,2097,38.551,2.237
CBM_dist,31,reserve,2098,38.669,2.244
CBM_dist,31,reserve,2099,38.786,2.251
CBM_dist,31,reserve,2100,38.901,2.258
CBM_dist,32,reserve,2025,54.14,1.186
CBM_dist,32,reserve,2026,54.886,1.202
CBM_dist,32,reserve,2027,55.622,1.218
CBM_dist,32,reserve,2028,56.349,1.234
CBM_dist,32,reserve,2029,57.067,1.25
CBM_dist,32,reserve,2030,57.776,1.266
CBM_dist,32,reserve,2031,58.476,1.281
CBM_dist,32,reserve,2032,59.166,1.296
CBM_dist,32,reserve,2033,59.847,1.311
CBM_dist,32,reserve,2034,60.519,1.326
CBM_dist,32,reserve,2035,61.18,1.34
CBM_dist,32,reserve,2036,61.832,1.355
CBM_dist,32,reserve,2037,62.473,1.369
CBM_dist,32,reserve,2038,63.104,1.383
CBM_dist,32,reserve,2039,63.727,1.396
CBM_dist,32,reserve,2040,64.338,1.41
CBM_dist,32,reserve,2041,64.94,1.423
CBM_dist,32,reserve,2042,65.531,1.436
CBM_dist,32,reserve,2043,66.113,1.449
CBM_dist,32,reserve,2044,66.685,1.461
CBM_dist,32,reserve,2045,67.247,1.474
CBM_dist,32,reserve,2046,67.8,1.486
CBM_dist,32,reserve,2047,68.343,1.498
CBM_dist,32,reserve,2048,68.877,1.51
CBM_dist,32,reserve,2049,69.401,1.521
CBM_dist,32,reserve,2050,69.916,1.533
CBM_dist,32,reserve,2051,70.421,1.544
CBM_dist,32,reserve,2052,70.917,1.555
CBM_dist,32,reserve,2053,71.403,1.565
CBM_dist,32,reserve,2054,71.88,1.576
CBM_dist,32,reserve,2055,72.349,1.586
CBM_dist,32,reserve,2056,72.81,1.597
CBM_dist,32,reserve,2057,73.263,1.607
CBM_dist,32,reserve,2058,73.709,1.616
CBM_dist,32,reserve,2059,74.147,1.626
CBM_dist,32,reserve,2060,74.576,1.636
CBM_dist,32,reserve,2061,74.999,1.645
CBM_dist,32,reserve,2062,75.414,1.654
CBM_dist,32,reserve,2063,75.82,1.663
CBM_dist,32,reserve,2064,76.218,1.672
CBM_dist,32,reserve,2065,76.611,1.681
CBM_dist,32,reserve,2066,76.995,1.689
CBM_dist,32,reserve,2067,77.373,1.698
CBM_dist,32,reserve,2068,77.743,1.706
CBM_dist,32,reserve,2069,78.107,1.714
CBM_dist,32,reserve,2070,78.464,1.722
CBM_dist,32,reserve,2071,78.814,1.73
CBM_dist,32,reserve,2072,79.157,1.737
CBM_dist,32,reserve,2073,79.493,1.745
CBM_dist,32,reserve,2074,79.822,1.752
CBM_dist,32,reserve,2075,80.145,1.759
CBM_dist,32,reserve,2076,80.462,1.766
CBM_dist,32,reserve,2077,80.774,1.773
CBM_dist,32,reserve,2078,81.08,1.78
CBM_dist,32,reserve,2079,81.38,1.787
CBM_dist,32,reserve,2080,81.675,1.793
CBM_dist,32,reserve,2081,81.964,1.8
CBM_dist,32,reserve,2082,82.247,1.806
CBM_dist,32,reserve,2083,82.524,1.812
CBM_dist,32,reserve,2084,82.796,1.818
CBM_dist,32,reserve,2085,83.061,1.824
CBM_dist,32,reserve,2086,83.322,1.83
CBM_dist,32,reserve,2087,83.578,1.836
CBM_dist,32,reserve,2088,83.827,1.841
CBM_dist,32,reserve,2089,84.072,1.847
CBM_dist,32,reserve,2090,84.311,1.852
CBM_dist,32,reserve,2091,84.545,1.858
CBM_dist,32,reserve,2092,84.772,1.863
CBM_dist,32,reserve,2093,84.995,1.868
CBM_dist,32,reserve,2094,85.212,1.873
CBM_dist,32,reserve,2095,85.424,1.877
CBM_dist,32,reserve,2096,85.633,1.882
CBM_dist,32,reserve,2097,85.837,1.887
CBM_dist,32,reserve,2098,86.038,1.891
CBM_dist,32,reserve,2099,86.234,1.896
CBM_dist,32,reserve,2100,86.424,1.9
CBM_dist,33,reserve,2025,153.16,2.542
CBM_dist,33,reserve,2026,154.542,2.566
CBM_dist,33,reserve,2027,155.9,2.589
CBM_dist,33,reserve,2028,157.234,2.612
CBM_dist,33,reserve,2029,158.545,2.635
CBM_dist,33,reserve,2030,159.835,2.657
CBM_dist,33,reserve,2031,161.101,2.678
CBM_dist,33,reserve,2032,162.344,2.7
CBM_dist,33,reserve,2033,163.567,2.721
CBM_dist,33,reserve,2034,164.768,2.742
CBM_dist,33,reserve,2035,165.948,2.762
CBM_dist,33,reserve,2036,167.108,2.782
CBM_dist,33,reserve,2037,168.247,2.802
CBM_dist,33,reserve,2038,169.367,2.821
CBM_dist,33,reserve,2039,170.466,2.84
CBM_dist,33,reserve,2040,171.546,2.859
CBM_dist,33,reserve,2041,172.608,2.877
CBM_dist,33,reserve,2042,173.65,2.895
CBM_dist,33,reserve,2043,174.675,2.913
CBM_dist,33,reserve,2044,175.681,2.93
CBM_dist,33,reserve,2045,176.669,2.948
CBM_dist,33,reserve,2046,177.641,2.965
CBM_dist,33,reserve,2047,178.594,2.981
CBM_dist,33,reserve,2048,179.531,2.998
CBM_dist,33,reserve,2049,180.451,3.014
CBM_dist,33,reserve,2050,181.354,3.03
CBM_dist,33,reserve,2051,182.242,3.045
CBM_dist,33,reserve,2052,183.114,3.061
CBM_dist,33,reserve,2053,183.97,3.076
CBM_dist,33,reserve,2054,184.811,3.09
CBM_dist,33,reserve,2055,185.637,3.105
CBM_dist,33,reserve,2056,186.447,3.119
CBM_dist,33,reserve,2057,187.244,3.133
CBM_dist,33,reserve,2058,188.026,3.147
CBM_dist,33,reserve,2059,188.793,3.161
CBM_dist,33,reserve,2060,189.548,3.174
CBM_dist,33,reserve,2061,190.288,3.188
CBM_dist,33,reserve,2062,191.014,3.201
CBM_dist,33,reserve,2063,191.727,3.213
CBM_dist,33,reserve,2064,192.428,3.226
CBM_dist,33,reserve,2065,193.116,3.238
CBM_dist,33,reserve,2066,193.791,3.25
CBM_dist,33,reserve,2067,194.453,3.262
CBM_dist,33,reserve,2068,195.104,3.274
CBM_dist,33,reserve,2069,195.742,3.286
CBM_dist,33,reserve,2070,196.369,3.297
CBM_dist,33,reserve,2071,196.984,3.308
CBM_dist,33,reserve,2072,197.588,3.319
CBM_dist,33,reserve,2073,198.179,3.33
CBM_dist,33,reserve,2074,198.761,3.341
CBM_dist,33,reserve,2075,199.331,3.351
CBM_dist,33,reserve,2076,199.891,3.361
CBM_dist,33,reserve,2077,200.44,3.372
CBM_dist,33,reserve,2078,200.979,3.381
CBM_dist,33,reserve,2079,201.508,3.391
CBM_dist,33,reserve,2080,202.026,3.401
CBM_dist,33,reserve,2081,202.536,3.41
CBM_dist,33,reserve,2082,203.035,3.42
CBM_dist,33,reserve,2083,203.524,3.429
CBM_dist,33,reserve,2084,204.004,3.438
CBM_dist,33,reserve,2085,204.476,3.447
CBM_dist,33,reserve,2086,204.937,3.455
CBM_dist,33,reserve,2087,205.39,3.464
CBM_dist,33,reserve,2088,205.834,3.472
CBM_dist,33,reserve,2089,206.27,3.481
CBM_dist,33,reserve,2090,206.697,3.489
CBM_dist,33,reserve,2091,207.115,3.497
CBM_dist,33,reserve,2092,207.526,3.505
CBM_dist,33,reserve,2093,207.928,3.512
CBM_dist,33,reserve,2094,208.323,3.52
CBM_dist,33,reserve,2095,208.708,3.528
CBM_dist,33,reserve,2096,209.087,3.535
CBM_dist,33,reserve,2097,209.458,3.542
CBM_dist,33,reserve,2098,209.822,3.549
CBM_dist,33,reserve,2099,210.178,3.556
CBM_dist,33,reserve,2100,210.527,3.563
CBM_dist,34,reserve,2025,59.18,1.479
CBM_dist,34,reserve,2026,59.888,1.498
CBM_dist,34,reserve,2027,60.59,1.516
CBM_dist,34,reserve,2028,61.287,1.534
CBM_dist,34,reserve,2029,61.978,1.552
CBM_dist,34,reserve,2030,62.664,1.569
CBM_dist,34,reserve,2031,63.346,1.587
CBM_dist,34,reserve,2032,64.023,1.604
CBM_dist,34,reserve,2033,64.694,1.622
CBM_dist,34,reserve,2034,65.36,1.639
CBM_dist,34,reserve,2035,66.022,1.656
CBM_dist,34,reserve,2036,66.679,1.673
CBM_dist,34,reserve,2037,67.33,1.69
CBM_dist,34,reserve,2038,67.976,1.707
CBM_dist,34,reserve,2039,68.618,1.724
CBM_dist,34,reserve,2040,69.255,1.74
CBM_dist,34,reserve,2041,69.888,1.757
CBM_dist,34,reserve,2042,70.514,1.773
CBM_dist,34,reserve,2043,71.138,1.789
CBM_dist,34,reserve,2044,71.756,1.805
CBM_dist,34,reserve,2045,72.369,1.821
CBM_dist,34,reserve,2046,72.978,1.837
CBM_dist,34,reserve,2047,73.582,1.853
CBM_dist,34,reserve,2048,74.181,1.869
CBM_dist,34,reserve,2049,74.777,1.884
CBM_dist,34,reserve,2050,75.367,1.9
CBM_dist,34,reserve,2051,75.953,1.915
CBM_dist,34,reserve,2052,76.534,1.931
CBM_dist,34,reserve,2053,77.111,1.946
CBM_dist,34,reserve,2054,77.684,1.961
CBM_dist,34,reserve,2055,78.253,1.976
CBM_dist,34,reserve,2056,78.816,1.991
CBM_dist,34,reserve,2057,79.376,2.005
CBM_dist,34,reserve,2058,79.932,2.02
CBM_dist,34,reserve,2059,80.483,2.035
CBM_dist,34,reserve,2060,81.03,2.049
CBM_dist,34,reserve,2061,81.573,2.063
CBM_dist,34,reserve,2062,82.111,2.078
CBM_dist,34,reserve,2063,82.645,2.092
CBM_dist,34,reserve,2064,83.175,2.106
CBM_dist,34,reserve,2065,83.702,2.12
CBM_dist,34,reserve,2066,84.223,2.134
CBM_dist,34,reserve,2067,84.742,2.148
CBM_dist,34,reserve,2068,85.255,2.161
CBM_dist,34,reserve,2069,85.766,2.175
CBM_dist,34,reserve,2070,86.272,2.189
CBM_dist,34,reserve,2071,86.774,2.202
CBM_dist,34,reserve,2072,87.272,2.215
CBM_dist,34,reserve,2073,87.766,2.229
CBM_dist,34,reserve,2074,88.256,2.242
CBM_dist,34,reserve,2075,88.743,2.255
CBM_dist,34,reserve,2076,89.225,2.268
CBM_dist,34,reserve,2077,89.705,2.281
CBM_dist,34,reserve,2078,90.18,2.293
CBM_dist,34,reserve,2079,90.651,2.306
CBM_dist,34,reserve,2080,91.12,2.319
CBM_dist,34,reserve,2081,91.583,2.331
CBM_dist,34,reserve,2082,92.043,2.344
CBM_dist,34,reserve,2083,92.5,2.356
CBM_dist,34,reserve,2084,92.953,2.368
CBM_dist,34,reserve,2085,93.402,2.381
CBM_dist,34,reserve,2086,93.849,2.393
CBM_dist,34,reserve,2087,94.29,2.405
CBM_dist,34,reserve,2088,94.729,2.417
CBM_dist,34,reserve,2089,95.165,2.429
CBM_dist,34,reserve,2090,95.597,2.441
CBM_dist,34,reserve,2091,96.025,2.452
CBM_dist,34,reserve,2092,96.45,2.464
CBM_dist,34,reserve,2093,96.871,2.475
CBM_dist,34,reserve,2094,97.289,2.487
CBM_dist,34,reserve,2095,97.704,2.498
CBM_dist,34,reserve,2096,98.116,2.51
CBM_dist,34,reserve,2097,98.523,2.521
CBM_dist,34,reserve,2098,98.928,2.532
CBM_dist,34,reserve,2099,99.329,2.543
CBM_dist,34,reserve,2100,99.728,2.554
CBM_dist,35,reserve,2025,160.7,2.491
CBM_dist,35,reserve,2026,163.588,2.537
CBM_dist,35,reserve,2027,166.437,2.583
CBM_dist,35,reserve,2028,169.247,2.628
CBM_dist,35,reserve,2029,172.015,2.673
CBM_dist,35,reserve,2030,174.742,2.717
CBM_dist,35,reserve,2031,177.43,2.761
CBM_dist,35,reserve,2032,180.076,2.804
CBM_dist,35,reserve,2033,182.682,2.846
CBM_dist,35,reserve,2034,185.248,2.888
CBM_dist,35,reserve,2035,187.768,2.929
CBM_dist,35,reserve,2036,190.174,2.969
CBM_dist,35,reserve,2037,192.54,3.008
CBM_dist,35,reserve,2038,194.867,3.046
CBM_dist,35,reserve,2039,197.153,3.084
CBM_dist,35,reserve,2040,199.4,3.122
CBM_dist,35,reserve,2041,201.604,3.159
CBM_dist,35,reserve,2042,203.768,3.195
CBM_dist,35,reserve,2043,205.891,3.231
CBM_dist,35,reserve,2044,207.973,3.266
CBM_dist,35,reserve,2045,210.014,3.301
CBM_dist,35,reserve,2046,212.014,3.335
CBM_dist,35,reserve,2047,213.974,3.368
CBM_dist,35,reserve,2048,215.892,3.401
CBM_dist,35,reserve,2049,217.769,3.434
CBM_dist,35,reserve,2050,219.606,3.466
CBM_dist,35,reserve,2051,221.401,3.497
CBM_dist,35,reserve,2052,223.155,3.528
CBM_dist,35,reserve,2053,224.867,3.558
CBM_dist,35,reserve,2054,226.538,3.588
CBM_dist,35,reserve,2055,228.173,3.617
CBM_dist,35,reserve,2056,229.774,3.646
CBM_dist,35,reserve,2057,231.338,3.674
CBM_dist,35,reserve,2058,232.867,3.702
CBM_dist,35,reserve,2059,234.361,3.729
CBM_dist,35,reserve,2060,235.818,3.756
CBM_dist,35,reserve,2061,237.241,3.782
CBM_dist,35,reserve,2062,238.628,3.808
CBM_dist,35,reserve,2063,239.98,3.834
CBM_dist,35,reserve,2064,241.295,3.859
CBM_dist,35,reserve,2065,242.578,3.883
CBM_dist,35,reserve,2066,243.828,3.908
CBM_dist,35,reserve,2067,245.046,3.931
CBM_dist,35,reserve,2068,246.23,3.955
CBM_dist,35,reserve,2069,247.382,3.978
CBM_dist,35,reserve,2070,248.501,4
CBM_dist,35,reserve,2071,249.587,4.022
CBM_dist,35,reserve,2072,250.64,4.044
CBM_dist,35,reserve,2073,251.66,4.065
CBM_dist,35,reserve,2074,252.648,4.086
CBM_dist,35,reserve,2075,253.609,4.106
CBM_dist,35,reserve,2076,254.541,4.126
CBM_dist,35,reserve,2077,255.444,4.146
CBM_dist,35,reserve,2078,256.32,4.165
CBM_dist,35,reserve,2079,257.168,4.185
CBM_dist,35,reserve,2080,257.99,4.203
CBM_dist,35,reserve,2081,258.781,4.222
CBM_dist,35,reserve,2082,259.546,4.24
CBM_dist,35,reserve,2083,260.283,4.257
CBM_dist,35,reserve,2084,260.992,4.275
CBM_dist,35,reserve,2085,261.674,4.292
CBM_dist,35,reserve,2086,262.329,4.308
CBM_dist,35,reserve,2087,262.958,4.325
CBM_dist,35,reserve,2088,263.559,4.341
CBM_dist,35,reserve,2089,264.134,4.356
CBM_dist,35,reserve,2090,264.681,4.372
CBM_dist,35,reserve,2091,265.203,4.387
CBM_dist,35,reserve,2092,265.697,4.401
CBM_dist,35,reserve,2093,266.165,4.415
CBM_dist,35,reserve,2094,266.606,4.429
CBM_dist,35,reserve,2095,267.026,4.443
CBM_dist,35,reserve,2096,267.422,4.457
CBM_dist,35,reserve,2097,267.798,4.47
CBM_dist,35,reserve,2098,268.151,4.483
CBM_dist,35,reserve,2099,268.482,4.495
CBM_dist,35,reserve,2100,268.792,4.508
CBM_dist,36,reserve,2025,592.43,6.161
CBM_dist,36,reserve,2026,597.94,6.221
CBM_dist,36,reserve,2027,603.402,6.279
CBM_dist,36,reserve,2028,608.819,6.338
CBM_dist,36,reserve,2029,614.19,6.396
CBM_dist,36,reserve,2030,619.517,6.453
CBM_dist,36,reserve,2031,624.798,6.51
CBM_dist,36,reserve,2032,630.035,6.567
CBM_dist,36,reserve,2033,635.226,6.623
CBM_dist,36,reserve,2034,640.375,6.679
CBM_dist,36,reserve,2035,645.479,6.734
CBM_dist,36,reserve,2036,650.541,6.789
CBM_dist,36,reserve,2037,655.56,6.843
CBM_dist,36,reserve,2038,660.536,6.897
CBM_dist,36,reserve,2039,665.47,6.951
CBM_dist,36,reserve,2040,670.361,7.004
CBM_dist,36,reserve,2041,675.211,7.057
CBM_dist,36,reserve,2042,680.019,7.109
CBM_dist,36,reserve,2043,684.786,7.161
CBM_dist,36,reserve,2044,689.513,7.213
CBM_dist,36,reserve,2045,694.2,7.264
CBM_dist,36,reserve,2046,698.846,7.315
CBM_dist,36,reserve,2047,703.452,7.365
CBM_dist,36,reserve,2048,708.019,7.415
CBM_dist,36,reserve,2049,712.546,7.465
CBM_dist,36,reserve,2050,717.035,7.514
CBM_dist,36,reserve,2051,721.484,7.563
CBM_dist,36,reserve,2052,725.896,7.612
CBM_dist,36,reserve,2053,730.269,7.66
CBM_dist,36,reserve,2054,734.604,7.707
CBM_dist,36,reserve,2055,738.902,7.755
CBM_dist,36,reserve,2056,743.163,7.802
CBM_dist,36,reserve,2057,747.385,7.848
CBM_dist,36,reserve,2058,751.573,7.895
CBM_dist,36,reserve,2059,755.723,7.941
CBM_dist,36,reserve,2060,759.838,7.986
CBM_dist,36,reserve,2061,763.916,8.031
CBM_dist,36,reserve,2062,767.958,8.076
CBM_dist,36,reserve,2063,771.965,8.121
CBM_dist,36,reserve,2064,775.938,8.165
CBM_dist,36,reserve,2065,779.874,8.209
CBM_dist,36,reserve,2066,783.777,8.252
CBM_dist,36,reserve,2067,787.646,8.296
CBM_dist,36,reserve,2068,791.479,8.338
CBM_dist,36,reserve,2069,795.28,8.381
CBM_dist,36,reserve,2070,799.046,8.423
CBM_dist,36,reserve,2071,802.779,8.465
CBM_dist,36,reserve,2072,806.481,8.506
CBM_dist,36,reserve,2073,810.148,8.548
CBM_dist,36,reserve,2074,813.782,8.589
CBM_dist,36,reserve,2075,817.385,8.629
CBM_dist,36,reserve,2076,820.956,8.669
CBM_dist,36,reserve,2077,824.494,8.709
CBM_dist,36,reserve,2078,828.001,8.749
CBM_dist,36,reserve,2079,831.476,8.788
CBM_dist,36,reserve,2080,834.921,8.827
CBM_dist,36,reserve,2081,838.334,8.866
CBM_dist,36,reserve,2082,841.716,8.905
CBM_dist,36,reserve,2083,845.068,8.943
CBM_dist,36,reserve,2084,848.39,8.98
CBM_dist,36,reserve,2085,851.683,9.018
CBM_dist,36,reserve,2086,854.944,9.055
CBM_dist,36,reserve,2087,858.177,9.092
CBM_dist,36,reserve,2088,861.379,9.129
CBM_dist,36,reserve,2089,864.553,9.165
CBM_dist,36,reserve,2090,867.698,9.201
CBM_dist,36,reserve,2091,870.814,9.237
CBM_dist,36,reserve,2092,873.902,9.273
CBM_dist,36,reserve,2093,876.961,9.308
CBM_dist,36,reserve,2094,879.993,9.343
CBM_dist,36,reserve,2095,882.995,9.378
CBM_dist,36,reserve,2096,885.971,9.412
CBM_dist,36,reserve,2097,888.919,9.447
CBM_dist,36,reserve,2098,891.84,9.481
CBM_dist,36,reserve,2099,894.734,9.514
CBM_dist,36,reserve,2100,897.6,9.548
CBM_dist,37,reserve,2025,568.76,6.598
CBM_dist,37,reserve,2026,573.867,6.658
CBM_dist,37,reserve,2027,578.924,6.719
CBM_dist,37,reserve,2028,583.933,6.778
CBM_dist,37,reserve,2029,588.893,6.837
CBM_dist,37,reserve,2030,593.806,6.896
CBM_dist,37,reserve,2031,598.669,6.954
CBM_dist,37,reserve,2032,603.487,7.012
CBM_dist,37,reserve,2033,608.258,7.069
CBM_dist,37,reserve,2034,612.981,7.125
CBM_dist,37,reserve,2035,617.659,7.181
CBM_dist,37,reserve,2036,622.292,7.237
CBM_dist,37,reserve,2037,626.878,7.292
CBM_dist,37,reserve,2038,631.421,7.346
CBM_dist,37,reserve,2039,635.919,7.4
CBM_dist,37,reserve,2040,640.373,7.454
CBM_dist,37,reserve,2041,644.784,7.507
CBM_dist,37,reserve,2042,649.151,7.559
CBM_dist,37,reserve,2043,653.475,7.611
CBM_dist,37,reserve,2044,657.756,7.663
CBM_dist,37,reserve,2045,661.996,7.714
CBM_dist,37,reserve,2046,666.194,7.765
CBM_dist,37,reserve,2047,670.351,7.815
CBM_dist,37,reserve,2048,674.466,7.865
CBM_dist,37,reserve,2049,678.541,7.914
CBM_dist,37,reserve,2050,682.576,7.963
CBM_dist,37,reserve,2051,686.57,8.011
CBM_dist,37,reserve,2052,690.525,8.059
CBM_dist,37,reserve,2053,694.442,8.106
CBM_dist,37,reserve,2054,698.318,8.154
CBM_dist,37,reserve,2055,702.157,8.2
CBM_dist,37,reserve,2056,705.958,8.246
CBM_dist,37,reserve,2057,709.719,8.292
CBM_dist,37,reserve,2058,713.444,8.338
CBM_dist,37,reserve,2059,717.132,8.383
CBM_dist,37,reserve,2060,720.782,8.427
CBM_dist,37,reserve,2061,724.396,8.471
CBM_dist,37,reserve,2062,727.975,8.515
CBM_dist,37,reserve,2063,731.517,8.558
CBM_dist,37,reserve,2064,735.023,8.601
CBM_dist,37,reserve,2065,738.494,8.644
CBM_dist,37,reserve,2066,741.93,8.686
CBM_dist,37,reserve,2067,745.331,8.728
CBM_dist,37,reserve,2068,748.698,8.769
CBM_dist,37,reserve,2069,752.031,8.81
CBM_dist,37,reserve,2070,755.33,8.851
CBM_dist,37,reserve,2071,758.596,8.891
CBM_dist,37,reserve,2072,761.828,8.931
CBM_dist,37,reserve,2073,765.027,8.971
CBM_dist,37,reserve,2074,768.194,9.01
CBM_dist,37,reserve,2075,771.329,9.049
CBM_dist,37,reserve,2076,774.431,9.088
CBM_dist,37,reserve,2077,777.502,9.126
CBM_dist,37,reserve,2078,780.541,9.164
CBM_dist,37,reserve,2079,783.549,9.201
CBM_dist,37,reserve,2080,786.526,9.238
CBM_dist,37,reserve,2081,789.473,9.275
CBM_dist,37,reserve,2082,792.388,9.311
CBM_dist,37,reserve,2083,795.275,9.347
CBM_dist,37,reserve,2084,798.131,9.383
CBM_dist,37,reserve,2085,800.956,9.419
CBM_dist,37,reserve,2086,803.754,9.454
CBM_dist,37,reserve,2087,806.521,9.489
CBM_dist,37,reserve,2088,809.26,9.523
CBM_dist,37,reserve,2089,811.971,9.557
CBM_dist,37,reserve,2090,814.653,9.591
CBM_dist,37,reserve,2091,817.307,9.625
CBM_dist,37,reserve,2092,819.932,9.658
CBM_dist,37,reserve,2093,822.531,9.691
CBM_dist,37,reserve,2094,825.102,9.724
CBM_dist,37,reserve,2095,827.646,9.756
CBM_dist,37,reserve,2096,830.163,9.788
CBM_dist,37,reserve,2097,832.653,9.82
CBM_dist,37,reserve,2098,835.117,9.852
CBM_dist,37,reserve,2099,837.554,9.883
CBM_dist,37,reserve,2100,839.967,9.914
CBM_dist,38,reserve,2025,10.39,0.753
CBM_dist,38,reserve,2026,10.576,0.767
CBM_dist,38,reserve,2027,10.761,0.78
CBM_dist,38,reserve,2028,10.945,0.794
CBM_dist,38,reserve,2029,11.128,0.807
CBM_dist,38,reserve,2030,11.309,0.821
CBM_dist,38,reserve,2031,11.491,0.834
CBM_dist,38,reserve,2032,11.672,0.847
CBM_dist,38,reserve,2033,11.851,0.86
CBM_dist,38,reserve,2034,12.03,0.874
CBM_dist,38,reserve,2035,12.208,0.887
CBM_dist,38,reserve,2036,12.384,0.9
CBM_dist,38,reserve,2037,12.559,0.912
CBM_dist,38,reserve,2038,12.732,0.925
CBM_dist,38,reserve,2039,12.903,0.938
CBM_dist,38,reserve,2040,13.075,0.95
CBM_dist,38,reserve,2041,13.244,0.963
CBM_dist,38,reserve,2042,13.412,0.975
CBM_dist,38,reserve,2043,13.578,0.988
CBM_dist,38,reserve,2044,13.745,1
CBM_dist,38,reserve,2045,13.909,1.012
CBM_dist,38,reserve,2046,14.071,1.024
CBM_dist,38,reserve,2047,14.232,1.036
CBM_dist,38,reserve,2048,14.391,1.048
CBM_dist,38,reserve,2049,14.549,1.059
CBM_dist,38,reserve,2050,14.705,1.071
CBM_dist,38,reserve,2051,14.859,1.082
CBM_dist,38,reserve,2052,15.012,1.094
CBM_dist,38,reserve,2053,15.164,1.105
CBM_dist,38,reserve,2054,15.314,1.116
CBM_dist,38,reserve,2055,15.462,1.127
CBM_dist,38,reserve,2056,15.609,1.138
CBM_dist,38,reserve,2057,15.754,1.149
CBM_dist,38,reserve,2058,15.898,1.159
CBM_dist,38,reserve,2059,16.04,1.17
CBM_dist,38,reserve,2060,16.18,1.18
CBM_dist,38,reserve,2061,16.319,1.191
CBM_dist,38,reserve,2062,16.457,1.201
CBM_dist,38,reserve,2063,16.592,1.211
CBM_dist,38,reserve,2064,16.726,1.221
CBM_dist,38,reserve,2065,16.858,1.231
CBM_dist,38,reserve,2066,16.99,1.24
CBM_dist,38,reserve,2067,17.119,1.25
CBM_dist,38,reserve,2068,17.247,1.26
CBM_dist,38,reserve,2069,17.373,1.269
CBM_dist,38,reserve,2070,17.497,1.278
CBM_dist,38,reserve,2071,17.62,1.288
CBM_dist,38,reserve,2072,17.742,1.297
CBM_dist,38,reserve,2073,17.862,1.306
CBM_dist,38,reserve,2074,17.979,1.315
CBM_dist,38,reserve,2075,18.096,1.323
CBM_dist,38,reserve,2076,18.212,1.332
CBM_dist,38,reserve,2077,18.326,1.341
CBM_dist,38,reserve,2078,18.437,1.349
CBM_dist,38,reserve,2079,18.548,1.357
CBM_dist,38,reserve,2080,18.658,1.366
CBM_dist,38,reserve,2081,18.765,1.374
CBM_dist,38,reserve,2082,18.871,1.382
CBM_dist,38,reserve,2083,18.976,1.39
CBM_dist,38,reserve,2084,19.08,1.397
CBM_dist,38,reserve,2085,19.181,1.405
CBM_dist,38,reserve,2086,19.281,1.413
CBM_dist,38,reserve,2087,19.38,1.42
CBM_dist,38,reserve,2088,19.478,1.428
CBM_dist,38,reserve,2089,19.574,1.435
CBM_dist,38,reserve,2090,19.668,1.442
CBM_dist,38,reserve,2091,19.761,1.449
CBM_dist,38,reserve,2092,19.854,1.456
CBM_dist,38,reserve,2093,19.944,1.463
CBM_dist,38,reserve,2094,20.033,1.47
CBM_dist,38,reserve,2095,20.121,1.477
CBM_dist,38,reserve,2096,20.207,1.483
CBM_dist,38,reserve,2097,20.292,1.49
CBM_dist,38,reserve,2098,20.375,1.496
CBM_dist,38,reserve,2099,20.458,1.503
CBM_dist,38,reserve,2100,20.54,1.509
CBM_dist,39,reserve,2025,250.86,4.917
CBM_dist,39,reserve,2026,253.482,4.969
CBM_dist,39,reserve,2027,256.085,5.022
CBM_dist,39,reserve,2028,258.669,5.074
CBM_dist,39,reserve,2029,261.235,5.125
CBM_dist,39,reserve,2030,263.782,5.176
CBM_dist,39,reserve,2031,266.31,5.227
CBM_dist,39,reserve,2032,268.82,5.278
CBM_dist,39,reserve,2033,271.312,5.328
CBM_dist,39,reserve,2034,273.785,5.377
CBM_dist,39,reserve,2035,276.24,5.427
CBM_dist,39,reserve,2036,278.679,5.476
CBM_dist,39,reserve,2037,281.098,5.525
CBM_dist,39,reserve,2038,283.501,5.573
CBM_dist,39,reserve,2039,285.885,5.621
CBM_dist,39,reserve,2040,288.253,5.669
CBM_dist,39,reserve,2041,290.603,5.717
CBM_dist,39,reserve,2042,292.935,5.764
CBM_dist,39,reserve,2043,295.251,5.811
CBM_dist,39,reserve,2044,297.549,5.857
CBM_dist,39,reserve,2045,299.831,5.903
CBM_dist,39,reserve,2046,302.096,5.949
CBM_dist,39,reserve,2047,304.344,5.995
CBM_dist,39,reserve,2048,306.576,6.04
CBM_dist,39,reserve,2049,308.791,6.085
CBM_dist,39,reserve,2050,310.99,6.13
CBM_dist,39,reserve,2051,313.173,6.174
CBM_dist,39,reserve,2052,315.34,6.218
CBM_dist,39,reserve,2053,317.491,6.262
CBM_dist,39,reserve,2054,319.626,6.306
CBM_dist,39,reserve,2055,321.744,6.349
CBM_dist,39,reserve,2056,323.848,6.392
CBM_dist,39,reserve,2057,325.935,6.434
CBM_dist,39,reserve,2058,328.007,6.476
CBM_dist,39,reserve,2059,330.064,6.518
CBM_dist,39,reserve,2060,332.106,6.56
CBM_dist,39,reserve,2061,334.132,6.602
CBM_dist,39,reserve,2062,336.143,6.643
CBM_dist,39,reserve,2063,338.14,6.684
CBM_dist,39,reserve,2064,340.12,6.724
CBM_dist,39,reserve,2065,342.087,6.765
CBM_dist,39,reserve,2066,344.039,6.805
CBM_dist,39,reserve,2067,345.976,6.844
CBM_dist,39,reserve,2068,347.899,6.884
CBM_dist,39,reserve,2069,349.807,6.923
CBM_dist,39,reserve,2070,351.702,6.962
CBM_dist,39,reserve,2071,353.581,7.001
CBM_dist,39,reserve,2072,355.447,7.039
CBM_dist,39,reserve,2073,357.298,7.078
CBM_dist,39,reserve,2074,359.136,7.115
CBM_dist,39,reserve,2075,360.959,7.153
CBM_dist,39,reserve,2076,362.769,7.191
CBM_dist,39,reserve,2077,364.566,7.228
CBM_dist,39,reserve,2078,366.349,7.265
CBM_dist,39,reserve,2079,368.118,7.301
CBM_dist,39,reserve,2080,369.874,7.338
CBM_dist,39,reserve,2081,371.616,7.374
CBM_dist,39,reserve,2082,373.345,7.41
CBM_dist,39,reserve,2083,375.061,7.446
CBM_dist,39,reserve,2084,376.764,7.481
CBM_dist,39,reserve,2085,378.454,7.516
CBM_dist,39,reserve,2086,380.132,7.551
CBM_dist,39,reserve,2087,381.796,7.586
CBM_dist,39,reserve,2088,383.448,7.62
CBM_dist,39,reserve,2089,385.086,7.655
CBM_dist,39,reserve,2090,386.713,7.689
CBM_dist,39,reserve,2091,388.327,7.722
CBM_dist,39,reserve,2092,389.928,7.756
CBM_dist,39,reserve,2093,391.517,7.789
CBM_dist,39,reserve,2094,393.094,7.822
CBM_dist,39,reserve,2095,394.659,7.855
CBM_dist,39,reserve,2096,396.212,7.888
CBM_dist,39,reserve,2097,397.753,7.92
CBM_dist,39,reserve,2098,399.282,7.953
CBM_dist,39,reserve,2099,400.799,7.985
CBM_dist,39,reserve,2100,402.303,8.016
CBM_dist,40,reserve,2025,177.51,2.645
CBM_dist,40,reserve,2026,182.179,2.715
CBM_dist,40,reserve,2027,186.806,2.785
CBM_dist,40,reserve,2028,191.392,2.855
CBM_dist,40,reserve,2029,195.938,2.924
CBM_dist,40,reserve,2030,200.442,2.992
CBM_dist,40,reserve,2031,204.907,3.059
CBM_dist,40,reserve,2032,209.331,3.127
CBM_dist,40,reserve,2033,213.716,3.193
CBM_dist,40,reserve,2034,218.06,3.259
CBM_dist,40,reserve,2035,222.367,3.325
CBM_dist,40,reserve,2036,226.634,3.389
CBM_dist,40,reserve,2037,230.862,3.454
CBM_dist,40,reserve,2038,235.052,3.518
CBM_dist,40,reserve,2039,239.205,3.581
CBM_dist,40,reserve,2040,243.32,3.644
CBM_dist,40,reserve,2041,247.398,3.706
CBM_dist,40,reserve,2042,251.439,3.768
CBM_dist,40,reserve,2043,255.442,3.829
CBM_dist,40,reserve,2044,259.409,3.889
CBM_dist,40,reserve,2045,263.341,3.95
CBM_dist,40,reserve,2046,267.235,4.009
CBM_dist,40,reserve,2047,271.096,4.069
CBM_dist,40,reserve,2048,274.92,4.127
CBM_dist,40,reserve,2049,278.709,4.185
CBM_dist,40,reserve,2050,282.462,4.243
CBM_dist,40,reserve,2051,286.183,4.3
CBM_dist,40,reserve,2052,289.868,4.357
CBM_dist,40,reserve,2053,293.52,4.413
CBM_dist,40,reserve,2054,297.137,4.469
CBM_dist,40,reserve,2055,300.722,4.525
CBM_dist,40,reserve,2056,304.272,4.58
CBM_dist,40,reserve,2057,307.79,4.634
CBM_dist,40,reserve,2058,311.275,4.688
CBM_dist,40,reserve,2059,314.727,4.741
CBM_dist,40,reserve,2060,318.149,4.795
CBM_dist,40,reserve,2061,321.536,4.847
CBM_dist,40,reserve,2062,324.893,4.899
CBM_dist,40,reserve,2063,328.218,4.951
CBM_dist,40,reserve,2064,331.512,5.003
CBM_dist,40,reserve,2065,334.775,5.053
CBM_dist,40,reserve,2066,338.007,5.104
CBM_dist,40,reserve,2067,341.208,5.154
CBM_dist,40,reserve,2068,344.38,5.204
CBM_dist,40,reserve,2069,347.521,5.253
CBM_dist,40,reserve,2070,350.633,5.302
CBM_dist,40,reserve,2071,353.714,5.35
CBM_dist,40,reserve,2072,356.766,5.398
CBM_dist,40,reserve,2073,359.789,5.446
CBM_dist,40,reserve,2074,362.783,5.493
CBM_dist,40,reserve,2075,365.748,5.54
CBM_dist,40,reserve,2076,368.685,5.586
CBM_dist,40,reserve,2077,371.593,5.632
CBM_dist,40,reserve,2078,374.474,5.678
CBM_dist,40,reserve,2079,377.325,5.723
CBM_dist,40,reserve,2080,380.151,5.768
CBM_dist,40,reserve,2081,382.948,5.813
CBM_dist,40,reserve,2082,385.718,5.857
CBM_dist,40,reserve,2083,388.461,5.901
CBM_dist,40,reserve,2084,391.177,5.944
CBM_dist,40,reserve,2085,393.868,5.987
CBM_dist,40,reserve,2086,396.531,6.03
CBM_dist,40,reserve,2087,399.167,6.072
CBM_dist,40,reserve,2088,401.778,6.114
CBM_dist,40,reserve,2089,404.363,6.156
CBM_dist,40,reserve,2090,406.923,6.197
CBM_dist,40,reserve,2091,409.457,6.238
CBM_dist,40,reserve,2092,411.966,6.279
CBM_dist,40,reserve,2093,414.45,6.319
CBM_dist,40,reserve,2094,416.908,6.359
CBM_dist,40,reserve,2095,419.343,6.399
CBM_dist,40,reserve,2096,421.753,6.438
CBM_dist,40,reserve,2097,424.138,6.477
CBM_dist,40,reserve,2098,426.499,6.516
CBM_dist,40,reserve,2099,428.836,6.554
CBM_dist,40,reserve,2100,431.151,6.592
CBM_dist,41,reserve,2025,1022.66,8.999
CBM_dist,41,reserve,2026,1026.968,9.048
CBM_dist,41,reserve,2027,1031.128,9.095
CBM_dist,41,reserve,2028,1035.143,9.141
CBM_dist,41,reserve,2029,1039.007,9.187
CBM_dist,41,reserve,2030,1042.726,9.231
CBM_dist,41,reserve,2031,1046.303,9.275
CBM_dist,41,reserve,2032,1049.74,9.317
CBM_dist,41,reserve,2033,1053.041,9.359
CBM_dist,41,reserve,2034,1056.208,9.4
CBM_dist,41,reserve,2035,1059.27,9.44
CBM_dist,41,reserve,2036,1062.223,9.48
CBM_dist,41,reserve,2037,1065.069,9.518
CBM_dist,41,reserve,2038,1067.808,9.557
CBM_dist,41,reserve,2039,1070.444,9.595
CBM_dist,41,reserve,2040,1072.979,9.632
CBM_dist,41,reserve,2041,1075.412,9.668
CBM_dist,41,reserve,2042,1077.742,9.704
CBM_dist,41,reserve,2043,1079.972,9.74
CBM_dist,41,reserve,2044,1082.1,9.775
CBM_dist,41,reserve,2045,1084.126,9.809
CBM_dist,41,reserve,2046,1086.048,9.843
CBM_dist,41,reserve,2047,1087.865,9.876
CBM_dist,41,reserve,2048,1089.578,9.908
CBM_dist,41,reserve,2049,1091.19,9.94
CBM_dist,41,reserve,2050,1092.7,9.971
CBM_dist,41,reserve,2051,1094.109,10.002
CBM_dist,41,reserve,2052,1095.416,10.032
CBM_dist,41,reserve,2053,1096.622,10.062
CBM_dist,41,reserve,2054,1097.726,10.091
CBM_dist,41,reserve,2055,1098.739,10.119
CBM_dist,41,reserve,2056,1099.663,10.147
CBM_dist,41,reserve,2057,1100.499,10.175
CBM_dist,41,reserve,2058,1101.245,10.202
CBM_dist,41,reserve,2059,1101.903,10.229
CBM_dist,41,reserve,2060,1102.472,10.255
CBM_dist,41,reserve,2061,1102.951,10.28
CBM_dist,41,reserve,2062,1103.344,10.306
CBM_dist,41,reserve,2063,1103.646,10.33
CBM_dist,41,reserve,2064,1103.862,10.355
CBM_dist,41,reserve,2065,1103.998,10.378
CBM_dist,41,reserve,2066,1104.054,10.402
CBM_dist,41,reserve,2067,1104.032,10.425
CBM_dist,41,reserve,2068,1103.931,10.447
CBM_dist,41,reserve,2069,1103.751,10.47
CBM_dist,41,reserve,2070,1103.492,10.491
CBM_dist,41,reserve,2071,1103.155,10.513
CBM_dist,41,reserve,2072,1102.74,10.534
CBM_dist,41,reserve,2073,1102.247,10.554
CBM_dist,41,reserve,2074,1101.676,10.575
CBM_dist,41,reserve,2075,1101.033,10.595
CBM_dist,41,reserve,2076,1100.319,10.614
CBM_dist,41,reserve,2077,1099.533,10.633
CBM_dist,41,reserve,2078,1098.677,10.652
CBM_dist,41,reserve,2079,1097.749,10.67
CBM_dist,41,reserve,2080,1096.75,10.688
CBM_dist,41,reserve,2081,1095.681,10.706
CBM_dist,41,reserve,2082,1094.542,10.723
CBM_dist,41,reserve,2083,1093.333,10.74
CBM_dist,41,reserve,2084,1092.054,10.757
CBM_dist,41,reserve,2085,1090.713,10.773
CBM_dist,41,reserve,2086,1089.311,10.79
CBM_dist,41,reserve,2087,1087.849,10.805
CBM_dist,41,reserve,2088,1086.325,10.821
CBM_dist,41,reserve,2089,1084.741,10.836
CBM_dist,41,reserve,2090,1083.097,10.851
CBM_dist,41,reserve,2091,1081.393,10.866
CBM_dist,41,reserve,2092,1079.629,10.88
CBM_dist,41,reserve,2093,1077.806,10.894
CBM_dist,41,reserve,2094,1075.923,10.908
CBM_dist,41,reserve,2095,1073.986,10.921
CBM_dist,41,reserve,2096,1071.993,10.935
CBM_dist,41,reserve,2097,1069.945,10.948
CBM_dist,41,reserve,2098,1067.843,10.961
CBM_dist,41,reserve,2099,1065.687,10.973
CBM_dist,41,reserve,2100,1063.476,10.985
CBM_dist,42,reserve,2025,551.02,6.006
CBM_dist,42,reserve,2026,555.638,6.058
CBM_dist,42,reserve,2027,560.221,6.109
CBM_dist,42,reserve,2028,564.767,6.16
CBM_dist,42,reserve,2029,569.277,6.211
CBM_dist,42,reserve,2030,573.752,6.261
CBM_dist,42,reserve,2031,578.192,6.311
CBM_dist,42,reserve,2032,582.597,6.361
CBM_dist,42,reserve,2033,586.967,6.41
CBM_dist,42,reserve,2034,591.302,6.459
CBM_dist,42,reserve,2035,595.604,6.508
CBM_dist,42,reserve,2036,599.872,6.556
CBM_dist,42,reserve,2037,604.106,6.603
CBM_dist,42,reserve,2038,608.306,6.651
CBM_dist,42,reserve,2039,612.473,6.698
CBM_dist,42,reserve,2040,616.607,6.745
CBM_dist,42,reserve,2041,620.708,6.791
CBM_dist,42,reserve,2042,624.776,6.837
CBM_dist,42,reserve,2043,628.813,6.883
CBM_dist,42,reserve,2044,632.816,6.928
CBM_dist,42,reserve,2045,636.789,6.973
CBM_dist,42,reserve,2046,640.73,7.018
CBM_dist,42,reserve,2047,644.639,7.063
CBM_dist,42,reserve,2048,648.517,7.107
CBM_dist,42,reserve,2049,652.365,7.15
CBM_dist,42,reserve,2050,656.181,7.194
CBM_dist,42,reserve,2051,659.967,7.237
CBM_dist,42,reserve,2052,663.722,7.28
CBM_dist,42,reserve,2053,667.447,7.322
CBM_dist,42,reserve,2054,671.143,7.365
CBM_dist,42,reserve,2055,674.809,7.406
CBM_dist,42,reserve,2056,678.445,7.448
CBM_dist,42,reserve,2057,682.052,7.489
CBM_dist,42,reserve,2058,685.63,7.53
CBM_dist,42,reserve,2059,689.179,7.571
CBM_dist,42,reserve,2060,692.7,7.611
CBM_dist,42,reserve,2061,696.191,7.651
CBM_dist,42,reserve,2062,699.655,7.691
CBM_dist,42,reserve,2063,703.091,7.731
CBM_dist,42,reserve,2064,706.498,7.77
CBM_dist,42,reserve,2065,709.879,7.809
CBM_dist,42,reserve,2066,713.231,7.847
CBM_dist,42,reserve,2067,716.557,7.886
CBM_dist,42,reserve,2068,719.855,7.924
CBM_dist,42,reserve,2069,723.127,7.962
CBM_dist,42,reserve,2070,726.371,7.999
CBM_dist,42,reserve,2071,729.59,8.036
CBM_dist,42,reserve,2072,732.782,8.073
CBM_dist,42,reserve,2073,735.947,8.11
CBM_dist,42,reserve,2074,739.087,8.147
CBM_dist,42,reserve,2075,742.202,8.183
CBM_dist,42,reserve,2076,745.29,8.219
CBM_dist,42,reserve,2077,748.353,8.254
CBM_dist,42,reserve,2078,751.391,8.29
CBM_dist,42,reserve,2079,754.404,8.325
CBM_dist,42,reserve,2080,757.392,8.36
CBM_dist,42,reserve,2081,760.355,8.394
CBM_dist,42,reserve,2082,763.294,8.429
CBM_dist,42,reserve,2083,766.208,8.463
CBM_dist,42,reserve,2084,769.098,8.497
CBM_dist,42,reserve,2085,771.964,8.53
CBM_dist,42,reserve,2086,774.807,8.564
CBM_dist,42,reserve,2087,777.625,8.597
CBM_dist,42,reserve,2088,780.421,8.63
CBM_dist,42,reserve,2089,783.192,8.662
CBM_dist,42,reserve,2090,785.94,8.695
CBM_dist,42,reserve,2091,788.666,8.727
CBM_dist,42,reserve,2092,791.369,8.759
CBM_dist,42,reserve,2093,794.049,8.79
CBM_dist,42,reserve,2094,796.707,8.822
CBM_dist,42,reserve,2095,799.342,8.853
CBM_dist,42,reserve,2096,801.955,8.884
CBM_dist,42,reserve,2097,804.546,8.915
CBM_dist,42,reserve,2098,807.114,8.946
CBM_dist,42,reserve,2099,809.661,8.976
CBM_dist,42,reserve,2100,812.187,9.006
CBM_dist,44,reserve,2025,12.75,0.678
CBM_dist,44,reserve,2026,12.852,0.684
CBM_dist,44,reserve,2027,12.953,0.69
CBM_dist,44,reserve,2028,13.052,0.695
CBM_dist,44,reserve,2029,13.149,0.7
CBM_dist,44,reserve,2030,13.245,0.706
CBM_dist,44,reserve,2031,13.339,0.711
CBM_dist,44,reserve,2032,13.431,0.716
CBM_dist,44,reserve,2033,13.522,0.721
CBM_dist,44,reserve,2034,13.611,0.726
CBM_dist,44,reserve,2035,13.698,0.731
CBM_dist,44,reserve,2036,13.784,0.736
CBM_dist,44,reserve,2037,13.868,0.74
CBM_dist,44,reserve,2038,13.951,0.745
CBM_dist,44,reserve,2039,14.033,0.75
CBM_dist,44,reserve,2040,14.112,0.754
CBM_dist,44,reserve,2041,14.191,0.758
CBM_dist,44,reserve,2042,14.267,0.763
CBM_dist,44,reserve,2043,14.344,0.767
CBM_dist,44,reserve,2044,14.417,0.771
CBM_dist,44,reserve,2045,14.491,0.775
CBM_dist,44,reserve,2046,14.562,0.779
CBM_dist,44,reserve,2047,14.633,0.783
CBM_dist,44,reserve,2048,14.702,0.787
CBM_dist,44,reserve,2049,14.769,0.791
CBM_dist,44,reserve,2050,14.837,0.795
CBM_dist,44,reserve,2051,14.902,0.799
CBM_dist,44,reserve,2052,14.966,0.802
CBM_dist,44,reserve,2053,15.029,0.806
CBM_dist,44,reserve,2054,15.09,0.81
CBM_dist,44,reserve,2055,15.151,0.813
CBM_dist,44,reserve,2056,15.212,0.816
CBM_dist,44,reserve,2057,15.27,0.82
CBM_dist,44,reserve,2058,15.327,0.823
CBM_dist,44,reserve,2059,15.384,0.826
CBM_dist,44,reserve,2060,15.439,0.83
CBM_dist,44,reserve,2061,15.493,0.833
CBM_dist,44,reserve,2062,15.546,0.836
CBM_dist,44,reserve,2063,15.598,0.839
CBM_dist,44,reserve,2064,15.65,0.842
CBM_dist,44,reserve,2065,15.7,0.845
CBM_dist,44,reserve,2066,15.75,0.848
CBM_dist,44,reserve,2067,15.798,0.851
CBM_dist,44,reserve,2068,15.845,0.854
CBM_dist,44,reserve,2069,15.892,0.856
CBM_dist,44,reserve,2070,15.938,0.859
CBM_dist,44,reserve,2071,15.983,0.862
CBM_dist,44,reserve,2072,16.027,0.864
CBM_dist,44,reserve,2073,16.07,0.867
CBM_dist,44,reserve,2074,16.113,0.869
CBM_dist,44,reserve,2075,16.154,0.872
CBM_dist,44,reserve,2076,16.195,0.874
CBM_dist,44,reserve,2077,16.234,0.877
CBM_dist,44,reserve,2078,16.274,0.879
CBM_dist,44,reserve,2079,16.312,0.882
CBM_dist,44,reserve,2080,16.35,0.884
CBM_dist,44,reserve,2081,16.387,0.886
CBM_dist,44,reserve,2082,16.423,0.888
CBM_dist,44,reserve,2083,16.459,0.89
CBM_dist,44,reserve,2084,16.493,0.893
CBM_dist,44,reserve,2085,16.527,0.895
CBM_dist,44,reserve,2086,16.56,0.897
CBM_dist,44,reserve,2087,16.593,0.899
CBM_dist,44,reserve,2088,16.625,0.901
CBM_dist,44,reserve,2089,16.657,0.903
CBM_dist,44,reserve,2090,16.687,0.905
CBM_dist,44,reserve,2091,16.717,0.907
CBM_dist,44,reserve,2092,16.747,0.909
CBM_dist,44,reserve,2093,16.775,0.91
CBM_dist,44,reserve,2094,16.804,0.912
CBM_dist,44,reserve,2095,16.831,0.914
CBM_dist,44,reserve,2096,16.858,0.916
CBM_dist,44,reserve,2097,16.885,0.918
CBM_dist,44,reserve,2098,16.911,0.919
CBM_dist,44,reserve,2099,16.936,0.921
CBM_dist,44,reserve,2100,16.961,0.923
CBM_dist,45,reserve,2025,325.11,4.649
CBM_dist,45,reserve,2026,329.328,4.71
CBM_dist,45,reserve,2027,333.496,4.771
CBM_dist,45,reserve,2028,337.615,4.83
CBM_dist,45,reserve,2029,341.687,4.889
CBM_dist,45,reserve,2030,345.71,4.948
CBM_dist,45,reserve,2031,349.687,5.005
CBM_dist,45,reserve,2032,353.617,5.062
CBM_dist,45,reserve,2033,357.501,5.119
CBM_dist,45,reserve,2034,361.339,5.175
CBM_dist,45,reserve,2035,365.133,5.23
CBM_dist,45,reserve,2036,368.883,5.284
CBM_dist,45,reserve,2037,372.588,5.338
CBM_dist,45,reserve,2038,376.249,5.391
CBM_dist,45,reserve,2039,379.868,5.444
CBM_dist,45,reserve,2040,383.444,5.496
CBM_dist,45,reserve,2041,386.978,5.548
CBM_dist,45,reserve,2042,390.47,5.599
CBM_dist,45,reserve,2043,393.922,5.649
CBM_dist,45,reserve,2044,397.333,5.699
CBM_dist,45,reserve,2045,400.702,5.748
CBM_dist,45,reserve,2046,404.033,5.797
CBM_dist,45,reserve,2047,407.324,5.845
CBM_dist,45,reserve,2048,410.576,5.892
CBM_dist,45,reserve,2049,413.791,5.939
CBM_dist,45,reserve,2050,416.966,5.986
CBM_dist,45,reserve,2051,420.105,6.032
CBM_dist,45,reserve,2052,423.205,6.077
CBM_dist,45,reserve,2053,426.269,6.122
CBM_dist,45,reserve,2054,429.297,6.167
CBM_dist,45,reserve,2055,432.29,6.211
CBM_dist,45,reserve,2056,435.246,6.254
CBM_dist,45,reserve,2057,438.166,6.297
CBM_dist,45,reserve,2058,441.053,6.339
CBM_dist,45,reserve,2059,443.905,6.381
CBM_dist,45,reserve,2060,446.723,6.423
CBM_dist,45,reserve,2061,449.507,6.464
CBM_dist,45,reserve,2062,452.258,6.504
CBM_dist,45,reserve,2063,454.976,6.545
CBM_dist,45,reserve,2064,457.662,6.584
CBM_dist,45,reserve,2065,460.315,6.623
CBM_dist,45,reserve,2066,462.936,6.662
CBM_dist,45,reserve,2067,465.527,6.7
CBM_dist,45,reserve,2068,468.086,6.738
CBM_dist,45,reserve,2069,470.614,6.776
CBM_dist,45,reserve,2070,473.112,6.813
CBM_dist,45,reserve,2071,475.58,6.849
CBM_dist,45,reserve,2072,478.018,6.886
CBM_dist,45,reserve,2073,480.426,6.921
CBM_dist,45,reserve,2074,482.806,6.957
CBM_dist,45,reserve,2075,485.157,6.992
CBM_dist,45,reserve,2076,487.479,7.026
CBM_dist,45,reserve,2077,489.773,7.061
CBM_dist,45,reserve,2078,492.038,7.094
CBM_dist,45,reserve,2079,494.278,7.128
CBM_dist,45,reserve,2080,496.489,7.161
CBM_dist,45,reserve,2081,498.674,7.194
CBM_dist,45,reserve,2082,500.831,7.226
CBM_dist,45,reserve,2083,502.963,7.258
CBM_dist,45,reserve,2084,505.069,7.289
CBM_dist,45,reserve,2085,507.149,7.321
CBM_dist,45,reserve,2086,509.203,7.352
CBM_dist,45,reserve,2087,511.233,7.382
CBM_dist,45,reserve,2088,513.237,7.412
CBM_dist,45,reserve,2089,515.216,7.442
CBM_dist,45,reserve,2090,517.173,7.472
CBM_dist,45,reserve,2091,519.103,7.501
CBM_dist,45,reserve,2092,521.011,7.53
CBM_dist,45,reserve,2093,522.895,7.558
CBM_dist,45,reserve,2094,524.756,7.586
CBM_dist,45,reserve,2095,526.594,7.614
CBM_dist,45,reserve,2096,528.408,7.642
CBM_dist,45,reserve,2097,530.2,7.669
CBM_dist,45,reserve,2098,531.971,7.696
CBM_dist,45,reserve,2099,533.718,7.723
CBM_dist,45,reserve,2100,535.445,7.749
CBM_dist,46,reserve,2025,22.21,0.835
CBM_dist,46,reserve,2026,22.504,0.846
CBM_dist,46,reserve,2027,22.795,0.857
CBM_dist,46,reserve,2028,23.081,0.868
CBM_dist,46,reserve,2029,23.363,0.879
CBM_dist,46,reserve,2030,23.642,0.889
CBM_dist,46,reserve,2031,23.917,0.9
CBM_dist,46,reserve,2032,24.188,0.91
CBM_dist,46,reserve,2033,24.455,0.92
CBM_dist,46,reserve,2034,24.72,0.93
CBM_dist,46,reserve,2035,24.98,0.94
CBM_dist,46,reserve,2036,25.236,0.949
CBM_dist,46,reserve,2037,25.488,0.959
CBM_dist,46,reserve,2038,25.736,0.968
CBM_dist,46,reserve,2039,25.98,0.978
CBM_dist,46,reserve,2040,26.221,0.987
CBM_dist,46,reserve,2041,26.458,0.996
CBM_dist,46,reserve,2042,26.691,1.004
CBM_dist,46,reserve,2043,26.92,1.013
CBM_dist,46,reserve,2044,27.145,1.022
CBM_dist,46,reserve,2045,27.367,1.03
CBM_dist,46,reserve,2046,27.585,1.038
CBM_dist,46,reserve,2047,27.8,1.046
CBM_dist,46,reserve,2048,28.01,1.054
CBM_dist,46,reserve,2049,28.217,1.062
CBM_dist,46,reserve,2050,28.422,1.07
CBM_dist,46,reserve,2051,28.622,1.078
CBM_dist,46,reserve,2052,28.818,1.085
CBM_dist,46,reserve,2053,29.012,1.092
CBM_dist,46,reserve,2054,29.201,1.1
CBM_dist,46,reserve,2055,29.388,1.107
CBM_dist,46,reserve,2056,29.571,1.114
CBM_dist,46,reserve,2057,29.752,1.12
CBM_dist,46,reserve,2058,29.93,1.127
CBM_dist,46,reserve,2059,30.105,1.134
CBM_dist,46,reserve,2060,30.277,1.14
CBM_dist,46,reserve,2061,30.446,1.147
CBM_dist,46,reserve,2062,30.612,1.153
CBM_dist,46,reserve,2063,30.775,1.159
CBM_dist,46,reserve,2064,30.935,1.165
CBM_dist,46,reserve,2065,31.093,1.171
CBM_dist,46,reserve,2066,31.248,1.177
CBM_dist,46,reserve,2067,31.4,1.183
CBM_dist,46,reserve,2068,31.55,1.189
CBM_dist,46,reserve,2069,31.697,1.194
CBM_dist,46,reserve,2070,31.842,1.2
CBM_dist,46,reserve,2071,31.984,1.205
CBM_dist,46,reserve,2072,32.122,1.211
CBM_dist,46,reserve,2073,32.259,1.216
CBM_dist,46,reserve,2074,32.393,1.221
CBM_dist,46,reserve,2075,32.525,1.226
CBM_dist,46,reserve,2076,32.655,1.231
CBM_dist,46,reserve,2077,32.781,1.236
CBM_dist,46,reserve,2078,32.907,1.241
CBM_dist,46,reserve,2079,33.03,1.245
CBM_dist,46,reserve,2080,33.151,1.25
CBM_dist,46,reserve,2081,33.269,1.255
CBM_dist,46,reserve,2082,33.386,1.259
CBM_dist,46,reserve,2083,33.501,1.263
CBM_dist,46,reserve,2084,33.612,1.268
CBM_dist,46,reserve,2085,33.723,1.272
CBM_dist,46,reserve,2086,33.83,1.276
CBM_dist,46,reserve,2087,33.936,1.28
CBM_dist,46,reserve,2088,34.04,1.284
CBM_dist,46,reserve,2089,34.142,1.288
CBM_dist,46,reserve,2090,34.241,1.292
CBM_dist,46,reserve,2091,34.339,1.296
CBM_dist,46,reserve,2092,34.434,1.299
CBM_dist,46,reserve,2093,34.528,1.303
CBM_dist,46,reserve,2094,34.619,1.307
CBM_dist,46,reserve,2095,34.709,1.31
CBM_dist,46,reserve,2096,34.796,1.313
CBM_dist,46,reserve,2097,34.882,1.317
CBM_dist,46,reserve,2098,34.968,1.32
CBM_dist,46,reserve,2099,35.05,1.323
CBM_dist,46,reserve,2100,35.131,1.326
CBM_dist,47,reserve,2025,461.09,5.395
CBM_dist,47,reserve,2026,465.582,5.449
CBM_dist,47,reserve,2027,470.038,5.502
CBM_dist,47,reserve,2028,474.459,5.556
CBM_dist,47,reserve,2029,478.844,5.609
CBM_dist,47,reserve,2030,483.194,5.661
CBM_dist,47,reserve,2031,487.509,5.713
CBM_dist,47,reserve,2032,491.789,5.765
CBM_dist,47,reserve,2033,496.033,5.816
CBM_dist,47,reserve,2034,500.245,5.867
CBM_dist,47,reserve,2035,504.421,5.918
CBM_dist,47,reserve,2036,508.565,5.968
CBM_dist,47,reserve,2037,512.674,6.018
CBM_dist,47,reserve,2038,516.751,6.067
CBM_dist,47,reserve,2039,520.794,6.116
CBM_dist,47,reserve,2040,524.804,6.165
CBM_dist,47,reserve,2041,528.782,6.213
CBM_dist,47,reserve,2042,532.728,6.261
CBM_dist,47,reserve,2043,536.641,6.309
CBM_dist,47,reserve,2044,540.521,6.356
CBM_dist,47,reserve,2045,544.372,6.403
CBM_dist,47,reserve,2046,548.19,6.449
CBM_dist,47,reserve,2047,551.976,6.496
CBM_dist,47,reserve,2048,555.733,6.541
CBM_dist,47,reserve,2049,559.458,6.587
CBM_dist,47,reserve,2050,563.152,6.632
CBM_dist,47,reserve,2051,566.817,6.677
CBM_dist,47,reserve,2052,570.451,6.721
CBM_dist,47,reserve,2053,574.056,6.766
CBM_dist,47,reserve,2054,577.63,6.81
CBM_dist,47,reserve,2055,581.175,6.853
CBM_dist,47,reserve,2056,584.692,6.896
CBM_dist,47,reserve,2057,588.179,6.939
CBM_dist,47,reserve,2058,591.637,6.982
CBM_dist,47,reserve,2059,595.066,7.024
CBM_dist,47,reserve,2060,598.468,7.066
CBM_dist,47,reserve,2061,601.841,7.107
CBM_dist,47,reserve,2062,605.185,7.149
CBM_dist,47,reserve,2063,608.502,7.19
CBM_dist,47,reserve,2064,611.792,7.23
CBM_dist,47,reserve,2065,615.054,7.271
CBM_dist,47,reserve,2066,618.288,7.311
CBM_dist,47,reserve,2067,621.496,7.351
CBM_dist,47,reserve,2068,624.677,7.39
CBM_dist,47,reserve,2069,627.832,7.429
CBM_dist,47,reserve,2070,630.959,7.468
CBM_dist,47,reserve,2071,634.061,7.507
CBM_dist,47,reserve,2072,637.137,7.545
CBM_dist,47,reserve,2073,640.186,7.583
CBM_dist,47,reserve,2074,643.21,7.621
CBM_dist,47,reserve,2075,646.209,7.658
CBM_dist,47,reserve,2076,649.182,7.695
CBM_dist,47,reserve,2077,652.13,7.732
CBM_dist,47,reserve,2078,655.053,7.769
CBM_dist,47,reserve,2079,657.952,7.805
CBM_dist,47,reserve,2080,660.826,7.841
CBM_dist,47,reserve,2081,663.675,7.877
CBM_dist,47,reserve,2082,666.5,7.913
CBM_dist,47,reserve,2083,669.301,7.948
CBM_dist,47,reserve,2084,672.078,7.983
CBM_dist,47,reserve,2085,674.831,8.018
CBM_dist,47,reserve,2086,677.561,8.052
CBM_dist,47,reserve,2087,680.268,8.087
CBM_dist,47,reserve,2088,682.951,8.121
CBM_dist,47,reserve,2089,685.611,8.154
CBM_dist,47,reserve,2090,688.249,8.188
CBM_dist,47,reserve,2091,690.863,8.221
CBM_dist,47,reserve,2092,693.455,8.254
CBM_dist,47,reserve,2093,696.024,8.287
CBM_dist,47,reserve,2094,698.572,8.319
CBM_dist,47,reserve,2095,701.097,8.352
CBM_dist,47,reserve,2096,703.6,8.384
CBM_dist,47,reserve,2097,706.082,8.415
CBM_dist,47,reserve,2098,708.542,8.447
CBM_dist,47,reserve,2099,710.98,8.478
CBM_dist,47,reserve,2100,713.397,8.509
CBM_dist,48,reserve,2025,479.11,5.126
CBM_dist,48,reserve,2026,489.378,5.237
CBM_dist,48,reserve,2027,499.587,5.347
CBM_dist,48,reserve,2028,509.736,5.457
CBM_dist,48,reserve,2029,519.827,5.566
CBM_dist,48,reserve,2030,529.859,5.674
CBM_dist,48,reserve,2031,539.834,5.782
CBM_dist,48,reserve,2032,549.752,5.889
CBM_dist,48,reserve,2033,559.614,5.996
CBM_dist,48,reserve,2034,569.42,6.102
CBM_dist,48,reserve,2035,579.133,6.207
CBM_dist,48,reserve,2036,588.754,6.311
CBM_dist,48,reserve,2037,598.284,6.414
CBM_dist,48,reserve,2038,607.723,6.517
CBM_dist,48,reserve,2039,617.072,6.618
CBM_dist,48,reserve,2040,626.332,6.718
CBM_dist,48,reserve,2041,635.504,6.818
CBM_dist,48,reserve,2042,644.588,6.916
CBM_dist,48,reserve,2043,653.587,7.014
CBM_dist,48,reserve,2044,662.5,7.111
CBM_dist,48,reserve,2045,671.308,7.206
CBM_dist,48,reserve,2046,680.014,7.301
CBM_dist,48,reserve,2047,688.618,7.395
CBM_dist,48,reserve,2048,697.121,7.487
CBM_dist,48,reserve,2049,705.524,7.579
CBM_dist,48,reserve,2050,713.826,7.669
CBM_dist,48,reserve,2051,722.03,7.758
CBM_dist,48,reserve,2052,730.134,7.847
CBM_dist,48,reserve,2053,738.142,7.934
CBM_dist,48,reserve,2054,746.052,8.02
CBM_dist,48,reserve,2055,753.869,8.106
CBM_dist,48,reserve,2056,761.593,8.19
CBM_dist,48,reserve,2057,769.225,8.274
CBM_dist,48,reserve,2058,776.766,8.356
CBM_dist,48,reserve,2059,784.216,8.438
CBM_dist,48,reserve,2060,791.575,8.518
CBM_dist,48,reserve,2061,798.844,8.598
CBM_dist,48,reserve,2062,806.024,8.677
CBM_dist,48,reserve,2063,813.114,8.755
CBM_dist,48,reserve,2064,820.118,8.832
CBM_dist,48,reserve,2065,827.027,8.907
CBM_dist,48,reserve,2066,833.845,8.982
CBM_dist,48,reserve,2067,840.571,9.057
CBM_dist,48,reserve,2068,847.205,9.13
CBM_dist,48,reserve,2069,853.75,9.202
CBM_dist,48,reserve,2070,860.203,9.273
CBM_dist,48,reserve,2071,866.566,9.343
CBM_dist,48,reserve,2072,872.84,9.413
CBM_dist,48,reserve,2073,879.025,9.481
CBM_dist,48,reserve,2074,885.12,9.549
CBM_dist,48,reserve,2075,891.133,9.615
CBM_dist,48,reserve,2076,897.063,9.681
CBM_dist,48,reserve,2077,902.913,9.746
CBM_dist,48,reserve,2078,908.681,9.81
CBM_dist,48,reserve,2079,914.367,9.873
CBM_dist,48,reserve,2080,919.973,9.936
CBM_dist,48,reserve,2081,925.498,9.998
CBM_dist,48,reserve,2082,930.943,10.058
CBM_dist,48,reserve,2083,936.307,10.118
CBM_dist,48,reserve,2084,941.592,10.177
CBM_dist,48,reserve,2085,946.793,10.236
CBM_dist,48,reserve,2086,951.911,10.293
CBM_dist,48,reserve,2087,956.945,10.35
CBM_dist,48,reserve,2088,961.896,10.405
CBM_dist,48,reserve,2089,966.763,10.46
CBM_dist,48,reserve,2090,971.549,10.514
CBM_dist,48,reserve,2091,976.251,10.567
CBM_dist,48,reserve,2092,980.872,10.619
CBM_dist,48,reserve,2093,985.411,10.671
CBM_dist,48,reserve,2094,989.867,10.721
CBM_dist,48,reserve,2095,994.253,10.771
CBM_dist,48,reserve,2096,998.569,10.82
CBM_dist,48,reserve,2097,1002.816,10.869
CBM_dist,48,reserve,2098,1006.991,10.916
CBM_dist,48,reserve,2099,1011.097,10.963
CBM_dist,48,reserve,2100,1015.134,11.009
CBM_dist,49,reserve,2025,133.07,2.409
CBM_dist,49,reserve,2026,135.258,2.449
CBM_dist,49,reserve,2027,137.421,2.488
CBM_dist,49,reserve,2028,139.555,2.528
CBM_dist,49,reserve,2029,141.664,2.566
CBM_dist,49,reserve,2030,143.745,2.605
CBM_dist,49,reserve,2031,145.798,2.642
CBM_dist,49,reserve,2032,147.825,2.68
CBM_dist,49,reserve,2033,149.825,2.716
CBM_dist,49,reserve,2034,151.798,2.753
CBM_dist,49,reserve,2035,153.741,2.789
CBM_dist,49,reserve,2036,155.655,2.824
CBM_dist,49,reserve,2037,157.54,2.859
CBM_dist,49,reserve,2038,159.395,2.893
CBM_dist,49,reserve,2039,161.221,2.927
CBM_dist,49,reserve,2040,163.018,2.96
CBM_dist,49,reserve,2041,164.785,2.993
CBM_dist,49,reserve,2042,166.524,3.026
CBM_dist,49,reserve,2043,168.232,3.057
CBM_dist,49,reserve,2044,169.913,3.089
CBM_dist,49,reserve,2045,171.564,3.119
CBM_dist,49,reserve,2046,173.187,3.15
CBM_dist,49,reserve,2047,174.782,3.18
CBM_dist,49,reserve,2048,176.349,3.209
CBM_dist,49,reserve,2049,177.888,3.238
CBM_dist,49,reserve,2050,179.399,3.266
CBM_dist,49,reserve,2051,180.88,3.294
CBM_dist,49,reserve,2052,182.335,3.321
CBM_dist,49,reserve,2053,183.761,3.348
CBM_dist,49,reserve,2054,185.159,3.375
CBM_dist,49,reserve,2055,186.532,3.401
CBM_dist,49,reserve,2056,187.88,3.426
CBM_dist,49,reserve,2057,189.205,3.451
CBM_dist,49,reserve,2058,190.504,3.476
CBM_dist,49,reserve,2059,191.778,3.5
CBM_dist,49,reserve,2060,193.027,3.524
CBM_dist,49,reserve,2061,194.252,3.548
CBM_dist,49,reserve,2062,195.452,3.571
CBM_dist,49,reserve,2063,196.628,3.593
CBM_dist,49,reserve,2064,197.78,3.615
CBM_dist,49,reserve,2065,198.908,3.637
CBM_dist,49,reserve,2066,200.015,3.659
CBM_dist,49,reserve,2067,201.1,3.68
CBM_dist,49,reserve,2068,202.162,3.7
CBM_dist,49,reserve,2069,203.203,3.72
CBM_dist,49,reserve,2070,204.222,3.74
CBM_dist,49,reserve,2071,205.219,3.76
CBM_dist,49,reserve,2072,206.193,3.779
CBM_dist,49,reserve,2073,207.146,3.798
CBM_dist,49,reserve,2074,208.077,3.816
CBM_dist,49,reserve,2075,208.99,3.834
CBM_dist,49,reserve,2076,209.883,3.852
CBM_dist,49,reserve,2077,210.757,3.87
CBM_dist,49,reserve,2078,211.613,3.887
CBM_dist,49,reserve,2079,212.451,3.904
CBM_dist,49,reserve,2080,213.269,3.92
CBM_dist,49,reserve,2081,214.069,3.936
CBM_dist,49,reserve,2082,214.85,3.952
CBM_dist,49,reserve,2083,215.612,3.968
CBM_dist,49,reserve,2084,216.357,3.983
CBM_dist,49,reserve,2085,217.084,3.998
CBM_dist,49,reserve,2086,217.794,4.013
CBM_dist,49,reserve,2087,218.487,4.027
CBM_dist,49,reserve,2088,219.164,4.041
CBM_dist,49,reserve,2089,219.824,4.055
CBM_dist,49,reserve,2090,220.468,4.069
CBM_dist,49,reserve,2091,221.095,4.082
CBM_dist,49,reserve,2092,221.705,4.095
CBM_dist,49,reserve,2093,222.298,4.108
CBM_dist,49,reserve,2094,222.875,4.12
CBM_dist,49,reserve,2095,223.438,4.132
CBM_dist,49,reserve,2096,223.986,4.144
CBM_dist,49,reserve,2097,224.523,4.156
CBM_dist,49,reserve,2098,225.044,4.168
CBM_dist,49,reserve,2099,225.551,4.179
CBM_dist,49,reserve,2100,226.046,4.19
CBM_dist,50,reserve,2025,142.9,2.586
CBM_dist,50,reserve,2026,144.542,2.617
CBM_dist,50,reserve,2027,146.14,2.646
CBM_dist,50,reserve,2028,147.696,2.674
CBM_dist,50,reserve,2029,149.208,2.702
CBM_dist,50,reserve,2030,150.68,2.729
CBM_dist,50,reserve,2031,152.112,2.756
CBM_dist,50,reserve,2032,153.505,2.781
CBM_dist,50,reserve,2033,154.86,2.806
CBM_dist,50,reserve,2034,156.179,2.831
CBM_dist,50,reserve,2035,157.462,2.854
CBM_dist,50,reserve,2036,158.71,2.877
CBM_dist,50,reserve,2037,159.924,2.9
CBM_dist,50,reserve,2038,161.105,2.922
CBM_dist,50,reserve,2039,162.254,2.943
CBM_dist,50,reserve,2040,163.371,2.963
CBM_dist,50,reserve,2041,164.458,2.984
CBM_dist,50,reserve,2042,165.515,3.003
CBM_dist,50,reserve,2043,166.543,3.022
CBM_dist,50,reserve,2044,167.543,3.041
CBM_dist,50,reserve,2045,168.516,3.059
CBM_dist,50,reserve,2046,169.462,3.077
CBM_dist,50,reserve,2047,170.382,3.094
CBM_dist,50,reserve,2048,171.277,3.11
CBM_dist,50,reserve,2049,172.147,3.127
CBM_dist,50,reserve,2050,172.993,3.143
CBM_dist,50,reserve,2051,173.816,3.158
CBM_dist,50,reserve,2052,174.616,3.173
CBM_dist,50,reserve,2053,175.394,3.187
CBM_dist,50,reserve,2054,176.15,3.202
CBM_dist,50,reserve,2055,176.885,3.216
CBM_dist,50,reserve,2056,177.6,3.229
CBM_dist,50,reserve,2057,178.296,3.242
CBM_dist,50,reserve,2058,178.971,3.255
CBM_dist,50,reserve,2059,179.628,3.267
CBM_dist,50,reserve,2060,180.267,3.279
CBM_dist,50,reserve,2061,180.887,3.291
CBM_dist,50,reserve,2062,181.491,3.303
CBM_dist,50,reserve,2063,182.076,3.314
CBM_dist,50,reserve,2064,182.647,3.325
CBM_dist,50,reserve,2065,183.2,3.335
CBM_dist,50,reserve,2066,183.738,3.346
CBM_dist,50,reserve,2067,184.261,3.356
CBM_dist,50,reserve,2068,184.769,3.365
CBM_dist,50,reserve,2069,185.263,3.375
CBM_dist,50,reserve,2070,185.742,3.384
CBM_dist,50,reserve,2071,186.208,3.393
CBM_dist,50,reserve,2072,186.66,3.402
CBM_dist,50,reserve,2073,187.099,3.41
CBM_dist,50,reserve,2074,187.526,3.419
CBM_dist,50,reserve,2075,187.941,3.427
CBM_dist,50,reserve,2076,188.344,3.435
CBM_dist,50,reserve,2077,188.735,3.442
CBM_dist,50,reserve,2078,189.114,3.45
CBM_dist,50,reserve,2079,189.483,3.457
CBM_dist,50,reserve,2080,189.84,3.464
CBM_dist,50,reserve,2081,190.188,3.471
CBM_dist,50,reserve,2082,190.525,3.478
CBM_dist,50,reserve,2083,190.852,3.484
CBM_dist,50,reserve,2084,191.17,3.491
CBM_dist,50,reserve,2085,191.477,3.497
CBM_dist,50,reserve,2086,191.776,3.503
CBM_dist,50,reserve,2087,192.066,3.509
CBM_dist,50,reserve,2088,192.347,3.514
CBM_dist,50,reserve,2089,192.62,3.52
CBM_dist,50,reserve,2090,192.885,3.525
CBM_dist,50,reserve,2091,193.141,3.531
CBM_dist,50,reserve,2092,193.39,3.536
CBM_dist,50,reserve,2093,193.631,3.541
CBM_dist,50,reserve,2094,193.864,3.546
CBM_dist,50,reserve,2095,194.09,3.55
CBM_dist,50,reserve,2096,194.31,3.555
CBM_dist,50,reserve,2097,194.522,3.559
CBM_dist,50,reserve,2098,194.728,3.564
CBM_dist,50,reserve,2099,194.927,3.568
CBM_dist,50,reserve,2100,195.12,3.572
CBM_dist,51,reserve,2025,548.81,5.927
CBM_dist,51,reserve,2026,554.203,5.987
CBM_dist,51,reserve,2027,559.559,6.046
CBM_dist,51,reserve,2028,564.878,6.105
CBM_dist,51,reserve,2029,570.159,6.164
CBM_dist,51,reserve,2030,575.404,6.222
CBM_dist,51,reserve,2031,580.613,6.28
CBM_dist,51,reserve,2032,585.786,6.338
CBM_dist,51,reserve,2033,590.922,6.395
CBM_dist,51,reserve,2034,596.023,6.452
CBM_dist,51,reserve,2035,601.089,6.508
CBM_dist,51,reserve,2036,606.118,6.564
CBM_dist,51,reserve,2037,611.113,6.62
CBM_dist,51,reserve,2038,616.073,6.675
CBM_dist,51,reserve,2039,620.999,6.73
CBM_dist,51,reserve,2040,625.89,6.785
CBM_dist,51,reserve,2041,630.747,6.839
CBM_dist,51,reserve,2042,635.569,6.893
CBM_dist,51,reserve,2043,640.358,6.946
CBM_dist,51,reserve,2044,645.113,7
CBM_dist,51,reserve,2045,649.835,7.053
CBM_dist,51,reserve,2046,654.524,7.105
CBM_dist,51,reserve,2047,659.18,7.157
CBM_dist,51,reserve,2048,663.802,7.209
CBM_dist,51,reserve,2049,668.393,7.261
CBM_dist,51,reserve,2050,672.951,7.312
CBM_dist,51,reserve,2051,677.477,7.363
CBM_dist,51,reserve,2052,681.97,7.413
CBM_dist,51,reserve,2053,686.433,7.464
CBM_dist,51,reserve,2054,690.863,7.513
CBM_dist,51,reserve,2055,695.262,7.563
CBM_dist,51,reserve,2056,699.631,7.612
CBM_dist,51,reserve,2057,703.967,7.661
CBM_dist,51,reserve,2058,708.273,7.71
CBM_dist,51,reserve,2059,712.549,7.758
CBM_dist,51,reserve,2060,716.794,7.806
CBM_dist,51,reserve,2061,721.008,7.854
CBM_dist,51,reserve,2062,725.194,7.901
CBM_dist,51,reserve,2063,729.348,7.948
CBM_dist,51,reserve,2064,733.473,7.995
CBM_dist,51,reserve,2065,737.569,8.042
CBM_dist,51,reserve,2066,741.635,8.088
CBM_dist,51,reserve,2067,745.673,8.134
CBM_dist,51,reserve,2068,749.681,8.179
CBM_dist,51,reserve,2069,753.66,8.225
CBM_dist,51,reserve,2070,757.611,8.27
CBM_dist,51,reserve,2071,761.533,8.315
CBM_dist,51,reserve,2072,765.428,8.359
CBM_dist,51,reserve,2073,769.294,8.403
CBM_dist,51,reserve,2074,773.132,8.447
CBM_dist,51,reserve,2075,776.942,8.491
CBM_dist,51,reserve,2076,780.725,8.534
CBM_dist,51,reserve,2077,784.481,8.577
CBM_dist,51,reserve,2078,788.209,8.62
CBM_dist,51,reserve,2079,791.91,8.662
CBM_dist,51,reserve,2080,795.584,8.704
CBM_dist,51,reserve,2081,799.231,8.746
CBM_dist,51,reserve,2082,802.852,8.788
CBM_dist,51,reserve,2083,806.446,8.829
CBM_dist,51,reserve,2084,810.014,8.871
CBM_dist,51,reserve,2085,813.557,8.911
CBM_dist,51,reserve,2086,817.073,8.952
CBM_dist,51,reserve,2087,820.563,8.992
CBM_dist,51,reserve,2088,824.028,9.032
CBM_dist,51,reserve,2089,827.468,9.072
CBM_dist,51,reserve,2090,830.881,9.112
CBM_dist,51,reserve,2091,834.27,9.151
CBM_dist,51,reserve,2092,837.635,9.19
CBM_dist,51,reserve,2093,840.973,9.229
CBM_dist,51,reserve,2094,844.288,9.268
CBM_dist,51,reserve,2095,847.578,9.306
CBM_dist,51,reserve,2096,850.844,9.344
CBM_dist,51,reserve,2097,854.085,9.382
CBM_dist,51,reserve,2098,857.302,9.42
CBM_dist,51,reserve,2099,860.495,9.457
CBM_dist,51,reserve,2100,863.665,9.494
CBM_dist,53,reserve,2025,818.67,8.269
CBM_dist,53,reserve,2026,821.568,8.314
CBM_dist,53,reserve,2027,824.33,8.359
CBM_dist,53,reserve,2028,826.961,8.403
CBM_dist,53,reserve,2029,829.462,8.446
CBM_dist,53,reserve,2030,831.833,8.489
CBM_dist,53,reserve,2031,834.074,8.53
CBM_dist,53,reserve,2032,836.191,8.571
CBM_dist,53,reserve,2033,838.182,8.611
CBM_dist,53,reserve,2034,840.058,8.65
CBM_dist,53,reserve,2035,841.834,8.689
CBM_dist,53,reserve,2036,843.51,8.727
CBM_dist,53,reserve,2037,845.086,8.765
CBM_dist,53,reserve,2038,846.562,8.802
CBM_dist,53,reserve,2039,847.937,8.838
CBM_dist,53,reserve,2040,849.217,8.874
CBM_dist,53,reserve,2041,850.4,8.91
CBM_dist,53,reserve,2042,851.489,8.945
CBM_dist,53,reserve,2043,852.481,8.98
CBM_dist,53,reserve,2044,853.38,9.014
CBM_dist,53,reserve,2045,854.181,9.048
CBM_dist,53,reserve,2046,854.887,9.081
CBM_dist,53,reserve,2047,855.497,9.114
CBM_dist,53,reserve,2048,856.012,9.146
CBM_dist,53,reserve,2049,856.434,9.177
CBM_dist,53,reserve,2050,856.762,9.209
CBM_dist,53,reserve,2051,856.997,9.239
CBM_dist,53,reserve,2052,857.14,9.27
CBM_dist,53,reserve,2053,857.192,9.299
CBM_dist,53,reserve,2054,857.154,9.329
CBM_dist,53,reserve,2055,857.036,9.358
CBM_dist,53,reserve,2056,856.837,9.386
CBM_dist,53,reserve,2057,856.561,9.414
CBM_dist,53,reserve,2058,856.205,9.442
CBM_dist,53,reserve,2059,855.773,9.47
CBM_dist,53,reserve,2060,855.262,9.497
CBM_dist,53,reserve,2061,854.677,9.524
CBM_dist,53,reserve,2062,854.014,9.55
CBM_dist,53,reserve,2063,853.276,9.577
CBM_dist,53,reserve,2064,852.464,9.602
CBM_dist,53,reserve,2065,851.582,9.628
CBM_dist,53,reserve,2066,850.63,9.653
CBM_dist,53,reserve,2067,849.611,9.678
CBM_dist,53,reserve,2068,848.524,9.703
CBM_dist,53,reserve,2069,847.367,9.727
CBM_dist,53,reserve,2070,846.143,9.751
CBM_dist,53,reserve,2071,844.849,9.775
CBM_dist,53,reserve,2072,843.489,9.798
CBM_dist,53,reserve,2073,842.058,9.822
CBM_dist,53,reserve,2074,840.559,9.844
CBM_dist,53,reserve,2075,838.997,9.867
CBM_dist,53,reserve,2076,837.371,9.889
CBM_dist,53,reserve,2077,835.682,9.911
CBM_dist,53,reserve,2078,833.928,9.933
CBM_dist,53,reserve,2079,832.111,9.954
CBM_dist,53,reserve,2080,830.228,9.975
CBM_dist,53,reserve,2081,828.28,9.996
CBM_dist,53,reserve,2082,826.266,10.017
CBM_dist,53,reserve,2083,824.189,10.037
CBM_dist,53,reserve,2084,822.045,10.057
CBM_dist,53,reserve,2085,819.839,10.076
CBM_dist,53,reserve,2086,817.573,10.095
CBM_dist,53,reserve,2087,815.247,10.114
CBM_dist,53,reserve,2088,812.858,10.133
CBM_dist,53,reserve,2089,810.409,10.151
CBM_dist,53,reserve,2090,807.897,10.169
CBM_dist,53,reserve,2091,805.325,10.187
CBM_dist,53,reserve,2092,802.691,10.204
CBM_dist,53,reserve,2093,799.997,10.221
CBM_dist,53,reserve,2094,797.241,10.237
CBM_dist,53,reserve,2095,794.429,10.254
CBM_dist,53,reserve,2096,791.56,10.269
CBM_dist,53,reserve,2097,788.635,10.285
CBM_dist,53,reserve,2098,785.653,10.3
CBM_dist,53,reserve,2099,782.617,10.315
CBM_dist,53,reserve,2100,779.525,10.33
CBM_dist,54,reserve,2025,438.59,5.658
CBM_dist,54,reserve,2026,442.632,5.712
CBM_dist,54,reserve,2027,446.645,5.766
CBM_dist,54,reserve,2028,450.629,5.819
CBM_dist,54,reserve,2029,454.585,5.872
CBM_dist,54,reserve,2030,458.512,5.925
CBM_dist,54,reserve,2031,462.411,5.977
CBM_dist,54,reserve,2032,466.281,6.029
CBM_dist,54,reserve,2033,470.123,6.08
CBM_dist,54,reserve,2034,473.938,6.132
CBM_dist,54,reserve,2035,477.726,6.183
CBM_dist,54,reserve,2036,481.485,6.233
CBM_dist,54,reserve,2037,485.218,6.284
CBM_dist,54,reserve,2038,488.923,6.333
CBM_dist,54,reserve,2039,492.602,6.383
CBM_dist,54,reserve,2040,496.252,6.432
CBM_dist,54,reserve,2041,499.878,6.481
CBM_dist,54,reserve,2042,503.476,6.53
CBM_dist,54,reserve,2043,507.049,6.578
CBM_dist,54,reserve,2044,510.595,6.626
CBM_dist,54,reserve,2045,514.114,6.674
CBM_dist,54,reserve,2046,517.609,6.722
CBM_dist,54,reserve,2047,521.078,6.769
CBM_dist,54,reserve,2048,524.521,6.816
CBM_dist,54,reserve,2049,527.939,6.862
CBM_dist,54,reserve,2050,531.332,6.908
CBM_dist,54,reserve,2051,534.7,6.954
CBM_dist,54,reserve,2052,538.043,7
CBM_dist,54,reserve,2053,541.36,7.045
CBM_dist,54,reserve,2054,544.655,7.09
CBM_dist,54,reserve,2055,547.923,7.135
CBM_dist,54,reserve,2056,551.169,7.179
CBM_dist,54,reserve,2057,554.389,7.223
CBM_dist,54,reserve,2058,557.587,7.267
CBM_dist,54,reserve,2059,560.76,7.311
CBM_dist,54,reserve,2060,563.909,7.354
CBM_dist,54,reserve,2061,567.035,7.397
CBM_dist,54,reserve,2062,570.138,7.44
CBM_dist,54,reserve,2063,573.218,7.482
CBM_dist,54,reserve,2064,576.274,7.524
CBM_dist,54,reserve,2065,579.307,7.566
CBM_dist,54,reserve,2066,582.318,7.608
CBM_dist,54,reserve,2067,585.306,7.649
CBM_dist,54,reserve,2068,588.271,7.69
CBM_dist,54,reserve,2069,591.215,7.731
CBM_dist,54,reserve,2070,594.136,7.771
CBM_dist,54,reserve,2071,597.035,7.812
CBM_dist,54,reserve,2072,599.912,7.852
CBM_dist,54,reserve,2073,602.767,7.891
CBM_dist,54,reserve,2074,605.6,7.931
CBM_dist,54,reserve,2075,608.412,7.97
CBM_dist,54,reserve,2076,611.203,8.009
CBM_dist,54,reserve,2077,613.971,8.048
CBM_dist,54,reserve,2078,616.719,8.086
CBM_dist,54,reserve,2079,619.447,8.125
CBM_dist,54,reserve,2080,622.152,8.163
CBM_dist,54,reserve,2081,624.838,8.2
CBM_dist,54,reserve,2082,627.502,8.238
CBM_dist,54,reserve,2083,630.147,8.275
CBM_dist,54,reserve,2084,632.771,8.312
CBM_dist,54,reserve,2085,635.374,8.349
CBM_dist,54,reserve,2086,637.958,8.385
CBM_dist,54,reserve,2087,640.521,8.421
CBM_dist,54,reserve,2088,643.065,8.458
CBM_dist,54,reserve,2089,645.588,8.493
CBM_dist,54,reserve,2090,648.092,8.529
CBM_dist,54,reserve,2091,650.578,8.564
CBM_dist,54,reserve,2092,653.042,8.599
CBM_dist,54,reserve,2093,655.489,8.634
CBM_dist,54,reserve,2094,657.916,8.669
CBM_dist,54,reserve,2095,660.323,8.703
CBM_dist,54,reserve,2096,662.711,8.737
CBM_dist,54,reserve,2097,665.082,8.771
CBM_dist,54,reserve,2098,667.433,8.805
CBM_dist,54,reserve,2099,669.765,8.839
CBM_dist,54,reserve,2100,672.08,8.872
CBM_dist,55,reserve,2025,396.22,3.17
CBM_dist,55,reserve,2026,400.628,3.206
CBM_dist,55,reserve,2027,404.99,3.242
CBM_dist,55,reserve,2028,409.304,3.277
CBM_dist,55,reserve,2029,413.573,3.313
CBM_dist,55,reserve,2030,417.796,3.347
CBM_dist,55,reserve,2031,421.974,3.382
CBM_dist,55,reserve,2032,426.106,3.416
CBM_dist,55,reserve,2033,430.195,3.45
CBM_dist,55,reserve,2034,434.24,3.483
CBM_dist,55,reserve,2035,438.24,3.516
CBM_dist,55,reserve,2036,442.198,3.549
CBM_dist,55,reserve,2037,446.113,3.581
CBM_dist,55,reserve,2038,449.986,3.614
CBM_dist,55,reserve,2039,453.818,3.645
CBM_dist,55,reserve,2040,457.608,3.677
CBM_dist,55,reserve,2041,461.355,3.708
CBM_dist,55,reserve,2042,465.064,3.739
CBM_dist,55,reserve,2043,468.731,3.769
CBM_dist,55,reserve,2044,472.359,3.8
CBM_dist,55,reserve,2045,475.948,3.83
CBM_dist,55,reserve,2046,479.496,3.859
CBM_dist,55,reserve,2047,483.006,3.889
CBM_dist,55,reserve,2048,486.479,3.918
CBM_dist,55,reserve,2049,489.913,3.946
CBM_dist,55,reserve,2050,493.309,3.975
CBM_dist,55,reserve,2051,496.669,4.003
CBM_dist,55,reserve,2052,499.991,4.031
CBM_dist,55,reserve,2053,503.277,4.059
CBM_dist,55,reserve,2054,506.526,4.086
CBM_dist,55,reserve,2055,509.74,4.113
CBM_dist,55,reserve,2056,512.918,4.14
CBM_dist,55,reserve,2057,516.061,4.166
CBM_dist,55,reserve,2058,519.169,4.193
CBM_dist,55,reserve,2059,522.242,4.219
CBM_dist,55,reserve,2060,525.283,4.244
CBM_dist,55,reserve,2061,528.288,4.27
CBM_dist,55,reserve,2062,531.26,4.295
CBM_dist,55,reserve,2063,534.199,4.32
CBM_dist,55,reserve,2064,537.106,4.345
CBM_dist,55,reserve,2065,539.979,4.369
CBM_dist,55,reserve,2066,542.821,4.394
CBM_dist,55,reserve,2067,545.63,4.418
CBM_dist,55,reserve,2068,548.408,4.441
CBM_dist,55,reserve,2069,551.154,4.465
CBM_dist,55,reserve,2070,553.87,4.488
CBM_dist,55,reserve,2071,556.555,4.511
CBM_dist,55,reserve,2072,559.209,4.534
CBM_dist,55,reserve,2073,561.833,4.557
CBM_dist,55,reserve,2074,564.428,4.579
CBM_dist,55,reserve,2075,566.992,4.601
CBM_dist,55,reserve,2076,569.528,4.623
CBM_dist,55,reserve,2077,572.035,4.645
CBM_dist,55,reserve,2078,574.513,4.666
CBM_dist,55,reserve,2079,576.962,4.688
CBM_dist,55,reserve,2080,579.384,4.709
CBM_dist,55,reserve,2081,581.776,4.73
CBM_dist,55,reserve,2082,584.143,4.75
CBM_dist,55,reserve,2083,586.481,4.771
CBM_dist,55,reserve,2084,588.792,4.791
CBM_dist,55,reserve,2085,591.077,4.811
CBM_dist,55,reserve,2086,593.335,4.831
CBM_dist,55,reserve,2087,595.566,4.85
CBM_dist,55,reserve,2088,597.772,4.87
CBM_dist,55,reserve,2089,599.951,4.889
CBM_dist,55,reserve,2090,602.106,4.908
CBM_dist,55,reserve,2091,604.234,4.927
CBM_dist,55,reserve,2092,606.338,4.946
CBM_dist,55,reserve,2093,608.417,4.964
CBM_dist,55,reserve,2094,610.471,4.983
CBM_dist,55,reserve,2095,612.501,5.001
CBM_dist,55,reserve,2096,614.507,5.019
CBM_dist,55,reserve,2097,616.489,5.036
CBM_dist,55,reserve,2098,618.446,5.054
CBM_dist,55,reserve,2099,620.381,5.071
CBM_dist,55,reserve,2100,622.293,5.089
CBM_dist,56,reserve,2025,131.59,2.553
CBM_dist,56,reserve,2026,133.732,2.596
CBM_dist,56,reserve,2027,135.849,2.638
CBM_dist,56,reserve,2028,137.941,2.68
CBM_dist,56,reserve,2029,140.007,2.722
CBM_dist,56,reserve,2030,142.048,2.763
CBM_dist,56,reserve,2031,144.063,2.803
CBM_dist,56,reserve,2032,146.051,2.844
CBM_dist,56,reserve,2033,148.014,2.883
CBM_dist,56,reserve,2034,149.949,2.923
CBM_dist,56,reserve,2035,151.856,2.962
CBM_dist,56,reserve,2036,153.732,3
CBM_dist,56,reserve,2037,155.578,3.038
CBM_dist,56,reserve,2038,157.394,3.075
CBM_dist,56,reserve,2039,159.179,3.111
CBM_dist,56,reserve,2040,160.935,3.148
CBM_dist,56,reserve,2041,162.659,3.183
CBM_dist,56,reserve,2042,164.353,3.218
CBM_dist,56,reserve,2043,166.016,3.253
CBM_dist,56,reserve,2044,167.648,3.287
CBM_dist,56,reserve,2045,169.251,3.32
CBM_dist,56,reserve,2046,170.823,3.353
CBM_dist,56,reserve,2047,172.365,3.386
CBM_dist,56,reserve,2048,173.876,3.418
CBM_dist,56,reserve,2049,175.357,3.449
CBM_dist,56,reserve,2050,176.808,3.48
CBM_dist,56,reserve,2051,178.228,3.51
CBM_dist,56,reserve,2052,179.618,3.54
CBM_dist,56,reserve,2053,180.977,3.57
CBM_dist,56,reserve,2054,182.307,3.598
CBM_dist,56,reserve,2055,183.61,3.627
CBM_dist,56,reserve,2056,184.887,3.655
CBM_dist,56,reserve,2057,186.139,3.682
CBM_dist,56,reserve,2058,187.364,3.709
CBM_dist,56,reserve,2059,188.564,3.736
CBM_dist,56,reserve,2060,189.739,3.762
CBM_dist,56,reserve,2061,190.888,3.788
CBM_dist,56,reserve,2062,192.01,3.813
CBM_dist,56,reserve,2063,193.107,3.838
CBM_dist,56,reserve,2064,194.178,3.862
CBM_dist,56,reserve,2065,195.225,3.886
CBM_dist,56,reserve,2066,196.248,3.91
CBM_dist,56,reserve,2067,197.247,3.933
CBM_dist,56,reserve,2068,198.222,3.956
CBM_dist,56,reserve,2069,199.174,3.978
CBM_dist,56,reserve,2070,200.101,4
CBM_dist,56,reserve,2071,201.003,4.022
CBM_dist,56,reserve,2072,201.883,4.043
CBM_dist,56,reserve,2073,202.739,4.064
CBM_dist,56,reserve,2074,203.569,4.084
CBM_dist,56,reserve,2075,204.38,4.104
CBM_dist,56,reserve,2076,205.171,4.124
CBM_dist,56,reserve,2077,205.942,4.144
CBM_dist,56,reserve,2078,206.692,4.163
CBM_dist,56,reserve,2079,207.421,4.181
CBM_dist,56,reserve,2080,208.131,4.2
CBM_dist,56,reserve,2081,208.82,4.218
CBM_dist,56,reserve,2082,209.489,4.236
CBM_dist,56,reserve,2083,210.137,4.253
CBM_dist,56,reserve,2084,210.765,4.27
CBM_dist,56,reserve,2085,211.374,4.287
CBM_dist,56,reserve,2086,211.963,4.304
CBM_dist,56,reserve,2087,212.531,4.32
CBM_dist,56,reserve,2088,213.079,4.336
CBM_dist,56,reserve,2089,213.608,4.351
CBM_dist,56,reserve,2090,214.116,4.366
CBM_dist,56,reserve,2091,214.604,4.381
CBM_dist,56,reserve,2092,215.073,4.396
CBM_dist,56,reserve,2093,215.522,4.41
CBM_dist,56,reserve,2094,215.951,4.424
CBM_dist,56,reserve,2095,216.363,4.438
CBM_dist,56,reserve,2096,216.761,4.451
CBM_dist,56,reserve,2097,217.141,4.464
CBM_dist,56,reserve,2098,217.505,4.477
CBM_dist,56,reserve,2099,217.853,4.49
CBM_dist,56,reserve,2100,218.185,4.502
