model,dom,scenario,year,agc_TgC_anchored,agc_TgC_anchored_se
CBM,01,reserve,2025,558.05,5.692
CBM,01,reserve,2026,571.311,5.827
CBM,01,reserve,2027,584.495,5.962
CBM,01,reserve,2028,597.606,6.096
CBM,01,reserve,2029,610.644,6.229
CBM,01,reserve,2030,623.61,6.361
CBM,01,reserve,2031,636.506,6.492
CBM,01,reserve,2032,649.332,6.623
CBM,01,reserve,2033,662.091,6.753
CBM,01,reserve,2034,674.783,6.883
CBM,01,reserve,2035,687.361,7.011
CBM,01,reserve,2036,699.828,7.138
CBM,01,reserve,2037,712.184,7.264
CBM,01,reserve,2038,724.431,7.389
CBM,01,reserve,2039,736.571,7.513
CBM,01,reserve,2040,748.603,7.636
CBM,01,reserve,2041,760.53,7.757
CBM,01,reserve,2042,772.353,7.878
CBM,01,reserve,2043,784.072,7.998
CBM,01,reserve,2044,795.69,8.116
CBM,01,reserve,2045,807.182,8.233
CBM,01,reserve,2046,818.55,8.349
CBM,01,reserve,2047,829.796,8.464
CBM,01,reserve,2048,840.919,8.577
CBM,01,reserve,2049,851.922,8.69
CBM,01,reserve,2050,862.805,8.801
CBM,01,reserve,2051,873.569,8.91
CBM,01,reserve,2052,884.215,9.019
CBM,01,reserve,2053,894.744,9.126
CBM,01,reserve,2054,905.156,9.233
CBM,01,reserve,2055,915.445,9.338
CBM,01,reserve,2056,925.61,9.441
CBM,01,reserve,2057,935.653,9.544
CBM,01,reserve,2058,945.575,9.645
CBM,01,reserve,2059,955.376,9.745
CBM,01,reserve,2060,965.056,9.844
CBM,01,reserve,2061,974.617,9.941
CBM,01,reserve,2062,984.06,10.037
CBM,01,reserve,2063,993.384,10.133
CBM,01,reserve,2064,1002.591,10.226
CBM,01,reserve,2065,1011.68,10.319
CBM,01,reserve,2066,1020.653,10.411
CBM,01,reserve,2067,1029.508,10.501
CBM,01,reserve,2068,1038.247,10.59
CBM,01,reserve,2069,1046.871,10.678
CBM,01,reserve,2070,1055.38,10.765
CBM,01,reserve,2071,1063.775,10.851
CBM,01,reserve,2072,1072.055,10.935
CBM,01,reserve,2073,1080.222,11.018
CBM,01,reserve,2074,1088.276,11.1
CBM,01,reserve,2075,1096.223,11.181
CBM,01,reserve,2076,1104.062,11.261
CBM,01,reserve,2077,1111.794,11.34
CBM,01,reserve,2078,1119.419,11.418
CBM,01,reserve,2079,1126.938,11.495
CBM,01,reserve,2080,1134.352,11.57
CBM,01,reserve,2081,1141.66,11.645
CBM,01,reserve,2082,1148.862,11.718
CBM,01,reserve,2083,1155.961,11.791
CBM,01,reserve,2084,1162.955,11.862
CBM,01,reserve,2085,1169.851,11.932
CBM,01,reserve,2086,1176.65,12.002
CBM,01,reserve,2087,1183.352,12.07
CBM,01,reserve,2088,1189.957,12.138
CBM,01,reserve,2089,1196.466,12.204
CBM,01,reserve,2090,1202.879,12.269
CBM,01,reserve,2091,1209.195,12.334
CBM,01,reserve,2092,1215.416,12.397
CBM,01,reserve,2093,1221.542,12.46
CBM,01,reserve,2094,1227.573,12.521
CBM,01,reserve,2095,1233.517,12.582
CBM,01,reserve,2096,1239.376,12.642
CBM,01,reserve,2097,1245.149,12.701
CBM,01,reserve,2098,1250.837,12.759
CBM,01,reserve,2099,1256.44,12.816
CBM,01,reserve,2100,1261.958,12.872
CBM,04,reserve,2025,135.23,2.421
CBM,04,reserve,2026,137.739,2.466
CBM,04,reserve,2027,140.217,2.51
CBM,04,reserve,2028,142.664,2.554
CBM,04,reserve,2029,145.08,2.597
CBM,04,reserve,2030,147.466,2.64
CBM,04,reserve,2031,149.82,2.682
CBM,04,reserve,2032,152.145,2.723
CBM,04,reserve,2033,154.438,2.764
CBM,04,reserve,2034,156.637,2.804
CBM,04,reserve,2035,158.807,2.843
CBM,04,reserve,2036,160.948,2.881
CBM,04,reserve,2037,163.061,2.919
CBM,04,reserve,2038,165.145,2.956
CBM,04,reserve,2039,167.199,2.993
CBM,04,reserve,2040,169.224,3.029
CBM,04,reserve,2041,171.218,3.065
CBM,04,reserve,2042,173.183,3.1
CBM,04,reserve,2043,175.118,3.135
CBM,04,reserve,2044,177.022,3.169
CBM,04,reserve,2045,178.897,3.202
CBM,04,reserve,2046,180.742,3.235
CBM,04,reserve,2047,182.558,3.268
CBM,04,reserve,2048,184.344,3.3
CBM,04,reserve,2049,186.1,3.331
CBM,04,reserve,2050,187.827,3.362
CBM,04,reserve,2051,189.523,3.392
CBM,04,reserve,2052,191.189,3.422
CBM,04,reserve,2053,192.826,3.452
CBM,04,reserve,2054,194.432,3.48
CBM,04,reserve,2055,196.013,3.509
CBM,04,reserve,2056,197.568,3.536
CBM,04,reserve,2057,199.099,3.564
CBM,04,reserve,2058,200.603,3.591
CBM,04,reserve,2059,202.082,3.617
CBM,04,reserve,2060,203.536,3.643
CBM,04,reserve,2061,204.964,3.669
CBM,04,reserve,2062,206.366,3.694
CBM,04,reserve,2063,207.743,3.719
CBM,04,reserve,2064,209.095,3.743
CBM,04,reserve,2065,210.423,3.767
CBM,04,reserve,2066,211.728,3.79
CBM,04,reserve,2067,213.011,3.813
CBM,04,reserve,2068,214.27,3.835
CBM,04,reserve,2069,215.507,3.858
CBM,04,reserve,2070,216.721,3.879
CBM,04,reserve,2071,217.911,3.901
CBM,04,reserve,2072,219.079,3.922
CBM,04,reserve,2073,220.223,3.942
CBM,04,reserve,2074,221.345,3.962
CBM,04,reserve,2075,222.447,3.982
CBM,04,reserve,2076,223.531,4.001
CBM,04,reserve,2077,224.595,4.02
CBM,04,reserve,2078,225.641,4.039
CBM,04,reserve,2079,226.667,4.057
CBM,04,reserve,2080,227.675,4.075
CBM,04,reserve,2081,228.663,4.093
CBM,04,reserve,2082,229.632,4.11
CBM,04,reserve,2083,230.582,4.127
CBM,04,reserve,2084,231.513,4.144
CBM,04,reserve,2085,232.427,4.16
CBM,04,reserve,2086,233.322,4.176
CBM,04,reserve,2087,234.2,4.192
CBM,04,reserve,2088,235.06,4.208
CBM,04,reserve,2089,235.902,4.223
CBM,04,reserve,2090,236.726,4.237
CBM,04,reserve,2091,237.533,4.252
CBM,04,reserve,2092,238.322,4.266
CBM,04,reserve,2093,239.093,4.28
CBM,04,reserve,2094,239.846,4.293
CBM,04,reserve,2095,240.585,4.306
CBM,04,reserve,2096,241.311,4.319
CBM,04,reserve,2097,242.022,4.332
CBM,04,reserve,2098,242.719,4.345
CBM,04,reserve,2099,243.402,4.357
CBM,04,reserve,2100,244.071,4.369
CBM,05,reserve,2025,464.86,4.835
CBM,05,reserve,2026,476.895,4.96
CBM,05,reserve,2027,488.906,5.085
CBM,05,reserve,2028,500.893,5.209
CBM,05,reserve,2029,512.857,5.334
CBM,05,reserve,2030,524.798,5.458
CBM,05,reserve,2031,536.718,5.582
CBM,05,reserve,2032,548.617,5.706
CBM,05,reserve,2033,560.496,5.829
CBM,05,reserve,2034,572.356,5.952
CBM,05,reserve,2035,584.14,6.075
CBM,05,reserve,2036,595.85,6.197
CBM,05,reserve,2037,607.488,6.318
CBM,05,reserve,2038,619.053,6.438
CBM,05,reserve,2039,630.548,6.558
CBM,05,reserve,2040,641.974,6.677
CBM,05,reserve,2041,653.33,6.795
CBM,05,reserve,2042,664.619,6.912
CBM,05,reserve,2043,675.841,7.029
CBM,05,reserve,2044,686.997,7.145
CBM,05,reserve,2045,698.055,7.26
CBM,05,reserve,2046,709.016,7.374
CBM,05,reserve,2047,719.881,7.487
CBM,05,reserve,2048,730.651,7.599
CBM,05,reserve,2049,741.327,7.71
CBM,05,reserve,2050,751.911,7.82
CBM,05,reserve,2051,762.402,7.929
CBM,05,reserve,2052,772.801,8.037
CBM,05,reserve,2053,783.111,8.144
CBM,05,reserve,2054,793.33,8.251
CBM,05,reserve,2055,803.445,8.356
CBM,05,reserve,2056,813.455,8.46
CBM,05,reserve,2057,823.361,8.563
CBM,05,reserve,2058,833.165,8.665
CBM,05,reserve,2059,842.868,8.766
CBM,05,reserve,2060,852.468,8.866
CBM,05,reserve,2061,861.969,8.964
CBM,05,reserve,2062,871.369,9.062
CBM,05,reserve,2063,880.671,9.159
CBM,05,reserve,2064,889.873,9.255
CBM,05,reserve,2065,898.971,9.349
CBM,05,reserve,2066,907.964,9.443
CBM,05,reserve,2067,916.854,9.535
CBM,05,reserve,2068,925.639,9.627
CBM,05,reserve,2069,934.322,9.717
CBM,05,reserve,2070,942.903,9.806
CBM,05,reserve,2071,951.382,9.894
CBM,05,reserve,2072,959.76,9.982
CBM,05,reserve,2073,968.037,10.068
CBM,05,reserve,2074,976.214,10.153
CBM,05,reserve,2075,984.292,10.237
CBM,05,reserve,2076,992.27,10.32
CBM,05,reserve,2077,1000.149,10.402
CBM,05,reserve,2078,1007.929,10.482
CBM,05,reserve,2079,1015.612,10.562
CBM,05,reserve,2080,1023.197,10.641
CBM,05,reserve,2081,1030.685,10.719
CBM,05,reserve,2082,1038.076,10.796
CBM,05,reserve,2083,1045.37,10.872
CBM,05,reserve,2084,1052.569,10.947
CBM,05,reserve,2085,1059.674,11.021
CBM,05,reserve,2086,1066.687,11.094
CBM,05,reserve,2087,1073.607,11.166
CBM,05,reserve,2088,1080.435,11.237
CBM,05,reserve,2089,1087.172,11.307
CBM,05,reserve,2090,1093.817,11.376
CBM,05,reserve,2091,1100.37,11.444
CBM,05,reserve,2092,1106.833,11.511
CBM,05,reserve,2093,1113.205,11.577
CBM,05,reserve,2094,1119.487,11.643
CBM,05,reserve,2095,1125.686,11.707
CBM,05,reserve,2096,1131.8,11.771
CBM,05,reserve,2097,1137.832,11.833
CBM,05,reserve,2098,1143.78,11.895
CBM,05,reserve,2099,1149.645,11.956
CBM,05,reserve,2100,1155.428,12.016
CBM,06,reserve,2025,1002.65,12.032
CBM,06,reserve,2026,1013.801,12.166
CBM,06,reserve,2027,1024.886,12.299
CBM,06,reserve,2028,1035.901,12.431
CBM,06,reserve,2029,1046.844,12.562
CBM,06,reserve,2030,1057.711,12.693
CBM,06,reserve,2031,1068.5,12.822
CBM,06,reserve,2032,1079.208,12.951
CBM,06,reserve,2033,1089.834,13.078
CBM,06,reserve,2034,1100.376,13.205
CBM,06,reserve,2035,1110.801,13.33
CBM,06,reserve,2036,1121.109,13.453
CBM,06,reserve,2037,1131.298,13.576
CBM,06,reserve,2038,1141.367,13.696
CBM,06,reserve,2039,1151.314,13.816
CBM,06,reserve,2040,1161.139,13.934
CBM,06,reserve,2041,1170.841,14.05
CBM,06,reserve,2042,1180.418,14.165
CBM,06,reserve,2043,1189.87,14.278
CBM,06,reserve,2044,1199.196,14.39
CBM,06,reserve,2045,1208.39,14.501
CBM,06,reserve,2046,1217.452,14.609
CBM,06,reserve,2047,1226.382,14.717
CBM,06,reserve,2048,1235.178,14.822
CBM,06,reserve,2049,1243.841,14.926
CBM,06,reserve,2050,1252.369,15.028
CBM,06,reserve,2051,1260.764,15.129
CBM,06,reserve,2052,1269.023,15.228
CBM,06,reserve,2053,1277.147,15.326
CBM,06,reserve,2054,1285.135,15.422
CBM,06,reserve,2055,1293.022,15.516
CBM,06,reserve,2056,1300.809,15.61
CBM,06,reserve,2057,1308.493,15.702
CBM,06,reserve,2058,1316.077,15.793
CBM,06,reserve,2059,1323.558,15.883
CBM,06,reserve,2060,1330.938,15.971
CBM,06,reserve,2061,1338.215,16.059
CBM,06,reserve,2062,1345.39,16.145
CBM,06,reserve,2063,1352.463,16.23
CBM,06,reserve,2064,1359.433,16.313
CBM,06,reserve,2065,1366.301,16.396
CBM,06,reserve,2066,1373.066,16.477
CBM,06,reserve,2067,1379.728,16.557
CBM,06,reserve,2068,1386.288,16.635
CBM,06,reserve,2069,1392.745,16.713
CBM,06,reserve,2070,1399.099,16.789
CBM,06,reserve,2071,1405.351,16.864
CBM,06,reserve,2072,1411.499,16.938
CBM,06,reserve,2073,1417.544,17.011
CBM,06,reserve,2074,1423.486,17.082
CBM,06,reserve,2075,1429.345,17.152
CBM,06,reserve,2076,1435.122,17.221
CBM,06,reserve,2077,1440.816,17.29
CBM,06,reserve,2078,1446.428,17.357
CBM,06,reserve,2079,1451.958,17.423
CBM,06,reserve,2080,1457.404,17.489
CBM,06,reserve,2081,1462.768,17.553
CBM,06,reserve,2082,1468.05,17.617
CBM,06,reserve,2083,1473.248,17.679
CBM,06,reserve,2084,1478.364,17.74
CBM,06,reserve,2085,1483.382,17.801
CBM,06,reserve,2086,1488.302,17.86
CBM,06,reserve,2087,1493.124,17.917
CBM,06,reserve,2088,1497.848,17.974
CBM,06,reserve,2089,1502.473,18.03
CBM,06,reserve,2090,1507.001,18.084
CBM,06,reserve,2091,1511.43,18.137
CBM,06,reserve,2092,1515.762,18.189
CBM,06,reserve,2093,1519.995,18.24
CBM,06,reserve,2094,1524.13,18.29
CBM,06,reserve,2095,1528.192,18.338
CBM,06,reserve,2096,1532.182,18.386
CBM,06,reserve,2097,1536.098,18.433
CBM,06,reserve,2098,1539.942,18.479
CBM,06,reserve,2099,1543.713,18.525
CBM,06,reserve,2100,1547.411,18.569
CBM,08,reserve,2025,271.63,3.64
CBM,08,reserve,2026,276.141,3.7
CBM,08,reserve,2027,280.609,3.76
CBM,08,reserve,2028,285.033,3.819
CBM,08,reserve,2029,289.414,3.878
CBM,08,reserve,2030,293.75,3.936
CBM,08,reserve,2031,298.042,3.994
CBM,08,reserve,2032,302.289,4.051
CBM,08,reserve,2033,306.49,4.107
CBM,08,reserve,2034,310.646,4.163
CBM,08,reserve,2035,314.749,4.218
CBM,08,reserve,2036,318.799,4.272
CBM,08,reserve,2037,322.797,4.325
CBM,08,reserve,2038,326.741,4.378
CBM,08,reserve,2039,330.633,4.43
CBM,08,reserve,2040,334.471,4.482
CBM,08,reserve,2041,338.255,4.533
CBM,08,reserve,2042,341.986,4.583
CBM,08,reserve,2043,345.663,4.632
CBM,08,reserve,2044,349.286,4.68
CBM,08,reserve,2045,352.856,4.728
CBM,08,reserve,2046,356.373,4.775
CBM,08,reserve,2047,359.837,4.822
CBM,08,reserve,2048,363.248,4.868
CBM,08,reserve,2049,366.605,4.913
CBM,08,reserve,2050,369.909,4.957
CBM,08,reserve,2051,373.159,5
CBM,08,reserve,2052,376.357,5.043
CBM,08,reserve,2053,379.5,5.085
CBM,08,reserve,2054,382.591,5.127
CBM,08,reserve,2055,385.634,5.167
CBM,08,reserve,2056,388.63,5.208
CBM,08,reserve,2057,391.578,5.247
CBM,08,reserve,2058,394.48,5.286
CBM,08,reserve,2059,397.334,5.324
CBM,08,reserve,2060,400.141,5.362
CBM,08,reserve,2061,402.901,5.399
CBM,08,reserve,2062,405.613,5.435
CBM,08,reserve,2063,408.279,5.471
CBM,08,reserve,2064,410.897,5.506
CBM,08,reserve,2065,413.472,5.541
CBM,08,reserve,2066,416.005,5.574
CBM,08,reserve,2067,418.495,5.608
CBM,08,reserve,2068,420.943,5.641
CBM,08,reserve,2069,423.348,5.673
CBM,08,reserve,2070,425.711,5.705
CBM,08,reserve,2071,428.031,5.736
CBM,08,reserve,2072,430.309,5.766
CBM,08,reserve,2073,432.544,5.796
CBM,08,reserve,2074,434.737,5.825
CBM,08,reserve,2075,436.893,5.854
CBM,08,reserve,2076,439.013,5.883
CBM,08,reserve,2077,441.097,5.911
CBM,08,reserve,2078,443.145,5.938
CBM,08,reserve,2079,445.157,5.965
CBM,08,reserve,2080,447.133,5.992
CBM,08,reserve,2081,449.072,6.018
CBM,08,reserve,2082,450.976,6.043
CBM,08,reserve,2083,452.843,6.068
CBM,08,reserve,2084,454.674,6.093
CBM,08,reserve,2085,456.473,6.117
CBM,08,reserve,2086,458.238,6.14
CBM,08,reserve,2087,459.971,6.164
CBM,08,reserve,2088,461.672,6.186
CBM,08,reserve,2089,463.34,6.209
CBM,08,reserve,2090,464.975,6.231
CBM,08,reserve,2091,466.577,6.252
CBM,08,reserve,2092,468.147,6.273
CBM,08,reserve,2093,469.684,6.294
CBM,08,reserve,2094,471.189,6.314
CBM,08,reserve,2095,472.667,6.334
CBM,08,reserve,2096,474.118,6.353
CBM,08,reserve,2097,475.543,6.372
CBM,08,reserve,2098,476.94,6.391
CBM,08,reserve,2099,478.312,6.409
CBM,08,reserve,2100,479.656,6.427
CBM,09,reserve,2025,64.47,2.147
CBM,09,reserve,2026,66.502,2.215
CBM,09,reserve,2027,68.539,2.282
CBM,09,reserve,2028,70.58,2.35
CBM,09,reserve,2029,72.625,2.418
CBM,09,reserve,2030,74.675,2.487
CBM,09,reserve,2031,76.731,2.555
CBM,09,reserve,2032,78.793,2.624
CBM,09,reserve,2033,80.861,2.693
CBM,09,reserve,2034,82.934,2.762
CBM,09,reserve,2035,84.995,2.83
CBM,09,reserve,2036,87.044,2.899
CBM,09,reserve,2037,89.082,2.966
CBM,09,reserve,2038,91.107,3.034
CBM,09,reserve,2039,93.121,3.101
CBM,09,reserve,2040,95.124,3.168
CBM,09,reserve,2041,97.115,3.234
CBM,09,reserve,2042,99.095,3.3
CBM,09,reserve,2043,101.065,3.365
CBM,09,reserve,2044,103.023,3.431
CBM,09,reserve,2045,104.984,3.496
CBM,09,reserve,2046,106.948,3.561
CBM,09,reserve,2047,108.914,3.627
CBM,09,reserve,2048,110.883,3.692
CBM,09,reserve,2049,112.854,3.758
CBM,09,reserve,2050,114.828,3.824
CBM,09,reserve,2051,116.804,3.89
CBM,09,reserve,2052,118.783,3.955
CBM,09,reserve,2053,120.764,4.021
CBM,09,reserve,2054,122.748,4.088
CBM,09,reserve,2055,124.737,4.154
CBM,09,reserve,2056,126.731,4.22
CBM,09,reserve,2057,128.73,4.287
CBM,09,reserve,2058,130.734,4.353
CBM,09,reserve,2059,132.744,4.42
CBM,09,reserve,2060,134.759,4.487
CBM,09,reserve,2061,136.779,4.555
CBM,09,reserve,2062,138.804,4.622
CBM,09,reserve,2063,140.835,4.69
CBM,09,reserve,2064,142.872,4.758
CBM,09,reserve,2065,144.897,4.825
CBM,09,reserve,2066,146.912,4.892
CBM,09,reserve,2067,148.915,4.959
CBM,09,reserve,2068,150.908,5.025
CBM,09,reserve,2069,152.89,5.091
CBM,09,reserve,2070,154.862,5.157
CBM,09,reserve,2071,156.823,5.222
CBM,09,reserve,2072,158.773,5.287
CBM,09,reserve,2073,160.714,5.352
CBM,09,reserve,2074,162.643,5.416
CBM,09,reserve,2075,164.562,5.48
CBM,09,reserve,2076,166.471,5.543
CBM,09,reserve,2077,168.368,5.607
CBM,09,reserve,2078,170.255,5.669
CBM,09,reserve,2079,172.132,5.732
CBM,09,reserve,2080,173.998,5.794
CBM,09,reserve,2081,175.854,5.856
CBM,09,reserve,2082,177.7,5.917
CBM,09,reserve,2083,179.535,5.979
CBM,09,reserve,2084,181.361,6.039
CBM,09,reserve,2085,183.075,6.096
CBM,09,reserve,2086,184.678,6.15
CBM,09,reserve,2087,186.17,6.199
CBM,09,reserve,2088,187.551,6.245
CBM,09,reserve,2089,188.821,6.288
CBM,09,reserve,2090,189.981,6.326
CBM,09,reserve,2091,191.031,6.361
CBM,09,reserve,2092,191.971,6.393
CBM,09,reserve,2093,192.8,6.42
CBM,09,reserve,2094,193.521,6.444
CBM,09,reserve,2095,194.201,6.467
CBM,09,reserve,2096,194.84,6.488
CBM,09,reserve,2097,195.439,6.508
CBM,09,reserve,2098,195.998,6.527
CBM,09,reserve,2099,196.517,6.544
CBM,09,reserve,2100,196.996,6.56
CBM,10,reserve,2025,12.66,0.786
CBM,10,reserve,2026,13.01,0.808
CBM,10,reserve,2027,13.362,0.83
CBM,10,reserve,2028,13.714,0.852
CBM,10,reserve,2029,14.066,0.874
CBM,10,reserve,2030,14.42,0.895
CBM,10,reserve,2031,14.774,0.917
CBM,10,reserve,2032,15.129,0.94
CBM,10,reserve,2033,15.485,0.962
CBM,10,reserve,2034,15.842,0.984
CBM,10,reserve,2035,16.198,1.006
CBM,10,reserve,2036,16.553,1.028
CBM,10,reserve,2037,16.906,1.05
CBM,10,reserve,2038,17.259,1.072
CBM,10,reserve,2039,17.611,1.094
CBM,10,reserve,2040,17.961,1.115
CBM,10,reserve,2041,18.311,1.137
CBM,10,reserve,2042,18.66,1.159
CBM,10,reserve,2043,19.008,1.18
CBM,10,reserve,2044,19.355,1.202
CBM,10,reserve,2045,19.7,1.223
CBM,10,reserve,2046,20.043,1.245
CBM,10,reserve,2047,20.384,1.266
CBM,10,reserve,2048,20.722,1.287
CBM,10,reserve,2049,21.059,1.308
CBM,10,reserve,2050,21.394,1.329
CBM,10,reserve,2051,21.726,1.349
CBM,10,reserve,2052,22.057,1.37
CBM,10,reserve,2053,22.386,1.39
CBM,10,reserve,2054,22.713,1.41
CBM,10,reserve,2055,23.037,1.431
CBM,10,reserve,2056,23.359,1.451
CBM,10,reserve,2057,23.678,1.47
CBM,10,reserve,2058,23.994,1.49
CBM,10,reserve,2059,24.308,1.51
CBM,10,reserve,2060,24.619,1.529
CBM,10,reserve,2061,24.928,1.548
CBM,10,reserve,2062,25.235,1.567
CBM,10,reserve,2063,25.539,1.586
CBM,10,reserve,2064,25.84,1.605
CBM,10,reserve,2065,26.139,1.623
CBM,10,reserve,2066,26.435,1.642
CBM,10,reserve,2067,26.728,1.66
CBM,10,reserve,2068,27.018,1.678
CBM,10,reserve,2069,27.305,1.696
CBM,10,reserve,2070,27.59,1.713
CBM,10,reserve,2071,27.871,1.731
CBM,10,reserve,2072,28.15,1.748
CBM,10,reserve,2073,28.427,1.765
CBM,10,reserve,2074,28.7,1.782
CBM,10,reserve,2075,28.971,1.799
CBM,10,reserve,2076,29.238,1.816
CBM,10,reserve,2077,29.503,1.832
CBM,10,reserve,2078,29.765,1.848
CBM,10,reserve,2079,30.025,1.865
CBM,10,reserve,2080,30.281,1.88
CBM,10,reserve,2081,30.535,1.896
CBM,10,reserve,2082,30.786,1.912
CBM,10,reserve,2083,31.034,1.927
CBM,10,reserve,2084,31.279,1.942
CBM,10,reserve,2085,31.521,1.957
CBM,10,reserve,2086,31.761,1.972
CBM,10,reserve,2087,31.998,1.987
CBM,10,reserve,2088,32.232,2.002
CBM,10,reserve,2089,32.463,2.016
CBM,10,reserve,2090,32.692,2.03
CBM,10,reserve,2091,32.917,2.044
CBM,10,reserve,2092,33.14,2.058
CBM,10,reserve,2093,33.361,2.072
CBM,10,reserve,2094,33.578,2.085
CBM,10,reserve,2095,33.793,2.099
CBM,10,reserve,2096,34.005,2.112
CBM,10,reserve,2097,34.215,2.125
CBM,10,reserve,2098,34.422,2.138
CBM,10,reserve,2099,34.626,2.15
CBM,10,reserve,2100,34.828,2.163
CBM,12,reserve,2025,320.05,5.537
CBM,12,reserve,2026,327.775,5.671
CBM,12,reserve,2027,335.469,5.804
CBM,12,reserve,2028,343.132,5.936
CBM,12,reserve,2029,350.764,6.068
CBM,12,reserve,2030,358.367,6.2
CBM,12,reserve,2031,365.941,6.331
CBM,12,reserve,2032,373.487,6.461
CBM,12,reserve,2033,381.004,6.591
CBM,12,reserve,2034,388.495,6.721
CBM,12,reserve,2035,395.928,6.85
CBM,12,reserve,2036,403.304,6.977
CBM,12,reserve,2037,410.624,7.104
CBM,12,reserve,2038,417.889,7.229
CBM,12,reserve,2039,425.099,7.354
CBM,12,reserve,2040,432.255,7.478
CBM,12,reserve,2041,439.358,7.601
CBM,12,reserve,2042,446.408,7.723
CBM,12,reserve,2043,453.406,7.844
CBM,12,reserve,2044,460.351,7.964
CBM,12,reserve,2045,467.23,8.083
CBM,12,reserve,2046,474.041,8.201
CBM,12,reserve,2047,480.785,8.318
CBM,12,reserve,2048,487.464,8.433
CBM,12,reserve,2049,494.077,8.548
CBM,12,reserve,2050,500.626,8.661
CBM,12,reserve,2051,507.11,8.773
CBM,12,reserve,2052,513.53,8.884
CBM,12,reserve,2053,519.886,8.994
CBM,12,reserve,2054,526.18,9.103
CBM,12,reserve,2055,532.406,9.211
CBM,12,reserve,2056,538.564,9.317
CBM,12,reserve,2057,544.656,9.423
CBM,12,reserve,2058,550.681,9.527
CBM,12,reserve,2059,556.64,9.63
CBM,12,reserve,2060,562.533,9.732
CBM,12,reserve,2061,568.361,9.833
CBM,12,reserve,2062,574.124,9.932
CBM,12,reserve,2063,579.823,10.031
CBM,12,reserve,2064,585.457,10.128
CBM,12,reserve,2065,591.024,10.225
CBM,12,reserve,2066,596.525,10.32
CBM,12,reserve,2067,601.959,10.414
CBM,12,reserve,2068,607.328,10.507
CBM,12,reserve,2069,612.631,10.599
CBM,12,reserve,2070,617.869,10.689
CBM,12,reserve,2071,623.042,10.779
CBM,12,reserve,2072,628.151,10.867
CBM,12,reserve,2073,633.195,10.954
CBM,12,reserve,2074,638.174,11.04
CBM,12,reserve,2075,643.092,11.125
CBM,12,reserve,2076,647.948,11.21
CBM,12,reserve,2077,652.743,11.292
CBM,12,reserve,2078,657.477,11.374
CBM,12,reserve,2079,662.149,11.455
CBM,12,reserve,2080,666.761,11.535
CBM,12,reserve,2081,671.312,11.614
CBM,12,reserve,2082,675.803,11.691
CBM,12,reserve,2083,680.233,11.768
CBM,12,reserve,2084,684.604,11.844
CBM,12,reserve,2085,688.916,11.918
CBM,12,reserve,2086,693.169,11.992
CBM,12,reserve,2087,697.365,12.064
CBM,12,reserve,2088,701.502,12.136
CBM,12,reserve,2089,705.581,12.207
CBM,12,reserve,2090,709.603,12.276
CBM,12,reserve,2091,713.567,12.345
CBM,12,reserve,2092,717.473,12.412
CBM,12,reserve,2093,721.322,12.479
CBM,12,reserve,2094,725.114,12.544
CBM,12,reserve,2095,728.854,12.609
CBM,12,reserve,2096,732.543,12.673
CBM,12,reserve,2097,736.18,12.736
CBM,12,reserve,2098,739.766,12.798
CBM,12,reserve,2099,743.301,12.859
CBM,12,reserve,2100,746.784,12.919
CBM,13,reserve,2025,590.06,6.255
CBM,13,reserve,2026,597.836,6.337
CBM,13,reserve,2027,605.569,6.419
CBM,13,reserve,2028,613.265,6.501
CBM,13,reserve,2029,620.928,6.582
CBM,13,reserve,2030,628.56,6.663
CBM,13,reserve,2031,636.151,6.743
CBM,13,reserve,2032,643.716,6.823
CBM,13,reserve,2033,651.263,6.903
CBM,13,reserve,2034,658.79,6.983
CBM,13,reserve,2035,666.284,7.063
CBM,13,reserve,2036,673.747,7.142
CBM,13,reserve,2037,681.175,7.22
CBM,13,reserve,2038,688.56,7.299
CBM,13,reserve,2039,695.895,7.376
CBM,13,reserve,2040,703.171,7.454
CBM,13,reserve,2041,710.398,7.53
CBM,13,reserve,2042,717.559,7.606
CBM,13,reserve,2043,724.647,7.681
CBM,13,reserve,2044,731.662,7.756
CBM,13,reserve,2045,738.598,7.829
CBM,13,reserve,2046,745.452,7.902
CBM,13,reserve,2047,752.229,7.974
CBM,13,reserve,2048,758.93,8.045
CBM,13,reserve,2049,765.554,8.115
CBM,13,reserve,2050,772.103,8.184
CBM,13,reserve,2051,778.574,8.253
CBM,13,reserve,2052,784.968,8.321
CBM,13,reserve,2053,791.287,8.388
CBM,13,reserve,2054,797.532,8.454
CBM,13,reserve,2055,803.703,8.519
CBM,13,reserve,2056,809.796,8.584
CBM,13,reserve,2057,815.818,8.648
CBM,13,reserve,2058,821.767,8.711
CBM,13,reserve,2059,827.645,8.773
CBM,13,reserve,2060,834.313,8.844
CBM,13,reserve,2061,840.92,8.914
CBM,13,reserve,2062,847.482,8.983
CBM,13,reserve,2063,853.982,9.052
CBM,13,reserve,2064,860.421,9.12
CBM,13,reserve,2065,866.803,9.188
CBM,13,reserve,2066,873.123,9.255
CBM,13,reserve,2067,879.385,9.321
CBM,13,reserve,2068,885.589,9.387
CBM,13,reserve,2069,891.735,9.452
CBM,13,reserve,2070,896.962,9.508
CBM,13,reserve,2071,902.118,9.562
CBM,13,reserve,2072,907.192,9.616
CBM,13,reserve,2073,912.199,9.669
CBM,13,reserve,2074,917.138,9.722
CBM,13,reserve,2075,922.724,9.781
CBM,13,reserve,2076,928.19,9.839
CBM,13,reserve,2077,933.537,9.895
CBM,13,reserve,2078,938.765,9.951
CBM,13,reserve,2079,943.874,10.005
CBM,13,reserve,2080,948.887,10.058
CBM,13,reserve,2081,953.783,10.11
CBM,13,reserve,2082,958.567,10.161
CBM,13,reserve,2083,963.233,10.21
CBM,13,reserve,2084,967.781,10.258
CBM,13,reserve,2085,971.396,10.297
CBM,13,reserve,2086,974.83,10.333
CBM,13,reserve,2087,978.083,10.368
CBM,13,reserve,2088,981.156,10.4
CBM,13,reserve,2089,984.046,10.431
CBM,13,reserve,2090,986.764,10.46
CBM,13,reserve,2091,989.3,10.487
CBM,13,reserve,2092,991.647,10.511
CBM,13,reserve,2093,993.813,10.534
CBM,13,reserve,2094,995.798,10.555
CBM,13,reserve,2095,997.74,10.576
CBM,13,reserve,2096,999.646,10.596
CBM,13,reserve,2097,1001.517,10.616
CBM,13,reserve,2098,1003.353,10.636
CBM,13,reserve,2099,1005.152,10.655
CBM,13,reserve,2100,1006.899,10.673
CBM,16,reserve,2025,417.43,5.844
CBM,16,reserve,2026,422.256,5.912
CBM,16,reserve,2027,426.991,5.978
CBM,16,reserve,2028,431.637,6.043
CBM,16,reserve,2029,436.195,6.107
CBM,16,reserve,2030,440.667,6.169
CBM,16,reserve,2031,445.055,6.231
CBM,16,reserve,2032,449.36,6.291
CBM,16,reserve,2033,453.582,6.35
CBM,16,reserve,2034,457.73,6.408
CBM,16,reserve,2035,461.8,6.465
CBM,16,reserve,2036,465.794,6.521
CBM,16,reserve,2037,469.715,6.576
CBM,16,reserve,2038,473.563,6.63
CBM,16,reserve,2039,477.34,6.683
CBM,16,reserve,2040,481.048,6.735
CBM,16,reserve,2041,484.687,6.786
CBM,16,reserve,2042,488.26,6.836
CBM,16,reserve,2043,491.77,6.885
CBM,16,reserve,2044,495.219,6.933
CBM,16,reserve,2045,498.609,6.981
CBM,16,reserve,2046,501.942,7.027
CBM,16,reserve,2047,505.219,7.073
CBM,16,reserve,2048,508.441,7.118
CBM,16,reserve,2049,511.609,7.163
CBM,16,reserve,2050,514.724,7.206
CBM,16,reserve,2051,517.785,7.249
CBM,16,reserve,2052,520.794,7.291
CBM,16,reserve,2053,523.751,7.333
CBM,16,reserve,2054,526.656,7.373
CBM,16,reserve,2055,529.51,7.413
CBM,16,reserve,2056,532.315,7.452
CBM,16,reserve,2057,535.071,7.491
CBM,16,reserve,2058,537.778,7.529
CBM,16,reserve,2059,540.436,7.566
CBM,16,reserve,2060,543.046,7.603
CBM,16,reserve,2061,545.608,7.639
CBM,16,reserve,2062,548.122,7.674
CBM,16,reserve,2063,550.588,7.708
CBM,16,reserve,2064,553.008,7.742
CBM,16,reserve,2065,555.386,7.775
CBM,16,reserve,2066,557.723,7.808
CBM,16,reserve,2067,560.019,7.84
CBM,16,reserve,2068,562.275,7.872
CBM,16,reserve,2069,564.491,7.903
CBM,16,reserve,2070,566.666,7.933
CBM,16,reserve,2071,568.801,7.963
CBM,16,reserve,2072,570.897,7.993
CBM,16,reserve,2073,572.953,8.021
CBM,16,reserve,2074,574.969,8.05
CBM,16,reserve,2075,576.948,8.077
CBM,16,reserve,2076,578.892,8.104
CBM,16,reserve,2077,580.8,8.131
CBM,16,reserve,2078,582.671,8.157
CBM,16,reserve,2079,584.507,8.183
CBM,16,reserve,2080,586.307,8.208
CBM,16,reserve,2081,588.071,8.233
CBM,16,reserve,2082,589.8,8.257
CBM,16,reserve,2083,591.494,8.281
CBM,16,reserve,2084,593.152,8.304
CBM,16,reserve,2085,594.782,8.327
CBM,16,reserve,2086,596.384,8.349
CBM,16,reserve,2087,597.958,8.371
CBM,16,reserve,2088,599.504,8.393
CBM,16,reserve,2089,601.022,8.414
CBM,16,reserve,2090,602.512,8.435
CBM,16,reserve,2091,603.974,8.456
CBM,16,reserve,2092,605.408,8.476
CBM,16,reserve,2093,606.815,8.495
CBM,16,reserve,2094,608.194,8.515
CBM,16,reserve,2095,609.547,8.534
CBM,16,reserve,2096,610.875,8.552
CBM,16,reserve,2097,612.178,8.57
CBM,16,reserve,2098,613.455,8.588
CBM,16,reserve,2099,614.707,8.606
CBM,16,reserve,2100,615.934,8.623
CBM,17,reserve,2025,150.46,3.521
CBM,17,reserve,2026,154.795,3.622
CBM,17,reserve,2027,159.15,3.724
CBM,17,reserve,2028,163.526,3.827
CBM,17,reserve,2029,167.922,3.929
CBM,17,reserve,2030,172.339,4.033
CBM,17,reserve,2031,176.776,4.137
CBM,17,reserve,2032,181.234,4.241
CBM,17,reserve,2033,185.711,4.346
CBM,17,reserve,2034,190.209,4.451
CBM,17,reserve,2035,194.699,4.556
CBM,17,reserve,2036,199.18,4.661
CBM,17,reserve,2037,203.653,4.765
CBM,17,reserve,2038,208.119,4.87
CBM,17,reserve,2039,212.577,4.974
CBM,17,reserve,2040,217.029,5.078
CBM,17,reserve,2041,221.473,5.182
CBM,17,reserve,2042,225.911,5.286
CBM,17,reserve,2043,230.343,5.39
CBM,17,reserve,2044,234.769,5.494
CBM,17,reserve,2045,239.17,5.597
CBM,17,reserve,2046,243.547,5.699
CBM,17,reserve,2047,247.899,5.801
CBM,17,reserve,2048,252.228,5.902
CBM,17,reserve,2049,256.534,6.003
CBM,17,reserve,2050,260.816,6.103
CBM,17,reserve,2051,265.076,6.203
CBM,17,reserve,2052,269.313,6.302
CBM,17,reserve,2053,273.528,6.401
CBM,17,reserve,2054,277.721,6.499
CBM,17,reserve,2055,281.882,6.596
CBM,17,reserve,2056,286.009,6.693
CBM,17,reserve,2057,290.105,6.788
CBM,17,reserve,2058,294.169,6.884
CBM,17,reserve,2059,298.202,6.978
CBM,17,reserve,2060,302.203,7.072
CBM,17,reserve,2061,306.173,7.164
CBM,17,reserve,2062,310.112,7.257
CBM,17,reserve,2063,314.021,7.348
CBM,17,reserve,2064,317.9,7.439
CBM,17,reserve,2065,321.742,7.529
CBM,17,reserve,2066,325.548,7.618
CBM,17,reserve,2067,329.318,7.706
CBM,17,reserve,2068,333.051,7.793
CBM,17,reserve,2069,336.749,7.88
CBM,17,reserve,2070,340.411,7.966
CBM,17,reserve,2071,344.038,8.05
CBM,17,reserve,2072,347.63,8.135
CBM,17,reserve,2073,351.188,8.218
CBM,17,reserve,2074,354.711,8.3
CBM,17,reserve,2075,358.196,8.382
CBM,17,reserve,2076,361.645,8.462
CBM,17,reserve,2077,365.056,8.542
CBM,17,reserve,2078,368.431,8.621
CBM,17,reserve,2079,371.77,8.699
CBM,17,reserve,2080,375.072,8.777
CBM,17,reserve,2081,378.338,8.853
CBM,17,reserve,2082,381.568,8.929
CBM,17,reserve,2083,384.763,9.003
CBM,17,reserve,2084,387.922,9.077
CBM,17,reserve,2085,391.044,9.15
CBM,17,reserve,2086,394.13,9.223
CBM,17,reserve,2087,397.18,9.294
CBM,17,reserve,2088,400.193,9.365
CBM,17,reserve,2089,403.171,9.434
CBM,17,reserve,2090,406.113,9.503
CBM,17,reserve,2091,409.019,9.571
CBM,17,reserve,2092,411.889,9.638
CBM,17,reserve,2093,414.724,9.705
CBM,17,reserve,2094,417.524,9.77
CBM,17,reserve,2095,420.29,9.835
CBM,17,reserve,2096,423.022,9.899
CBM,17,reserve,2097,425.72,9.962
CBM,17,reserve,2098,428.384,10.024
CBM,17,reserve,2099,431.015,10.086
CBM,17,reserve,2100,433.612,10.147
CBM,18,reserve,2025,178.8,4.112
CBM,18,reserve,2026,181.558,4.176
CBM,18,reserve,2027,184.302,4.239
CBM,18,reserve,2028,187.031,4.302
CBM,18,reserve,2029,189.745,4.364
CBM,18,reserve,2030,192.445,4.426
CBM,18,reserve,2031,195.127,4.488
CBM,18,reserve,2032,197.806,4.55
CBM,18,reserve,2033,200.47,4.611
CBM,18,reserve,2034,203.119,4.672
CBM,18,reserve,2035,205.75,4.732
CBM,18,reserve,2036,208.361,4.792
CBM,18,reserve,2037,210.953,4.852
CBM,18,reserve,2038,213.526,4.911
CBM,18,reserve,2039,216.08,4.97
CBM,18,reserve,2040,218.614,5.028
CBM,18,reserve,2041,221.128,5.086
CBM,18,reserve,2042,223.631,5.144
CBM,18,reserve,2043,226.112,5.201
CBM,18,reserve,2044,228.574,5.257
CBM,18,reserve,2045,231.013,5.313
CBM,18,reserve,2046,233.43,5.369
CBM,18,reserve,2047,235.824,5.424
CBM,18,reserve,2048,238.196,5.479
CBM,18,reserve,2049,240.546,5.533
CBM,18,reserve,2050,242.874,5.586
CBM,18,reserve,2051,245.18,5.639
CBM,18,reserve,2052,247.456,5.691
CBM,18,reserve,2053,249.717,5.743
CBM,18,reserve,2054,251.956,5.795
CBM,18,reserve,2055,254.174,5.846
CBM,18,reserve,2056,256.37,5.897
CBM,18,reserve,2057,258.544,5.947
CBM,18,reserve,2058,260.696,5.996
CBM,18,reserve,2059,262.826,6.045
CBM,18,reserve,2060,264.934,6.093
CBM,18,reserve,2061,267.02,6.141
CBM,18,reserve,2062,269.088,6.189
CBM,18,reserve,2063,271.131,6.236
CBM,18,reserve,2064,273.151,6.282
CBM,18,reserve,2065,275.149,6.328
CBM,18,reserve,2066,277.125,6.374
CBM,18,reserve,2067,279.079,6.419
CBM,18,reserve,2068,281.01,6.463
CBM,18,reserve,2069,282.92,6.507
CBM,18,reserve,2070,284.806,6.551
CBM,18,reserve,2071,286.671,6.593
CBM,18,reserve,2072,288.5,6.635
CBM,18,reserve,2073,290.307,6.677
CBM,18,reserve,2074,292.092,6.718
CBM,18,reserve,2075,293.824,6.758
CBM,18,reserve,2076,295.505,6.797
CBM,18,reserve,2077,297.133,6.834
CBM,18,reserve,2078,298.708,6.87
CBM,18,reserve,2079,300.232,6.905
CBM,18,reserve,2080,301.703,6.939
CBM,18,reserve,2081,303.121,6.972
CBM,18,reserve,2082,304.475,7.003
CBM,18,reserve,2083,305.78,7.033
CBM,18,reserve,2084,307.033,7.062
CBM,18,reserve,2085,308.204,7.089
CBM,18,reserve,2086,309.292,7.114
CBM,18,reserve,2087,310.299,7.137
CBM,18,reserve,2088,311.222,7.158
CBM,18,reserve,2089,312.064,7.177
CBM,18,reserve,2090,312.823,7.195
CBM,18,reserve,2091,313.5,7.211
CBM,18,reserve,2092,314.093,7.224
CBM,18,reserve,2093,314.601,7.236
CBM,18,reserve,2094,315.026,7.246
CBM,18,reserve,2095,315.442,7.255
CBM,18,reserve,2096,315.848,7.264
CBM,18,reserve,2097,316.244,7.274
CBM,18,reserve,2098,316.63,7.282
CBM,18,reserve,2099,317.007,7.291
CBM,18,reserve,2100,317.374,7.3
CBM,19,reserve,2025,72.67,2.434
CBM,19,reserve,2026,74.735,2.504
CBM,19,reserve,2027,76.81,2.573
CBM,19,reserve,2028,78.893,2.643
CBM,19,reserve,2029,80.985,2.713
CBM,19,reserve,2030,83.085,2.783
CBM,19,reserve,2031,85.195,2.854
CBM,19,reserve,2032,87.313,2.925
CBM,19,reserve,2033,89.44,2.996
CBM,19,reserve,2034,91.575,3.068
CBM,19,reserve,2035,93.706,3.139
CBM,19,reserve,2036,95.832,3.21
CBM,19,reserve,2037,97.954,3.281
CBM,19,reserve,2038,100.072,3.352
CBM,19,reserve,2039,102.185,3.423
CBM,19,reserve,2040,104.294,3.494
CBM,19,reserve,2041,106.4,3.564
CBM,19,reserve,2042,108.501,3.635
CBM,19,reserve,2043,110.599,3.705
CBM,19,reserve,2044,112.694,3.775
CBM,19,reserve,2045,114.776,3.845
CBM,19,reserve,2046,116.846,3.914
CBM,19,reserve,2047,118.904,3.983
CBM,19,reserve,2048,120.951,4.052
CBM,19,reserve,2049,122.986,4.12
CBM,19,reserve,2050,125.01,4.188
CBM,19,reserve,2051,127.022,4.255
CBM,19,reserve,2052,129.023,4.322
CBM,19,reserve,2053,131.013,4.389
CBM,19,reserve,2054,132.993,4.455
CBM,19,reserve,2055,134.956,4.521
CBM,19,reserve,2056,136.904,4.586
CBM,19,reserve,2057,138.837,4.651
CBM,19,reserve,2058,140.754,4.715
CBM,19,reserve,2059,142.656,4.779
CBM,19,reserve,2060,144.542,4.842
CBM,19,reserve,2061,146.414,4.905
CBM,19,reserve,2062,148.271,4.967
CBM,19,reserve,2063,150.113,5.029
CBM,19,reserve,2064,151.941,5.09
CBM,19,reserve,2065,153.751,5.151
CBM,19,reserve,2066,155.543,5.211
CBM,19,reserve,2067,157.318,5.27
CBM,19,reserve,2068,159.076,5.329
CBM,19,reserve,2069,160.817,5.387
CBM,19,reserve,2070,162.541,5.445
CBM,19,reserve,2071,164.249,5.502
CBM,19,reserve,2072,165.939,5.559
CBM,19,reserve,2073,167.613,5.615
CBM,19,reserve,2074,169.27,5.671
CBM,19,reserve,2075,170.909,5.725
CBM,19,reserve,2076,172.531,5.78
CBM,19,reserve,2077,174.135,5.834
CBM,19,reserve,2078,175.722,5.887
CBM,19,reserve,2079,177.292,5.939
CBM,19,reserve,2080,178.844,5.991
CBM,19,reserve,2081,180.379,6.043
CBM,19,reserve,2082,181.897,6.094
CBM,19,reserve,2083,183.398,6.144
CBM,19,reserve,2084,184.883,6.194
CBM,19,reserve,2085,186.349,6.243
CBM,19,reserve,2086,187.799,6.291
CBM,19,reserve,2087,189.231,6.339
CBM,19,reserve,2088,190.646,6.387
CBM,19,reserve,2089,192.044,6.433
CBM,19,reserve,2090,193.426,6.48
CBM,19,reserve,2091,194.79,6.525
CBM,19,reserve,2092,196.137,6.571
CBM,19,reserve,2093,197.468,6.615
CBM,19,reserve,2094,198.782,6.659
CBM,19,reserve,2095,200.079,6.703
CBM,19,reserve,2096,201.361,6.746
CBM,19,reserve,2097,202.627,6.788
CBM,19,reserve,2098,203.876,6.83
CBM,19,reserve,2099,205.11,6.871
CBM,19,reserve,2100,206.328,6.912
CBM,20,reserve,2025,48.76,1.941
CBM,20,reserve,2026,50.023,1.991
CBM,20,reserve,2027,51.289,2.041
CBM,20,reserve,2028,52.558,2.092
CBM,20,reserve,2029,53.83,2.142
CBM,20,reserve,2030,55.106,2.193
CBM,20,reserve,2031,56.385,2.244
CBM,20,reserve,2032,57.666,2.295
CBM,20,reserve,2033,58.951,2.346
CBM,20,reserve,2034,60.24,2.398
CBM,20,reserve,2035,61.523,2.449
CBM,20,reserve,2036,62.803,2.5
CBM,20,reserve,2037,64.078,2.55
CBM,20,reserve,2038,65.349,2.601
CBM,20,reserve,2039,66.616,2.651
CBM,20,reserve,2040,67.879,2.702
CBM,20,reserve,2041,69.138,2.752
CBM,20,reserve,2042,70.393,2.802
CBM,20,reserve,2043,71.644,2.851
CBM,20,reserve,2044,72.891,2.901
CBM,20,reserve,2045,74.13,2.95
CBM,20,reserve,2046,75.361,2.999
CBM,20,reserve,2047,76.583,3.048
CBM,20,reserve,2048,77.797,3.096
CBM,20,reserve,2049,79.004,3.144
CBM,20,reserve,2050,80.202,3.192
CBM,20,reserve,2051,81.392,3.239
CBM,20,reserve,2052,82.574,3.286
CBM,20,reserve,2053,83.749,3.333
CBM,20,reserve,2054,84.916,3.38
CBM,20,reserve,2055,86.073,3.426
CBM,20,reserve,2056,87.22,3.471
CBM,20,reserve,2057,88.357,3.517
CBM,20,reserve,2058,89.484,3.561
CBM,20,reserve,2059,90.602,3.606
CBM,20,reserve,2060,91.71,3.65
CBM,20,reserve,2061,92.808,3.694
CBM,20,reserve,2062,93.898,3.737
CBM,20,reserve,2063,94.977,3.78
CBM,20,reserve,2064,96.047,3.823
CBM,20,reserve,2065,97.107,3.865
CBM,20,reserve,2066,98.156,3.907
CBM,20,reserve,2067,99.194,3.948
CBM,20,reserve,2068,100.221,3.989
CBM,20,reserve,2069,101.238,4.029
CBM,20,reserve,2070,102.244,4.069
CBM,20,reserve,2071,103.24,4.109
CBM,20,reserve,2072,104.225,4.148
CBM,20,reserve,2073,105.2,4.187
CBM,20,reserve,2074,106.165,4.225
CBM,20,reserve,2075,107.119,4.263
CBM,20,reserve,2076,108.062,4.301
CBM,20,reserve,2077,108.995,4.338
CBM,20,reserve,2078,109.918,4.375
CBM,20,reserve,2079,110.83,4.411
CBM,20,reserve,2080,111.731,4.447
CBM,20,reserve,2081,112.622,4.482
CBM,20,reserve,2082,113.503,4.517
CBM,20,reserve,2083,114.374,4.552
CBM,20,reserve,2084,115.234,4.586
CBM,20,reserve,2085,116.084,4.62
CBM,20,reserve,2086,116.923,4.654
CBM,20,reserve,2087,117.752,4.687
CBM,20,reserve,2088,118.57,4.719
CBM,20,reserve,2089,119.379,4.751
CBM,20,reserve,2090,120.177,4.783
CBM,20,reserve,2091,120.964,4.814
CBM,20,reserve,2092,121.741,4.845
CBM,20,reserve,2093,122.509,4.876
CBM,20,reserve,2094,123.266,4.906
CBM,20,reserve,2095,124.013,4.936
CBM,20,reserve,2096,124.751,4.965
CBM,20,reserve,2097,125.479,4.994
CBM,20,reserve,2098,126.198,5.023
CBM,20,reserve,2099,126.907,5.051
CBM,20,reserve,2100,127.607,5.079
CBM,21,reserve,2025,393.71,4.764
CBM,21,reserve,2026,405.803,4.91
CBM,21,reserve,2027,417.96,5.057
CBM,21,reserve,2028,430.18,5.205
CBM,21,reserve,2029,442.464,5.354
CBM,21,reserve,2030,454.812,5.503
CBM,21,reserve,2031,467.224,5.653
CBM,21,reserve,2032,479.702,5.804
CBM,21,reserve,2033,492.244,5.956
CBM,21,reserve,2034,504.852,6.109
CBM,21,reserve,2035,517.448,6.261
CBM,21,reserve,2036,530.031,6.413
CBM,21,reserve,2037,542.603,6.565
CBM,21,reserve,2038,555.164,6.717
CBM,21,reserve,2039,567.716,6.869
CBM,21,reserve,2040,580.259,7.021
CBM,21,reserve,2041,592.794,7.173
CBM,21,reserve,2042,605.321,7.324
CBM,21,reserve,2043,617.841,7.476
CBM,21,reserve,2044,630.354,7.627
CBM,21,reserve,2045,642.809,7.778
CBM,21,reserve,2046,655.206,7.928
CBM,21,reserve,2047,667.546,8.077
CBM,21,reserve,2048,679.829,8.226
CBM,21,reserve,2049,692.057,8.374
CBM,21,reserve,2050,704.23,8.521
CBM,21,reserve,2051,716.35,8.668
CBM,21,reserve,2052,728.415,8.814
CBM,21,reserve,2053,740.428,8.959
CBM,21,reserve,2054,752.389,9.104
CBM,21,reserve,2055,764.265,9.248
CBM,21,reserve,2056,776.058,9.39
CBM,21,reserve,2057,787.768,9.532
CBM,21,reserve,2058,799.396,9.673
CBM,21,reserve,2059,810.941,9.812
CBM,21,reserve,2060,822.406,9.951
CBM,21,reserve,2061,833.791,10.089
CBM,21,reserve,2062,845.095,10.226
CBM,21,reserve,2063,856.32,10.361
CBM,21,reserve,2064,867.467,10.496
CBM,21,reserve,2065,878.516,10.63
CBM,21,reserve,2066,889.469,10.763
CBM,21,reserve,2067,900.325,10.894
CBM,21,reserve,2068,911.086,11.024
CBM,21,reserve,2069,921.751,11.153
CBM,21,reserve,2070,932.322,11.281
CBM,21,reserve,2071,942.798,11.408
CBM,21,reserve,2072,953.181,11.533
CBM,21,reserve,2073,963.471,11.658
CBM,21,reserve,2074,973.667,11.781
CBM,21,reserve,2075,983.762,11.904
CBM,21,reserve,2076,993.757,12.024
CBM,21,reserve,2077,1003.651,12.144
CBM,21,reserve,2078,1013.445,12.263
CBM,21,reserve,2079,1023.139,12.38
CBM,21,reserve,2080,1032.734,12.496
CBM,21,reserve,2081,1042.23,12.611
CBM,21,reserve,2082,1051.627,12.725
CBM,21,reserve,2083,1060.926,12.837
CBM,21,reserve,2084,1070.127,12.949
CBM,21,reserve,2085,1079.227,13.059
CBM,21,reserve,2086,1088.228,13.168
CBM,21,reserve,2087,1097.129,13.275
CBM,21,reserve,2088,1105.931,13.382
CBM,21,reserve,2089,1114.634,13.487
CBM,21,reserve,2090,1123.238,13.591
CBM,21,reserve,2091,1131.744,13.694
CBM,21,reserve,2092,1140.151,13.796
CBM,21,reserve,2093,1148.46,13.896
CBM,21,reserve,2094,1156.671,13.996
CBM,21,reserve,2095,1164.787,14.094
CBM,21,reserve,2096,1172.809,14.191
CBM,21,reserve,2097,1180.735,14.287
CBM,21,reserve,2098,1188.567,14.382
CBM,21,reserve,2099,1196.305,14.475
CBM,21,reserve,2100,1203.949,14.568
CBM,22,reserve,2025,339.71,4.62
CBM,22,reserve,2026,347.339,4.724
CBM,22,reserve,2027,354.906,4.827
CBM,22,reserve,2028,362.413,4.929
CBM,22,reserve,2029,369.862,5.03
CBM,22,reserve,2030,377.254,5.131
CBM,22,reserve,2031,384.591,5.23
CBM,22,reserve,2032,391.874,5.329
CBM,22,reserve,2033,399.105,5.428
CBM,22,reserve,2034,406.283,5.525
CBM,22,reserve,2035,413.385,5.622
CBM,22,reserve,2036,420.411,5.718
CBM,22,reserve,2037,427.363,5.812
CBM,22,reserve,2038,434.242,5.906
CBM,22,reserve,2039,441.049,5.998
CBM,22,reserve,2040,447.785,6.09
CBM,22,reserve,2041,454.452,6.181
CBM,22,reserve,2042,461.049,6.27
CBM,22,reserve,2043,467.579,6.359
CBM,22,reserve,2044,474.041,6.447
CBM,22,reserve,2045,480.426,6.534
CBM,22,reserve,2046,486.733,6.62
CBM,22,reserve,2047,492.963,6.704
CBM,22,reserve,2048,499.118,6.788
CBM,22,reserve,2049,505.198,6.871
CBM,22,reserve,2050,511.204,6.952
CBM,22,reserve,2051,517.136,7.033
CBM,22,reserve,2052,522.996,7.113
CBM,22,reserve,2053,528.783,7.191
CBM,22,reserve,2054,534.499,7.269
CBM,22,reserve,2055,540.142,7.346
CBM,22,reserve,2056,545.711,7.422
CBM,22,reserve,2057,551.209,7.496
CBM,22,reserve,2058,556.634,7.57
CBM,22,reserve,2059,561.989,7.643
CBM,22,reserve,2060,567.273,7.715
CBM,22,reserve,2061,572.486,7.786
CBM,22,reserve,2062,577.63,7.856
CBM,22,reserve,2063,582.705,7.925
CBM,22,reserve,2064,587.711,7.993
CBM,22,reserve,2065,592.649,8.06
CBM,22,reserve,2066,597.519,8.126
CBM,22,reserve,2067,602.322,8.192
CBM,22,reserve,2068,607.058,8.256
CBM,22,reserve,2069,611.728,8.319
CBM,22,reserve,2070,616.331,8.382
CBM,22,reserve,2071,620.869,8.444
CBM,22,reserve,2072,625.342,8.505
CBM,22,reserve,2073,629.749,8.565
CBM,22,reserve,2074,634.092,8.624
CBM,22,reserve,2075,638.374,8.682
CBM,22,reserve,2076,642.595,8.739
CBM,22,reserve,2077,646.756,8.796
CBM,22,reserve,2078,650.857,8.852
CBM,22,reserve,2079,654.899,8.907
CBM,22,reserve,2080,658.881,8.961
CBM,22,reserve,2081,662.804,9.014
CBM,22,reserve,2082,666.668,9.067
CBM,22,reserve,2083,670.473,9.118
CBM,22,reserve,2084,674.22,9.169
CBM,22,reserve,2085,677.912,9.22
CBM,22,reserve,2086,681.55,9.269
CBM,22,reserve,2087,685.133,9.318
CBM,22,reserve,2088,688.662,9.366
CBM,22,reserve,2089,692.136,9.413
CBM,22,reserve,2090,695.557,9.46
CBM,22,reserve,2091,698.924,9.505
CBM,22,reserve,2092,702.238,9.55
CBM,22,reserve,2093,705.498,9.595
CBM,22,reserve,2094,708.706,9.638
CBM,22,reserve,2095,711.865,9.681
CBM,22,reserve,2096,714.978,9.724
CBM,22,reserve,2097,718.043,9.765
CBM,22,reserve,2098,721.062,9.806
CBM,22,reserve,2099,724.033,9.847
CBM,22,reserve,2100,726.958,9.887
CBM,23,reserve,2025,374.02,3.441
CBM,23,reserve,2026,380.756,3.503
CBM,23,reserve,2027,387.387,3.564
CBM,23,reserve,2028,393.903,3.624
CBM,23,reserve,2029,400.313,3.683
CBM,23,reserve,2030,406.61,3.741
CBM,23,reserve,2031,412.799,3.798
CBM,23,reserve,2032,418.901,3.854
CBM,23,reserve,2033,424.913,3.909
CBM,23,reserve,2034,430.826,3.964
CBM,23,reserve,2035,436.614,4.017
CBM,23,reserve,2036,442.276,4.069
CBM,23,reserve,2037,447.813,4.12
CBM,23,reserve,2038,453.227,4.17
CBM,23,reserve,2039,458.518,4.218
CBM,23,reserve,2040,463.685,4.266
CBM,23,reserve,2041,468.73,4.312
CBM,23,reserve,2042,473.652,4.358
CBM,23,reserve,2043,478.45,4.402
CBM,23,reserve,2044,483.143,4.445
CBM,23,reserve,2045,487.738,4.487
CBM,23,reserve,2046,492.235,4.529
CBM,23,reserve,2047,496.635,4.569
CBM,23,reserve,2048,500.938,4.609
CBM,23,reserve,2049,505.144,4.647
CBM,23,reserve,2050,509.252,4.685
CBM,23,reserve,2051,513.263,4.722
CBM,23,reserve,2052,517.177,4.758
CBM,23,reserve,2053,520.996,4.793
CBM,23,reserve,2054,524.716,4.827
CBM,23,reserve,2055,528.443,4.862
CBM,23,reserve,2056,532.178,4.896
CBM,23,reserve,2057,535.921,4.93
CBM,23,reserve,2058,539.672,4.965
CBM,23,reserve,2059,543.433,5
CBM,23,reserve,2060,547.203,5.034
CBM,23,reserve,2061,550.982,5.069
CBM,23,reserve,2062,554.772,5.104
CBM,23,reserve,2063,558.57,5.139
CBM,23,reserve,2064,562.377,5.174
CBM,23,reserve,2065,566.15,5.209
CBM,23,reserve,2066,569.888,5.243
CBM,23,reserve,2067,573.591,5.277
CBM,23,reserve,2068,577.257,5.311
CBM,23,reserve,2069,580.886,5.344
CBM,23,reserve,2070,584.478,5.377
CBM,23,reserve,2071,588.033,5.41
CBM,23,reserve,2072,591.552,5.442
CBM,23,reserve,2073,595.035,5.474
CBM,23,reserve,2074,598.482,5.506
CBM,23,reserve,2075,601.925,5.538
CBM,23,reserve,2076,605.366,5.569
CBM,23,reserve,2077,608.803,5.601
CBM,23,reserve,2078,612.237,5.633
CBM,23,reserve,2079,615.671,5.664
CBM,23,reserve,2080,619.105,5.696
CBM,23,reserve,2081,622.542,5.727
CBM,23,reserve,2082,625.983,5.759
CBM,23,reserve,2083,629.428,5.791
CBM,23,reserve,2084,632.879,5.822
CBM,23,reserve,2085,636.236,5.853
CBM,23,reserve,2086,639.498,5.883
CBM,23,reserve,2087,642.668,5.913
CBM,23,reserve,2088,645.743,5.941
CBM,23,reserve,2089,648.722,5.968
CBM,23,reserve,2090,651.604,5.995
CBM,23,reserve,2091,654.387,6.02
CBM,23,reserve,2092,657.07,6.045
CBM,23,reserve,2093,659.65,6.069
CBM,23,reserve,2094,662.129,6.092
CBM,23,reserve,2095,664.526,6.114
CBM,23,reserve,2096,666.843,6.135
CBM,23,reserve,2097,669.079,6.156
CBM,23,reserve,2098,671.234,6.175
CBM,23,reserve,2099,673.309,6.194
CBM,23,reserve,2100,675.304,6.213
CBM,24,reserve,2025,96.25,3.417
CBM,24,reserve,2026,98.944,3.513
CBM,24,reserve,2027,101.645,3.608
CBM,24,reserve,2028,104.353,3.705
CBM,24,reserve,2029,107.069,3.801
CBM,24,reserve,2030,109.792,3.898
CBM,24,reserve,2031,112.522,3.995
CBM,24,reserve,2032,115.261,4.092
CBM,24,reserve,2033,118.007,4.189
CBM,24,reserve,2034,120.761,4.287
CBM,24,reserve,2035,123.507,4.385
CBM,24,reserve,2036,126.247,4.482
CBM,24,reserve,2037,128.979,4.579
CBM,24,reserve,2038,131.704,4.675
CBM,24,reserve,2039,134.422,4.772
CBM,24,reserve,2040,137.134,4.868
CBM,24,reserve,2041,139.84,4.964
CBM,24,reserve,2042,142.539,5.06
CBM,24,reserve,2043,145.233,5.156
CBM,24,reserve,2044,147.92,5.251
CBM,24,reserve,2045,150.591,5.346
CBM,24,reserve,2046,153.247,5.44
CBM,24,reserve,2047,155.888,5.534
CBM,24,reserve,2048,158.513,5.627
CBM,24,reserve,2049,161.123,5.72
CBM,24,reserve,2050,163.718,5.812
CBM,24,reserve,2051,166.298,5.904
CBM,24,reserve,2052,168.864,5.995
CBM,24,reserve,2053,171.415,6.085
CBM,24,reserve,2054,173.952,6.175
CBM,24,reserve,2055,176.469,6.265
CBM,24,reserve,2056,178.967,6.353
CBM,24,reserve,2057,181.444,6.441
CBM,24,reserve,2058,183.902,6.529
CBM,24,reserve,2059,186.341,6.615
CBM,24,reserve,2060,188.76,6.701
CBM,24,reserve,2061,191.16,6.786
CBM,24,reserve,2062,193.541,6.871
CBM,24,reserve,2063,195.904,6.955
CBM,24,reserve,2064,198.247,7.038
CBM,24,reserve,2065,200.569,7.12
CBM,24,reserve,2066,202.869,7.202
CBM,24,reserve,2067,205.147,7.283
CBM,24,reserve,2068,207.403,7.363
CBM,24,reserve,2069,209.638,7.442
CBM,24,reserve,2070,211.851,7.521
CBM,24,reserve,2071,214.043,7.599
CBM,24,reserve,2072,216.214,7.676
CBM,24,reserve,2073,218.364,7.752
CBM,24,reserve,2074,220.493,7.827
CBM,24,reserve,2075,222.6,7.902
CBM,24,reserve,2076,224.684,7.976
CBM,24,reserve,2077,226.746,8.05
CBM,24,reserve,2078,228.787,8.122
CBM,24,reserve,2079,230.806,8.194
CBM,24,reserve,2080,232.803,8.264
CBM,24,reserve,2081,234.778,8.335
CBM,24,reserve,2082,236.732,8.404
CBM,24,reserve,2083,238.664,8.473
CBM,24,reserve,2084,240.574,8.54
CBM,24,reserve,2085,242.463,8.607
CBM,24,reserve,2086,244.33,8.674
CBM,24,reserve,2087,246.176,8.739
CBM,24,reserve,2088,248,8.804
CBM,24,reserve,2089,249.803,8.868
CBM,24,reserve,2090,251.584,8.931
CBM,24,reserve,2091,253.344,8.994
CBM,24,reserve,2092,255.083,9.055
CBM,24,reserve,2093,256.8,9.116
CBM,24,reserve,2094,258.496,9.177
CBM,24,reserve,2095,260.172,9.236
CBM,24,reserve,2096,261.828,9.295
CBM,24,reserve,2097,263.463,9.353
CBM,24,reserve,2098,265.079,9.41
CBM,24,reserve,2099,266.674,9.467
CBM,24,reserve,2100,268.249,9.523
CBM,25,reserve,2025,112.19,2.715
CBM,25,reserve,2026,115.397,2.793
CBM,25,reserve,2027,118.588,2.87
CBM,25,reserve,2028,121.764,2.947
CBM,25,reserve,2029,124.923,3.023
CBM,25,reserve,2030,128.065,3.099
CBM,25,reserve,2031,131.194,3.175
CBM,25,reserve,2032,134.302,3.25
CBM,25,reserve,2033,137.398,3.325
CBM,25,reserve,2034,140.484,3.4
CBM,25,reserve,2035,143.531,3.473
CBM,25,reserve,2036,146.54,3.546
CBM,25,reserve,2037,149.511,3.618
CBM,25,reserve,2038,152.444,3.689
CBM,25,reserve,2039,155.34,3.759
CBM,25,reserve,2040,158.199,3.828
CBM,25,reserve,2041,161.021,3.897
CBM,25,reserve,2042,163.807,3.964
CBM,25,reserve,2043,166.557,4.031
CBM,25,reserve,2044,169.27,4.096
CBM,25,reserve,2045,171.965,4.162
CBM,25,reserve,2046,174.64,4.226
CBM,25,reserve,2047,177.296,4.291
CBM,25,reserve,2048,179.933,4.354
CBM,25,reserve,2049,182.552,4.418
CBM,25,reserve,2050,185.151,4.481
CBM,25,reserve,2051,187.732,4.543
CBM,25,reserve,2052,190.294,4.605
CBM,25,reserve,2053,192.837,4.667
CBM,25,reserve,2054,195.361,4.728
CBM,25,reserve,2055,197.874,4.789
CBM,25,reserve,2056,200.375,4.849
CBM,25,reserve,2057,202.864,4.909
CBM,25,reserve,2058,205.342,4.969
CBM,25,reserve,2059,207.808,5.029
CBM,25,reserve,2060,210.262,5.088
CBM,25,reserve,2061,212.705,5.147
CBM,25,reserve,2062,215.137,5.206
CBM,25,reserve,2063,217.558,5.265
CBM,25,reserve,2064,219.967,5.323
CBM,25,reserve,2065,222.356,5.381
CBM,25,reserve,2066,224.726,5.438
CBM,25,reserve,2067,227.076,5.495
CBM,25,reserve,2068,229.406,5.552
CBM,25,reserve,2069,231.717,5.608
CBM,25,reserve,2070,234.009,5.663
CBM,25,reserve,2071,236.28,5.718
CBM,25,reserve,2072,238.533,5.773
CBM,25,reserve,2073,240.766,5.827
CBM,25,reserve,2074,242.981,5.88
CBM,25,reserve,2075,245.172,5.933
CBM,25,reserve,2076,247.339,5.986
CBM,25,reserve,2077,249.484,6.038
CBM,25,reserve,2078,251.605,6.089
CBM,25,reserve,2079,253.704,6.14
CBM,25,reserve,2080,255.779,6.19
CBM,25,reserve,2081,257.832,6.24
CBM,25,reserve,2082,259.863,6.289
CBM,25,reserve,2083,261.87,6.337
CBM,25,reserve,2084,263.855,6.385
CBM,25,reserve,2085,265.733,6.431
CBM,25,reserve,2086,267.504,6.474
CBM,25,reserve,2087,269.168,6.514
CBM,25,reserve,2088,270.726,6.552
CBM,25,reserve,2089,272.178,6.587
CBM,25,reserve,2090,273.523,6.619
CBM,25,reserve,2091,274.762,6.649
CBM,25,reserve,2092,275.895,6.677
CBM,25,reserve,2093,276.923,6.702
CBM,25,reserve,2094,277.845,6.724
CBM,25,reserve,2095,278.727,6.745
CBM,25,reserve,2096,279.569,6.766
CBM,25,reserve,2097,280.371,6.785
CBM,25,reserve,2098,281.133,6.803
CBM,25,reserve,2099,281.854,6.821
CBM,25,reserve,2100,282.535,6.837
CBM,26,reserve,2025,512.45,5.739
CBM,26,reserve,2026,525.384,5.884
CBM,26,reserve,2027,538.24,6.028
CBM,26,reserve,2028,551.017,6.171
CBM,26,reserve,2029,563.718,6.314
CBM,26,reserve,2030,576.345,6.455
CBM,26,reserve,2031,588.897,6.596
CBM,26,reserve,2032,601.378,6.735
CBM,26,reserve,2033,613.789,6.874
CBM,26,reserve,2034,626.13,7.013
CBM,26,reserve,2035,638.354,7.15
CBM,26,reserve,2036,650.46,7.285
CBM,26,reserve,2037,662.46,7.42
CBM,26,reserve,2038,674.355,7.553
CBM,26,reserve,2039,686.147,7.685
CBM,26,reserve,2040,697.836,7.816
CBM,26,reserve,2041,709.425,7.946
CBM,26,reserve,2042,720.913,8.074
CBM,26,reserve,2043,732.301,8.202
CBM,26,reserve,2044,743.591,8.328
CBM,26,reserve,2045,754.761,8.453
CBM,26,reserve,2046,765.81,8.577
CBM,26,reserve,2047,776.741,8.699
CBM,26,reserve,2048,787.553,8.821
CBM,26,reserve,2049,798.248,8.94
CBM,26,reserve,2050,808.826,9.059
CBM,26,reserve,2051,819.289,9.176
CBM,26,reserve,2052,829.635,9.292
CBM,26,reserve,2053,839.868,9.407
CBM,26,reserve,2054,849.986,9.52
CBM,26,reserve,2055,859.985,9.632
CBM,26,reserve,2056,869.865,9.742
CBM,26,reserve,2057,879.628,9.852
CBM,26,reserve,2058,889.272,9.96
CBM,26,reserve,2059,898.8,10.067
CBM,26,reserve,2060,908.21,10.172
CBM,26,reserve,2061,917.505,10.276
CBM,26,reserve,2062,926.684,10.379
CBM,26,reserve,2063,935.749,10.48
CBM,26,reserve,2064,944.698,10.581
CBM,26,reserve,2065,953.533,10.68
CBM,26,reserve,2066,962.254,10.777
CBM,26,reserve,2067,970.861,10.874
CBM,26,reserve,2068,979.355,10.969
CBM,26,reserve,2069,987.736,11.063
CBM,26,reserve,2070,996.005,11.155
CBM,26,reserve,2071,1004.161,11.247
CBM,26,reserve,2072,1012.205,11.337
CBM,26,reserve,2073,1020.138,11.426
CBM,26,reserve,2074,1027.96,11.513
CBM,26,reserve,2075,1035.677,11.6
CBM,26,reserve,2076,1043.289,11.685
CBM,26,reserve,2077,1050.797,11.769
CBM,26,reserve,2078,1058.201,11.852
CBM,26,reserve,2079,1065.502,11.934
CBM,26,reserve,2080,1072.699,12.014
CBM,26,reserve,2081,1079.793,12.094
CBM,26,reserve,2082,1086.784,12.172
CBM,26,reserve,2083,1093.672,12.249
CBM,26,reserve,2084,1100.458,12.325
CBM,26,reserve,2085,1107.147,12.4
CBM,26,reserve,2086,1113.741,12.474
CBM,26,reserve,2087,1120.238,12.547
CBM,26,reserve,2088,1126.64,12.618
CBM,26,reserve,2089,1132.946,12.689
CBM,26,reserve,2090,1139.157,12.759
CBM,26,reserve,2091,1145.273,12.827
CBM,26,reserve,2092,1151.294,12.894
CBM,26,reserve,2093,1157.22,12.961
CBM,26,reserve,2094,1163.051,13.026
CBM,26,reserve,2095,1168.798,13.091
CBM,26,reserve,2096,1174.46,13.154
CBM,26,reserve,2097,1180.039,13.216
CBM,26,reserve,2098,1185.534,13.278
CBM,26,reserve,2099,1190.945,13.339
CBM,26,reserve,2100,1196.272,13.398
CBM,27,reserve,2025,308.78,2.748
CBM,27,reserve,2026,312.752,2.783
CBM,27,reserve,2027,316.707,2.819
CBM,27,reserve,2028,320.637,2.854
CBM,27,reserve,2029,324.55,2.888
CBM,27,reserve,2030,328.447,2.923
CBM,27,reserve,2031,332.327,2.958
CBM,27,reserve,2032,336.191,2.992
CBM,27,reserve,2033,340.037,3.026
CBM,27,reserve,2034,343.865,3.06
CBM,27,reserve,2035,347.673,3.094
CBM,27,reserve,2036,351.427,3.128
CBM,27,reserve,2037,355.159,3.161
CBM,27,reserve,2038,358.608,3.192
CBM,27,reserve,2039,362.004,3.222
CBM,27,reserve,2040,365.347,3.252
CBM,27,reserve,2041,368.633,3.281
CBM,27,reserve,2042,371.86,3.31
CBM,27,reserve,2043,375.028,3.338
CBM,27,reserve,2044,378.133,3.365
CBM,27,reserve,2045,381.176,3.392
CBM,27,reserve,2046,384.188,3.419
CBM,27,reserve,2047,387.137,3.446
CBM,27,reserve,2048,390.276,3.473
CBM,27,reserve,2049,393.377,3.501
CBM,27,reserve,2050,396.441,3.528
CBM,27,reserve,2051,399.467,3.555
CBM,27,reserve,2052,402.456,3.582
CBM,27,reserve,2053,405.406,3.608
CBM,27,reserve,2054,408.318,3.634
CBM,27,reserve,2055,411.192,3.66
CBM,27,reserve,2056,414.024,3.685
CBM,27,reserve,2057,416.818,3.71
CBM,27,reserve,2058,419.589,3.734
CBM,27,reserve,2059,422.324,3.759
CBM,27,reserve,2060,425.024,3.783
CBM,27,reserve,2061,427.688,3.806
CBM,27,reserve,2062,430.317,3.83
CBM,27,reserve,2063,432.91,3.853
CBM,27,reserve,2064,435.47,3.876
CBM,27,reserve,2065,437.993,3.898
CBM,27,reserve,2066,440.482,3.92
CBM,27,reserve,2067,442.935,3.942
CBM,27,reserve,2068,445.352,3.964
CBM,27,reserve,2069,447.736,3.985
CBM,27,reserve,2070,450.087,4.006
CBM,27,reserve,2071,452.405,4.026
CBM,27,reserve,2072,454.69,4.047
CBM,27,reserve,2073,456.942,4.067
CBM,27,reserve,2074,459.162,4.087
CBM,27,reserve,2075,461.34,4.106
CBM,27,reserve,2076,463.478,4.125
CBM,27,reserve,2077,465.575,4.144
CBM,27,reserve,2078,467.633,4.162
CBM,27,reserve,2079,469.651,4.18
CBM,27,reserve,2080,471.628,4.197
CBM,27,reserve,2081,473.565,4.215
CBM,27,reserve,2082,475.462,4.232
CBM,27,reserve,2083,477.319,4.248
CBM,27,reserve,2084,479.136,4.264
CBM,27,reserve,2085,480.906,4.28
CBM,27,reserve,2086,482.625,4.295
CBM,27,reserve,2087,484.298,4.31
CBM,27,reserve,2088,485.905,4.325
CBM,27,reserve,2089,487.463,4.338
CBM,27,reserve,2090,488.972,4.352
CBM,27,reserve,2091,490.431,4.365
CBM,27,reserve,2092,491.842,4.377
CBM,27,reserve,2093,493.203,4.39
CBM,27,reserve,2094,494.514,4.401
CBM,27,reserve,2095,495.801,4.413
CBM,27,reserve,2096,497.066,4.424
CBM,27,reserve,2097,498.306,4.435
CBM,27,reserve,2098,499.541,4.446
CBM,27,reserve,2099,500.753,4.457
CBM,27,reserve,2100,501.942,4.467
CBM,28,reserve,2025,523.05,6.015
CBM,28,reserve,2026,535.636,6.16
CBM,28,reserve,2027,548.158,6.304
CBM,28,reserve,2028,560.618,6.447
CBM,28,reserve,2029,573.017,6.59
CBM,28,reserve,2030,585.355,6.732
CBM,28,reserve,2031,597.634,6.873
CBM,28,reserve,2032,609.854,7.013
CBM,28,reserve,2033,622.017,7.153
CBM,28,reserve,2034,634.123,7.292
CBM,28,reserve,2035,646.126,7.43
CBM,28,reserve,2036,658.027,7.567
CBM,28,reserve,2037,669.828,7.703
CBM,28,reserve,2038,681.529,7.838
CBM,28,reserve,2039,693.132,7.971
CBM,28,reserve,2040,704.638,8.103
CBM,28,reserve,2041,716.047,8.235
CBM,28,reserve,2042,727.362,8.365
CBM,28,reserve,2043,738.582,8.494
CBM,28,reserve,2044,749.708,8.622
CBM,28,reserve,2045,760.718,8.748
CBM,28,reserve,2046,771.613,8.874
CBM,28,reserve,2047,782.393,8.998
CBM,28,reserve,2048,793.058,9.12
CBM,28,reserve,2049,803.612,9.242
CBM,28,reserve,2050,814.053,9.362
CBM,28,reserve,2051,824.383,9.48
CBM,28,reserve,2052,834.603,9.598
CBM,28,reserve,2053,844.714,9.714
CBM,28,reserve,2054,854.716,9.829
CBM,28,reserve,2055,864.602,9.943
CBM,28,reserve,2056,874.373,10.055
CBM,28,reserve,2057,884.03,10.166
CBM,28,reserve,2058,893.573,10.276
CBM,28,reserve,2059,903.003,10.385
CBM,28,reserve,2060,912.321,10.492
CBM,28,reserve,2061,921.528,10.598
CBM,28,reserve,2062,930.623,10.702
CBM,28,reserve,2063,939.608,10.805
CBM,28,reserve,2064,948.484,10.908
CBM,28,reserve,2065,957.248,11.008
CBM,28,reserve,2066,965.902,11.108
CBM,28,reserve,2067,974.445,11.206
CBM,28,reserve,2068,982.878,11.303
CBM,28,reserve,2069,991.202,11.399
CBM,28,reserve,2070,999.417,11.493
CBM,28,reserve,2071,1007.524,11.587
CBM,28,reserve,2072,1015.524,11.679
CBM,28,reserve,2073,1023.416,11.769
CBM,28,reserve,2074,1031.201,11.859
CBM,28,reserve,2075,1038.884,11.947
CBM,28,reserve,2076,1046.466,12.034
CBM,28,reserve,2077,1053.946,12.12
CBM,28,reserve,2078,1061.325,12.205
CBM,28,reserve,2079,1068.603,12.289
CBM,28,reserve,2080,1075.781,12.371
CBM,28,reserve,2081,1082.86,12.453
CBM,28,reserve,2082,1089.838,12.533
CBM,28,reserve,2083,1096.718,12.612
CBM,28,reserve,2084,1103.499,12.69
CBM,28,reserve,2085,1110.186,12.767
CBM,28,reserve,2086,1116.779,12.843
CBM,28,reserve,2087,1123.278,12.918
CBM,28,reserve,2088,1129.684,12.991
CBM,28,reserve,2089,1135.998,13.064
CBM,28,reserve,2090,1142.219,13.136
CBM,28,reserve,2091,1148.347,13.206
CBM,28,reserve,2092,1154.383,13.275
CBM,28,reserve,2093,1160.328,13.344
CBM,28,reserve,2094,1166.18,13.411
CBM,28,reserve,2095,1171.951,13.477
CBM,28,reserve,2096,1177.638,13.543
CBM,28,reserve,2097,1183.244,13.607
CBM,28,reserve,2098,1188.767,13.671
CBM,28,reserve,2099,1194.209,13.733
CBM,28,reserve,2100,1199.569,13.795
CBM,29,reserve,2025,401.36,4.174
CBM,29,reserve,2026,413.618,4.302
CBM,29,reserve,2027,425.934,4.43
CBM,29,reserve,2028,438.308,4.558
CBM,29,reserve,2029,450.74,4.688
CBM,29,reserve,2030,463.23,4.818
CBM,29,reserve,2031,475.778,4.948
CBM,29,reserve,2032,488.385,5.079
CBM,29,reserve,2033,501.05,5.211
CBM,29,reserve,2034,513.774,5.343
CBM,29,reserve,2035,526.474,5.475
CBM,29,reserve,2036,539.152,5.607
CBM,29,reserve,2037,551.808,5.739
CBM,29,reserve,2038,564.444,5.87
CBM,29,reserve,2039,577.061,6.001
CBM,29,reserve,2040,589.658,6.132
CBM,29,reserve,2041,602.239,6.263
CBM,29,reserve,2042,614.802,6.394
CBM,29,reserve,2043,627.349,6.524
CBM,29,reserve,2044,639.881,6.655
CBM,29,reserve,2045,652.344,6.784
CBM,29,reserve,2046,664.738,6.913
CBM,29,reserve,2047,677.066,7.041
CBM,29,reserve,2048,689.328,7.169
CBM,29,reserve,2049,701.524,7.296
CBM,29,reserve,2050,713.657,7.422
CBM,29,reserve,2051,725.727,7.548
CBM,29,reserve,2052,737.735,7.672
CBM,29,reserve,2053,749.682,7.797
CBM,29,reserve,2054,761.569,7.92
CBM,29,reserve,2055,773.363,8.043
CBM,29,reserve,2056,785.065,8.165
CBM,29,reserve,2057,796.677,8.285
CBM,29,reserve,2058,808.198,8.405
CBM,29,reserve,2059,819.631,8.524
CBM,29,reserve,2060,830.976,8.642
CBM,29,reserve,2061,842.234,8.759
CBM,29,reserve,2062,853.406,8.875
CBM,29,reserve,2063,864.492,8.991
CBM,29,reserve,2064,875.493,9.105
CBM,29,reserve,2065,886.391,9.218
CBM,29,reserve,2066,897.186,9.331
CBM,29,reserve,2067,907.878,9.442
CBM,29,reserve,2068,918.47,9.552
CBM,29,reserve,2069,928.961,9.661
CBM,29,reserve,2070,939.352,9.769
CBM,29,reserve,2071,949.643,9.876
CBM,29,reserve,2072,959.837,9.982
CBM,29,reserve,2073,969.932,10.087
CBM,29,reserve,2074,979.93,10.191
CBM,29,reserve,2075,989.823,10.294
CBM,29,reserve,2076,999.611,10.396
CBM,29,reserve,2077,1009.294,10.497
CBM,29,reserve,2078,1018.874,10.596
CBM,29,reserve,2079,1028.351,10.695
CBM,29,reserve,2080,1037.725,10.792
CBM,29,reserve,2081,1046.997,10.889
CBM,29,reserve,2082,1056.168,10.984
CBM,29,reserve,2083,1065.237,11.078
CBM,29,reserve,2084,1074.206,11.172
CBM,29,reserve,2085,1083.072,11.264
CBM,29,reserve,2086,1091.836,11.355
CBM,29,reserve,2087,1100.497,11.445
CBM,29,reserve,2088,1109.057,11.534
CBM,29,reserve,2089,1117.515,11.622
CBM,29,reserve,2090,1125.873,11.709
CBM,29,reserve,2091,1134.13,11.795
CBM,29,reserve,2092,1142.287,11.88
CBM,29,reserve,2093,1150.344,11.964
CBM,29,reserve,2094,1158.303,12.046
CBM,29,reserve,2095,1166.164,12.128
CBM,29,reserve,2096,1173.93,12.209
CBM,29,reserve,2097,1181.6,12.289
CBM,29,reserve,2098,1189.175,12.367
CBM,29,reserve,2099,1196.655,12.445
CBM,29,reserve,2100,1204.04,12.522
CBM,30,reserve,2025,395.97,4.554
CBM,30,reserve,2026,403.381,4.639
CBM,30,reserve,2027,410.709,4.723
CBM,30,reserve,2028,417.954,4.806
CBM,30,reserve,2029,425.116,4.889
CBM,30,reserve,2030,432.195,4.97
CBM,30,reserve,2031,439.189,5.051
CBM,30,reserve,2032,446.1,5.13
CBM,30,reserve,2033,452.927,5.209
CBM,30,reserve,2034,459.67,5.286
CBM,30,reserve,2035,466.318,5.363
CBM,30,reserve,2036,472.873,5.438
CBM,30,reserve,2037,479.334,5.512
CBM,30,reserve,2038,485.701,5.586
CBM,30,reserve,2039,491.973,5.658
CBM,30,reserve,2040,498.151,5.729
CBM,30,reserve,2041,504.235,5.799
CBM,30,reserve,2042,510.224,5.868
CBM,30,reserve,2043,516.119,5.935
CBM,30,reserve,2044,521.918,6.002
CBM,30,reserve,2045,527.627,6.068
CBM,30,reserve,2046,533.243,6.132
CBM,30,reserve,2047,538.768,6.196
CBM,30,reserve,2048,544.201,6.258
CBM,30,reserve,2049,549.542,6.32
CBM,30,reserve,2050,554.792,6.38
CBM,30,reserve,2051,559.949,6.439
CBM,30,reserve,2052,565.015,6.498
CBM,30,reserve,2053,569.989,6.555
CBM,30,reserve,2054,574.87,6.611
CBM,30,reserve,2055,579.676,6.666
CBM,30,reserve,2056,584.406,6.721
CBM,30,reserve,2057,589.06,6.774
CBM,30,reserve,2058,593.639,6.827
CBM,30,reserve,2059,598.142,6.879
CBM,30,reserve,2060,602.569,6.93
CBM,30,reserve,2061,606.92,6.98
CBM,30,reserve,2062,611.195,7.029
CBM,30,reserve,2063,615.395,7.077
CBM,30,reserve,2064,619.518,7.124
CBM,30,reserve,2065,623.573,7.171
CBM,30,reserve,2066,627.559,7.217
CBM,30,reserve,2067,631.476,7.262
CBM,30,reserve,2068,635.323,7.306
CBM,30,reserve,2069,639.102,7.35
CBM,30,reserve,2070,642.812,7.392
CBM,30,reserve,2071,646.453,7.434
CBM,30,reserve,2072,650.024,7.475
CBM,30,reserve,2073,653.527,7.516
CBM,30,reserve,2074,656.961,7.555
CBM,30,reserve,2075,660.338,7.594
CBM,30,reserve,2076,663.658,7.632
CBM,30,reserve,2077,666.922,7.67
CBM,30,reserve,2078,670.129,7.706
CBM,30,reserve,2079,673.28,7.743
CBM,30,reserve,2080,676.373,7.778
CBM,30,reserve,2081,679.41,7.813
CBM,30,reserve,2082,682.391,7.847
CBM,30,reserve,2083,685.314,7.881
CBM,30,reserve,2084,688.181,7.914
CBM,30,reserve,2085,690.993,7.946
CBM,30,reserve,2086,693.75,7.978
CBM,30,reserve,2087,696.452,8.009
CBM,30,reserve,2088,699.098,8.04
CBM,30,reserve,2089,701.689,8.069
CBM,30,reserve,2090,704.225,8.099
CBM,30,reserve,2091,706.706,8.127
CBM,30,reserve,2092,709.132,8.155
CBM,30,reserve,2093,711.503,8.182
CBM,30,reserve,2094,713.818,8.209
CBM,30,reserve,2095,716.091,8.235
CBM,30,reserve,2096,718.32,8.261
CBM,30,reserve,2097,720.507,8.286
CBM,30,reserve,2098,722.65,8.31
CBM,30,reserve,2099,724.751,8.335
CBM,30,reserve,2100,726.809,8.358
CBM,31,reserve,2025,22.4,1.284
CBM,31,reserve,2026,22.75,1.304
CBM,31,reserve,2027,23.096,1.323
CBM,31,reserve,2028,23.439,1.343
CBM,31,reserve,2029,23.778,1.362
CBM,31,reserve,2030,24.114,1.382
CBM,31,reserve,2031,24.446,1.401
CBM,31,reserve,2032,24.775,1.42
CBM,31,reserve,2033,25.102,1.438
CBM,31,reserve,2034,25.425,1.457
CBM,31,reserve,2035,25.744,1.475
CBM,31,reserve,2036,26.059,1.493
CBM,31,reserve,2037,26.37,1.511
CBM,31,reserve,2038,26.678,1.529
CBM,31,reserve,2039,26.981,1.546
CBM,31,reserve,2040,27.281,1.563
CBM,31,reserve,2041,27.578,1.58
CBM,31,reserve,2042,27.87,1.597
CBM,31,reserve,2043,28.16,1.614
CBM,31,reserve,2044,28.445,1.63
CBM,31,reserve,2045,28.727,1.646
CBM,31,reserve,2046,29.005,1.662
CBM,31,reserve,2047,29.279,1.678
CBM,31,reserve,2048,29.55,1.693
CBM,31,reserve,2049,29.816,1.708
CBM,31,reserve,2050,30.079,1.724
CBM,31,reserve,2051,30.339,1.738
CBM,31,reserve,2052,30.595,1.753
CBM,31,reserve,2053,30.847,1.768
CBM,31,reserve,2054,31.095,1.782
CBM,31,reserve,2055,31.341,1.796
CBM,31,reserve,2056,31.583,1.81
CBM,31,reserve,2057,31.822,1.823
CBM,31,reserve,2058,32.058,1.837
CBM,31,reserve,2059,32.291,1.85
CBM,31,reserve,2060,32.521,1.863
CBM,31,reserve,2061,32.747,1.876
CBM,31,reserve,2062,32.971,1.889
CBM,31,reserve,2063,33.191,1.902
CBM,31,reserve,2064,33.409,1.914
CBM,31,reserve,2065,33.623,1.927
CBM,31,reserve,2066,33.835,1.939
CBM,31,reserve,2067,34.043,1.951
CBM,31,reserve,2068,34.249,1.962
CBM,31,reserve,2069,34.451,1.974
CBM,31,reserve,2070,34.651,1.985
CBM,31,reserve,2071,34.847,1.997
CBM,31,reserve,2072,35.041,2.008
CBM,31,reserve,2073,35.231,2.019
CBM,31,reserve,2074,35.419,2.03
CBM,31,reserve,2075,35.604,2.04
CBM,31,reserve,2076,35.787,2.051
CBM,31,reserve,2077,35.967,2.061
CBM,31,reserve,2078,36.145,2.071
CBM,31,reserve,2079,36.319,2.081
CBM,31,reserve,2080,36.492,2.091
CBM,31,reserve,2081,36.662,2.101
CBM,31,reserve,2082,36.829,2.11
CBM,31,reserve,2083,36.994,2.12
CBM,31,reserve,2084,37.156,2.129
CBM,31,reserve,2085,37.316,2.138
CBM,31,reserve,2086,37.473,2.147
CBM,31,reserve,2087,37.628,2.156
CBM,31,reserve,2088,37.78,2.165
CBM,31,reserve,2089,37.929,2.173
CBM,31,reserve,2090,38.076,2.182
CBM,31,reserve,2091,38.22,2.19
CBM,31,reserve,2092,38.362,2.198
CBM,31,reserve,2093,38.501,2.206
CBM,31,reserve,2094,38.638,2.214
CBM,31,reserve,2095,38.772,2.222
CBM,31,reserve,2096,38.905,2.229
CBM,31,reserve,2097,39.035,2.237
CBM,31,reserve,2098,39.163,2.244
CBM,31,reserve,2099,39.289,2.251
CBM,31,reserve,2100,39.413,2.258
CBM,32,reserve,2025,54.14,1.186
CBM,32,reserve,2026,54.888,1.202
CBM,32,reserve,2027,55.626,1.218
CBM,32,reserve,2028,56.355,1.234
CBM,32,reserve,2029,57.075,1.25
CBM,32,reserve,2030,57.786,1.266
CBM,32,reserve,2031,58.488,1.281
CBM,32,reserve,2032,59.18,1.296
CBM,32,reserve,2033,59.864,1.311
CBM,32,reserve,2034,60.538,1.326
CBM,32,reserve,2035,61.202,1.34
CBM,32,reserve,2036,61.856,1.355
CBM,32,reserve,2037,62.5,1.369
CBM,32,reserve,2038,63.134,1.383
CBM,32,reserve,2039,63.759,1.396
CBM,32,reserve,2040,64.373,1.41
CBM,32,reserve,2041,64.978,1.423
CBM,32,reserve,2042,65.572,1.436
CBM,32,reserve,2043,66.157,1.449
CBM,32,reserve,2044,66.732,1.461
CBM,32,reserve,2045,67.297,1.474
CBM,32,reserve,2046,67.853,1.486
CBM,32,reserve,2047,68.4,1.498
CBM,32,reserve,2048,68.937,1.51
CBM,32,reserve,2049,69.465,1.521
CBM,32,reserve,2050,69.983,1.533
CBM,32,reserve,2051,70.492,1.544
CBM,32,reserve,2052,70.991,1.555
CBM,32,reserve,2053,71.481,1.565
CBM,32,reserve,2054,71.962,1.576
CBM,32,reserve,2055,72.435,1.586
CBM,32,reserve,2056,72.9,1.597
CBM,32,reserve,2057,73.357,1.607
CBM,32,reserve,2058,73.807,1.616
CBM,32,reserve,2059,74.249,1.626
CBM,32,reserve,2060,74.683,1.636
CBM,32,reserve,2061,75.11,1.645
CBM,32,reserve,2062,75.529,1.654
CBM,32,reserve,2063,75.94,1.663
CBM,32,reserve,2064,76.343,1.672
CBM,32,reserve,2065,76.74,1.681
CBM,32,reserve,2066,77.129,1.689
CBM,32,reserve,2067,77.512,1.698
CBM,32,reserve,2068,77.887,1.706
CBM,32,reserve,2069,78.256,1.714
CBM,32,reserve,2070,78.618,1.722
CBM,32,reserve,2071,78.973,1.73
CBM,32,reserve,2072,79.321,1.737
CBM,32,reserve,2073,79.662,1.745
CBM,32,reserve,2074,79.997,1.752
CBM,32,reserve,2075,80.325,1.759
CBM,32,reserve,2076,80.648,1.766
CBM,32,reserve,2077,80.965,1.773
CBM,32,reserve,2078,81.277,1.78
CBM,32,reserve,2079,81.583,1.787
CBM,32,reserve,2080,81.883,1.793
CBM,32,reserve,2081,82.178,1.8
CBM,32,reserve,2082,82.467,1.806
CBM,32,reserve,2083,82.75,1.812
CBM,32,reserve,2084,83.028,1.818
CBM,32,reserve,2085,83.3,1.824
CBM,32,reserve,2086,83.567,1.83
CBM,32,reserve,2087,83.829,1.836
CBM,32,reserve,2088,84.085,1.841
CBM,32,reserve,2089,84.336,1.847
CBM,32,reserve,2090,84.582,1.852
CBM,32,reserve,2091,84.822,1.858
CBM,32,reserve,2092,85.056,1.863
CBM,32,reserve,2093,85.286,1.868
CBM,32,reserve,2094,85.51,1.873
CBM,32,reserve,2095,85.729,1.877
CBM,32,reserve,2096,85.945,1.882
CBM,32,reserve,2097,86.156,1.887
CBM,32,reserve,2098,86.364,1.891
CBM,32,reserve,2099,86.567,1.896
CBM,32,reserve,2100,86.765,1.9
CBM,33,reserve,2025,153.16,2.542
CBM,33,reserve,2026,157.284,2.611
CBM,33,reserve,2027,161.405,2.679
CBM,33,reserve,2028,165.138,2.741
CBM,33,reserve,2029,168.846,2.803
CBM,33,reserve,2030,172.534,2.864
CBM,33,reserve,2031,176.196,2.925
CBM,33,reserve,2032,179.833,2.985
CBM,33,reserve,2033,183.444,3.045
CBM,33,reserve,2034,187.019,3.105
CBM,33,reserve,2035,190.514,3.163
CBM,33,reserve,2036,193.93,3.219
CBM,33,reserve,2037,197.263,3.275
CBM,33,reserve,2038,200.895,3.335
CBM,33,reserve,2039,204.079,3.388
CBM,33,reserve,2040,207.178,3.439
CBM,33,reserve,2041,210.19,3.489
CBM,33,reserve,2042,213.115,3.538
CBM,33,reserve,2043,215.952,3.585
CBM,33,reserve,2044,218.71,3.631
CBM,33,reserve,2045,221.418,3.676
CBM,33,reserve,2046,224.074,3.72
CBM,33,reserve,2047,226.68,3.763
CBM,33,reserve,2048,229.233,3.805
CBM,33,reserve,2049,232.112,3.853
CBM,33,reserve,2050,234.954,3.9
CBM,33,reserve,2051,237.757,3.947
CBM,33,reserve,2052,240.52,3.993
CBM,33,reserve,2053,243.245,4.038
CBM,33,reserve,2054,245.93,4.082
CBM,33,reserve,2055,248.58,4.126
CBM,33,reserve,2056,251.194,4.17
CBM,33,reserve,2057,253.773,4.213
CBM,33,reserve,2058,256.317,4.255
CBM,33,reserve,2059,258.827,4.297
CBM,33,reserve,2060,261.303,4.338
CBM,33,reserve,2061,263.744,4.378
CBM,33,reserve,2062,266.15,4.418
CBM,33,reserve,2063,268.521,4.457
CBM,33,reserve,2064,270.858,4.496
CBM,33,reserve,2065,273.169,4.535
CBM,33,reserve,2066,275.454,4.573
CBM,33,reserve,2067,277.712,4.61
CBM,33,reserve,2068,279.943,4.647
CBM,33,reserve,2069,282.146,4.684
CBM,33,reserve,2070,284.322,4.72
CBM,33,reserve,2071,286.47,4.755
CBM,33,reserve,2072,288.591,4.791
CBM,33,reserve,2073,290.685,4.825
CBM,33,reserve,2074,292.75,4.86
CBM,33,reserve,2075,294.769,4.893
CBM,33,reserve,2076,296.739,4.926
CBM,33,reserve,2077,298.664,4.958
CBM,33,reserve,2078,300.544,4.989
CBM,33,reserve,2079,302.379,5.019
CBM,33,reserve,2080,304.168,5.049
CBM,33,reserve,2081,305.912,5.078
CBM,33,reserve,2082,307.611,5.106
CBM,33,reserve,2083,309.265,5.134
CBM,33,reserve,2084,310.873,5.16
CBM,33,reserve,2085,312.413,5.186
CBM,33,reserve,2086,313.883,5.21
CBM,33,reserve,2087,315.282,5.234
CBM,33,reserve,2088,316.609,5.256
CBM,33,reserve,2089,317.865,5.277
CBM,33,reserve,2090,319.051,5.296
CBM,33,reserve,2091,320.165,5.315
CBM,33,reserve,2092,321.208,5.332
CBM,33,reserve,2093,322.18,5.348
CBM,33,reserve,2094,323.082,5.363
CBM,33,reserve,2095,323.949,5.378
CBM,33,reserve,2096,324.782,5.391
CBM,33,reserve,2097,325.58,5.405
CBM,33,reserve,2098,326.344,5.417
CBM,33,reserve,2099,327.074,5.429
CBM,33,reserve,2100,327.77,5.441
CBM,34,reserve,2025,59.18,1.479
CBM,34,reserve,2026,60.699,1.517
CBM,34,reserve,2027,62.221,1.556
CBM,34,reserve,2028,63.747,1.594
CBM,34,reserve,2029,65.275,1.632
CBM,34,reserve,2030,66.806,1.67
CBM,34,reserve,2031,68.34,1.708
CBM,34,reserve,2032,69.877,1.747
CBM,34,reserve,2033,71.418,1.785
CBM,34,reserve,2034,72.961,1.824
CBM,34,reserve,2035,74.497,1.862
CBM,34,reserve,2036,76.025,1.901
CBM,34,reserve,2037,77.545,1.939
CBM,34,reserve,2038,79.057,1.976
CBM,34,reserve,2039,80.561,2.014
CBM,34,reserve,2040,82.058,2.051
CBM,34,reserve,2041,83.548,2.089
CBM,34,reserve,2042,85.03,2.126
CBM,34,reserve,2043,86.505,2.163
CBM,34,reserve,2044,87.973,2.199
CBM,34,reserve,2045,89.44,2.236
CBM,34,reserve,2046,90.907,2.273
CBM,34,reserve,2047,92.372,2.309
CBM,34,reserve,2048,93.837,2.346
CBM,34,reserve,2049,95.301,2.383
CBM,34,reserve,2050,96.765,2.419
CBM,34,reserve,2051,98.228,2.456
CBM,34,reserve,2052,99.691,2.492
CBM,34,reserve,2053,101.153,2.529
CBM,34,reserve,2054,102.615,2.565
CBM,34,reserve,2055,104.07,2.602
CBM,34,reserve,2056,105.519,2.638
CBM,34,reserve,2057,106.961,2.674
CBM,34,reserve,2058,108.397,2.71
CBM,34,reserve,2059,109.827,2.746
CBM,34,reserve,2060,111.251,2.781
CBM,34,reserve,2061,112.668,2.817
CBM,34,reserve,2062,114.08,2.852
CBM,34,reserve,2063,115.485,2.887
CBM,34,reserve,2064,116.885,2.922
CBM,34,reserve,2065,118.279,2.957
CBM,34,reserve,2066,119.667,2.992
CBM,34,reserve,2067,121.049,3.026
CBM,34,reserve,2068,122.425,3.061
CBM,34,reserve,2069,123.796,3.095
CBM,34,reserve,2070,125.161,3.129
CBM,34,reserve,2071,126.521,3.163
CBM,34,reserve,2072,127.875,3.197
CBM,34,reserve,2073,129.223,3.231
CBM,34,reserve,2074,130.566,3.264
CBM,34,reserve,2075,131.901,3.298
CBM,34,reserve,2076,133.228,3.331
CBM,34,reserve,2077,134.547,3.364
CBM,34,reserve,2078,135.857,3.396
CBM,34,reserve,2079,137.16,3.429
CBM,34,reserve,2080,138.455,3.461
CBM,34,reserve,2081,139.741,3.494
CBM,34,reserve,2082,141.02,3.526
CBM,34,reserve,2083,142.291,3.557
CBM,34,reserve,2084,143.555,3.589
CBM,34,reserve,2085,144.77,3.619
CBM,34,reserve,2086,145.936,3.648
CBM,34,reserve,2087,147.055,3.676
CBM,34,reserve,2088,148.125,3.703
CBM,34,reserve,2089,149.147,3.729
CBM,34,reserve,2090,150.122,3.753
CBM,34,reserve,2091,151.048,3.776
CBM,34,reserve,2092,151.927,3.798
CBM,34,reserve,2093,152.759,3.819
CBM,34,reserve,2094,153.542,3.839
CBM,34,reserve,2095,154.306,3.858
CBM,34,reserve,2096,155.051,3.876
CBM,34,reserve,2097,155.776,3.894
CBM,34,reserve,2098,156.482,3.912
CBM,34,reserve,2099,157.169,3.929
CBM,34,reserve,2100,157.835,3.946
CBM,35,reserve,2025,160.7,2.491
CBM,35,reserve,2026,163.689,2.537
CBM,35,reserve,2027,166.643,2.583
CBM,35,reserve,2028,169.562,2.628
CBM,35,reserve,2029,172.445,2.673
CBM,35,reserve,2030,175.291,2.717
CBM,35,reserve,2031,178.102,2.761
CBM,35,reserve,2032,180.877,2.804
CBM,35,reserve,2033,183.616,2.846
CBM,35,reserve,2034,186.32,2.888
CBM,35,reserve,2035,188.983,2.929
CBM,35,reserve,2036,191.537,2.969
CBM,35,reserve,2037,194.057,3.008
CBM,35,reserve,2038,196.542,3.046
CBM,35,reserve,2039,198.991,3.084
CBM,35,reserve,2040,201.406,3.122
CBM,35,reserve,2041,203.784,3.159
CBM,35,reserve,2042,206.127,3.195
CBM,35,reserve,2043,208.434,3.231
CBM,35,reserve,2044,210.705,3.266
CBM,35,reserve,2045,212.94,3.301
CBM,35,reserve,2046,215.14,3.335
CBM,35,reserve,2047,217.305,3.368
CBM,35,reserve,2048,219.434,3.401
CBM,35,reserve,2049,221.527,3.434
CBM,35,reserve,2050,223.585,3.466
CBM,35,reserve,2051,225.607,3.497
CBM,35,reserve,2052,227.593,3.528
CBM,35,reserve,2053,229.543,3.558
CBM,35,reserve,2054,231.457,3.588
CBM,35,reserve,2055,233.341,3.617
CBM,35,reserve,2056,235.196,3.646
CBM,35,reserve,2057,237.02,3.674
CBM,35,reserve,2058,238.814,3.702
CBM,35,reserve,2059,240.579,3.729
CBM,35,reserve,2060,242.313,3.756
CBM,35,reserve,2061,244.018,3.782
CBM,35,reserve,2062,245.692,3.808
CBM,35,reserve,2063,247.337,3.834
CBM,35,reserve,2064,248.951,3.859
CBM,35,reserve,2065,250.538,3.883
CBM,35,reserve,2066,252.098,3.908
CBM,35,reserve,2067,253.631,3.931
CBM,35,reserve,2068,255.136,3.955
CBM,35,reserve,2069,256.614,3.978
CBM,35,reserve,2070,258.065,4
CBM,35,reserve,2071,259.489,4.022
CBM,35,reserve,2072,260.885,4.044
CBM,35,reserve,2073,262.254,4.065
CBM,35,reserve,2074,263.596,4.086
CBM,35,reserve,2075,264.916,4.106
CBM,35,reserve,2076,266.213,4.126
CBM,35,reserve,2077,267.487,4.146
CBM,35,reserve,2078,268.739,4.165
CBM,35,reserve,2079,269.969,4.185
CBM,35,reserve,2080,271.177,4.203
CBM,35,reserve,2081,272.361,4.222
CBM,35,reserve,2082,273.524,4.24
CBM,35,reserve,2083,274.664,4.257
CBM,35,reserve,2084,275.781,4.275
CBM,35,reserve,2085,276.877,4.292
CBM,35,reserve,2086,277.952,4.308
CBM,35,reserve,2087,279.005,4.325
CBM,35,reserve,2088,280.036,4.341
CBM,35,reserve,2089,281.046,4.356
CBM,35,reserve,2090,282.034,4.372
CBM,35,reserve,2091,283.001,4.387
CBM,35,reserve,2092,283.946,4.401
CBM,35,reserve,2093,284.87,4.415
CBM,35,reserve,2094,285.772,4.429
CBM,35,reserve,2095,286.658,4.443
CBM,35,reserve,2096,287.526,4.457
CBM,35,reserve,2097,288.378,4.47
CBM,35,reserve,2098,289.212,4.483
CBM,35,reserve,2099,290.03,4.495
CBM,35,reserve,2100,290.831,4.508
CBM,36,reserve,2025,592.43,6.161
CBM,36,reserve,2026,604.409,6.286
CBM,36,reserve,2027,616.347,6.41
CBM,36,reserve,2028,628.24,6.534
CBM,36,reserve,2029,640.085,6.657
CBM,36,reserve,2030,651.88,6.78
CBM,36,reserve,2031,663.621,6.902
CBM,36,reserve,2032,672.567,6.995
CBM,36,reserve,2033,681.313,7.086
CBM,36,reserve,2034,691.275,7.189
CBM,36,reserve,2035,701.047,7.291
CBM,36,reserve,2036,710.625,7.39
CBM,36,reserve,2037,720.003,7.488
CBM,36,reserve,2038,729.177,7.583
CBM,36,reserve,2039,737.707,7.672
CBM,36,reserve,2040,746.005,7.758
CBM,36,reserve,2041,754.066,7.842
CBM,36,reserve,2042,763.727,7.943
CBM,36,reserve,2043,773.234,8.042
CBM,36,reserve,2044,782.583,8.139
CBM,36,reserve,2045,791.803,8.235
CBM,36,reserve,2046,800.891,8.329
CBM,36,reserve,2047,809.847,8.422
CBM,36,reserve,2048,818.668,8.514
CBM,36,reserve,2049,827.79,8.609
CBM,36,reserve,2050,836.791,8.703
CBM,36,reserve,2051,845.673,8.795
CBM,36,reserve,2052,855.345,8.896
CBM,36,reserve,2053,864.983,8.996
CBM,36,reserve,2054,874.597,9.096
CBM,36,reserve,2055,884.208,9.196
CBM,36,reserve,2056,893.817,9.296
CBM,36,reserve,2057,903.431,9.396
CBM,36,reserve,2058,913.049,9.496
CBM,36,reserve,2059,922.674,9.596
CBM,36,reserve,2060,932.309,9.696
CBM,36,reserve,2061,941.954,9.796
CBM,36,reserve,2062,951.594,9.897
CBM,36,reserve,2063,961.204,9.997
CBM,36,reserve,2064,970.775,10.096
CBM,36,reserve,2065,980.258,10.195
CBM,36,reserve,2066,989.652,10.292
CBM,36,reserve,2067,998.952,10.389
CBM,36,reserve,2068,1008.16,10.485
CBM,36,reserve,2069,1017.275,10.58
CBM,36,reserve,2070,1026.293,10.673
CBM,36,reserve,2071,1035.217,10.766
CBM,36,reserve,2072,1044.046,10.858
CBM,36,reserve,2073,1052.781,10.949
CBM,36,reserve,2074,1061.424,11.039
CBM,36,reserve,2075,1069.98,11.128
CBM,36,reserve,2076,1078.449,11.216
CBM,36,reserve,2077,1086.831,11.303
CBM,36,reserve,2078,1095.127,11.389
CBM,36,reserve,2079,1103.338,11.475
CBM,36,reserve,2080,1111.464,11.559
CBM,36,reserve,2081,1119.505,11.643
CBM,36,reserve,2082,1127.463,11.726
CBM,36,reserve,2083,1135.338,11.808
CBM,36,reserve,2084,1143.13,11.889
CBM,36,reserve,2085,1150.654,11.967
CBM,36,reserve,2086,1157.912,12.042
CBM,36,reserve,2087,1164.902,12.115
CBM,36,reserve,2088,1171.625,12.185
CBM,36,reserve,2089,1178.086,12.252
CBM,36,reserve,2090,1184.287,12.317
CBM,36,reserve,2091,1190.228,12.378
CBM,36,reserve,2092,1195.909,12.437
CBM,36,reserve,2093,1201.329,12.494
CBM,36,reserve,2094,1206.488,12.547
CBM,36,reserve,2095,1211.537,12.6
CBM,36,reserve,2096,1216.474,12.651
CBM,36,reserve,2097,1221.301,12.702
CBM,36,reserve,2098,1226.016,12.751
CBM,36,reserve,2099,1230.615,12.798
CBM,36,reserve,2100,1235.098,12.845
CBM,37,reserve,2025,568.76,6.598
CBM,37,reserve,2026,583.167,6.765
CBM,37,reserve,2027,597.547,6.932
CBM,37,reserve,2028,611.901,7.098
CBM,37,reserve,2029,626.231,7.264
CBM,37,reserve,2030,640.538,7.43
CBM,37,reserve,2031,654.821,7.596
CBM,37,reserve,2032,669.084,7.761
CBM,37,reserve,2033,683.326,7.927
CBM,37,reserve,2034,697.548,8.092
CBM,37,reserve,2035,711.687,8.256
CBM,37,reserve,2036,725.744,8.419
CBM,37,reserve,2037,739.72,8.581
CBM,37,reserve,2038,753.616,8.742
CBM,37,reserve,2039,767.434,8.902
CBM,37,reserve,2040,781.174,9.062
CBM,37,reserve,2041,794.837,9.22
CBM,37,reserve,2042,808.425,9.378
CBM,37,reserve,2043,821.939,9.534
CBM,37,reserve,2044,835.378,9.69
CBM,37,reserve,2045,848.708,9.845
CBM,37,reserve,2046,861.927,9.998
CBM,37,reserve,2047,875.038,10.15
CBM,37,reserve,2048,888.042,10.301
CBM,37,reserve,2049,900.939,10.451
CBM,37,reserve,2050,913.729,10.599
CBM,37,reserve,2051,926.416,10.746
CBM,37,reserve,2052,938.998,10.892
CBM,37,reserve,2053,951.477,11.037
CBM,37,reserve,2054,963.853,11.181
CBM,37,reserve,2055,976.11,11.323
CBM,37,reserve,2056,988.247,11.464
CBM,37,reserve,2057,1000.266,11.603
CBM,37,reserve,2058,1012.167,11.741
CBM,37,reserve,2059,1023.952,11.878
CBM,37,reserve,2060,1035.62,12.013
CBM,37,reserve,2061,1047.172,12.147
CBM,37,reserve,2062,1058.61,12.28
CBM,37,reserve,2063,1069.933,12.411
CBM,37,reserve,2064,1081.143,12.541
CBM,37,reserve,2065,1092.231,12.67
CBM,37,reserve,2066,1103.197,12.797
CBM,37,reserve,2067,1114.043,12.923
CBM,37,reserve,2068,1124.769,13.047
CBM,37,reserve,2069,1135.376,13.17
CBM,37,reserve,2070,1145.863,13.292
CBM,37,reserve,2071,1156.232,13.412
CBM,37,reserve,2072,1166.483,13.531
CBM,37,reserve,2073,1176.616,13.649
CBM,37,reserve,2074,1186.632,13.765
CBM,37,reserve,2075,1196.532,13.88
CBM,37,reserve,2076,1206.315,13.993
CBM,37,reserve,2077,1215.982,14.105
CBM,37,reserve,2078,1225.534,14.216
CBM,37,reserve,2079,1234.971,14.326
CBM,37,reserve,2080,1244.293,14.434
CBM,37,reserve,2081,1253.501,14.541
CBM,37,reserve,2082,1262.595,14.646
CBM,37,reserve,2083,1271.575,14.75
CBM,37,reserve,2084,1280.442,14.853
CBM,37,reserve,2085,1289.198,14.955
CBM,37,reserve,2086,1297.845,15.055
CBM,37,reserve,2087,1306.381,15.154
CBM,37,reserve,2088,1314.809,15.252
CBM,37,reserve,2089,1323.127,15.348
CBM,37,reserve,2090,1331.336,15.444
CBM,37,reserve,2091,1339.437,15.537
CBM,37,reserve,2092,1347.429,15.63
CBM,37,reserve,2093,1355.313,15.722
CBM,37,reserve,2094,1363.089,15.812
CBM,37,reserve,2095,1370.766,15.901
CBM,37,reserve,2096,1378.342,15.989
CBM,37,reserve,2097,1385.819,16.075
CBM,37,reserve,2098,1393.196,16.161
CBM,37,reserve,2099,1400.474,16.245
CBM,37,reserve,2100,1407.653,16.329
CBM,38,reserve,2025,10.39,0.753
CBM,38,reserve,2026,10.578,0.767
CBM,38,reserve,2027,10.765,0.78
CBM,38,reserve,2028,10.951,0.794
CBM,38,reserve,2029,11.136,0.807
CBM,38,reserve,2030,11.32,0.821
CBM,38,reserve,2031,11.504,0.834
CBM,38,reserve,2032,11.687,0.847
CBM,38,reserve,2033,11.869,0.86
CBM,38,reserve,2034,12.05,0.874
CBM,38,reserve,2035,12.23,0.887
CBM,38,reserve,2036,12.409,0.9
CBM,38,reserve,2037,12.586,0.912
CBM,38,reserve,2038,12.762,0.925
CBM,38,reserve,2039,12.936,0.938
CBM,38,reserve,2040,13.11,0.95
CBM,38,reserve,2041,13.282,0.963
CBM,38,reserve,2042,13.453,0.975
CBM,38,reserve,2043,13.622,0.988
CBM,38,reserve,2044,13.791,1
CBM,38,reserve,2045,13.958,1.012
CBM,38,reserve,2046,14.123,1.024
CBM,38,reserve,2047,14.287,1.036
CBM,38,reserve,2048,14.449,1.048
CBM,38,reserve,2049,14.61,1.059
CBM,38,reserve,2050,14.769,1.071
CBM,38,reserve,2051,14.927,1.082
CBM,38,reserve,2052,15.083,1.094
CBM,38,reserve,2053,15.238,1.105
CBM,38,reserve,2054,15.391,1.116
CBM,38,reserve,2055,15.543,1.127
CBM,38,reserve,2056,15.693,1.138
CBM,38,reserve,2057,15.842,1.149
CBM,38,reserve,2058,15.989,1.159
CBM,38,reserve,2059,16.135,1.17
CBM,38,reserve,2060,16.278,1.18
CBM,38,reserve,2061,16.421,1.191
CBM,38,reserve,2062,16.562,1.201
CBM,38,reserve,2063,16.701,1.211
CBM,38,reserve,2064,16.839,1.221
CBM,38,reserve,2065,16.975,1.231
CBM,38,reserve,2066,17.11,1.24
CBM,38,reserve,2067,17.243,1.25
CBM,38,reserve,2068,17.375,1.26
CBM,38,reserve,2069,17.505,1.269
CBM,38,reserve,2070,17.633,1.278
CBM,38,reserve,2071,17.76,1.288
CBM,38,reserve,2072,17.886,1.297
CBM,38,reserve,2073,18.01,1.306
CBM,38,reserve,2074,18.132,1.315
CBM,38,reserve,2075,18.253,1.323
CBM,38,reserve,2076,18.373,1.332
CBM,38,reserve,2077,18.491,1.341
CBM,38,reserve,2078,18.607,1.349
CBM,38,reserve,2079,18.722,1.357
CBM,38,reserve,2080,18.836,1.366
CBM,38,reserve,2081,18.948,1.374
CBM,38,reserve,2082,19.058,1.382
CBM,38,reserve,2083,19.168,1.39
CBM,38,reserve,2084,19.276,1.397
CBM,38,reserve,2085,19.382,1.405
CBM,38,reserve,2086,19.487,1.413
CBM,38,reserve,2087,19.59,1.42
CBM,38,reserve,2088,19.693,1.428
CBM,38,reserve,2089,19.794,1.435
CBM,38,reserve,2090,19.893,1.442
CBM,38,reserve,2091,19.991,1.449
CBM,38,reserve,2092,20.088,1.456
CBM,38,reserve,2093,20.183,1.463
CBM,38,reserve,2094,20.277,1.47
CBM,38,reserve,2095,20.37,1.477
CBM,38,reserve,2096,20.461,1.483
CBM,38,reserve,2097,20.551,1.49
CBM,38,reserve,2098,20.64,1.496
CBM,38,reserve,2099,20.728,1.503
CBM,38,reserve,2100,20.815,1.509
CBM,39,reserve,2025,250.86,4.917
CBM,39,reserve,2026,258.579,5.068
CBM,39,reserve,2027,266.326,5.22
CBM,39,reserve,2028,274.101,5.372
CBM,39,reserve,2029,281.903,5.525
CBM,39,reserve,2030,289.733,5.679
CBM,39,reserve,2031,297.591,5.833
CBM,39,reserve,2032,305.478,5.987
CBM,39,reserve,2033,313.393,6.143
CBM,39,reserve,2034,321.338,6.298
CBM,39,reserve,2035,329.262,6.454
CBM,39,reserve,2036,337.171,6.609
CBM,39,reserve,2037,345.066,6.763
CBM,39,reserve,2038,352.946,6.918
CBM,39,reserve,2039,360.812,7.072
CBM,39,reserve,2040,368.665,7.226
CBM,39,reserve,2041,376.506,7.38
CBM,39,reserve,2042,384.333,7.533
CBM,39,reserve,2043,392.148,7.686
CBM,39,reserve,2044,399.952,7.839
CBM,39,reserve,2045,407.713,7.991
CBM,39,reserve,2046,415.432,8.142
CBM,39,reserve,2047,423.109,8.293
CBM,39,reserve,2048,430.746,8.443
CBM,39,reserve,2049,438.343,8.592
CBM,39,reserve,2050,445.899,8.74
CBM,39,reserve,2051,453.415,8.887
CBM,39,reserve,2052,460.893,9.033
CBM,39,reserve,2053,468.331,9.179
CBM,39,reserve,2054,475.731,9.324
CBM,39,reserve,2055,483.074,9.468
CBM,39,reserve,2056,490.362,9.611
CBM,39,reserve,2057,497.594,9.753
CBM,39,reserve,2058,504.771,9.894
CBM,39,reserve,2059,511.894,10.033
CBM,39,reserve,2060,518.962,10.172
CBM,39,reserve,2061,525.976,10.309
CBM,39,reserve,2062,532.937,10.446
CBM,39,reserve,2063,539.844,10.581
CBM,39,reserve,2064,546.698,10.715
CBM,39,reserve,2065,553.489,10.848
CBM,39,reserve,2066,560.217,10.98
CBM,39,reserve,2067,566.883,11.111
CBM,39,reserve,2068,573.487,11.24
CBM,39,reserve,2069,580.028,11.369
CBM,39,reserve,2070,586.508,11.496
CBM,39,reserve,2071,592.927,11.621
CBM,39,reserve,2072,599.284,11.746
CBM,39,reserve,2073,605.58,11.869
CBM,39,reserve,2074,611.816,11.992
CBM,39,reserve,2075,617.988,12.113
CBM,39,reserve,2076,624.095,12.232
CBM,39,reserve,2077,630.138,12.351
CBM,39,reserve,2078,636.118,12.468
CBM,39,reserve,2079,642.034,12.584
CBM,39,reserve,2080,647.887,12.699
CBM,39,reserve,2081,653.676,12.812
CBM,39,reserve,2082,659.403,12.924
CBM,39,reserve,2083,665.067,13.035
CBM,39,reserve,2084,670.668,13.145
CBM,39,reserve,2085,676.206,13.254
CBM,39,reserve,2086,681.681,13.361
CBM,39,reserve,2087,687.092,13.467
CBM,39,reserve,2088,692.441,13.572
CBM,39,reserve,2089,697.727,13.675
CBM,39,reserve,2090,702.951,13.778
CBM,39,reserve,2091,708.112,13.879
CBM,39,reserve,2092,713.211,13.979
CBM,39,reserve,2093,718.248,14.078
CBM,39,reserve,2094,723.223,14.175
CBM,39,reserve,2095,728.138,14.272
CBM,39,reserve,2096,732.994,14.367
CBM,39,reserve,2097,737.791,14.461
CBM,39,reserve,2098,742.529,14.554
CBM,39,reserve,2099,747.208,14.645
CBM,39,reserve,2100,751.829,14.736
CBM,40,reserve,2025,177.51,2.645
CBM,40,reserve,2026,182.256,2.716
CBM,40,reserve,2027,187.005,2.786
CBM,40,reserve,2028,191.759,2.857
CBM,40,reserve,2029,196.517,2.928
CBM,40,reserve,2030,201.28,2.999
CBM,40,reserve,2031,206.047,3.07
CBM,40,reserve,2032,210.818,3.141
CBM,40,reserve,2033,215.595,3.212
CBM,40,reserve,2034,220.376,3.284
CBM,40,reserve,2035,225.136,3.355
CBM,40,reserve,2036,229.875,3.425
CBM,40,reserve,2037,234.593,3.495
CBM,40,reserve,2038,239.291,3.565
CBM,40,reserve,2039,243.97,3.635
CBM,40,reserve,2040,248.629,3.705
CBM,40,reserve,2041,253.269,3.774
CBM,40,reserve,2042,257.89,3.843
CBM,40,reserve,2043,262.493,3.911
CBM,40,reserve,2044,267.077,3.979
CBM,40,reserve,2045,271.628,4.047
CBM,40,reserve,2046,276.145,4.115
CBM,40,reserve,2047,280.628,4.181
CBM,40,reserve,2048,285.078,4.248
CBM,40,reserve,2049,289.496,4.313
CBM,40,reserve,2050,293.882,4.379
CBM,40,reserve,2051,298.235,4.444
CBM,40,reserve,2052,302.557,4.508
CBM,40,reserve,2053,306.848,4.572
CBM,40,reserve,2054,311.108,4.636
CBM,40,reserve,2055,315.329,4.698
CBM,40,reserve,2056,319.512,4.761
CBM,40,reserve,2057,323.656,4.822
CBM,40,reserve,2058,327.763,4.884
CBM,40,reserve,2059,331.833,4.944
CBM,40,reserve,2060,335.865,5.004
CBM,40,reserve,2061,339.86,5.064
CBM,40,reserve,2062,343.818,5.123
CBM,40,reserve,2063,347.741,5.181
CBM,40,reserve,2064,351.627,5.239
CBM,40,reserve,2065,355.472,5.297
CBM,40,reserve,2066,359.277,5.353
CBM,40,reserve,2067,363.041,5.409
CBM,40,reserve,2068,366.765,5.465
CBM,40,reserve,2069,370.449,5.52
CBM,40,reserve,2070,374.094,5.574
CBM,40,reserve,2071,377.699,5.628
CBM,40,reserve,2072,381.265,5.681
CBM,40,reserve,2073,384.792,5.733
CBM,40,reserve,2074,388.28,5.785
CBM,40,reserve,2075,391.729,5.837
CBM,40,reserve,2076,395.138,5.888
CBM,40,reserve,2077,398.507,5.938
CBM,40,reserve,2078,401.838,5.987
CBM,40,reserve,2079,405.13,6.036
CBM,40,reserve,2080,408.383,6.085
CBM,40,reserve,2081,411.597,6.133
CBM,40,reserve,2082,414.773,6.18
CBM,40,reserve,2083,417.91,6.227
CBM,40,reserve,2084,421.01,6.273
CBM,40,reserve,2085,424.071,6.319
CBM,40,reserve,2086,427.094,6.364
CBM,40,reserve,2087,430.078,6.408
CBM,40,reserve,2088,433.024,6.452
CBM,40,reserve,2089,435.933,6.495
CBM,40,reserve,2090,438.803,6.538
CBM,40,reserve,2091,441.636,6.58
CBM,40,reserve,2092,444.432,6.622
CBM,40,reserve,2093,447.19,6.663
CBM,40,reserve,2094,449.91,6.704
CBM,40,reserve,2095,452.596,6.744
CBM,40,reserve,2096,455.247,6.783
CBM,40,reserve,2097,457.863,6.822
CBM,40,reserve,2098,460.445,6.861
CBM,40,reserve,2099,462.992,6.899
CBM,40,reserve,2100,465.505,6.936
CBM,41,reserve,2025,1022.66,8.999
CBM,41,reserve,2026,1028.151,9.048
CBM,41,reserve,2027,1033.53,9.095
CBM,41,reserve,2028,1038.8,9.141
CBM,41,reserve,2029,1043.955,9.187
CBM,41,reserve,2030,1049.002,9.231
CBM,41,reserve,2031,1053.942,9.275
CBM,41,reserve,2032,1058.778,9.317
CBM,41,reserve,2033,1063.514,9.359
CBM,41,reserve,2034,1068.153,9.4
CBM,41,reserve,2035,1072.723,9.44
CBM,41,reserve,2036,1077.22,9.48
CBM,41,reserve,2037,1081.646,9.518
CBM,41,reserve,2038,1086.001,9.557
CBM,41,reserve,2039,1090.29,9.595
CBM,41,reserve,2040,1094.514,9.632
CBM,41,reserve,2041,1098.672,9.668
CBM,41,reserve,2042,1102.764,9.704
CBM,41,reserve,2043,1106.791,9.74
CBM,41,reserve,2044,1110.753,9.775
CBM,41,reserve,2045,1114.649,9.809
CBM,41,reserve,2046,1118.477,9.843
CBM,41,reserve,2047,1122.236,9.876
CBM,41,reserve,2048,1125.927,9.908
CBM,41,reserve,2049,1129.553,9.94
CBM,41,reserve,2050,1133.113,9.971
CBM,41,reserve,2051,1136.607,10.002
CBM,41,reserve,2052,1140.035,10.032
CBM,41,reserve,2053,1143.397,10.062
CBM,41,reserve,2054,1146.693,10.091
CBM,41,reserve,2055,1149.933,10.119
CBM,41,reserve,2056,1153.119,10.147
CBM,41,reserve,2057,1156.251,10.175
CBM,41,reserve,2058,1159.329,10.202
CBM,41,reserve,2059,1162.353,10.229
CBM,41,reserve,2060,1165.323,10.255
CBM,41,reserve,2061,1168.238,10.28
CBM,41,reserve,2062,1171.1,10.306
CBM,41,reserve,2063,1173.906,10.33
CBM,41,reserve,2064,1176.659,10.355
CBM,41,reserve,2065,1179.366,10.378
CBM,41,reserve,2066,1182.027,10.402
CBM,41,reserve,2067,1184.642,10.425
CBM,41,reserve,2068,1187.212,10.447
CBM,41,reserve,2069,1189.736,10.47
CBM,41,reserve,2070,1192.214,10.491
CBM,41,reserve,2071,1194.646,10.513
CBM,41,reserve,2072,1197.033,10.534
CBM,41,reserve,2073,1199.373,10.554
CBM,41,reserve,2074,1201.668,10.575
CBM,41,reserve,2075,1203.922,10.595
CBM,41,reserve,2076,1206.136,10.614
CBM,41,reserve,2077,1208.31,10.633
CBM,41,reserve,2078,1210.444,10.652
CBM,41,reserve,2079,1212.537,10.67
CBM,41,reserve,2080,1214.59,10.688
CBM,41,reserve,2081,1216.603,10.706
CBM,41,reserve,2082,1218.576,10.723
CBM,41,reserve,2083,1220.508,10.74
CBM,41,reserve,2084,1222.4,10.757
CBM,41,reserve,2085,1224.259,10.773
CBM,41,reserve,2086,1226.086,10.79
CBM,41,reserve,2087,1227.881,10.805
CBM,41,reserve,2088,1229.643,10.821
CBM,41,reserve,2089,1231.373,10.836
CBM,41,reserve,2090,1233.07,10.851
CBM,41,reserve,2091,1234.735,10.866
CBM,41,reserve,2092,1236.367,10.88
CBM,41,reserve,2093,1237.967,10.894
CBM,41,reserve,2094,1239.534,10.908
CBM,41,reserve,2095,1241.073,10.921
CBM,41,reserve,2096,1242.582,10.935
CBM,41,reserve,2097,1244.062,10.948
CBM,41,reserve,2098,1245.513,10.961
CBM,41,reserve,2099,1246.935,10.973
CBM,41,reserve,2100,1248.327,10.985
CBM,42,reserve,2025,551.02,6.006
CBM,42,reserve,2026,566.293,6.173
CBM,42,reserve,2027,581.607,6.34
CBM,42,reserve,2028,596.962,6.507
CBM,42,reserve,2029,612.36,6.675
CBM,42,reserve,2030,627.8,6.843
CBM,42,reserve,2031,643.283,7.012
CBM,42,reserve,2032,658.81,7.181
CBM,42,reserve,2033,674.381,7.351
CBM,42,reserve,2034,689.996,7.521
CBM,42,reserve,2035,705.566,7.691
CBM,42,reserve,2036,721.093,7.86
CBM,42,reserve,2037,736.578,8.029
CBM,42,reserve,2038,752.021,8.197
CBM,42,reserve,2039,767.424,8.365
CBM,42,reserve,2040,782.787,8.532
CBM,42,reserve,2041,798.111,8.699
CBM,42,reserve,2042,813.398,8.866
CBM,42,reserve,2043,828.647,9.032
CBM,42,reserve,2044,843.859,9.198
CBM,42,reserve,2045,858.979,9.363
CBM,42,reserve,2046,874.007,9.527
CBM,42,reserve,2047,888.945,9.689
CBM,42,reserve,2048,903.792,9.851
CBM,42,reserve,2049,918.551,10.012
CBM,42,reserve,2050,933.222,10.172
CBM,42,reserve,2051,947.805,10.331
CBM,42,reserve,2052,962.303,10.489
CBM,42,reserve,2053,976.714,10.646
CBM,42,reserve,2054,991.041,10.802
CBM,42,reserve,2055,1005.252,10.957
CBM,42,reserve,2056,1019.346,11.111
CBM,42,reserve,2057,1033.326,11.263
CBM,42,reserve,2058,1047.191,11.414
CBM,42,reserve,2059,1060.943,11.564
CBM,42,reserve,2060,1074.583,11.713
CBM,42,reserve,2061,1088.11,11.86
CBM,42,reserve,2062,1101.526,12.007
CBM,42,reserve,2063,1114.831,12.152
CBM,42,reserve,2064,1128.027,12.295
CBM,42,reserve,2065,1141.095,12.438
CBM,42,reserve,2066,1154.037,12.579
CBM,42,reserve,2067,1166.852,12.719
CBM,42,reserve,2068,1179.543,12.857
CBM,42,reserve,2069,1192.108,12.994
CBM,42,reserve,2070,1204.549,13.13
CBM,42,reserve,2071,1216.867,13.264
CBM,42,reserve,2072,1229.061,13.397
CBM,42,reserve,2073,1241.133,13.528
CBM,42,reserve,2074,1253.083,13.659
CBM,42,reserve,2075,1264.904,13.787
CBM,42,reserve,2076,1276.599,13.915
CBM,42,reserve,2077,1288.167,14.041
CBM,42,reserve,2078,1299.608,14.166
CBM,42,reserve,2079,1310.923,14.289
CBM,42,reserve,2080,1322.113,14.411
CBM,42,reserve,2081,1333.178,14.532
CBM,42,reserve,2082,1344.117,14.651
CBM,42,reserve,2083,1354.933,14.769
CBM,42,reserve,2084,1365.624,14.885
CBM,42,reserve,2085,1376.192,15
CBM,42,reserve,2086,1386.635,15.114
CBM,42,reserve,2087,1396.956,15.227
CBM,42,reserve,2088,1407.153,15.338
CBM,42,reserve,2089,1417.228,15.448
CBM,42,reserve,2090,1427.18,15.556
CBM,42,reserve,2091,1437.01,15.663
CBM,42,reserve,2092,1446.718,15.769
CBM,42,reserve,2093,1456.304,15.874
CBM,42,reserve,2094,1465.77,15.977
CBM,42,reserve,2095,1475.119,16.079
CBM,42,reserve,2096,1484.354,16.179
CBM,42,reserve,2097,1493.474,16.279
CBM,42,reserve,2098,1502.479,16.377
CBM,42,reserve,2099,1511.37,16.474
CBM,42,reserve,2100,1520.146,16.57
CBM,44,reserve,2025,12.75,0.678
CBM,44,reserve,2026,13.173,0.701
CBM,44,reserve,2027,13.593,0.723
CBM,44,reserve,2028,14.011,0.745
CBM,44,reserve,2029,14.427,0.768
CBM,44,reserve,2030,14.84,0.789
CBM,44,reserve,2031,15.25,0.811
CBM,44,reserve,2032,15.659,0.833
CBM,44,reserve,2033,16.065,0.855
CBM,44,reserve,2034,16.467,0.876
CBM,44,reserve,2035,16.865,0.897
CBM,44,reserve,2036,17.259,0.918
CBM,44,reserve,2037,17.648,0.939
CBM,44,reserve,2038,18.032,0.959
CBM,44,reserve,2039,18.412,0.98
CBM,44,reserve,2040,18.788,0.999
CBM,44,reserve,2041,19.159,1.019
CBM,44,reserve,2042,19.526,1.039
CBM,44,reserve,2043,19.889,1.058
CBM,44,reserve,2044,20.247,1.077
CBM,44,reserve,2045,20.599,1.096
CBM,44,reserve,2046,20.943,1.114
CBM,44,reserve,2047,21.28,1.132
CBM,44,reserve,2048,21.61,1.15
CBM,44,reserve,2049,21.933,1.167
CBM,44,reserve,2050,22.249,1.184
CBM,44,reserve,2051,22.558,1.2
CBM,44,reserve,2052,22.86,1.216
CBM,44,reserve,2053,23.155,1.232
CBM,44,reserve,2054,23.443,1.247
CBM,44,reserve,2055,23.73,1.262
CBM,44,reserve,2056,24.014,1.278
CBM,44,reserve,2057,24.297,1.293
CBM,44,reserve,2058,24.578,1.308
CBM,44,reserve,2059,24.857,1.322
CBM,44,reserve,2060,25.135,1.337
CBM,44,reserve,2061,25.41,1.352
CBM,44,reserve,2062,25.684,1.366
CBM,44,reserve,2063,25.956,1.381
CBM,44,reserve,2064,26.227,1.395
CBM,44,reserve,2065,26.491,1.409
CBM,44,reserve,2066,26.747,1.423
CBM,44,reserve,2067,26.997,1.436
CBM,44,reserve,2068,27.241,1.449
CBM,44,reserve,2069,27.477,1.462
CBM,44,reserve,2070,27.707,1.474
CBM,44,reserve,2071,27.93,1.486
CBM,44,reserve,2072,28.146,1.497
CBM,44,reserve,2073,28.356,1.509
CBM,44,reserve,2074,28.559,1.519
CBM,44,reserve,2075,28.757,1.53
CBM,44,reserve,2076,28.95,1.54
CBM,44,reserve,2077,29.139,1.55
CBM,44,reserve,2078,29.323,1.56
CBM,44,reserve,2079,29.503,1.57
CBM,44,reserve,2080,29.677,1.579
CBM,44,reserve,2081,29.847,1.588
CBM,44,reserve,2082,30.013,1.597
CBM,44,reserve,2083,30.174,1.605
CBM,44,reserve,2084,30.33,1.614
CBM,44,reserve,2085,30.483,1.622
CBM,44,reserve,2086,30.634,1.63
CBM,44,reserve,2087,30.782,1.638
CBM,44,reserve,2088,30.928,1.645
CBM,44,reserve,2089,31.071,1.653
CBM,44,reserve,2090,31.211,1.66
CBM,44,reserve,2091,31.349,1.668
CBM,44,reserve,2092,31.484,1.675
CBM,44,reserve,2093,31.616,1.682
CBM,44,reserve,2094,31.746,1.689
CBM,44,reserve,2095,31.873,1.696
CBM,44,reserve,2096,31.997,1.702
CBM,44,reserve,2097,32.118,1.709
CBM,44,reserve,2098,32.235,1.715
CBM,44,reserve,2099,32.35,1.721
CBM,44,reserve,2100,32.462,1.727
CBM,45,reserve,2025,325.11,4.649
CBM,45,reserve,2026,332.906,4.761
CBM,45,reserve,2027,340.661,4.871
CBM,45,reserve,2028,348.374,4.982
CBM,45,reserve,2029,356.046,5.091
CBM,45,reserve,2030,363.679,5.201
CBM,45,reserve,2031,371.272,5.309
CBM,45,reserve,2032,378.827,5.417
CBM,45,reserve,2033,386.343,5.525
CBM,45,reserve,2034,393.822,5.632
CBM,45,reserve,2035,401.236,5.738
CBM,45,reserve,2036,408.585,5.843
CBM,45,reserve,2037,415.871,5.947
CBM,45,reserve,2038,423.093,6.05
CBM,45,reserve,2039,430.253,6.153
CBM,45,reserve,2040,437.352,6.254
CBM,45,reserve,2041,444.389,6.355
CBM,45,reserve,2042,451.366,6.455
CBM,45,reserve,2043,458.284,6.553
CBM,45,reserve,2044,465.142,6.652
CBM,45,reserve,2045,471.927,6.749
CBM,45,reserve,2046,478.64,6.845
CBM,45,reserve,2047,485.282,6.94
CBM,45,reserve,2048,491.852,7.033
CBM,45,reserve,2049,498.351,7.126
CBM,45,reserve,2050,504.781,7.218
CBM,45,reserve,2051,511.141,7.309
CBM,45,reserve,2052,517.432,7.399
CBM,45,reserve,2053,523.655,7.488
CBM,45,reserve,2054,529.81,7.576
CBM,45,reserve,2055,535.892,7.663
CBM,45,reserve,2056,541.902,7.749
CBM,45,reserve,2057,547.84,7.834
CBM,45,reserve,2058,553.706,7.918
CBM,45,reserve,2059,559.502,8.001
CBM,45,reserve,2060,565.227,8.083
CBM,45,reserve,2061,570.883,8.164
CBM,45,reserve,2062,576.468,8.243
CBM,45,reserve,2063,581.984,8.322
CBM,45,reserve,2064,587.431,8.4
CBM,45,reserve,2065,592.809,8.477
CBM,45,reserve,2066,598.118,8.553
CBM,45,reserve,2067,603.359,8.628
CBM,45,reserve,2068,608.531,8.702
CBM,45,reserve,2069,613.635,8.775
CBM,45,reserve,2070,618.672,8.847
CBM,45,reserve,2071,623.641,8.918
CBM,45,reserve,2072,628.543,8.988
CBM,45,reserve,2073,633.378,9.057
CBM,45,reserve,2074,638.147,9.126
CBM,45,reserve,2075,642.853,9.193
CBM,45,reserve,2076,647.495,9.259
CBM,45,reserve,2077,652.074,9.325
CBM,45,reserve,2078,656.59,9.389
CBM,45,reserve,2079,661.044,9.453
CBM,45,reserve,2080,665.435,9.516
CBM,45,reserve,2081,669.764,9.578
CBM,45,reserve,2082,674.031,9.639
CBM,45,reserve,2083,678.237,9.699
CBM,45,reserve,2084,682.381,9.758
CBM,45,reserve,2085,686.467,9.816
CBM,45,reserve,2086,690.496,9.874
CBM,45,reserve,2087,694.468,9.931
CBM,45,reserve,2088,698.383,9.987
CBM,45,reserve,2089,702.241,10.042
CBM,45,reserve,2090,706.042,10.096
CBM,45,reserve,2091,709.787,10.15
CBM,45,reserve,2092,713.475,10.203
CBM,45,reserve,2093,717.107,10.255
CBM,45,reserve,2094,720.683,10.306
CBM,45,reserve,2095,724.208,10.356
CBM,45,reserve,2096,727.682,10.406
CBM,45,reserve,2097,731.106,10.455
CBM,45,reserve,2098,734.48,10.503
CBM,45,reserve,2099,737.803,10.551
CBM,45,reserve,2100,741.076,10.597
CBM,46,reserve,2025,22.21,0.835
CBM,46,reserve,2026,22.505,0.846
CBM,46,reserve,2027,22.797,0.857
CBM,46,reserve,2028,23.084,0.868
CBM,46,reserve,2029,23.368,0.879
CBM,46,reserve,2030,23.648,0.889
CBM,46,reserve,2031,23.924,0.9
CBM,46,reserve,2032,24.196,0.91
CBM,46,reserve,2033,24.465,0.92
CBM,46,reserve,2034,24.731,0.93
CBM,46,reserve,2035,24.992,0.94
CBM,46,reserve,2036,25.25,0.949
CBM,46,reserve,2037,25.503,0.959
CBM,46,reserve,2038,25.753,0.968
CBM,46,reserve,2039,25.998,0.978
CBM,46,reserve,2040,26.24,0.987
CBM,46,reserve,2041,26.479,0.996
CBM,46,reserve,2042,26.713,1.004
CBM,46,reserve,2043,26.944,1.013
CBM,46,reserve,2044,27.171,1.022
CBM,46,reserve,2045,27.394,1.03
CBM,46,reserve,2046,27.614,1.038
CBM,46,reserve,2047,27.83,1.046
CBM,46,reserve,2048,28.042,1.054
CBM,46,reserve,2049,28.251,1.062
CBM,46,reserve,2050,28.457,1.07
CBM,46,reserve,2051,28.659,1.078
CBM,46,reserve,2052,28.857,1.085
CBM,46,reserve,2053,29.052,1.092
CBM,46,reserve,2054,29.243,1.1
CBM,46,reserve,2055,29.432,1.107
CBM,46,reserve,2056,29.617,1.114
CBM,46,reserve,2057,29.8,1.12
CBM,46,reserve,2058,29.979,1.127
CBM,46,reserve,2059,30.156,1.134
CBM,46,reserve,2060,30.33,1.14
CBM,46,reserve,2061,30.501,1.147
CBM,46,reserve,2062,30.669,1.153
CBM,46,reserve,2063,30.834,1.159
CBM,46,reserve,2064,30.996,1.165
CBM,46,reserve,2065,31.156,1.171
CBM,46,reserve,2066,31.313,1.177
CBM,46,reserve,2067,31.467,1.183
CBM,46,reserve,2068,31.619,1.189
CBM,46,reserve,2069,31.768,1.194
CBM,46,reserve,2070,31.915,1.2
CBM,46,reserve,2071,32.059,1.205
CBM,46,reserve,2072,32.2,1.211
CBM,46,reserve,2073,32.339,1.216
CBM,46,reserve,2074,32.475,1.221
CBM,46,reserve,2075,32.609,1.226
CBM,46,reserve,2076,32.741,1.231
CBM,46,reserve,2077,32.87,1.236
CBM,46,reserve,2078,32.998,1.241
CBM,46,reserve,2079,33.123,1.245
CBM,46,reserve,2080,33.246,1.25
CBM,46,reserve,2081,33.367,1.255
CBM,46,reserve,2082,33.486,1.259
CBM,46,reserve,2083,33.603,1.263
CBM,46,reserve,2084,33.717,1.268
CBM,46,reserve,2085,33.83,1.272
CBM,46,reserve,2086,33.94,1.276
CBM,46,reserve,2087,34.048,1.28
CBM,46,reserve,2088,34.155,1.284
CBM,46,reserve,2089,34.259,1.288
CBM,46,reserve,2090,34.361,1.292
CBM,46,reserve,2091,34.461,1.296
CBM,46,reserve,2092,34.559,1.299
CBM,46,reserve,2093,34.655,1.303
CBM,46,reserve,2094,34.749,1.307
CBM,46,reserve,2095,34.841,1.31
CBM,46,reserve,2096,34.931,1.313
CBM,46,reserve,2097,35.02,1.317
CBM,46,reserve,2098,35.108,1.32
CBM,46,reserve,2099,35.193,1.323
CBM,46,reserve,2100,35.277,1.326
CBM,47,reserve,2025,461.09,5.395
CBM,47,reserve,2026,474.68,5.554
CBM,47,reserve,2027,488.309,5.713
CBM,47,reserve,2028,501.976,5.873
CBM,47,reserve,2029,515.682,6.033
CBM,47,reserve,2030,529.427,6.194
CBM,47,reserve,2031,543.212,6.356
CBM,47,reserve,2032,557.036,6.517
CBM,47,reserve,2033,570.901,6.68
CBM,47,reserve,2034,584.806,6.842
CBM,47,reserve,2035,598.668,7.004
CBM,47,reserve,2036,612.49,7.166
CBM,47,reserve,2037,626.272,7.327
CBM,47,reserve,2038,640.014,7.488
CBM,47,reserve,2039,653.719,7.649
CBM,47,reserve,2040,667.388,7.808
CBM,47,reserve,2041,681.02,7.968
CBM,47,reserve,2042,694.619,8.127
CBM,47,reserve,2043,708.183,8.286
CBM,47,reserve,2044,721.715,8.444
CBM,47,reserve,2045,735.16,8.601
CBM,47,reserve,2046,748.521,8.758
CBM,47,reserve,2047,761.799,8.913
CBM,47,reserve,2048,774.994,9.067
CBM,47,reserve,2049,788.108,9.221
CBM,47,reserve,2050,801.142,9.373
CBM,47,reserve,2051,814.096,9.525
CBM,47,reserve,2052,826.973,9.676
CBM,47,reserve,2053,839.773,9.825
CBM,47,reserve,2054,852.496,9.974
CBM,47,reserve,2055,865.112,10.122
CBM,47,reserve,2056,877.622,10.268
CBM,47,reserve,2057,890.026,10.413
CBM,47,reserve,2058,902.325,10.557
CBM,47,reserve,2059,914.521,10.7
CBM,47,reserve,2060,926.614,10.841
CBM,47,reserve,2061,938.605,10.982
CBM,47,reserve,2062,950.495,11.121
CBM,47,reserve,2063,962.286,11.259
CBM,47,reserve,2064,973.977,11.396
CBM,47,reserve,2065,985.552,11.531
CBM,47,reserve,2066,997.012,11.665
CBM,47,reserve,2067,1008.358,11.798
CBM,47,reserve,2068,1019.589,11.929
CBM,47,reserve,2069,1030.708,12.059
CBM,47,reserve,2070,1041.715,12.188
CBM,47,reserve,2071,1052.61,12.316
CBM,47,reserve,2072,1063.395,12.442
CBM,47,reserve,2073,1074.069,12.567
CBM,47,reserve,2074,1084.634,12.69
CBM,47,reserve,2075,1095.083,12.812
CBM,47,reserve,2076,1105.417,12.933
CBM,47,reserve,2077,1115.636,13.053
CBM,47,reserve,2078,1125.74,13.171
CBM,47,reserve,2079,1135.731,13.288
CBM,47,reserve,2080,1145.609,13.404
CBM,47,reserve,2081,1155.374,13.518
CBM,47,reserve,2082,1165.028,13.631
CBM,47,reserve,2083,1174.57,13.742
CBM,47,reserve,2084,1184.001,13.853
CBM,47,reserve,2085,1193.321,13.962
CBM,47,reserve,2086,1202.53,14.07
CBM,47,reserve,2087,1211.629,14.176
CBM,47,reserve,2088,1220.618,14.281
CBM,47,reserve,2089,1229.497,14.385
CBM,47,reserve,2090,1238.268,14.488
CBM,47,reserve,2091,1246.93,14.589
CBM,47,reserve,2092,1255.483,14.689
CBM,47,reserve,2093,1263.929,14.788
CBM,47,reserve,2094,1272.268,14.886
CBM,47,reserve,2095,1280.503,14.982
CBM,47,reserve,2096,1288.635,15.077
CBM,47,reserve,2097,1296.665,15.171
CBM,47,reserve,2098,1304.592,15.264
CBM,47,reserve,2099,1312.418,15.355
CBM,47,reserve,2100,1320.141,15.446
CBM,48,reserve,2025,479.11,5.126
CBM,48,reserve,2026,489.463,5.237
CBM,48,reserve,2027,499.759,5.347
CBM,48,reserve,2028,509.997,5.457
CBM,48,reserve,2029,520.18,5.566
CBM,48,reserve,2030,530.307,5.674
CBM,48,reserve,2031,540.379,5.782
CBM,48,reserve,2032,550.397,5.889
CBM,48,reserve,2033,560.361,5.996
CBM,48,reserve,2034,570.272,6.102
CBM,48,reserve,2035,580.093,6.207
CBM,48,reserve,2036,589.824,6.311
CBM,48,reserve,2037,599.467,6.414
CBM,48,reserve,2038,609.021,6.517
CBM,48,reserve,2039,618.489,6.618
CBM,48,reserve,2040,627.87,6.718
CBM,48,reserve,2041,637.165,6.818
CBM,48,reserve,2042,646.376,6.916
CBM,48,reserve,2043,655.504,7.014
CBM,48,reserve,2044,664.548,7.111
CBM,48,reserve,2045,673.491,7.206
CBM,48,reserve,2046,682.334,7.301
CBM,48,reserve,2047,691.078,7.395
CBM,48,reserve,2048,699.724,7.487
CBM,48,reserve,2049,708.272,7.579
CBM,48,reserve,2050,716.722,7.669
CBM,48,reserve,2051,725.077,7.758
CBM,48,reserve,2052,733.335,7.847
CBM,48,reserve,2053,741.499,7.934
CBM,48,reserve,2054,749.568,8.02
CBM,48,reserve,2055,757.547,8.106
CBM,48,reserve,2056,765.436,8.19
CBM,48,reserve,2057,773.235,8.274
CBM,48,reserve,2058,780.946,8.356
CBM,48,reserve,2059,788.569,8.438
CBM,48,reserve,2060,796.104,8.518
CBM,48,reserve,2061,803.551,8.598
CBM,48,reserve,2062,810.913,8.677
CBM,48,reserve,2063,818.187,8.755
CBM,48,reserve,2064,825.377,8.832
CBM,48,reserve,2065,832.476,8.907
CBM,48,reserve,2066,839.486,8.982
CBM,48,reserve,2067,846.407,9.057
CBM,48,reserve,2068,853.239,9.13
CBM,48,reserve,2069,859.984,9.202
CBM,48,reserve,2070,866.64,9.273
CBM,48,reserve,2071,873.209,9.343
CBM,48,reserve,2072,879.692,9.413
CBM,48,reserve,2073,886.088,9.481
CBM,48,reserve,2074,892.397,9.549
CBM,48,reserve,2075,898.627,9.615
CBM,48,reserve,2076,904.777,9.681
CBM,48,reserve,2077,910.849,9.746
CBM,48,reserve,2078,916.842,9.81
CBM,48,reserve,2079,922.756,9.873
CBM,48,reserve,2080,928.592,9.936
CBM,48,reserve,2081,934.35,9.998
CBM,48,reserve,2082,940.031,10.058
CBM,48,reserve,2083,945.634,10.118
CBM,48,reserve,2084,951.16,10.177
CBM,48,reserve,2085,956.605,10.236
CBM,48,reserve,2086,961.969,10.293
CBM,48,reserve,2087,967.252,10.35
CBM,48,reserve,2088,972.455,10.405
CBM,48,reserve,2089,977.577,10.46
CBM,48,reserve,2090,982.62,10.514
CBM,48,reserve,2091,987.582,10.567
CBM,48,reserve,2092,992.465,10.619
CBM,48,reserve,2093,997.269,10.671
CBM,48,reserve,2094,1001.993,10.721
CBM,48,reserve,2095,1006.649,10.771
CBM,48,reserve,2096,1011.238,10.82
CBM,48,reserve,2097,1015.76,10.869
CBM,48,reserve,2098,1020.213,10.916
CBM,48,reserve,2099,1024.6,10.963
CBM,48,reserve,2100,1028.92,11.009
CBM,49,reserve,2025,133.07,2.409
CBM,49,reserve,2026,135.287,2.449
CBM,49,reserve,2027,137.479,2.488
CBM,49,reserve,2028,139.644,2.528
CBM,49,reserve,2029,141.784,2.566
CBM,49,reserve,2030,143.898,2.605
CBM,49,reserve,2031,145.985,2.642
CBM,49,reserve,2032,148.047,2.68
CBM,49,reserve,2033,150.083,2.716
CBM,49,reserve,2034,152.093,2.753
CBM,49,reserve,2035,154.074,2.789
CBM,49,reserve,2036,156.028,2.824
CBM,49,reserve,2037,157.953,2.859
CBM,49,reserve,2038,159.85,2.893
CBM,49,reserve,2039,161.719,2.927
CBM,49,reserve,2040,163.56,2.96
CBM,49,reserve,2041,165.372,2.993
CBM,49,reserve,2042,167.157,3.026
CBM,49,reserve,2043,168.913,3.057
CBM,49,reserve,2044,170.642,3.089
CBM,49,reserve,2045,172.343,3.119
CBM,49,reserve,2046,174.018,3.15
CBM,49,reserve,2047,175.665,3.18
CBM,49,reserve,2048,177.286,3.209
CBM,49,reserve,2049,178.879,3.238
CBM,49,reserve,2050,180.446,3.266
CBM,49,reserve,2051,181.985,3.294
CBM,49,reserve,2052,183.498,3.321
CBM,49,reserve,2053,184.984,3.348
CBM,49,reserve,2054,186.443,3.375
CBM,49,reserve,2055,187.878,3.401
CBM,49,reserve,2056,189.29,3.426
CBM,49,reserve,2057,190.679,3.451
CBM,49,reserve,2058,192.044,3.476
CBM,49,reserve,2059,193.385,3.5
CBM,49,reserve,2060,194.703,3.524
CBM,49,reserve,2061,195.998,3.548
CBM,49,reserve,2062,197.269,3.571
CBM,49,reserve,2063,198.517,3.593
CBM,49,reserve,2064,199.742,3.615
CBM,49,reserve,2065,200.945,3.637
CBM,49,reserve,2066,202.128,3.659
CBM,49,reserve,2067,203.29,3.68
CBM,49,reserve,2068,204.431,3.7
CBM,49,reserve,2069,205.552,3.72
CBM,49,reserve,2070,206.652,3.74
CBM,49,reserve,2071,207.731,3.76
CBM,49,reserve,2072,208.789,3.779
CBM,49,reserve,2073,209.827,3.798
CBM,49,reserve,2074,210.844,3.816
CBM,49,reserve,2075,211.844,3.834
CBM,49,reserve,2076,212.826,3.852
CBM,49,reserve,2077,213.79,3.87
CBM,49,reserve,2078,214.737,3.887
CBM,49,reserve,2079,215.667,3.904
CBM,49,reserve,2080,216.579,3.92
CBM,49,reserve,2081,217.474,3.936
CBM,49,reserve,2082,218.351,3.952
CBM,49,reserve,2083,219.211,3.968
CBM,49,reserve,2084,220.054,3.983
CBM,49,reserve,2085,220.881,3.998
CBM,49,reserve,2086,221.692,4.013
CBM,49,reserve,2087,222.488,4.027
CBM,49,reserve,2088,223.269,4.041
CBM,49,reserve,2089,224.034,4.055
CBM,49,reserve,2090,224.784,4.069
CBM,49,reserve,2091,225.518,4.082
CBM,49,reserve,2092,226.237,4.095
CBM,49,reserve,2093,226.94,4.108
CBM,49,reserve,2094,227.628,4.12
CBM,49,reserve,2095,228.303,4.132
CBM,49,reserve,2096,228.965,4.144
CBM,49,reserve,2097,229.616,4.156
CBM,49,reserve,2098,230.253,4.168
CBM,49,reserve,2099,230.878,4.179
CBM,49,reserve,2100,231.491,4.19
CBM,50,reserve,2025,142.9,2.586
CBM,50,reserve,2026,145.868,2.64
CBM,50,reserve,2027,148.802,2.693
CBM,50,reserve,2028,151.624,2.744
CBM,50,reserve,2029,154.408,2.795
CBM,50,reserve,2030,157.154,2.844
CBM,50,reserve,2031,159.863,2.894
CBM,50,reserve,2032,162.554,2.942
CBM,50,reserve,2033,165.235,2.991
CBM,50,reserve,2034,167.903,3.039
CBM,50,reserve,2035,170.519,3.086
CBM,50,reserve,2036,173.084,3.133
CBM,50,reserve,2037,175.598,3.178
CBM,50,reserve,2038,178.137,3.224
CBM,50,reserve,2039,180.551,3.268
CBM,50,reserve,2040,182.915,3.311
CBM,50,reserve,2041,185.227,3.353
CBM,50,reserve,2042,187.471,3.393
CBM,50,reserve,2043,189.641,3.433
CBM,50,reserve,2044,191.741,3.471
CBM,50,reserve,2045,193.795,3.508
CBM,50,reserve,2046,195.803,3.544
CBM,50,reserve,2047,197.765,3.58
CBM,50,reserve,2048,199.682,3.614
CBM,50,reserve,2049,201.63,3.65
CBM,50,reserve,2050,203.537,3.684
CBM,50,reserve,2051,205.401,3.718
CBM,50,reserve,2052,207.238,3.751
CBM,50,reserve,2053,209.049,3.784
CBM,50,reserve,2054,210.835,3.816
CBM,50,reserve,2055,212.597,3.848
CBM,50,reserve,2056,214.333,3.879
CBM,50,reserve,2057,216.046,3.91
CBM,50,reserve,2058,217.735,3.941
CBM,50,reserve,2059,219.4,3.971
CBM,50,reserve,2060,221.041,4.001
CBM,50,reserve,2061,222.66,4.03
CBM,50,reserve,2062,224.242,4.059
CBM,50,reserve,2063,225.785,4.087
CBM,50,reserve,2064,227.289,4.114
CBM,50,reserve,2065,228.763,4.141
CBM,50,reserve,2066,230.207,4.167
CBM,50,reserve,2067,231.621,4.192
CBM,50,reserve,2068,233.006,4.217
CBM,50,reserve,2069,234.361,4.242
CBM,50,reserve,2070,235.687,4.266
CBM,50,reserve,2071,236.983,4.289
CBM,50,reserve,2072,238.251,4.312
CBM,50,reserve,2073,239.491,4.335
CBM,50,reserve,2074,240.702,4.357
CBM,50,reserve,2075,241.869,4.378
CBM,50,reserve,2076,242.994,4.398
CBM,50,reserve,2077,244.077,4.418
CBM,50,reserve,2078,245.118,4.437
CBM,50,reserve,2079,246.117,4.455
CBM,50,reserve,2080,247.075,4.472
CBM,50,reserve,2081,247.991,4.489
CBM,50,reserve,2082,248.866,4.504
CBM,50,reserve,2083,249.7,4.52
CBM,50,reserve,2084,250.493,4.534
CBM,50,reserve,2085,251.26,4.548
CBM,50,reserve,2086,252.002,4.561
CBM,50,reserve,2087,252.718,4.574
CBM,50,reserve,2088,253.407,4.587
CBM,50,reserve,2089,254.071,4.599
CBM,50,reserve,2090,253.418,4.587
CBM,50,reserve,2091,252.745,4.575
CBM,50,reserve,2092,252.05,4.562
CBM,50,reserve,2093,251.335,4.549
CBM,50,reserve,2094,250.6,4.536
CBM,50,reserve,2095,249.845,4.522
CBM,50,reserve,2096,249.071,4.508
CBM,50,reserve,2097,248.257,4.493
CBM,50,reserve,2098,247.424,4.478
CBM,50,reserve,2099,246.571,4.463
CBM,50,reserve,2100,246.99,4.471
CBM,51,reserve,2025,548.81,5.927
CBM,51,reserve,2026,563.94,6.091
CBM,51,reserve,2027,579.119,6.254
CBM,51,reserve,2028,594.348,6.419
CBM,51,reserve,2029,609.626,6.584
CBM,51,reserve,2030,624.954,6.75
CBM,51,reserve,2031,640.334,6.916
CBM,51,reserve,2032,655.765,7.082
CBM,51,reserve,2033,671.247,7.249
CBM,51,reserve,2034,686.783,7.417
CBM,51,reserve,2035,702.271,7.585
CBM,51,reserve,2036,717.712,7.751
CBM,51,reserve,2037,733.108,7.918
CBM,51,reserve,2038,748.46,8.083
CBM,51,reserve,2039,763.768,8.249
CBM,51,reserve,2040,779.034,8.414
CBM,51,reserve,2041,794.258,8.578
CBM,51,reserve,2042,809.443,8.742
CBM,51,reserve,2043,824.588,8.906
CBM,51,reserve,2044,839.694,9.069
CBM,51,reserve,2045,854.767,9.231
CBM,51,reserve,2046,869.806,9.394
CBM,51,reserve,2047,884.814,9.556
CBM,51,reserve,2048,899.789,9.718
CBM,51,reserve,2049,914.734,9.879
CBM,51,reserve,2050,929.648,10.04
CBM,51,reserve,2051,944.533,10.201
CBM,51,reserve,2052,959.389,10.361
CBM,51,reserve,2053,974.216,10.522
CBM,51,reserve,2054,989.016,10.681
CBM,51,reserve,2055,1003.732,10.84
CBM,51,reserve,2056,1018.365,10.998
CBM,51,reserve,2057,1032.916,11.155
CBM,51,reserve,2058,1047.387,11.312
CBM,51,reserve,2059,1061.777,11.467
CBM,51,reserve,2060,1076.087,11.622
CBM,51,reserve,2061,1090.319,11.775
CBM,51,reserve,2062,1104.472,11.928
CBM,51,reserve,2063,1118.548,12.08
CBM,51,reserve,2064,1132.547,12.232
CBM,51,reserve,2065,1146.461,12.382
CBM,51,reserve,2066,1160.291,12.531
CBM,51,reserve,2067,1174.036,12.68
CBM,51,reserve,2068,1187.697,12.827
CBM,51,reserve,2069,1201.276,12.974
CBM,51,reserve,2070,1214.772,13.12
CBM,51,reserve,2071,1228.187,13.264
CBM,51,reserve,2072,1241.52,13.408
CBM,51,reserve,2073,1254.773,13.552
CBM,51,reserve,2074,1267.946,13.694
CBM,51,reserve,2075,1281.016,13.835
CBM,51,reserve,2076,1293.983,13.975
CBM,51,reserve,2077,1306.848,14.114
CBM,51,reserve,2078,1319.612,14.252
CBM,51,reserve,2079,1332.274,14.389
CBM,51,reserve,2080,1344.837,14.524
CBM,51,reserve,2081,1357.3,14.659
CBM,51,reserve,2082,1369.663,14.792
CBM,51,reserve,2083,1381.928,14.925
CBM,51,reserve,2084,1394.094,15.056
CBM,51,reserve,2085,1405.931,15.184
CBM,51,reserve,2086,1417.441,15.308
CBM,51,reserve,2087,1428.623,15.429
CBM,51,reserve,2088,1439.478,15.546
CBM,51,reserve,2089,1450.008,15.66
CBM,51,reserve,2090,1460.213,15.77
CBM,51,reserve,2091,1470.093,15.877
CBM,51,reserve,2092,1479.649,15.98
CBM,51,reserve,2093,1488.882,16.08
CBM,51,reserve,2094,1497.793,16.176
CBM,51,reserve,2095,1506.542,16.271
CBM,51,reserve,2096,1515.128,16.363
CBM,51,reserve,2097,1523.552,16.454
CBM,51,reserve,2098,1531.815,16.544
CBM,51,reserve,2099,1539.916,16.631
CBM,51,reserve,2100,1547.856,16.717
CBM,53,reserve,2025,818.67,8.269
CBM,53,reserve,2026,823.194,8.314
CBM,53,reserve,2027,827.631,8.359
CBM,53,reserve,2028,831.985,8.403
CBM,53,reserve,2029,836.256,8.446
CBM,53,reserve,2030,840.446,8.489
CBM,53,reserve,2031,844.555,8.53
CBM,53,reserve,2032,848.587,8.571
CBM,53,reserve,2033,852.541,8.611
CBM,53,reserve,2034,856.428,8.65
CBM,53,reserve,2035,860.263,8.689
CBM,53,reserve,2036,864.046,8.727
CBM,53,reserve,2037,867.776,8.765
CBM,53,reserve,2038,871.454,8.802
CBM,53,reserve,2039,875.079,8.838
CBM,53,reserve,2040,878.656,8.874
CBM,53,reserve,2041,882.184,8.91
CBM,53,reserve,2042,885.664,8.945
CBM,53,reserve,2043,889.095,8.98
CBM,53,reserve,2044,892.479,9.014
CBM,53,reserve,2045,895.812,9.048
CBM,53,reserve,2046,899.096,9.081
CBM,53,reserve,2047,902.331,9.114
CBM,53,reserve,2048,905.517,9.146
CBM,53,reserve,2049,908.655,9.177
CBM,53,reserve,2050,911.745,9.209
CBM,53,reserve,2051,914.787,9.239
CBM,53,reserve,2052,917.783,9.27
CBM,53,reserve,2053,920.732,9.299
CBM,53,reserve,2054,923.635,9.329
CBM,53,reserve,2055,926.502,9.358
CBM,53,reserve,2056,929.333,9.386
CBM,53,reserve,2057,932.129,9.414
CBM,53,reserve,2058,934.889,9.442
CBM,53,reserve,2059,937.616,9.47
CBM,53,reserve,2060,940.307,9.497
CBM,53,reserve,2061,942.965,9.524
CBM,53,reserve,2062,945.588,9.55
CBM,53,reserve,2063,948.177,9.577
CBM,53,reserve,2064,950.733,9.602
CBM,53,reserve,2065,953.26,9.628
CBM,53,reserve,2066,955.758,9.653
CBM,53,reserve,2067,958.228,9.678
CBM,53,reserve,2068,960.67,9.703
CBM,53,reserve,2069,963.082,9.727
CBM,53,reserve,2070,965.465,9.751
CBM,53,reserve,2071,967.817,9.775
CBM,53,reserve,2072,970.14,9.798
CBM,53,reserve,2073,972.431,9.822
CBM,53,reserve,2074,974.69,9.844
CBM,53,reserve,2075,976.923,9.867
CBM,53,reserve,2076,979.129,9.889
CBM,53,reserve,2077,981.307,9.911
CBM,53,reserve,2078,983.455,9.933
CBM,53,reserve,2079,985.575,9.954
CBM,53,reserve,2080,987.664,9.975
CBM,53,reserve,2081,989.722,9.996
CBM,53,reserve,2082,991.747,10.017
CBM,53,reserve,2083,993.741,10.037
CBM,53,reserve,2084,995.701,10.057
CBM,53,reserve,2085,997.631,10.076
CBM,53,reserve,2086,999.532,10.095
CBM,53,reserve,2087,1001.403,10.114
CBM,53,reserve,2088,1003.242,10.133
CBM,53,reserve,2089,1005.05,10.151
CBM,53,reserve,2090,1006.825,10.169
CBM,53,reserve,2091,1008.567,10.187
CBM,53,reserve,2092,1010.276,10.204
CBM,53,reserve,2093,1011.951,10.221
CBM,53,reserve,2094,1013.592,10.237
CBM,53,reserve,2095,1015.202,10.254
CBM,53,reserve,2096,1016.781,10.269
CBM,53,reserve,2097,1018.328,10.285
CBM,53,reserve,2098,1019.843,10.3
CBM,53,reserve,2099,1021.327,10.315
CBM,53,reserve,2100,1022.778,10.33
CBM,54,reserve,2025,438.59,5.658
CBM,54,reserve,2026,452.398,5.836
CBM,54,reserve,2027,466.268,6.015
CBM,54,reserve,2028,480.201,6.195
CBM,54,reserve,2029,494.196,6.375
CBM,54,reserve,2030,508.254,6.556
CBM,54,reserve,2031,522.375,6.739
CBM,54,reserve,2032,536.56,6.922
CBM,54,reserve,2033,550.809,7.105
CBM,54,reserve,2034,565.122,7.29
CBM,54,reserve,2035,579.413,7.474
CBM,54,reserve,2036,593.683,7.659
CBM,54,reserve,2037,607.932,7.842
CBM,54,reserve,2038,622.162,8.026
CBM,54,reserve,2039,636.372,8.209
CBM,54,reserve,2040,650.565,8.392
CBM,54,reserve,2041,664.74,8.575
CBM,54,reserve,2042,678.898,8.758
CBM,54,reserve,2043,693.04,8.94
CBM,54,reserve,2044,707.167,9.122
CBM,54,reserve,2045,721.221,9.304
CBM,54,reserve,2046,735.204,9.484
CBM,54,reserve,2047,749.117,9.664
CBM,54,reserve,2048,762.959,9.842
CBM,54,reserve,2049,776.733,10.02
CBM,54,reserve,2050,790.438,10.197
CBM,54,reserve,2051,804.076,10.373
CBM,54,reserve,2052,817.648,10.548
CBM,54,reserve,2053,831.153,10.722
CBM,54,reserve,2054,844.593,10.895
CBM,54,reserve,2055,857.933,11.067
CBM,54,reserve,2056,871.175,11.238
CBM,54,reserve,2057,884.319,11.408
CBM,54,reserve,2058,897.366,11.576
CBM,54,reserve,2059,910.316,11.743
CBM,54,reserve,2060,923.17,11.909
CBM,54,reserve,2061,935.929,12.073
CBM,54,reserve,2062,948.593,12.237
CBM,54,reserve,2063,961.163,12.399
CBM,54,reserve,2064,973.64,12.56
CBM,54,reserve,2065,986.004,12.719
CBM,54,reserve,2066,998.256,12.877
CBM,54,reserve,2067,1010.396,13.034
CBM,54,reserve,2068,1022.425,13.189
CBM,54,reserve,2069,1034.343,13.343
CBM,54,reserve,2070,1046.152,13.495
CBM,54,reserve,2071,1057.851,13.646
CBM,54,reserve,2072,1069.441,13.796
CBM,54,reserve,2073,1080.923,13.944
CBM,54,reserve,2074,1092.296,14.091
CBM,54,reserve,2075,1103.554,14.236
CBM,54,reserve,2076,1114.695,14.38
CBM,54,reserve,2077,1125.722,14.522
CBM,54,reserve,2078,1136.634,14.663
CBM,54,reserve,2079,1147.432,14.802
CBM,54,reserve,2080,1158.115,14.94
CBM,54,reserve,2081,1168.685,15.076
CBM,54,reserve,2082,1179.142,15.211
CBM,54,reserve,2083,1189.486,15.344
CBM,54,reserve,2084,1199.717,15.476
CBM,54,reserve,2085,1209.834,15.607
CBM,54,reserve,2086,1219.837,15.736
CBM,54,reserve,2087,1229.727,15.863
CBM,54,reserve,2088,1239.504,15.99
CBM,54,reserve,2089,1249.168,16.114
CBM,54,reserve,2090,1258.719,16.237
CBM,54,reserve,2091,1268.157,16.359
CBM,54,reserve,2092,1277.484,16.48
CBM,54,reserve,2093,1286.699,16.598
CBM,54,reserve,2094,1295.802,16.716
CBM,54,reserve,2095,1304.798,16.832
CBM,54,reserve,2096,1313.686,16.947
CBM,54,reserve,2097,1322.467,17.06
CBM,54,reserve,2098,1331.141,17.172
CBM,54,reserve,2099,1339.709,17.282
CBM,54,reserve,2100,1348.17,17.391
CBM,55,reserve,2025,396.22,3.17
CBM,55,reserve,2026,406.673,3.253
CBM,55,reserve,2027,417.091,3.337
CBM,55,reserve,2028,427.474,3.42
CBM,55,reserve,2029,437.823,3.503
CBM,55,reserve,2030,448.139,3.585
CBM,55,reserve,2031,458.423,3.667
CBM,55,reserve,2032,468.675,3.749
CBM,55,reserve,2033,478.897,3.831
CBM,55,reserve,2034,489.089,3.913
CBM,55,reserve,2035,499.205,3.994
CBM,55,reserve,2036,509.242,4.074
CBM,55,reserve,2037,519.213,4.154
CBM,55,reserve,2038,529.119,4.233
CBM,55,reserve,2039,538.96,4.312
CBM,55,reserve,2040,548.737,4.39
CBM,55,reserve,2041,558.45,4.468
CBM,55,reserve,2042,568.101,4.545
CBM,55,reserve,2043,577.69,4.622
CBM,55,reserve,2044,587.217,4.698
CBM,55,reserve,2045,596.658,4.773
CBM,55,reserve,2046,606.014,4.848
CBM,55,reserve,2047,615.285,4.922
CBM,55,reserve,2048,624.472,4.996
CBM,55,reserve,2049,633.576,5.069
CBM,55,reserve,2050,642.596,5.141
CBM,55,reserve,2051,651.534,5.212
CBM,55,reserve,2052,660.39,5.283
CBM,55,reserve,2053,669.164,5.353
CBM,55,reserve,2054,677.858,5.423
CBM,55,reserve,2055,686.46,5.492
CBM,55,reserve,2056,694.972,5.56
CBM,55,reserve,2057,703.393,5.627
CBM,55,reserve,2058,711.724,5.694
CBM,55,reserve,2059,719.966,5.76
CBM,55,reserve,2060,728.119,5.825
CBM,55,reserve,2061,736.183,5.889
CBM,55,reserve,2062,744.159,5.953
CBM,55,reserve,2063,752.047,6.016
CBM,55,reserve,2064,759.847,6.079
CBM,55,reserve,2065,767.557,6.14
CBM,55,reserve,2066,775.176,6.201
CBM,55,reserve,2067,782.705,6.262
CBM,55,reserve,2068,790.144,6.321
CBM,55,reserve,2069,797.494,6.38
CBM,55,reserve,2070,804.754,6.438
CBM,55,reserve,2071,811.925,6.495
CBM,55,reserve,2072,819.008,6.552
CBM,55,reserve,2073,826.002,6.608
CBM,55,reserve,2074,832.908,6.663
CBM,55,reserve,2075,839.728,6.718
CBM,55,reserve,2076,846.463,6.772
CBM,55,reserve,2077,853.112,6.825
CBM,55,reserve,2078,859.676,6.877
CBM,55,reserve,2079,866.156,6.929
CBM,55,reserve,2080,872.55,6.98
CBM,55,reserve,2081,878.861,7.031
CBM,55,reserve,2082,885.087,7.081
CBM,55,reserve,2083,891.229,7.13
CBM,55,reserve,2084,897.287,7.178
CBM,55,reserve,2085,903.265,7.226
CBM,55,reserve,2086,909.164,7.273
CBM,55,reserve,2087,914.983,7.32
CBM,55,reserve,2088,920.722,7.366
CBM,55,reserve,2089,926.383,7.411
CBM,55,reserve,2090,931.964,7.456
CBM,55,reserve,2091,937.467,7.5
CBM,55,reserve,2092,942.891,7.543
CBM,55,reserve,2093,948.236,7.586
CBM,55,reserve,2094,953.503,7.628
CBM,55,reserve,2095,958.698,7.67
CBM,55,reserve,2096,963.822,7.711
CBM,55,reserve,2097,968.874,7.751
CBM,55,reserve,2098,973.855,7.791
CBM,55,reserve,2099,978.765,7.83
CBM,55,reserve,2100,983.604,7.869
CBM,56,reserve,2025,131.59,2.553
CBM,56,reserve,2026,133.8,2.596
CBM,56,reserve,2027,135.987,2.638
CBM,56,reserve,2028,138.152,2.68
CBM,56,reserve,2029,140.294,2.722
CBM,56,reserve,2030,142.414,2.763
CBM,56,reserve,2031,144.51,2.803
CBM,56,reserve,2032,146.583,2.844
CBM,56,reserve,2033,148.633,2.883
CBM,56,reserve,2034,150.659,2.923
CBM,56,reserve,2035,152.659,2.962
CBM,56,reserve,2036,154.631,3
CBM,56,reserve,2037,156.577,3.038
CBM,56,reserve,2038,158.495,3.075
CBM,56,reserve,2039,160.386,3.111
CBM,56,reserve,2040,162.25,3.148
CBM,56,reserve,2041,164.086,3.183
CBM,56,reserve,2042,165.895,3.218
CBM,56,reserve,2043,167.676,3.253
CBM,56,reserve,2044,169.43,3.287
CBM,56,reserve,2045,171.157,3.32
CBM,56,reserve,2046,172.857,3.353
CBM,56,reserve,2047,174.53,3.386
CBM,56,reserve,2048,176.175,3.418
CBM,56,reserve,2049,177.794,3.449
CBM,56,reserve,2050,179.386,3.48
CBM,56,reserve,2051,180.95,3.51
CBM,56,reserve,2052,182.487,3.54
CBM,56,reserve,2053,183.997,3.57
CBM,56,reserve,2054,185.481,3.598
CBM,56,reserve,2055,186.941,3.627
CBM,56,reserve,2056,188.379,3.655
CBM,56,reserve,2057,189.795,3.682
CBM,56,reserve,2058,191.188,3.709
CBM,56,reserve,2059,192.559,3.736
CBM,56,reserve,2060,193.908,3.762
CBM,56,reserve,2061,195.234,3.788
CBM,56,reserve,2062,196.537,3.813
CBM,56,reserve,2063,197.819,3.838
CBM,56,reserve,2064,199.077,3.862
CBM,56,reserve,2065,200.315,3.886
CBM,56,reserve,2066,201.533,3.91
CBM,56,reserve,2067,202.73,3.933
CBM,56,reserve,2068,203.906,3.956
CBM,56,reserve,2069,205.062,3.978
CBM,56,reserve,2070,206.197,4
CBM,56,reserve,2071,207.311,4.022
CBM,56,reserve,2072,208.405,4.043
CBM,56,reserve,2073,209.479,4.064
CBM,56,reserve,2074,210.531,4.084
CBM,56,reserve,2075,211.567,4.104
CBM,56,reserve,2076,212.586,4.124
CBM,56,reserve,2077,213.588,4.144
CBM,56,reserve,2078,214.573,4.163
CBM,56,reserve,2079,215.541,4.181
CBM,56,reserve,2080,216.492,4.2
CBM,56,reserve,2081,217.426,4.218
CBM,56,reserve,2082,218.343,4.236
CBM,56,reserve,2083,219.243,4.253
CBM,56,reserve,2084,220.126,4.27
CBM,56,reserve,2085,220.993,4.287
CBM,56,reserve,2086,221.843,4.304
CBM,56,reserve,2087,222.676,4.32
CBM,56,reserve,2088,223.492,4.336
CBM,56,reserve,2089,224.292,4.351
CBM,56,reserve,2090,225.075,4.366
CBM,56,reserve,2091,225.841,4.381
CBM,56,reserve,2092,226.591,4.396
CBM,56,reserve,2093,227.324,4.41
CBM,56,reserve,2094,228.04,4.424
CBM,56,reserve,2095,228.743,4.438
CBM,56,reserve,2096,229.434,4.451
CBM,56,reserve,2097,230.111,4.464
CBM,56,reserve,2098,230.775,4.477
CBM,56,reserve,2099,231.426,4.49
CBM,56,reserve,2100,232.064,4.502
