model,dom,scenario,year,agc_TgC_anchored,agc_TgC_anchored_se
CBM,01,reserve,2025,558.05,5.692
CBM,01,reserve,2026,565.007,5.763
CBM,01,reserve,2027,571.884,5.833
CBM,01,reserve,2028,578.684,5.903
CBM,01,reserve,2029,585.405,5.971
CBM,01,reserve,2030,592.05,6.039
CBM,01,reserve,2031,598.618,6.106
CBM,01,reserve,2032,605.112,6.172
CBM,01,reserve,2033,611.532,6.238
CBM,01,reserve,2034,617.878,6.302
CBM,01,reserve,2035,624.152,6.366
CBM,01,reserve,2036,630.354,6.43
CBM,01,reserve,2037,636.486,6.492
CBM,01,reserve,2038,642.547,6.554
CBM,01,reserve,2039,648.539,6.615
CBM,01,reserve,2040,654.463,6.676
CBM,01,reserve,2041,660.319,6.735
CBM,01,reserve,2042,666.108,6.794
CBM,01,reserve,2043,671.832,6.853
CBM,01,reserve,2044,677.489,6.91
CBM,01,reserve,2045,683.083,6.967
CBM,01,reserve,2046,688.612,7.024
CBM,01,reserve,2047,694.078,7.08
CBM,01,reserve,2048,699.482,7.135
CBM,01,reserve,2049,704.824,7.189
CBM,01,reserve,2050,710.105,7.243
CBM,01,reserve,2051,715.326,7.296
CBM,01,reserve,2052,720.488,7.349
CBM,01,reserve,2053,725.59,7.401
CBM,01,reserve,2054,730.634,7.452
CBM,01,reserve,2055,735.62,7.503
CBM,01,reserve,2056,740.55,7.554
CBM,01,reserve,2057,745.423,7.603
CBM,01,reserve,2058,750.241,7.652
CBM,01,reserve,2059,755.003,7.701
CBM,01,reserve,2060,759.712,7.749
CBM,01,reserve,2061,764.366,7.797
CBM,01,reserve,2062,768.967,7.843
CBM,01,reserve,2063,773.516,7.89
CBM,01,reserve,2064,778.013,7.936
CBM,01,reserve,2065,782.459,7.981
CBM,01,reserve,2066,786.853,8.026
CBM,01,reserve,2067,791.198,8.07
CBM,01,reserve,2068,795.493,8.114
CBM,01,reserve,2069,799.739,8.157
CBM,01,reserve,2070,803.936,8.2
CBM,01,reserve,2071,808.086,8.242
CBM,01,reserve,2072,812.188,8.284
CBM,01,reserve,2073,816.243,8.326
CBM,01,reserve,2074,820.252,8.367
CBM,01,reserve,2075,824.215,8.407
CBM,01,reserve,2076,828.133,8.447
CBM,01,reserve,2077,832.007,8.486
CBM,01,reserve,2078,835.836,8.526
CBM,01,reserve,2079,839.621,8.564
CBM,01,reserve,2080,843.363,8.602
CBM,01,reserve,2081,847.063,8.64
CBM,01,reserve,2082,850.72,8.677
CBM,01,reserve,2083,854.335,8.714
CBM,01,reserve,2084,857.909,8.751
CBM,01,reserve,2085,861.442,8.787
CBM,01,reserve,2086,864.935,8.822
CBM,01,reserve,2087,868.388,8.858
CBM,01,reserve,2088,871.802,8.892
CBM,01,reserve,2089,875.177,8.927
CBM,01,reserve,2090,878.513,8.961
CBM,01,reserve,2091,881.811,8.994
CBM,01,reserve,2092,885.071,9.028
CBM,01,reserve,2093,888.294,9.061
CBM,01,reserve,2094,891.481,9.093
CBM,01,reserve,2095,894.631,9.125
CBM,01,reserve,2096,897.745,9.157
CBM,01,reserve,2097,900.823,9.188
CBM,01,reserve,2098,903.867,9.219
CBM,01,reserve,2099,906.875,9.25
CBM,01,reserve,2100,909.849,9.28
CBM,04,reserve,2025,135.23,2.421
CBM,04,reserve,2026,137.739,2.466
CBM,04,reserve,2027,140.217,2.51
CBM,04,reserve,2028,142.664,2.554
CBM,04,reserve,2029,145.08,2.597
CBM,04,reserve,2030,147.466,2.64
CBM,04,reserve,2031,149.82,2.682
CBM,04,reserve,2032,152.145,2.723
CBM,04,reserve,2033,154.438,2.764
CBM,04,reserve,2034,156.637,2.804
CBM,04,reserve,2035,158.807,2.843
CBM,04,reserve,2036,160.948,2.881
CBM,04,reserve,2037,163.061,2.919
CBM,04,reserve,2038,165.145,2.956
CBM,04,reserve,2039,167.199,2.993
CBM,04,reserve,2040,169.224,3.029
CBM,04,reserve,2041,171.218,3.065
CBM,04,reserve,2042,173.183,3.1
CBM,04,reserve,2043,175.118,3.135
CBM,04,reserve,2044,177.022,3.169
CBM,04,reserve,2045,178.897,3.202
CBM,04,reserve,2046,180.742,3.235
CBM,04,reserve,2047,182.558,3.268
CBM,04,reserve,2048,184.344,3.3
CBM,04,reserve,2049,186.1,3.331
CBM,04,reserve,2050,187.827,3.362
CBM,04,reserve,2051,189.523,3.392
CBM,04,reserve,2052,191.189,3.422
CBM,04,reserve,2053,192.826,3.452
CBM,04,reserve,2054,194.432,3.48
CBM,04,reserve,2055,196.013,3.509
CBM,04,reserve,2056,197.568,3.536
CBM,04,reserve,2057,199.099,3.564
CBM,04,reserve,2058,200.603,3.591
CBM,04,reserve,2059,202.082,3.617
CBM,04,reserve,2060,203.536,3.643
CBM,04,reserve,2061,204.964,3.669
CBM,04,reserve,2062,206.366,3.694
CBM,04,reserve,2063,207.743,3.719
CBM,04,reserve,2064,209.095,3.743
CBM,04,reserve,2065,210.423,3.767
CBM,04,reserve,2066,211.728,3.79
CBM,04,reserve,2067,213.011,3.813
CBM,04,reserve,2068,214.27,3.835
CBM,04,reserve,2069,215.507,3.858
CBM,04,reserve,2070,216.721,3.879
CBM,04,reserve,2071,217.911,3.901
CBM,04,reserve,2072,219.079,3.922
CBM,04,reserve,2073,220.223,3.942
CBM,04,reserve,2074,221.345,3.962
CBM,04,reserve,2075,222.447,3.982
CBM,04,reserve,2076,223.531,4.001
CBM,04,reserve,2077,224.595,4.02
CBM,04,reserve,2078,225.641,4.039
CBM,04,reserve,2079,226.667,4.057
CBM,04,reserve,2080,227.675,4.075
CBM,04,reserve,2081,228.663,4.093
CBM,04,reserve,2082,229.632,4.11
CBM,04,reserve,2083,230.582,4.127
CBM,04,reserve,2084,231.513,4.144
CBM,04,reserve,2085,232.427,4.16
CBM,04,reserve,2086,233.322,4.176
CBM,04,reserve,2087,234.2,4.192
CBM,04,reserve,2088,235.06,4.208
CBM,04,reserve,2089,235.902,4.223
CBM,04,reserve,2090,236.726,4.237
CBM,04,reserve,2091,237.533,4.252
CBM,04,reserve,2092,238.322,4.266
CBM,04,reserve,2093,239.093,4.28
CBM,04,reserve,2094,239.846,4.293
CBM,04,reserve,2095,240.585,4.306
CBM,04,reserve,2096,241.311,4.319
CBM,04,reserve,2097,242.022,4.332
CBM,04,reserve,2098,242.719,4.345
CBM,04,reserve,2099,243.402,4.357
CBM,04,reserve,2100,244.071,4.369
CBM,05,reserve,2025,464.86,4.835
CBM,05,reserve,2026,471.732,4.906
CBM,05,reserve,2027,478.537,4.977
CBM,05,reserve,2028,485.278,5.047
CBM,05,reserve,2029,491.954,5.116
CBM,05,reserve,2030,498.567,5.185
CBM,05,reserve,2031,505.116,5.253
CBM,05,reserve,2032,511.602,5.321
CBM,05,reserve,2033,518.027,5.387
CBM,05,reserve,2034,524.39,5.454
CBM,05,reserve,2035,530.692,5.519
CBM,05,reserve,2036,536.934,5.584
CBM,05,reserve,2037,543.117,5.648
CBM,05,reserve,2038,549.24,5.712
CBM,05,reserve,2039,555.305,5.775
CBM,05,reserve,2040,561.311,5.838
CBM,05,reserve,2041,567.26,5.9
CBM,05,reserve,2042,573.153,5.961
CBM,05,reserve,2043,578.989,6.021
CBM,05,reserve,2044,584.769,6.082
CBM,05,reserve,2045,590.494,6.141
CBM,05,reserve,2046,596.164,6.2
CBM,05,reserve,2047,601.78,6.259
CBM,05,reserve,2048,607.342,6.316
CBM,05,reserve,2049,612.851,6.374
CBM,05,reserve,2050,618.307,6.43
CBM,05,reserve,2051,623.712,6.487
CBM,05,reserve,2052,629.064,6.542
CBM,05,reserve,2053,634.365,6.597
CBM,05,reserve,2054,639.616,6.652
CBM,05,reserve,2055,644.816,6.706
CBM,05,reserve,2056,649.967,6.76
CBM,05,reserve,2057,655.069,6.813
CBM,05,reserve,2058,660.121,6.865
CBM,05,reserve,2059,665.126,6.917
CBM,05,reserve,2060,670.082,6.969
CBM,05,reserve,2061,674.991,7.02
CBM,05,reserve,2062,679.853,7.07
CBM,05,reserve,2063,684.669,7.121
CBM,05,reserve,2064,689.439,7.17
CBM,05,reserve,2065,694.163,7.219
CBM,05,reserve,2066,698.841,7.268
CBM,05,reserve,2067,703.475,7.316
CBM,05,reserve,2068,708.065,7.364
CBM,05,reserve,2069,712.611,7.411
CBM,05,reserve,2070,717.114,7.458
CBM,05,reserve,2071,721.573,7.504
CBM,05,reserve,2072,725.99,7.55
CBM,05,reserve,2073,730.364,7.596
CBM,05,reserve,2074,734.697,7.641
CBM,05,reserve,2075,738.988,7.685
CBM,05,reserve,2076,743.238,7.73
CBM,05,reserve,2077,747.448,7.773
CBM,05,reserve,2078,751.617,7.817
CBM,05,reserve,2079,755.746,7.86
CBM,05,reserve,2080,759.836,7.902
CBM,05,reserve,2081,763.887,7.944
CBM,05,reserve,2082,767.899,7.986
CBM,05,reserve,2083,771.873,8.027
CBM,05,reserve,2084,775.809,8.068
CBM,05,reserve,2085,779.707,8.109
CBM,05,reserve,2086,783.568,8.149
CBM,05,reserve,2087,787.391,8.189
CBM,05,reserve,2088,791.179,8.228
CBM,05,reserve,2089,794.93,8.267
CBM,05,reserve,2090,798.645,8.306
CBM,05,reserve,2091,802.325,8.344
CBM,05,reserve,2092,805.969,8.382
CBM,05,reserve,2093,809.579,8.42
CBM,05,reserve,2094,813.154,8.457
CBM,05,reserve,2095,816.695,8.494
CBM,05,reserve,2096,820.202,8.53
CBM,05,reserve,2097,823.676,8.566
CBM,05,reserve,2098,827.116,8.602
CBM,05,reserve,2099,830.524,8.637
CBM,05,reserve,2100,833.899,8.673
CBM,06,reserve,2025,1002.65,12.032
CBM,06,reserve,2026,1010.689,12.128
CBM,06,reserve,2027,1018.616,12.223
CBM,06,reserve,2028,1026.431,12.317
CBM,06,reserve,2029,1034.135,12.41
CBM,06,reserve,2030,1041.732,12.501
CBM,06,reserve,2031,1049.221,12.591
CBM,06,reserve,2032,1056.605,12.679
CBM,06,reserve,2033,1063.886,12.767
CBM,06,reserve,2034,1071.063,12.853
CBM,06,reserve,2035,1078.14,12.938
CBM,06,reserve,2036,1085.117,13.021
CBM,06,reserve,2037,1091.996,13.104
CBM,06,reserve,2038,1098.778,13.185
CBM,06,reserve,2039,1105.465,13.266
CBM,06,reserve,2040,1112.058,13.345
CBM,06,reserve,2041,1118.557,13.423
CBM,06,reserve,2042,1124.966,13.5
CBM,06,reserve,2043,1131.284,13.575
CBM,06,reserve,2044,1137.513,13.65
CBM,06,reserve,2045,1143.655,13.724
CBM,06,reserve,2046,1149.71,13.797
CBM,06,reserve,2047,1155.68,13.868
CBM,06,reserve,2048,1161.566,13.939
CBM,06,reserve,2049,1167.369,14.008
CBM,06,reserve,2050,1173.09,14.077
CBM,06,reserve,2051,1178.731,14.145
CBM,06,reserve,2052,1184.293,14.212
CBM,06,reserve,2053,1189.776,14.277
CBM,06,reserve,2054,1195.182,14.342
CBM,06,reserve,2055,1200.512,14.406
CBM,06,reserve,2056,1205.767,14.469
CBM,06,reserve,2057,1210.948,14.531
CBM,06,reserve,2058,1216.056,14.593
CBM,06,reserve,2059,1221.093,14.653
CBM,06,reserve,2060,1226.058,14.713
CBM,06,reserve,2061,1230.953,14.771
CBM,06,reserve,2062,1235.78,14.829
CBM,06,reserve,2063,1240.539,14.886
CBM,06,reserve,2064,1245.23,14.943
CBM,06,reserve,2065,1249.856,14.998
CBM,06,reserve,2066,1254.417,15.053
CBM,06,reserve,2067,1258.913,15.107
CBM,06,reserve,2068,1263.346,15.16
CBM,06,reserve,2069,1267.717,15.213
CBM,06,reserve,2070,1272.026,15.264
CBM,06,reserve,2071,1276.275,15.315
CBM,06,reserve,2072,1280.464,15.366
CBM,06,reserve,2073,1284.594,15.415
CBM,06,reserve,2074,1288.665,15.464
CBM,06,reserve,2075,1292.68,15.512
CBM,06,reserve,2076,1296.638,15.56
CBM,06,reserve,2077,1300.54,15.606
CBM,06,reserve,2078,1304.387,15.653
CBM,06,reserve,2079,1308.18,15.698
CBM,06,reserve,2080,1311.92,15.743
CBM,06,reserve,2081,1315.607,15.787
CBM,06,reserve,2082,1319.243,15.831
CBM,06,reserve,2083,1322.827,15.874
CBM,06,reserve,2084,1326.361,15.916
CBM,06,reserve,2085,1329.845,15.958
CBM,06,reserve,2086,1333.279,15.999
CBM,06,reserve,2087,1336.666,16.04
CBM,06,reserve,2088,1340.005,16.08
CBM,06,reserve,2089,1343.297,16.12
CBM,06,reserve,2090,1346.543,16.159
CBM,06,reserve,2091,1349.743,16.197
CBM,06,reserve,2092,1352.897,16.235
CBM,06,reserve,2093,1356.008,16.272
CBM,06,reserve,2094,1359.075,16.309
CBM,06,reserve,2095,1362.098,16.345
CBM,06,reserve,2096,1365.079,16.381
CBM,06,reserve,2097,1368.018,16.416
CBM,06,reserve,2098,1370.916,16.451
CBM,06,reserve,2099,1373.773,16.485
CBM,06,reserve,2100,1376.59,16.519
CBM,08,reserve,2025,271.63,3.64
CBM,08,reserve,2026,276.141,3.7
CBM,08,reserve,2027,280.609,3.76
CBM,08,reserve,2028,285.033,3.819
CBM,08,reserve,2029,289.414,3.878
CBM,08,reserve,2030,293.75,3.936
CBM,08,reserve,2031,298.042,3.994
CBM,08,reserve,2032,302.289,4.051
CBM,08,reserve,2033,306.49,4.107
CBM,08,reserve,2034,310.646,4.163
CBM,08,reserve,2035,314.749,4.218
CBM,08,reserve,2036,318.799,4.272
CBM,08,reserve,2037,322.797,4.325
CBM,08,reserve,2038,326.741,4.378
CBM,08,reserve,2039,330.633,4.43
CBM,08,reserve,2040,334.471,4.482
CBM,08,reserve,2041,338.255,4.533
CBM,08,reserve,2042,341.986,4.583
CBM,08,reserve,2043,345.663,4.632
CBM,08,reserve,2044,349.286,4.68
CBM,08,reserve,2045,352.856,4.728
CBM,08,reserve,2046,356.373,4.775
CBM,08,reserve,2047,359.837,4.822
CBM,08,reserve,2048,363.248,4.868
CBM,08,reserve,2049,366.605,4.913
CBM,08,reserve,2050,369.909,4.957
CBM,08,reserve,2051,373.159,5
CBM,08,reserve,2052,376.357,5.043
CBM,08,reserve,2053,379.5,5.085
CBM,08,reserve,2054,382.591,5.127
CBM,08,reserve,2055,385.634,5.167
CBM,08,reserve,2056,388.63,5.208
CBM,08,reserve,2057,391.578,5.247
CBM,08,reserve,2058,394.48,5.286
CBM,08,reserve,2059,397.334,5.324
CBM,08,reserve,2060,400.141,5.362
CBM,08,reserve,2061,402.901,5.399
CBM,08,reserve,2062,405.613,5.435
CBM,08,reserve,2063,408.279,5.471
CBM,08,reserve,2064,410.897,5.506
CBM,08,reserve,2065,413.472,5.541
CBM,08,reserve,2066,416.005,5.574
CBM,08,reserve,2067,418.495,5.608
CBM,08,reserve,2068,420.943,5.641
CBM,08,reserve,2069,423.348,5.673
CBM,08,reserve,2070,425.711,5.705
CBM,08,reserve,2071,428.031,5.736
CBM,08,reserve,2072,430.309,5.766
CBM,08,reserve,2073,432.544,5.796
CBM,08,reserve,2074,434.737,5.825
CBM,08,reserve,2075,436.893,5.854
CBM,08,reserve,2076,439.013,5.883
CBM,08,reserve,2077,441.097,5.911
CBM,08,reserve,2078,443.145,5.938
CBM,08,reserve,2079,445.157,5.965
CBM,08,reserve,2080,447.133,5.992
CBM,08,reserve,2081,449.072,6.018
CBM,08,reserve,2082,450.976,6.043
CBM,08,reserve,2083,452.843,6.068
CBM,08,reserve,2084,454.674,6.093
CBM,08,reserve,2085,456.473,6.117
CBM,08,reserve,2086,458.238,6.14
CBM,08,reserve,2087,459.971,6.164
CBM,08,reserve,2088,461.672,6.186
CBM,08,reserve,2089,463.34,6.209
CBM,08,reserve,2090,464.975,6.231
CBM,08,reserve,2091,466.577,6.252
CBM,08,reserve,2092,468.147,6.273
CBM,08,reserve,2093,469.684,6.294
CBM,08,reserve,2094,471.189,6.314
CBM,08,reserve,2095,472.667,6.334
CBM,08,reserve,2096,474.118,6.353
CBM,08,reserve,2097,475.543,6.372
CBM,08,reserve,2098,476.94,6.391
CBM,08,reserve,2099,478.312,6.409
CBM,08,reserve,2100,479.656,6.427
CBM,09,reserve,2025,64.47,2.147
CBM,09,reserve,2026,65.079,2.167
CBM,09,reserve,2027,65.683,2.187
CBM,09,reserve,2028,66.283,2.207
CBM,09,reserve,2029,66.878,2.227
CBM,09,reserve,2030,67.469,2.247
CBM,09,reserve,2031,68.055,2.266
CBM,09,reserve,2032,68.637,2.286
CBM,09,reserve,2033,69.214,2.305
CBM,09,reserve,2034,69.787,2.324
CBM,09,reserve,2035,70.356,2.343
CBM,09,reserve,2036,70.92,2.362
CBM,09,reserve,2037,71.48,2.38
CBM,09,reserve,2038,72.036,2.399
CBM,09,reserve,2039,72.588,2.417
CBM,09,reserve,2040,73.135,2.435
CBM,09,reserve,2041,73.679,2.453
CBM,09,reserve,2042,74.218,2.471
CBM,09,reserve,2043,74.753,2.489
CBM,09,reserve,2044,75.284,2.507
CBM,09,reserve,2045,75.811,2.525
CBM,09,reserve,2046,76.334,2.542
CBM,09,reserve,2047,76.853,2.559
CBM,09,reserve,2048,77.368,2.576
CBM,09,reserve,2049,77.88,2.593
CBM,09,reserve,2050,78.387,2.61
CBM,09,reserve,2051,78.89,2.627
CBM,09,reserve,2052,79.39,2.644
CBM,09,reserve,2053,79.886,2.66
CBM,09,reserve,2054,80.378,2.677
CBM,09,reserve,2055,80.867,2.693
CBM,09,reserve,2056,81.352,2.709
CBM,09,reserve,2057,81.833,2.725
CBM,09,reserve,2058,82.31,2.741
CBM,09,reserve,2059,82.784,2.757
CBM,09,reserve,2060,83.254,2.772
CBM,09,reserve,2061,83.721,2.788
CBM,09,reserve,2062,84.184,2.803
CBM,09,reserve,2063,84.644,2.819
CBM,09,reserve,2064,85.1,2.834
CBM,09,reserve,2065,85.552,2.849
CBM,09,reserve,2066,86.002,2.864
CBM,09,reserve,2067,86.448,2.879
CBM,09,reserve,2068,86.89,2.893
CBM,09,reserve,2069,87.329,2.908
CBM,09,reserve,2070,87.765,2.923
CBM,09,reserve,2071,88.197,2.937
CBM,09,reserve,2072,88.627,2.951
CBM,09,reserve,2073,89.053,2.965
CBM,09,reserve,2074,89.475,2.98
CBM,09,reserve,2075,89.895,2.994
CBM,09,reserve,2076,90.311,3.007
CBM,09,reserve,2077,90.725,3.021
CBM,09,reserve,2078,91.135,3.035
CBM,09,reserve,2079,91.542,3.048
CBM,09,reserve,2080,91.946,3.062
CBM,09,reserve,2081,92.346,3.075
CBM,09,reserve,2082,92.744,3.088
CBM,09,reserve,2083,93.139,3.102
CBM,09,reserve,2084,93.531,3.115
CBM,09,reserve,2085,93.92,3.128
CBM,09,reserve,2086,94.306,3.14
CBM,09,reserve,2087,94.689,3.153
CBM,09,reserve,2088,95.069,3.166
CBM,09,reserve,2089,95.446,3.178
CBM,09,reserve,2090,95.82,3.191
CBM,09,reserve,2091,96.192,3.203
CBM,09,reserve,2092,96.56,3.215
CBM,09,reserve,2093,96.926,3.228
CBM,09,reserve,2094,97.289,3.24
CBM,09,reserve,2095,97.65,3.252
CBM,09,reserve,2096,98.007,3.264
CBM,09,reserve,2097,98.362,3.275
CBM,09,reserve,2098,98.715,3.287
CBM,09,reserve,2099,99.064,3.299
CBM,09,reserve,2100,99.411,3.31
CBM,10,reserve,2025,12.66,0.786
CBM,10,reserve,2026,12.766,0.793
CBM,10,reserve,2027,12.871,0.799
CBM,10,reserve,2028,12.976,0.806
CBM,10,reserve,2029,13.079,0.812
CBM,10,reserve,2030,13.182,0.819
CBM,10,reserve,2031,13.285,0.825
CBM,10,reserve,2032,13.386,0.831
CBM,10,reserve,2033,13.487,0.838
CBM,10,reserve,2034,13.587,0.844
CBM,10,reserve,2035,13.686,0.85
CBM,10,reserve,2036,13.785,0.856
CBM,10,reserve,2037,13.882,0.862
CBM,10,reserve,2038,13.979,0.868
CBM,10,reserve,2039,14.076,0.874
CBM,10,reserve,2040,14.172,0.88
CBM,10,reserve,2041,14.267,0.886
CBM,10,reserve,2042,14.361,0.892
CBM,10,reserve,2043,14.455,0.898
CBM,10,reserve,2044,14.548,0.903
CBM,10,reserve,2045,14.64,0.909
CBM,10,reserve,2046,14.731,0.915
CBM,10,reserve,2047,14.822,0.92
CBM,10,reserve,2048,14.913,0.926
CBM,10,reserve,2049,15.002,0.932
CBM,10,reserve,2050,15.091,0.937
CBM,10,reserve,2051,15.18,0.943
CBM,10,reserve,2052,15.267,0.948
CBM,10,reserve,2053,15.355,0.954
CBM,10,reserve,2054,15.441,0.959
CBM,10,reserve,2055,15.527,0.964
CBM,10,reserve,2056,15.612,0.97
CBM,10,reserve,2057,15.696,0.975
CBM,10,reserve,2058,15.78,0.98
CBM,10,reserve,2059,15.864,0.985
CBM,10,reserve,2060,15.947,0.99
CBM,10,reserve,2061,16.029,0.995
CBM,10,reserve,2062,16.11,1
CBM,10,reserve,2063,16.191,1.005
CBM,10,reserve,2064,16.272,1.01
CBM,10,reserve,2065,16.351,1.015
CBM,10,reserve,2066,16.431,1.02
CBM,10,reserve,2067,16.509,1.025
CBM,10,reserve,2068,16.587,1.03
CBM,10,reserve,2069,16.665,1.035
CBM,10,reserve,2070,16.742,1.04
CBM,10,reserve,2071,16.818,1.044
CBM,10,reserve,2072,16.894,1.049
CBM,10,reserve,2073,16.969,1.054
CBM,10,reserve,2074,17.044,1.058
CBM,10,reserve,2075,17.118,1.063
CBM,10,reserve,2076,17.192,1.068
CBM,10,reserve,2077,17.265,1.072
CBM,10,reserve,2078,17.337,1.077
CBM,10,reserve,2079,17.409,1.081
CBM,10,reserve,2080,17.481,1.086
CBM,10,reserve,2081,17.552,1.09
CBM,10,reserve,2082,17.622,1.094
CBM,10,reserve,2083,17.692,1.099
CBM,10,reserve,2084,17.762,1.103
CBM,10,reserve,2085,17.831,1.107
CBM,10,reserve,2086,17.899,1.112
CBM,10,reserve,2087,17.967,1.116
CBM,10,reserve,2088,18.035,1.12
CBM,10,reserve,2089,18.102,1.124
CBM,10,reserve,2090,18.168,1.128
CBM,10,reserve,2091,18.234,1.132
CBM,10,reserve,2092,18.3,1.136
CBM,10,reserve,2093,18.365,1.14
CBM,10,reserve,2094,18.429,1.144
CBM,10,reserve,2095,18.493,1.148
CBM,10,reserve,2096,18.557,1.152
CBM,10,reserve,2097,18.62,1.156
CBM,10,reserve,2098,18.683,1.16
CBM,10,reserve,2099,18.745,1.164
CBM,10,reserve,2100,18.807,1.168
CBM,12,reserve,2025,320.05,5.537
CBM,12,reserve,2026,326.599,5.65
CBM,12,reserve,2027,333.079,5.762
CBM,12,reserve,2028,339.493,5.873
CBM,12,reserve,2029,345.84,5.983
CBM,12,reserve,2030,352.121,6.092
CBM,12,reserve,2031,358.337,6.199
CBM,12,reserve,2032,364.489,6.306
CBM,12,reserve,2033,370.577,6.411
CBM,12,reserve,2034,376.602,6.515
CBM,12,reserve,2035,382.565,6.618
CBM,12,reserve,2036,388.465,6.72
CBM,12,reserve,2037,394.305,6.821
CBM,12,reserve,2038,400.084,6.921
CBM,12,reserve,2039,405.803,7.02
CBM,12,reserve,2040,411.463,7.118
CBM,12,reserve,2041,417.064,7.215
CBM,12,reserve,2042,422.608,7.311
CBM,12,reserve,2043,428.093,7.406
CBM,12,reserve,2044,433.522,7.5
CBM,12,reserve,2045,438.895,7.593
CBM,12,reserve,2046,444.212,7.685
CBM,12,reserve,2047,449.474,7.776
CBM,12,reserve,2048,454.681,7.866
CBM,12,reserve,2049,459.835,7.955
CBM,12,reserve,2050,464.935,8.043
CBM,12,reserve,2051,469.982,8.131
CBM,12,reserve,2052,474.977,8.217
CBM,12,reserve,2053,479.92,8.303
CBM,12,reserve,2054,484.812,8.387
CBM,12,reserve,2055,489.653,8.471
CBM,12,reserve,2056,494.444,8.554
CBM,12,reserve,2057,499.186,8.636
CBM,12,reserve,2058,503.878,8.717
CBM,12,reserve,2059,508.521,8.797
CBM,12,reserve,2060,513.117,8.877
CBM,12,reserve,2061,517.665,8.956
CBM,12,reserve,2062,522.166,9.033
CBM,12,reserve,2063,526.62,9.111
CBM,12,reserve,2064,531.028,9.187
CBM,12,reserve,2065,535.39,9.262
CBM,12,reserve,2066,539.707,9.337
CBM,12,reserve,2067,543.979,9.411
CBM,12,reserve,2068,548.207,9.484
CBM,12,reserve,2069,552.392,9.556
CBM,12,reserve,2070,556.533,9.628
CBM,12,reserve,2071,560.631,9.699
CBM,12,reserve,2072,564.686,9.769
CBM,12,reserve,2073,568.7,9.839
CBM,12,reserve,2074,572.671,9.907
CBM,12,reserve,2075,576.602,9.975
CBM,12,reserve,2076,580.492,10.043
CBM,12,reserve,2077,584.342,10.109
CBM,12,reserve,2078,588.152,10.175
CBM,12,reserve,2079,591.922,10.24
CBM,12,reserve,2080,595.653,10.305
CBM,12,reserve,2081,599.346,10.369
CBM,12,reserve,2082,603,10.432
CBM,12,reserve,2083,606.617,10.494
CBM,12,reserve,2084,610.196,10.556
CBM,12,reserve,2085,613.738,10.618
CBM,12,reserve,2086,617.243,10.678
CBM,12,reserve,2087,620.712,10.738
CBM,12,reserve,2088,624.145,10.798
CBM,12,reserve,2089,627.542,10.856
CBM,12,reserve,2090,630.904,10.915
CBM,12,reserve,2091,634.232,10.972
CBM,12,reserve,2092,637.524,11.029
CBM,12,reserve,2093,640.783,11.086
CBM,12,reserve,2094,644.008,11.141
CBM,12,reserve,2095,647.2,11.197
CBM,12,reserve,2096,650.358,11.251
CBM,12,reserve,2097,653.484,11.305
CBM,12,reserve,2098,656.577,11.359
CBM,12,reserve,2099,659.638,11.412
CBM,12,reserve,2100,662.668,11.464
CBM,13,reserve,2025,590.06,6.255
CBM,13,reserve,2026,597.836,6.337
CBM,13,reserve,2027,605.569,6.419
CBM,13,reserve,2028,613.265,6.501
CBM,13,reserve,2029,620.928,6.582
CBM,13,reserve,2030,628.56,6.663
CBM,13,reserve,2031,636.151,6.743
CBM,13,reserve,2032,643.716,6.823
CBM,13,reserve,2033,651.263,6.903
CBM,13,reserve,2034,658.79,6.983
CBM,13,reserve,2035,666.284,7.063
CBM,13,reserve,2036,673.747,7.142
CBM,13,reserve,2037,681.175,7.22
CBM,13,reserve,2038,688.56,7.299
CBM,13,reserve,2039,695.895,7.376
CBM,13,reserve,2040,703.171,7.454
CBM,13,reserve,2041,710.398,7.53
CBM,13,reserve,2042,717.559,7.606
CBM,13,reserve,2043,724.647,7.681
CBM,13,reserve,2044,731.662,7.756
CBM,13,reserve,2045,738.598,7.829
CBM,13,reserve,2046,745.452,7.902
CBM,13,reserve,2047,752.229,7.974
CBM,13,reserve,2048,758.93,8.045
CBM,13,reserve,2049,765.554,8.115
CBM,13,reserve,2050,772.103,8.184
CBM,13,reserve,2051,778.574,8.253
CBM,13,reserve,2052,784.968,8.321
CBM,13,reserve,2053,791.287,8.388
CBM,13,reserve,2054,797.532,8.454
CBM,13,reserve,2055,803.703,8.519
CBM,13,reserve,2056,809.796,8.584
CBM,13,reserve,2057,815.818,8.648
CBM,13,reserve,2058,821.767,8.711
CBM,13,reserve,2059,827.645,8.773
CBM,13,reserve,2060,834.313,8.844
CBM,13,reserve,2061,840.92,8.914
CBM,13,reserve,2062,847.482,8.983
CBM,13,reserve,2063,853.982,9.052
CBM,13,reserve,2064,860.421,9.12
CBM,13,reserve,2065,866.803,9.188
CBM,13,reserve,2066,873.123,9.255
CBM,13,reserve,2067,879.385,9.321
CBM,13,reserve,2068,885.589,9.387
CBM,13,reserve,2069,891.735,9.452
CBM,13,reserve,2070,896.962,9.508
CBM,13,reserve,2071,902.118,9.562
CBM,13,reserve,2072,907.192,9.616
CBM,13,reserve,2073,912.199,9.669
CBM,13,reserve,2074,917.138,9.722
CBM,13,reserve,2075,922.724,9.781
CBM,13,reserve,2076,928.19,9.839
CBM,13,reserve,2077,933.537,9.895
CBM,13,reserve,2078,938.765,9.951
CBM,13,reserve,2079,943.874,10.005
CBM,13,reserve,2080,948.887,10.058
CBM,13,reserve,2081,953.783,10.11
CBM,13,reserve,2082,958.567,10.161
CBM,13,reserve,2083,963.233,10.21
CBM,13,reserve,2084,967.781,10.258
CBM,13,reserve,2085,971.396,10.297
CBM,13,reserve,2086,974.83,10.333
CBM,13,reserve,2087,978.083,10.368
CBM,13,reserve,2088,981.156,10.4
CBM,13,reserve,2089,984.046,10.431
CBM,13,reserve,2090,986.764,10.46
CBM,13,reserve,2091,989.3,10.487
CBM,13,reserve,2092,991.647,10.511
CBM,13,reserve,2093,993.813,10.534
CBM,13,reserve,2094,995.798,10.555
CBM,13,reserve,2095,997.74,10.576
CBM,13,reserve,2096,999.646,10.596
CBM,13,reserve,2097,1001.517,10.616
CBM,13,reserve,2098,1003.353,10.636
CBM,13,reserve,2099,1005.152,10.655
CBM,13,reserve,2100,1006.899,10.673
CBM,16,reserve,2025,417.43,5.844
CBM,16,reserve,2026,422.256,5.912
CBM,16,reserve,2027,426.991,5.978
CBM,16,reserve,2028,431.637,6.043
CBM,16,reserve,2029,436.195,6.107
CBM,16,reserve,2030,440.667,6.169
CBM,16,reserve,2031,445.055,6.231
CBM,16,reserve,2032,449.36,6.291
CBM,16,reserve,2033,453.582,6.35
CBM,16,reserve,2034,457.73,6.408
CBM,16,reserve,2035,461.8,6.465
CBM,16,reserve,2036,465.794,6.521
CBM,16,reserve,2037,469.715,6.576
CBM,16,reserve,2038,473.563,6.63
CBM,16,reserve,2039,477.34,6.683
CBM,16,reserve,2040,481.048,6.735
CBM,16,reserve,2041,484.687,6.786
CBM,16,reserve,2042,488.26,6.836
CBM,16,reserve,2043,491.77,6.885
CBM,16,reserve,2044,495.219,6.933
CBM,16,reserve,2045,498.609,6.981
CBM,16,reserve,2046,501.942,7.027
CBM,16,reserve,2047,505.219,7.073
CBM,16,reserve,2048,508.441,7.118
CBM,16,reserve,2049,511.609,7.163
CBM,16,reserve,2050,514.724,7.206
CBM,16,reserve,2051,517.785,7.249
CBM,16,reserve,2052,520.794,7.291
CBM,16,reserve,2053,523.751,7.333
CBM,16,reserve,2054,526.656,7.373
CBM,16,reserve,2055,529.51,7.413
CBM,16,reserve,2056,532.315,7.452
CBM,16,reserve,2057,535.071,7.491
CBM,16,reserve,2058,537.778,7.529
CBM,16,reserve,2059,540.436,7.566
CBM,16,reserve,2060,543.046,7.603
CBM,16,reserve,2061,545.608,7.639
CBM,16,reserve,2062,548.122,7.674
CBM,16,reserve,2063,550.588,7.708
CBM,16,reserve,2064,553.008,7.742
CBM,16,reserve,2065,555.386,7.775
CBM,16,reserve,2066,557.723,7.808
CBM,16,reserve,2067,560.019,7.84
CBM,16,reserve,2068,562.275,7.872
CBM,16,reserve,2069,564.491,7.903
CBM,16,reserve,2070,566.666,7.933
CBM,16,reserve,2071,568.801,7.963
CBM,16,reserve,2072,570.897,7.993
CBM,16,reserve,2073,572.953,8.021
CBM,16,reserve,2074,574.969,8.05
CBM,16,reserve,2075,576.948,8.077
CBM,16,reserve,2076,578.892,8.104
CBM,16,reserve,2077,580.8,8.131
CBM,16,reserve,2078,582.671,8.157
CBM,16,reserve,2079,584.507,8.183
CBM,16,reserve,2080,586.307,8.208
CBM,16,reserve,2081,588.071,8.233
CBM,16,reserve,2082,589.8,8.257
CBM,16,reserve,2083,591.494,8.281
CBM,16,reserve,2084,593.152,8.304
CBM,16,reserve,2085,594.782,8.327
CBM,16,reserve,2086,596.384,8.349
CBM,16,reserve,2087,597.958,8.371
CBM,16,reserve,2088,599.504,8.393
CBM,16,reserve,2089,601.022,8.414
CBM,16,reserve,2090,602.512,8.435
CBM,16,reserve,2091,603.974,8.456
CBM,16,reserve,2092,605.408,8.476
CBM,16,reserve,2093,606.815,8.495
CBM,16,reserve,2094,608.194,8.515
CBM,16,reserve,2095,609.547,8.534
CBM,16,reserve,2096,610.875,8.552
CBM,16,reserve,2097,612.178,8.57
CBM,16,reserve,2098,613.455,8.588
CBM,16,reserve,2099,614.707,8.606
CBM,16,reserve,2100,615.934,8.623
CBM,17,reserve,2025,150.46,3.521
CBM,17,reserve,2026,151.818,3.553
CBM,17,reserve,2027,153.166,3.584
CBM,17,reserve,2028,154.506,3.615
CBM,17,reserve,2029,155.836,3.647
CBM,17,reserve,2030,157.157,3.677
CBM,17,reserve,2031,158.469,3.708
CBM,17,reserve,2032,159.772,3.739
CBM,17,reserve,2033,161.067,3.769
CBM,17,reserve,2034,162.352,3.799
CBM,17,reserve,2035,163.629,3.829
CBM,17,reserve,2036,164.897,3.859
CBM,17,reserve,2037,166.156,3.888
CBM,17,reserve,2038,167.407,3.917
CBM,17,reserve,2039,168.649,3.946
CBM,17,reserve,2040,169.883,3.975
CBM,17,reserve,2041,171.108,4.004
CBM,17,reserve,2042,172.325,4.032
CBM,17,reserve,2043,173.534,4.061
CBM,17,reserve,2044,174.734,4.089
CBM,17,reserve,2045,175.927,4.117
CBM,17,reserve,2046,177.111,4.144
CBM,17,reserve,2047,178.287,4.172
CBM,17,reserve,2048,179.455,4.199
CBM,17,reserve,2049,180.615,4.226
CBM,17,reserve,2050,181.767,4.253
CBM,17,reserve,2051,182.912,4.28
CBM,17,reserve,2052,184.048,4.307
CBM,17,reserve,2053,185.177,4.333
CBM,17,reserve,2054,186.298,4.359
CBM,17,reserve,2055,187.412,4.385
CBM,17,reserve,2056,188.518,4.411
CBM,17,reserve,2057,189.616,4.437
CBM,17,reserve,2058,190.707,4.463
CBM,17,reserve,2059,191.79,4.488
CBM,17,reserve,2060,192.866,4.513
CBM,17,reserve,2061,193.935,4.538
CBM,17,reserve,2062,194.996,4.563
CBM,17,reserve,2063,196.05,4.588
CBM,17,reserve,2064,197.097,4.612
CBM,17,reserve,2065,198.137,4.636
CBM,17,reserve,2066,199.17,4.661
CBM,17,reserve,2067,200.196,4.685
CBM,17,reserve,2068,201.215,4.708
CBM,17,reserve,2069,202.226,4.732
CBM,17,reserve,2070,203.231,4.756
CBM,17,reserve,2071,204.229,4.779
CBM,17,reserve,2072,205.22,4.802
CBM,17,reserve,2073,206.205,4.825
CBM,17,reserve,2074,207.183,4.848
CBM,17,reserve,2075,208.154,4.871
CBM,17,reserve,2076,209.118,4.893
CBM,17,reserve,2077,210.076,4.916
CBM,17,reserve,2078,211.028,4.938
CBM,17,reserve,2079,211.972,4.96
CBM,17,reserve,2080,212.911,4.982
CBM,17,reserve,2081,213.843,5.004
CBM,17,reserve,2082,214.769,5.026
CBM,17,reserve,2083,215.688,5.047
CBM,17,reserve,2084,216.601,5.068
CBM,17,reserve,2085,217.508,5.09
CBM,17,reserve,2086,218.409,5.111
CBM,17,reserve,2087,219.303,5.132
CBM,17,reserve,2088,220.192,5.152
CBM,17,reserve,2089,221.074,5.173
CBM,17,reserve,2090,221.951,5.194
CBM,17,reserve,2091,222.821,5.214
CBM,17,reserve,2092,223.686,5.234
CBM,17,reserve,2093,224.544,5.254
CBM,17,reserve,2094,225.397,5.274
CBM,17,reserve,2095,226.244,5.294
CBM,17,reserve,2096,227.085,5.314
CBM,17,reserve,2097,227.92,5.333
CBM,17,reserve,2098,228.75,5.353
CBM,17,reserve,2099,229.574,5.372
CBM,17,reserve,2100,230.393,5.391
CBM,18,reserve,2025,178.8,4.112
CBM,18,reserve,2026,181.652,4.178
CBM,18,reserve,2027,184.46,4.243
CBM,18,reserve,2028,187.225,4.306
CBM,18,reserve,2029,189.948,4.369
CBM,18,reserve,2030,192.629,4.43
CBM,18,reserve,2031,195.269,4.491
CBM,18,reserve,2032,197.869,4.551
CBM,18,reserve,2033,200.429,4.61
CBM,18,reserve,2034,202.95,4.668
CBM,18,reserve,2035,205.432,4.725
CBM,18,reserve,2036,207.877,4.781
CBM,18,reserve,2037,210.284,4.837
CBM,18,reserve,2038,212.654,4.891
CBM,18,reserve,2039,214.988,4.945
CBM,18,reserve,2040,217.286,4.998
CBM,18,reserve,2041,219.549,5.05
CBM,18,reserve,2042,221.777,5.101
CBM,18,reserve,2043,223.971,5.151
CBM,18,reserve,2044,226.132,5.201
CBM,18,reserve,2045,228.26,5.25
CBM,18,reserve,2046,230.355,5.298
CBM,18,reserve,2047,232.418,5.346
CBM,18,reserve,2048,234.449,5.392
CBM,18,reserve,2049,236.449,5.438
CBM,18,reserve,2050,238.419,5.484
CBM,18,reserve,2051,240.359,5.528
CBM,18,reserve,2052,242.269,5.572
CBM,18,reserve,2053,244.149,5.615
CBM,18,reserve,2054,246.001,5.658
CBM,18,reserve,2055,247.825,5.7
CBM,18,reserve,2056,249.621,5.741
CBM,18,reserve,2057,251.389,5.782
CBM,18,reserve,2058,253.13,5.822
CBM,18,reserve,2059,254.845,5.861
CBM,18,reserve,2060,256.533,5.9
CBM,18,reserve,2061,258.196,5.938
CBM,18,reserve,2062,259.833,5.976
CBM,18,reserve,2063,261.445,6.013
CBM,18,reserve,2064,263.032,6.05
CBM,18,reserve,2065,264.595,6.086
CBM,18,reserve,2066,266.134,6.121
CBM,18,reserve,2067,267.65,6.156
CBM,18,reserve,2068,269.142,6.19
CBM,18,reserve,2069,270.612,6.224
CBM,18,reserve,2070,272.059,6.257
CBM,18,reserve,2071,273.484,6.29
CBM,18,reserve,2072,274.887,6.322
CBM,18,reserve,2073,276.269,6.354
CBM,18,reserve,2074,277.629,6.385
CBM,18,reserve,2075,278.969,6.416
CBM,18,reserve,2076,280.288,6.447
CBM,18,reserve,2077,281.587,6.477
CBM,18,reserve,2078,282.866,6.506
CBM,18,reserve,2079,284.126,6.535
CBM,18,reserve,2080,285.366,6.563
CBM,18,reserve,2081,286.588,6.592
CBM,18,reserve,2082,287.79,6.619
CBM,18,reserve,2083,288.975,6.646
CBM,18,reserve,2084,290.141,6.673
CBM,18,reserve,2085,291.289,6.7
CBM,18,reserve,2086,292.42,6.726
CBM,18,reserve,2087,293.533,6.751
CBM,18,reserve,2088,294.63,6.776
CBM,18,reserve,2089,295.709,6.801
CBM,18,reserve,2090,296.772,6.826
CBM,18,reserve,2091,297.819,6.85
CBM,18,reserve,2092,298.85,6.874
CBM,18,reserve,2093,299.865,6.897
CBM,18,reserve,2094,300.864,6.92
CBM,18,reserve,2095,301.849,6.943
CBM,18,reserve,2096,302.818,6.965
CBM,18,reserve,2097,303.772,6.987
CBM,18,reserve,2098,304.712,7.008
CBM,18,reserve,2099,305.637,7.03
CBM,18,reserve,2100,306.549,7.051
CBM,19,reserve,2025,72.67,2.434
CBM,19,reserve,2026,73.727,2.47
CBM,19,reserve,2027,74.776,2.505
CBM,19,reserve,2028,75.817,2.54
CBM,19,reserve,2029,76.852,2.575
CBM,19,reserve,2030,77.879,2.609
CBM,19,reserve,2031,78.899,2.643
CBM,19,reserve,2032,79.912,2.677
CBM,19,reserve,2033,80.918,2.711
CBM,19,reserve,2034,81.916,2.744
CBM,19,reserve,2035,82.908,2.777
CBM,19,reserve,2036,83.893,2.81
CBM,19,reserve,2037,84.871,2.843
CBM,19,reserve,2038,85.842,2.876
CBM,19,reserve,2039,86.806,2.908
CBM,19,reserve,2040,87.763,2.94
CBM,19,reserve,2041,88.714,2.972
CBM,19,reserve,2042,89.658,3.004
CBM,19,reserve,2043,90.596,3.035
CBM,19,reserve,2044,91.526,3.066
CBM,19,reserve,2045,92.451,3.097
CBM,19,reserve,2046,93.369,3.128
CBM,19,reserve,2047,94.28,3.158
CBM,19,reserve,2048,95.185,3.189
CBM,19,reserve,2049,96.084,3.219
CBM,19,reserve,2050,96.976,3.249
CBM,19,reserve,2051,97.862,3.278
CBM,19,reserve,2052,98.742,3.308
CBM,19,reserve,2053,99.616,3.337
CBM,19,reserve,2054,100.484,3.366
CBM,19,reserve,2055,101.345,3.395
CBM,19,reserve,2056,102.201,3.424
CBM,19,reserve,2057,103.05,3.452
CBM,19,reserve,2058,103.894,3.48
CBM,19,reserve,2059,104.731,3.508
CBM,19,reserve,2060,105.563,3.536
CBM,19,reserve,2061,106.389,3.564
CBM,19,reserve,2062,107.209,3.592
CBM,19,reserve,2063,108.023,3.619
CBM,19,reserve,2064,108.832,3.646
CBM,19,reserve,2065,109.635,3.673
CBM,19,reserve,2066,110.432,3.699
CBM,19,reserve,2067,111.224,3.726
CBM,19,reserve,2068,112.011,3.752
CBM,19,reserve,2069,112.791,3.779
CBM,19,reserve,2070,113.566,3.804
CBM,19,reserve,2071,114.336,3.83
CBM,19,reserve,2072,115.101,3.856
CBM,19,reserve,2073,115.86,3.881
CBM,19,reserve,2074,116.614,3.907
CBM,19,reserve,2075,117.362,3.932
CBM,19,reserve,2076,118.105,3.957
CBM,19,reserve,2077,118.843,3.981
CBM,19,reserve,2078,119.576,4.006
CBM,19,reserve,2079,120.304,4.03
CBM,19,reserve,2080,121.026,4.054
CBM,19,reserve,2081,121.744,4.078
CBM,19,reserve,2082,122.456,4.102
CBM,19,reserve,2083,123.164,4.126
CBM,19,reserve,2084,123.866,4.15
CBM,19,reserve,2085,124.564,4.173
CBM,19,reserve,2086,125.257,4.196
CBM,19,reserve,2087,125.944,4.219
CBM,19,reserve,2088,126.627,4.242
CBM,19,reserve,2089,127.306,4.265
CBM,19,reserve,2090,127.979,4.287
CBM,19,reserve,2091,128.648,4.31
CBM,19,reserve,2092,129.312,4.332
CBM,19,reserve,2093,129.972,4.354
CBM,19,reserve,2094,130.626,4.376
CBM,19,reserve,2095,131.277,4.398
CBM,19,reserve,2096,131.922,4.419
CBM,19,reserve,2097,132.563,4.441
CBM,19,reserve,2098,133.2,4.462
CBM,19,reserve,2099,133.832,4.483
CBM,19,reserve,2100,134.46,4.504
CBM,20,reserve,2025,48.76,1.941
CBM,20,reserve,2026,50.023,1.991
CBM,20,reserve,2027,51.289,2.041
CBM,20,reserve,2028,52.558,2.092
CBM,20,reserve,2029,53.83,2.142
CBM,20,reserve,2030,55.106,2.193
CBM,20,reserve,2031,56.385,2.244
CBM,20,reserve,2032,57.666,2.295
CBM,20,reserve,2033,58.951,2.346
CBM,20,reserve,2034,60.24,2.398
CBM,20,reserve,2035,61.523,2.449
CBM,20,reserve,2036,62.803,2.5
CBM,20,reserve,2037,64.078,2.55
CBM,20,reserve,2038,65.349,2.601
CBM,20,reserve,2039,66.616,2.651
CBM,20,reserve,2040,67.879,2.702
CBM,20,reserve,2041,69.138,2.752
CBM,20,reserve,2042,70.393,2.802
CBM,20,reserve,2043,71.644,2.851
CBM,20,reserve,2044,72.891,2.901
CBM,20,reserve,2045,74.13,2.95
CBM,20,reserve,2046,75.361,2.999
CBM,20,reserve,2047,76.583,3.048
CBM,20,reserve,2048,77.797,3.096
CBM,20,reserve,2049,79.004,3.144
CBM,20,reserve,2050,80.202,3.192
CBM,20,reserve,2051,81.392,3.239
CBM,20,reserve,2052,82.574,3.286
CBM,20,reserve,2053,83.749,3.333
CBM,20,reserve,2054,84.916,3.38
CBM,20,reserve,2055,86.073,3.426
CBM,20,reserve,2056,87.22,3.471
CBM,20,reserve,2057,88.357,3.517
CBM,20,reserve,2058,89.484,3.561
CBM,20,reserve,2059,90.602,3.606
CBM,20,reserve,2060,91.71,3.65
CBM,20,reserve,2061,92.808,3.694
CBM,20,reserve,2062,93.898,3.737
CBM,20,reserve,2063,94.977,3.78
CBM,20,reserve,2064,96.047,3.823
CBM,20,reserve,2065,97.107,3.865
CBM,20,reserve,2066,98.156,3.907
CBM,20,reserve,2067,99.194,3.948
CBM,20,reserve,2068,100.221,3.989
CBM,20,reserve,2069,101.238,4.029
CBM,20,reserve,2070,102.244,4.069
CBM,20,reserve,2071,103.24,4.109
CBM,20,reserve,2072,104.225,4.148
CBM,20,reserve,2073,105.2,4.187
CBM,20,reserve,2074,106.165,4.225
CBM,20,reserve,2075,107.119,4.263
CBM,20,reserve,2076,108.062,4.301
CBM,20,reserve,2077,108.995,4.338
CBM,20,reserve,2078,109.918,4.375
CBM,20,reserve,2079,110.83,4.411
CBM,20,reserve,2080,111.731,4.447
CBM,20,reserve,2081,112.622,4.482
CBM,20,reserve,2082,113.503,4.517
CBM,20,reserve,2083,114.374,4.552
CBM,20,reserve,2084,115.234,4.586
CBM,20,reserve,2085,116.084,4.62
CBM,20,reserve,2086,116.923,4.654
CBM,20,reserve,2087,117.752,4.687
CBM,20,reserve,2088,118.57,4.719
CBM,20,reserve,2089,119.379,4.751
CBM,20,reserve,2090,120.177,4.783
CBM,20,reserve,2091,120.964,4.814
CBM,20,reserve,2092,121.741,4.845
CBM,20,reserve,2093,122.509,4.876
CBM,20,reserve,2094,123.266,4.906
CBM,20,reserve,2095,124.013,4.936
CBM,20,reserve,2096,124.751,4.965
CBM,20,reserve,2097,125.479,4.994
CBM,20,reserve,2098,126.198,5.023
CBM,20,reserve,2099,126.907,5.051
CBM,20,reserve,2100,127.607,5.079
CBM,21,reserve,2025,393.71,4.764
CBM,21,reserve,2026,398.397,4.821
CBM,21,reserve,2027,403.055,4.877
CBM,21,reserve,2028,407.684,4.933
CBM,21,reserve,2029,412.285,4.989
CBM,21,reserve,2030,416.858,5.044
CBM,21,reserve,2031,421.402,5.099
CBM,21,reserve,2032,425.919,5.154
CBM,21,reserve,2033,430.408,5.208
CBM,21,reserve,2034,434.87,5.262
CBM,21,reserve,2035,439.304,5.316
CBM,21,reserve,2036,443.711,5.369
CBM,21,reserve,2037,448.091,5.422
CBM,21,reserve,2038,452.444,5.475
CBM,21,reserve,2039,456.77,5.527
CBM,21,reserve,2040,461.07,5.579
CBM,21,reserve,2041,465.343,5.631
CBM,21,reserve,2042,469.59,5.682
CBM,21,reserve,2043,473.812,5.733
CBM,21,reserve,2044,478.007,5.784
CBM,21,reserve,2045,482.176,5.834
CBM,21,reserve,2046,486.32,5.884
CBM,21,reserve,2047,490.439,5.934
CBM,21,reserve,2048,494.532,5.984
CBM,21,reserve,2049,498.6,6.033
CBM,21,reserve,2050,502.643,6.082
CBM,21,reserve,2051,506.661,6.131
CBM,21,reserve,2052,510.655,6.179
CBM,21,reserve,2053,514.624,6.227
CBM,21,reserve,2054,518.569,6.275
CBM,21,reserve,2055,522.49,6.322
CBM,21,reserve,2056,526.386,6.369
CBM,21,reserve,2057,530.259,6.416
CBM,21,reserve,2058,534.108,6.463
CBM,21,reserve,2059,537.933,6.509
CBM,21,reserve,2060,541.735,6.555
CBM,21,reserve,2061,545.513,6.601
CBM,21,reserve,2062,549.268,6.646
CBM,21,reserve,2063,553.001,6.691
CBM,21,reserve,2064,556.71,6.736
CBM,21,reserve,2065,560.396,6.781
CBM,21,reserve,2066,564.06,6.825
CBM,21,reserve,2067,567.702,6.869
CBM,21,reserve,2068,571.321,6.913
CBM,21,reserve,2069,574.918,6.957
CBM,21,reserve,2070,578.493,7
CBM,21,reserve,2071,582.046,7.043
CBM,21,reserve,2072,585.577,7.085
CBM,21,reserve,2073,589.086,7.128
CBM,21,reserve,2074,592.574,7.17
CBM,21,reserve,2075,596.041,7.212
CBM,21,reserve,2076,599.486,7.254
CBM,21,reserve,2077,602.91,7.295
CBM,21,reserve,2078,606.313,7.336
CBM,21,reserve,2079,609.695,7.377
CBM,21,reserve,2080,613.057,7.418
CBM,21,reserve,2081,616.398,7.458
CBM,21,reserve,2082,619.718,7.499
CBM,21,reserve,2083,623.018,7.539
CBM,21,reserve,2084,626.298,7.578
CBM,21,reserve,2085,629.557,7.618
CBM,21,reserve,2086,632.797,7.657
CBM,21,reserve,2087,636.016,7.696
CBM,21,reserve,2088,639.216,7.735
CBM,21,reserve,2089,642.397,7.773
CBM,21,reserve,2090,645.558,7.811
CBM,21,reserve,2091,648.699,7.849
CBM,21,reserve,2092,651.821,7.887
CBM,21,reserve,2093,654.924,7.925
CBM,21,reserve,2094,658.008,7.962
CBM,21,reserve,2095,661.073,7.999
CBM,21,reserve,2096,664.119,8.036
CBM,21,reserve,2097,667.147,8.072
CBM,21,reserve,2098,670.156,8.109
CBM,21,reserve,2099,673.146,8.145
CBM,21,reserve,2100,676.118,8.181
CBM,22,reserve,2025,339.71,4.62
CBM,22,reserve,2026,343.272,4.668
CBM,22,reserve,2027,346.789,4.716
CBM,22,reserve,2028,350.262,4.764
CBM,22,reserve,2029,353.692,4.81
CBM,22,reserve,2030,357.079,4.856
CBM,22,reserve,2031,360.424,4.902
CBM,22,reserve,2032,363.727,4.947
CBM,22,reserve,2033,366.988,4.991
CBM,22,reserve,2034,370.209,5.035
CBM,22,reserve,2035,373.39,5.078
CBM,22,reserve,2036,376.531,5.121
CBM,22,reserve,2037,379.632,5.163
CBM,22,reserve,2038,382.695,5.205
CBM,22,reserve,2039,385.72,5.246
CBM,22,reserve,2040,388.707,5.286
CBM,22,reserve,2041,391.657,5.327
CBM,22,reserve,2042,394.57,5.366
CBM,22,reserve,2043,397.446,5.405
CBM,22,reserve,2044,400.286,5.444
CBM,22,reserve,2045,403.091,5.482
CBM,22,reserve,2046,405.861,5.52
CBM,22,reserve,2047,408.597,5.557
CBM,22,reserve,2048,411.298,5.594
CBM,22,reserve,2049,413.965,5.63
CBM,22,reserve,2050,416.599,5.666
CBM,22,reserve,2051,419.201,5.701
CBM,22,reserve,2052,421.769,5.736
CBM,22,reserve,2053,424.306,5.771
CBM,22,reserve,2054,426.811,5.805
CBM,22,reserve,2055,429.285,5.838
CBM,22,reserve,2056,431.727,5.871
CBM,22,reserve,2057,434.14,5.904
CBM,22,reserve,2058,436.522,5.937
CBM,22,reserve,2059,438.874,5.969
CBM,22,reserve,2060,441.197,6
CBM,22,reserve,2061,443.491,6.031
CBM,22,reserve,2062,445.756,6.062
CBM,22,reserve,2063,447.993,6.093
CBM,22,reserve,2064,450.202,6.123
CBM,22,reserve,2065,452.384,6.152
CBM,22,reserve,2066,454.538,6.182
CBM,22,reserve,2067,456.665,6.211
CBM,22,reserve,2068,458.766,6.239
CBM,22,reserve,2069,460.841,6.267
CBM,22,reserve,2070,462.889,6.295
CBM,22,reserve,2071,464.912,6.323
CBM,22,reserve,2072,466.91,6.35
CBM,22,reserve,2073,468.883,6.377
CBM,22,reserve,2074,470.831,6.403
CBM,22,reserve,2075,472.755,6.429
CBM,22,reserve,2076,474.654,6.455
CBM,22,reserve,2077,476.531,6.481
CBM,22,reserve,2078,478.383,6.506
CBM,22,reserve,2079,480.213,6.531
CBM,22,reserve,2080,482.019,6.555
CBM,22,reserve,2081,483.803,6.58
CBM,22,reserve,2082,485.565,6.604
CBM,22,reserve,2083,487.305,6.627
CBM,22,reserve,2084,489.023,6.651
CBM,22,reserve,2085,490.719,6.674
CBM,22,reserve,2086,492.395,6.697
CBM,22,reserve,2087,494.049,6.719
CBM,22,reserve,2088,495.683,6.741
CBM,22,reserve,2089,497.296,6.763
CBM,22,reserve,2090,498.89,6.785
CBM,22,reserve,2091,500.463,6.806
CBM,22,reserve,2092,502.017,6.827
CBM,22,reserve,2093,503.551,6.848
CBM,22,reserve,2094,505.066,6.869
CBM,22,reserve,2095,506.562,6.889
CBM,22,reserve,2096,508.039,6.909
CBM,22,reserve,2097,509.499,6.929
CBM,22,reserve,2098,510.939,6.949
CBM,22,reserve,2099,512.362,6.968
CBM,22,reserve,2100,513.767,6.987
CBM,23,reserve,2025,374.02,3.441
CBM,23,reserve,2026,377.147,3.47
CBM,23,reserve,2027,380.232,3.498
CBM,23,reserve,2028,383.277,3.526
CBM,23,reserve,2029,386.281,3.554
CBM,23,reserve,2030,389.245,3.581
CBM,23,reserve,2031,392.17,3.608
CBM,23,reserve,2032,395.056,3.635
CBM,23,reserve,2033,397.904,3.661
CBM,23,reserve,2034,400.714,3.687
CBM,23,reserve,2035,403.487,3.712
CBM,23,reserve,2036,406.223,3.737
CBM,23,reserve,2037,408.923,3.762
CBM,23,reserve,2038,411.586,3.787
CBM,23,reserve,2039,414.215,3.811
CBM,23,reserve,2040,416.809,3.835
CBM,23,reserve,2041,419.368,3.858
CBM,23,reserve,2042,421.893,3.881
CBM,23,reserve,2043,424.385,3.904
CBM,23,reserve,2044,426.844,3.927
CBM,23,reserve,2045,429.27,3.949
CBM,23,reserve,2046,431.664,3.971
CBM,23,reserve,2047,434.026,3.993
CBM,23,reserve,2048,436.357,4.014
CBM,23,reserve,2049,438.657,4.036
CBM,23,reserve,2050,440.926,4.057
CBM,23,reserve,2051,443.165,4.077
CBM,23,reserve,2052,445.375,4.097
CBM,23,reserve,2053,447.555,4.118
CBM,23,reserve,2054,449.707,4.137
CBM,23,reserve,2055,451.829,4.157
CBM,23,reserve,2056,453.924,4.176
CBM,23,reserve,2057,455.991,4.195
CBM,23,reserve,2058,458.03,4.214
CBM,23,reserve,2059,460.043,4.232
CBM,23,reserve,2060,462.028,4.251
CBM,23,reserve,2061,463.988,4.269
CBM,23,reserve,2062,465.921,4.286
CBM,23,reserve,2063,467.829,4.304
CBM,23,reserve,2064,469.711,4.321
CBM,23,reserve,2065,471.569,4.338
CBM,23,reserve,2066,473.401,4.355
CBM,23,reserve,2067,475.21,4.372
CBM,23,reserve,2068,476.994,4.388
CBM,23,reserve,2069,478.755,4.405
CBM,23,reserve,2070,480.493,4.421
CBM,23,reserve,2071,482.207,4.436
CBM,23,reserve,2072,483.899,4.452
CBM,23,reserve,2073,485.568,4.467
CBM,23,reserve,2074,487.215,4.482
CBM,23,reserve,2075,488.84,4.497
CBM,23,reserve,2076,490.444,4.512
CBM,23,reserve,2077,492.026,4.527
CBM,23,reserve,2078,493.587,4.541
CBM,23,reserve,2079,495.128,4.555
CBM,23,reserve,2080,496.648,4.569
CBM,23,reserve,2081,498.148,4.583
CBM,23,reserve,2082,499.628,4.597
CBM,23,reserve,2083,501.089,4.61
CBM,23,reserve,2084,502.53,4.623
CBM,23,reserve,2085,503.952,4.636
CBM,23,reserve,2086,505.355,4.649
CBM,23,reserve,2087,506.74,4.662
CBM,23,reserve,2088,508.106,4.675
CBM,23,reserve,2089,509.454,4.687
CBM,23,reserve,2090,510.784,4.699
CBM,23,reserve,2091,512.097,4.711
CBM,23,reserve,2092,513.392,4.723
CBM,23,reserve,2093,514.67,4.735
CBM,23,reserve,2094,515.931,4.747
CBM,23,reserve,2095,517.175,4.758
CBM,23,reserve,2096,518.403,4.769
CBM,23,reserve,2097,519.614,4.78
CBM,23,reserve,2098,520.81,4.791
CBM,23,reserve,2099,521.989,4.802
CBM,23,reserve,2100,523.153,4.813
CBM,24,reserve,2025,96.25,3.417
CBM,24,reserve,2026,97.077,3.446
CBM,24,reserve,2027,97.897,3.475
CBM,24,reserve,2028,98.712,3.504
CBM,24,reserve,2029,99.522,3.533
CBM,24,reserve,2030,100.325,3.562
CBM,24,reserve,2031,101.123,3.59
CBM,24,reserve,2032,101.915,3.618
CBM,24,reserve,2033,102.702,3.646
CBM,24,reserve,2034,103.483,3.674
CBM,24,reserve,2035,104.258,3.701
CBM,24,reserve,2036,105.028,3.729
CBM,24,reserve,2037,105.793,3.756
CBM,24,reserve,2038,106.552,3.783
CBM,24,reserve,2039,107.306,3.809
CBM,24,reserve,2040,108.054,3.836
CBM,24,reserve,2041,108.797,3.862
CBM,24,reserve,2042,109.535,3.888
CBM,24,reserve,2043,110.268,3.915
CBM,24,reserve,2044,110.995,3.94
CBM,24,reserve,2045,111.717,3.966
CBM,24,reserve,2046,112.435,3.991
CBM,24,reserve,2047,113.147,4.017
CBM,24,reserve,2048,113.854,4.042
CBM,24,reserve,2049,114.556,4.067
CBM,24,reserve,2050,115.253,4.091
CBM,24,reserve,2051,115.945,4.116
CBM,24,reserve,2052,116.632,4.14
CBM,24,reserve,2053,117.315,4.165
CBM,24,reserve,2054,117.992,4.189
CBM,24,reserve,2055,118.665,4.213
CBM,24,reserve,2056,119.333,4.236
CBM,24,reserve,2057,119.996,4.26
CBM,24,reserve,2058,120.655,4.283
CBM,24,reserve,2059,121.309,4.306
CBM,24,reserve,2060,121.958,4.33
CBM,24,reserve,2061,122.603,4.352
CBM,24,reserve,2062,123.243,4.375
CBM,24,reserve,2063,123.878,4.398
CBM,24,reserve,2064,124.509,4.42
CBM,24,reserve,2065,125.136,4.442
CBM,24,reserve,2066,125.758,4.464
CBM,24,reserve,2067,126.376,4.486
CBM,24,reserve,2068,126.99,4.508
CBM,24,reserve,2069,127.599,4.53
CBM,24,reserve,2070,128.203,4.551
CBM,24,reserve,2071,128.804,4.573
CBM,24,reserve,2072,129.4,4.594
CBM,24,reserve,2073,129.992,4.615
CBM,24,reserve,2074,130.58,4.636
CBM,24,reserve,2075,131.164,4.656
CBM,24,reserve,2076,131.743,4.677
CBM,24,reserve,2077,132.318,4.697
CBM,24,reserve,2078,132.89,4.718
CBM,24,reserve,2079,133.457,4.738
CBM,24,reserve,2080,134.02,4.758
CBM,24,reserve,2081,134.58,4.778
CBM,24,reserve,2082,135.135,4.797
CBM,24,reserve,2083,135.686,4.817
CBM,24,reserve,2084,136.234,4.836
CBM,24,reserve,2085,136.778,4.856
CBM,24,reserve,2086,137.317,4.875
CBM,24,reserve,2087,137.853,4.894
CBM,24,reserve,2088,138.386,4.913
CBM,24,reserve,2089,138.914,4.931
CBM,24,reserve,2090,139.439,4.95
CBM,24,reserve,2091,139.96,4.969
CBM,24,reserve,2092,140.477,4.987
CBM,24,reserve,2093,140.99,5.005
CBM,24,reserve,2094,141.5,5.023
CBM,24,reserve,2095,142.007,5.041
CBM,24,reserve,2096,142.509,5.059
CBM,24,reserve,2097,143.009,5.077
CBM,24,reserve,2098,143.504,5.094
CBM,24,reserve,2099,143.997,5.112
CBM,24,reserve,2100,144.485,5.129
CBM,25,reserve,2025,112.19,2.715
CBM,25,reserve,2026,112.864,2.731
CBM,25,reserve,2027,113.53,2.747
CBM,25,reserve,2028,114.189,2.763
CBM,25,reserve,2029,114.839,2.779
CBM,25,reserve,2030,115.482,2.795
CBM,25,reserve,2031,116.117,2.81
CBM,25,reserve,2032,116.745,2.825
CBM,25,reserve,2033,117.365,2.84
CBM,25,reserve,2034,117.978,2.855
CBM,25,reserve,2035,118.584,2.87
CBM,25,reserve,2036,119.182,2.884
CBM,25,reserve,2037,119.773,2.899
CBM,25,reserve,2038,120.358,2.913
CBM,25,reserve,2039,120.935,2.927
CBM,25,reserve,2040,121.506,2.94
CBM,25,reserve,2041,122.069,2.954
CBM,25,reserve,2042,122.626,2.968
CBM,25,reserve,2043,123.177,2.981
CBM,25,reserve,2044,123.721,2.994
CBM,25,reserve,2045,124.258,3.007
CBM,25,reserve,2046,124.789,3.02
CBM,25,reserve,2047,125.314,3.033
CBM,25,reserve,2048,125.833,3.045
CBM,25,reserve,2049,126.345,3.058
CBM,25,reserve,2050,126.852,3.07
CBM,25,reserve,2051,127.352,3.082
CBM,25,reserve,2052,127.846,3.094
CBM,25,reserve,2053,128.335,3.106
CBM,25,reserve,2054,128.818,3.117
CBM,25,reserve,2055,129.295,3.129
CBM,25,reserve,2056,129.766,3.14
CBM,25,reserve,2057,130.232,3.152
CBM,25,reserve,2058,130.692,3.163
CBM,25,reserve,2059,131.147,3.174
CBM,25,reserve,2060,131.596,3.185
CBM,25,reserve,2061,132.04,3.195
CBM,25,reserve,2062,132.479,3.206
CBM,25,reserve,2063,132.913,3.216
CBM,25,reserve,2064,133.341,3.227
CBM,25,reserve,2065,133.765,3.237
CBM,25,reserve,2066,134.183,3.247
CBM,25,reserve,2067,134.596,3.257
CBM,25,reserve,2068,135.005,3.267
CBM,25,reserve,2069,135.408,3.277
CBM,25,reserve,2070,135.807,3.287
CBM,25,reserve,2071,136.201,3.296
CBM,25,reserve,2072,136.591,3.306
CBM,25,reserve,2073,136.976,3.315
CBM,25,reserve,2074,137.356,3.324
CBM,25,reserve,2075,137.732,3.333
CBM,25,reserve,2076,138.103,3.342
CBM,25,reserve,2077,138.47,3.351
CBM,25,reserve,2078,138.833,3.36
CBM,25,reserve,2079,139.191,3.368
CBM,25,reserve,2080,139.545,3.377
CBM,25,reserve,2081,139.895,3.385
CBM,25,reserve,2082,140.24,3.394
CBM,25,reserve,2083,140.582,3.402
CBM,25,reserve,2084,140.919,3.41
CBM,25,reserve,2085,141.253,3.418
CBM,25,reserve,2086,141.582,3.426
CBM,25,reserve,2087,141.908,3.434
CBM,25,reserve,2088,142.23,3.442
CBM,25,reserve,2089,142.548,3.45
CBM,25,reserve,2090,142.862,3.457
CBM,25,reserve,2091,143.172,3.465
CBM,25,reserve,2092,143.479,3.472
CBM,25,reserve,2093,143.782,3.48
CBM,25,reserve,2094,144.082,3.487
CBM,25,reserve,2095,144.378,3.494
CBM,25,reserve,2096,144.67,3.501
CBM,25,reserve,2097,144.959,3.508
CBM,25,reserve,2098,145.245,3.515
CBM,25,reserve,2099,145.527,3.522
CBM,25,reserve,2100,145.806,3.528
CBM,26,reserve,2025,512.45,5.739
CBM,26,reserve,2026,517.004,5.79
CBM,26,reserve,2027,521.506,5.841
CBM,26,reserve,2028,525.956,5.891
CBM,26,reserve,2029,530.355,5.94
CBM,26,reserve,2030,534.703,5.989
CBM,26,reserve,2031,539.002,6.037
CBM,26,reserve,2032,543.251,6.084
CBM,26,reserve,2033,547.451,6.131
CBM,26,reserve,2034,551.603,6.178
CBM,26,reserve,2035,555.708,6.224
CBM,26,reserve,2036,559.765,6.269
CBM,26,reserve,2037,563.776,6.314
CBM,26,reserve,2038,567.74,6.359
CBM,26,reserve,2039,571.659,6.403
CBM,26,reserve,2040,575.534,6.446
CBM,26,reserve,2041,579.363,6.489
CBM,26,reserve,2042,583.149,6.531
CBM,26,reserve,2043,586.891,6.573
CBM,26,reserve,2044,590.59,6.615
CBM,26,reserve,2045,594.247,6.656
CBM,26,reserve,2046,597.861,6.696
CBM,26,reserve,2047,601.434,6.736
CBM,26,reserve,2048,604.967,6.776
CBM,26,reserve,2049,608.458,6.815
CBM,26,reserve,2050,611.909,6.853
CBM,26,reserve,2051,615.321,6.892
CBM,26,reserve,2052,618.694,6.929
CBM,26,reserve,2053,622.028,6.967
CBM,26,reserve,2054,625.323,7.004
CBM,26,reserve,2055,628.581,7.04
CBM,26,reserve,2056,631.801,7.076
CBM,26,reserve,2057,634.985,7.112
CBM,26,reserve,2058,638.132,7.147
CBM,26,reserve,2059,641.242,7.182
CBM,26,reserve,2060,644.317,7.216
CBM,26,reserve,2061,647.357,7.25
CBM,26,reserve,2062,650.361,7.284
CBM,26,reserve,2063,653.332,7.317
CBM,26,reserve,2064,656.268,7.35
CBM,26,reserve,2065,659.17,7.383
CBM,26,reserve,2066,662.039,7.415
CBM,26,reserve,2067,664.875,7.447
CBM,26,reserve,2068,667.679,7.478
CBM,26,reserve,2069,670.45,7.509
CBM,26,reserve,2070,673.189,7.54
CBM,26,reserve,2071,675.897,7.57
CBM,26,reserve,2072,678.574,7.6
CBM,26,reserve,2073,681.22,7.63
CBM,26,reserve,2074,683.836,7.659
CBM,26,reserve,2075,686.422,7.688
CBM,26,reserve,2076,688.978,7.717
CBM,26,reserve,2077,691.505,7.745
CBM,26,reserve,2078,694.002,7.773
CBM,26,reserve,2079,696.471,7.8
CBM,26,reserve,2080,698.912,7.828
CBM,26,reserve,2081,701.324,7.855
CBM,26,reserve,2082,703.709,7.882
CBM,26,reserve,2083,706.067,7.908
CBM,26,reserve,2084,708.397,7.934
CBM,26,reserve,2085,710.701,7.96
CBM,26,reserve,2086,712.978,7.985
CBM,26,reserve,2087,715.229,8.011
CBM,26,reserve,2088,717.454,8.035
CBM,26,reserve,2089,719.654,8.06
CBM,26,reserve,2090,721.828,8.084
CBM,26,reserve,2091,723.978,8.109
CBM,26,reserve,2092,726.102,8.132
CBM,26,reserve,2093,728.203,8.156
CBM,26,reserve,2094,730.279,8.179
CBM,26,reserve,2095,732.331,8.202
CBM,26,reserve,2096,734.36,8.225
CBM,26,reserve,2097,736.365,8.247
CBM,26,reserve,2098,738.348,8.269
CBM,26,reserve,2099,740.307,8.291
CBM,26,reserve,2100,742.245,8.313
CBM,27,reserve,2025,308.78,2.748
CBM,27,reserve,2026,312.752,2.783
CBM,27,reserve,2027,316.707,2.819
CBM,27,reserve,2028,320.637,2.854
CBM,27,reserve,2029,324.55,2.888
CBM,27,reserve,2030,328.447,2.923
CBM,27,reserve,2031,332.327,2.958
CBM,27,reserve,2032,336.191,2.992
CBM,27,reserve,2033,340.037,3.026
CBM,27,reserve,2034,343.865,3.06
CBM,27,reserve,2035,347.673,3.094
CBM,27,reserve,2036,351.427,3.128
CBM,27,reserve,2037,355.159,3.161
CBM,27,reserve,2038,358.608,3.192
CBM,27,reserve,2039,362.004,3.222
CBM,27,reserve,2040,365.347,3.252
CBM,27,reserve,2041,368.633,3.281
CBM,27,reserve,2042,371.86,3.31
CBM,27,reserve,2043,375.028,3.338
CBM,27,reserve,2044,378.133,3.365
CBM,27,reserve,2045,381.176,3.392
CBM,27,reserve,2046,384.188,3.419
CBM,27,reserve,2047,387.137,3.446
CBM,27,reserve,2048,390.276,3.473
CBM,27,reserve,2049,393.377,3.501
CBM,27,reserve,2050,396.441,3.528
CBM,27,reserve,2051,399.467,3.555
CBM,27,reserve,2052,402.456,3.582
CBM,27,reserve,2053,405.406,3.608
CBM,27,reserve,2054,408.318,3.634
CBM,27,reserve,2055,411.192,3.66
CBM,27,reserve,2056,414.024,3.685
CBM,27,reserve,2057,416.818,3.71
CBM,27,reserve,2058,419.589,3.734
CBM,27,reserve,2059,422.324,3.759
CBM,27,reserve,2060,425.024,3.783
CBM,27,reserve,2061,427.688,3.806
CBM,27,reserve,2062,430.317,3.83
CBM,27,reserve,2063,432.91,3.853
CBM,27,reserve,2064,435.47,3.876
CBM,27,reserve,2065,437.993,3.898
CBM,27,reserve,2066,440.482,3.92
CBM,27,reserve,2067,442.935,3.942
CBM,27,reserve,2068,445.352,3.964
CBM,27,reserve,2069,447.736,3.985
CBM,27,reserve,2070,450.087,4.006
CBM,27,reserve,2071,452.405,4.026
CBM,27,reserve,2072,454.69,4.047
CBM,27,reserve,2073,456.942,4.067
CBM,27,reserve,2074,459.162,4.087
CBM,27,reserve,2075,461.34,4.106
CBM,27,reserve,2076,463.478,4.125
CBM,27,reserve,2077,465.575,4.144
CBM,27,reserve,2078,467.633,4.162
CBM,27,reserve,2079,469.651,4.18
CBM,27,reserve,2080,471.628,4.197
CBM,27,reserve,2081,473.565,4.215
CBM,27,reserve,2082,475.462,4.232
CBM,27,reserve,2083,477.319,4.248
CBM,27,reserve,2084,479.136,4.264
CBM,27,reserve,2085,480.906,4.28
CBM,27,reserve,2086,482.625,4.295
CBM,27,reserve,2087,484.298,4.31
CBM,27,reserve,2088,485.905,4.325
CBM,27,reserve,2089,487.463,4.338
CBM,27,reserve,2090,488.972,4.352
CBM,27,reserve,2091,490.431,4.365
CBM,27,reserve,2092,491.842,4.377
CBM,27,reserve,2093,493.203,4.39
CBM,27,reserve,2094,494.514,4.401
CBM,27,reserve,2095,495.801,4.413
CBM,27,reserve,2096,497.066,4.424
CBM,27,reserve,2097,498.306,4.435
CBM,27,reserve,2098,499.541,4.446
CBM,27,reserve,2099,500.753,4.457
CBM,27,reserve,2100,501.942,4.467
CBM,28,reserve,2025,523.05,6.015
CBM,28,reserve,2026,529.101,6.085
CBM,28,reserve,2027,535.084,6.153
CBM,28,reserve,2028,541.001,6.222
CBM,28,reserve,2029,546.852,6.289
CBM,28,reserve,2030,552.638,6.355
CBM,28,reserve,2031,558.36,6.421
CBM,28,reserve,2032,564.018,6.486
CBM,28,reserve,2033,569.613,6.551
CBM,28,reserve,2034,575.146,6.614
CBM,28,reserve,2035,580.618,6.677
CBM,28,reserve,2036,586.029,6.739
CBM,28,reserve,2037,591.38,6.801
CBM,28,reserve,2038,596.671,6.862
CBM,28,reserve,2039,601.903,6.922
CBM,28,reserve,2040,607.078,6.981
CBM,28,reserve,2041,612.195,7.04
CBM,28,reserve,2042,617.255,7.098
CBM,28,reserve,2043,622.258,7.156
CBM,28,reserve,2044,627.206,7.213
CBM,28,reserve,2045,632.1,7.269
CBM,28,reserve,2046,636.938,7.325
CBM,28,reserve,2047,641.723,7.38
CBM,28,reserve,2048,646.455,7.434
CBM,28,reserve,2049,651.134,7.488
CBM,28,reserve,2050,655.762,7.541
CBM,28,reserve,2051,660.337,7.594
CBM,28,reserve,2052,664.862,7.646
CBM,28,reserve,2053,669.337,7.697
CBM,28,reserve,2054,673.762,7.748
CBM,28,reserve,2055,678.138,7.799
CBM,28,reserve,2056,682.465,7.848
CBM,28,reserve,2057,686.744,7.898
CBM,28,reserve,2058,690.976,7.946
CBM,28,reserve,2059,695.16,7.994
CBM,28,reserve,2060,699.298,8.042
CBM,28,reserve,2061,703.39,8.089
CBM,28,reserve,2062,707.437,8.136
CBM,28,reserve,2063,711.438,8.182
CBM,28,reserve,2064,715.396,8.227
CBM,28,reserve,2065,719.309,8.272
CBM,28,reserve,2066,723.178,8.317
CBM,28,reserve,2067,727.005,8.361
CBM,28,reserve,2068,730.789,8.404
CBM,28,reserve,2069,734.531,8.447
CBM,28,reserve,2070,738.232,8.49
CBM,28,reserve,2071,741.891,8.532
CBM,28,reserve,2072,745.51,8.573
CBM,28,reserve,2073,749.088,8.615
CBM,28,reserve,2074,752.627,8.655
CBM,28,reserve,2075,756.126,8.695
CBM,28,reserve,2076,759.587,8.735
CBM,28,reserve,2077,763.009,8.775
CBM,28,reserve,2078,766.393,8.814
CBM,28,reserve,2079,769.74,8.852
CBM,28,reserve,2080,773.049,8.89
CBM,28,reserve,2081,776.321,8.928
CBM,28,reserve,2082,779.557,8.965
CBM,28,reserve,2083,782.758,9.002
CBM,28,reserve,2084,785.922,9.038
CBM,28,reserve,2085,789.052,9.074
CBM,28,reserve,2086,792.146,9.11
CBM,28,reserve,2087,795.206,9.145
CBM,28,reserve,2088,798.233,9.18
CBM,28,reserve,2089,801.225,9.214
CBM,28,reserve,2090,804.185,9.248
CBM,28,reserve,2091,807.111,9.282
CBM,28,reserve,2092,810.005,9.315
CBM,28,reserve,2093,812.867,9.348
CBM,28,reserve,2094,815.697,9.381
CBM,28,reserve,2095,818.495,9.413
CBM,28,reserve,2096,821.263,9.445
CBM,28,reserve,2097,824,9.476
CBM,28,reserve,2098,826.706,9.507
CBM,28,reserve,2099,829.382,9.538
CBM,28,reserve,2100,832.029,9.568
CBM,29,reserve,2025,401.36,4.174
CBM,29,reserve,2026,407.263,4.236
CBM,29,reserve,2027,413.126,4.297
CBM,29,reserve,2028,418.95,4.357
CBM,29,reserve,2029,424.734,4.417
CBM,29,reserve,2030,430.479,4.477
CBM,29,reserve,2031,436.185,4.536
CBM,29,reserve,2032,441.853,4.595
CBM,29,reserve,2033,447.483,4.654
CBM,29,reserve,2034,453.075,4.712
CBM,29,reserve,2035,458.629,4.77
CBM,29,reserve,2036,464.145,4.827
CBM,29,reserve,2037,469.625,4.884
CBM,29,reserve,2038,475.067,4.941
CBM,29,reserve,2039,480.472,4.997
CBM,29,reserve,2040,485.842,5.053
CBM,29,reserve,2041,491.174,5.108
CBM,29,reserve,2042,496.471,5.163
CBM,29,reserve,2043,501.732,5.218
CBM,29,reserve,2044,506.958,5.272
CBM,29,reserve,2045,512.148,5.326
CBM,29,reserve,2046,517.304,5.38
CBM,29,reserve,2047,522.424,5.433
CBM,29,reserve,2048,527.51,5.486
CBM,29,reserve,2049,532.562,5.539
CBM,29,reserve,2050,537.58,5.591
CBM,29,reserve,2051,542.563,5.643
CBM,29,reserve,2052,547.514,5.694
CBM,29,reserve,2053,552.43,5.745
CBM,29,reserve,2054,557.314,5.796
CBM,29,reserve,2055,562.164,5.847
CBM,29,reserve,2056,566.982,5.897
CBM,29,reserve,2057,571.768,5.946
CBM,29,reserve,2058,576.521,5.996
CBM,29,reserve,2059,581.242,6.045
CBM,29,reserve,2060,585.931,6.094
CBM,29,reserve,2061,590.588,6.142
CBM,29,reserve,2062,595.214,6.19
CBM,29,reserve,2063,599.809,6.238
CBM,29,reserve,2064,604.373,6.285
CBM,29,reserve,2065,608.906,6.333
CBM,29,reserve,2066,613.409,6.379
CBM,29,reserve,2067,617.881,6.426
CBM,29,reserve,2068,622.323,6.472
CBM,29,reserve,2069,626.735,6.518
CBM,29,reserve,2070,631.117,6.564
CBM,29,reserve,2071,635.469,6.609
CBM,29,reserve,2072,639.793,6.654
CBM,29,reserve,2073,644.087,6.699
CBM,29,reserve,2074,648.352,6.743
CBM,29,reserve,2075,652.588,6.787
CBM,29,reserve,2076,656.796,6.831
CBM,29,reserve,2077,660.975,6.874
CBM,29,reserve,2078,665.126,6.917
CBM,29,reserve,2079,669.249,6.96
CBM,29,reserve,2080,673.344,7.003
CBM,29,reserve,2081,677.412,7.045
CBM,29,reserve,2082,681.452,7.087
CBM,29,reserve,2083,685.465,7.129
CBM,29,reserve,2084,689.451,7.17
CBM,29,reserve,2085,693.41,7.211
CBM,29,reserve,2086,697.342,7.252
CBM,29,reserve,2087,701.248,7.293
CBM,29,reserve,2088,705.127,7.333
CBM,29,reserve,2089,708.981,7.373
CBM,29,reserve,2090,712.808,7.413
CBM,29,reserve,2091,716.609,7.453
CBM,29,reserve,2092,720.385,7.492
CBM,29,reserve,2093,724.135,7.531
CBM,29,reserve,2094,727.86,7.57
CBM,29,reserve,2095,731.56,7.608
CBM,29,reserve,2096,735.235,7.646
CBM,29,reserve,2097,738.885,7.684
CBM,29,reserve,2098,742.51,7.722
CBM,29,reserve,2099,746.111,7.76
CBM,29,reserve,2100,749.688,7.797
CBM,30,reserve,2025,395.97,4.554
CBM,30,reserve,2026,403.381,4.639
CBM,30,reserve,2027,410.709,4.723
CBM,30,reserve,2028,417.954,4.806
CBM,30,reserve,2029,425.116,4.889
CBM,30,reserve,2030,432.195,4.97
CBM,30,reserve,2031,439.189,5.051
CBM,30,reserve,2032,446.1,5.13
CBM,30,reserve,2033,452.927,5.209
CBM,30,reserve,2034,459.67,5.286
CBM,30,reserve,2035,466.318,5.363
CBM,30,reserve,2036,472.873,5.438
CBM,30,reserve,2037,479.334,5.512
CBM,30,reserve,2038,485.701,5.586
CBM,30,reserve,2039,491.973,5.658
CBM,30,reserve,2040,498.151,5.729
CBM,30,reserve,2041,504.235,5.799
CBM,30,reserve,2042,510.224,5.868
CBM,30,reserve,2043,516.119,5.935
CBM,30,reserve,2044,521.918,6.002
CBM,30,reserve,2045,527.627,6.068
CBM,30,reserve,2046,533.243,6.132
CBM,30,reserve,2047,538.768,6.196
CBM,30,reserve,2048,544.201,6.258
CBM,30,reserve,2049,549.542,6.32
CBM,30,reserve,2050,554.792,6.38
CBM,30,reserve,2051,559.949,6.439
CBM,30,reserve,2052,565.015,6.498
CBM,30,reserve,2053,569.989,6.555
CBM,30,reserve,2054,574.87,6.611
CBM,30,reserve,2055,579.676,6.666
CBM,30,reserve,2056,584.406,6.721
CBM,30,reserve,2057,589.06,6.774
CBM,30,reserve,2058,593.639,6.827
CBM,30,reserve,2059,598.142,6.879
CBM,30,reserve,2060,602.569,6.93
CBM,30,reserve,2061,606.92,6.98
CBM,30,reserve,2062,611.195,7.029
CBM,30,reserve,2063,615.395,7.077
CBM,30,reserve,2064,619.518,7.124
CBM,30,reserve,2065,623.573,7.171
CBM,30,reserve,2066,627.559,7.217
CBM,30,reserve,2067,631.476,7.262
CBM,30,reserve,2068,635.323,7.306
CBM,30,reserve,2069,639.102,7.35
CBM,30,reserve,2070,642.812,7.392
CBM,30,reserve,2071,646.453,7.434
CBM,30,reserve,2072,650.024,7.475
CBM,30,reserve,2073,653.527,7.516
CBM,30,reserve,2074,656.961,7.555
CBM,30,reserve,2075,660.338,7.594
CBM,30,reserve,2076,663.658,7.632
CBM,30,reserve,2077,666.922,7.67
CBM,30,reserve,2078,670.129,7.706
CBM,30,reserve,2079,673.28,7.743
CBM,30,reserve,2080,676.373,7.778
CBM,30,reserve,2081,679.41,7.813
CBM,30,reserve,2082,682.391,7.847
CBM,30,reserve,2083,685.314,7.881
CBM,30,reserve,2084,688.181,7.914
CBM,30,reserve,2085,690.993,7.946
CBM,30,reserve,2086,693.75,7.978
CBM,30,reserve,2087,696.452,8.009
CBM,30,reserve,2088,699.098,8.04
CBM,30,reserve,2089,701.689,8.069
CBM,30,reserve,2090,704.225,8.099
CBM,30,reserve,2091,706.706,8.127
CBM,30,reserve,2092,709.132,8.155
CBM,30,reserve,2093,711.503,8.182
CBM,30,reserve,2094,713.818,8.209
CBM,30,reserve,2095,716.091,8.235
CBM,30,reserve,2096,718.32,8.261
CBM,30,reserve,2097,720.507,8.286
CBM,30,reserve,2098,722.65,8.31
CBM,30,reserve,2099,724.751,8.335
CBM,30,reserve,2100,726.809,8.358
CBM,31,reserve,2025,22.4,1.284
CBM,31,reserve,2026,22.75,1.304
CBM,31,reserve,2027,23.096,1.323
CBM,31,reserve,2028,23.439,1.343
CBM,31,reserve,2029,23.778,1.362
CBM,31,reserve,2030,24.114,1.382
CBM,31,reserve,2031,24.446,1.401
CBM,31,reserve,2032,24.775,1.42
CBM,31,reserve,2033,25.102,1.438
CBM,31,reserve,2034,25.425,1.457
CBM,31,reserve,2035,25.744,1.475
CBM,31,reserve,2036,26.059,1.493
CBM,31,reserve,2037,26.37,1.511
CBM,31,reserve,2038,26.678,1.529
CBM,31,reserve,2039,26.981,1.546
CBM,31,reserve,2040,27.281,1.563
CBM,31,reserve,2041,27.578,1.58
CBM,31,reserve,2042,27.87,1.597
CBM,31,reserve,2043,28.16,1.614
CBM,31,reserve,2044,28.445,1.63
CBM,31,reserve,2045,28.727,1.646
CBM,31,reserve,2046,29.005,1.662
CBM,31,reserve,2047,29.279,1.678
CBM,31,reserve,2048,29.55,1.693
CBM,31,reserve,2049,29.816,1.708
CBM,31,reserve,2050,30.079,1.724
CBM,31,reserve,2051,30.339,1.738
CBM,31,reserve,2052,30.595,1.753
CBM,31,reserve,2053,30.847,1.768
CBM,31,reserve,2054,31.095,1.782
CBM,31,reserve,2055,31.341,1.796
CBM,31,reserve,2056,31.583,1.81
CBM,31,reserve,2057,31.822,1.823
CBM,31,reserve,2058,32.058,1.837
CBM,31,reserve,2059,32.291,1.85
CBM,31,reserve,2060,32.521,1.863
CBM,31,reserve,2061,32.747,1.876
CBM,31,reserve,2062,32.971,1.889
CBM,31,reserve,2063,33.191,1.902
CBM,31,reserve,2064,33.409,1.914
CBM,31,reserve,2065,33.623,1.927
CBM,31,reserve,2066,33.835,1.939
CBM,31,reserve,2067,34.043,1.951
CBM,31,reserve,2068,34.249,1.962
CBM,31,reserve,2069,34.451,1.974
CBM,31,reserve,2070,34.651,1.985
CBM,31,reserve,2071,34.847,1.997
CBM,31,reserve,2072,35.041,2.008
CBM,31,reserve,2073,35.231,2.019
CBM,31,reserve,2074,35.419,2.03
CBM,31,reserve,2075,35.604,2.04
CBM,31,reserve,2076,35.787,2.051
CBM,31,reserve,2077,35.967,2.061
CBM,31,reserve,2078,36.145,2.071
CBM,31,reserve,2079,36.319,2.081
CBM,31,reserve,2080,36.492,2.091
CBM,31,reserve,2081,36.662,2.101
CBM,31,reserve,2082,36.829,2.11
CBM,31,reserve,2083,36.994,2.12
CBM,31,reserve,2084,37.156,2.129
CBM,31,reserve,2085,37.316,2.138
CBM,31,reserve,2086,37.473,2.147
CBM,31,reserve,2087,37.628,2.156
CBM,31,reserve,2088,37.78,2.165
CBM,31,reserve,2089,37.929,2.173
CBM,31,reserve,2090,38.076,2.182
CBM,31,reserve,2091,38.22,2.19
CBM,31,reserve,2092,38.362,2.198
CBM,31,reserve,2093,38.501,2.206
CBM,31,reserve,2094,38.638,2.214
CBM,31,reserve,2095,38.772,2.222
CBM,31,reserve,2096,38.905,2.229
CBM,31,reserve,2097,39.035,2.237
CBM,31,reserve,2098,39.163,2.244
CBM,31,reserve,2099,39.289,2.251
CBM,31,reserve,2100,39.413,2.258
CBM,32,reserve,2025,54.14,1.186
CBM,32,reserve,2026,54.888,1.202
CBM,32,reserve,2027,55.626,1.218
CBM,32,reserve,2028,56.355,1.234
CBM,32,reserve,2029,57.075,1.25
CBM,32,reserve,2030,57.786,1.266
CBM,32,reserve,2031,58.488,1.281
CBM,32,reserve,2032,59.18,1.296
CBM,32,reserve,2033,59.864,1.311
CBM,32,reserve,2034,60.538,1.326
CBM,32,reserve,2035,61.202,1.34
CBM,32,reserve,2036,61.856,1.355
CBM,32,reserve,2037,62.5,1.369
CBM,32,reserve,2038,63.134,1.383
CBM,32,reserve,2039,63.759,1.396
CBM,32,reserve,2040,64.373,1.41
CBM,32,reserve,2041,64.978,1.423
CBM,32,reserve,2042,65.572,1.436
CBM,32,reserve,2043,66.157,1.449
CBM,32,reserve,2044,66.732,1.461
CBM,32,reserve,2045,67.297,1.474
CBM,32,reserve,2046,67.853,1.486
CBM,32,reserve,2047,68.4,1.498
CBM,32,reserve,2048,68.937,1.51
CBM,32,reserve,2049,69.465,1.521
CBM,32,reserve,2050,69.983,1.533
CBM,32,reserve,2051,70.492,1.544
CBM,32,reserve,2052,70.991,1.555
CBM,32,reserve,2053,71.481,1.565
CBM,32,reserve,2054,71.962,1.576
CBM,32,reserve,2055,72.435,1.586
CBM,32,reserve,2056,72.9,1.597
CBM,32,reserve,2057,73.357,1.607
CBM,32,reserve,2058,73.807,1.616
CBM,32,reserve,2059,74.249,1.626
CBM,32,reserve,2060,74.683,1.636
CBM,32,reserve,2061,75.11,1.645
CBM,32,reserve,2062,75.529,1.654
CBM,32,reserve,2063,75.94,1.663
CBM,32,reserve,2064,76.343,1.672
CBM,32,reserve,2065,76.74,1.681
CBM,32,reserve,2066,77.129,1.689
CBM,32,reserve,2067,77.512,1.698
CBM,32,reserve,2068,77.887,1.706
CBM,32,reserve,2069,78.256,1.714
CBM,32,reserve,2070,78.618,1.722
CBM,32,reserve,2071,78.973,1.73
CBM,32,reserve,2072,79.321,1.737
CBM,32,reserve,2073,79.662,1.745
CBM,32,reserve,2074,79.997,1.752
CBM,32,reserve,2075,80.325,1.759
CBM,32,reserve,2076,80.648,1.766
CBM,32,reserve,2077,80.965,1.773
CBM,32,reserve,2078,81.277,1.78
CBM,32,reserve,2079,81.583,1.787
CBM,32,reserve,2080,81.883,1.793
CBM,32,reserve,2081,82.178,1.8
CBM,32,reserve,2082,82.467,1.806
CBM,32,reserve,2083,82.75,1.812
CBM,32,reserve,2084,83.028,1.818
CBM,32,reserve,2085,83.3,1.824
CBM,32,reserve,2086,83.567,1.83
CBM,32,reserve,2087,83.829,1.836
CBM,32,reserve,2088,84.085,1.841
CBM,32,reserve,2089,84.336,1.847
CBM,32,reserve,2090,84.582,1.852
CBM,32,reserve,2091,84.822,1.858
CBM,32,reserve,2092,85.056,1.863
CBM,32,reserve,2093,85.286,1.868
CBM,32,reserve,2094,85.51,1.873
CBM,32,reserve,2095,85.729,1.877
CBM,32,reserve,2096,85.945,1.882
CBM,32,reserve,2097,86.156,1.887
CBM,32,reserve,2098,86.364,1.891
CBM,32,reserve,2099,86.567,1.896
CBM,32,reserve,2100,86.765,1.9
CBM,33,reserve,2025,153.16,2.542
CBM,33,reserve,2026,154.583,2.566
CBM,33,reserve,2027,155.982,2.589
CBM,33,reserve,2028,157.358,2.612
CBM,33,reserve,2029,158.711,2.635
CBM,33,reserve,2030,160.043,2.657
CBM,33,reserve,2031,161.352,2.678
CBM,33,reserve,2032,162.639,2.7
CBM,33,reserve,2033,163.906,2.721
CBM,33,reserve,2034,165.151,2.742
CBM,33,reserve,2035,166.376,2.762
CBM,33,reserve,2036,167.581,2.782
CBM,33,reserve,2037,168.766,2.802
CBM,33,reserve,2038,169.932,2.821
CBM,33,reserve,2039,171.078,2.84
CBM,33,reserve,2040,172.205,2.859
CBM,33,reserve,2041,173.314,2.877
CBM,33,reserve,2042,174.404,2.895
CBM,33,reserve,2043,175.477,2.913
CBM,33,reserve,2044,176.532,2.93
CBM,33,reserve,2045,177.569,2.948
CBM,33,reserve,2046,178.59,2.965
CBM,33,reserve,2047,179.593,2.981
CBM,33,reserve,2048,180.58,2.998
CBM,33,reserve,2049,181.551,3.014
CBM,33,reserve,2050,182.505,3.03
CBM,33,reserve,2051,183.444,3.045
CBM,33,reserve,2052,184.368,3.061
CBM,33,reserve,2053,185.276,3.076
CBM,33,reserve,2054,186.17,3.09
CBM,33,reserve,2055,187.048,3.105
CBM,33,reserve,2056,187.912,3.119
CBM,33,reserve,2057,188.762,3.133
CBM,33,reserve,2058,189.598,3.147
CBM,33,reserve,2059,190.42,3.161
CBM,33,reserve,2060,191.229,3.174
CBM,33,reserve,2061,192.024,3.188
CBM,33,reserve,2062,192.806,3.201
CBM,33,reserve,2063,193.575,3.213
CBM,33,reserve,2064,194.332,3.226
CBM,33,reserve,2065,195.076,3.238
CBM,33,reserve,2066,195.808,3.25
CBM,33,reserve,2067,196.527,3.262
CBM,33,reserve,2068,197.235,3.274
CBM,33,reserve,2069,197.931,3.286
CBM,33,reserve,2070,198.616,3.297
CBM,33,reserve,2071,199.29,3.308
CBM,33,reserve,2072,199.952,3.319
CBM,33,reserve,2073,200.603,3.33
CBM,33,reserve,2074,201.244,3.341
CBM,33,reserve,2075,201.874,3.351
CBM,33,reserve,2076,202.494,3.361
CBM,33,reserve,2077,203.103,3.372
CBM,33,reserve,2078,203.703,3.381
CBM,33,reserve,2079,204.292,3.391
CBM,33,reserve,2080,204.872,3.401
CBM,33,reserve,2081,205.443,3.41
CBM,33,reserve,2082,206.004,3.42
CBM,33,reserve,2083,206.555,3.429
CBM,33,reserve,2084,207.098,3.438
CBM,33,reserve,2085,207.632,3.447
CBM,33,reserve,2086,208.156,3.455
CBM,33,reserve,2087,208.673,3.464
CBM,33,reserve,2088,209.18,3.472
CBM,33,reserve,2089,209.68,3.481
CBM,33,reserve,2090,210.171,3.489
CBM,33,reserve,2091,210.654,3.497
CBM,33,reserve,2092,211.129,3.505
CBM,33,reserve,2093,211.596,3.512
CBM,33,reserve,2094,212.056,3.52
CBM,33,reserve,2095,212.507,3.528
CBM,33,reserve,2096,212.952,3.535
CBM,33,reserve,2097,213.389,3.542
CBM,33,reserve,2098,213.819,3.549
CBM,33,reserve,2099,214.242,3.556
CBM,33,reserve,2100,214.658,3.563
CBM,34,reserve,2025,59.18,1.479
CBM,34,reserve,2026,59.909,1.498
CBM,34,reserve,2027,60.633,1.516
CBM,34,reserve,2028,61.352,1.534
CBM,34,reserve,2029,62.066,1.552
CBM,34,reserve,2030,62.775,1.569
CBM,34,reserve,2031,63.48,1.587
CBM,34,reserve,2032,64.18,1.604
CBM,34,reserve,2033,64.875,1.622
CBM,34,reserve,2034,65.565,1.639
CBM,34,reserve,2035,66.251,1.656
CBM,34,reserve,2036,66.932,1.673
CBM,34,reserve,2037,67.608,1.69
CBM,34,reserve,2038,68.28,1.707
CBM,34,reserve,2039,68.947,1.724
CBM,34,reserve,2040,69.61,1.74
CBM,34,reserve,2041,70.269,1.757
CBM,34,reserve,2042,70.922,1.773
CBM,34,reserve,2043,71.572,1.789
CBM,34,reserve,2044,72.217,1.805
CBM,34,reserve,2045,72.858,1.821
CBM,34,reserve,2046,73.494,1.837
CBM,34,reserve,2047,74.126,1.853
CBM,34,reserve,2048,74.754,1.869
CBM,34,reserve,2049,75.378,1.884
CBM,34,reserve,2050,75.997,1.9
CBM,34,reserve,2051,76.612,1.915
CBM,34,reserve,2052,77.223,1.931
CBM,34,reserve,2053,77.83,1.946
CBM,34,reserve,2054,78.433,1.961
CBM,34,reserve,2055,79.032,1.976
CBM,34,reserve,2056,79.626,1.991
CBM,34,reserve,2057,80.217,2.005
CBM,34,reserve,2058,80.804,2.02
CBM,34,reserve,2059,81.386,2.035
CBM,34,reserve,2060,81.965,2.049
CBM,34,reserve,2061,82.54,2.063
CBM,34,reserve,2062,83.111,2.078
CBM,34,reserve,2063,83.678,2.092
CBM,34,reserve,2064,84.241,2.106
CBM,34,reserve,2065,84.801,2.12
CBM,34,reserve,2066,85.356,2.134
CBM,34,reserve,2067,85.908,2.148
CBM,34,reserve,2068,86.456,2.161
CBM,34,reserve,2069,87.001,2.175
CBM,34,reserve,2070,87.542,2.189
CBM,34,reserve,2071,88.079,2.202
CBM,34,reserve,2072,88.612,2.215
CBM,34,reserve,2073,89.142,2.229
CBM,34,reserve,2074,89.668,2.242
CBM,34,reserve,2075,90.191,2.255
CBM,34,reserve,2076,90.71,2.268
CBM,34,reserve,2077,91.226,2.281
CBM,34,reserve,2078,91.738,2.293
CBM,34,reserve,2079,92.247,2.306
CBM,34,reserve,2080,92.753,2.319
CBM,34,reserve,2081,93.254,2.331
CBM,34,reserve,2082,93.753,2.344
CBM,34,reserve,2083,94.248,2.356
CBM,34,reserve,2084,94.74,2.368
CBM,34,reserve,2085,95.228,2.381
CBM,34,reserve,2086,95.714,2.393
CBM,34,reserve,2087,96.195,2.405
CBM,34,reserve,2088,96.674,2.417
CBM,34,reserve,2089,97.15,2.429
CBM,34,reserve,2090,97.622,2.441
CBM,34,reserve,2091,98.091,2.452
CBM,34,reserve,2092,98.557,2.464
CBM,34,reserve,2093,99.019,2.475
CBM,34,reserve,2094,99.479,2.487
CBM,34,reserve,2095,99.935,2.498
CBM,34,reserve,2096,100.389,2.51
CBM,34,reserve,2097,100.839,2.521
CBM,34,reserve,2098,101.286,2.532
CBM,34,reserve,2099,101.73,2.543
CBM,34,reserve,2100,102.172,2.554
CBM,35,reserve,2025,160.7,2.491
CBM,35,reserve,2026,163.689,2.537
CBM,35,reserve,2027,166.643,2.583
CBM,35,reserve,2028,169.562,2.628
CBM,35,reserve,2029,172.445,2.673
CBM,35,reserve,2030,175.291,2.717
CBM,35,reserve,2031,178.102,2.761
CBM,35,reserve,2032,180.877,2.804
CBM,35,reserve,2033,183.616,2.846
CBM,35,reserve,2034,186.32,2.888
CBM,35,reserve,2035,188.983,2.929
CBM,35,reserve,2036,191.537,2.969
CBM,35,reserve,2037,194.057,3.008
CBM,35,reserve,2038,196.542,3.046
CBM,35,reserve,2039,198.991,3.084
CBM,35,reserve,2040,201.406,3.122
CBM,35,reserve,2041,203.784,3.159
CBM,35,reserve,2042,206.127,3.195
CBM,35,reserve,2043,208.434,3.231
CBM,35,reserve,2044,210.705,3.266
CBM,35,reserve,2045,212.94,3.301
CBM,35,reserve,2046,215.14,3.335
CBM,35,reserve,2047,217.305,3.368
CBM,35,reserve,2048,219.434,3.401
CBM,35,reserve,2049,221.527,3.434
CBM,35,reserve,2050,223.585,3.466
CBM,35,reserve,2051,225.607,3.497
CBM,35,reserve,2052,227.593,3.528
CBM,35,reserve,2053,229.543,3.558
CBM,35,reserve,2054,231.457,3.588
CBM,35,reserve,2055,233.341,3.617
CBM,35,reserve,2056,235.196,3.646
CBM,35,reserve,2057,237.02,3.674
CBM,35,reserve,2058,238.814,3.702
CBM,35,reserve,2059,240.579,3.729
CBM,35,reserve,2060,242.313,3.756
CBM,35,reserve,2061,244.018,3.782
CBM,35,reserve,2062,245.692,3.808
CBM,35,reserve,2063,247.337,3.834
CBM,35,reserve,2064,248.951,3.859
CBM,35,reserve,2065,250.538,3.883
CBM,35,reserve,2066,252.098,3.908
CBM,35,reserve,2067,253.631,3.931
CBM,35,reserve,2068,255.136,3.955
CBM,35,reserve,2069,256.614,3.978
CBM,35,reserve,2070,258.065,4
CBM,35,reserve,2071,259.489,4.022
CBM,35,reserve,2072,260.885,4.044
CBM,35,reserve,2073,262.254,4.065
CBM,35,reserve,2074,263.596,4.086
CBM,35,reserve,2075,264.916,4.106
CBM,35,reserve,2076,266.213,4.126
CBM,35,reserve,2077,267.487,4.146
CBM,35,reserve,2078,268.739,4.165
CBM,35,reserve,2079,269.969,4.185
CBM,35,reserve,2080,271.177,4.203
CBM,35,reserve,2081,272.361,4.222
CBM,35,reserve,2082,273.524,4.24
CBM,35,reserve,2083,274.664,4.257
CBM,35,reserve,2084,275.781,4.275
CBM,35,reserve,2085,276.877,4.292
CBM,35,reserve,2086,277.952,4.308
CBM,35,reserve,2087,279.005,4.325
CBM,35,reserve,2088,280.036,4.341
CBM,35,reserve,2089,281.046,4.356
CBM,35,reserve,2090,282.034,4.372
CBM,35,reserve,2091,283.001,4.387
CBM,35,reserve,2092,283.946,4.401
CBM,35,reserve,2093,284.87,4.415
CBM,35,reserve,2094,285.772,4.429
CBM,35,reserve,2095,286.658,4.443
CBM,35,reserve,2096,287.526,4.457
CBM,35,reserve,2097,288.378,4.47
CBM,35,reserve,2098,289.212,4.483
CBM,35,reserve,2099,290.03,4.495
CBM,35,reserve,2100,290.831,4.508
CBM,36,reserve,2025,592.43,6.161
CBM,36,reserve,2026,598.132,6.221
CBM,36,reserve,2027,603.789,6.279
CBM,36,reserve,2028,609.403,6.338
CBM,36,reserve,2029,614.974,6.396
CBM,36,reserve,2030,620.502,6.453
CBM,36,reserve,2031,625.987,6.51
CBM,36,reserve,2032,631.43,6.567
CBM,36,reserve,2033,636.83,6.623
CBM,36,reserve,2034,642.19,6.679
CBM,36,reserve,2035,647.507,6.734
CBM,36,reserve,2036,652.784,6.789
CBM,36,reserve,2037,658.02,6.843
CBM,36,reserve,2038,663.216,6.897
CBM,36,reserve,2039,668.372,6.951
CBM,36,reserve,2040,673.487,7.004
CBM,36,reserve,2041,678.564,7.057
CBM,36,reserve,2042,683.601,7.109
CBM,36,reserve,2043,688.599,7.161
CBM,36,reserve,2044,693.559,7.213
CBM,36,reserve,2045,698.481,7.264
CBM,36,reserve,2046,703.364,7.315
CBM,36,reserve,2047,708.21,7.365
CBM,36,reserve,2048,713.019,7.415
CBM,36,reserve,2049,717.79,7.465
CBM,36,reserve,2050,722.525,7.514
CBM,36,reserve,2051,727.223,7.563
CBM,36,reserve,2052,731.885,7.612
CBM,36,reserve,2053,736.511,7.66
CBM,36,reserve,2054,741.101,7.707
CBM,36,reserve,2055,745.656,7.755
CBM,36,reserve,2056,750.176,7.802
CBM,36,reserve,2057,754.66,7.848
CBM,36,reserve,2058,759.111,7.895
CBM,36,reserve,2059,763.527,7.941
CBM,36,reserve,2060,767.909,7.986
CBM,36,reserve,2061,772.257,8.031
CBM,36,reserve,2062,776.571,8.076
CBM,36,reserve,2063,780.852,8.121
CBM,36,reserve,2064,785.101,8.165
CBM,36,reserve,2065,789.316,8.209
CBM,36,reserve,2066,793.499,8.252
CBM,36,reserve,2067,797.65,8.296
CBM,36,reserve,2068,801.768,8.338
CBM,36,reserve,2069,805.855,8.381
CBM,36,reserve,2070,809.91,8.423
CBM,36,reserve,2071,813.934,8.465
CBM,36,reserve,2072,817.928,8.506
CBM,36,reserve,2073,821.89,8.548
CBM,36,reserve,2074,825.821,8.589
CBM,36,reserve,2075,829.723,8.629
CBM,36,reserve,2076,833.594,8.669
CBM,36,reserve,2077,837.435,8.709
CBM,36,reserve,2078,841.247,8.749
CBM,36,reserve,2079,845.029,8.788
CBM,36,reserve,2080,848.783,8.827
CBM,36,reserve,2081,852.507,8.866
CBM,36,reserve,2082,856.202,8.905
CBM,36,reserve,2083,859.869,8.943
CBM,36,reserve,2084,863.508,8.98
CBM,36,reserve,2085,867.119,9.018
CBM,36,reserve,2086,870.701,9.055
CBM,36,reserve,2087,874.257,9.092
CBM,36,reserve,2088,877.784,9.129
CBM,36,reserve,2089,881.285,9.165
CBM,36,reserve,2090,884.758,9.201
CBM,36,reserve,2091,888.205,9.237
CBM,36,reserve,2092,891.625,9.273
CBM,36,reserve,2093,895.019,9.308
CBM,36,reserve,2094,898.387,9.343
CBM,36,reserve,2095,901.728,9.378
CBM,36,reserve,2096,905.044,9.412
CBM,36,reserve,2097,908.334,9.447
CBM,36,reserve,2098,911.599,9.481
CBM,36,reserve,2099,914.839,9.514
CBM,36,reserve,2100,918.053,9.548
CBM,37,reserve,2025,568.76,6.598
CBM,37,reserve,2026,574.001,6.658
CBM,37,reserve,2027,579.193,6.719
CBM,37,reserve,2028,584.339,6.778
CBM,37,reserve,2029,589.438,6.837
CBM,37,reserve,2030,594.491,6.896
CBM,37,reserve,2031,599.497,6.954
CBM,37,reserve,2032,604.459,7.012
CBM,37,reserve,2033,609.375,7.069
CBM,37,reserve,2034,614.246,7.125
CBM,37,reserve,2035,619.073,7.181
CBM,37,reserve,2036,623.857,7.237
CBM,37,reserve,2037,628.596,7.292
CBM,37,reserve,2038,633.293,7.346
CBM,37,reserve,2039,637.947,7.4
CBM,37,reserve,2040,642.559,7.454
CBM,37,reserve,2041,647.129,7.507
CBM,37,reserve,2042,651.657,7.559
CBM,37,reserve,2043,656.144,7.611
CBM,37,reserve,2044,660.59,7.663
CBM,37,reserve,2045,664.996,7.714
CBM,37,reserve,2046,669.362,7.765
CBM,37,reserve,2047,673.688,7.815
CBM,37,reserve,2048,677.975,7.865
CBM,37,reserve,2049,682.223,7.914
CBM,37,reserve,2050,686.432,7.963
CBM,37,reserve,2051,690.603,8.011
CBM,37,reserve,2052,694.736,8.059
CBM,37,reserve,2053,698.832,8.106
CBM,37,reserve,2054,702.89,8.154
CBM,37,reserve,2055,706.912,8.2
CBM,37,reserve,2056,710.897,8.246
CBM,37,reserve,2057,714.845,8.292
CBM,37,reserve,2058,718.758,8.338
CBM,37,reserve,2059,722.635,8.383
CBM,37,reserve,2060,726.477,8.427
CBM,37,reserve,2061,730.284,8.471
CBM,37,reserve,2062,734.057,8.515
CBM,37,reserve,2063,737.795,8.558
CBM,37,reserve,2064,741.499,8.601
CBM,37,reserve,2065,745.17,8.644
CBM,37,reserve,2066,748.807,8.686
CBM,37,reserve,2067,752.411,8.728
CBM,37,reserve,2068,755.982,8.769
CBM,37,reserve,2069,759.521,8.81
CBM,37,reserve,2070,763.028,8.851
CBM,37,reserve,2071,766.503,8.891
CBM,37,reserve,2072,769.946,8.931
CBM,37,reserve,2073,773.358,8.971
CBM,37,reserve,2074,776.739,9.01
CBM,37,reserve,2075,780.089,9.049
CBM,37,reserve,2076,783.409,9.088
CBM,37,reserve,2077,786.699,9.126
CBM,37,reserve,2078,789.958,9.164
CBM,37,reserve,2079,793.188,9.201
CBM,37,reserve,2080,796.389,9.238
CBM,37,reserve,2081,799.561,9.275
CBM,37,reserve,2082,802.703,9.311
CBM,37,reserve,2083,805.818,9.347
CBM,37,reserve,2084,808.904,9.383
CBM,37,reserve,2085,811.961,9.419
CBM,37,reserve,2086,814.992,9.454
CBM,37,reserve,2087,817.994,9.489
CBM,37,reserve,2088,820.969,9.523
CBM,37,reserve,2089,823.918,9.557
CBM,37,reserve,2090,826.839,9.591
CBM,37,reserve,2091,829.734,9.625
CBM,37,reserve,2092,832.602,9.658
CBM,37,reserve,2093,835.445,9.691
CBM,37,reserve,2094,838.262,9.724
CBM,37,reserve,2095,841.053,9.756
CBM,37,reserve,2096,843.818,9.788
CBM,37,reserve,2097,846.559,9.82
CBM,37,reserve,2098,849.274,9.852
CBM,37,reserve,2099,851.965,9.883
CBM,37,reserve,2100,854.632,9.914
CBM,38,reserve,2025,10.39,0.753
CBM,38,reserve,2026,10.578,0.767
CBM,38,reserve,2027,10.765,0.78
CBM,38,reserve,2028,10.951,0.794
CBM,38,reserve,2029,11.136,0.807
CBM,38,reserve,2030,11.32,0.821
CBM,38,reserve,2031,11.504,0.834
CBM,38,reserve,2032,11.687,0.847
CBM,38,reserve,2033,11.869,0.86
CBM,38,reserve,2034,12.05,0.874
CBM,38,reserve,2035,12.23,0.887
CBM,38,reserve,2036,12.409,0.9
CBM,38,reserve,2037,12.586,0.912
CBM,38,reserve,2038,12.762,0.925
CBM,38,reserve,2039,12.936,0.938
CBM,38,reserve,2040,13.11,0.95
CBM,38,reserve,2041,13.282,0.963
CBM,38,reserve,2042,13.453,0.975
CBM,38,reserve,2043,13.622,0.988
CBM,38,reserve,2044,13.791,1
CBM,38,reserve,2045,13.958,1.012
CBM,38,reserve,2046,14.123,1.024
CBM,38,reserve,2047,14.287,1.036
CBM,38,reserve,2048,14.449,1.048
CBM,38,reserve,2049,14.61,1.059
CBM,38,reserve,2050,14.769,1.071
CBM,38,reserve,2051,14.927,1.082
CBM,38,reserve,2052,15.083,1.094
CBM,38,reserve,2053,15.238,1.105
CBM,38,reserve,2054,15.391,1.116
CBM,38,reserve,2055,15.543,1.127
CBM,38,reserve,2056,15.693,1.138
CBM,38,reserve,2057,15.842,1.149
CBM,38,reserve,2058,15.989,1.159
CBM,38,reserve,2059,16.135,1.17
CBM,38,reserve,2060,16.278,1.18
CBM,38,reserve,2061,16.421,1.191
CBM,38,reserve,2062,16.562,1.201
CBM,38,reserve,2063,16.701,1.211
CBM,38,reserve,2064,16.839,1.221
CBM,38,reserve,2065,16.975,1.231
CBM,38,reserve,2066,17.11,1.24
CBM,38,reserve,2067,17.243,1.25
CBM,38,reserve,2068,17.375,1.26
CBM,38,reserve,2069,17.505,1.269
CBM,38,reserve,2070,17.633,1.278
CBM,38,reserve,2071,17.76,1.288
CBM,38,reserve,2072,17.886,1.297
CBM,38,reserve,2073,18.01,1.306
CBM,38,reserve,2074,18.132,1.315
CBM,38,reserve,2075,18.253,1.323
CBM,38,reserve,2076,18.373,1.332
CBM,38,reserve,2077,18.491,1.341
CBM,38,reserve,2078,18.607,1.349
CBM,38,reserve,2079,18.722,1.357
CBM,38,reserve,2080,18.836,1.366
CBM,38,reserve,2081,18.948,1.374
CBM,38,reserve,2082,19.058,1.382
CBM,38,reserve,2083,19.168,1.39
CBM,38,reserve,2084,19.276,1.397
CBM,38,reserve,2085,19.382,1.405
CBM,38,reserve,2086,19.487,1.413
CBM,38,reserve,2087,19.59,1.42
CBM,38,reserve,2088,19.693,1.428
CBM,38,reserve,2089,19.794,1.435
CBM,38,reserve,2090,19.893,1.442
CBM,38,reserve,2091,19.991,1.449
CBM,38,reserve,2092,20.088,1.456
CBM,38,reserve,2093,20.183,1.463
CBM,38,reserve,2094,20.277,1.47
CBM,38,reserve,2095,20.37,1.477
CBM,38,reserve,2096,20.461,1.483
CBM,38,reserve,2097,20.551,1.49
CBM,38,reserve,2098,20.64,1.496
CBM,38,reserve,2099,20.728,1.503
CBM,38,reserve,2100,20.815,1.509
CBM,39,reserve,2025,250.86,4.917
CBM,39,reserve,2026,253.543,4.969
CBM,39,reserve,2027,256.208,5.022
CBM,39,reserve,2028,258.854,5.074
CBM,39,reserve,2029,261.483,5.125
CBM,39,reserve,2030,264.094,5.176
CBM,39,reserve,2031,266.687,5.227
CBM,39,reserve,2032,269.263,5.278
CBM,39,reserve,2033,271.821,5.328
CBM,39,reserve,2034,274.362,5.377
CBM,39,reserve,2035,276.885,5.427
CBM,39,reserve,2036,279.392,5.476
CBM,39,reserve,2037,281.881,5.525
CBM,39,reserve,2038,284.354,5.573
CBM,39,reserve,2039,286.81,5.621
CBM,39,reserve,2040,289.249,5.669
CBM,39,reserve,2041,291.672,5.717
CBM,39,reserve,2042,294.078,5.764
CBM,39,reserve,2043,296.468,5.811
CBM,39,reserve,2044,298.841,5.857
CBM,39,reserve,2045,301.199,5.903
CBM,39,reserve,2046,303.541,5.949
CBM,39,reserve,2047,305.866,5.995
CBM,39,reserve,2048,308.176,6.04
CBM,39,reserve,2049,310.47,6.085
CBM,39,reserve,2050,312.749,6.13
CBM,39,reserve,2051,315.012,6.174
CBM,39,reserve,2052,317.26,6.218
CBM,39,reserve,2053,319.493,6.262
CBM,39,reserve,2054,321.711,6.306
CBM,39,reserve,2055,323.913,6.349
CBM,39,reserve,2056,326.101,6.392
CBM,39,reserve,2057,328.273,6.434
CBM,39,reserve,2058,330.431,6.476
CBM,39,reserve,2059,332.575,6.518
CBM,39,reserve,2060,334.704,6.56
CBM,39,reserve,2061,336.818,6.602
CBM,39,reserve,2062,338.918,6.643
CBM,39,reserve,2063,341.004,6.684
CBM,39,reserve,2064,343.075,6.724
CBM,39,reserve,2065,345.133,6.765
CBM,39,reserve,2066,347.177,6.805
CBM,39,reserve,2067,349.206,6.844
CBM,39,reserve,2068,351.223,6.884
CBM,39,reserve,2069,353.225,6.923
CBM,39,reserve,2070,355.214,6.962
CBM,39,reserve,2071,357.189,7.001
CBM,39,reserve,2072,359.151,7.039
CBM,39,reserve,2073,361.099,7.078
CBM,39,reserve,2074,363.035,7.115
CBM,39,reserve,2075,364.957,7.153
CBM,39,reserve,2076,366.866,7.191
CBM,39,reserve,2077,368.763,7.228
CBM,39,reserve,2078,370.646,7.265
CBM,39,reserve,2079,372.517,7.301
CBM,39,reserve,2080,374.375,7.338
CBM,39,reserve,2081,376.22,7.374
CBM,39,reserve,2082,378.053,7.41
CBM,39,reserve,2083,379.873,7.446
CBM,39,reserve,2084,381.681,7.481
CBM,39,reserve,2085,383.477,7.516
CBM,39,reserve,2086,385.261,7.551
CBM,39,reserve,2087,387.032,7.586
CBM,39,reserve,2088,388.792,7.62
CBM,39,reserve,2089,390.539,7.655
CBM,39,reserve,2090,392.275,7.689
CBM,39,reserve,2091,393.999,7.722
CBM,39,reserve,2092,395.711,7.756
CBM,39,reserve,2093,397.412,7.789
CBM,39,reserve,2094,399.101,7.822
CBM,39,reserve,2095,400.779,7.855
CBM,39,reserve,2096,402.445,7.888
CBM,39,reserve,2097,404.1,7.92
CBM,39,reserve,2098,405.744,7.953
CBM,39,reserve,2099,407.377,7.985
CBM,39,reserve,2100,408.998,8.016
CBM,40,reserve,2025,177.51,2.645
CBM,40,reserve,2026,182.245,2.715
CBM,40,reserve,2027,186.94,2.785
CBM,40,reserve,2028,191.596,2.855
CBM,40,reserve,2029,196.214,2.924
CBM,40,reserve,2030,200.793,2.992
CBM,40,reserve,2031,205.334,3.059
CBM,40,reserve,2032,209.837,3.127
CBM,40,reserve,2033,214.303,3.193
CBM,40,reserve,2034,218.731,3.259
CBM,40,reserve,2035,223.123,3.325
CBM,40,reserve,2036,227.478,3.389
CBM,40,reserve,2037,231.796,3.454
CBM,40,reserve,2038,236.079,3.518
CBM,40,reserve,2039,240.326,3.581
CBM,40,reserve,2040,244.538,3.644
CBM,40,reserve,2041,248.715,3.706
CBM,40,reserve,2042,252.857,3.768
CBM,40,reserve,2043,256.964,3.829
CBM,40,reserve,2044,261.037,3.889
CBM,40,reserve,2045,265.077,3.95
CBM,40,reserve,2046,269.082,4.009
CBM,40,reserve,2047,273.055,4.069
CBM,40,reserve,2048,276.994,4.127
CBM,40,reserve,2049,280.901,4.185
CBM,40,reserve,2050,284.774,4.243
CBM,40,reserve,2051,288.616,4.3
CBM,40,reserve,2052,292.426,4.357
CBM,40,reserve,2053,296.204,4.413
CBM,40,reserve,2054,299.95,4.469
CBM,40,reserve,2055,303.666,4.525
CBM,40,reserve,2056,307.35,4.58
CBM,40,reserve,2057,311.004,4.634
CBM,40,reserve,2058,314.627,4.688
CBM,40,reserve,2059,318.22,4.741
CBM,40,reserve,2060,321.784,4.795
CBM,40,reserve,2061,325.317,4.847
CBM,40,reserve,2062,328.821,4.899
CBM,40,reserve,2063,332.296,4.951
CBM,40,reserve,2064,335.742,5.003
CBM,40,reserve,2065,339.16,5.053
CBM,40,reserve,2066,342.549,5.104
CBM,40,reserve,2067,345.909,5.154
CBM,40,reserve,2068,349.242,5.204
CBM,40,reserve,2069,352.547,5.253
CBM,40,reserve,2070,355.825,5.302
CBM,40,reserve,2071,359.075,5.35
CBM,40,reserve,2072,362.298,5.398
CBM,40,reserve,2073,365.494,5.446
CBM,40,reserve,2074,368.664,5.493
CBM,40,reserve,2075,371.807,5.54
CBM,40,reserve,2076,374.924,5.586
CBM,40,reserve,2077,378.015,5.632
CBM,40,reserve,2078,381.081,5.678
CBM,40,reserve,2079,384.12,5.723
CBM,40,reserve,2080,387.135,5.768
CBM,40,reserve,2081,390.124,5.813
CBM,40,reserve,2082,393.089,5.857
CBM,40,reserve,2083,396.029,5.901
CBM,40,reserve,2084,398.944,5.944
CBM,40,reserve,2085,401.836,5.987
CBM,40,reserve,2086,404.703,6.03
CBM,40,reserve,2087,407.546,6.072
CBM,40,reserve,2088,410.365,6.114
CBM,40,reserve,2089,413.161,6.156
CBM,40,reserve,2090,415.934,6.197
CBM,40,reserve,2091,418.684,6.238
CBM,40,reserve,2092,421.411,6.279
CBM,40,reserve,2093,424.115,6.319
CBM,40,reserve,2094,426.796,6.359
CBM,40,reserve,2095,429.456,6.399
CBM,40,reserve,2096,432.093,6.438
CBM,40,reserve,2097,434.708,6.477
CBM,40,reserve,2098,437.301,6.516
CBM,40,reserve,2099,439.873,6.554
CBM,40,reserve,2100,442.424,6.592
CBM,41,reserve,2025,1022.66,8.999
CBM,41,reserve,2026,1028.151,9.048
CBM,41,reserve,2027,1033.53,9.095
CBM,41,reserve,2028,1038.8,9.141
CBM,41,reserve,2029,1043.955,9.187
CBM,41,reserve,2030,1049.002,9.231
CBM,41,reserve,2031,1053.942,9.275
CBM,41,reserve,2032,1058.778,9.317
CBM,41,reserve,2033,1063.514,9.359
CBM,41,reserve,2034,1068.153,9.4
CBM,41,reserve,2035,1072.723,9.44
CBM,41,reserve,2036,1077.22,9.48
CBM,41,reserve,2037,1081.646,9.518
CBM,41,reserve,2038,1086.001,9.557
CBM,41,reserve,2039,1090.29,9.595
CBM,41,reserve,2040,1094.514,9.632
CBM,41,reserve,2041,1098.672,9.668
CBM,41,reserve,2042,1102.764,9.704
CBM,41,reserve,2043,1106.791,9.74
CBM,41,reserve,2044,1110.753,9.775
CBM,41,reserve,2045,1114.649,9.809
CBM,41,reserve,2046,1118.477,9.843
CBM,41,reserve,2047,1122.236,9.876
CBM,41,reserve,2048,1125.927,9.908
CBM,41,reserve,2049,1129.553,9.94
CBM,41,reserve,2050,1133.113,9.971
CBM,41,reserve,2051,1136.607,10.002
CBM,41,reserve,2052,1140.035,10.032
CBM,41,reserve,2053,1143.397,10.062
CBM,41,reserve,2054,1146.693,10.091
CBM,41,reserve,2055,1149.933,10.119
CBM,41,reserve,2056,1153.119,10.147
CBM,41,reserve,2057,1156.251,10.175
CBM,41,reserve,2058,1159.329,10.202
CBM,41,reserve,2059,1162.353,10.229
CBM,41,reserve,2060,1165.323,10.255
CBM,41,reserve,2061,1168.238,10.28
CBM,41,reserve,2062,1171.1,10.306
CBM,41,reserve,2063,1173.906,10.33
CBM,41,reserve,2064,1176.659,10.355
CBM,41,reserve,2065,1179.366,10.378
CBM,41,reserve,2066,1182.027,10.402
CBM,41,reserve,2067,1184.642,10.425
CBM,41,reserve,2068,1187.212,10.447
CBM,41,reserve,2069,1189.736,10.47
CBM,41,reserve,2070,1192.214,10.491
CBM,41,reserve,2071,1194.646,10.513
CBM,41,reserve,2072,1197.033,10.534
CBM,41,reserve,2073,1199.373,10.554
CBM,41,reserve,2074,1201.668,10.575
CBM,41,reserve,2075,1203.922,10.595
CBM,41,reserve,2076,1206.136,10.614
CBM,41,reserve,2077,1208.31,10.633
CBM,41,reserve,2078,1210.444,10.652
CBM,41,reserve,2079,1212.537,10.67
CBM,41,reserve,2080,1214.59,10.688
CBM,41,reserve,2081,1216.603,10.706
CBM,41,reserve,2082,1218.576,10.723
CBM,41,reserve,2083,1220.508,10.74
CBM,41,reserve,2084,1222.4,10.757
CBM,41,reserve,2085,1224.259,10.773
CBM,41,reserve,2086,1226.086,10.79
CBM,41,reserve,2087,1227.881,10.805
CBM,41,reserve,2088,1229.643,10.821
CBM,41,reserve,2089,1231.373,10.836
CBM,41,reserve,2090,1233.07,10.851
CBM,41,reserve,2091,1234.735,10.866
CBM,41,reserve,2092,1236.367,10.88
CBM,41,reserve,2093,1237.967,10.894
CBM,41,reserve,2094,1239.534,10.908
CBM,41,reserve,2095,1241.073,10.921
CBM,41,reserve,2096,1242.582,10.935
CBM,41,reserve,2097,1244.062,10.948
CBM,41,reserve,2098,1245.513,10.961
CBM,41,reserve,2099,1246.935,10.973
CBM,41,reserve,2100,1248.327,10.985
CBM,42,reserve,2025,551.02,6.006
CBM,42,reserve,2026,555.773,6.058
CBM,42,reserve,2027,560.492,6.109
CBM,42,reserve,2028,565.176,6.16
CBM,42,reserve,2029,569.825,6.211
CBM,42,reserve,2030,574.441,6.261
CBM,42,reserve,2031,579.023,6.311
CBM,42,reserve,2032,583.572,6.361
CBM,42,reserve,2033,588.087,6.41
CBM,42,reserve,2034,592.569,6.459
CBM,42,reserve,2035,597.019,6.508
CBM,42,reserve,2036,601.436,6.556
CBM,42,reserve,2037,605.821,6.603
CBM,42,reserve,2038,610.174,6.651
CBM,42,reserve,2039,614.495,6.698
CBM,42,reserve,2040,618.784,6.745
CBM,42,reserve,2041,623.042,6.791
CBM,42,reserve,2042,627.269,6.837
CBM,42,reserve,2043,631.465,6.883
CBM,42,reserve,2044,635.63,6.928
CBM,42,reserve,2045,639.765,6.973
CBM,42,reserve,2046,643.87,7.018
CBM,42,reserve,2047,647.945,7.063
CBM,42,reserve,2048,651.99,7.107
CBM,42,reserve,2049,656.006,7.15
CBM,42,reserve,2050,659.992,7.194
CBM,42,reserve,2051,663.949,7.237
CBM,42,reserve,2052,667.877,7.28
CBM,42,reserve,2053,671.776,7.322
CBM,42,reserve,2054,675.647,7.365
CBM,42,reserve,2055,679.49,7.406
CBM,42,reserve,2056,683.304,7.448
CBM,42,reserve,2057,687.091,7.489
CBM,42,reserve,2058,690.85,7.53
CBM,42,reserve,2059,694.582,7.571
CBM,42,reserve,2060,698.286,7.611
CBM,42,reserve,2061,701.963,7.651
CBM,42,reserve,2062,705.613,7.691
CBM,42,reserve,2063,709.237,7.731
CBM,42,reserve,2064,712.834,7.77
CBM,42,reserve,2065,716.405,7.809
CBM,42,reserve,2066,719.95,7.847
CBM,42,reserve,2067,723.469,7.886
CBM,42,reserve,2068,726.962,7.924
CBM,42,reserve,2069,730.43,7.962
CBM,42,reserve,2070,733.872,7.999
CBM,42,reserve,2071,737.29,8.036
CBM,42,reserve,2072,740.682,8.073
CBM,42,reserve,2073,744.049,8.11
CBM,42,reserve,2074,747.392,8.147
CBM,42,reserve,2075,750.711,8.183
CBM,42,reserve,2076,754.005,8.219
CBM,42,reserve,2077,757.275,8.254
CBM,42,reserve,2078,760.521,8.29
CBM,42,reserve,2079,763.744,8.325
CBM,42,reserve,2080,766.943,8.36
CBM,42,reserve,2081,770.119,8.394
CBM,42,reserve,2082,773.271,8.429
CBM,42,reserve,2083,776.4,8.463
CBM,42,reserve,2084,779.507,8.497
CBM,42,reserve,2085,782.591,8.53
CBM,42,reserve,2086,785.652,8.564
CBM,42,reserve,2087,788.691,8.597
CBM,42,reserve,2088,791.708,8.63
CBM,42,reserve,2089,794.702,8.662
CBM,42,reserve,2090,797.675,8.695
CBM,42,reserve,2091,800.626,8.727
CBM,42,reserve,2092,803.556,8.759
CBM,42,reserve,2093,806.464,8.79
CBM,42,reserve,2094,809.351,8.822
CBM,42,reserve,2095,812.217,8.853
CBM,42,reserve,2096,815.062,8.884
CBM,42,reserve,2097,817.886,8.915
CBM,42,reserve,2098,820.689,8.946
CBM,42,reserve,2099,823.472,8.976
CBM,42,reserve,2100,826.235,9.006
CBM,44,reserve,2025,12.75,0.678
CBM,44,reserve,2026,12.856,0.684
CBM,44,reserve,2027,12.961,0.69
CBM,44,reserve,2028,13.064,0.695
CBM,44,reserve,2029,13.165,0.7
CBM,44,reserve,2030,13.265,0.706
CBM,44,reserve,2031,13.363,0.711
CBM,44,reserve,2032,13.459,0.716
CBM,44,reserve,2033,13.554,0.721
CBM,44,reserve,2034,13.647,0.726
CBM,44,reserve,2035,13.738,0.731
CBM,44,reserve,2036,13.828,0.736
CBM,44,reserve,2037,13.917,0.74
CBM,44,reserve,2038,14.004,0.745
CBM,44,reserve,2039,14.09,0.75
CBM,44,reserve,2040,14.174,0.754
CBM,44,reserve,2041,14.257,0.758
CBM,44,reserve,2042,14.338,0.763
CBM,44,reserve,2043,14.419,0.767
CBM,44,reserve,2044,14.497,0.771
CBM,44,reserve,2045,14.575,0.775
CBM,44,reserve,2046,14.651,0.779
CBM,44,reserve,2047,14.726,0.783
CBM,44,reserve,2048,14.8,0.787
CBM,44,reserve,2049,14.872,0.791
CBM,44,reserve,2050,14.944,0.795
CBM,44,reserve,2051,15.014,0.799
CBM,44,reserve,2052,15.083,0.802
CBM,44,reserve,2053,15.151,0.806
CBM,44,reserve,2054,15.217,0.81
CBM,44,reserve,2055,15.283,0.813
CBM,44,reserve,2056,15.348,0.816
CBM,44,reserve,2057,15.411,0.82
CBM,44,reserve,2058,15.473,0.823
CBM,44,reserve,2059,15.535,0.826
CBM,44,reserve,2060,15.595,0.83
CBM,44,reserve,2061,15.655,0.833
CBM,44,reserve,2062,15.713,0.836
CBM,44,reserve,2063,15.77,0.839
CBM,44,reserve,2064,15.827,0.842
CBM,44,reserve,2065,15.882,0.845
CBM,44,reserve,2066,15.937,0.848
CBM,44,reserve,2067,15.991,0.851
CBM,44,reserve,2068,16.043,0.854
CBM,44,reserve,2069,16.095,0.856
CBM,44,reserve,2070,16.147,0.859
CBM,44,reserve,2071,16.197,0.862
CBM,44,reserve,2072,16.246,0.864
CBM,44,reserve,2073,16.295,0.867
CBM,44,reserve,2074,16.343,0.869
CBM,44,reserve,2075,16.39,0.872
CBM,44,reserve,2076,16.436,0.874
CBM,44,reserve,2077,16.481,0.877
CBM,44,reserve,2078,16.526,0.879
CBM,44,reserve,2079,16.57,0.882
CBM,44,reserve,2080,16.613,0.884
CBM,44,reserve,2081,16.656,0.886
CBM,44,reserve,2082,16.698,0.888
CBM,44,reserve,2083,16.739,0.89
CBM,44,reserve,2084,16.779,0.893
CBM,44,reserve,2085,16.819,0.895
CBM,44,reserve,2086,16.858,0.897
CBM,44,reserve,2087,16.896,0.899
CBM,44,reserve,2088,16.934,0.901
CBM,44,reserve,2089,16.972,0.903
CBM,44,reserve,2090,17.008,0.905
CBM,44,reserve,2091,17.044,0.907
CBM,44,reserve,2092,17.08,0.909
CBM,44,reserve,2093,17.114,0.91
CBM,44,reserve,2094,17.149,0.912
CBM,44,reserve,2095,17.182,0.914
CBM,44,reserve,2096,17.215,0.916
CBM,44,reserve,2097,17.248,0.918
CBM,44,reserve,2098,17.28,0.919
CBM,44,reserve,2099,17.311,0.921
CBM,44,reserve,2100,17.342,0.923
CBM,45,reserve,2025,325.11,4.649
CBM,45,reserve,2026,329.382,4.71
CBM,45,reserve,2027,333.605,4.771
CBM,45,reserve,2028,337.78,4.83
CBM,45,reserve,2029,341.909,4.889
CBM,45,reserve,2030,345.99,4.948
CBM,45,reserve,2031,350.026,5.005
CBM,45,reserve,2032,354.016,5.062
CBM,45,reserve,2033,357.96,5.119
CBM,45,reserve,2034,361.86,5.175
CBM,45,reserve,2035,365.716,5.23
CBM,45,reserve,2036,369.529,5.284
CBM,45,reserve,2037,373.298,5.338
CBM,45,reserve,2038,377.025,5.391
CBM,45,reserve,2039,380.709,5.444
CBM,45,reserve,2040,384.352,5.496
CBM,45,reserve,2041,387.954,5.548
CBM,45,reserve,2042,391.515,5.599
CBM,45,reserve,2043,395.036,5.649
CBM,45,reserve,2044,398.517,5.699
CBM,45,reserve,2045,401.958,5.748
CBM,45,reserve,2046,405.361,5.797
CBM,45,reserve,2047,408.725,5.845
CBM,45,reserve,2048,412.051,5.892
CBM,45,reserve,2049,415.34,5.939
CBM,45,reserve,2050,418.591,5.986
CBM,45,reserve,2051,421.806,6.032
CBM,45,reserve,2052,424.984,6.077
CBM,45,reserve,2053,428.126,6.122
CBM,45,reserve,2054,431.233,6.167
CBM,45,reserve,2055,434.305,6.211
CBM,45,reserve,2056,437.342,6.254
CBM,45,reserve,2057,440.344,6.297
CBM,45,reserve,2058,443.313,6.339
CBM,45,reserve,2059,446.248,6.381
CBM,45,reserve,2060,449.15,6.423
CBM,45,reserve,2061,452.019,6.464
CBM,45,reserve,2062,454.856,6.504
CBM,45,reserve,2063,457.66,6.545
CBM,45,reserve,2064,460.433,6.584
CBM,45,reserve,2065,463.175,6.623
CBM,45,reserve,2066,465.885,6.662
CBM,45,reserve,2067,468.565,6.7
CBM,45,reserve,2068,471.215,6.738
CBM,45,reserve,2069,473.834,6.776
CBM,45,reserve,2070,476.424,6.813
CBM,45,reserve,2071,478.985,6.849
CBM,45,reserve,2072,481.517,6.886
CBM,45,reserve,2073,484.02,6.921
CBM,45,reserve,2074,486.495,6.957
CBM,45,reserve,2075,488.942,6.992
CBM,45,reserve,2076,491.361,7.026
CBM,45,reserve,2077,493.753,7.061
CBM,45,reserve,2078,496.117,7.094
CBM,45,reserve,2079,498.456,7.128
CBM,45,reserve,2080,500.767,7.161
CBM,45,reserve,2081,503.053,7.194
CBM,45,reserve,2082,505.312,7.226
CBM,45,reserve,2083,507.546,7.258
CBM,45,reserve,2084,509.755,7.289
CBM,45,reserve,2085,511.939,7.321
CBM,45,reserve,2086,514.098,7.352
CBM,45,reserve,2087,516.233,7.382
CBM,45,reserve,2088,518.344,7.412
CBM,45,reserve,2089,520.43,7.442
CBM,45,reserve,2090,522.494,7.472
CBM,45,reserve,2091,524.533,7.501
CBM,45,reserve,2092,526.55,7.53
CBM,45,reserve,2093,528.544,7.558
CBM,45,reserve,2094,530.516,7.586
CBM,45,reserve,2095,532.465,7.614
CBM,45,reserve,2096,534.392,7.642
CBM,45,reserve,2097,536.297,7.669
CBM,45,reserve,2098,538.181,7.696
CBM,45,reserve,2099,540.043,7.723
CBM,45,reserve,2100,541.885,7.749
CBM,46,reserve,2025,22.21,0.835
CBM,46,reserve,2026,22.505,0.846
CBM,46,reserve,2027,22.797,0.857
CBM,46,reserve,2028,23.084,0.868
CBM,46,reserve,2029,23.368,0.879
CBM,46,reserve,2030,23.648,0.889
CBM,46,reserve,2031,23.924,0.9
CBM,46,reserve,2032,24.196,0.91
CBM,46,reserve,2033,24.465,0.92
CBM,46,reserve,2034,24.731,0.93
CBM,46,reserve,2035,24.992,0.94
CBM,46,reserve,2036,25.25,0.949
CBM,46,reserve,2037,25.503,0.959
CBM,46,reserve,2038,25.753,0.968
CBM,46,reserve,2039,25.998,0.978
CBM,46,reserve,2040,26.24,0.987
CBM,46,reserve,2041,26.479,0.996
CBM,46,reserve,2042,26.713,1.004
CBM,46,reserve,2043,26.944,1.013
CBM,46,reserve,2044,27.171,1.022
CBM,46,reserve,2045,27.394,1.03
CBM,46,reserve,2046,27.614,1.038
CBM,46,reserve,2047,27.83,1.046
CBM,46,reserve,2048,28.042,1.054
CBM,46,reserve,2049,28.251,1.062
CBM,46,reserve,2050,28.457,1.07
CBM,46,reserve,2051,28.659,1.078
CBM,46,reserve,2052,28.857,1.085
CBM,46,reserve,2053,29.052,1.092
CBM,46,reserve,2054,29.243,1.1
CBM,46,reserve,2055,29.432,1.107
CBM,46,reserve,2056,29.617,1.114
CBM,46,reserve,2057,29.8,1.12
CBM,46,reserve,2058,29.979,1.127
CBM,46,reserve,2059,30.156,1.134
CBM,46,reserve,2060,30.33,1.14
CBM,46,reserve,2061,30.501,1.147
CBM,46,reserve,2062,30.669,1.153
CBM,46,reserve,2063,30.834,1.159
CBM,46,reserve,2064,30.996,1.165
CBM,46,reserve,2065,31.156,1.171
CBM,46,reserve,2066,31.313,1.177
CBM,46,reserve,2067,31.467,1.183
CBM,46,reserve,2068,31.619,1.189
CBM,46,reserve,2069,31.768,1.194
CBM,46,reserve,2070,31.915,1.2
CBM,46,reserve,2071,32.059,1.205
CBM,46,reserve,2072,32.2,1.211
CBM,46,reserve,2073,32.339,1.216
CBM,46,reserve,2074,32.475,1.221
CBM,46,reserve,2075,32.609,1.226
CBM,46,reserve,2076,32.741,1.231
CBM,46,reserve,2077,32.87,1.236
CBM,46,reserve,2078,32.998,1.241
CBM,46,reserve,2079,33.123,1.245
CBM,46,reserve,2080,33.246,1.25
CBM,46,reserve,2081,33.367,1.255
CBM,46,reserve,2082,33.486,1.259
CBM,46,reserve,2083,33.603,1.263
CBM,46,reserve,2084,33.717,1.268
CBM,46,reserve,2085,33.83,1.272
CBM,46,reserve,2086,33.94,1.276
CBM,46,reserve,2087,34.048,1.28
CBM,46,reserve,2088,34.155,1.284
CBM,46,reserve,2089,34.259,1.288
CBM,46,reserve,2090,34.361,1.292
CBM,46,reserve,2091,34.461,1.296
CBM,46,reserve,2092,34.559,1.299
CBM,46,reserve,2093,34.655,1.303
CBM,46,reserve,2094,34.749,1.307
CBM,46,reserve,2095,34.841,1.31
CBM,46,reserve,2096,34.931,1.313
CBM,46,reserve,2097,35.02,1.317
CBM,46,reserve,2098,35.108,1.32
CBM,46,reserve,2099,35.193,1.323
CBM,46,reserve,2100,35.277,1.326
CBM,47,reserve,2025,461.09,5.395
CBM,47,reserve,2026,465.711,5.449
CBM,47,reserve,2027,470.298,5.502
CBM,47,reserve,2028,474.851,5.556
CBM,47,reserve,2029,479.37,5.609
CBM,47,reserve,2030,483.855,5.661
CBM,47,reserve,2031,488.307,5.713
CBM,47,reserve,2032,492.725,5.765
CBM,47,reserve,2033,497.11,5.816
CBM,47,reserve,2034,501.463,5.867
CBM,47,reserve,2035,505.783,5.918
CBM,47,reserve,2036,510.071,5.968
CBM,47,reserve,2037,514.327,6.018
CBM,47,reserve,2038,518.552,6.067
CBM,47,reserve,2039,522.744,6.116
CBM,47,reserve,2040,526.906,6.165
CBM,47,reserve,2041,531.036,6.213
CBM,47,reserve,2042,535.136,6.261
CBM,47,reserve,2043,539.205,6.309
CBM,47,reserve,2044,543.243,6.356
CBM,47,reserve,2045,547.252,6.403
CBM,47,reserve,2046,551.231,6.449
CBM,47,reserve,2047,555.179,6.496
CBM,47,reserve,2048,559.099,6.541
CBM,47,reserve,2049,562.989,6.587
CBM,47,reserve,2050,566.85,6.632
CBM,47,reserve,2051,570.683,6.677
CBM,47,reserve,2052,574.486,6.721
CBM,47,reserve,2053,578.262,6.766
CBM,47,reserve,2054,582.009,6.81
CBM,47,reserve,2055,585.728,6.853
CBM,47,reserve,2056,589.42,6.896
CBM,47,reserve,2057,593.084,6.939
CBM,47,reserve,2058,596.721,6.982
CBM,47,reserve,2059,600.33,7.024
CBM,47,reserve,2060,603.913,7.066
CBM,47,reserve,2061,607.469,7.107
CBM,47,reserve,2062,610.998,7.149
CBM,47,reserve,2063,614.501,7.19
CBM,47,reserve,2064,617.978,7.23
CBM,47,reserve,2065,621.429,7.271
CBM,47,reserve,2066,624.854,7.311
CBM,47,reserve,2067,628.253,7.351
CBM,47,reserve,2068,631.628,7.39
CBM,47,reserve,2069,634.977,7.429
CBM,47,reserve,2070,638.301,7.468
CBM,47,reserve,2071,641.6,7.507
CBM,47,reserve,2072,644.875,7.545
CBM,47,reserve,2073,648.125,7.583
CBM,47,reserve,2074,651.351,7.621
CBM,47,reserve,2075,654.553,7.658
CBM,47,reserve,2076,657.731,7.695
CBM,47,reserve,2077,660.885,7.732
CBM,47,reserve,2078,664.016,7.769
CBM,47,reserve,2079,667.124,7.805
CBM,47,reserve,2080,670.208,7.841
CBM,47,reserve,2081,673.269,7.877
CBM,47,reserve,2082,676.308,7.913
CBM,47,reserve,2083,679.323,7.948
CBM,47,reserve,2084,682.316,7.983
CBM,47,reserve,2085,685.287,8.018
CBM,47,reserve,2086,688.236,8.052
CBM,47,reserve,2087,691.163,8.087
CBM,47,reserve,2088,694.068,8.121
CBM,47,reserve,2089,696.951,8.154
CBM,47,reserve,2090,699.813,8.188
CBM,47,reserve,2091,702.653,8.221
CBM,47,reserve,2092,705.472,8.254
CBM,47,reserve,2093,708.27,8.287
CBM,47,reserve,2094,711.048,8.319
CBM,47,reserve,2095,713.804,8.352
CBM,47,reserve,2096,716.54,8.384
CBM,47,reserve,2097,719.256,8.415
CBM,47,reserve,2098,721.951,8.447
CBM,47,reserve,2099,724.626,8.478
CBM,47,reserve,2100,727.281,8.509
CBM,48,reserve,2025,479.11,5.126
CBM,48,reserve,2026,489.463,5.237
CBM,48,reserve,2027,499.759,5.347
CBM,48,reserve,2028,509.997,5.457
CBM,48,reserve,2029,520.18,5.566
CBM,48,reserve,2030,530.307,5.674
CBM,48,reserve,2031,540.379,5.782
CBM,48,reserve,2032,550.397,5.889
CBM,48,reserve,2033,560.361,5.996
CBM,48,reserve,2034,570.272,6.102
CBM,48,reserve,2035,580.093,6.207
CBM,48,reserve,2036,589.824,6.311
CBM,48,reserve,2037,599.467,6.414
CBM,48,reserve,2038,609.021,6.517
CBM,48,reserve,2039,618.489,6.618
CBM,48,reserve,2040,627.87,6.718
CBM,48,reserve,2041,637.165,6.818
CBM,48,reserve,2042,646.376,6.916
CBM,48,reserve,2043,655.504,7.014
CBM,48,reserve,2044,664.548,7.111
CBM,48,reserve,2045,673.491,7.206
CBM,48,reserve,2046,682.334,7.301
CBM,48,reserve,2047,691.078,7.395
CBM,48,reserve,2048,699.724,7.487
CBM,48,reserve,2049,708.272,7.579
CBM,48,reserve,2050,716.722,7.669
CBM,48,reserve,2051,725.077,7.758
CBM,48,reserve,2052,733.335,7.847
CBM,48,reserve,2053,741.499,7.934
CBM,48,reserve,2054,749.568,8.02
CBM,48,reserve,2055,757.547,8.106
CBM,48,reserve,2056,765.436,8.19
CBM,48,reserve,2057,773.235,8.274
CBM,48,reserve,2058,780.946,8.356
CBM,48,reserve,2059,788.569,8.438
CBM,48,reserve,2060,796.104,8.518
CBM,48,reserve,2061,803.551,8.598
CBM,48,reserve,2062,810.913,8.677
CBM,48,reserve,2063,818.187,8.755
CBM,48,reserve,2064,825.377,8.832
CBM,48,reserve,2065,832.476,8.907
CBM,48,reserve,2066,839.486,8.982
CBM,48,reserve,2067,846.407,9.057
CBM,48,reserve,2068,853.239,9.13
CBM,48,reserve,2069,859.984,9.202
CBM,48,reserve,2070,866.64,9.273
CBM,48,reserve,2071,873.209,9.343
CBM,48,reserve,2072,879.692,9.413
CBM,48,reserve,2073,886.088,9.481
CBM,48,reserve,2074,892.397,9.549
CBM,48,reserve,2075,898.627,9.615
CBM,48,reserve,2076,904.777,9.681
CBM,48,reserve,2077,910.849,9.746
CBM,48,reserve,2078,916.842,9.81
CBM,48,reserve,2079,922.756,9.873
CBM,48,reserve,2080,928.592,9.936
CBM,48,reserve,2081,934.35,9.998
CBM,48,reserve,2082,940.031,10.058
CBM,48,reserve,2083,945.634,10.118
CBM,48,reserve,2084,951.16,10.177
CBM,48,reserve,2085,956.605,10.236
CBM,48,reserve,2086,961.969,10.293
CBM,48,reserve,2087,967.252,10.35
CBM,48,reserve,2088,972.455,10.405
CBM,48,reserve,2089,977.577,10.46
CBM,48,reserve,2090,982.62,10.514
CBM,48,reserve,2091,987.582,10.567
CBM,48,reserve,2092,992.465,10.619
CBM,48,reserve,2093,997.269,10.671
CBM,48,reserve,2094,1001.993,10.721
CBM,48,reserve,2095,1006.649,10.771
CBM,48,reserve,2096,1011.238,10.82
CBM,48,reserve,2097,1015.76,10.869
CBM,48,reserve,2098,1020.213,10.916
CBM,48,reserve,2099,1024.6,10.963
CBM,48,reserve,2100,1028.92,11.009
CBM,49,reserve,2025,133.07,2.409
CBM,49,reserve,2026,135.287,2.449
CBM,49,reserve,2027,137.479,2.488
CBM,49,reserve,2028,139.644,2.528
CBM,49,reserve,2029,141.784,2.566
CBM,49,reserve,2030,143.898,2.605
CBM,49,reserve,2031,145.985,2.642
CBM,49,reserve,2032,148.047,2.68
CBM,49,reserve,2033,150.083,2.716
CBM,49,reserve,2034,152.093,2.753
CBM,49,reserve,2035,154.074,2.789
CBM,49,reserve,2036,156.028,2.824
CBM,49,reserve,2037,157.953,2.859
CBM,49,reserve,2038,159.85,2.893
CBM,49,reserve,2039,161.719,2.927
CBM,49,reserve,2040,163.56,2.96
CBM,49,reserve,2041,165.372,2.993
CBM,49,reserve,2042,167.157,3.026
CBM,49,reserve,2043,168.913,3.057
CBM,49,reserve,2044,170.642,3.089
CBM,49,reserve,2045,172.343,3.119
CBM,49,reserve,2046,174.018,3.15
CBM,49,reserve,2047,175.665,3.18
CBM,49,reserve,2048,177.286,3.209
CBM,49,reserve,2049,178.879,3.238
CBM,49,reserve,2050,180.446,3.266
CBM,49,reserve,2051,181.985,3.294
CBM,49,reserve,2052,183.498,3.321
CBM,49,reserve,2053,184.984,3.348
CBM,49,reserve,2054,186.443,3.375
CBM,49,reserve,2055,187.878,3.401
CBM,49,reserve,2056,189.29,3.426
CBM,49,reserve,2057,190.679,3.451
CBM,49,reserve,2058,192.044,3.476
CBM,49,reserve,2059,193.385,3.5
CBM,49,reserve,2060,194.703,3.524
CBM,49,reserve,2061,195.998,3.548
CBM,49,reserve,2062,197.269,3.571
CBM,49,reserve,2063,198.517,3.593
CBM,49,reserve,2064,199.742,3.615
CBM,49,reserve,2065,200.945,3.637
CBM,49,reserve,2066,202.128,3.659
CBM,49,reserve,2067,203.29,3.68
CBM,49,reserve,2068,204.431,3.7
CBM,49,reserve,2069,205.552,3.72
CBM,49,reserve,2070,206.652,3.74
CBM,49,reserve,2071,207.731,3.76
CBM,49,reserve,2072,208.789,3.779
CBM,49,reserve,2073,209.827,3.798
CBM,49,reserve,2074,210.844,3.816
CBM,49,reserve,2075,211.844,3.834
CBM,49,reserve,2076,212.826,3.852
CBM,49,reserve,2077,213.79,3.87
CBM,49,reserve,2078,214.737,3.887
CBM,49,reserve,2079,215.667,3.904
CBM,49,reserve,2080,216.579,3.92
CBM,49,reserve,2081,217.474,3.936
CBM,49,reserve,2082,218.351,3.952
CBM,49,reserve,2083,219.211,3.968
CBM,49,reserve,2084,220.054,3.983
CBM,49,reserve,2085,220.881,3.998
CBM,49,reserve,2086,221.692,4.013
CBM,49,reserve,2087,222.488,4.027
CBM,49,reserve,2088,223.269,4.041
CBM,49,reserve,2089,224.034,4.055
CBM,49,reserve,2090,224.784,4.069
CBM,49,reserve,2091,225.518,4.082
CBM,49,reserve,2092,226.237,4.095
CBM,49,reserve,2093,226.94,4.108
CBM,49,reserve,2094,227.628,4.12
CBM,49,reserve,2095,228.303,4.132
CBM,49,reserve,2096,228.965,4.144
CBM,49,reserve,2097,229.616,4.156
CBM,49,reserve,2098,230.253,4.168
CBM,49,reserve,2099,230.878,4.179
CBM,49,reserve,2100,231.491,4.19
CBM,50,reserve,2025,142.9,2.586
CBM,50,reserve,2026,144.564,2.617
CBM,50,reserve,2027,146.184,2.646
CBM,50,reserve,2028,147.762,2.674
CBM,50,reserve,2029,149.297,2.702
CBM,50,reserve,2030,150.792,2.729
CBM,50,reserve,2031,152.247,2.756
CBM,50,reserve,2032,153.664,2.781
CBM,50,reserve,2033,155.043,2.806
CBM,50,reserve,2034,156.386,2.831
CBM,50,reserve,2035,157.693,2.854
CBM,50,reserve,2036,158.966,2.877
CBM,50,reserve,2037,160.205,2.9
CBM,50,reserve,2038,161.411,2.922
CBM,50,reserve,2039,162.585,2.943
CBM,50,reserve,2040,163.728,2.963
CBM,50,reserve,2041,164.841,2.984
CBM,50,reserve,2042,165.924,3.003
CBM,50,reserve,2043,166.978,3.022
CBM,50,reserve,2044,168.005,3.041
CBM,50,reserve,2045,169.005,3.059
CBM,50,reserve,2046,169.978,3.077
CBM,50,reserve,2047,170.925,3.094
CBM,50,reserve,2048,171.847,3.11
CBM,50,reserve,2049,172.745,3.127
CBM,50,reserve,2050,173.619,3.143
CBM,50,reserve,2051,174.47,3.158
CBM,50,reserve,2052,175.298,3.173
CBM,50,reserve,2053,176.105,3.187
CBM,50,reserve,2054,176.89,3.202
CBM,50,reserve,2055,177.654,3.216
CBM,50,reserve,2056,178.398,3.229
CBM,50,reserve,2057,179.123,3.242
CBM,50,reserve,2058,179.828,3.255
CBM,50,reserve,2059,180.514,3.267
CBM,50,reserve,2060,181.183,3.279
CBM,50,reserve,2061,181.833,3.291
CBM,50,reserve,2062,182.467,3.303
CBM,50,reserve,2063,183.083,3.314
CBM,50,reserve,2064,183.684,3.325
CBM,50,reserve,2065,184.268,3.335
CBM,50,reserve,2066,184.837,3.346
CBM,50,reserve,2067,185.391,3.356
CBM,50,reserve,2068,185.93,3.365
CBM,50,reserve,2069,186.455,3.375
CBM,50,reserve,2070,186.966,3.384
CBM,50,reserve,2071,187.464,3.393
CBM,50,reserve,2072,187.948,3.402
CBM,50,reserve,2073,188.419,3.41
CBM,50,reserve,2074,188.878,3.419
CBM,50,reserve,2075,189.325,3.427
CBM,50,reserve,2076,189.76,3.435
CBM,50,reserve,2077,190.184,3.442
CBM,50,reserve,2078,190.596,3.45
CBM,50,reserve,2079,190.998,3.457
CBM,50,reserve,2080,191.388,3.464
CBM,50,reserve,2081,191.769,3.471
CBM,50,reserve,2082,192.139,3.478
CBM,50,reserve,2083,192.5,3.484
CBM,50,reserve,2084,192.851,3.491
CBM,50,reserve,2085,193.192,3.497
CBM,50,reserve,2086,193.525,3.503
CBM,50,reserve,2087,193.849,3.509
CBM,50,reserve,2088,194.164,3.514
CBM,50,reserve,2089,194.471,3.52
CBM,50,reserve,2090,194.77,3.525
CBM,50,reserve,2091,195.061,3.531
CBM,50,reserve,2092,195.344,3.536
CBM,50,reserve,2093,195.62,3.541
CBM,50,reserve,2094,195.888,3.546
CBM,50,reserve,2095,196.149,3.55
CBM,50,reserve,2096,196.404,3.555
CBM,50,reserve,2097,196.651,3.559
CBM,50,reserve,2098,196.893,3.564
CBM,50,reserve,2099,197.127,3.568
CBM,50,reserve,2100,197.356,3.572
CBM,51,reserve,2025,548.81,5.927
CBM,51,reserve,2026,554.345,5.987
CBM,51,reserve,2027,559.845,6.046
CBM,51,reserve,2028,565.309,6.105
CBM,51,reserve,2029,570.738,6.164
CBM,51,reserve,2030,576.132,6.222
CBM,51,reserve,2031,581.491,6.28
CBM,51,reserve,2032,586.817,6.338
CBM,51,reserve,2033,592.107,6.395
CBM,51,reserve,2034,597.364,6.452
CBM,51,reserve,2035,602.588,6.508
CBM,51,reserve,2036,607.777,6.564
CBM,51,reserve,2037,612.933,6.62
CBM,51,reserve,2038,618.057,6.675
CBM,51,reserve,2039,623.147,6.73
CBM,51,reserve,2040,628.205,6.785
CBM,51,reserve,2041,633.23,6.839
CBM,51,reserve,2042,638.222,6.893
CBM,51,reserve,2043,643.183,6.946
CBM,51,reserve,2044,648.112,7
CBM,51,reserve,2045,653.009,7.053
CBM,51,reserve,2046,657.875,7.105
CBM,51,reserve,2047,662.71,7.157
CBM,51,reserve,2048,667.513,7.209
CBM,51,reserve,2049,672.286,7.261
CBM,51,reserve,2050,677.028,7.312
CBM,51,reserve,2051,681.739,7.363
CBM,51,reserve,2052,686.42,7.413
CBM,51,reserve,2053,691.072,7.464
CBM,51,reserve,2054,695.693,7.513
CBM,51,reserve,2055,700.284,7.563
CBM,51,reserve,2056,704.847,7.612
CBM,51,reserve,2057,709.379,7.661
CBM,51,reserve,2058,713.883,7.71
CBM,51,reserve,2059,718.358,7.758
CBM,51,reserve,2060,722.804,7.806
CBM,51,reserve,2061,727.221,7.854
CBM,51,reserve,2062,731.611,7.901
CBM,51,reserve,2063,735.971,7.948
CBM,51,reserve,2064,740.304,7.995
CBM,51,reserve,2065,744.609,8.042
CBM,51,reserve,2066,748.887,8.088
CBM,51,reserve,2067,753.137,8.134
CBM,51,reserve,2068,757.36,8.179
CBM,51,reserve,2069,761.555,8.225
CBM,51,reserve,2070,765.724,8.27
CBM,51,reserve,2071,769.865,8.315
CBM,51,reserve,2072,773.981,8.359
CBM,51,reserve,2073,778.07,8.403
CBM,51,reserve,2074,782.132,8.447
CBM,51,reserve,2075,786.168,8.491
CBM,51,reserve,2076,790.179,8.534
CBM,51,reserve,2077,794.164,8.577
CBM,51,reserve,2078,798.123,8.62
CBM,51,reserve,2079,802.057,8.662
CBM,51,reserve,2080,805.965,8.704
CBM,51,reserve,2081,809.848,8.746
CBM,51,reserve,2082,813.707,8.788
CBM,51,reserve,2083,817.54,8.829
CBM,51,reserve,2084,821.349,8.871
CBM,51,reserve,2085,825.134,8.911
CBM,51,reserve,2086,828.894,8.952
CBM,51,reserve,2087,832.63,8.992
CBM,51,reserve,2088,836.342,9.032
CBM,51,reserve,2089,840.031,9.072
CBM,51,reserve,2090,843.695,9.112
CBM,51,reserve,2091,847.336,9.151
CBM,51,reserve,2092,850.954,9.19
CBM,51,reserve,2093,854.548,9.229
CBM,51,reserve,2094,858.12,9.268
CBM,51,reserve,2095,861.668,9.306
CBM,51,reserve,2096,865.194,9.344
CBM,51,reserve,2097,868.697,9.382
CBM,51,reserve,2098,872.177,9.42
CBM,51,reserve,2099,875.635,9.457
CBM,51,reserve,2100,879.071,9.494
CBM,53,reserve,2025,818.67,8.269
CBM,53,reserve,2026,823.194,8.314
CBM,53,reserve,2027,827.631,8.359
CBM,53,reserve,2028,831.985,8.403
CBM,53,reserve,2029,836.256,8.446
CBM,53,reserve,2030,840.446,8.489
CBM,53,reserve,2031,844.555,8.53
CBM,53,reserve,2032,848.587,8.571
CBM,53,reserve,2033,852.541,8.611
CBM,53,reserve,2034,856.428,8.65
CBM,53,reserve,2035,860.263,8.689
CBM,53,reserve,2036,864.046,8.727
CBM,53,reserve,2037,867.776,8.765
CBM,53,reserve,2038,871.454,8.802
CBM,53,reserve,2039,875.079,8.838
CBM,53,reserve,2040,878.656,8.874
CBM,53,reserve,2041,882.184,8.91
CBM,53,reserve,2042,885.664,8.945
CBM,53,reserve,2043,889.095,8.98
CBM,53,reserve,2044,892.479,9.014
CBM,53,reserve,2045,895.812,9.048
CBM,53,reserve,2046,899.096,9.081
CBM,53,reserve,2047,902.331,9.114
CBM,53,reserve,2048,905.517,9.146
CBM,53,reserve,2049,908.655,9.177
CBM,53,reserve,2050,911.745,9.209
CBM,53,reserve,2051,914.787,9.239
CBM,53,reserve,2052,917.783,9.27
CBM,53,reserve,2053,920.732,9.299
CBM,53,reserve,2054,923.635,9.329
CBM,53,reserve,2055,926.502,9.358
CBM,53,reserve,2056,929.333,9.386
CBM,53,reserve,2057,932.129,9.414
CBM,53,reserve,2058,934.889,9.442
CBM,53,reserve,2059,937.616,9.47
CBM,53,reserve,2060,940.307,9.497
CBM,53,reserve,2061,942.965,9.524
CBM,53,reserve,2062,945.588,9.55
CBM,53,reserve,2063,948.177,9.577
CBM,53,reserve,2064,950.733,9.602
CBM,53,reserve,2065,953.26,9.628
CBM,53,reserve,2066,955.758,9.653
CBM,53,reserve,2067,958.228,9.678
CBM,53,reserve,2068,960.67,9.703
CBM,53,reserve,2069,963.082,9.727
CBM,53,reserve,2070,965.465,9.751
CBM,53,reserve,2071,967.817,9.775
CBM,53,reserve,2072,970.14,9.798
CBM,53,reserve,2073,972.431,9.822
CBM,53,reserve,2074,974.69,9.844
CBM,53,reserve,2075,976.923,9.867
CBM,53,reserve,2076,979.129,9.889
CBM,53,reserve,2077,981.307,9.911
CBM,53,reserve,2078,983.455,9.933
CBM,53,reserve,2079,985.575,9.954
CBM,53,reserve,2080,987.664,9.975
CBM,53,reserve,2081,989.722,9.996
CBM,53,reserve,2082,991.747,10.017
CBM,53,reserve,2083,993.741,10.037
CBM,53,reserve,2084,995.701,10.057
CBM,53,reserve,2085,997.631,10.076
CBM,53,reserve,2086,999.532,10.095
CBM,53,reserve,2087,1001.403,10.114
CBM,53,reserve,2088,1003.242,10.133
CBM,53,reserve,2089,1005.05,10.151
CBM,53,reserve,2090,1006.825,10.169
CBM,53,reserve,2091,1008.567,10.187
CBM,53,reserve,2092,1010.276,10.204
CBM,53,reserve,2093,1011.951,10.221
CBM,53,reserve,2094,1013.592,10.237
CBM,53,reserve,2095,1015.202,10.254
CBM,53,reserve,2096,1016.781,10.269
CBM,53,reserve,2097,1018.328,10.285
CBM,53,reserve,2098,1019.843,10.3
CBM,53,reserve,2099,1021.327,10.315
CBM,53,reserve,2100,1022.778,10.33
CBM,54,reserve,2025,438.59,5.658
CBM,54,reserve,2026,442.779,5.712
CBM,54,reserve,2027,446.941,5.766
CBM,54,reserve,2028,451.075,5.819
CBM,54,reserve,2029,455.183,5.872
CBM,54,reserve,2030,459.264,5.925
CBM,54,reserve,2031,463.318,5.977
CBM,54,reserve,2032,467.346,6.029
CBM,54,reserve,2033,471.347,6.08
CBM,54,reserve,2034,475.323,6.132
CBM,54,reserve,2035,479.273,6.183
CBM,54,reserve,2036,483.196,6.233
CBM,54,reserve,2037,487.095,6.284
CBM,54,reserve,2038,490.968,6.333
CBM,54,reserve,2039,494.816,6.383
CBM,54,reserve,2040,498.638,6.432
CBM,54,reserve,2041,502.436,6.481
CBM,54,reserve,2042,506.209,6.53
CBM,54,reserve,2043,509.958,6.578
CBM,54,reserve,2044,513.682,6.626
CBM,54,reserve,2045,517.381,6.674
CBM,54,reserve,2046,521.057,6.722
CBM,54,reserve,2047,524.709,6.769
CBM,54,reserve,2048,528.337,6.816
CBM,54,reserve,2049,531.941,6.862
CBM,54,reserve,2050,535.522,6.908
CBM,54,reserve,2051,539.08,6.954
CBM,54,reserve,2052,542.614,7
CBM,54,reserve,2053,546.125,7.045
CBM,54,reserve,2054,549.614,7.09
CBM,54,reserve,2055,553.079,7.135
CBM,54,reserve,2056,556.523,7.179
CBM,54,reserve,2057,559.943,7.223
CBM,54,reserve,2058,563.342,7.267
CBM,54,reserve,2059,566.718,7.311
CBM,54,reserve,2060,570.072,7.354
CBM,54,reserve,2061,573.405,7.397
CBM,54,reserve,2062,576.716,7.44
CBM,54,reserve,2063,580.005,7.482
CBM,54,reserve,2064,583.273,7.524
CBM,54,reserve,2065,586.519,7.566
CBM,54,reserve,2066,589.744,7.608
CBM,54,reserve,2067,592.949,7.649
CBM,54,reserve,2068,596.132,7.69
CBM,54,reserve,2069,599.295,7.731
CBM,54,reserve,2070,602.437,7.771
CBM,54,reserve,2071,605.559,7.812
CBM,54,reserve,2072,608.66,7.852
CBM,54,reserve,2073,611.741,7.891
CBM,54,reserve,2074,614.802,7.931
CBM,54,reserve,2075,617.843,7.97
CBM,54,reserve,2076,620.865,8.009
CBM,54,reserve,2077,623.866,8.048
CBM,54,reserve,2078,626.848,8.086
CBM,54,reserve,2079,629.811,8.125
CBM,54,reserve,2080,632.754,8.163
CBM,54,reserve,2081,635.678,8.2
CBM,54,reserve,2082,638.583,8.238
CBM,54,reserve,2083,641.47,8.275
CBM,54,reserve,2084,644.337,8.312
CBM,54,reserve,2085,647.186,8.349
CBM,54,reserve,2086,650.016,8.385
CBM,54,reserve,2087,652.828,8.421
CBM,54,reserve,2088,655.621,8.458
CBM,54,reserve,2089,658.396,8.493
CBM,54,reserve,2090,661.153,8.529
CBM,54,reserve,2091,663.893,8.564
CBM,54,reserve,2092,666.614,8.599
CBM,54,reserve,2093,669.318,8.634
CBM,54,reserve,2094,672.004,8.669
CBM,54,reserve,2095,674.672,8.703
CBM,54,reserve,2096,677.323,8.737
CBM,54,reserve,2097,679.957,8.771
CBM,54,reserve,2098,682.574,8.805
CBM,54,reserve,2099,685.173,8.839
CBM,54,reserve,2100,687.756,8.872
CBM,55,reserve,2025,396.22,3.17
CBM,55,reserve,2026,400.748,3.206
CBM,55,reserve,2027,405.232,3.242
CBM,55,reserve,2028,409.67,3.277
CBM,55,reserve,2029,414.064,3.313
CBM,55,reserve,2030,418.415,3.347
CBM,55,reserve,2031,422.722,3.382
CBM,55,reserve,2032,426.985,3.416
CBM,55,reserve,2033,431.207,3.45
CBM,55,reserve,2034,435.386,3.483
CBM,55,reserve,2035,439.523,3.516
CBM,55,reserve,2036,443.619,3.549
CBM,55,reserve,2037,447.674,3.581
CBM,55,reserve,2038,451.689,3.614
CBM,55,reserve,2039,455.664,3.645
CBM,55,reserve,2040,459.599,3.677
CBM,55,reserve,2041,463.494,3.708
CBM,55,reserve,2042,467.351,3.739
CBM,55,reserve,2043,471.169,3.769
CBM,55,reserve,2044,474.949,3.8
CBM,55,reserve,2045,478.692,3.83
CBM,55,reserve,2046,482.396,3.859
CBM,55,reserve,2047,486.064,3.889
CBM,55,reserve,2048,489.696,3.918
CBM,55,reserve,2049,493.291,3.946
CBM,55,reserve,2050,496.85,3.975
CBM,55,reserve,2051,500.374,4.003
CBM,55,reserve,2052,503.862,4.031
CBM,55,reserve,2053,507.316,4.059
CBM,55,reserve,2054,510.735,4.086
CBM,55,reserve,2055,514.12,4.113
CBM,55,reserve,2056,517.471,4.14
CBM,55,reserve,2057,520.789,4.166
CBM,55,reserve,2058,524.073,4.193
CBM,55,reserve,2059,527.325,4.219
CBM,55,reserve,2060,530.545,4.244
CBM,55,reserve,2061,533.732,4.27
CBM,55,reserve,2062,536.887,4.295
CBM,55,reserve,2063,540.011,4.32
CBM,55,reserve,2064,543.104,4.345
CBM,55,reserve,2065,546.165,4.369
CBM,55,reserve,2066,549.197,4.394
CBM,55,reserve,2067,552.198,4.418
CBM,55,reserve,2068,555.169,4.441
CBM,55,reserve,2069,558.11,4.465
CBM,55,reserve,2070,561.022,4.488
CBM,55,reserve,2071,563.905,4.511
CBM,55,reserve,2072,566.759,4.534
CBM,55,reserve,2073,569.584,4.557
CBM,55,reserve,2074,572.382,4.579
CBM,55,reserve,2075,575.151,4.601
CBM,55,reserve,2076,577.893,4.623
CBM,55,reserve,2077,580.607,4.645
CBM,55,reserve,2078,583.295,4.666
CBM,55,reserve,2079,585.955,4.688
CBM,55,reserve,2080,588.589,4.709
CBM,55,reserve,2081,591.196,4.73
CBM,55,reserve,2082,593.778,4.75
CBM,55,reserve,2083,596.334,4.771
CBM,55,reserve,2084,598.864,4.791
CBM,55,reserve,2085,601.369,4.811
CBM,55,reserve,2086,603.849,4.831
CBM,55,reserve,2087,606.304,4.85
CBM,55,reserve,2088,608.735,4.87
CBM,55,reserve,2089,611.141,4.889
CBM,55,reserve,2090,613.524,4.908
CBM,55,reserve,2091,615.882,4.927
CBM,55,reserve,2092,618.217,4.946
CBM,55,reserve,2093,620.529,4.964
CBM,55,reserve,2094,622.818,4.983
CBM,55,reserve,2095,625.084,5.001
CBM,55,reserve,2096,627.327,5.019
CBM,55,reserve,2097,629.548,5.036
CBM,55,reserve,2098,631.746,5.054
CBM,55,reserve,2099,633.923,5.071
CBM,55,reserve,2100,636.078,5.089
CBM,56,reserve,2025,131.59,2.553
CBM,56,reserve,2026,133.8,2.596
CBM,56,reserve,2027,135.987,2.638
CBM,56,reserve,2028,138.152,2.68
CBM,56,reserve,2029,140.294,2.722
CBM,56,reserve,2030,142.414,2.763
CBM,56,reserve,2031,144.51,2.803
CBM,56,reserve,2032,146.583,2.844
CBM,56,reserve,2033,148.633,2.883
CBM,56,reserve,2034,150.659,2.923
CBM,56,reserve,2035,152.659,2.962
CBM,56,reserve,2036,154.631,3
CBM,56,reserve,2037,156.577,3.038
CBM,56,reserve,2038,158.495,3.075
CBM,56,reserve,2039,160.386,3.111
CBM,56,reserve,2040,162.25,3.148
CBM,56,reserve,2041,164.086,3.183
CBM,56,reserve,2042,165.895,3.218
CBM,56,reserve,2043,167.676,3.253
CBM,56,reserve,2044,169.43,3.287
CBM,56,reserve,2045,171.157,3.32
CBM,56,reserve,2046,172.857,3.353
CBM,56,reserve,2047,174.53,3.386
CBM,56,reserve,2048,176.175,3.418
CBM,56,reserve,2049,177.794,3.449
CBM,56,reserve,2050,179.386,3.48
CBM,56,reserve,2051,180.95,3.51
CBM,56,reserve,2052,182.487,3.54
CBM,56,reserve,2053,183.997,3.57
CBM,56,reserve,2054,185.481,3.598
CBM,56,reserve,2055,186.941,3.627
CBM,56,reserve,2056,188.379,3.655
CBM,56,reserve,2057,189.795,3.682
CBM,56,reserve,2058,191.188,3.709
CBM,56,reserve,2059,192.559,3.736
CBM,56,reserve,2060,193.908,3.762
CBM,56,reserve,2061,195.234,3.788
CBM,56,reserve,2062,196.537,3.813
CBM,56,reserve,2063,197.819,3.838
CBM,56,reserve,2064,199.077,3.862
CBM,56,reserve,2065,200.315,3.886
CBM,56,reserve,2066,201.533,3.91
CBM,56,reserve,2067,202.73,3.933
CBM,56,reserve,2068,203.906,3.956
CBM,56,reserve,2069,205.062,3.978
CBM,56,reserve,2070,206.197,4
CBM,56,reserve,2071,207.311,4.022
CBM,56,reserve,2072,208.405,4.043
CBM,56,reserve,2073,209.479,4.064
CBM,56,reserve,2074,210.531,4.084
CBM,56,reserve,2075,211.567,4.104
CBM,56,reserve,2076,212.586,4.124
CBM,56,reserve,2077,213.588,4.144
CBM,56,reserve,2078,214.573,4.163
CBM,56,reserve,2079,215.541,4.181
CBM,56,reserve,2080,216.492,4.2
CBM,56,reserve,2081,217.426,4.218
CBM,56,reserve,2082,218.343,4.236
CBM,56,reserve,2083,219.243,4.253
CBM,56,reserve,2084,220.126,4.27
CBM,56,reserve,2085,220.993,4.287
CBM,56,reserve,2086,221.843,4.304
CBM,56,reserve,2087,222.676,4.32
CBM,56,reserve,2088,223.492,4.336
CBM,56,reserve,2089,224.292,4.351
CBM,56,reserve,2090,225.075,4.366
CBM,56,reserve,2091,225.841,4.381
CBM,56,reserve,2092,226.591,4.396
CBM,56,reserve,2093,227.324,4.41
CBM,56,reserve,2094,228.04,4.424
CBM,56,reserve,2095,228.743,4.438
CBM,56,reserve,2096,229.434,4.451
CBM,56,reserve,2097,230.111,4.464
CBM,56,reserve,2098,230.775,4.477
CBM,56,reserve,2099,231.426,4.49
CBM,56,reserve,2100,232.064,4.502
