model,dom,scenario,year,forest_TgC,hwp_TgC,total_TgC,forest_TgC_se
LANDIS,01,reserve,2025,558.05,0,558.05,5.692
LANDIS,01,reserve,2026,571.311,0,571.311,5.827
LANDIS,01,reserve,2027,584.495,0,584.495,5.962
LANDIS,01,reserve,2028,597.606,0,597.606,6.096
LANDIS,01,reserve,2029,610.644,0,610.644,6.229
LANDIS,01,reserve,2030,623.61,0,623.61,6.361
LANDIS,01,reserve,2031,636.506,0,636.506,6.492
LANDIS,01,reserve,2032,649.332,0,649.332,6.623
LANDIS,01,reserve,2033,662.091,0,662.091,6.753
LANDIS,01,reserve,2034,674.783,0,674.783,6.883
LANDIS,01,reserve,2035,687.361,0,687.361,7.011
LANDIS,01,reserve,2036,699.828,0,699.828,7.138
LANDIS,01,reserve,2037,712.184,0,712.184,7.264
LANDIS,01,reserve,2038,724.431,0,724.431,7.389
LANDIS,01,reserve,2039,736.571,0,736.571,7.513
LANDIS,01,reserve,2040,748.603,0,748.603,7.636
LANDIS,01,reserve,2041,760.53,0,760.53,7.757
LANDIS,01,reserve,2042,772.353,0,772.353,7.878
LANDIS,01,reserve,2043,784.072,0,784.072,7.998
LANDIS,01,reserve,2044,795.69,0,795.69,8.116
LANDIS,01,reserve,2045,807.182,0,807.182,8.233
LANDIS,01,reserve,2046,818.55,0,818.55,8.349
LANDIS,01,reserve,2047,829.796,0,829.796,8.464
LANDIS,01,reserve,2048,840.919,0,840.919,8.577
LANDIS,01,reserve,2049,851.922,0,851.922,8.69
LANDIS,01,reserve,2050,862.805,0,862.805,8.801
LANDIS,01,reserve,2051,873.569,0,873.569,8.91
LANDIS,01,reserve,2052,884.215,0,884.215,9.019
LANDIS,01,reserve,2053,894.744,0,894.744,9.126
LANDIS,01,reserve,2054,905.156,0,905.156,9.233
LANDIS,01,reserve,2055,915.445,0,915.445,9.338
LANDIS,01,reserve,2056,925.61,0,925.61,9.441
LANDIS,01,reserve,2057,935.653,0,935.653,9.544
LANDIS,01,reserve,2058,945.575,0,945.575,9.645
LANDIS,01,reserve,2059,955.376,0,955.376,9.745
LANDIS,01,reserve,2060,965.056,0,965.056,9.844
LANDIS,01,reserve,2061,974.617,0,974.617,9.941
LANDIS,01,reserve,2062,984.06,0,984.06,10.037
LANDIS,01,reserve,2063,993.384,0,993.384,10.133
LANDIS,01,reserve,2064,1002.591,0,1002.591,10.226
LANDIS,01,reserve,2065,1011.68,0,1011.68,10.319
LANDIS,01,reserve,2066,1020.653,0,1020.653,10.411
LANDIS,01,reserve,2067,1029.508,0,1029.508,10.501
LANDIS,01,reserve,2068,1038.247,0,1038.247,10.59
LANDIS,01,reserve,2069,1046.871,0,1046.871,10.678
LANDIS,01,reserve,2070,1055.38,0,1055.38,10.765
LANDIS,01,reserve,2071,1063.775,0,1063.775,10.85
LANDIS,01,reserve,2072,1072.055,0,1072.055,10.935
LANDIS,01,reserve,2073,1080.222,0,1080.222,11.018
LANDIS,01,reserve,2074,1088.276,0,1088.276,11.1
LANDIS,01,reserve,2075,1096.223,0,1096.223,11.181
LANDIS,01,reserve,2076,1104.062,0,1104.062,11.261
LANDIS,01,reserve,2077,1111.794,0,1111.794,11.34
LANDIS,01,reserve,2078,1119.419,0,1119.419,11.418
LANDIS,01,reserve,2079,1126.938,0,1126.938,11.495
LANDIS,01,reserve,2080,1134.352,0,1134.352,11.57
LANDIS,01,reserve,2081,1141.66,0,1141.66,11.645
LANDIS,01,reserve,2082,1148.862,0,1148.862,11.718
LANDIS,01,reserve,2083,1155.961,0,1155.961,11.791
LANDIS,01,reserve,2084,1162.955,0,1162.955,11.862
LANDIS,01,reserve,2085,1169.851,0,1169.851,11.932
LANDIS,01,reserve,2086,1176.65,0,1176.65,12.002
LANDIS,01,reserve,2087,1183.352,0,1183.352,12.07
LANDIS,01,reserve,2088,1189.957,0,1189.957,12.138
LANDIS,01,reserve,2089,1196.466,0,1196.466,12.204
LANDIS,01,reserve,2090,1202.879,0,1202.879,12.269
LANDIS,01,reserve,2091,1209.195,0,1209.195,12.334
LANDIS,01,reserve,2092,1215.416,0,1215.416,12.397
LANDIS,01,reserve,2093,1221.542,0,1221.542,12.46
LANDIS,01,reserve,2094,1227.573,0,1227.573,12.521
LANDIS,01,reserve,2095,1233.517,0,1233.517,12.582
LANDIS,01,reserve,2096,1239.376,0,1239.376,12.642
LANDIS,01,reserve,2097,1245.149,0,1245.149,12.701
LANDIS,01,reserve,2098,1250.837,0,1250.837,12.759
LANDIS,01,reserve,2099,1256.44,0,1256.44,12.816
LANDIS,01,reserve,2100,1261.958,0,1261.958,12.872
LANDIS,01,BAU,2025,558.05,0,558.05,5.692
LANDIS,01,BAU,2026,565.572,2.87,568.441,5.769
LANDIS,01,BAU,2027,572.94,5.574,578.514,5.844
LANDIS,01,BAU,2028,580.158,8.141,588.299,5.918
LANDIS,01,BAU,2029,587.23,10.593,597.822,5.99
LANDIS,01,BAU,2030,594.157,12.947,607.104,6.06
LANDIS,01,BAU,2031,600.942,15.22,616.163,6.13
LANDIS,01,BAU,2032,607.588,17.424,625.012,6.197
LANDIS,01,BAU,2033,614.099,19.57,633.668,6.264
LANDIS,01,BAU,2034,620.475,21.665,642.14,6.329
LANDIS,01,BAU,2035,626.672,23.717,650.389,6.392
LANDIS,01,BAU,2036,632.694,25.731,658.425,6.453
LANDIS,01,BAU,2037,638.544,27.712,666.256,6.513
LANDIS,01,BAU,2038,644.224,29.663,673.887,6.571
LANDIS,01,BAU,2039,649.739,31.589,681.327,6.627
LANDIS,01,BAU,2040,655.089,33.49,688.578,6.682
LANDIS,01,BAU,2041,660.279,35.369,695.647,6.735
LANDIS,01,BAU,2042,665.311,37.227,702.538,6.786
LANDIS,01,BAU,2043,670.188,39.066,709.254,6.836
LANDIS,01,BAU,2044,674.914,40.887,715.801,6.884
LANDIS,01,BAU,2045,679.465,42.691,722.156,6.931
LANDIS,01,BAU,2046,683.845,44.477,728.323,6.975
LANDIS,01,BAU,2047,688.058,46.248,734.306,7.018
LANDIS,01,BAU,2048,692.105,48.001,740.107,7.059
LANDIS,01,BAU,2049,695.991,49.739,745.73,7.099
LANDIS,01,BAU,2050,699.716,51.461,751.177,7.137
LANDIS,01,BAU,2051,703.284,53.167,756.451,7.173
LANDIS,01,BAU,2052,706.697,54.857,761.554,7.208
LANDIS,01,BAU,2053,709.959,56.531,766.489,7.242
LANDIS,01,BAU,2054,713.069,58.189,771.258,7.273
LANDIS,01,BAU,2055,716.025,59.831,775.856,7.303
LANDIS,01,BAU,2056,718.826,61.457,780.283,7.332
LANDIS,01,BAU,2057,721.477,63.066,784.543,7.359
LANDIS,01,BAU,2058,723.979,64.659,788.638,7.385
LANDIS,01,BAU,2059,726.335,66.236,792.571,7.409
LANDIS,01,BAU,2060,728.545,67.796,796.341,7.431
LANDIS,01,BAU,2061,730.613,69.339,799.952,7.452
LANDIS,01,BAU,2062,732.543,70.864,803.407,7.472
LANDIS,01,BAU,2063,734.333,72.373,806.706,7.49
LANDIS,01,BAU,2064,735.988,73.865,809.853,7.507
LANDIS,01,BAU,2065,737.508,75.339,812.847,7.523
LANDIS,01,BAU,2066,738.897,76.795,815.692,7.537
LANDIS,01,BAU,2067,740.153,78.234,818.386,7.55
LANDIS,01,BAU,2068,741.28,79.655,820.935,7.561
LANDIS,01,BAU,2069,742.28,81.058,823.338,7.571
LANDIS,01,BAU,2070,743.156,82.443,825.599,7.58
LANDIS,01,BAU,2071,743.908,83.81,827.718,7.588
LANDIS,01,BAU,2072,744.538,85.158,829.696,7.594
LANDIS,01,BAU,2073,745.048,86.489,831.536,7.599
LANDIS,01,BAU,2074,745.44,87.801,833.24,7.603
LANDIS,01,BAU,2075,745.72,89.094,834.814,7.606
LANDIS,01,BAU,2076,745.89,90.369,836.259,7.608
LANDIS,01,BAU,2077,745.951,91.625,837.577,7.609
LANDIS,01,BAU,2078,745.905,92.863,838.768,7.608
LANDIS,01,BAU,2079,745.753,94.082,839.835,7.607
LANDIS,01,BAU,2080,745.498,95.283,840.78,7.604
LANDIS,01,BAU,2081,745.139,96.464,841.603,7.6
LANDIS,01,BAU,2082,744.678,97.627,842.305,7.596
LANDIS,01,BAU,2083,744.118,98.771,842.89,7.59
LANDIS,01,BAU,2084,743.46,99.897,843.356,7.583
LANDIS,01,BAU,2085,742.71,101.003,843.713,7.576
LANDIS,01,BAU,2086,741.871,102.091,843.962,7.567
LANDIS,01,BAU,2087,740.943,103.16,844.103,7.558
LANDIS,01,BAU,2088,739.928,104.21,844.138,7.547
LANDIS,01,BAU,2089,738.828,105.241,844.069,7.536
LANDIS,01,BAU,2090,737.643,106.254,843.897,7.524
LANDIS,01,BAU,2091,736.373,107.248,843.621,7.511
LANDIS,01,BAU,2092,735.021,108.224,843.244,7.497
LANDIS,01,BAU,2093,733.588,109.181,842.768,7.483
LANDIS,01,BAU,2094,732.074,110.119,842.193,7.467
LANDIS,01,BAU,2095,730.49,111.038,841.528,7.451
LANDIS,01,BAU,2096,728.836,111.94,840.776,7.434
LANDIS,01,BAU,2097,727.114,112.822,839.936,7.417
LANDIS,01,BAU,2098,725.324,113.687,839.011,7.398
LANDIS,01,BAU,2099,723.468,114.533,838.001,7.379
LANDIS,01,BAU,2100,721.546,115.361,836.907,7.36
LANDIS,01,conservation,2025,558.05,0,558.05,5.692
LANDIS,01,conservation,2026,569.223,1.044,570.267,5.806
LANDIS,01,conservation,2027,580.277,2.035,582.312,5.919
LANDIS,01,conservation,2028,591.216,2.982,594.198,6.03
LANDIS,01,conservation,2029,602.042,3.894,605.935,6.141
LANDIS,01,conservation,2030,612.755,4.776,617.53,6.25
LANDIS,01,conservation,2031,623.358,5.633,628.991,6.358
LANDIS,01,conservation,2032,633.851,6.471,640.322,6.465
LANDIS,01,conservation,2033,644.238,7.293,651.531,6.571
LANDIS,01,conservation,2034,654.519,8.101,662.62,6.676
LANDIS,01,conservation,2035,664.648,8.899,673.546,6.779
LANDIS,01,conservation,2036,674.627,9.687,684.314,6.881
LANDIS,01,conservation,2037,684.459,10.468,694.927,6.981
LANDIS,01,conservation,2038,694.144,11.243,705.387,7.08
LANDIS,01,conservation,2039,703.687,12.012,715.699,7.178
LANDIS,01,conservation,2040,713.085,12.777,725.862,7.273
LANDIS,01,conservation,2041,722.344,13.538,735.882,7.368
LANDIS,01,conservation,2042,731.464,14.296,745.76,7.461
LANDIS,01,conservation,2043,740.445,15.051,755.497,7.553
LANDIS,01,conservation,2044,749.293,15.804,765.096,7.643
LANDIS,01,conservation,2045,757.981,16.554,774.535,7.731
LANDIS,01,conservation,2046,766.512,17.302,783.814,7.818
LANDIS,01,conservation,2047,774.89,18.048,792.937,7.904
LANDIS,01,conservation,2048,783.113,18.791,801.904,7.988
LANDIS,01,conservation,2049,791.185,19.533,810.718,8.07
LANDIS,01,conservation,2050,799.108,20.273,819.38,8.151
LANDIS,01,conservation,2051,806.881,21.01,827.891,8.23
LANDIS,01,conservation,2052,814.508,21.745,836.253,8.308
LANDIS,01,conservation,2053,821.989,22.478,844.467,8.384
LANDIS,01,conservation,2054,829.324,23.209,852.534,8.459
LANDIS,01,conservation,2055,836.51,23.938,860.448,8.532
LANDIS,01,conservation,2056,843.545,24.664,868.208,8.604
LANDIS,01,conservation,2057,850.431,25.387,875.818,8.674
LANDIS,01,conservation,2058,857.17,26.108,883.278,8.743
LANDIS,01,conservation,2059,863.764,26.826,890.589,8.81
LANDIS,01,conservation,2060,870.211,27.541,897.752,8.876
LANDIS,01,conservation,2061,876.516,28.253,904.768,8.94
LANDIS,01,conservation,2062,882.679,28.962,911.64,9.003
LANDIS,01,conservation,2063,888.7,29.667,918.367,9.065
LANDIS,01,conservation,2064,894.581,30.37,924.951,9.125
LANDIS,01,conservation,2065,900.322,31.069,931.391,9.183
LANDIS,01,conservation,2066,905.926,31.765,937.691,9.24
LANDIS,01,conservation,2067,911.391,32.457,943.848,9.296
LANDIS,01,conservation,2068,916.719,33.145,949.864,9.351
LANDIS,01,conservation,2069,921.913,33.83,955.742,9.404
LANDIS,01,conservation,2070,926.972,34.51,961.482,9.455
LANDIS,01,conservation,2071,931.898,35.187,967.085,9.505
LANDIS,01,conservation,2072,936.69,35.86,972.55,9.554
LANDIS,01,conservation,2073,941.352,36.528,977.881,9.602
LANDIS,01,conservation,2074,945.883,37.193,983.076,9.648
LANDIS,01,conservation,2075,950.291,37.853,988.144,9.693
LANDIS,01,conservation,2076,954.574,38.509,993.082,9.737
LANDIS,01,conservation,2077,958.733,39.16,997.893,9.779
LANDIS,01,conservation,2078,962.771,39.807,1002.577,9.82
LANDIS,01,conservation,2079,966.687,40.449,1007.135,9.86
LANDIS,01,conservation,2080,970.483,41.086,1011.569,9.899
LANDIS,01,conservation,2081,974.159,41.719,1015.878,9.936
LANDIS,01,conservation,2082,977.716,42.347,1020.063,9.973
LANDIS,01,conservation,2083,981.156,42.97,1024.126,10.008
LANDIS,01,conservation,2084,984.478,43.589,1028.067,10.042
LANDIS,01,conservation,2085,987.69,44.202,1031.892,10.074
LANDIS,01,conservation,2086,990.793,44.81,1035.603,10.106
LANDIS,01,conservation,2087,993.787,45.414,1039.201,10.137
LANDIS,01,conservation,2088,996.673,46.012,1042.685,10.166
LANDIS,01,conservation,2089,999.453,46.605,1046.058,10.194
LANDIS,01,conservation,2090,1002.126,47.193,1049.318,10.222
LANDIS,01,conservation,2091,1004.691,47.776,1052.467,10.248
LANDIS,01,conservation,2092,1007.153,48.353,1055.506,10.273
LANDIS,01,conservation,2093,1009.51,48.925,1058.435,10.297
LANDIS,01,conservation,2094,1011.763,49.492,1061.255,10.32
LANDIS,01,conservation,2095,1013.921,50.054,1063.974,10.342
LANDIS,01,conservation,2096,1015.985,50.61,1066.595,10.363
LANDIS,01,conservation,2097,1017.956,51.161,1069.117,10.383
LANDIS,01,conservation,2098,1019.835,51.706,1071.541,10.402
LANDIS,01,conservation,2099,1021.622,52.246,1073.867,10.421
LANDIS,01,conservation,2100,1023.316,52.78,1076.097,10.438
LANDIS,01,intensive,2025,558.05,0,558.05,5.692
LANDIS,01,intensive,2026,558.162,6.574,564.737,5.693
LANDIS,01,intensive,2027,558.195,12.684,570.878,5.694
LANDIS,01,intensive,2028,558.154,18.397,576.551,5.693
LANDIS,01,intensive,2029,558.04,23.772,581.813,5.692
LANDIS,01,intensive,2030,557.858,28.856,586.714,5.69
LANDIS,01,intensive,2031,557.61,33.689,591.299,5.688
LANDIS,01,intensive,2032,557.297,38.304,595.601,5.684
LANDIS,01,intensive,2033,556.925,42.727,599.652,5.681
LANDIS,01,intensive,2034,556.495,46.981,603.476,5.676
LANDIS,01,intensive,2035,555.961,51.086,607.047,5.671
LANDIS,01,intensive,2036,555.328,55.056,610.384,5.664
LANDIS,01,intensive,2037,554.6,58.904,613.503,5.657
LANDIS,01,intensive,2038,553.779,62.64,616.419,5.649
LANDIS,01,intensive,2039,552.871,66.274,619.145,5.639
LANDIS,01,intensive,2040,551.876,69.812,621.688,5.629
LANDIS,01,intensive,2041,550.8,73.261,624.061,5.618
LANDIS,01,intensive,2042,549.645,76.626,626.271,5.606
LANDIS,01,intensive,2043,548.413,79.912,628.325,5.594
LANDIS,01,intensive,2044,547.11,83.121,630.231,5.581
LANDIS,01,intensive,2045,545.711,86.258,631.969,5.566
LANDIS,01,intensive,2046,544.22,89.325,633.546,5.551
LANDIS,01,intensive,2047,542.644,92.324,634.968,5.535
LANDIS,01,intensive,2048,540.981,95.257,636.238,5.518
LANDIS,01,intensive,2049,539.237,98.125,637.362,5.5
LANDIS,01,intensive,2050,537.415,100.929,638.344,5.482
LANDIS,01,intensive,2051,535.516,103.672,639.188,5.462
LANDIS,01,intensive,2052,533.544,106.354,639.898,5.442
LANDIS,01,intensive,2053,531.502,108.976,640.478,5.421
LANDIS,01,intensive,2054,529.391,111.539,640.93,5.4
LANDIS,01,intensive,2055,527.206,114.044,641.25,5.377
LANDIS,01,intensive,2056,524.949,116.492,641.441,5.354
LANDIS,01,intensive,2057,522.623,118.883,641.506,5.331
LANDIS,01,intensive,2058,520.231,121.217,641.449,5.306
LANDIS,01,intensive,2059,517.775,123.497,641.271,5.281
LANDIS,01,intensive,2060,515.255,125.721,640.976,5.256
LANDIS,01,intensive,2061,512.675,127.891,640.567,5.229
LANDIS,01,intensive,2062,510.039,130.008,640.046,5.202
LANDIS,01,intensive,2063,507.345,132.071,639.416,5.175
LANDIS,01,intensive,2064,504.598,134.081,638.679,5.147
LANDIS,01,intensive,2065,501.798,136.039,637.837,5.118
LANDIS,01,intensive,2066,498.947,137.946,636.893,5.089
LANDIS,01,intensive,2067,496.046,139.801,635.848,5.06
LANDIS,01,intensive,2068,493.097,141.606,634.704,5.03
LANDIS,01,intensive,2069,490.103,143.361,633.464,4.999
LANDIS,01,intensive,2070,487.064,145.066,632.131,4.968
LANDIS,01,intensive,2071,483.983,146.723,630.706,4.937
LANDIS,01,intensive,2072,480.859,148.33,629.189,4.905
LANDIS,01,intensive,2073,477.696,149.89,627.586,4.872
LANDIS,01,intensive,2074,474.495,151.402,625.896,4.84
LANDIS,01,intensive,2075,471.262,152.867,624.128,4.807
LANDIS,01,intensive,2076,467.997,154.285,622.282,4.774
LANDIS,01,intensive,2077,464.702,155.657,620.359,4.74
LANDIS,01,intensive,2078,461.378,156.984,618.362,4.706
LANDIS,01,intensive,2079,458.026,158.267,616.292,4.672
LANDIS,01,intensive,2080,454.648,159.505,614.152,4.637
LANDIS,01,intensive,2081,451.243,160.699,611.942,4.603
LANDIS,01,intensive,2082,447.813,161.85,609.663,4.568
LANDIS,01,intensive,2083,444.361,162.958,607.318,4.532
LANDIS,01,intensive,2084,440.885,164.024,604.908,4.497
LANDIS,01,intensive,2085,437.393,165.048,602.44,4.461
LANDIS,01,intensive,2086,433.886,166.031,599.917,4.426
LANDIS,01,intensive,2087,430.365,166.973,597.338,4.39
LANDIS,01,intensive,2088,426.829,167.876,594.705,4.354
LANDIS,01,intensive,2089,423.281,168.739,592.02,4.317
LANDIS,01,intensive,2090,419.721,169.563,589.284,4.281
LANDIS,01,intensive,2091,416.148,170.349,586.497,4.245
LANDIS,01,intensive,2092,412.563,171.097,583.66,4.208
LANDIS,01,intensive,2093,408.968,171.808,580.776,4.171
LANDIS,01,intensive,2094,405.363,172.482,577.845,4.135
LANDIS,01,intensive,2095,401.756,173.119,574.875,4.098
LANDIS,01,intensive,2096,398.149,173.721,571.87,4.061
LANDIS,01,intensive,2097,394.541,174.288,568.829,4.024
LANDIS,01,intensive,2098,390.933,174.821,565.753,3.988
LANDIS,01,intensive,2099,387.324,175.319,562.643,3.951
LANDIS,01,intensive,2100,383.716,175.784,559.5,3.914
LANDIS,04,reserve,2025,135.23,0,135.23,2.421
LANDIS,04,reserve,2026,137.739,0,137.739,2.466
LANDIS,04,reserve,2027,140.217,0,140.217,2.51
LANDIS,04,reserve,2028,142.664,0,142.664,2.554
LANDIS,04,reserve,2029,145.08,0,145.08,2.597
LANDIS,04,reserve,2030,147.466,0,147.466,2.64
LANDIS,04,reserve,2031,149.82,0,149.82,2.682
LANDIS,04,reserve,2032,152.145,0,152.145,2.723
LANDIS,04,reserve,2033,154.438,0,154.438,2.764
LANDIS,04,reserve,2034,156.637,0,156.637,2.804
LANDIS,04,reserve,2035,158.807,0,158.807,2.843
LANDIS,04,reserve,2036,160.948,0,160.948,2.881
LANDIS,04,reserve,2037,163.061,0,163.061,2.919
LANDIS,04,reserve,2038,165.145,0,165.145,2.956
LANDIS,04,reserve,2039,167.199,0,167.199,2.993
LANDIS,04,reserve,2040,169.224,0,169.224,3.029
LANDIS,04,reserve,2041,171.218,0,171.218,3.065
LANDIS,04,reserve,2042,173.183,0,173.183,3.1
LANDIS,04,reserve,2043,175.118,0,175.118,3.135
LANDIS,04,reserve,2044,177.022,0,177.022,3.169
LANDIS,04,reserve,2045,178.897,0,178.897,3.202
LANDIS,04,reserve,2046,180.742,0,180.742,3.235
LANDIS,04,reserve,2047,182.558,0,182.558,3.268
LANDIS,04,reserve,2048,184.344,0,184.344,3.3
LANDIS,04,reserve,2049,186.1,0,186.1,3.331
LANDIS,04,reserve,2050,187.827,0,187.827,3.362
LANDIS,04,reserve,2051,189.523,0,189.523,3.392
LANDIS,04,reserve,2052,191.189,0,191.189,3.422
LANDIS,04,reserve,2053,192.826,0,192.826,3.452
LANDIS,04,reserve,2054,194.432,0,194.432,3.48
LANDIS,04,reserve,2055,196.013,0,196.013,3.509
LANDIS,04,reserve,2056,197.568,0,197.568,3.536
LANDIS,04,reserve,2057,199.099,0,199.099,3.564
LANDIS,04,reserve,2058,200.603,0,200.603,3.591
LANDIS,04,reserve,2059,202.082,0,202.082,3.617
LANDIS,04,reserve,2060,203.536,0,203.536,3.643
LANDIS,04,reserve,2061,204.964,0,204.964,3.669
LANDIS,04,reserve,2062,206.366,0,206.366,3.694
LANDIS,04,reserve,2063,207.743,0,207.743,3.719
LANDIS,04,reserve,2064,209.095,0,209.095,3.743
LANDIS,04,reserve,2065,210.423,0,210.423,3.767
LANDIS,04,reserve,2066,211.728,0,211.728,3.79
LANDIS,04,reserve,2067,213.011,0,213.011,3.813
LANDIS,04,reserve,2068,214.27,0,214.27,3.835
LANDIS,04,reserve,2069,215.507,0,215.507,3.858
LANDIS,04,reserve,2070,216.721,0,216.721,3.879
LANDIS,04,reserve,2071,217.911,0,217.911,3.901
LANDIS,04,reserve,2072,219.079,0,219.079,3.922
LANDIS,04,reserve,2073,220.223,0,220.223,3.942
LANDIS,04,reserve,2074,221.345,0,221.345,3.962
LANDIS,04,reserve,2075,222.447,0,222.447,3.982
LANDIS,04,reserve,2076,223.531,0,223.531,4.001
LANDIS,04,reserve,2077,224.595,0,224.595,4.02
LANDIS,04,reserve,2078,225.641,0,225.641,4.039
LANDIS,04,reserve,2079,226.667,0,226.667,4.057
LANDIS,04,reserve,2080,227.675,0,227.675,4.075
LANDIS,04,reserve,2081,228.663,0,228.663,4.093
LANDIS,04,reserve,2082,229.632,0,229.632,4.11
LANDIS,04,reserve,2083,230.582,0,230.582,4.127
LANDIS,04,reserve,2084,231.513,0,231.513,4.144
LANDIS,04,reserve,2085,232.427,0,232.427,4.16
LANDIS,04,reserve,2086,233.322,0,233.322,4.176
LANDIS,04,reserve,2087,234.2,0,234.2,4.192
LANDIS,04,reserve,2088,235.06,0,235.06,4.208
LANDIS,04,reserve,2089,235.902,0,235.902,4.223
LANDIS,04,reserve,2090,236.726,0,236.726,4.237
LANDIS,04,reserve,2091,237.533,0,237.533,4.252
LANDIS,04,reserve,2092,238.322,0,238.322,4.266
LANDIS,04,reserve,2093,239.093,0,239.093,4.28
LANDIS,04,reserve,2094,239.846,0,239.846,4.293
LANDIS,04,reserve,2095,240.585,0,240.585,4.306
LANDIS,04,reserve,2096,241.311,0,241.311,4.319
LANDIS,04,reserve,2097,242.022,0,242.022,4.332
LANDIS,04,reserve,2098,242.719,0,242.719,4.345
LANDIS,04,reserve,2099,243.402,0,243.402,4.357
LANDIS,04,reserve,2100,244.071,0,244.071,4.369
LANDIS,04,BAU,2025,135.23,0,135.23,2.421
LANDIS,04,BAU,2026,137.739,0,137.739,2.466
LANDIS,04,BAU,2027,140.217,0,140.217,2.51
LANDIS,04,BAU,2028,142.664,0,142.664,2.554
LANDIS,04,BAU,2029,145.08,0,145.08,2.597
LANDIS,04,BAU,2030,147.466,0,147.466,2.64
LANDIS,04,BAU,2031,149.82,0,149.82,2.682
LANDIS,04,BAU,2032,152.145,0,152.145,2.723
LANDIS,04,BAU,2033,154.438,0,154.438,2.764
LANDIS,04,BAU,2034,156.637,0,156.637,2.804
LANDIS,04,BAU,2035,158.807,0,158.807,2.843
LANDIS,04,BAU,2036,160.948,0,160.948,2.881
LANDIS,04,BAU,2037,163.061,0,163.061,2.919
LANDIS,04,BAU,2038,165.145,0,165.145,2.956
LANDIS,04,BAU,2039,167.199,0,167.199,2.993
LANDIS,04,BAU,2040,169.224,0,169.224,3.029
LANDIS,04,BAU,2041,171.218,0,171.218,3.065
LANDIS,04,BAU,2042,173.183,0,173.183,3.1
LANDIS,04,BAU,2043,175.118,0,175.118,3.135
LANDIS,04,BAU,2044,177.022,0,177.022,3.169
LANDIS,04,BAU,2045,178.897,0,178.897,3.202
LANDIS,04,BAU,2046,180.742,0,180.742,3.235
LANDIS,04,BAU,2047,182.558,0,182.558,3.268
LANDIS,04,BAU,2048,184.344,0,184.344,3.3
LANDIS,04,BAU,2049,186.1,0,186.1,3.331
LANDIS,04,BAU,2050,187.827,0,187.827,3.362
LANDIS,04,BAU,2051,189.523,0,189.523,3.392
LANDIS,04,BAU,2052,191.189,0,191.189,3.422
LANDIS,04,BAU,2053,192.826,0,192.826,3.452
LANDIS,04,BAU,2054,194.432,0,194.432,3.48
LANDIS,04,BAU,2055,196.013,0,196.013,3.509
LANDIS,04,BAU,2056,197.568,0,197.568,3.536
LANDIS,04,BAU,2057,199.099,0,199.099,3.564
LANDIS,04,BAU,2058,200.603,0,200.603,3.591
LANDIS,04,BAU,2059,202.082,0,202.082,3.617
LANDIS,04,BAU,2060,203.536,0,203.536,3.643
LANDIS,04,BAU,2061,204.964,0,204.964,3.669
LANDIS,04,BAU,2062,206.366,0,206.366,3.694
LANDIS,04,BAU,2063,207.743,0,207.743,3.719
LANDIS,04,BAU,2064,209.095,0,209.095,3.743
LANDIS,04,BAU,2065,210.423,0,210.423,3.767
LANDIS,04,BAU,2066,211.728,0,211.728,3.79
LANDIS,04,BAU,2067,213.011,0,213.011,3.813
LANDIS,04,BAU,2068,214.27,0,214.27,3.835
LANDIS,04,BAU,2069,215.507,0,215.507,3.858
LANDIS,04,BAU,2070,216.721,0,216.721,3.879
LANDIS,04,BAU,2071,217.911,0,217.911,3.901
LANDIS,04,BAU,2072,219.079,0,219.079,3.922
LANDIS,04,BAU,2073,220.223,0,220.223,3.942
LANDIS,04,BAU,2074,221.345,0,221.345,3.962
LANDIS,04,BAU,2075,222.447,0,222.447,3.982
LANDIS,04,BAU,2076,223.531,0,223.531,4.001
LANDIS,04,BAU,2077,224.595,0,224.595,4.02
LANDIS,04,BAU,2078,225.641,0,225.641,4.039
LANDIS,04,BAU,2079,226.667,0,226.667,4.057
LANDIS,04,BAU,2080,227.675,0,227.675,4.075
LANDIS,04,BAU,2081,228.663,0,228.663,4.093
LANDIS,04,BAU,2082,229.632,0,229.632,4.11
LANDIS,04,BAU,2083,230.582,0,230.582,4.127
LANDIS,04,BAU,2084,231.513,0,231.513,4.144
LANDIS,04,BAU,2085,232.427,0,232.427,4.16
LANDIS,04,BAU,2086,233.322,0,233.322,4.176
LANDIS,04,BAU,2087,234.2,0,234.2,4.192
LANDIS,04,BAU,2088,235.06,0,235.06,4.208
LANDIS,04,BAU,2089,235.902,0,235.902,4.223
LANDIS,04,BAU,2090,236.726,0,236.726,4.237
LANDIS,04,BAU,2091,237.533,0,237.533,4.252
LANDIS,04,BAU,2092,238.322,0,238.322,4.266
LANDIS,04,BAU,2093,239.093,0,239.093,4.28
LANDIS,04,BAU,2094,239.846,0,239.846,4.293
LANDIS,04,BAU,2095,240.585,0,240.585,4.306
LANDIS,04,BAU,2096,241.311,0,241.311,4.319
LANDIS,04,BAU,2097,242.022,0,242.022,4.332
LANDIS,04,BAU,2098,242.719,0,242.719,4.345
LANDIS,04,BAU,2099,243.402,0,243.402,4.357
LANDIS,04,BAU,2100,244.071,0,244.071,4.369
LANDIS,04,conservation,2025,135.23,0,135.23,2.421
LANDIS,04,conservation,2026,137.739,0,137.739,2.466
LANDIS,04,conservation,2027,140.217,0,140.217,2.51
LANDIS,04,conservation,2028,142.664,0,142.664,2.554
LANDIS,04,conservation,2029,145.08,0,145.08,2.597
LANDIS,04,conservation,2030,147.466,0,147.466,2.64
LANDIS,04,conservation,2031,149.82,0,149.82,2.682
LANDIS,04,conservation,2032,152.145,0,152.145,2.723
LANDIS,04,conservation,2033,154.438,0,154.438,2.764
LANDIS,04,conservation,2034,156.637,0,156.637,2.804
LANDIS,04,conservation,2035,158.807,0,158.807,2.843
LANDIS,04,conservation,2036,160.948,0,160.948,2.881
LANDIS,04,conservation,2037,163.061,0,163.061,2.919
LANDIS,04,conservation,2038,165.145,0,165.145,2.956
LANDIS,04,conservation,2039,167.199,0,167.199,2.993
LANDIS,04,conservation,2040,169.224,0,169.224,3.029
LANDIS,04,conservation,2041,171.218,0,171.218,3.065
LANDIS,04,conservation,2042,173.183,0,173.183,3.1
LANDIS,04,conservation,2043,175.118,0,175.118,3.135
LANDIS,04,conservation,2044,177.022,0,177.022,3.169
LANDIS,04,conservation,2045,178.897,0,178.897,3.202
LANDIS,04,conservation,2046,180.742,0,180.742,3.235
LANDIS,04,conservation,2047,182.558,0,182.558,3.268
LANDIS,04,conservation,2048,184.344,0,184.344,3.3
LANDIS,04,conservation,2049,186.1,0,186.1,3.331
LANDIS,04,conservation,2050,187.827,0,187.827,3.362
LANDIS,04,conservation,2051,189.523,0,189.523,3.392
LANDIS,04,conservation,2052,191.189,0,191.189,3.422
LANDIS,04,conservation,2053,192.826,0,192.826,3.452
LANDIS,04,conservation,2054,194.432,0,194.432,3.48
LANDIS,04,conservation,2055,196.013,0,196.013,3.509
LANDIS,04,conservation,2056,197.568,0,197.568,3.536
LANDIS,04,conservation,2057,199.099,0,199.099,3.564
LANDIS,04,conservation,2058,200.603,0,200.603,3.591
LANDIS,04,conservation,2059,202.082,0,202.082,3.617
LANDIS,04,conservation,2060,203.536,0,203.536,3.643
LANDIS,04,conservation,2061,204.964,0,204.964,3.669
LANDIS,04,conservation,2062,206.366,0,206.366,3.694
LANDIS,04,conservation,2063,207.743,0,207.743,3.719
LANDIS,04,conservation,2064,209.095,0,209.095,3.743
LANDIS,04,conservation,2065,210.423,0,210.423,3.767
LANDIS,04,conservation,2066,211.728,0,211.728,3.79
LANDIS,04,conservation,2067,213.011,0,213.011,3.813
LANDIS,04,conservation,2068,214.27,0,214.27,3.835
LANDIS,04,conservation,2069,215.507,0,215.507,3.858
LANDIS,04,conservation,2070,216.721,0,216.721,3.879
LANDIS,04,conservation,2071,217.911,0,217.911,3.901
LANDIS,04,conservation,2072,219.079,0,219.079,3.922
LANDIS,04,conservation,2073,220.223,0,220.223,3.942
LANDIS,04,conservation,2074,221.345,0,221.345,3.962
LANDIS,04,conservation,2075,222.447,0,222.447,3.982
LANDIS,04,conservation,2076,223.531,0,223.531,4.001
LANDIS,04,conservation,2077,224.595,0,224.595,4.02
LANDIS,04,conservation,2078,225.641,0,225.641,4.039
LANDIS,04,conservation,2079,226.667,0,226.667,4.057
LANDIS,04,conservation,2080,227.675,0,227.675,4.075
LANDIS,04,conservation,2081,228.663,0,228.663,4.093
LANDIS,04,conservation,2082,229.632,0,229.632,4.11
LANDIS,04,conservation,2083,230.582,0,230.582,4.127
LANDIS,04,conservation,2084,231.513,0,231.513,4.144
LANDIS,04,conservation,2085,232.427,0,232.427,4.16
LANDIS,04,conservation,2086,233.322,0,233.322,4.176
LANDIS,04,conservation,2087,234.2,0,234.2,4.192
LANDIS,04,conservation,2088,235.06,0,235.06,4.208
LANDIS,04,conservation,2089,235.902,0,235.902,4.223
LANDIS,04,conservation,2090,236.726,0,236.726,4.237
LANDIS,04,conservation,2091,237.533,0,237.533,4.252
LANDIS,04,conservation,2092,238.322,0,238.322,4.266
LANDIS,04,conservation,2093,239.093,0,239.093,4.28
LANDIS,04,conservation,2094,239.846,0,239.846,4.293
LANDIS,04,conservation,2095,240.585,0,240.585,4.306
LANDIS,04,conservation,2096,241.311,0,241.311,4.319
LANDIS,04,conservation,2097,242.022,0,242.022,4.332
LANDIS,04,conservation,2098,242.719,0,242.719,4.345
LANDIS,04,conservation,2099,243.402,0,243.402,4.357
LANDIS,04,conservation,2100,244.071,0,244.071,4.369
LANDIS,04,intensive,2025,135.23,0,135.23,2.421
LANDIS,04,intensive,2026,137.739,0,137.739,2.466
LANDIS,04,intensive,2027,140.217,0,140.217,2.51
LANDIS,04,intensive,2028,142.664,0,142.664,2.554
LANDIS,04,intensive,2029,145.08,0,145.08,2.597
LANDIS,04,intensive,2030,147.466,0,147.466,2.64
LANDIS,04,intensive,2031,149.82,0,149.82,2.682
LANDIS,04,intensive,2032,152.145,0,152.145,2.723
LANDIS,04,intensive,2033,154.438,0,154.438,2.764
LANDIS,04,intensive,2034,156.637,0,156.637,2.804
LANDIS,04,intensive,2035,158.807,0,158.807,2.843
LANDIS,04,intensive,2036,160.948,0,160.948,2.881
LANDIS,04,intensive,2037,163.061,0,163.061,2.919
LANDIS,04,intensive,2038,165.145,0,165.145,2.956
LANDIS,04,intensive,2039,167.199,0,167.199,2.993
LANDIS,04,intensive,2040,169.224,0,169.224,3.029
LANDIS,04,intensive,2041,171.218,0,171.218,3.065
LANDIS,04,intensive,2042,173.183,0,173.183,3.1
LANDIS,04,intensive,2043,175.118,0,175.118,3.135
LANDIS,04,intensive,2044,177.022,0,177.022,3.169
LANDIS,04,intensive,2045,178.897,0,178.897,3.202
LANDIS,04,intensive,2046,180.742,0,180.742,3.235
LANDIS,04,intensive,2047,182.558,0,182.558,3.268
LANDIS,04,intensive,2048,184.344,0,184.344,3.3
LANDIS,04,intensive,2049,186.1,0,186.1,3.331
LANDIS,04,intensive,2050,187.827,0,187.827,3.362
LANDIS,04,intensive,2051,189.523,0,189.523,3.392
LANDIS,04,intensive,2052,191.189,0,191.189,3.422
LANDIS,04,intensive,2053,192.826,0,192.826,3.452
LANDIS,04,intensive,2054,194.432,0,194.432,3.48
LANDIS,04,intensive,2055,196.013,0,196.013,3.509
LANDIS,04,intensive,2056,197.568,0,197.568,3.536
LANDIS,04,intensive,2057,199.099,0,199.099,3.564
LANDIS,04,intensive,2058,200.603,0,200.603,3.591
LANDIS,04,intensive,2059,202.082,0,202.082,3.617
LANDIS,04,intensive,2060,203.536,0,203.536,3.643
LANDIS,04,intensive,2061,204.964,0,204.964,3.669
LANDIS,04,intensive,2062,206.366,0,206.366,3.694
LANDIS,04,intensive,2063,207.743,0,207.743,3.719
LANDIS,04,intensive,2064,209.095,0,209.095,3.743
LANDIS,04,intensive,2065,210.423,0,210.423,3.767
LANDIS,04,intensive,2066,211.728,0,211.728,3.79
LANDIS,04,intensive,2067,213.011,0,213.011,3.813
LANDIS,04,intensive,2068,214.27,0,214.27,3.835
LANDIS,04,intensive,2069,215.507,0,215.507,3.858
LANDIS,04,intensive,2070,216.721,0,216.721,3.879
LANDIS,04,intensive,2071,217.911,0,217.911,3.901
LANDIS,04,intensive,2072,219.079,0,219.079,3.922
LANDIS,04,intensive,2073,220.223,0,220.223,3.942
LANDIS,04,intensive,2074,221.345,0,221.345,3.962
LANDIS,04,intensive,2075,222.447,0,222.447,3.982
LANDIS,04,intensive,2076,223.531,0,223.531,4.001
LANDIS,04,intensive,2077,224.595,0,224.595,4.02
LANDIS,04,intensive,2078,225.641,0,225.641,4.039
LANDIS,04,intensive,2079,226.667,0,226.667,4.057
LANDIS,04,intensive,2080,227.675,0,227.675,4.075
LANDIS,04,intensive,2081,228.663,0,228.663,4.093
LANDIS,04,intensive,2082,229.632,0,229.632,4.11
LANDIS,04,intensive,2083,230.582,0,230.582,4.127
LANDIS,04,intensive,2084,231.513,0,231.513,4.144
LANDIS,04,intensive,2085,232.427,0,232.427,4.16
LANDIS,04,intensive,2086,233.322,0,233.322,4.176
LANDIS,04,intensive,2087,234.2,0,234.2,4.192
LANDIS,04,intensive,2088,235.06,0,235.06,4.208
LANDIS,04,intensive,2089,235.902,0,235.902,4.223
LANDIS,04,intensive,2090,236.726,0,236.726,4.237
LANDIS,04,intensive,2091,237.533,0,237.533,4.252
LANDIS,04,intensive,2092,238.322,0,238.322,4.266
LANDIS,04,intensive,2093,239.093,0,239.093,4.28
LANDIS,04,intensive,2094,239.846,0,239.846,4.293
LANDIS,04,intensive,2095,240.585,0,240.585,4.306
LANDIS,04,intensive,2096,241.311,0,241.311,4.319
LANDIS,04,intensive,2097,242.022,0,242.022,4.332
LANDIS,04,intensive,2098,242.719,0,242.719,4.345
LANDIS,04,intensive,2099,243.402,0,243.402,4.357
LANDIS,04,intensive,2100,244.071,0,244.071,4.369
LANDIS,05,reserve,2025,464.86,0,464.86,4.835
LANDIS,05,reserve,2026,476.895,0,476.895,4.96
LANDIS,05,reserve,2027,488.906,0,488.906,5.085
LANDIS,05,reserve,2028,500.893,0,500.893,5.209
LANDIS,05,reserve,2029,512.857,0,512.857,5.334
LANDIS,05,reserve,2030,524.798,0,524.798,5.458
LANDIS,05,reserve,2031,536.718,0,536.718,5.582
LANDIS,05,reserve,2032,548.617,0,548.617,5.706
LANDIS,05,reserve,2033,560.496,0,560.496,5.829
LANDIS,05,reserve,2034,572.356,0,572.356,5.953
LANDIS,05,reserve,2035,584.14,0,584.14,6.075
LANDIS,05,reserve,2036,595.85,0,595.85,6.197
LANDIS,05,reserve,2037,607.488,0,607.488,6.318
LANDIS,05,reserve,2038,619.053,0,619.053,6.438
LANDIS,05,reserve,2039,630.548,0,630.548,6.558
LANDIS,05,reserve,2040,641.974,0,641.974,6.677
LANDIS,05,reserve,2041,653.33,0,653.33,6.795
LANDIS,05,reserve,2042,664.619,0,664.619,6.912
LANDIS,05,reserve,2043,675.841,0,675.841,7.029
LANDIS,05,reserve,2044,686.997,0,686.997,7.145
LANDIS,05,reserve,2045,698.055,0,698.055,7.26
LANDIS,05,reserve,2046,709.016,0,709.016,7.374
LANDIS,05,reserve,2047,719.881,0,719.881,7.487
LANDIS,05,reserve,2048,730.651,0,730.651,7.599
LANDIS,05,reserve,2049,741.327,0,741.327,7.71
LANDIS,05,reserve,2050,751.911,0,751.911,7.82
LANDIS,05,reserve,2051,762.402,0,762.402,7.929
LANDIS,05,reserve,2052,772.801,0,772.801,8.037
LANDIS,05,reserve,2053,783.111,0,783.111,8.144
LANDIS,05,reserve,2054,793.33,0,793.33,8.251
LANDIS,05,reserve,2055,803.445,0,803.445,8.356
LANDIS,05,reserve,2056,813.455,0,813.455,8.46
LANDIS,05,reserve,2057,823.361,0,823.361,8.563
LANDIS,05,reserve,2058,833.165,0,833.165,8.665
LANDIS,05,reserve,2059,842.868,0,842.868,8.766
LANDIS,05,reserve,2060,852.468,0,852.468,8.866
LANDIS,05,reserve,2061,861.969,0,861.969,8.965
LANDIS,05,reserve,2062,871.369,0,871.369,9.062
LANDIS,05,reserve,2063,880.671,0,880.671,9.159
LANDIS,05,reserve,2064,889.873,0,889.873,9.255
LANDIS,05,reserve,2065,898.971,0,898.971,9.349
LANDIS,05,reserve,2066,907.964,0,907.964,9.443
LANDIS,05,reserve,2067,916.854,0,916.854,9.535
LANDIS,05,reserve,2068,925.639,0,925.639,9.627
LANDIS,05,reserve,2069,934.322,0,934.322,9.717
LANDIS,05,reserve,2070,942.903,0,942.903,9.806
LANDIS,05,reserve,2071,951.382,0,951.382,9.894
LANDIS,05,reserve,2072,959.76,0,959.76,9.982
LANDIS,05,reserve,2073,968.037,0,968.037,10.068
LANDIS,05,reserve,2074,976.214,0,976.214,10.153
LANDIS,05,reserve,2075,984.292,0,984.292,10.237
LANDIS,05,reserve,2076,992.27,0,992.27,10.32
LANDIS,05,reserve,2077,1000.149,0,1000.149,10.402
LANDIS,05,reserve,2078,1007.929,0,1007.929,10.483
LANDIS,05,reserve,2079,1015.612,0,1015.612,10.562
LANDIS,05,reserve,2080,1023.197,0,1023.197,10.641
LANDIS,05,reserve,2081,1030.685,0,1030.685,10.719
LANDIS,05,reserve,2082,1038.076,0,1038.076,10.796
LANDIS,05,reserve,2083,1045.37,0,1045.37,10.872
LANDIS,05,reserve,2084,1052.569,0,1052.569,10.947
LANDIS,05,reserve,2085,1059.674,0,1059.674,11.021
LANDIS,05,reserve,2086,1066.687,0,1066.687,11.094
LANDIS,05,reserve,2087,1073.607,0,1073.607,11.166
LANDIS,05,reserve,2088,1080.435,0,1080.435,11.237
LANDIS,05,reserve,2089,1087.172,0,1087.172,11.307
LANDIS,05,reserve,2090,1093.817,0,1093.817,11.376
LANDIS,05,reserve,2091,1100.37,0,1100.37,11.444
LANDIS,05,reserve,2092,1106.833,0,1106.833,11.511
LANDIS,05,reserve,2093,1113.205,0,1113.205,11.577
LANDIS,05,reserve,2094,1119.487,0,1119.487,11.643
LANDIS,05,reserve,2095,1125.686,0,1125.686,11.707
LANDIS,05,reserve,2096,1131.8,0,1131.8,11.771
LANDIS,05,reserve,2097,1137.832,0,1137.832,11.834
LANDIS,05,reserve,2098,1143.78,0,1143.78,11.895
LANDIS,05,reserve,2099,1149.645,0,1149.645,11.956
LANDIS,05,reserve,2100,1155.428,0,1155.428,12.017
LANDIS,05,BAU,2025,464.86,0,464.86,4.835
LANDIS,05,BAU,2026,475.143,0.876,476.019,4.942
LANDIS,05,BAU,2027,485.363,1.709,487.072,5.048
LANDIS,05,BAU,2028,495.521,2.508,498.029,5.153
LANDIS,05,BAU,2029,505.617,3.277,508.895,5.258
LANDIS,05,BAU,2030,515.653,4.024,519.677,5.363
LANDIS,05,BAU,2031,525.629,4.753,530.382,5.467
LANDIS,05,BAU,2032,535.547,5.466,541.013,5.57
LANDIS,05,BAU,2033,545.408,6.167,551.575,5.672
LANDIS,05,BAU,2034,555.213,6.859,562.071,5.774
LANDIS,05,BAU,2035,564.904,7.543,572.447,5.875
LANDIS,05,BAU,2036,574.485,8.221,582.706,5.975
LANDIS,05,BAU,2037,583.958,8.894,592.852,6.073
LANDIS,05,BAU,2038,593.322,9.564,602.886,6.171
LANDIS,05,BAU,2039,602.581,10.231,612.811,6.267
LANDIS,05,BAU,2040,611.736,10.895,622.631,6.362
LANDIS,05,BAU,2041,620.786,11.558,632.344,6.456
LANDIS,05,BAU,2042,629.736,12.219,641.955,6.549
LANDIS,05,BAU,2043,638.584,12.88,651.464,6.641
LANDIS,05,BAU,2044,647.334,13.539,660.873,6.732
LANDIS,05,BAU,2045,655.952,14.198,670.15,6.822
LANDIS,05,BAU,2046,664.441,14.857,679.298,6.91
LANDIS,05,BAU,2047,672.802,15.515,688.317,6.997
LANDIS,05,BAU,2048,681.036,16.173,697.209,7.083
LANDIS,05,BAU,2049,689.145,16.83,705.975,7.167
LANDIS,05,BAU,2050,697.132,17.487,714.619,7.25
LANDIS,05,BAU,2051,704.995,18.143,723.139,7.332
LANDIS,05,BAU,2052,712.737,18.799,731.536,7.413
LANDIS,05,BAU,2053,720.361,19.454,739.815,7.492
LANDIS,05,BAU,2054,727.865,20.108,747.974,7.57
LANDIS,05,BAU,2055,735.237,20.762,755.999,7.647
LANDIS,05,BAU,2056,742.476,21.414,763.891,7.722
LANDIS,05,BAU,2057,749.584,22.066,771.65,7.796
LANDIS,05,BAU,2058,756.563,22.716,779.279,7.868
LANDIS,05,BAU,2059,763.414,23.365,786.78,7.94
LANDIS,05,BAU,2060,770.137,24.013,794.15,8.01
LANDIS,05,BAU,2061,776.736,24.659,801.395,8.078
LANDIS,05,BAU,2062,783.208,25.304,808.512,8.145
LANDIS,05,BAU,2063,789.559,25.946,815.505,8.212
LANDIS,05,BAU,2064,795.785,26.587,822.372,8.276
LANDIS,05,BAU,2065,801.884,27.226,829.11,8.34
LANDIS,05,BAU,2066,807.854,27.863,835.718,8.402
LANDIS,05,BAU,2067,813.7,28.498,842.198,8.463
LANDIS,05,BAU,2068,819.418,29.131,848.549,8.522
LANDIS,05,BAU,2069,825.013,29.761,854.774,8.58
LANDIS,05,BAU,2070,830.484,30.388,860.873,8.637
LANDIS,05,BAU,2071,835.834,31.013,866.847,8.693
LANDIS,05,BAU,2072,841.061,31.636,872.697,8.747
LANDIS,05,BAU,2073,846.169,32.255,878.424,8.8
LANDIS,05,BAU,2074,851.156,32.872,884.028,8.852
LANDIS,05,BAU,2075,856.027,33.486,889.512,8.903
LANDIS,05,BAU,2076,860.778,34.096,894.875,8.952
LANDIS,05,BAU,2077,865.413,34.704,900.117,9
LANDIS,05,BAU,2078,869.932,35.308,905.239,9.047
LANDIS,05,BAU,2079,874.336,35.909,910.245,9.093
LANDIS,05,BAU,2080,878.626,36.506,915.132,9.138
LANDIS,05,BAU,2081,882.802,37.1,919.902,9.181
LANDIS,05,BAU,2082,886.866,37.69,924.557,9.224
LANDIS,05,BAU,2083,890.818,38.277,929.095,9.265
LANDIS,05,BAU,2084,894.659,38.86,933.52,9.305
LANDIS,05,BAU,2085,898.393,39.439,937.832,9.343
LANDIS,05,BAU,2086,902.02,40.015,942.035,9.381
LANDIS,05,BAU,2087,905.54,40.586,946.127,9.418
LANDIS,05,BAU,2088,908.955,41.154,950.109,9.453
LANDIS,05,BAU,2089,912.267,41.717,953.984,9.488
LANDIS,05,BAU,2090,915.473,42.277,957.75,9.521
LANDIS,05,BAU,2091,918.576,42.832,961.408,9.553
LANDIS,05,BAU,2092,921.577,43.383,964.96,9.585
LANDIS,05,BAU,2093,924.476,43.93,968.406,9.615
LANDIS,05,BAU,2094,927.274,44.473,971.746,9.644
LANDIS,05,BAU,2095,929.978,45.011,974.989,9.672
LANDIS,05,BAU,2096,932.587,45.545,978.132,9.699
LANDIS,05,BAU,2097,935.104,46.074,981.178,9.725
LANDIS,05,BAU,2098,937.528,46.599,984.127,9.75
LANDIS,05,BAU,2099,939.86,47.119,986.979,9.775
LANDIS,05,BAU,2100,942.1,47.635,989.736,9.798
LANDIS,05,conservation,2025,464.86,0,464.86,4.835
LANDIS,05,conservation,2026,476.24,0.328,476.567,4.953
LANDIS,05,conservation,2027,487.58,0.64,488.22,5.071
LANDIS,05,conservation,2028,498.879,0.94,499.819,5.188
LANDIS,05,conservation,2029,510.14,1.23,511.37,5.306
LANDIS,05,conservation,2030,521.362,1.512,522.875,5.422
LANDIS,05,conservation,2031,532.547,1.788,534.336,5.539
LANDIS,05,conservation,2032,543.696,2.059,545.755,5.655
LANDIS,05,conservation,2033,554.809,2.326,557.135,5.77
LANDIS,05,conservation,2034,565.887,2.59,568.477,5.885
LANDIS,05,conservation,2035,576.873,2.852,579.725,6
LANDIS,05,conservation,2036,587.77,3.112,590.882,6.113
LANDIS,05,conservation,2037,598.58,3.371,601.951,6.225
LANDIS,05,conservation,2038,609.301,3.629,612.93,6.337
LANDIS,05,conservation,2039,619.937,3.887,623.824,6.447
LANDIS,05,conservation,2040,630.49,4.145,634.634,6.557
LANDIS,05,conservation,2041,640.957,4.402,645.359,6.666
LANDIS,05,conservation,2042,651.343,4.659,656.002,6.774
LANDIS,05,conservation,2043,661.647,4.917,666.564,6.881
LANDIS,05,conservation,2044,671.87,5.175,677.045,6.988
LANDIS,05,conservation,2045,681.981,5.433,687.414,7.093
LANDIS,05,conservation,2046,691.981,5.692,697.673,7.197
LANDIS,05,conservation,2047,701.871,5.951,707.822,7.3
LANDIS,05,conservation,2048,711.651,6.21,717.862,7.401
LANDIS,05,conservation,2049,721.324,6.47,727.795,7.502
LANDIS,05,conservation,2050,730.892,6.73,737.622,7.601
LANDIS,05,conservation,2051,740.353,6.991,747.344,7.7
LANDIS,05,conservation,2052,749.708,7.252,756.96,7.797
LANDIS,05,conservation,2053,758.962,7.513,766.475,7.893
LANDIS,05,conservation,2054,768.111,7.775,775.886,7.988
LANDIS,05,conservation,2055,777.143,8.036,785.18,8.082
LANDIS,05,conservation,2056,786.058,8.298,794.356,8.175
LANDIS,05,conservation,2057,794.856,8.56,803.417,8.267
LANDIS,05,conservation,2058,803.54,8.823,812.363,8.357
LANDIS,05,conservation,2059,812.11,9.085,821.195,8.446
LANDIS,05,conservation,2060,820.566,9.347,829.913,8.534
LANDIS,05,conservation,2061,828.91,9.61,838.52,8.621
LANDIS,05,conservation,2062,837.142,9.872,847.014,8.706
LANDIS,05,conservation,2063,845.264,10.134,855.398,8.791
LANDIS,05,conservation,2064,853.275,10.396,863.671,8.874
LANDIS,05,conservation,2065,861.17,10.658,871.828,8.956
LANDIS,05,conservation,2066,868.95,10.919,879.869,9.037
LANDIS,05,conservation,2067,876.615,11.181,887.795,9.117
LANDIS,05,conservation,2068,884.164,11.442,895.606,9.195
LANDIS,05,conservation,2069,891.601,11.702,903.303,9.273
LANDIS,05,conservation,2070,898.926,11.962,910.888,9.349
LANDIS,05,conservation,2071,906.138,12.222,918.36,9.424
LANDIS,05,conservation,2072,913.238,12.481,925.72,9.498
LANDIS,05,conservation,2073,920.228,12.74,932.968,9.57
LANDIS,05,conservation,2074,927.108,12.998,940.106,9.642
LANDIS,05,conservation,2075,933.88,13.255,947.135,9.712
LANDIS,05,conservation,2076,940.542,13.512,954.054,9.782
LANDIS,05,conservation,2077,947.095,13.768,960.863,9.85
LANDIS,05,conservation,2078,953.54,14.024,967.564,9.917
LANDIS,05,conservation,2079,959.879,14.279,974.158,9.983
LANDIS,05,conservation,2080,966.111,14.532,980.644,10.048
LANDIS,05,conservation,2081,972.238,14.786,987.023,10.111
LANDIS,05,conservation,2082,978.258,15.038,993.296,10.174
LANDIS,05,conservation,2083,984.174,15.289,999.463,10.236
LANDIS,05,conservation,2084,989.986,15.54,1005.525,10.296
LANDIS,05,conservation,2085,995.695,15.789,1011.484,10.355
LANDIS,05,conservation,2086,1001.305,16.038,1017.343,10.414
LANDIS,05,conservation,2087,1006.814,16.285,1023.099,10.471
LANDIS,05,conservation,2088,1012.223,16.532,1028.754,10.527
LANDIS,05,conservation,2089,1017.533,16.777,1034.31,10.582
LANDIS,05,conservation,2090,1022.744,17.021,1039.765,10.637
LANDIS,05,conservation,2091,1027.855,17.265,1045.12,10.69
LANDIS,05,conservation,2092,1032.87,17.507,1050.377,10.742
LANDIS,05,conservation,2093,1037.786,17.748,1055.534,10.793
LANDIS,05,conservation,2094,1042.605,17.988,1060.593,10.843
LANDIS,05,conservation,2095,1047.335,18.226,1065.561,10.892
LANDIS,05,conservation,2096,1051.973,18.464,1070.436,10.941
LANDIS,05,conservation,2097,1056.522,18.7,1075.222,10.988
LANDIS,05,conservation,2098,1060.981,18.935,1079.916,11.034
LANDIS,05,conservation,2099,1065.351,19.168,1084.519,11.08
LANDIS,05,conservation,2100,1069.632,19.4,1089.033,11.124
LANDIS,05,intensive,2025,464.86,0,464.86,4.835
LANDIS,05,intensive,2026,472.77,2.063,474.832,4.917
LANDIS,05,intensive,2027,480.585,4.014,484.599,4.998
LANDIS,05,intensive,2028,488.308,5.873,494.181,5.078
LANDIS,05,intensive,2029,495.939,7.656,503.595,5.158
LANDIS,05,intensive,2030,503.479,9.376,512.854,5.236
LANDIS,05,intensive,2031,510.931,11.043,521.974,5.314
LANDIS,05,intensive,2032,518.296,12.667,530.962,5.39
LANDIS,05,intensive,2033,525.575,14.254,539.829,5.466
LANDIS,05,intensive,2034,532.771,15.81,548.582,5.541
LANDIS,05,intensive,2035,539.828,17.342,557.169,5.614
LANDIS,05,intensive,2036,546.747,18.851,565.599,5.686
LANDIS,05,intensive,2037,553.533,20.343,573.876,5.757
LANDIS,05,intensive,2038,560.186,21.818,582.004,5.826
LANDIS,05,intensive,2039,566.71,23.279,589.989,5.894
LANDIS,05,intensive,2040,573.107,24.727,597.835,5.96
LANDIS,05,intensive,2041,579.377,26.165,605.543,6.026
LANDIS,05,intensive,2042,585.525,27.593,613.118,6.09
LANDIS,05,intensive,2043,591.551,29.012,620.563,6.152
LANDIS,05,intensive,2044,597.458,30.422,627.879,6.214
LANDIS,05,intensive,2045,603.214,31.824,635.038,6.274
LANDIS,05,intensive,2046,608.822,33.218,642.04,6.332
LANDIS,05,intensive,2047,614.284,34.605,648.889,6.389
LANDIS,05,intensive,2048,619.603,35.984,655.587,6.444
LANDIS,05,intensive,2049,624.781,37.356,662.137,6.498
LANDIS,05,intensive,2050,629.82,38.721,668.541,6.55
LANDIS,05,intensive,2051,634.722,40.077,674.8,6.601
LANDIS,05,intensive,2052,639.489,41.427,680.915,6.651
LANDIS,05,intensive,2053,644.124,42.768,686.892,6.699
LANDIS,05,intensive,2054,648.627,44.102,692.729,6.746
LANDIS,05,intensive,2055,652.986,45.428,698.414,6.791
LANDIS,05,intensive,2056,657.202,46.745,703.947,6.835
LANDIS,05,intensive,2057,661.276,48.054,709.33,6.877
LANDIS,05,intensive,2058,665.211,49.355,714.566,6.918
LANDIS,05,intensive,2059,669.011,50.647,719.658,6.958
LANDIS,05,intensive,2060,672.674,51.93,724.604,6.996
LANDIS,05,intensive,2061,676.206,53.203,729.41,7.033
LANDIS,05,intensive,2062,679.606,54.468,734.073,7.068
LANDIS,05,intensive,2063,682.877,55.722,738.599,7.102
LANDIS,05,intensive,2064,686.019,56.967,742.986,7.135
LANDIS,05,intensive,2065,689.029,58.202,747.231,7.166
LANDIS,05,intensive,2066,691.908,59.427,751.335,7.196
LANDIS,05,intensive,2067,694.658,60.642,755.299,7.225
LANDIS,05,intensive,2068,697.278,61.846,759.124,7.252
LANDIS,05,intensive,2069,699.774,63.039,762.813,7.278
LANDIS,05,intensive,2070,702.145,64.222,766.366,7.302
LANDIS,05,intensive,2071,704.393,65.393,769.786,7.326
LANDIS,05,intensive,2072,706.52,66.553,773.073,7.348
LANDIS,05,intensive,2073,708.528,67.702,776.23,7.369
LANDIS,05,intensive,2074,710.417,68.839,779.257,7.388
LANDIS,05,intensive,2075,712.191,69.965,782.156,7.407
LANDIS,05,intensive,2076,713.849,71.079,784.928,7.424
LANDIS,05,intensive,2077,715.393,72.181,787.574,7.44
LANDIS,05,intensive,2078,716.825,73.271,790.096,7.455
LANDIS,05,intensive,2079,718.147,74.349,792.496,7.469
LANDIS,05,intensive,2080,719.359,75.415,794.773,7.481
LANDIS,05,intensive,2081,720.463,76.468,796.931,7.493
LANDIS,05,intensive,2082,721.461,77.509,798.969,7.503
LANDIS,05,intensive,2083,722.353,78.537,800.889,7.513
LANDIS,05,intensive,2084,723.141,79.552,802.694,7.521
LANDIS,05,intensive,2085,723.829,80.555,804.385,7.528
LANDIS,05,intensive,2086,724.419,81.545,805.964,7.534
LANDIS,05,intensive,2087,724.911,82.522,807.433,7.539
LANDIS,05,intensive,2088,725.306,83.487,808.792,7.543
LANDIS,05,intensive,2089,725.606,84.438,810.044,7.546
LANDIS,05,intensive,2090,725.812,85.376,811.188,7.549
LANDIS,05,intensive,2091,725.924,86.301,812.225,7.55
LANDIS,05,intensive,2092,725.946,87.213,813.158,7.55
LANDIS,05,intensive,2093,725.876,88.111,813.987,7.549
LANDIS,05,intensive,2094,725.716,88.997,814.713,7.548
LANDIS,05,intensive,2095,725.475,89.869,815.344,7.545
LANDIS,05,intensive,2096,725.151,90.728,815.879,7.542
LANDIS,05,intensive,2097,724.748,91.573,816.321,7.537
LANDIS,05,intensive,2098,724.265,92.405,816.67,7.532
LANDIS,05,intensive,2099,723.703,93.224,816.927,7.527
LANDIS,05,intensive,2100,723.064,94.03,817.093,7.52
LANDIS,06,reserve,2025,1002.65,0,1002.65,12.032
LANDIS,06,reserve,2026,1013.801,0,1013.801,12.166
LANDIS,06,reserve,2027,1024.886,0,1024.886,12.299
LANDIS,06,reserve,2028,1035.901,0,1035.901,12.431
LANDIS,06,reserve,2029,1046.844,0,1046.844,12.562
LANDIS,06,reserve,2030,1057.711,0,1057.711,12.693
LANDIS,06,reserve,2031,1068.5,0,1068.5,12.822
LANDIS,06,reserve,2032,1079.208,0,1079.208,12.951
LANDIS,06,reserve,2033,1089.834,0,1089.834,13.078
LANDIS,06,reserve,2034,1100.376,0,1100.376,13.205
LANDIS,06,reserve,2035,1110.801,0,1110.801,13.33
LANDIS,06,reserve,2036,1121.109,0,1121.109,13.453
LANDIS,06,reserve,2037,1131.298,0,1131.298,13.576
LANDIS,06,reserve,2038,1141.367,0,1141.367,13.696
LANDIS,06,reserve,2039,1151.314,0,1151.314,13.816
LANDIS,06,reserve,2040,1161.139,0,1161.139,13.934
LANDIS,06,reserve,2041,1170.841,0,1170.841,14.05
LANDIS,06,reserve,2042,1180.418,0,1180.418,14.165
LANDIS,06,reserve,2043,1189.87,0,1189.87,14.278
LANDIS,06,reserve,2044,1199.196,0,1199.196,14.39
LANDIS,06,reserve,2045,1208.39,0,1208.39,14.501
LANDIS,06,reserve,2046,1217.452,0,1217.452,14.609
LANDIS,06,reserve,2047,1226.382,0,1226.382,14.717
LANDIS,06,reserve,2048,1235.178,0,1235.178,14.822
LANDIS,06,reserve,2049,1243.841,0,1243.841,14.926
LANDIS,06,reserve,2050,1252.369,0,1252.369,15.028
LANDIS,06,reserve,2051,1260.764,0,1260.764,15.129
LANDIS,06,reserve,2052,1269.023,0,1269.023,15.228
LANDIS,06,reserve,2053,1277.147,0,1277.147,15.326
LANDIS,06,reserve,2054,1285.135,0,1285.135,15.422
LANDIS,06,reserve,2055,1293.022,0,1293.022,15.516
LANDIS,06,reserve,2056,1300.809,0,1300.809,15.61
LANDIS,06,reserve,2057,1308.493,0,1308.493,15.702
LANDIS,06,reserve,2058,1316.077,0,1316.077,15.793
LANDIS,06,reserve,2059,1323.558,0,1323.558,15.883
LANDIS,06,reserve,2060,1330.938,0,1330.938,15.971
LANDIS,06,reserve,2061,1338.215,0,1338.215,16.059
LANDIS,06,reserve,2062,1345.39,0,1345.39,16.145
LANDIS,06,reserve,2063,1352.463,0,1352.463,16.23
LANDIS,06,reserve,2064,1359.433,0,1359.433,16.313
LANDIS,06,reserve,2065,1366.301,0,1366.301,16.396
LANDIS,06,reserve,2066,1373.066,0,1373.066,16.477
LANDIS,06,reserve,2067,1379.728,0,1379.728,16.557
LANDIS,06,reserve,2068,1386.288,0,1386.288,16.636
LANDIS,06,reserve,2069,1392.745,0,1392.745,16.713
LANDIS,06,reserve,2070,1399.099,0,1399.099,16.789
LANDIS,06,reserve,2071,1405.351,0,1405.351,16.864
LANDIS,06,reserve,2072,1411.499,0,1411.499,16.938
LANDIS,06,reserve,2073,1417.544,0,1417.544,17.011
LANDIS,06,reserve,2074,1423.486,0,1423.486,17.082
LANDIS,06,reserve,2075,1429.345,0,1429.345,17.152
LANDIS,06,reserve,2076,1435.122,0,1435.122,17.222
LANDIS,06,reserve,2077,1440.816,0,1440.816,17.29
LANDIS,06,reserve,2078,1446.428,0,1446.428,17.357
LANDIS,06,reserve,2079,1451.958,0,1451.958,17.424
LANDIS,06,reserve,2080,1457.404,0,1457.404,17.489
LANDIS,06,reserve,2081,1462.768,0,1462.768,17.553
LANDIS,06,reserve,2082,1468.05,0,1468.05,17.617
LANDIS,06,reserve,2083,1473.248,0,1473.248,17.679
LANDIS,06,reserve,2084,1478.364,0,1478.364,17.74
LANDIS,06,reserve,2085,1483.382,0,1483.382,17.801
LANDIS,06,reserve,2086,1488.302,0,1488.302,17.86
LANDIS,06,reserve,2087,1493.124,0,1493.124,17.918
LANDIS,06,reserve,2088,1497.848,0,1497.848,17.974
LANDIS,06,reserve,2089,1502.473,0,1502.473,18.03
LANDIS,06,reserve,2090,1507.001,0,1507.001,18.084
LANDIS,06,reserve,2091,1511.43,0,1511.43,18.137
LANDIS,06,reserve,2092,1515.762,0,1515.762,18.189
LANDIS,06,reserve,2093,1519.995,0,1519.995,18.24
LANDIS,06,reserve,2094,1524.13,0,1524.13,18.29
LANDIS,06,reserve,2095,1528.192,0,1528.192,18.338
LANDIS,06,reserve,2096,1532.182,0,1532.182,18.386
LANDIS,06,reserve,2097,1536.098,0,1536.098,18.433
LANDIS,06,reserve,2098,1539.942,0,1539.942,18.479
LANDIS,06,reserve,2099,1543.713,0,1543.713,18.525
LANDIS,06,reserve,2100,1547.411,0,1547.411,18.569
LANDIS,06,BAU,2025,1002.65,0,1002.65,12.032
LANDIS,06,BAU,2026,1013.788,0.007,1013.794,12.165
LANDIS,06,BAU,2027,1024.859,0.013,1024.872,12.298
LANDIS,06,BAU,2028,1035.86,0.019,1035.879,12.43
LANDIS,06,BAU,2029,1046.79,0.025,1046.814,12.562
LANDIS,06,BAU,2030,1057.643,0.03,1057.673,12.692
LANDIS,06,BAU,2031,1068.418,0.035,1068.453,12.821
LANDIS,06,BAU,2032,1079.111,0.04,1079.152,12.949
LANDIS,06,BAU,2033,1089.723,0.045,1089.768,13.077
LANDIS,06,BAU,2034,1100.251,0.05,1100.301,13.203
LANDIS,06,BAU,2035,1110.661,0.055,1110.716,13.328
LANDIS,06,BAU,2036,1120.954,0.059,1121.013,13.451
LANDIS,06,BAU,2037,1131.128,0.064,1131.192,13.574
LANDIS,06,BAU,2038,1141.182,0.068,1141.25,13.694
LANDIS,06,BAU,2039,1151.114,0.073,1151.187,13.813
LANDIS,06,BAU,2040,1160.924,0.077,1161.001,13.931
LANDIS,06,BAU,2041,1170.61,0.081,1170.692,14.047
LANDIS,06,BAU,2042,1180.172,0.086,1180.257,14.162
LANDIS,06,BAU,2043,1189.608,0.09,1189.698,14.275
LANDIS,06,BAU,2044,1198.918,0.094,1199.012,14.387
LANDIS,06,BAU,2045,1208.096,0.098,1208.194,14.497
LANDIS,06,BAU,2046,1217.142,0.102,1217.244,14.606
LANDIS,06,BAU,2047,1226.056,0.106,1226.162,14.713
LANDIS,06,BAU,2048,1234.835,0.111,1234.946,14.818
LANDIS,06,BAU,2049,1243.482,0.115,1243.596,14.922
LANDIS,06,BAU,2050,1251.993,0.119,1252.112,15.024
LANDIS,06,BAU,2051,1260.372,0.123,1260.494,15.125
LANDIS,06,BAU,2052,1268.614,0.126,1268.74,15.223
LANDIS,06,BAU,2053,1276.721,0.13,1276.851,15.321
LANDIS,06,BAU,2054,1284.692,0.134,1284.826,15.416
LANDIS,06,BAU,2055,1292.562,0.138,1292.7,15.511
LANDIS,06,BAU,2056,1300.332,0.142,1300.474,15.604
LANDIS,06,BAU,2057,1307.998,0.146,1308.144,15.696
LANDIS,06,BAU,2058,1315.565,0.15,1315.715,15.787
LANDIS,06,BAU,2059,1323.028,0.153,1323.182,15.876
LANDIS,06,BAU,2060,1330.391,0.157,1330.548,15.965
LANDIS,06,BAU,2061,1337.65,0.161,1337.811,16.052
LANDIS,06,BAU,2062,1344.807,0.165,1344.972,16.138
LANDIS,06,BAU,2063,1351.862,0.168,1352.031,16.222
LANDIS,06,BAU,2064,1358.814,0.172,1358.986,16.306
LANDIS,06,BAU,2065,1365.664,0.176,1365.84,16.388
LANDIS,06,BAU,2066,1372.411,0.179,1372.59,16.469
LANDIS,06,BAU,2067,1379.055,0.183,1379.237,16.549
LANDIS,06,BAU,2068,1385.596,0.186,1385.783,16.627
LANDIS,06,BAU,2069,1392.035,0.19,1392.225,16.704
LANDIS,06,BAU,2070,1398.37,0.193,1398.564,16.78
LANDIS,06,BAU,2071,1404.604,0.197,1404.801,16.855
LANDIS,06,BAU,2072,1410.733,0.2,1410.933,16.929
LANDIS,06,BAU,2073,1416.759,0.204,1416.963,17.001
LANDIS,06,BAU,2074,1422.682,0.207,1422.89,17.072
LANDIS,06,BAU,2075,1428.522,0.211,1428.733,17.142
LANDIS,06,BAU,2076,1434.28,0.214,1434.494,17.211
LANDIS,06,BAU,2077,1439.955,0.217,1440.173,17.28
LANDIS,06,BAU,2078,1445.548,0.221,1445.769,17.347
LANDIS,06,BAU,2079,1451.059,0.224,1451.283,17.413
LANDIS,06,BAU,2080,1456.485,0.227,1456.713,17.478
LANDIS,06,BAU,2081,1461.83,0.231,1462.061,17.542
LANDIS,06,BAU,2082,1467.093,0.234,1467.326,17.605
LANDIS,06,BAU,2083,1472.271,0.237,1472.508,17.667
LANDIS,06,BAU,2084,1477.367,0.24,1477.608,17.728
LANDIS,06,BAU,2085,1482.366,0.243,1482.609,17.788
LANDIS,06,BAU,2086,1487.266,0.246,1487.513,17.847
LANDIS,06,BAU,2087,1492.068,0.25,1492.318,17.905
LANDIS,06,BAU,2088,1496.772,0.253,1497.025,17.961
LANDIS,06,BAU,2089,1501.377,0.256,1501.633,18.017
LANDIS,06,BAU,2090,1505.885,0.259,1506.144,18.071
LANDIS,06,BAU,2091,1510.294,0.262,1510.556,18.124
LANDIS,06,BAU,2092,1514.606,0.265,1514.871,18.175
LANDIS,06,BAU,2093,1518.819,0.268,1519.087,18.226
LANDIS,06,BAU,2094,1522.934,0.271,1523.205,18.275
LANDIS,06,BAU,2095,1526.976,0.274,1527.249,18.324
LANDIS,06,BAU,2096,1530.945,0.277,1531.222,18.371
LANDIS,06,BAU,2097,1534.841,0.28,1535.12,18.418
LANDIS,06,BAU,2098,1538.664,0.282,1538.947,18.464
LANDIS,06,BAU,2099,1542.415,0.285,1542.7,18.509
LANDIS,06,BAU,2100,1546.092,0.288,1546.38,18.553
LANDIS,06,conservation,2025,1002.65,0,1002.65,12.032
LANDIS,06,conservation,2026,1013.796,0.003,1013.798,12.166
LANDIS,06,conservation,2027,1024.875,0.005,1024.88,12.299
LANDIS,06,conservation,2028,1035.885,0.008,1035.892,12.431
LANDIS,06,conservation,2029,1046.822,0.01,1046.832,12.562
LANDIS,06,conservation,2030,1057.683,0.012,1057.695,12.692
LANDIS,06,conservation,2031,1068.467,0.014,1068.481,12.822
LANDIS,06,conservation,2032,1079.169,0.016,1079.185,12.95
LANDIS,06,conservation,2033,1089.789,0.018,1089.807,13.078
LANDIS,06,conservation,2034,1100.325,0.02,1100.345,13.204
LANDIS,06,conservation,2035,1110.744,0.022,1110.766,13.329
LANDIS,06,conservation,2036,1121.046,0.024,1121.07,13.453
LANDIS,06,conservation,2037,1131.229,0.026,1131.255,13.575
LANDIS,06,conservation,2038,1141.292,0.028,1141.32,13.696
LANDIS,06,conservation,2039,1151.233,0.029,1151.262,13.815
LANDIS,06,conservation,2040,1161.052,0.031,1161.083,13.933
LANDIS,06,conservation,2041,1170.747,0.033,1170.78,14.049
LANDIS,06,conservation,2042,1180.318,0.035,1180.353,14.164
LANDIS,06,conservation,2043,1189.764,0.036,1189.8,14.277
LANDIS,06,conservation,2044,1199.083,0.038,1199.121,14.389
LANDIS,06,conservation,2045,1208.271,0.04,1208.311,14.499
LANDIS,06,conservation,2046,1217.326,0.041,1217.368,14.608
LANDIS,06,conservation,2047,1226.25,0.043,1226.293,14.715
LANDIS,06,conservation,2048,1235.039,0.045,1235.084,14.821
LANDIS,06,conservation,2049,1243.695,0.046,1243.742,14.924
LANDIS,06,conservation,2050,1252.217,0.048,1252.265,15.027
LANDIS,06,conservation,2051,1260.605,0.05,1260.655,15.127
LANDIS,06,conservation,2052,1268.857,0.051,1268.908,15.226
LANDIS,06,conservation,2053,1276.974,0.053,1277.027,15.324
LANDIS,06,conservation,2054,1284.955,0.054,1285.01,15.42
LANDIS,06,conservation,2055,1292.835,0.056,1292.891,15.514
LANDIS,06,conservation,2056,1300.615,0.058,1300.673,15.607
LANDIS,06,conservation,2057,1308.292,0.059,1308.352,15.7
LANDIS,06,conservation,2058,1315.869,0.061,1315.93,15.79
LANDIS,06,conservation,2059,1323.343,0.062,1323.405,15.88
LANDIS,06,conservation,2060,1330.716,0.064,1330.78,15.969
LANDIS,06,conservation,2061,1337.986,0.065,1338.051,16.056
LANDIS,06,conservation,2062,1345.154,0.067,1345.22,16.142
LANDIS,06,conservation,2063,1352.219,0.068,1352.288,16.227
LANDIS,06,conservation,2064,1359.182,0.07,1359.252,16.31
LANDIS,06,conservation,2065,1366.043,0.071,1366.114,16.393
LANDIS,06,conservation,2066,1372.8,0.073,1372.873,16.474
LANDIS,06,conservation,2067,1379.455,0.074,1379.529,16.554
LANDIS,06,conservation,2068,1386.008,0.076,1386.083,16.632
LANDIS,06,conservation,2069,1392.457,0.077,1392.534,16.71
LANDIS,06,conservation,2070,1398.804,0.078,1398.882,16.786
LANDIS,06,conservation,2071,1405.048,0.08,1405.128,16.861
LANDIS,06,conservation,2072,1411.188,0.081,1411.27,16.934
LANDIS,06,conservation,2073,1417.226,0.083,1417.308,17.007
LANDIS,06,conservation,2074,1423.16,0.084,1423.244,17.078
LANDIS,06,conservation,2075,1429.011,0.085,1429.097,17.148
LANDIS,06,conservation,2076,1434.781,0.087,1434.868,17.217
LANDIS,06,conservation,2077,1440.467,0.088,1440.555,17.286
LANDIS,06,conservation,2078,1446.071,0.089,1446.161,17.353
LANDIS,06,conservation,2079,1451.593,0.091,1451.684,17.419
LANDIS,06,conservation,2080,1457.032,0.092,1457.124,17.484
LANDIS,06,conservation,2081,1462.388,0.093,1462.481,17.549
LANDIS,06,conservation,2082,1467.662,0.095,1467.757,17.612
LANDIS,06,conservation,2083,1472.852,0.096,1472.948,17.674
LANDIS,06,conservation,2084,1477.96,0.097,1478.057,17.736
LANDIS,06,conservation,2085,1482.97,0.099,1483.069,17.796
LANDIS,06,conservation,2086,1487.882,0.1,1487.982,17.855
LANDIS,06,conservation,2087,1492.696,0.101,1492.797,17.912
LANDIS,06,conservation,2088,1497.412,0.102,1497.514,17.969
LANDIS,06,conservation,2089,1502.029,0.104,1502.132,18.024
LANDIS,06,conservation,2090,1506.549,0.105,1506.654,18.079
LANDIS,06,conservation,2091,1510.969,0.106,1511.076,18.132
LANDIS,06,conservation,2092,1515.293,0.107,1515.401,18.184
LANDIS,06,conservation,2093,1519.518,0.109,1519.627,18.234
LANDIS,06,conservation,2094,1523.645,0.11,1523.755,18.284
LANDIS,06,conservation,2095,1527.699,0.111,1527.81,18.332
LANDIS,06,conservation,2096,1531.68,0.112,1531.793,18.38
LANDIS,06,conservation,2097,1535.588,0.113,1535.702,18.427
LANDIS,06,conservation,2098,1539.424,0.115,1539.538,18.473
LANDIS,06,conservation,2099,1543.187,0.116,1543.302,18.518
LANDIS,06,conservation,2100,1546.876,0.117,1546.993,18.563
LANDIS,06,intensive,2025,1002.65,0,1002.65,12.032
LANDIS,06,intensive,2026,1013.767,0.017,1013.784,12.165
LANDIS,06,intensive,2027,1024.817,0.033,1024.851,12.298
LANDIS,06,intensive,2028,1035.798,0.048,1035.846,12.43
LANDIS,06,intensive,2029,1046.705,0.063,1046.768,12.56
LANDIS,06,intensive,2030,1057.537,0.077,1057.613,12.69
LANDIS,06,intensive,2031,1068.29,0.09,1068.38,12.82
LANDIS,06,intensive,2032,1078.962,0.103,1079.064,12.948
LANDIS,06,intensive,2033,1089.551,0.115,1089.666,13.075
LANDIS,06,intensive,2034,1100.056,0.128,1100.183,13.201
LANDIS,06,intensive,2035,1110.443,0.14,1110.583,13.325
LANDIS,06,intensive,2036,1120.714,0.151,1120.865,13.449
LANDIS,06,intensive,2037,1130.865,0.163,1131.028,13.57
LANDIS,06,intensive,2038,1140.895,0.174,1141.069,13.691
LANDIS,06,intensive,2039,1150.803,0.186,1150.989,13.81
LANDIS,06,intensive,2040,1160.589,0.197,1160.786,13.927
LANDIS,06,intensive,2041,1170.252,0.208,1170.459,14.043
LANDIS,06,intensive,2042,1179.789,0.219,1180.008,14.158
LANDIS,06,intensive,2043,1189.201,0.229,1189.43,14.27
LANDIS,06,intensive,2044,1198.486,0.24,1198.726,14.382
LANDIS,06,intensive,2045,1207.64,0.251,1207.89,14.492
LANDIS,06,intensive,2046,1216.661,0.261,1216.922,14.6
LANDIS,06,intensive,2047,1225.549,0.272,1225.821,14.707
LANDIS,06,intensive,2048,1234.304,0.282,1234.586,14.812
LANDIS,06,intensive,2049,1242.925,0.292,1243.217,14.915
LANDIS,06,intensive,2050,1251.41,0.303,1251.713,15.017
LANDIS,06,intensive,2051,1259.763,0.313,1260.075,15.117
LANDIS,06,intensive,2052,1267.979,0.323,1268.302,15.216
LANDIS,06,intensive,2053,1276.06,0.333,1276.393,15.313
LANDIS,06,intensive,2054,1284.004,0.343,1284.347,15.408
LANDIS,06,intensive,2055,1291.848,0.353,1292.2,15.502
LANDIS,06,intensive,2056,1299.591,0.362,1299.953,15.595
LANDIS,06,intensive,2057,1307.231,0.372,1307.603,15.687
LANDIS,06,intensive,2058,1314.77,0.382,1315.152,15.777
LANDIS,06,intensive,2059,1322.207,0.391,1322.598,15.867
LANDIS,06,intensive,2060,1329.542,0.401,1329.943,15.955
LANDIS,06,intensive,2061,1336.773,0.411,1337.184,16.041
LANDIS,06,intensive,2062,1343.903,0.42,1344.323,16.127
LANDIS,06,intensive,2063,1350.93,0.429,1351.36,16.211
LANDIS,06,intensive,2064,1357.854,0.439,1358.293,16.294
LANDIS,06,intensive,2065,1364.676,0.448,1365.124,16.376
LANDIS,06,intensive,2066,1371.395,0.457,1371.852,16.457
LANDIS,06,intensive,2067,1378.01,0.466,1378.476,16.536
LANDIS,06,intensive,2068,1384.523,0.475,1384.999,16.614
LANDIS,06,intensive,2069,1390.933,0.484,1391.418,16.691
LANDIS,06,intensive,2070,1397.24,0.493,1397.733,16.767
LANDIS,06,intensive,2071,1403.444,0.502,1403.947,16.841
LANDIS,06,intensive,2072,1409.545,0.511,1410.056,16.915
LANDIS,06,intensive,2073,1415.542,0.52,1416.062,16.987
LANDIS,06,intensive,2074,1421.436,0.529,1421.964,17.057
LANDIS,06,intensive,2075,1427.246,0.537,1427.784,17.127
LANDIS,06,intensive,2076,1432.975,0.546,1433.521,17.196
LANDIS,06,intensive,2077,1438.62,0.554,1439.174,17.263
LANDIS,06,intensive,2078,1444.183,0.563,1444.746,17.33
LANDIS,06,intensive,2079,1449.664,0.571,1450.235,17.396
LANDIS,06,intensive,2080,1455.061,0.58,1455.64,17.461
LANDIS,06,intensive,2081,1460.375,0.588,1460.963,17.525
LANDIS,06,intensive,2082,1465.608,0.596,1466.204,17.587
LANDIS,06,intensive,2083,1470.756,0.605,1471.36,17.649
LANDIS,06,intensive,2084,1475.822,0.613,1476.434,17.71
LANDIS,06,intensive,2085,1480.79,0.621,1481.41,17.77
LANDIS,06,intensive,2086,1485.659,0.629,1486.288,17.828
LANDIS,06,intensive,2087,1490.431,0.637,1491.067,17.885
LANDIS,06,intensive,2088,1495.104,0.645,1495.749,17.941
LANDIS,06,intensive,2089,1499.678,0.652,1500.331,17.996
LANDIS,06,intensive,2090,1504.155,0.66,1504.815,18.05
LANDIS,06,intensive,2091,1508.533,0.668,1509.201,18.102
LANDIS,06,intensive,2092,1512.814,0.676,1513.489,18.154
LANDIS,06,intensive,2093,1516.995,0.683,1517.679,18.204
LANDIS,06,intensive,2094,1521.079,0.691,1521.769,18.253
LANDIS,06,intensive,2095,1525.089,0.698,1525.787,18.301
LANDIS,06,intensive,2096,1529.027,0.706,1529.733,18.348
LANDIS,06,intensive,2097,1532.891,0.713,1533.604,18.395
LANDIS,06,intensive,2098,1536.683,0.72,1537.403,18.44
LANDIS,06,intensive,2099,1540.402,0.728,1541.129,18.485
LANDIS,06,intensive,2100,1544.047,0.735,1544.782,18.529
LANDIS,08,reserve,2025,271.63,0,271.63,3.64
LANDIS,08,reserve,2026,276.141,0,276.141,3.7
LANDIS,08,reserve,2027,280.609,0,280.609,3.76
LANDIS,08,reserve,2028,285.033,0,285.033,3.819
LANDIS,08,reserve,2029,289.414,0,289.414,3.878
LANDIS,08,reserve,2030,293.75,0,293.75,3.936
LANDIS,08,reserve,2031,298.042,0,298.042,3.994
LANDIS,08,reserve,2032,302.289,0,302.289,4.051
LANDIS,08,reserve,2033,306.49,0,306.49,4.107
LANDIS,08,reserve,2034,310.646,0,310.646,4.163
LANDIS,08,reserve,2035,314.749,0,314.749,4.218
LANDIS,08,reserve,2036,318.799,0,318.799,4.272
LANDIS,08,reserve,2037,322.797,0,322.797,4.325
LANDIS,08,reserve,2038,326.741,0,326.741,4.378
LANDIS,08,reserve,2039,330.633,0,330.633,4.43
LANDIS,08,reserve,2040,334.471,0,334.471,4.482
LANDIS,08,reserve,2041,338.255,0,338.255,4.533
LANDIS,08,reserve,2042,341.986,0,341.986,4.583
LANDIS,08,reserve,2043,345.663,0,345.663,4.632
LANDIS,08,reserve,2044,349.286,0,349.286,4.68
LANDIS,08,reserve,2045,352.856,0,352.856,4.728
LANDIS,08,reserve,2046,356.373,0,356.373,4.775
LANDIS,08,reserve,2047,359.837,0,359.837,4.822
LANDIS,08,reserve,2048,363.248,0,363.248,4.868
LANDIS,08,reserve,2049,366.605,0,366.605,4.913
LANDIS,08,reserve,2050,369.909,0,369.909,4.957
LANDIS,08,reserve,2051,373.159,0,373.159,5
LANDIS,08,reserve,2052,376.357,0,376.357,5.043
LANDIS,08,reserve,2053,379.5,0,379.5,5.085
LANDIS,08,reserve,2054,382.591,0,382.591,5.127
LANDIS,08,reserve,2055,385.634,0,385.634,5.167
LANDIS,08,reserve,2056,388.63,0,388.63,5.208
LANDIS,08,reserve,2057,391.578,0,391.578,5.247
LANDIS,08,reserve,2058,394.48,0,394.48,5.286
LANDIS,08,reserve,2059,397.334,0,397.334,5.324
LANDIS,08,reserve,2060,400.141,0,400.141,5.362
LANDIS,08,reserve,2061,402.901,0,402.901,5.399
LANDIS,08,reserve,2062,405.613,0,405.613,5.435
LANDIS,08,reserve,2063,408.279,0,408.279,5.471
LANDIS,08,reserve,2064,410.897,0,410.897,5.506
LANDIS,08,reserve,2065,413.472,0,413.472,5.541
LANDIS,08,reserve,2066,416.005,0,416.005,5.574
LANDIS,08,reserve,2067,418.495,0,418.495,5.608
LANDIS,08,reserve,2068,420.943,0,420.943,5.641
LANDIS,08,reserve,2069,423.348,0,423.348,5.673
LANDIS,08,reserve,2070,425.711,0,425.711,5.705
LANDIS,08,reserve,2071,428.031,0,428.031,5.736
LANDIS,08,reserve,2072,430.309,0,430.309,5.766
LANDIS,08,reserve,2073,432.544,0,432.544,5.796
LANDIS,08,reserve,2074,434.737,0,434.737,5.825
LANDIS,08,reserve,2075,436.893,0,436.893,5.854
LANDIS,08,reserve,2076,439.013,0,439.013,5.883
LANDIS,08,reserve,2077,441.097,0,441.097,5.911
LANDIS,08,reserve,2078,443.145,0,443.145,5.938
LANDIS,08,reserve,2079,445.157,0,445.157,5.965
LANDIS,08,reserve,2080,447.133,0,447.133,5.992
LANDIS,08,reserve,2081,449.072,0,449.072,6.018
LANDIS,08,reserve,2082,450.976,0,450.976,6.043
LANDIS,08,reserve,2083,452.843,0,452.843,6.068
LANDIS,08,reserve,2084,454.674,0,454.674,6.093
LANDIS,08,reserve,2085,456.473,0,456.473,6.117
LANDIS,08,reserve,2086,458.238,0,458.238,6.14
LANDIS,08,reserve,2087,459.971,0,459.971,6.164
LANDIS,08,reserve,2088,461.672,0,461.672,6.186
LANDIS,08,reserve,2089,463.34,0,463.34,6.209
LANDIS,08,reserve,2090,464.975,0,464.975,6.231
LANDIS,08,reserve,2091,466.577,0,466.577,6.252
LANDIS,08,reserve,2092,468.147,0,468.147,6.273
LANDIS,08,reserve,2093,469.684,0,469.684,6.294
LANDIS,08,reserve,2094,471.189,0,471.189,6.314
LANDIS,08,reserve,2095,472.667,0,472.667,6.334
LANDIS,08,reserve,2096,474.118,0,474.118,6.353
LANDIS,08,reserve,2097,475.543,0,475.543,6.372
LANDIS,08,reserve,2098,476.94,0,476.94,6.391
LANDIS,08,reserve,2099,478.312,0,478.312,6.409
LANDIS,08,reserve,2100,479.656,0,479.656,6.427
LANDIS,08,BAU,2025,271.63,0,271.63,3.64
LANDIS,08,BAU,2026,276.141,0,276.141,3.7
LANDIS,08,BAU,2027,280.609,0,280.609,3.76
LANDIS,08,BAU,2028,285.033,0,285.033,3.819
LANDIS,08,BAU,2029,289.414,0,289.414,3.878
LANDIS,08,BAU,2030,293.75,0,293.75,3.936
LANDIS,08,BAU,2031,298.042,0,298.042,3.994
LANDIS,08,BAU,2032,302.289,0,302.289,4.051
LANDIS,08,BAU,2033,306.49,0,306.49,4.107
LANDIS,08,BAU,2034,310.646,0,310.646,4.163
LANDIS,08,BAU,2035,314.749,0,314.749,4.218
LANDIS,08,BAU,2036,318.799,0,318.799,4.272
LANDIS,08,BAU,2037,322.797,0,322.797,4.325
LANDIS,08,BAU,2038,326.741,0,326.741,4.378
LANDIS,08,BAU,2039,330.633,0,330.633,4.43
LANDIS,08,BAU,2040,334.471,0,334.471,4.482
LANDIS,08,BAU,2041,338.255,0,338.255,4.533
LANDIS,08,BAU,2042,341.986,0,341.986,4.583
LANDIS,08,BAU,2043,345.663,0,345.663,4.632
LANDIS,08,BAU,2044,349.286,0,349.286,4.68
LANDIS,08,BAU,2045,352.856,0,352.856,4.728
LANDIS,08,BAU,2046,356.373,0,356.373,4.775
LANDIS,08,BAU,2047,359.837,0,359.837,4.822
LANDIS,08,BAU,2048,363.248,0,363.248,4.868
LANDIS,08,BAU,2049,366.605,0,366.605,4.913
LANDIS,08,BAU,2050,369.909,0,369.909,4.957
LANDIS,08,BAU,2051,373.159,0,373.159,5
LANDIS,08,BAU,2052,376.357,0,376.357,5.043
LANDIS,08,BAU,2053,379.5,0,379.5,5.085
LANDIS,08,BAU,2054,382.591,0,382.591,5.127
LANDIS,08,BAU,2055,385.634,0,385.634,5.167
LANDIS,08,BAU,2056,388.63,0,388.63,5.208
LANDIS,08,BAU,2057,391.578,0,391.578,5.247
LANDIS,08,BAU,2058,394.48,0,394.48,5.286
LANDIS,08,BAU,2059,397.334,0,397.334,5.324
LANDIS,08,BAU,2060,400.141,0,400.141,5.362
LANDIS,08,BAU,2061,402.901,0,402.901,5.399
LANDIS,08,BAU,2062,405.613,0,405.613,5.435
LANDIS,08,BAU,2063,408.279,0,408.279,5.471
LANDIS,08,BAU,2064,410.897,0,410.897,5.506
LANDIS,08,BAU,2065,413.472,0,413.472,5.541
LANDIS,08,BAU,2066,416.005,0,416.005,5.574
LANDIS,08,BAU,2067,418.495,0,418.495,5.608
LANDIS,08,BAU,2068,420.943,0,420.943,5.641
LANDIS,08,BAU,2069,423.348,0,423.348,5.673
LANDIS,08,BAU,2070,425.711,0,425.711,5.705
LANDIS,08,BAU,2071,428.031,0,428.031,5.736
LANDIS,08,BAU,2072,430.309,0,430.309,5.766
LANDIS,08,BAU,2073,432.544,0,432.544,5.796
LANDIS,08,BAU,2074,434.737,0,434.737,5.825
LANDIS,08,BAU,2075,436.893,0,436.893,5.854
LANDIS,08,BAU,2076,439.013,0,439.013,5.883
LANDIS,08,BAU,2077,441.097,0,441.097,5.911
LANDIS,08,BAU,2078,443.145,0,443.145,5.938
LANDIS,08,BAU,2079,445.157,0,445.157,5.965
LANDIS,08,BAU,2080,447.133,0,447.133,5.992
LANDIS,08,BAU,2081,449.072,0,449.072,6.018
LANDIS,08,BAU,2082,450.976,0,450.976,6.043
LANDIS,08,BAU,2083,452.843,0,452.843,6.068
LANDIS,08,BAU,2084,454.674,0,454.674,6.093
LANDIS,08,BAU,2085,456.473,0,456.473,6.117
LANDIS,08,BAU,2086,458.238,0,458.238,6.14
LANDIS,08,BAU,2087,459.971,0,459.971,6.164
LANDIS,08,BAU,2088,461.672,0,461.672,6.186
LANDIS,08,BAU,2089,463.34,0,463.34,6.209
LANDIS,08,BAU,2090,464.975,0,464.975,6.231
LANDIS,08,BAU,2091,466.577,0,466.577,6.252
LANDIS,08,BAU,2092,468.147,0,468.147,6.273
LANDIS,08,BAU,2093,469.684,0,469.684,6.294
LANDIS,08,BAU,2094,471.189,0,471.189,6.314
LANDIS,08,BAU,2095,472.667,0,472.667,6.334
LANDIS,08,BAU,2096,474.118,0,474.118,6.353
LANDIS,08,BAU,2097,475.543,0,475.543,6.372
LANDIS,08,BAU,2098,476.94,0,476.94,6.391
LANDIS,08,BAU,2099,478.312,0,478.312,6.409
LANDIS,08,BAU,2100,479.656,0,479.656,6.427
LANDIS,08,conservation,2025,271.63,0,271.63,3.64
LANDIS,08,conservation,2026,276.141,0,276.141,3.7
LANDIS,08,conservation,2027,280.609,0,280.609,3.76
LANDIS,08,conservation,2028,285.033,0,285.033,3.819
LANDIS,08,conservation,2029,289.414,0,289.414,3.878
LANDIS,08,conservation,2030,293.75,0,293.75,3.936
LANDIS,08,conservation,2031,298.042,0,298.042,3.994
LANDIS,08,conservation,2032,302.289,0,302.289,4.051
LANDIS,08,conservation,2033,306.49,0,306.49,4.107
LANDIS,08,conservation,2034,310.646,0,310.646,4.163
LANDIS,08,conservation,2035,314.749,0,314.749,4.218
LANDIS,08,conservation,2036,318.799,0,318.799,4.272
LANDIS,08,conservation,2037,322.797,0,322.797,4.325
LANDIS,08,conservation,2038,326.741,0,326.741,4.378
LANDIS,08,conservation,2039,330.633,0,330.633,4.43
LANDIS,08,conservation,2040,334.471,0,334.471,4.482
LANDIS,08,conservation,2041,338.255,0,338.255,4.533
LANDIS,08,conservation,2042,341.986,0,341.986,4.583
LANDIS,08,conservation,2043,345.663,0,345.663,4.632
LANDIS,08,conservation,2044,349.286,0,349.286,4.68
LANDIS,08,conservation,2045,352.856,0,352.856,4.728
LANDIS,08,conservation,2046,356.373,0,356.373,4.775
LANDIS,08,conservation,2047,359.837,0,359.837,4.822
LANDIS,08,conservation,2048,363.248,0,363.248,4.868
LANDIS,08,conservation,2049,366.605,0,366.605,4.913
LANDIS,08,conservation,2050,369.909,0,369.909,4.957
LANDIS,08,conservation,2051,373.159,0,373.159,5
LANDIS,08,conservation,2052,376.357,0,376.357,5.043
LANDIS,08,conservation,2053,379.5,0,379.5,5.085
LANDIS,08,conservation,2054,382.591,0,382.591,5.127
LANDIS,08,conservation,2055,385.634,0,385.634,5.167
LANDIS,08,conservation,2056,388.63,0,388.63,5.208
LANDIS,08,conservation,2057,391.578,0,391.578,5.247
LANDIS,08,conservation,2058,394.48,0,394.48,5.286
LANDIS,08,conservation,2059,397.334,0,397.334,5.324
LANDIS,08,conservation,2060,400.141,0,400.141,5.362
LANDIS,08,conservation,2061,402.901,0,402.901,5.399
LANDIS,08,conservation,2062,405.613,0,405.613,5.435
LANDIS,08,conservation,2063,408.279,0,408.279,5.471
LANDIS,08,conservation,2064,410.897,0,410.897,5.506
LANDIS,08,conservation,2065,413.472,0,413.472,5.541
LANDIS,08,conservation,2066,416.005,0,416.005,5.574
LANDIS,08,conservation,2067,418.495,0,418.495,5.608
LANDIS,08,conservation,2068,420.943,0,420.943,5.641
LANDIS,08,conservation,2069,423.348,0,423.348,5.673
LANDIS,08,conservation,2070,425.711,0,425.711,5.705
LANDIS,08,conservation,2071,428.031,0,428.031,5.736
LANDIS,08,conservation,2072,430.309,0,430.309,5.766
LANDIS,08,conservation,2073,432.544,0,432.544,5.796
LANDIS,08,conservation,2074,434.737,0,434.737,5.825
LANDIS,08,conservation,2075,436.893,0,436.893,5.854
LANDIS,08,conservation,2076,439.013,0,439.013,5.883
LANDIS,08,conservation,2077,441.097,0,441.097,5.911
LANDIS,08,conservation,2078,443.145,0,443.145,5.938
LANDIS,08,conservation,2079,445.157,0,445.157,5.965
LANDIS,08,conservation,2080,447.133,0,447.133,5.992
LANDIS,08,conservation,2081,449.072,0,449.072,6.018
LANDIS,08,conservation,2082,450.976,0,450.976,6.043
LANDIS,08,conservation,2083,452.843,0,452.843,6.068
LANDIS,08,conservation,2084,454.674,0,454.674,6.093
LANDIS,08,conservation,2085,456.473,0,456.473,6.117
LANDIS,08,conservation,2086,458.238,0,458.238,6.14
LANDIS,08,conservation,2087,459.971,0,459.971,6.164
LANDIS,08,conservation,2088,461.672,0,461.672,6.186
LANDIS,08,conservation,2089,463.34,0,463.34,6.209
LANDIS,08,conservation,2090,464.975,0,464.975,6.231
LANDIS,08,conservation,2091,466.577,0,466.577,6.252
LANDIS,08,conservation,2092,468.147,0,468.147,6.273
LANDIS,08,conservation,2093,469.684,0,469.684,6.294
LANDIS,08,conservation,2094,471.189,0,471.189,6.314
LANDIS,08,conservation,2095,472.667,0,472.667,6.334
LANDIS,08,conservation,2096,474.118,0,474.118,6.353
LANDIS,08,conservation,2097,475.543,0,475.543,6.372
LANDIS,08,conservation,2098,476.94,0,476.94,6.391
LANDIS,08,conservation,2099,478.312,0,478.312,6.409
LANDIS,08,conservation,2100,479.656,0,479.656,6.427
LANDIS,08,intensive,2025,271.63,0,271.63,3.64
LANDIS,08,intensive,2026,276.141,0,276.141,3.7
LANDIS,08,intensive,2027,280.609,0,280.609,3.76
LANDIS,08,intensive,2028,285.033,0,285.033,3.819
LANDIS,08,intensive,2029,289.414,0,289.414,3.878
LANDIS,08,intensive,2030,293.75,0,293.75,3.936
LANDIS,08,intensive,2031,298.042,0,298.042,3.994
LANDIS,08,intensive,2032,302.289,0,302.289,4.051
LANDIS,08,intensive,2033,306.49,0,306.49,4.107
LANDIS,08,intensive,2034,310.646,0,310.646,4.163
LANDIS,08,intensive,2035,314.749,0,314.749,4.218
LANDIS,08,intensive,2036,318.799,0,318.799,4.272
LANDIS,08,intensive,2037,322.797,0,322.797,4.325
LANDIS,08,intensive,2038,326.741,0,326.741,4.378
LANDIS,08,intensive,2039,330.633,0,330.633,4.43
LANDIS,08,intensive,2040,334.471,0,334.471,4.482
LANDIS,08,intensive,2041,338.255,0,338.255,4.533
LANDIS,08,intensive,2042,341.986,0,341.986,4.583
LANDIS,08,intensive,2043,345.663,0,345.663,4.632
LANDIS,08,intensive,2044,349.286,0,349.286,4.68
LANDIS,08,intensive,2045,352.856,0,352.856,4.728
LANDIS,08,intensive,2046,356.373,0,356.373,4.775
LANDIS,08,intensive,2047,359.837,0,359.837,4.822
LANDIS,08,intensive,2048,363.248,0,363.248,4.868
LANDIS,08,intensive,2049,366.605,0,366.605,4.913
LANDIS,08,intensive,2050,369.909,0,369.909,4.957
LANDIS,08,intensive,2051,373.159,0,373.159,5
LANDIS,08,intensive,2052,376.357,0,376.357,5.043
LANDIS,08,intensive,2053,379.5,0,379.5,5.085
LANDIS,08,intensive,2054,382.591,0,382.591,5.127
LANDIS,08,intensive,2055,385.634,0,385.634,5.167
LANDIS,08,intensive,2056,388.63,0,388.63,5.208
LANDIS,08,intensive,2057,391.578,0,391.578,5.247
LANDIS,08,intensive,2058,394.48,0,394.48,5.286
LANDIS,08,intensive,2059,397.334,0,397.334,5.324
LANDIS,08,intensive,2060,400.141,0,400.141,5.362
LANDIS,08,intensive,2061,402.901,0,402.901,5.399
LANDIS,08,intensive,2062,405.613,0,405.613,5.435
LANDIS,08,intensive,2063,408.279,0,408.279,5.471
LANDIS,08,intensive,2064,410.897,0,410.897,5.506
LANDIS,08,intensive,2065,413.472,0,413.472,5.541
LANDIS,08,intensive,2066,416.005,0,416.005,5.574
LANDIS,08,intensive,2067,418.495,0,418.495,5.608
LANDIS,08,intensive,2068,420.943,0,420.943,5.641
LANDIS,08,intensive,2069,423.348,0,423.348,5.673
LANDIS,08,intensive,2070,425.711,0,425.711,5.705
LANDIS,08,intensive,2071,428.031,0,428.031,5.736
LANDIS,08,intensive,2072,430.309,0,430.309,5.766
LANDIS,08,intensive,2073,432.544,0,432.544,5.796
LANDIS,08,intensive,2074,434.737,0,434.737,5.825
LANDIS,08,intensive,2075,436.893,0,436.893,5.854
LANDIS,08,intensive,2076,439.013,0,439.013,5.883
LANDIS,08,intensive,2077,441.097,0,441.097,5.911
LANDIS,08,intensive,2078,443.145,0,443.145,5.938
LANDIS,08,intensive,2079,445.157,0,445.157,5.965
LANDIS,08,intensive,2080,447.133,0,447.133,5.992
LANDIS,08,intensive,2081,449.072,0,449.072,6.018
LANDIS,08,intensive,2082,450.976,0,450.976,6.043
LANDIS,08,intensive,2083,452.843,0,452.843,6.068
LANDIS,08,intensive,2084,454.674,0,454.674,6.093
LANDIS,08,intensive,2085,456.473,0,456.473,6.117
LANDIS,08,intensive,2086,458.238,0,458.238,6.14
LANDIS,08,intensive,2087,459.971,0,459.971,6.164
LANDIS,08,intensive,2088,461.672,0,461.672,6.186
LANDIS,08,intensive,2089,463.34,0,463.34,6.209
LANDIS,08,intensive,2090,464.975,0,464.975,6.231
LANDIS,08,intensive,2091,466.577,0,466.577,6.252
LANDIS,08,intensive,2092,468.147,0,468.147,6.273
LANDIS,08,intensive,2093,469.684,0,469.684,6.294
LANDIS,08,intensive,2094,471.189,0,471.189,6.314
LANDIS,08,intensive,2095,472.667,0,472.667,6.334
LANDIS,08,intensive,2096,474.118,0,474.118,6.353
LANDIS,08,intensive,2097,475.543,0,475.543,6.372
LANDIS,08,intensive,2098,476.94,0,476.94,6.391
LANDIS,08,intensive,2099,478.312,0,478.312,6.409
LANDIS,08,intensive,2100,479.656,0,479.656,6.427
LANDIS,09,reserve,2025,64.47,0,64.47,2.147
LANDIS,09,reserve,2026,66.502,0,66.502,2.215
LANDIS,09,reserve,2027,68.539,0,68.539,2.282
LANDIS,09,reserve,2028,70.58,0,70.58,2.35
LANDIS,09,reserve,2029,72.625,0,72.625,2.418
LANDIS,09,reserve,2030,74.675,0,74.675,2.487
LANDIS,09,reserve,2031,76.731,0,76.731,2.555
LANDIS,09,reserve,2032,78.793,0,78.793,2.624
LANDIS,09,reserve,2033,80.861,0,80.861,2.693
LANDIS,09,reserve,2034,82.934,0,82.934,2.762
LANDIS,09,reserve,2035,84.995,0,84.995,2.83
LANDIS,09,reserve,2036,87.044,0,87.044,2.899
LANDIS,09,reserve,2037,89.082,0,89.082,2.966
LANDIS,09,reserve,2038,91.107,0,91.107,3.034
LANDIS,09,reserve,2039,93.121,0,93.121,3.101
LANDIS,09,reserve,2040,95.124,0,95.124,3.168
LANDIS,09,reserve,2041,97.115,0,97.115,3.234
LANDIS,09,reserve,2042,99.095,0,99.095,3.3
LANDIS,09,reserve,2043,101.065,0,101.065,3.365
LANDIS,09,reserve,2044,103.023,0,103.023,3.431
LANDIS,09,reserve,2045,104.984,0,104.984,3.496
LANDIS,09,reserve,2046,106.948,0,106.948,3.561
LANDIS,09,reserve,2047,108.914,0,108.914,3.627
LANDIS,09,reserve,2048,110.883,0,110.883,3.692
LANDIS,09,reserve,2049,112.854,0,112.854,3.758
LANDIS,09,reserve,2050,114.828,0,114.828,3.824
LANDIS,09,reserve,2051,116.804,0,116.804,3.89
LANDIS,09,reserve,2052,118.783,0,118.783,3.955
LANDIS,09,reserve,2053,120.764,0,120.764,4.021
LANDIS,09,reserve,2054,122.748,0,122.748,4.087
LANDIS,09,reserve,2055,124.737,0,124.737,4.154
LANDIS,09,reserve,2056,126.731,0,126.731,4.22
LANDIS,09,reserve,2057,128.73,0,128.73,4.287
LANDIS,09,reserve,2058,130.734,0,130.734,4.353
LANDIS,09,reserve,2059,132.744,0,132.744,4.42
LANDIS,09,reserve,2060,134.759,0,134.759,4.487
LANDIS,09,reserve,2061,136.779,0,136.779,4.555
LANDIS,09,reserve,2062,138.804,0,138.804,4.622
LANDIS,09,reserve,2063,140.835,0,140.835,4.69
LANDIS,09,reserve,2064,142.872,0,142.872,4.758
LANDIS,09,reserve,2065,144.897,0,144.897,4.825
LANDIS,09,reserve,2066,146.912,0,146.912,4.892
LANDIS,09,reserve,2067,148.915,0,148.915,4.959
LANDIS,09,reserve,2068,150.908,0,150.908,5.025
LANDIS,09,reserve,2069,152.89,0,152.89,5.091
LANDIS,09,reserve,2070,154.862,0,154.862,5.157
LANDIS,09,reserve,2071,156.823,0,156.823,5.222
LANDIS,09,reserve,2072,158.773,0,158.773,5.287
LANDIS,09,reserve,2073,160.714,0,160.714,5.352
LANDIS,09,reserve,2074,162.643,0,162.643,5.416
LANDIS,09,reserve,2075,164.562,0,164.562,5.48
LANDIS,09,reserve,2076,166.471,0,166.471,5.543
LANDIS,09,reserve,2077,168.368,0,168.368,5.607
LANDIS,09,reserve,2078,170.255,0,170.255,5.669
LANDIS,09,reserve,2079,172.132,0,172.132,5.732
LANDIS,09,reserve,2080,173.998,0,173.998,5.794
LANDIS,09,reserve,2081,175.854,0,175.854,5.856
LANDIS,09,reserve,2082,177.7,0,177.7,5.917
LANDIS,09,reserve,2083,179.535,0,179.535,5.978
LANDIS,09,reserve,2084,181.361,0,181.361,6.039
LANDIS,09,reserve,2085,183.075,0,183.075,6.096
LANDIS,09,reserve,2086,184.678,0,184.678,6.15
LANDIS,09,reserve,2087,186.17,0,186.17,6.199
LANDIS,09,reserve,2088,187.551,0,187.551,6.245
LANDIS,09,reserve,2089,188.821,0,188.821,6.288
LANDIS,09,reserve,2090,189.981,0,189.981,6.326
LANDIS,09,reserve,2091,191.031,0,191.031,6.361
LANDIS,09,reserve,2092,191.971,0,191.971,6.393
LANDIS,09,reserve,2093,192.8,0,192.8,6.42
LANDIS,09,reserve,2094,193.521,0,193.521,6.444
LANDIS,09,reserve,2095,194.201,0,194.201,6.467
LANDIS,09,reserve,2096,194.84,0,194.84,6.488
LANDIS,09,reserve,2097,195.439,0,195.439,6.508
LANDIS,09,reserve,2098,195.998,0,195.998,6.527
LANDIS,09,reserve,2099,196.517,0,196.517,6.544
LANDIS,09,reserve,2100,196.996,0,196.996,6.56
LANDIS,09,BAU,2025,64.47,0,64.47,2.147
LANDIS,09,BAU,2026,66.492,0.005,66.497,2.214
LANDIS,09,BAU,2027,68.52,0.009,68.529,2.282
LANDIS,09,BAU,2028,70.551,0.014,70.564,2.349
LANDIS,09,BAU,2029,72.585,0.018,72.603,2.417
LANDIS,09,BAU,2030,74.624,0.022,74.647,2.485
LANDIS,09,BAU,2031,76.669,0.026,76.696,2.553
LANDIS,09,BAU,2032,78.72,0.031,78.751,2.621
LANDIS,09,BAU,2033,80.776,0.035,80.811,2.69
LANDIS,09,BAU,2034,82.838,0.039,82.876,2.758
LANDIS,09,BAU,2035,84.886,0.043,84.929,2.827
LANDIS,09,BAU,2036,86.923,0.047,86.97,2.895
LANDIS,09,BAU,2037,88.948,0.051,88.999,2.962
LANDIS,09,BAU,2038,90.96,0.055,91.015,3.029
LANDIS,09,BAU,2039,92.96,0.059,93.019,3.096
LANDIS,09,BAU,2040,94.95,0.063,95.013,3.162
LANDIS,09,BAU,2041,96.927,0.067,96.994,3.228
LANDIS,09,BAU,2042,98.892,0.072,98.964,3.293
LANDIS,09,BAU,2043,100.848,0.076,100.923,3.358
LANDIS,09,BAU,2044,102.791,0.08,102.871,3.423
LANDIS,09,BAU,2045,104.737,0.084,104.821,3.488
LANDIS,09,BAU,2046,106.685,0.088,106.774,3.553
LANDIS,09,BAU,2047,108.635,0.093,108.728,3.618
LANDIS,09,BAU,2048,110.588,0.097,110.685,3.683
LANDIS,09,BAU,2049,112.543,0.101,112.644,3.748
LANDIS,09,BAU,2050,114.5,0.106,114.606,3.813
LANDIS,09,BAU,2051,116.459,0.11,116.57,3.878
LANDIS,09,BAU,2052,118.421,0.115,118.536,3.943
LANDIS,09,BAU,2053,120.385,0.119,120.504,4.009
LANDIS,09,BAU,2054,122.351,0.123,122.475,4.074
LANDIS,09,BAU,2055,124.322,0.128,124.45,4.14
LANDIS,09,BAU,2056,126.298,0.133,126.43,4.206
LANDIS,09,BAU,2057,128.278,0.137,128.415,4.272
LANDIS,09,BAU,2058,130.263,0.142,130.405,4.338
LANDIS,09,BAU,2059,132.254,0.146,132.4,4.404
LANDIS,09,BAU,2060,134.249,0.151,134.4,4.47
LANDIS,09,BAU,2061,136.249,0.156,136.405,4.537
LANDIS,09,BAU,2062,138.254,0.161,138.415,4.604
LANDIS,09,BAU,2063,140.265,0.165,140.43,4.671
LANDIS,09,BAU,2064,142.281,0.17,142.451,4.738
LANDIS,09,BAU,2065,144.285,0.175,144.46,4.805
LANDIS,09,BAU,2066,146.279,0.18,146.459,4.871
LANDIS,09,BAU,2067,148.26,0.185,148.445,4.937
LANDIS,09,BAU,2068,150.231,0.19,150.421,5.003
LANDIS,09,BAU,2069,152.191,0.194,152.386,5.068
LANDIS,09,BAU,2070,154.141,0.199,154.34,5.133
LANDIS,09,BAU,2071,156.079,0.204,156.283,5.197
LANDIS,09,BAU,2072,158.006,0.209,158.215,5.262
LANDIS,09,BAU,2073,159.924,0.214,160.138,5.325
LANDIS,09,BAU,2074,161.829,0.219,162.048,5.389
LANDIS,09,BAU,2075,163.724,0.225,163.949,5.452
LANDIS,09,BAU,2076,165.609,0.23,165.838,5.515
LANDIS,09,BAU,2077,167.481,0.235,167.716,5.577
LANDIS,09,BAU,2078,169.344,0.24,169.584,5.639
LANDIS,09,BAU,2079,171.196,0.245,171.441,5.701
LANDIS,09,BAU,2080,173.036,0.25,173.287,5.762
LANDIS,09,BAU,2081,174.867,0.255,175.122,5.823
LANDIS,09,BAU,2082,176.687,0.261,176.948,5.884
LANDIS,09,BAU,2083,178.496,0.266,178.762,5.944
LANDIS,09,BAU,2084,180.296,0.271,180.566,6.004
LANDIS,09,BAU,2085,181.983,0.276,182.259,6.06
LANDIS,09,BAU,2086,183.559,0.281,183.84,6.112
LANDIS,09,BAU,2087,185.024,0.287,185.311,6.161
LANDIS,09,BAU,2088,186.378,0.292,186.669,6.206
LANDIS,09,BAU,2089,187.62,0.297,187.917,6.248
LANDIS,09,BAU,2090,188.752,0.302,189.055,6.285
LANDIS,09,BAU,2091,189.775,0.307,190.082,6.319
LANDIS,09,BAU,2092,190.686,0.313,190.999,6.35
LANDIS,09,BAU,2093,191.487,0.318,191.805,6.376
LANDIS,09,BAU,2094,192.18,0.323,192.503,6.4
LANDIS,09,BAU,2095,192.832,0.328,193.159,6.421
LANDIS,09,BAU,2096,193.442,0.333,193.775,6.442
LANDIS,09,BAU,2097,194.013,0.337,194.35,6.461
LANDIS,09,BAU,2098,194.543,0.342,194.885,6.478
LANDIS,09,BAU,2099,195.033,0.347,195.38,6.495
LANDIS,09,BAU,2100,195.483,0.352,195.835,6.51
LANDIS,09,conservation,2025,64.47,0,64.47,2.147
LANDIS,09,conservation,2026,66.498,0.002,66.5,2.214
LANDIS,09,conservation,2027,68.532,0.004,68.535,2.282
LANDIS,09,conservation,2028,70.569,0.005,70.574,2.35
LANDIS,09,conservation,2029,72.61,0.007,72.617,2.418
LANDIS,09,conservation,2030,74.656,0.009,74.664,2.486
LANDIS,09,conservation,2031,76.707,0.01,76.717,2.554
LANDIS,09,conservation,2032,78.765,0.012,78.777,2.623
LANDIS,09,conservation,2033,80.829,0.013,80.842,2.692
LANDIS,09,conservation,2034,82.897,0.015,82.912,2.76
LANDIS,09,conservation,2035,84.953,0.016,84.97,2.829
LANDIS,09,conservation,2036,86.997,0.018,87.015,2.897
LANDIS,09,conservation,2037,89.03,0.02,89.05,2.965
LANDIS,09,conservation,2038,91.05,0.021,91.072,3.032
LANDIS,09,conservation,2039,93.059,0.023,93.082,3.099
LANDIS,09,conservation,2040,95.057,0.024,95.081,3.165
LANDIS,09,conservation,2041,97.043,0.026,97.068,3.232
LANDIS,09,conservation,2042,99.017,0.027,99.045,3.297
LANDIS,09,conservation,2043,100.981,0.029,101.011,3.363
LANDIS,09,conservation,2044,102.934,0.031,102.964,3.428
LANDIS,09,conservation,2045,104.889,0.032,104.921,3.493
LANDIS,09,conservation,2046,106.847,0.034,106.881,3.558
LANDIS,09,conservation,2047,108.807,0.036,108.843,3.623
LANDIS,09,conservation,2048,110.77,0.037,110.807,3.689
LANDIS,09,conservation,2049,112.734,0.039,112.773,3.754
LANDIS,09,conservation,2050,114.702,0.041,114.743,3.82
LANDIS,09,conservation,2051,116.672,0.042,116.714,3.885
LANDIS,09,conservation,2052,118.644,0.044,118.688,3.951
LANDIS,09,conservation,2053,120.618,0.046,120.664,4.017
LANDIS,09,conservation,2054,122.595,0.047,122.643,4.082
LANDIS,09,conservation,2055,124.577,0.049,124.627,4.148
LANDIS,09,conservation,2056,126.564,0.051,126.615,4.215
LANDIS,09,conservation,2057,128.556,0.053,128.609,4.281
LANDIS,09,conservation,2058,130.553,0.055,130.607,4.347
LANDIS,09,conservation,2059,132.556,0.056,132.612,4.414
LANDIS,09,conservation,2060,134.563,0.058,134.621,4.481
LANDIS,09,conservation,2061,136.575,0.06,136.635,4.548
LANDIS,09,conservation,2062,138.593,0.062,138.654,4.615
LANDIS,09,conservation,2063,140.616,0.064,140.679,4.682
LANDIS,09,conservation,2064,142.645,0.065,142.71,4.75
LANDIS,09,conservation,2065,144.662,0.067,144.729,4.817
LANDIS,09,conservation,2066,146.669,0.069,146.738,4.884
LANDIS,09,conservation,2067,148.663,0.071,148.734,4.95
LANDIS,09,conservation,2068,150.648,0.073,150.721,5.017
LANDIS,09,conservation,2069,152.621,0.075,152.696,5.082
LANDIS,09,conservation,2070,154.585,0.077,154.661,5.148
LANDIS,09,conservation,2071,156.537,0.079,156.615,5.213
LANDIS,09,conservation,2072,158.478,0.081,158.558,5.277
LANDIS,09,conservation,2073,160.41,0.083,160.492,5.342
LANDIS,09,conservation,2074,162.33,0.084,162.414,5.406
LANDIS,09,conservation,2075,164.24,0.086,164.326,5.469
LANDIS,09,conservation,2076,166.139,0.088,166.228,5.532
LANDIS,09,conservation,2077,168.027,0.09,168.117,5.595
LANDIS,09,conservation,2078,169.904,0.092,169.997,5.658
LANDIS,09,conservation,2079,171.772,0.094,171.866,5.72
LANDIS,09,conservation,2080,173.628,0.096,173.724,5.782
LANDIS,09,conservation,2081,175.474,0.098,175.572,5.843
LANDIS,09,conservation,2082,177.31,0.1,177.41,5.904
LANDIS,09,conservation,2083,179.135,0.102,179.237,5.965
LANDIS,09,conservation,2084,180.951,0.104,181.055,6.026
LANDIS,09,conservation,2085,182.655,0.106,182.761,6.082
LANDIS,09,conservation,2086,184.247,0.108,184.356,6.135
LANDIS,09,conservation,2087,185.729,0.11,185.839,6.185
LANDIS,09,conservation,2088,187.099,0.112,187.212,6.23
LANDIS,09,conservation,2089,188.359,0.114,188.473,6.272
LANDIS,09,conservation,2090,189.508,0.116,189.624,6.311
LANDIS,09,conservation,2091,190.547,0.118,190.666,6.345
LANDIS,09,conservation,2092,191.477,0.12,191.597,6.376
LANDIS,09,conservation,2093,192.295,0.122,192.417,6.403
LANDIS,09,conservation,2094,193.005,0.124,193.129,6.427
LANDIS,09,conservation,2095,193.674,0.126,193.8,6.449
LANDIS,09,conservation,2096,194.302,0.128,194.43,6.47
LANDIS,09,conservation,2097,194.89,0.13,195.02,6.49
LANDIS,09,conservation,2098,195.438,0.132,195.57,6.508
LANDIS,09,conservation,2099,195.946,0.134,196.079,6.525
LANDIS,09,conservation,2100,196.414,0.136,196.549,6.541
LANDIS,09,intensive,2025,64.47,0,64.47,2.147
LANDIS,09,intensive,2026,66.479,0.012,66.49,2.214
LANDIS,09,intensive,2027,68.492,0.023,68.515,2.281
LANDIS,09,intensive,2028,70.509,0.033,70.542,2.348
LANDIS,09,intensive,2029,72.529,0.044,72.572,2.415
LANDIS,09,intensive,2030,74.553,0.054,74.607,2.483
LANDIS,09,intensive,2031,76.582,0.064,76.646,2.55
LANDIS,09,intensive,2032,78.617,0.074,78.691,2.618
LANDIS,09,intensive,2033,80.657,0.084,80.74,2.686
LANDIS,09,intensive,2034,82.701,0.094,82.794,2.754
LANDIS,09,intensive,2035,84.732,0.103,84.836,2.822
LANDIS,09,intensive,2036,86.751,0.113,86.864,2.889
LANDIS,09,intensive,2037,88.758,0.123,88.881,2.956
LANDIS,09,intensive,2038,90.751,0.133,90.884,3.022
LANDIS,09,intensive,2039,92.733,0.143,92.876,3.088
LANDIS,09,intensive,2040,94.703,0.153,94.856,3.154
LANDIS,09,intensive,2041,96.66,0.163,96.823,3.219
LANDIS,09,intensive,2042,98.606,0.173,98.778,3.284
LANDIS,09,intensive,2043,100.54,0.183,100.723,3.348
LANDIS,09,intensive,2044,102.463,0.193,102.655,3.412
LANDIS,09,intensive,2045,104.387,0.203,104.59,3.476
LANDIS,09,intensive,2046,106.314,0.213,106.527,3.54
LANDIS,09,intensive,2047,108.242,0.224,108.465,3.604
LANDIS,09,intensive,2048,110.172,0.234,110.406,3.669
LANDIS,09,intensive,2049,112.104,0.244,112.348,3.733
LANDIS,09,intensive,2050,114.038,0.255,114.293,3.797
LANDIS,09,intensive,2051,115.973,0.265,116.239,3.862
LANDIS,09,intensive,2052,117.911,0.276,118.187,3.926
LANDIS,09,intensive,2053,119.85,0.287,120.136,3.991
LANDIS,09,intensive,2054,121.791,0.298,122.088,4.056
LANDIS,09,intensive,2055,123.736,0.309,124.045,4.12
LANDIS,09,intensive,2056,125.686,0.319,126.006,4.185
LANDIS,09,intensive,2057,127.64,0.33,127.971,4.25
LANDIS,09,intensive,2058,129.599,0.342,129.94,4.316
LANDIS,09,intensive,2059,131.562,0.353,131.915,4.381
LANDIS,09,intensive,2060,133.53,0.364,133.894,4.447
LANDIS,09,intensive,2061,135.503,0.375,135.878,4.512
LANDIS,09,intensive,2062,137.479,0.387,137.866,4.578
LANDIS,09,intensive,2063,139.461,0.398,139.859,4.644
LANDIS,09,intensive,2064,141.449,0.41,141.858,4.71
LANDIS,09,intensive,2065,143.423,0.421,143.844,4.776
LANDIS,09,intensive,2066,145.387,0.433,145.82,4.841
LANDIS,09,intensive,2067,147.338,0.444,147.782,4.906
LANDIS,09,intensive,2068,149.278,0.456,149.735,4.971
LANDIS,09,intensive,2069,151.207,0.468,151.675,5.035
LANDIS,09,intensive,2070,153.125,0.48,153.605,5.099
LANDIS,09,intensive,2071,155.031,0.492,155.523,5.163
LANDIS,09,intensive,2072,156.926,0.504,157.43,5.226
LANDIS,09,intensive,2073,158.811,0.516,159.327,5.288
LANDIS,09,intensive,2074,160.683,0.528,161.211,5.351
LANDIS,09,intensive,2075,162.545,0.54,163.085,5.413
LANDIS,09,intensive,2076,164.396,0.552,164.948,5.474
LANDIS,09,intensive,2077,166.234,0.565,166.799,5.536
LANDIS,09,intensive,2078,168.062,0.577,168.639,5.596
LANDIS,09,intensive,2079,169.879,0.589,170.468,5.657
LANDIS,09,intensive,2080,171.684,0.602,172.286,5.717
LANDIS,09,intensive,2081,173.479,0.614,174.093,5.777
LANDIS,09,intensive,2082,175.263,0.626,175.889,5.836
LANDIS,09,intensive,2083,177.035,0.639,177.674,5.895
LANDIS,09,intensive,2084,178.798,0.651,179.45,5.954
LANDIS,09,intensive,2085,180.448,0.664,181.112,6.009
LANDIS,09,intensive,2086,181.987,0.676,182.663,6.06
LANDIS,09,intensive,2087,183.414,0.689,184.103,6.108
LANDIS,09,intensive,2088,184.73,0.701,185.431,6.151
LANDIS,09,intensive,2089,185.934,0.714,186.647,6.192
LANDIS,09,intensive,2090,187.027,0.726,187.753,6.228
LANDIS,09,intensive,2091,188.01,0.738,188.749,6.261
LANDIS,09,intensive,2092,188.883,0.751,189.634,6.29
LANDIS,09,intensive,2093,189.645,0.763,190.408,6.315
LANDIS,09,intensive,2094,190.298,0.775,191.073,6.337
LANDIS,09,intensive,2095,190.91,0.787,191.697,6.357
LANDIS,09,intensive,2096,191.481,0.798,192.28,6.376
LANDIS,09,intensive,2097,192.012,0.81,192.822,6.394
LANDIS,09,intensive,2098,192.502,0.822,193.324,6.41
LANDIS,09,intensive,2099,192.953,0.833,193.785,6.425
LANDIS,09,intensive,2100,193.363,0.844,194.207,6.439
LANDIS,10,reserve,2025,12.66,0,12.66,0.786
LANDIS,10,reserve,2026,13.01,0,13.01,0.808
LANDIS,10,reserve,2027,13.362,0,13.362,0.83
LANDIS,10,reserve,2028,13.714,0,13.714,0.852
LANDIS,10,reserve,2029,14.066,0,14.066,0.874
LANDIS,10,reserve,2030,14.42,0,14.42,0.896
LANDIS,10,reserve,2031,14.774,0,14.774,0.917
LANDIS,10,reserve,2032,15.129,0,15.129,0.94
LANDIS,10,reserve,2033,15.485,0,15.485,0.962
LANDIS,10,reserve,2034,15.842,0,15.842,0.984
LANDIS,10,reserve,2035,16.198,0,16.198,1.006
LANDIS,10,reserve,2036,16.553,0,16.553,1.028
LANDIS,10,reserve,2037,16.906,0,16.906,1.05
LANDIS,10,reserve,2038,17.259,0,17.259,1.072
LANDIS,10,reserve,2039,17.611,0,17.611,1.094
LANDIS,10,reserve,2040,17.961,0,17.961,1.115
LANDIS,10,reserve,2041,18.311,0,18.311,1.137
LANDIS,10,reserve,2042,18.66,0,18.66,1.159
LANDIS,10,reserve,2043,19.008,0,19.008,1.18
LANDIS,10,reserve,2044,19.355,0,19.355,1.202
LANDIS,10,reserve,2045,19.7,0,19.7,1.223
LANDIS,10,reserve,2046,20.043,0,20.043,1.245
LANDIS,10,reserve,2047,20.384,0,20.384,1.266
LANDIS,10,reserve,2048,20.722,0,20.722,1.287
LANDIS,10,reserve,2049,21.059,0,21.059,1.308
LANDIS,10,reserve,2050,21.394,0,21.394,1.329
LANDIS,10,reserve,2051,21.726,0,21.726,1.349
LANDIS,10,reserve,2052,22.057,0,22.057,1.37
LANDIS,10,reserve,2053,22.386,0,22.386,1.39
LANDIS,10,reserve,2054,22.713,0,22.713,1.411
LANDIS,10,reserve,2055,23.037,0,23.037,1.431
LANDIS,10,reserve,2056,23.359,0,23.359,1.451
LANDIS,10,reserve,2057,23.678,0,23.678,1.47
LANDIS,10,reserve,2058,23.994,0,23.994,1.49
LANDIS,10,reserve,2059,24.308,0,24.308,1.51
LANDIS,10,reserve,2060,24.619,0,24.619,1.529
LANDIS,10,reserve,2061,24.928,0,24.928,1.548
LANDIS,10,reserve,2062,25.235,0,25.235,1.567
LANDIS,10,reserve,2063,25.539,0,25.539,1.586
LANDIS,10,reserve,2064,25.84,0,25.84,1.605
LANDIS,10,reserve,2065,26.139,0,26.139,1.623
LANDIS,10,reserve,2066,26.435,0,26.435,1.642
LANDIS,10,reserve,2067,26.728,0,26.728,1.66
LANDIS,10,reserve,2068,27.018,0,27.018,1.678
LANDIS,10,reserve,2069,27.305,0,27.305,1.696
LANDIS,10,reserve,2070,27.59,0,27.59,1.713
LANDIS,10,reserve,2071,27.871,0,27.871,1.731
LANDIS,10,reserve,2072,28.15,0,28.15,1.748
LANDIS,10,reserve,2073,28.427,0,28.427,1.765
LANDIS,10,reserve,2074,28.7,0,28.7,1.782
LANDIS,10,reserve,2075,28.971,0,28.971,1.799
LANDIS,10,reserve,2076,29.238,0,29.238,1.816
LANDIS,10,reserve,2077,29.503,0,29.503,1.832
LANDIS,10,reserve,2078,29.765,0,29.765,1.848
LANDIS,10,reserve,2079,30.025,0,30.025,1.865
LANDIS,10,reserve,2080,30.281,0,30.281,1.881
LANDIS,10,reserve,2081,30.535,0,30.535,1.896
LANDIS,10,reserve,2082,30.786,0,30.786,1.912
LANDIS,10,reserve,2083,31.034,0,31.034,1.927
LANDIS,10,reserve,2084,31.279,0,31.279,1.942
LANDIS,10,reserve,2085,31.521,0,31.521,1.958
LANDIS,10,reserve,2086,31.761,0,31.761,1.972
LANDIS,10,reserve,2087,31.998,0,31.998,1.987
LANDIS,10,reserve,2088,32.232,0,32.232,2.002
LANDIS,10,reserve,2089,32.463,0,32.463,2.016
LANDIS,10,reserve,2090,32.692,0,32.692,2.03
LANDIS,10,reserve,2091,32.917,0,32.917,2.044
LANDIS,10,reserve,2092,33.14,0,33.14,2.058
LANDIS,10,reserve,2093,33.361,0,33.361,2.072
LANDIS,10,reserve,2094,33.578,0,33.578,2.085
LANDIS,10,reserve,2095,33.793,0,33.793,2.099
LANDIS,10,reserve,2096,34.005,0,34.005,2.112
LANDIS,10,reserve,2097,34.215,0,34.215,2.125
LANDIS,10,reserve,2098,34.422,0,34.422,2.138
LANDIS,10,reserve,2099,34.626,0,34.626,2.15
LANDIS,10,reserve,2100,34.828,0,34.828,2.163
LANDIS,10,BAU,2025,12.66,0,12.66,0.786
LANDIS,10,BAU,2026,13.009,0,13.01,0.808
LANDIS,10,BAU,2027,13.361,0.001,13.361,0.83
LANDIS,10,BAU,2028,13.712,0.001,13.713,0.852
LANDIS,10,BAU,2029,14.064,0.001,14.065,0.873
LANDIS,10,BAU,2030,14.417,0.001,14.418,0.895
LANDIS,10,BAU,2031,14.771,0.001,14.772,0.917
LANDIS,10,BAU,2032,15.125,0.002,15.127,0.939
LANDIS,10,BAU,2033,15.48,0.002,15.482,0.961
LANDIS,10,BAU,2034,15.837,0.002,15.839,0.984
LANDIS,10,BAU,2035,16.192,0.002,16.194,1.006
LANDIS,10,BAU,2036,16.546,0.003,16.549,1.028
LANDIS,10,BAU,2037,16.899,0.003,16.901,1.049
LANDIS,10,BAU,2038,17.251,0.003,17.254,1.071
LANDIS,10,BAU,2039,17.602,0.003,17.606,1.093
LANDIS,10,BAU,2040,17.952,0.003,17.955,1.115
LANDIS,10,BAU,2041,18.301,0.004,18.304,1.137
LANDIS,10,BAU,2042,18.649,0.004,18.653,1.158
LANDIS,10,BAU,2043,18.996,0.004,19,1.18
LANDIS,10,BAU,2044,19.343,0.004,19.347,1.201
LANDIS,10,BAU,2045,19.687,0.005,19.691,1.223
LANDIS,10,BAU,2046,20.029,0.005,20.034,1.244
LANDIS,10,BAU,2047,20.369,0.005,20.374,1.265
LANDIS,10,BAU,2048,20.706,0.005,20.711,1.286
LANDIS,10,BAU,2049,21.042,0.005,21.048,1.307
LANDIS,10,BAU,2050,21.376,0.006,21.382,1.327
LANDIS,10,BAU,2051,21.708,0.006,21.713,1.348
LANDIS,10,BAU,2052,22.038,0.006,22.044,1.369
LANDIS,10,BAU,2053,22.366,0.006,22.372,1.389
LANDIS,10,BAU,2054,22.692,0.007,22.698,1.409
LANDIS,10,BAU,2055,23.015,0.007,23.022,1.429
LANDIS,10,BAU,2056,23.336,0.007,23.343,1.449
LANDIS,10,BAU,2057,23.654,0.007,23.661,1.469
LANDIS,10,BAU,2058,23.969,0.007,23.977,1.489
LANDIS,10,BAU,2059,24.282,0.008,24.29,1.508
LANDIS,10,BAU,2060,24.592,0.008,24.6,1.527
LANDIS,10,BAU,2061,24.9,0.008,24.908,1.546
LANDIS,10,BAU,2062,25.206,0.008,25.214,1.565
LANDIS,10,BAU,2063,25.509,0.009,25.518,1.584
LANDIS,10,BAU,2064,25.809,0.009,25.818,1.603
LANDIS,10,BAU,2065,26.107,0.009,26.116,1.621
LANDIS,10,BAU,2066,26.402,0.009,26.411,1.64
LANDIS,10,BAU,2067,26.694,0.01,26.703,1.658
LANDIS,10,BAU,2068,26.983,0.01,26.992,1.676
LANDIS,10,BAU,2069,27.268,0.01,27.279,1.693
LANDIS,10,BAU,2070,27.552,0.01,27.563,1.711
LANDIS,10,BAU,2071,27.832,0.011,27.843,1.728
LANDIS,10,BAU,2072,28.11,0.011,28.121,1.746
LANDIS,10,BAU,2073,28.386,0.011,28.397,1.763
LANDIS,10,BAU,2074,28.658,0.011,28.669,1.78
LANDIS,10,BAU,2075,28.927,0.012,28.939,1.796
LANDIS,10,BAU,2076,29.193,0.012,29.205,1.813
LANDIS,10,BAU,2077,29.457,0.012,29.469,1.829
LANDIS,10,BAU,2078,29.718,0.012,29.73,1.846
LANDIS,10,BAU,2079,29.977,0.013,29.989,1.862
LANDIS,10,BAU,2080,30.231,0.013,30.244,1.877
LANDIS,10,BAU,2081,30.484,0.013,30.497,1.893
LANDIS,10,BAU,2082,30.734,0.013,30.747,1.909
LANDIS,10,BAU,2083,30.981,0.014,30.994,1.924
LANDIS,10,BAU,2084,31.224,0.014,31.238,1.939
LANDIS,10,BAU,2085,31.465,0.014,31.479,1.954
LANDIS,10,BAU,2086,31.704,0.014,31.718,1.969
LANDIS,10,BAU,2087,31.939,0.014,31.954,1.983
LANDIS,10,BAU,2088,32.172,0.015,32.187,1.998
LANDIS,10,BAU,2089,32.402,0.015,32.417,2.012
LANDIS,10,BAU,2090,32.629,0.015,32.645,2.026
LANDIS,10,BAU,2091,32.853,0.015,32.868,2.04
LANDIS,10,BAU,2092,33.075,0.016,33.09,2.054
LANDIS,10,BAU,2093,33.294,0.016,33.31,2.068
LANDIS,10,BAU,2094,33.51,0.016,33.526,2.081
LANDIS,10,BAU,2095,33.723,0.016,33.74,2.094
LANDIS,10,BAU,2096,33.934,0.017,33.951,2.107
LANDIS,10,BAU,2097,34.143,0.017,34.16,2.12
LANDIS,10,BAU,2098,34.348,0.017,34.365,2.133
LANDIS,10,BAU,2099,34.551,0.017,34.568,2.146
LANDIS,10,BAU,2100,34.751,0.018,34.769,2.158
LANDIS,10,conservation,2025,12.66,0,12.66,0.786
LANDIS,10,conservation,2026,13.01,0,13.01,0.808
LANDIS,10,conservation,2027,13.362,0,13.362,0.83
LANDIS,10,conservation,2028,13.713,0,13.714,0.852
LANDIS,10,conservation,2029,14.065,0,14.066,0.873
LANDIS,10,conservation,2030,14.419,0,14.419,0.895
LANDIS,10,conservation,2031,14.773,0.001,14.773,0.917
LANDIS,10,conservation,2032,15.127,0.001,15.128,0.939
LANDIS,10,conservation,2033,15.483,0.001,15.484,0.962
LANDIS,10,conservation,2034,15.84,0.001,15.841,0.984
LANDIS,10,conservation,2035,16.196,0.001,16.197,1.006
LANDIS,10,conservation,2036,16.55,0.001,16.551,1.028
LANDIS,10,conservation,2037,16.903,0.001,16.904,1.05
LANDIS,10,conservation,2038,17.256,0.001,17.257,1.072
LANDIS,10,conservation,2039,17.608,0.001,17.609,1.093
LANDIS,10,conservation,2040,17.957,0.001,17.959,1.115
LANDIS,10,conservation,2041,18.307,0.001,18.308,1.137
LANDIS,10,conservation,2042,18.656,0.002,18.657,1.159
LANDIS,10,conservation,2043,19.003,0.002,19.005,1.18
LANDIS,10,conservation,2044,19.35,0.002,19.352,1.202
LANDIS,10,conservation,2045,19.695,0.002,19.697,1.223
LANDIS,10,conservation,2046,20.037,0.002,20.039,1.244
LANDIS,10,conservation,2047,20.378,0.002,20.38,1.266
LANDIS,10,conservation,2048,20.716,0.002,20.718,1.287
LANDIS,10,conservation,2049,21.053,0.002,21.055,1.307
LANDIS,10,conservation,2050,21.387,0.002,21.389,1.328
LANDIS,10,conservation,2051,21.719,0.002,21.721,1.349
LANDIS,10,conservation,2052,22.049,0.002,22.052,1.369
LANDIS,10,conservation,2053,22.378,0.002,22.381,1.39
LANDIS,10,conservation,2054,22.705,0.003,22.707,1.41
LANDIS,10,conservation,2055,23.028,0.003,23.031,1.43
LANDIS,10,conservation,2056,23.35,0.003,23.353,1.45
LANDIS,10,conservation,2057,23.669,0.003,23.671,1.47
LANDIS,10,conservation,2058,23.984,0.003,23.987,1.489
LANDIS,10,conservation,2059,24.298,0.003,24.301,1.509
LANDIS,10,conservation,2060,24.608,0.003,24.612,1.528
LANDIS,10,conservation,2061,24.917,0.003,24.92,1.547
LANDIS,10,conservation,2062,25.224,0.003,25.227,1.566
LANDIS,10,conservation,2063,25.527,0.003,25.531,1.585
LANDIS,10,conservation,2064,25.828,0.003,25.831,1.604
LANDIS,10,conservation,2065,26.126,0.004,26.13,1.622
LANDIS,10,conservation,2066,26.422,0.004,26.426,1.641
LANDIS,10,conservation,2067,26.715,0.004,26.718,1.659
LANDIS,10,conservation,2068,27.004,0.004,27.008,1.677
LANDIS,10,conservation,2069,27.291,0.004,27.295,1.695
LANDIS,10,conservation,2070,27.575,0.004,27.579,1.712
LANDIS,10,conservation,2071,27.856,0.004,27.86,1.73
LANDIS,10,conservation,2072,28.134,0.004,28.139,1.747
LANDIS,10,conservation,2073,28.411,0.004,28.415,1.764
LANDIS,10,conservation,2074,28.683,0.004,28.688,1.781
LANDIS,10,conservation,2075,28.954,0.005,28.958,1.798
LANDIS,10,conservation,2076,29.221,0.005,29.225,1.815
LANDIS,10,conservation,2077,29.485,0.005,29.49,1.831
LANDIS,10,conservation,2078,29.747,0.005,29.751,1.847
LANDIS,10,conservation,2079,30.006,0.005,30.011,1.863
LANDIS,10,conservation,2080,30.262,0.005,30.267,1.879
LANDIS,10,conservation,2081,30.515,0.005,30.52,1.895
LANDIS,10,conservation,2082,30.766,0.005,30.771,1.911
LANDIS,10,conservation,2083,31.013,0.005,31.018,1.926
LANDIS,10,conservation,2084,31.258,0.005,31.263,1.941
LANDIS,10,conservation,2085,31.499,0.005,31.505,1.956
LANDIS,10,conservation,2086,31.739,0.006,31.744,1.971
LANDIS,10,conservation,2087,31.975,0.006,31.981,1.986
LANDIS,10,conservation,2088,32.209,0.006,32.214,2
LANDIS,10,conservation,2089,32.439,0.006,32.445,2.015
LANDIS,10,conservation,2090,32.668,0.006,32.673,2.029
LANDIS,10,conservation,2091,32.892,0.006,32.898,2.043
LANDIS,10,conservation,2092,33.114,0.006,33.121,2.056
LANDIS,10,conservation,2093,33.335,0.006,33.341,2.07
LANDIS,10,conservation,2094,33.551,0.006,33.558,2.084
LANDIS,10,conservation,2095,33.766,0.006,33.772,2.097
LANDIS,10,conservation,2096,33.977,0.007,33.984,2.11
LANDIS,10,conservation,2097,34.187,0.007,34.193,2.123
LANDIS,10,conservation,2098,34.393,0.007,34.4,2.136
LANDIS,10,conservation,2099,34.597,0.007,34.603,2.149
LANDIS,10,conservation,2100,34.798,0.007,34.805,2.161
LANDIS,10,intensive,2025,12.66,0,12.66,0.786
LANDIS,10,intensive,2026,13.009,0.001,13.009,0.808
LANDIS,10,intensive,2027,13.359,0.001,13.361,0.83
LANDIS,10,intensive,2028,13.71,0.002,13.712,0.851
LANDIS,10,intensive,2029,14.061,0.002,14.063,0.873
LANDIS,10,intensive,2030,14.413,0.003,14.416,0.895
LANDIS,10,intensive,2031,14.766,0.004,14.769,0.917
LANDIS,10,intensive,2032,15.119,0.004,15.123,0.939
LANDIS,10,intensive,2033,15.474,0.005,15.478,0.961
LANDIS,10,intensive,2034,15.829,0.005,15.834,0.983
LANDIS,10,intensive,2035,16.183,0.006,16.189,1.005
LANDIS,10,intensive,2036,16.537,0.006,16.543,1.027
LANDIS,10,intensive,2037,16.888,0.007,16.895,1.049
LANDIS,10,intensive,2038,17.239,0.007,17.247,1.071
LANDIS,10,intensive,2039,17.59,0.008,17.597,1.092
LANDIS,10,intensive,2040,17.938,0.008,17.946,1.114
LANDIS,10,intensive,2041,18.286,0.009,18.295,1.136
LANDIS,10,intensive,2042,18.633,0.009,18.643,1.157
LANDIS,10,intensive,2043,18.979,0.01,18.989,1.179
LANDIS,10,intensive,2044,19.324,0.011,19.335,1.2
LANDIS,10,intensive,2045,19.667,0.011,19.678,1.221
LANDIS,10,intensive,2046,20.008,0.012,20.02,1.243
LANDIS,10,intensive,2047,20.347,0.012,20.359,1.264
LANDIS,10,intensive,2048,20.683,0.013,20.696,1.284
LANDIS,10,intensive,2049,21.018,0.013,21.031,1.305
LANDIS,10,intensive,2050,21.351,0.014,21.365,1.326
LANDIS,10,intensive,2051,21.681,0.014,21.695,1.346
LANDIS,10,intensive,2052,22.01,0.015,22.025,1.367
LANDIS,10,intensive,2053,22.336,0.016,22.352,1.387
LANDIS,10,intensive,2054,22.661,0.016,22.677,1.407
LANDIS,10,intensive,2055,22.983,0.017,22.999,1.427
LANDIS,10,intensive,2056,23.302,0.017,23.32,1.447
LANDIS,10,intensive,2057,23.619,0.018,23.637,1.467
LANDIS,10,intensive,2058,23.933,0.018,23.951,1.486
LANDIS,10,intensive,2059,24.244,0.019,24.263,1.506
LANDIS,10,intensive,2060,24.553,0.02,24.572,1.525
LANDIS,10,intensive,2061,24.859,0.02,24.879,1.544
LANDIS,10,intensive,2062,25.164,0.021,25.184,1.563
LANDIS,10,intensive,2063,25.465,0.021,25.486,1.581
LANDIS,10,intensive,2064,25.764,0.022,25.785,1.6
LANDIS,10,intensive,2065,26.06,0.022,26.082,1.618
LANDIS,10,intensive,2066,26.353,0.023,26.376,1.637
LANDIS,10,intensive,2067,26.644,0.024,26.667,1.655
LANDIS,10,intensive,2068,26.931,0.024,26.955,1.672
LANDIS,10,intensive,2069,27.215,0.025,27.24,1.69
LANDIS,10,intensive,2070,27.497,0.025,27.523,1.708
LANDIS,10,intensive,2071,27.775,0.026,27.802,1.725
LANDIS,10,intensive,2072,28.052,0.027,28.078,1.742
LANDIS,10,intensive,2073,28.326,0.027,28.353,1.759
LANDIS,10,intensive,2074,28.596,0.028,28.624,1.776
LANDIS,10,intensive,2075,28.864,0.028,28.892,1.793
LANDIS,10,intensive,2076,29.128,0.029,29.157,1.809
LANDIS,10,intensive,2077,29.39,0.03,29.42,1.825
LANDIS,10,intensive,2078,29.649,0.03,29.679,1.841
LANDIS,10,intensive,2079,29.906,0.031,29.937,1.857
LANDIS,10,intensive,2080,30.159,0.031,30.19,1.873
LANDIS,10,intensive,2081,30.41,0.032,30.442,1.889
LANDIS,10,intensive,2082,30.658,0.033,30.69,1.904
LANDIS,10,intensive,2083,30.903,0.033,30.936,1.919
LANDIS,10,intensive,2084,31.145,0.034,31.178,1.934
LANDIS,10,intensive,2085,31.383,0.034,31.418,1.949
LANDIS,10,intensive,2086,31.62,0.035,31.655,1.964
LANDIS,10,intensive,2087,31.854,0.036,31.89,1.978
LANDIS,10,intensive,2088,32.085,0.036,32.121,1.993
LANDIS,10,intensive,2089,32.312,0.037,32.349,2.007
LANDIS,10,intensive,2090,32.538,0.037,32.576,2.021
LANDIS,10,intensive,2091,32.76,0.038,32.798,2.034
LANDIS,10,intensive,2092,32.979,0.039,33.018,2.048
LANDIS,10,intensive,2093,33.197,0.039,33.236,2.062
LANDIS,10,intensive,2094,33.411,0.04,33.45,2.075
LANDIS,10,intensive,2095,33.622,0.04,33.663,2.088
LANDIS,10,intensive,2096,33.831,0.041,33.872,2.101
LANDIS,10,intensive,2097,34.037,0.041,34.079,2.114
LANDIS,10,intensive,2098,34.241,0.042,34.283,2.126
LANDIS,10,intensive,2099,34.441,0.043,34.484,2.139
LANDIS,10,intensive,2100,34.64,0.043,34.683,2.151
LANDIS,12,reserve,2025,320.05,0,320.05,5.537
LANDIS,12,reserve,2026,327.775,0,327.775,5.671
LANDIS,12,reserve,2027,335.469,0,335.469,5.804
LANDIS,12,reserve,2028,343.132,0,343.132,5.936
LANDIS,12,reserve,2029,350.764,0,350.764,6.068
LANDIS,12,reserve,2030,358.367,0,358.367,6.2
LANDIS,12,reserve,2031,365.941,0,365.941,6.331
LANDIS,12,reserve,2032,373.487,0,373.487,6.461
LANDIS,12,reserve,2033,381.004,0,381.004,6.591
LANDIS,12,reserve,2034,388.495,0,388.495,6.721
LANDIS,12,reserve,2035,395.928,0,395.928,6.85
LANDIS,12,reserve,2036,403.304,0,403.304,6.977
LANDIS,12,reserve,2037,410.624,0,410.624,7.104
LANDIS,12,reserve,2038,417.889,0,417.889,7.23
LANDIS,12,reserve,2039,425.099,0,425.099,7.354
LANDIS,12,reserve,2040,432.255,0,432.255,7.478
LANDIS,12,reserve,2041,439.358,0,439.358,7.601
LANDIS,12,reserve,2042,446.408,0,446.408,7.723
LANDIS,12,reserve,2043,453.406,0,453.406,7.844
LANDIS,12,reserve,2044,460.351,0,460.351,7.964
LANDIS,12,reserve,2045,467.23,0,467.23,8.083
LANDIS,12,reserve,2046,474.041,0,474.041,8.201
LANDIS,12,reserve,2047,480.785,0,480.785,8.318
LANDIS,12,reserve,2048,487.464,0,487.464,8.433
LANDIS,12,reserve,2049,494.077,0,494.077,8.548
LANDIS,12,reserve,2050,500.626,0,500.626,8.661
LANDIS,12,reserve,2051,507.11,0,507.11,8.773
LANDIS,12,reserve,2052,513.53,0,513.53,8.884
LANDIS,12,reserve,2053,519.886,0,519.886,8.994
LANDIS,12,reserve,2054,526.18,0,526.18,9.103
LANDIS,12,reserve,2055,532.406,0,532.406,9.211
LANDIS,12,reserve,2056,538.564,0,538.564,9.317
LANDIS,12,reserve,2057,544.656,0,544.656,9.423
LANDIS,12,reserve,2058,550.681,0,550.681,9.527
LANDIS,12,reserve,2059,556.64,0,556.64,9.63
LANDIS,12,reserve,2060,562.533,0,562.533,9.732
LANDIS,12,reserve,2061,568.361,0,568.361,9.833
LANDIS,12,reserve,2062,574.124,0,574.124,9.932
LANDIS,12,reserve,2063,579.823,0,579.823,10.031
LANDIS,12,reserve,2064,585.457,0,585.457,10.128
LANDIS,12,reserve,2065,591.024,0,591.024,10.225
LANDIS,12,reserve,2066,596.525,0,596.525,10.32
LANDIS,12,reserve,2067,601.959,0,601.959,10.414
LANDIS,12,reserve,2068,607.328,0,607.328,10.507
LANDIS,12,reserve,2069,612.631,0,612.631,10.599
LANDIS,12,reserve,2070,617.869,0,617.869,10.689
LANDIS,12,reserve,2071,623.042,0,623.042,10.779
LANDIS,12,reserve,2072,628.151,0,628.151,10.867
LANDIS,12,reserve,2073,633.195,0,633.195,10.954
LANDIS,12,reserve,2074,638.174,0,638.174,11.04
LANDIS,12,reserve,2075,643.092,0,643.092,11.126
LANDIS,12,reserve,2076,647.948,0,647.948,11.21
LANDIS,12,reserve,2077,652.743,0,652.743,11.292
LANDIS,12,reserve,2078,657.477,0,657.477,11.374
LANDIS,12,reserve,2079,662.149,0,662.149,11.455
LANDIS,12,reserve,2080,666.761,0,666.761,11.535
LANDIS,12,reserve,2081,671.312,0,671.312,11.614
LANDIS,12,reserve,2082,675.803,0,675.803,11.691
LANDIS,12,reserve,2083,680.233,0,680.233,11.768
LANDIS,12,reserve,2084,684.604,0,684.604,11.844
LANDIS,12,reserve,2085,688.916,0,688.916,11.918
LANDIS,12,reserve,2086,693.169,0,693.169,11.992
LANDIS,12,reserve,2087,697.365,0,697.365,12.064
LANDIS,12,reserve,2088,701.502,0,701.502,12.136
LANDIS,12,reserve,2089,705.581,0,705.581,12.207
LANDIS,12,reserve,2090,709.603,0,709.603,12.276
LANDIS,12,reserve,2091,713.567,0,713.567,12.345
LANDIS,12,reserve,2092,717.473,0,717.473,12.412
LANDIS,12,reserve,2093,721.322,0,721.322,12.479
LANDIS,12,reserve,2094,725.114,0,725.114,12.545
LANDIS,12,reserve,2095,728.854,0,728.854,12.609
LANDIS,12,reserve,2096,732.543,0,732.543,12.673
LANDIS,12,reserve,2097,736.18,0,736.18,12.736
LANDIS,12,reserve,2098,739.766,0,739.766,12.798
LANDIS,12,reserve,2099,743.301,0,743.301,12.859
LANDIS,12,reserve,2100,746.784,0,746.784,12.919
LANDIS,12,BAU,2025,320.05,0,320.05,5.537
LANDIS,12,BAU,2026,322.028,2.873,324.902,5.571
LANDIS,12,BAU,2027,323.94,5.561,329.5,5.604
LANDIS,12,BAU,2028,325.786,8.091,333.877,5.636
LANDIS,12,BAU,2029,327.568,10.488,338.056,5.667
LANDIS,12,BAU,2030,329.289,12.771,342.06,5.697
LANDIS,12,BAU,2031,330.95,14.957,345.907,5.725
LANDIS,12,BAU,2032,332.554,17.059,349.613,5.753
LANDIS,12,BAU,2033,334.099,19.088,353.188,5.78
LANDIS,12,BAU,2034,335.591,21.055,356.646,5.806
LANDIS,12,BAU,2035,336.998,22.965,359.964,5.83
LANDIS,12,BAU,2036,338.323,24.827,363.149,5.853
LANDIS,12,BAU,2037,339.568,26.643,366.211,5.875
LANDIS,12,BAU,2038,340.735,28.42,369.155,5.895
LANDIS,12,BAU,2039,341.827,30.159,371.986,5.914
LANDIS,12,BAU,2040,342.845,31.864,374.709,5.931
LANDIS,12,BAU,2041,343.792,33.538,377.33,5.948
LANDIS,12,BAU,2042,344.669,35.182,379.85,5.963
LANDIS,12,BAU,2043,345.478,36.797,382.275,5.977
LANDIS,12,BAU,2044,346.219,38.386,384.605,5.99
LANDIS,12,BAU,2045,346.881,39.949,386.831,6.001
LANDIS,12,BAU,2046,347.464,41.487,388.951,6.011
LANDIS,12,BAU,2047,347.969,43.001,390.97,6.02
LANDIS,12,BAU,2048,348.399,44.491,392.891,6.027
LANDIS,12,BAU,2049,348.756,45.958,394.714,6.033
LANDIS,12,BAU,2050,349.043,47.402,396.445,6.038
LANDIS,12,BAU,2051,349.259,48.823,398.082,6.042
LANDIS,12,BAU,2052,349.408,50.221,399.629,6.045
LANDIS,12,BAU,2053,349.49,51.598,401.088,6.046
LANDIS,12,BAU,2054,349.508,52.952,402.461,6.047
LANDIS,12,BAU,2055,349.459,54.285,403.743,6.046
LANDIS,12,BAU,2056,349.342,55.596,404.937,6.044
LANDIS,12,BAU,2057,349.161,56.885,406.045,6.041
LANDIS,12,BAU,2058,348.916,58.152,407.068,6.036
LANDIS,12,BAU,2059,348.61,59.398,408.008,6.031
LANDIS,12,BAU,2060,348.243,60.623,408.866,6.025
LANDIS,12,BAU,2061,347.818,61.826,409.644,6.017
LANDIS,12,BAU,2062,347.335,63.007,410.343,6.009
LANDIS,12,BAU,2063,346.798,64.168,410.965,6
LANDIS,12,BAU,2064,346.204,65.307,411.512,5.989
LANDIS,12,BAU,2065,345.555,66.425,411.98,5.978
LANDIS,12,BAU,2066,344.851,67.522,412.373,5.966
LANDIS,12,BAU,2067,344.093,68.598,412.691,5.953
LANDIS,12,BAU,2068,343.283,69.653,412.936,5.939
LANDIS,12,BAU,2069,342.422,70.687,413.109,5.924
LANDIS,12,BAU,2070,341.511,71.701,413.212,5.908
LANDIS,12,BAU,2071,340.552,72.693,413.245,5.892
LANDIS,12,BAU,2072,339.546,73.665,413.211,5.874
LANDIS,12,BAU,2073,338.493,74.616,413.109,5.856
LANDIS,12,BAU,2074,337.394,75.546,412.94,5.837
LANDIS,12,BAU,2075,336.254,76.456,412.71,5.817
LANDIS,12,BAU,2076,335.072,77.346,412.418,5.797
LANDIS,12,BAU,2077,333.85,78.215,412.065,5.776
LANDIS,12,BAU,2078,332.589,79.065,411.654,5.754
LANDIS,12,BAU,2079,331.289,79.894,411.183,5.731
LANDIS,12,BAU,2080,329.953,80.703,410.656,5.708
LANDIS,12,BAU,2081,328.579,81.492,410.071,5.684
LANDIS,12,BAU,2082,327.17,82.262,409.432,5.66
LANDIS,12,BAU,2083,325.725,83.012,408.737,5.635
LANDIS,12,BAU,2084,324.247,83.743,407.99,5.609
LANDIS,12,BAU,2085,322.737,84.454,407.191,5.583
LANDIS,12,BAU,2086,321.195,85.146,406.341,5.557
LANDIS,12,BAU,2087,319.623,85.819,405.443,5.529
LANDIS,12,BAU,2088,318.021,86.474,404.495,5.502
LANDIS,12,BAU,2089,316.39,87.109,403.499,5.474
LANDIS,12,BAU,2090,314.73,87.726,402.456,5.445
LANDIS,12,BAU,2091,313.043,88.324,401.367,5.416
LANDIS,12,BAU,2092,311.328,88.904,400.232,5.386
LANDIS,12,BAU,2093,309.587,89.465,399.052,5.356
LANDIS,12,BAU,2094,307.82,90.009,397.828,5.325
LANDIS,12,BAU,2095,306.032,90.534,396.567,5.294
LANDIS,12,BAU,2096,304.226,91.042,395.268,5.263
LANDIS,12,BAU,2097,302.4,91.532,393.932,5.232
LANDIS,12,BAU,2098,300.556,92.005,392.561,5.2
LANDIS,12,BAU,2099,298.695,92.46,391.155,5.167
LANDIS,12,BAU,2100,296.814,92.899,389.713,5.135
LANDIS,12,conservation,2025,320.05,0,320.05,5.537
LANDIS,12,conservation,2026,325.715,1.03,326.745,5.635
LANDIS,12,conservation,2027,331.312,2.005,333.318,5.732
LANDIS,12,conservation,2028,336.843,2.935,339.778,5.827
LANDIS,12,conservation,2029,342.307,3.827,346.134,5.922
LANDIS,12,conservation,2030,347.706,4.689,352.395,6.015
LANDIS,12,conservation,2031,353.042,5.524,358.566,6.108
LANDIS,12,conservation,2032,358.316,6.339,364.654,6.199
LANDIS,12,conservation,2033,363.526,7.135,370.661,6.289
LANDIS,12,conservation,2034,368.677,7.917,376.594,6.378
LANDIS,12,conservation,2035,373.737,8.686,382.424,6.466
LANDIS,12,conservation,2036,378.707,9.446,388.153,6.552
LANDIS,12,conservation,2037,383.59,10.196,393.786,6.636
LANDIS,12,conservation,2038,388.386,10.938,399.324,6.719
LANDIS,12,conservation,2039,393.096,11.674,404.77,6.801
LANDIS,12,conservation,2040,397.722,12.405,410.126,6.881
LANDIS,12,conservation,2041,402.264,13.13,415.394,6.959
LANDIS,12,conservation,2042,406.725,13.851,420.576,7.036
LANDIS,12,conservation,2043,411.105,14.567,425.672,7.112
LANDIS,12,conservation,2044,415.404,15.28,430.684,7.187
LANDIS,12,conservation,2045,419.609,15.989,435.598,7.259
LANDIS,12,conservation,2046,423.719,16.694,440.413,7.33
LANDIS,12,conservation,2047,427.736,17.397,445.132,7.4
LANDIS,12,conservation,2048,431.661,18.096,449.757,7.468
LANDIS,12,conservation,2049,435.496,18.791,454.287,7.534
LANDIS,12,conservation,2050,439.242,19.484,458.725,7.599
LANDIS,12,conservation,2051,442.898,20.173,463.071,7.662
LANDIS,12,conservation,2052,446.468,20.858,467.326,7.724
LANDIS,12,conservation,2053,449.95,21.541,471.491,7.784
LANDIS,12,conservation,2054,453.348,22.22,475.567,7.843
LANDIS,12,conservation,2055,456.655,22.895,479.551,7.9
LANDIS,12,conservation,2056,459.874,23.567,483.441,7.956
LANDIS,12,conservation,2057,463.006,24.236,487.241,8.01
LANDIS,12,conservation,2058,466.051,24.9,490.951,8.063
LANDIS,12,conservation,2059,469.01,25.561,494.571,8.114
LANDIS,12,conservation,2060,471.884,26.217,498.101,8.164
LANDIS,12,conservation,2061,474.674,26.87,501.545,8.212
LANDIS,12,conservation,2062,477.382,27.519,504.901,8.259
LANDIS,12,conservation,2063,480.008,28.163,508.172,8.304
LANDIS,12,conservation,2064,482.553,28.803,511.356,8.348
LANDIS,12,conservation,2065,485.013,29.439,514.453,8.391
LANDIS,12,conservation,2066,487.392,30.071,517.463,8.432
LANDIS,12,conservation,2067,489.689,30.697,520.387,8.472
LANDIS,12,conservation,2068,491.906,31.319,523.226,8.51
LANDIS,12,conservation,2069,494.043,31.937,525.98,8.547
LANDIS,12,conservation,2070,496.101,32.55,528.65,8.583
LANDIS,12,conservation,2071,498.081,33.157,531.238,8.617
LANDIS,12,conservation,2072,499.984,33.76,533.744,8.65
LANDIS,12,conservation,2073,501.809,34.358,536.167,8.681
LANDIS,12,conservation,2074,503.558,34.951,538.509,8.712
LANDIS,12,conservation,2075,505.235,35.538,540.773,8.741
LANDIS,12,conservation,2076,506.839,36.12,542.959,8.768
LANDIS,12,conservation,2077,508.371,36.697,545.069,8.795
LANDIS,12,conservation,2078,509.833,37.269,547.102,8.82
LANDIS,12,conservation,2079,511.223,37.835,549.059,8.844
LANDIS,12,conservation,2080,512.545,38.396,550.941,8.867
LANDIS,12,conservation,2081,513.797,38.951,552.748,8.889
LANDIS,12,conservation,2082,514.98,39.501,554.482,8.909
LANDIS,12,conservation,2083,516.096,40.045,556.141,8.928
LANDIS,12,conservation,2084,517.145,40.584,557.728,8.947
LANDIS,12,conservation,2085,518.128,41.117,559.244,8.964
LANDIS,12,conservation,2086,519.046,41.644,560.689,8.98
LANDIS,12,conservation,2087,519.901,42.165,562.066,8.994
LANDIS,12,conservation,2088,520.691,42.68,563.372,9.008
LANDIS,12,conservation,2089,521.419,43.19,564.609,9.021
LANDIS,12,conservation,2090,522.084,43.694,565.778,9.032
LANDIS,12,conservation,2091,522.688,44.192,566.88,9.043
LANDIS,12,conservation,2092,523.229,44.684,567.913,9.052
LANDIS,12,conservation,2093,523.71,45.17,568.88,9.06
LANDIS,12,conservation,2094,524.131,45.65,569.781,9.067
LANDIS,12,conservation,2095,524.498,46.123,570.621,9.074
LANDIS,12,conservation,2096,524.811,46.591,571.402,9.079
LANDIS,12,conservation,2097,525.07,47.053,572.123,9.084
LANDIS,12,conservation,2098,525.276,47.509,572.785,9.087
LANDIS,12,conservation,2099,525.43,47.959,573.388,9.09
LANDIS,12,conservation,2100,525.531,48.402,573.933,9.092
LANDIS,12,intensive,2025,320.05,0,320.05,5.537
LANDIS,12,intensive,2026,314.804,6.485,321.29,5.446
LANDIS,12,intensive,2027,309.74,12.405,322.144,5.359
LANDIS,12,intensive,2028,304.85,17.838,322.687,5.274
LANDIS,12,intensive,2029,300.127,22.852,322.979,5.192
LANDIS,12,intensive,2030,295.566,27.504,323.07,5.113
LANDIS,12,intensive,2031,291.161,31.841,323.002,5.037
LANDIS,12,intensive,2032,286.907,35.901,322.808,4.964
LANDIS,12,intensive,2033,282.796,39.718,322.515,4.892
LANDIS,12,intensive,2034,278.826,43.32,322.147,4.824
LANDIS,12,intensive,2035,274.959,46.73,321.689,4.757
LANDIS,12,intensive,2036,271.191,49.968,321.159,4.692
LANDIS,12,intensive,2037,267.521,53.049,320.57,4.628
LANDIS,12,intensive,2038,263.943,55.988,319.932,4.566
LANDIS,12,intensive,2039,260.456,58.797,319.253,4.506
LANDIS,12,intensive,2040,257.057,61.485,318.542,4.447
LANDIS,12,intensive,2041,253.742,64.062,317.804,4.39
LANDIS,12,intensive,2042,250.508,66.535,317.043,4.334
LANDIS,12,intensive,2043,247.353,68.911,316.265,4.279
LANDIS,12,intensive,2044,244.274,71.196,315.469,4.226
LANDIS,12,intensive,2045,241.253,73.394,314.647,4.174
LANDIS,12,intensive,2046,238.286,75.51,313.796,4.122
LANDIS,12,intensive,2047,235.373,77.548,312.921,4.072
LANDIS,12,intensive,2048,232.513,79.511,312.024,4.022
LANDIS,12,intensive,2049,229.702,81.402,311.104,3.974
LANDIS,12,intensive,2050,226.942,83.224,310.166,3.926
LANDIS,12,intensive,2051,224.229,84.98,309.208,3.879
LANDIS,12,intensive,2052,221.561,86.671,308.232,3.833
LANDIS,12,intensive,2053,218.938,88.3,307.238,3.788
LANDIS,12,intensive,2054,216.359,89.87,306.228,3.743
LANDIS,12,intensive,2055,213.816,91.381,305.197,3.699
LANDIS,12,intensive,2056,211.308,92.836,304.145,3.656
LANDIS,12,intensive,2057,208.837,94.237,303.073,3.613
LANDIS,12,intensive,2058,206.398,95.584,301.981,3.571
LANDIS,12,intensive,2059,203.992,96.879,300.871,3.529
LANDIS,12,intensive,2060,201.618,98.123,299.741,3.488
LANDIS,12,intensive,2061,199.274,99.319,298.593,3.447
LANDIS,12,intensive,2062,196.961,100.467,297.428,3.407
LANDIS,12,intensive,2063,194.678,101.568,296.245,3.368
LANDIS,12,intensive,2064,192.422,102.623,295.045,3.329
LANDIS,12,intensive,2065,190.19,103.635,293.825,3.29
LANDIS,12,intensive,2066,187.983,104.603,292.586,3.252
LANDIS,12,intensive,2067,185.799,105.529,291.327,3.214
LANDIS,12,intensive,2068,183.638,106.413,290.051,3.177
LANDIS,12,intensive,2069,181.498,107.257,288.755,3.14
LANDIS,12,intensive,2070,179.38,108.062,287.442,3.103
LANDIS,12,intensive,2071,177.284,108.828,286.112,3.067
LANDIS,12,intensive,2072,175.208,109.557,284.765,3.031
LANDIS,12,intensive,2073,173.151,110.249,283.4,2.996
LANDIS,12,intensive,2074,171.112,110.905,282.017,2.96
LANDIS,12,intensive,2075,169.095,111.526,280.621,2.925
LANDIS,12,intensive,2076,167.098,112.112,279.211,2.891
LANDIS,12,intensive,2077,165.121,112.666,277.787,2.857
LANDIS,12,intensive,2078,163.163,113.186,276.349,2.823
LANDIS,12,intensive,2079,161.222,113.675,274.897,2.789
LANDIS,12,intensive,2080,159.3,114.132,273.433,2.756
LANDIS,12,intensive,2081,157.395,114.559,271.954,2.723
LANDIS,12,intensive,2082,155.507,114.956,270.464,2.69
LANDIS,12,intensive,2083,153.635,115.324,268.959,2.658
LANDIS,12,intensive,2084,151.779,115.664,267.443,2.626
LANDIS,12,intensive,2085,149.94,115.976,265.916,2.594
LANDIS,12,intensive,2086,148.116,116.26,264.377,2.562
LANDIS,12,intensive,2087,146.31,116.519,262.828,2.531
LANDIS,12,intensive,2088,144.517,116.751,261.268,2.5
LANDIS,12,intensive,2089,142.739,116.958,259.697,2.469
LANDIS,12,intensive,2090,140.976,117.14,258.116,2.439
LANDIS,12,intensive,2091,139.227,117.298,256.525,2.409
LANDIS,12,intensive,2092,137.49,117.432,254.922,2.379
LANDIS,12,intensive,2093,135.767,117.544,253.31,2.349
LANDIS,12,intensive,2094,134.056,117.632,251.689,2.319
LANDIS,12,intensive,2095,132.363,117.699,250.062,2.29
LANDIS,12,intensive,2096,130.688,117.744,248.432,2.261
LANDIS,12,intensive,2097,129.028,117.768,246.796,2.232
LANDIS,12,intensive,2098,127.385,117.772,245.157,2.204
LANDIS,12,intensive,2099,125.757,117.755,243.513,2.176
LANDIS,12,intensive,2100,124.144,117.72,241.864,2.148
LANDIS,13,reserve,2025,590.06,0,590.06,6.255
LANDIS,13,reserve,2026,597.836,0,597.836,6.337
LANDIS,13,reserve,2027,605.569,0,605.569,6.419
LANDIS,13,reserve,2028,613.265,0,613.265,6.501
LANDIS,13,reserve,2029,620.928,0,620.928,6.582
LANDIS,13,reserve,2030,628.56,0,628.56,6.663
LANDIS,13,reserve,2031,636.151,0,636.151,6.743
LANDIS,13,reserve,2032,643.716,0,643.716,6.823
LANDIS,13,reserve,2033,651.263,0,651.263,6.903
LANDIS,13,reserve,2034,658.79,0,658.79,6.983
LANDIS,13,reserve,2035,666.284,0,666.284,7.063
LANDIS,13,reserve,2036,673.747,0,673.747,7.142
LANDIS,13,reserve,2037,681.175,0,681.175,7.22
LANDIS,13,reserve,2038,688.56,0,688.56,7.299
LANDIS,13,reserve,2039,695.895,0,695.895,7.376
LANDIS,13,reserve,2040,703.171,0,703.171,7.454
LANDIS,13,reserve,2041,710.398,0,710.398,7.53
LANDIS,13,reserve,2042,717.559,0,717.559,7.606
LANDIS,13,reserve,2043,724.647,0,724.647,7.681
LANDIS,13,reserve,2044,731.662,0,731.662,7.756
LANDIS,13,reserve,2045,738.598,0,738.598,7.829
LANDIS,13,reserve,2046,745.452,0,745.452,7.902
LANDIS,13,reserve,2047,752.229,0,752.229,7.974
LANDIS,13,reserve,2048,758.93,0,758.93,8.045
LANDIS,13,reserve,2049,765.554,0,765.554,8.115
LANDIS,13,reserve,2050,772.103,0,772.103,8.184
LANDIS,13,reserve,2051,778.574,0,778.574,8.253
LANDIS,13,reserve,2052,784.968,0,784.968,8.321
LANDIS,13,reserve,2053,791.287,0,791.287,8.388
LANDIS,13,reserve,2054,797.532,0,797.532,8.454
LANDIS,13,reserve,2055,803.703,0,803.703,8.519
LANDIS,13,reserve,2056,809.796,0,809.796,8.584
LANDIS,13,reserve,2057,815.818,0,815.818,8.648
LANDIS,13,reserve,2058,821.767,0,821.767,8.711
LANDIS,13,reserve,2059,827.645,0,827.645,8.773
LANDIS,13,reserve,2060,834.313,0,834.313,8.844
LANDIS,13,reserve,2061,840.92,0,840.92,8.914
LANDIS,13,reserve,2062,847.482,0,847.482,8.983
LANDIS,13,reserve,2063,853.982,0,853.982,9.052
LANDIS,13,reserve,2064,860.421,0,860.421,9.12
LANDIS,13,reserve,2065,866.803,0,866.803,9.188
LANDIS,13,reserve,2066,873.123,0,873.123,9.255
LANDIS,13,reserve,2067,879.385,0,879.385,9.321
LANDIS,13,reserve,2068,885.589,0,885.589,9.387
LANDIS,13,reserve,2069,891.735,0,891.735,9.452
LANDIS,13,reserve,2070,896.962,0,896.962,9.508
LANDIS,13,reserve,2071,902.118,0,902.118,9.562
LANDIS,13,reserve,2072,907.192,0,907.192,9.616
LANDIS,13,reserve,2073,912.199,0,912.199,9.669
LANDIS,13,reserve,2074,917.138,0,917.138,9.722
LANDIS,13,reserve,2075,922.724,0,922.724,9.781
LANDIS,13,reserve,2076,928.19,0,928.19,9.839
LANDIS,13,reserve,2077,933.537,0,933.537,9.895
LANDIS,13,reserve,2078,938.765,0,938.765,9.951
LANDIS,13,reserve,2079,943.874,0,943.874,10.005
LANDIS,13,reserve,2080,948.887,0,948.887,10.058
LANDIS,13,reserve,2081,953.783,0,953.783,10.11
LANDIS,13,reserve,2082,958.567,0,958.567,10.161
LANDIS,13,reserve,2083,963.233,0,963.233,10.21
LANDIS,13,reserve,2084,967.781,0,967.781,10.258
LANDIS,13,reserve,2085,971.396,0,971.396,10.297
LANDIS,13,reserve,2086,974.83,0,974.83,10.333
LANDIS,13,reserve,2087,978.083,0,978.083,10.368
LANDIS,13,reserve,2088,981.156,0,981.156,10.4
LANDIS,13,reserve,2089,984.046,0,984.046,10.431
LANDIS,13,reserve,2090,986.764,0,986.764,10.46
LANDIS,13,reserve,2091,989.3,0,989.3,10.487
LANDIS,13,reserve,2092,991.647,0,991.647,10.511
LANDIS,13,reserve,2093,993.813,0,993.813,10.534
LANDIS,13,reserve,2094,995.798,0,995.798,10.555
LANDIS,13,reserve,2095,997.74,0,997.74,10.576
LANDIS,13,reserve,2096,999.646,0,999.646,10.596
LANDIS,13,reserve,2097,1001.517,0,1001.517,10.616
LANDIS,13,reserve,2098,1003.353,0,1003.353,10.636
LANDIS,13,reserve,2099,1005.152,0,1005.152,10.655
LANDIS,13,reserve,2100,1006.899,0,1006.899,10.673
LANDIS,13,BAU,2025,590.06,0,590.06,6.255
LANDIS,13,BAU,2026,575.807,11.015,586.821,6.104
LANDIS,13,BAU,2027,562.043,20.982,583.024,5.958
LANDIS,13,BAU,2028,548.756,30.047,578.803,5.817
LANDIS,13,BAU,2029,535.932,38.333,574.264,5.681
LANDIS,13,BAU,2030,523.555,45.941,569.496,5.55
LANDIS,13,BAU,2031,511.6,52.957,564.557,5.423
LANDIS,13,BAU,2032,500.065,59.454,559.519,5.301
LANDIS,13,BAU,2033,488.943,65.492,554.435,5.183
LANDIS,13,BAU,2034,478.216,71.122,549.338,5.069
LANDIS,13,BAU,2035,467.856,76.389,544.246,4.959
LANDIS,13,BAU,2036,457.853,81.33,539.182,4.853
LANDIS,13,BAU,2037,448.187,85.975,534.162,4.751
LANDIS,13,BAU,2038,438.84,90.353,529.192,4.652
LANDIS,13,BAU,2039,429.791,94.485,524.276,4.556
LANDIS,13,BAU,2040,421.022,98.392,519.414,4.463
LANDIS,13,BAU,2041,412.53,102.092,514.622,4.373
LANDIS,13,BAU,2042,404.29,105.598,509.888,4.285
LANDIS,13,BAU,2043,396.284,108.924,505.208,4.201
LANDIS,13,BAU,2044,388.505,112.08,500.585,4.118
LANDIS,13,BAU,2045,380.936,115.078,496.015,4.038
LANDIS,13,BAU,2046,373.569,117.926,491.495,3.96
LANDIS,13,BAU,2047,366.399,120.631,487.03,3.884
LANDIS,13,BAU,2048,359.421,123.201,482.622,3.81
LANDIS,13,BAU,2049,352.626,125.643,478.269,3.738
LANDIS,13,BAU,2050,346.011,127.961,473.972,3.668
LANDIS,13,BAU,2051,339.564,130.163,469.726,3.599
LANDIS,13,BAU,2052,333.281,132.252,465.532,3.533
LANDIS,13,BAU,2053,327.157,134.233,461.39,3.468
LANDIS,13,BAU,2054,321.188,136.112,457.3,3.405
LANDIS,13,BAU,2055,315.368,137.891,453.259,3.343
LANDIS,13,BAU,2056,309.687,139.575,449.262,3.283
LANDIS,13,BAU,2057,304.147,141.167,445.314,3.224
LANDIS,13,BAU,2058,298.741,142.671,441.413,3.167
LANDIS,13,BAU,2059,293.466,144.09,437.557,3.111
LANDIS,13,BAU,2060,289.178,145.428,434.606,3.065
LANDIS,13,BAU,2061,284.989,146.702,431.691,3.021
LANDIS,13,BAU,2062,280.911,147.915,428.826,2.978
LANDIS,13,BAU,2063,276.924,149.068,425.992,2.935
LANDIS,13,BAU,2064,273.024,150.162,423.187,2.894
LANDIS,13,BAU,2065,269.213,151.2,420.413,2.854
LANDIS,13,BAU,2066,265.483,152.181,417.664,2.814
LANDIS,13,BAU,2067,261.833,153.109,414.942,2.775
LANDIS,13,BAU,2068,258.262,153.984,412.245,2.738
LANDIS,13,BAU,2069,254.766,154.807,409.573,2.701
LANDIS,13,BAU,2070,250.482,155.581,406.062,2.655
LANDIS,13,BAU,2071,246.286,156.29,402.576,2.611
LANDIS,13,BAU,2072,242.166,156.938,399.103,2.567
LANDIS,13,BAU,2073,238.132,157.527,395.658,2.524
LANDIS,13,BAU,2074,234.18,158.059,392.239,2.482
LANDIS,13,BAU,2075,231.023,158.537,389.561,2.449
LANDIS,13,BAU,2076,227.865,158.977,386.841,2.415
LANDIS,13,BAU,2077,224.704,159.377,384.082,2.382
LANDIS,13,BAU,2078,221.543,159.739,381.282,2.348
LANDIS,13,BAU,2079,218.381,160.061,378.442,2.315
LANDIS,13,BAU,2080,215.241,160.344,375.585,2.282
LANDIS,13,BAU,2081,212.102,160.588,372.69,2.248
LANDIS,13,BAU,2082,208.967,160.794,369.761,2.215
LANDIS,13,BAU,2083,205.832,160.962,366.793,2.182
LANDIS,13,BAU,2084,202.695,161.092,363.787,2.149
LANDIS,13,BAU,2085,198.743,161.184,359.927,2.107
LANDIS,13,BAU,2086,194.757,161.224,355.981,2.064
LANDIS,13,BAU,2087,190.739,161.213,351.952,2.022
LANDIS,13,BAU,2088,186.691,161.151,347.842,1.979
LANDIS,13,BAU,2089,182.611,161.04,343.651,1.936
LANDIS,13,BAU,2090,178.512,160.879,339.39,1.892
LANDIS,13,BAU,2091,174.383,160.669,335.052,1.848
LANDIS,13,BAU,2092,170.22,160.412,330.632,1.804
LANDIS,13,BAU,2093,166.031,160.107,326.138,1.76
LANDIS,13,BAU,2094,161.817,159.755,321.572,1.715
LANDIS,13,BAU,2095,157.718,159.357,317.075,1.672
LANDIS,13,BAU,2096,153.736,158.915,312.651,1.63
LANDIS,13,BAU,2097,149.867,158.433,308.3,1.589
LANDIS,13,BAU,2098,146.108,157.913,304.022,1.549
LANDIS,13,BAU,2099,142.452,157.358,299.811,1.51
LANDIS,13,BAU,2100,138.881,156.77,295.651,1.472
LANDIS,13,conservation,2025,590.06,0,590.06,6.255
LANDIS,13,conservation,2026,589.566,4.135,593.701,6.249
LANDIS,13,conservation,2027,589.036,7.973,597.009,6.244
LANDIS,13,conservation,2028,588.476,11.559,600.035,6.238
LANDIS,13,conservation,2029,587.891,14.929,602.82,6.232
LANDIS,13,conservation,2030,587.283,18.113,605.396,6.225
LANDIS,13,conservation,2031,586.643,21.137,607.78,6.218
LANDIS,13,conservation,2032,585.986,24.022,610.008,6.211
LANDIS,13,conservation,2033,585.32,26.785,612.105,6.204
LANDIS,13,conservation,2034,584.643,29.441,614.085,6.197
LANDIS,13,conservation,2035,583.943,32.003,615.946,6.19
LANDIS,13,conservation,2036,583.222,34.48,617.702,6.182
LANDIS,13,conservation,2037,582.475,36.88,619.356,6.174
LANDIS,13,conservation,2038,581.697,39.212,620.909,6.166
LANDIS,13,conservation,2039,580.879,41.48,622.359,6.157
LANDIS,13,conservation,2040,580.013,43.69,623.703,6.148
LANDIS,13,conservation,2041,579.111,45.845,624.956,6.139
LANDIS,13,conservation,2042,578.155,47.95,626.105,6.128
LANDIS,13,conservation,2043,577.14,50.006,627.147,6.118
LANDIS,13,conservation,2044,576.066,52.017,628.084,6.106
LANDIS,13,conservation,2045,574.928,53.985,628.913,6.094
LANDIS,13,conservation,2046,573.724,55.91,629.634,6.081
LANDIS,13,conservation,2047,572.46,57.795,630.255,6.068
LANDIS,13,conservation,2048,571.138,59.64,630.778,6.054
LANDIS,13,conservation,2049,569.757,61.448,631.204,6.039
LANDIS,13,conservation,2050,568.32,63.218,631.538,6.024
LANDIS,13,conservation,2051,566.826,64.952,631.777,6.008
LANDIS,13,conservation,2052,565.275,66.65,631.925,5.992
LANDIS,13,conservation,2053,563.672,68.313,631.985,5.975
LANDIS,13,conservation,2054,562.016,69.942,631.959,5.957
LANDIS,13,conservation,2055,560.31,71.538,631.848,5.939
LANDIS,13,conservation,2056,558.55,73.1,631.65,5.921
LANDIS,13,conservation,2057,556.744,74.629,631.373,5.901
LANDIS,13,conservation,2058,554.889,76.127,631.016,5.882
LANDIS,13,conservation,2059,552.99,77.592,630.582,5.862
LANDIS,13,conservation,2060,551.908,79.026,630.934,5.85
LANDIS,13,conservation,2061,550.779,80.435,631.215,5.838
LANDIS,13,conservation,2062,549.622,81.819,631.441,5.826
LANDIS,13,conservation,2063,548.419,83.179,631.597,5.813
LANDIS,13,conservation,2064,547.171,84.513,631.684,5.8
LANDIS,13,conservation,2065,545.884,85.823,631.707,5.786
LANDIS,13,conservation,2066,544.553,87.107,631.66,5.772
LANDIS,13,conservation,2067,543.183,88.368,631.55,5.758
LANDIS,13,conservation,2068,541.774,89.603,631.377,5.743
LANDIS,13,conservation,2069,540.326,90.815,631.141,5.727
LANDIS,13,conservation,2070,537.98,92.002,629.983,5.703
LANDIS,13,conservation,2071,535.596,93.16,628.756,5.677
LANDIS,13,conservation,2072,533.163,94.288,627.451,5.652
LANDIS,13,conservation,2073,530.698,95.387,626.085,5.625
LANDIS,13,conservation,2074,528.199,96.458,624.656,5.599
LANDIS,13,conservation,2075,526.382,97.5,623.882,5.58
LANDIS,13,conservation,2076,524.47,98.521,622.991,5.559
LANDIS,13,conservation,2077,522.466,99.519,621.985,5.538
LANDIS,13,conservation,2078,520.371,100.493,620.865,5.516
LANDIS,13,conservation,2079,518.187,101.445,619.632,5.493
LANDIS,13,conservation,2080,515.937,102.372,618.31,5.469
LANDIS,13,conservation,2081,513.602,103.277,616.879,5.444
LANDIS,13,conservation,2082,511.188,104.157,615.345,5.419
LANDIS,13,conservation,2083,508.689,105.014,613.703,5.392
LANDIS,13,conservation,2084,506.107,105.847,611.954,5.365
LANDIS,13,conservation,2085,502.629,106.656,609.285,5.328
LANDIS,13,conservation,2086,499.018,107.435,606.453,5.29
LANDIS,13,conservation,2087,495.277,108.185,603.462,5.25
LANDIS,13,conservation,2088,491.408,108.905,600.313,5.209
LANDIS,13,conservation,2089,487.411,109.595,597.006,5.167
LANDIS,13,conservation,2090,483.298,110.256,593.553,5.123
LANDIS,13,conservation,2091,479.06,110.887,589.947,5.078
LANDIS,13,conservation,2092,474.692,111.488,586.18,5.032
LANDIS,13,conservation,2093,470.205,112.059,582.264,4.984
LANDIS,13,conservation,2094,465.6,112.6,578.2,4.935
LANDIS,13,conservation,2095,461.016,113.112,574.128,4.887
LANDIS,13,conservation,2096,456.461,113.594,570.055,4.838
LANDIS,13,conservation,2097,451.934,114.048,565.983,4.79
LANDIS,13,conservation,2098,447.436,114.475,561.911,4.743
LANDIS,13,conservation,2099,442.964,114.876,557.84,4.695
LANDIS,13,conservation,2100,438.503,115.25,553.753,4.648
LANDIS,13,intensive,2025,590.06,0,590.06,6.255
LANDIS,13,intensive,2026,545.765,26.036,571.8,5.785
LANDIS,13,intensive,2027,505.336,48.269,553.605,5.357
LANDIS,13,intensive,2028,468.437,67.289,535.727,4.965
LANDIS,13,intensive,2029,434.762,83.588,518.35,4.608
LANDIS,13,intensive,2030,404.028,97.578,501.606,4.283
LANDIS,13,intensive,2031,375.965,109.606,485.57,3.985
LANDIS,13,intensive,2032,350.352,119.963,470.315,3.714
LANDIS,13,intensive,2033,326.981,128.895,455.877,3.466
LANDIS,13,intensive,2034,305.653,136.609,442.263,3.24
LANDIS,13,intensive,2035,286.174,143.28,429.454,3.033
LANDIS,13,intensive,2036,268.383,149.055,417.439,2.845
LANDIS,13,intensive,2037,252.127,154.06,406.187,2.673
LANDIS,13,intensive,2038,237.263,158.398,395.661,2.515
LANDIS,13,intensive,2039,223.66,162.162,385.822,2.371
LANDIS,13,intensive,2040,211.199,165.425,376.624,2.239
LANDIS,13,intensive,2041,199.788,168.254,368.042,2.118
LANDIS,13,intensive,2042,189.318,170.703,360.021,2.007
LANDIS,13,intensive,2043,179.7,172.819,352.518,1.905
LANDIS,13,intensive,2044,170.857,174.642,345.499,1.811
LANDIS,13,intensive,2045,162.715,176.207,338.922,1.725
LANDIS,13,intensive,2046,155.21,177.544,332.754,1.645
LANDIS,13,intensive,2047,148.29,178.677,326.968,1.572
LANDIS,13,intensive,2048,141.905,179.63,321.535,1.504
LANDIS,13,intensive,2049,136.006,180.421,316.427,1.442
LANDIS,13,intensive,2050,130.553,181.068,311.621,1.384
LANDIS,13,intensive,2051,125.503,181.584,307.088,1.33
LANDIS,13,intensive,2052,120.822,181.985,302.807,1.281
LANDIS,13,intensive,2053,116.479,182.28,298.759,1.235
LANDIS,13,intensive,2054,112.445,182.48,294.925,1.192
LANDIS,13,intensive,2055,108.693,182.594,291.287,1.152
LANDIS,13,intensive,2056,105.194,182.629,287.823,1.115
LANDIS,13,intensive,2057,101.933,182.594,284.527,1.08
LANDIS,13,intensive,2058,98.887,182.493,281.38,1.048
LANDIS,13,intensive,2059,96.038,182.334,278.372,1.018
LANDIS,13,intensive,2060,94.231,182.12,276.351,0.999
LANDIS,13,intensive,2061,92.523,181.894,274.417,0.981
LANDIS,13,intensive,2062,90.92,181.656,272.575,0.964
LANDIS,13,intensive,2063,89.396,181.404,270.8,0.948
LANDIS,13,intensive,2064,87.946,181.137,269.083,0.932
LANDIS,13,intensive,2065,86.567,180.855,267.423,0.918
LANDIS,13,intensive,2066,85.248,180.559,265.807,0.904
LANDIS,13,intensive,2067,83.987,180.247,264.234,0.89
LANDIS,13,intensive,2068,82.78,179.92,262.699,0.877
LANDIS,13,intensive,2069,81.621,179.577,261.198,0.865
LANDIS,13,intensive,2070,79.645,179.22,258.865,0.844
LANDIS,13,intensive,2071,77.772,178.811,256.583,0.824
LANDIS,13,intensive,2072,75.983,178.355,254.338,0.805
LANDIS,13,intensive,2073,74.285,177.857,252.141,0.787
LANDIS,13,intensive,2074,72.668,177.321,249.989,0.77
LANDIS,13,intensive,2075,71.842,176.751,248.593,0.762
LANDIS,13,intensive,2076,70.968,176.183,247.151,0.752
LANDIS,13,intensive,2077,70.052,175.612,245.664,0.743
LANDIS,13,intensive,2078,69.098,175.033,244.131,0.732
LANDIS,13,intensive,2079,68.11,174.445,242.554,0.722
LANDIS,13,intensive,2080,67.112,173.844,240.956,0.711
LANDIS,13,intensive,2081,66.086,173.23,239.316,0.701
LANDIS,13,intensive,2082,65.038,172.601,237.639,0.689
LANDIS,13,intensive,2083,63.964,171.956,235.92,0.678
LANDIS,13,intensive,2084,62.868,171.293,234.16,0.666
LANDIS,13,intensive,2085,60.935,170.611,231.546,0.646
LANDIS,13,intensive,2086,58.992,169.874,228.866,0.625
LANDIS,13,intensive,2087,57.039,169.085,226.123,0.605
LANDIS,13,intensive,2088,55.078,168.244,223.322,0.584
LANDIS,13,intensive,2089,53.108,167.354,220.462,0.563
LANDIS,13,intensive,2090,51.139,166.416,217.555,0.542
LANDIS,13,intensive,2091,49.162,165.432,214.594,0.521
LANDIS,13,intensive,2092,47.171,164.403,211.574,0.5
LANDIS,13,intensive,2093,45.174,163.331,208.505,0.479
LANDIS,13,intensive,2094,43.173,162.214,205.387,0.458
LANDIS,13,intensive,2095,41.305,161.056,202.361,0.438
LANDIS,13,intensive,2096,39.566,159.862,199.428,0.419
LANDIS,13,intensive,2097,37.945,158.639,196.584,0.402
LANDIS,13,intensive,2098,36.433,157.393,193.825,0.386
LANDIS,13,intensive,2099,35.017,156.127,191.143,0.371
LANDIS,13,intensive,2100,33.673,154.845,188.519,0.357
LANDIS,16,reserve,2025,417.43,0,417.43,5.844
LANDIS,16,reserve,2026,422.256,0,422.256,5.912
LANDIS,16,reserve,2027,426.991,0,426.991,5.978
LANDIS,16,reserve,2028,431.637,0,431.637,6.043
LANDIS,16,reserve,2029,436.195,0,436.195,6.107
LANDIS,16,reserve,2030,440.667,0,440.667,6.169
LANDIS,16,reserve,2031,445.055,0,445.055,6.231
LANDIS,16,reserve,2032,449.36,0,449.36,6.291
LANDIS,16,reserve,2033,453.582,0,453.582,6.35
LANDIS,16,reserve,2034,457.73,0,457.73,6.408
LANDIS,16,reserve,2035,461.8,0,461.8,6.465
LANDIS,16,reserve,2036,465.794,0,465.794,6.521
LANDIS,16,reserve,2037,469.715,0,469.715,6.576
LANDIS,16,reserve,2038,473.563,0,473.563,6.63
LANDIS,16,reserve,2039,477.34,0,477.34,6.683
LANDIS,16,reserve,2040,481.048,0,481.048,6.735
LANDIS,16,reserve,2041,484.687,0,484.687,6.786
LANDIS,16,reserve,2042,488.26,0,488.26,6.836
LANDIS,16,reserve,2043,491.77,0,491.77,6.885
LANDIS,16,reserve,2044,495.219,0,495.219,6.933
LANDIS,16,reserve,2045,498.609,0,498.609,6.981
LANDIS,16,reserve,2046,501.942,0,501.942,7.027
LANDIS,16,reserve,2047,505.219,0,505.219,7.073
LANDIS,16,reserve,2048,508.441,0,508.441,7.118
LANDIS,16,reserve,2049,511.609,0,511.609,7.163
LANDIS,16,reserve,2050,514.724,0,514.724,7.206
LANDIS,16,reserve,2051,517.785,0,517.785,7.249
LANDIS,16,reserve,2052,520.794,0,520.794,7.291
LANDIS,16,reserve,2053,523.751,0,523.751,7.333
LANDIS,16,reserve,2054,526.656,0,526.656,7.373
LANDIS,16,reserve,2055,529.51,0,529.51,7.413
LANDIS,16,reserve,2056,532.315,0,532.315,7.452
LANDIS,16,reserve,2057,535.071,0,535.071,7.491
LANDIS,16,reserve,2058,537.778,0,537.778,7.529
LANDIS,16,reserve,2059,540.436,0,540.436,7.566
LANDIS,16,reserve,2060,543.046,0,543.046,7.603
LANDIS,16,reserve,2061,545.608,0,545.608,7.638
LANDIS,16,reserve,2062,548.122,0,548.122,7.674
LANDIS,16,reserve,2063,550.588,0,550.588,7.708
LANDIS,16,reserve,2064,553.008,0,553.008,7.742
LANDIS,16,reserve,2065,555.386,0,555.386,7.775
LANDIS,16,reserve,2066,557.723,0,557.723,7.808
LANDIS,16,reserve,2067,560.019,0,560.019,7.84
LANDIS,16,reserve,2068,562.275,0,562.275,7.872
LANDIS,16,reserve,2069,564.491,0,564.491,7.903
LANDIS,16,reserve,2070,566.666,0,566.666,7.933
LANDIS,16,reserve,2071,568.801,0,568.801,7.963
LANDIS,16,reserve,2072,570.897,0,570.897,7.993
LANDIS,16,reserve,2073,572.953,0,572.953,8.021
LANDIS,16,reserve,2074,574.969,0,574.969,8.05
LANDIS,16,reserve,2075,576.948,0,576.948,8.077
LANDIS,16,reserve,2076,578.892,0,578.892,8.104
LANDIS,16,reserve,2077,580.8,0,580.8,8.131
LANDIS,16,reserve,2078,582.671,0,582.671,8.157
LANDIS,16,reserve,2079,584.507,0,584.507,8.183
LANDIS,16,reserve,2080,586.307,0,586.307,8.208
LANDIS,16,reserve,2081,588.071,0,588.071,8.233
LANDIS,16,reserve,2082,589.8,0,589.8,8.257
LANDIS,16,reserve,2083,591.494,0,591.494,8.281
LANDIS,16,reserve,2084,593.152,0,593.152,8.304
LANDIS,16,reserve,2085,594.782,0,594.782,8.327
LANDIS,16,reserve,2086,596.384,0,596.384,8.349
LANDIS,16,reserve,2087,597.958,0,597.958,8.371
LANDIS,16,reserve,2088,599.504,0,599.504,8.393
LANDIS,16,reserve,2089,601.022,0,601.022,8.414
LANDIS,16,reserve,2090,602.512,0,602.512,8.435
LANDIS,16,reserve,2091,603.974,0,603.974,8.456
LANDIS,16,reserve,2092,605.408,0,605.408,8.476
LANDIS,16,reserve,2093,606.815,0,606.815,8.495
LANDIS,16,reserve,2094,608.194,0,608.194,8.515
LANDIS,16,reserve,2095,609.547,0,609.547,8.534
LANDIS,16,reserve,2096,610.875,0,610.875,8.552
LANDIS,16,reserve,2097,612.178,0,612.178,8.57
LANDIS,16,reserve,2098,613.455,0,613.455,8.588
LANDIS,16,reserve,2099,614.707,0,614.707,8.606
LANDIS,16,reserve,2100,615.934,0,615.934,8.623
LANDIS,16,BAU,2025,417.43,0,417.43,5.844
LANDIS,16,BAU,2026,422.164,0.046,422.21,5.91
LANDIS,16,BAU,2027,426.806,0.089,426.895,5.975
LANDIS,16,BAU,2028,431.357,0.13,431.488,6.039
LANDIS,16,BAU,2029,435.82,0.17,435.99,6.101
LANDIS,16,BAU,2030,440.196,0.207,440.403,6.163
LANDIS,16,BAU,2031,444.487,0.243,444.73,6.223
LANDIS,16,BAU,2032,448.693,0.278,448.972,6.282
LANDIS,16,BAU,2033,452.816,0.312,453.128,6.339
LANDIS,16,BAU,2034,456.864,0.345,457.209,6.396
LANDIS,16,BAU,2035,460.833,0.377,461.211,6.452
LANDIS,16,BAU,2036,464.726,0.409,465.135,6.506
LANDIS,16,BAU,2037,468.544,0.44,468.984,6.56
LANDIS,16,BAU,2038,472.288,0.471,472.759,6.612
LANDIS,16,BAU,2039,475.961,0.501,476.462,6.663
LANDIS,16,BAU,2040,479.564,0.531,480.095,6.714
LANDIS,16,BAU,2041,483.097,0.56,483.657,6.763
LANDIS,16,BAU,2042,486.563,0.589,487.153,6.812
LANDIS,16,BAU,2043,489.966,0.618,490.584,6.86
LANDIS,16,BAU,2044,493.307,0.647,493.953,6.906
LANDIS,16,BAU,2045,496.588,0.675,497.262,6.952
LANDIS,16,BAU,2046,499.811,0.703,500.514,6.997
LANDIS,16,BAU,2047,502.978,0.73,503.708,7.042
LANDIS,16,BAU,2048,506.089,0.758,506.846,7.085
LANDIS,16,BAU,2049,509.145,0.785,509.93,7.128
LANDIS,16,BAU,2050,512.147,0.812,512.959,7.17
LANDIS,16,BAU,2051,515.095,0.839,515.934,7.211
LANDIS,16,BAU,2052,517.99,0.865,518.856,7.252
LANDIS,16,BAU,2053,520.833,0.892,521.725,7.292
LANDIS,16,BAU,2054,523.623,0.918,524.541,7.331
LANDIS,16,BAU,2055,526.361,0.944,527.305,7.369
LANDIS,16,BAU,2056,529.05,0.969,530.02,7.407
LANDIS,16,BAU,2057,531.689,0.995,532.684,7.444
LANDIS,16,BAU,2058,534.279,1.02,535.299,7.48
LANDIS,16,BAU,2059,536.819,1.045,537.864,7.515
LANDIS,16,BAU,2060,539.31,1.07,540.381,7.55
LANDIS,16,BAU,2061,541.753,1.095,542.848,7.585
LANDIS,16,BAU,2062,544.148,1.12,545.267,7.618
LANDIS,16,BAU,2063,546.493,1.144,547.637,7.651
LANDIS,16,BAU,2064,548.793,1.168,549.961,7.683
LANDIS,16,BAU,2065,551.049,1.192,552.242,7.715
LANDIS,16,BAU,2066,553.265,1.216,554.481,7.746
LANDIS,16,BAU,2067,555.439,1.24,556.678,7.776
LANDIS,16,BAU,2068,557.572,1.263,558.835,7.806
LANDIS,16,BAU,2069,559.665,1.286,560.951,7.835
LANDIS,16,BAU,2070,561.716,1.309,563.025,7.864
LANDIS,16,BAU,2071,563.727,1.332,565.059,7.892
LANDIS,16,BAU,2072,565.699,1.355,567.053,7.92
LANDIS,16,BAU,2073,567.63,1.377,569.007,7.947
LANDIS,16,BAU,2074,569.52,1.4,570.92,7.973
LANDIS,16,BAU,2075,571.373,1.422,572.795,7.999
LANDIS,16,BAU,2076,573.191,1.444,574.635,8.025
LANDIS,16,BAU,2077,574.973,1.465,576.438,8.05
LANDIS,16,BAU,2078,576.717,1.487,578.204,8.074
LANDIS,16,BAU,2079,578.425,1.508,579.934,8.098
LANDIS,16,BAU,2080,580.098,1.53,581.627,8.121
LANDIS,16,BAU,2081,581.733,1.551,583.284,8.144
LANDIS,16,BAU,2082,583.334,1.571,584.905,8.167
LANDIS,16,BAU,2083,584.899,1.592,586.491,8.189
LANDIS,16,BAU,2084,586.428,1.613,588.04,8.21
LANDIS,16,BAU,2085,587.928,1.633,589.561,8.231
LANDIS,16,BAU,2086,589.401,1.653,591.053,8.252
LANDIS,16,BAU,2087,590.844,1.673,592.517,8.272
LANDIS,16,BAU,2088,592.26,1.693,593.952,8.292
LANDIS,16,BAU,2089,593.647,1.712,595.359,8.311
LANDIS,16,BAU,2090,595.006,1.732,596.738,8.33
LANDIS,16,BAU,2091,596.337,1.751,598.087,8.349
LANDIS,16,BAU,2092,597.639,1.77,599.409,8.367
LANDIS,16,BAU,2093,598.914,1.789,600.703,8.385
LANDIS,16,BAU,2094,600.161,1.808,601.968,8.402
LANDIS,16,BAU,2095,601.381,1.826,603.207,8.419
LANDIS,16,BAU,2096,602.576,1.844,604.421,8.436
LANDIS,16,BAU,2097,603.746,1.863,605.609,8.452
LANDIS,16,BAU,2098,604.89,1.881,606.771,8.468
LANDIS,16,BAU,2099,606.008,1.899,607.907,8.484
LANDIS,16,BAU,2100,607.101,1.916,609.018,8.499
LANDIS,16,conservation,2025,417.43,0,417.43,5.844
LANDIS,16,conservation,2026,422.224,0.016,422.24,5.911
LANDIS,16,conservation,2027,426.928,0.031,426.958,5.977
LANDIS,16,conservation,2028,431.541,0.045,431.586,6.042
LANDIS,16,conservation,2029,436.067,0.058,436.125,6.105
LANDIS,16,conservation,2030,440.506,0.071,440.577,6.167
LANDIS,16,conservation,2031,444.86,0.083,444.944,6.228
LANDIS,16,conservation,2032,449.132,0.095,449.227,6.288
LANDIS,16,conservation,2033,453.32,0.107,453.427,6.346
LANDIS,16,conservation,2034,457.433,0.118,457.552,6.404
LANDIS,16,conservation,2035,461.469,0.129,461.598,6.461
LANDIS,16,conservation,2036,465.428,0.14,465.568,6.516
LANDIS,16,conservation,2037,469.314,0.151,469.465,6.57
LANDIS,16,conservation,2038,473.126,0.161,473.288,6.624
LANDIS,16,conservation,2039,476.868,0.172,477.039,6.676
LANDIS,16,conservation,2040,480.54,0.182,480.721,6.728
LANDIS,16,conservation,2041,484.142,0.192,484.334,6.778
LANDIS,16,conservation,2042,487.679,0.202,487.881,6.827
LANDIS,16,conservation,2043,491.152,0.212,491.364,6.876
LANDIS,16,conservation,2044,494.564,0.222,494.785,6.924
LANDIS,16,conservation,2045,497.916,0.231,498.148,6.971
LANDIS,16,conservation,2046,501.212,0.241,501.452,7.017
LANDIS,16,conservation,2047,504.451,0.25,504.701,7.062
LANDIS,16,conservation,2048,507.635,0.26,507.894,7.107
LANDIS,16,conservation,2049,510.764,0.269,511.033,7.151
LANDIS,16,conservation,2050,513.841,0.278,514.119,7.194
LANDIS,16,conservation,2051,516.863,0.288,517.15,7.236
LANDIS,16,conservation,2052,519.833,0.297,520.129,7.278
LANDIS,16,conservation,2053,522.75,0.306,523.056,7.318
LANDIS,16,conservation,2054,525.616,0.315,525.931,7.359
LANDIS,16,conservation,2055,528.43,0.324,528.754,7.398
LANDIS,16,conservation,2056,531.195,0.333,531.528,7.437
LANDIS,16,conservation,2057,533.911,0.341,534.252,7.475
LANDIS,16,conservation,2058,536.578,0.35,536.928,7.512
LANDIS,16,conservation,2059,539.195,0.359,539.554,7.549
LANDIS,16,conservation,2060,541.764,0.367,542.132,7.585
LANDIS,16,conservation,2061,544.285,0.376,544.661,7.62
LANDIS,16,conservation,2062,546.758,0.384,547.143,7.655
LANDIS,16,conservation,2063,549.183,0.393,549.576,7.689
LANDIS,16,conservation,2064,551.561,0.401,551.962,7.722
LANDIS,16,conservation,2065,553.898,0.409,554.307,7.755
LANDIS,16,conservation,2066,556.193,0.418,556.61,7.787
LANDIS,16,conservation,2067,558.447,0.426,558.872,7.818
LANDIS,16,conservation,2068,560.66,0.434,561.094,7.849
LANDIS,16,conservation,2069,562.834,0.442,563.276,7.88
LANDIS,16,conservation,2070,564.967,0.45,565.416,7.91
LANDIS,16,conservation,2071,567.059,0.458,567.516,7.939
LANDIS,16,conservation,2072,569.112,0.465,569.577,7.968
LANDIS,16,conservation,2073,571.125,0.473,571.598,7.996
LANDIS,16,conservation,2074,573.098,0.481,573.579,8.023
LANDIS,16,conservation,2075,575.033,0.489,575.522,8.05
LANDIS,16,conservation,2076,576.934,0.496,577.43,8.077
LANDIS,16,conservation,2077,578.798,0.504,579.302,8.103
LANDIS,16,conservation,2078,580.626,0.511,581.137,8.129
LANDIS,16,conservation,2079,582.418,0.518,582.936,8.154
LANDIS,16,conservation,2080,584.174,0.526,584.699,8.178
LANDIS,16,conservation,2081,585.894,0.533,586.427,8.203
LANDIS,16,conservation,2082,587.578,0.54,588.119,8.226
LANDIS,16,conservation,2083,589.228,0.547,589.775,8.249
LANDIS,16,conservation,2084,590.841,0.555,591.396,8.272
LANDIS,16,conservation,2085,592.427,0.562,592.988,8.294
LANDIS,16,conservation,2086,593.984,0.569,594.552,8.316
LANDIS,16,conservation,2087,595.513,0.575,596.088,8.337
LANDIS,16,conservation,2088,597.014,0.582,597.596,8.358
LANDIS,16,conservation,2089,598.487,0.589,599.076,8.379
LANDIS,16,conservation,2090,599.931,0.596,600.527,8.399
LANDIS,16,conservation,2091,601.348,0.602,601.951,8.419
LANDIS,16,conservation,2092,602.737,0.609,603.346,8.438
LANDIS,16,conservation,2093,604.098,0.616,604.714,8.457
LANDIS,16,conservation,2094,605.431,0.622,606.054,8.476
LANDIS,16,conservation,2095,606.739,0.629,607.367,8.494
LANDIS,16,conservation,2096,608.021,0.635,608.656,8.512
LANDIS,16,conservation,2097,609.278,0.641,609.919,8.53
LANDIS,16,conservation,2098,610.509,0.648,611.156,8.547
LANDIS,16,conservation,2099,611.715,0.654,612.368,8.564
LANDIS,16,conservation,2100,612.895,0.66,613.555,8.581
LANDIS,16,intensive,2025,417.43,0,417.43,5.844
LANDIS,16,intensive,2026,422.057,0.099,422.157,5.909
LANDIS,16,intensive,2027,426.591,0.193,426.784,5.972
LANDIS,16,intensive,2028,431.034,0.281,431.316,6.034
LANDIS,16,intensive,2029,435.387,0.365,435.753,6.095
LANDIS,16,intensive,2030,439.652,0.446,440.098,6.155
LANDIS,16,intensive,2031,443.831,0.524,444.354,6.214
LANDIS,16,intensive,2032,447.924,0.599,448.523,6.271
LANDIS,16,intensive,2033,451.933,0.672,452.605,6.327
LANDIS,16,intensive,2034,455.866,0.743,456.609,6.382
LANDIS,16,intensive,2035,459.719,0.813,460.532,6.436
LANDIS,16,intensive,2036,463.494,0.881,464.375,6.489
LANDIS,16,intensive,2037,467.195,0.947,468.142,6.541
LANDIS,16,intensive,2038,470.82,1.013,471.833,6.591
LANDIS,16,intensive,2039,474.373,1.078,475.451,6.641
LANDIS,16,intensive,2040,477.855,1.142,478.997,6.69
LANDIS,16,intensive,2041,481.267,1.205,482.472,6.738
LANDIS,16,intensive,2042,484.611,1.267,485.878,6.785
LANDIS,16,intensive,2043,487.89,1.329,489.219,6.83
LANDIS,16,intensive,2044,491.107,1.39,492.497,6.875
LANDIS,16,intensive,2045,494.263,1.45,495.713,6.92
LANDIS,16,intensive,2046,497.361,1.51,498.871,6.963
LANDIS,16,intensive,2047,500.401,1.569,501.97,7.006
LANDIS,16,intensive,2048,503.385,1.628,505.013,7.047
LANDIS,16,intensive,2049,506.313,1.686,508,7.088
LANDIS,16,intensive,2050,509.187,1.744,510.931,7.129
LANDIS,16,intensive,2051,512.006,1.801,513.807,7.168
LANDIS,16,intensive,2052,514.771,1.858,516.629,7.207
LANDIS,16,intensive,2053,517.483,1.914,519.398,7.245
LANDIS,16,intensive,2054,520.142,1.97,522.112,7.282
LANDIS,16,intensive,2055,522.748,2.026,524.774,7.318
LANDIS,16,intensive,2056,525.304,2.081,527.385,7.354
LANDIS,16,intensive,2057,527.81,2.135,529.946,7.389
LANDIS,16,intensive,2058,530.266,2.189,532.455,7.424
LANDIS,16,intensive,2059,532.672,2.243,534.915,7.457
LANDIS,16,intensive,2060,535.028,2.296,537.324,7.49
LANDIS,16,intensive,2061,537.336,2.349,539.684,7.523
LANDIS,16,intensive,2062,539.594,2.401,541.995,7.554
LANDIS,16,intensive,2063,541.803,2.453,544.256,7.585
LANDIS,16,intensive,2064,543.965,2.505,546.47,7.615
LANDIS,16,intensive,2065,546.084,2.556,548.64,7.645
LANDIS,16,intensive,2066,548.161,2.606,550.767,7.674
LANDIS,16,intensive,2067,550.196,2.657,552.853,7.703
LANDIS,16,intensive,2068,552.19,2.706,554.897,7.731
LANDIS,16,intensive,2069,554.143,2.756,556.899,7.758
LANDIS,16,intensive,2070,556.055,2.805,558.859,7.785
LANDIS,16,intensive,2071,557.925,2.853,560.778,7.811
LANDIS,16,intensive,2072,559.755,2.901,562.657,7.837
LANDIS,16,intensive,2073,561.545,2.949,564.494,7.862
LANDIS,16,intensive,2074,563.294,2.996,566.29,7.886
LANDIS,16,intensive,2075,565.005,3.043,568.048,7.91
LANDIS,16,intensive,2076,566.68,3.09,569.769,7.934
LANDIS,16,intensive,2077,568.318,3.136,571.454,7.956
LANDIS,16,intensive,2078,569.918,3.181,573.1,7.979
LANDIS,16,intensive,2079,571.483,3.227,574.71,8.001
LANDIS,16,intensive,2080,573.011,3.271,576.283,8.022
LANDIS,16,intensive,2081,574.502,3.316,577.818,8.043
LANDIS,16,intensive,2082,575.958,3.36,579.318,8.063
LANDIS,16,intensive,2083,577.378,3.404,580.781,8.083
LANDIS,16,intensive,2084,578.761,3.447,582.208,8.103
LANDIS,16,intensive,2085,580.115,3.49,583.605,8.122
LANDIS,16,intensive,2086,581.441,3.532,584.973,8.14
LANDIS,16,intensive,2087,582.738,3.574,586.313,8.158
LANDIS,16,intensive,2088,584.007,3.616,587.623,8.176
LANDIS,16,intensive,2089,585.247,3.657,588.904,8.193
LANDIS,16,intensive,2090,586.459,3.698,590.157,8.21
LANDIS,16,intensive,2091,587.641,3.739,591.38,8.227
LANDIS,16,intensive,2092,588.796,3.779,592.574,8.243
LANDIS,16,intensive,2093,589.922,3.819,593.741,8.259
LANDIS,16,intensive,2094,591.021,3.858,594.879,8.274
LANDIS,16,intensive,2095,592.092,3.897,595.989,8.289
LANDIS,16,intensive,2096,593.138,3.936,597.074,8.304
LANDIS,16,intensive,2097,594.159,3.974,598.133,8.318
LANDIS,16,intensive,2098,595.153,4.012,599.165,8.332
LANDIS,16,intensive,2099,596.122,4.049,600.171,8.346
LANDIS,16,intensive,2100,597.065,4.087,601.152,8.359
LANDIS,17,reserve,2025,150.46,0,150.46,3.521
LANDIS,17,reserve,2026,154.795,0,154.795,3.622
LANDIS,17,reserve,2027,159.15,0,159.15,3.724
LANDIS,17,reserve,2028,163.526,0,163.526,3.827
LANDIS,17,reserve,2029,167.922,0,167.922,3.929
LANDIS,17,reserve,2030,172.339,0,172.339,4.033
LANDIS,17,reserve,2031,176.776,0,176.776,4.137
LANDIS,17,reserve,2032,181.234,0,181.234,4.241
LANDIS,17,reserve,2033,185.711,0,185.711,4.346
LANDIS,17,reserve,2034,190.209,0,190.209,4.451
LANDIS,17,reserve,2035,194.699,0,194.699,4.556
LANDIS,17,reserve,2036,199.18,0,199.18,4.661
LANDIS,17,reserve,2037,203.653,0,203.653,4.766
LANDIS,17,reserve,2038,208.119,0,208.119,4.87
LANDIS,17,reserve,2039,212.577,0,212.577,4.974
LANDIS,17,reserve,2040,217.029,0,217.029,5.079
LANDIS,17,reserve,2041,221.473,0,221.473,5.182
LANDIS,17,reserve,2042,225.911,0,225.911,5.286
LANDIS,17,reserve,2043,230.343,0,230.343,5.39
LANDIS,17,reserve,2044,234.769,0,234.769,5.494
LANDIS,17,reserve,2045,239.17,0,239.17,5.597
LANDIS,17,reserve,2046,243.547,0,243.547,5.699
LANDIS,17,reserve,2047,247.899,0,247.899,5.801
LANDIS,17,reserve,2048,252.228,0,252.228,5.902
LANDIS,17,reserve,2049,256.534,0,256.534,6.003
LANDIS,17,reserve,2050,260.816,0,260.816,6.103
LANDIS,17,reserve,2051,265.076,0,265.076,6.203
LANDIS,17,reserve,2052,269.313,0,269.313,6.302
LANDIS,17,reserve,2053,273.528,0,273.528,6.401
LANDIS,17,reserve,2054,277.721,0,277.721,6.499
LANDIS,17,reserve,2055,281.882,0,281.882,6.596
LANDIS,17,reserve,2056,286.009,0,286.009,6.693
LANDIS,17,reserve,2057,290.105,0,290.105,6.788
LANDIS,17,reserve,2058,294.169,0,294.169,6.884
LANDIS,17,reserve,2059,298.202,0,298.202,6.978
LANDIS,17,reserve,2060,302.203,0,302.203,7.072
LANDIS,17,reserve,2061,306.173,0,306.173,7.164
LANDIS,17,reserve,2062,310.112,0,310.112,7.257
LANDIS,17,reserve,2063,314.021,0,314.021,7.348
LANDIS,17,reserve,2064,317.9,0,317.9,7.439
LANDIS,17,reserve,2065,321.742,0,321.742,7.529
LANDIS,17,reserve,2066,325.548,0,325.548,7.618
LANDIS,17,reserve,2067,329.318,0,329.318,7.706
LANDIS,17,reserve,2068,333.051,0,333.051,7.793
LANDIS,17,reserve,2069,336.749,0,336.749,7.88
LANDIS,17,reserve,2070,340.411,0,340.411,7.966
LANDIS,17,reserve,2071,344.038,0,344.038,8.051
LANDIS,17,reserve,2072,347.63,0,347.63,8.135
LANDIS,17,reserve,2073,351.188,0,351.188,8.218
LANDIS,17,reserve,2074,354.711,0,354.711,8.3
LANDIS,17,reserve,2075,358.196,0,358.196,8.382
LANDIS,17,reserve,2076,361.645,0,361.645,8.463
LANDIS,17,reserve,2077,365.056,0,365.056,8.542
LANDIS,17,reserve,2078,368.431,0,368.431,8.621
LANDIS,17,reserve,2079,371.77,0,371.77,8.699
LANDIS,17,reserve,2080,375.072,0,375.072,8.777
LANDIS,17,reserve,2081,378.338,0,378.338,8.853
LANDIS,17,reserve,2082,381.568,0,381.568,8.929
LANDIS,17,reserve,2083,384.763,0,384.763,9.004
LANDIS,17,reserve,2084,387.922,0,387.922,9.077
LANDIS,17,reserve,2085,391.044,0,391.044,9.15
LANDIS,17,reserve,2086,394.13,0,394.13,9.223
LANDIS,17,reserve,2087,397.18,0,397.18,9.294
LANDIS,17,reserve,2088,400.193,0,400.193,9.365
LANDIS,17,reserve,2089,403.171,0,403.171,9.434
LANDIS,17,reserve,2090,406.113,0,406.113,9.503
LANDIS,17,reserve,2091,409.019,0,409.019,9.571
LANDIS,17,reserve,2092,411.889,0,411.889,9.638
LANDIS,17,reserve,2093,414.724,0,414.724,9.705
LANDIS,17,reserve,2094,417.524,0,417.524,9.77
LANDIS,17,reserve,2095,420.29,0,420.29,9.835
LANDIS,17,reserve,2096,423.022,0,423.022,9.899
LANDIS,17,reserve,2097,425.72,0,425.72,9.962
LANDIS,17,reserve,2098,428.384,0,428.384,10.024
LANDIS,17,reserve,2099,431.015,0,431.015,10.086
LANDIS,17,reserve,2100,433.612,0,433.612,10.147
LANDIS,17,BAU,2025,150.46,0,150.46,3.521
LANDIS,17,BAU,2026,154.089,0.353,154.442,3.606
LANDIS,17,BAU,2027,157.721,0.689,158.41,3.691
LANDIS,17,BAU,2028,161.357,1.013,162.37,3.776
LANDIS,17,BAU,2029,164.996,1.325,166.321,3.861
LANDIS,17,BAU,2030,168.639,1.629,170.267,3.946
LANDIS,17,BAU,2031,172.285,1.926,174.21,4.031
LANDIS,17,BAU,2032,175.934,2.218,178.152,4.117
LANDIS,17,BAU,2033,179.586,2.505,182.091,4.202
LANDIS,17,BAU,2034,183.241,2.79,186.031,4.288
LANDIS,17,BAU,2035,186.871,3.072,189.944,4.373
LANDIS,17,BAU,2036,190.476,3.353,193.828,4.457
LANDIS,17,BAU,2037,194.055,3.633,197.687,4.541
LANDIS,17,BAU,2038,197.61,3.912,201.522,4.624
LANDIS,17,BAU,2039,201.141,4.19,205.331,4.707
LANDIS,17,BAU,2040,204.649,4.468,209.118,4.789
LANDIS,17,BAU,2041,208.133,4.747,212.88,4.87
LANDIS,17,BAU,2042,211.595,5.026,216.62,4.951
LANDIS,17,BAU,2043,215.034,5.305,220.338,5.032
LANDIS,17,BAU,2044,218.451,5.584,224.035,5.112
LANDIS,17,BAU,2045,221.827,5.864,227.691,5.191
LANDIS,17,BAU,2046,225.163,6.145,231.308,5.269
LANDIS,17,BAU,2047,228.459,6.426,234.885,5.346
LANDIS,17,BAU,2048,231.716,6.708,238.424,5.422
LANDIS,17,BAU,2049,234.934,6.99,241.925,5.497
LANDIS,17,BAU,2050,238.114,7.273,245.387,5.572
LANDIS,17,BAU,2051,241.257,7.557,248.813,5.645
LANDIS,17,BAU,2052,244.362,7.84,252.202,5.718
LANDIS,17,BAU,2053,247.43,8.124,255.555,5.79
LANDIS,17,BAU,2054,250.462,8.409,258.871,5.861
LANDIS,17,BAU,2055,253.448,8.694,262.142,5.931
LANDIS,17,BAU,2056,256.386,8.979,265.365,5.999
LANDIS,17,BAU,2057,259.279,9.264,268.543,6.067
LANDIS,17,BAU,2058,262.127,9.55,271.676,6.134
LANDIS,17,BAU,2059,264.93,9.835,274.765,6.199
LANDIS,17,BAU,2060,267.688,10.121,277.808,6.264
LANDIS,17,BAU,2061,270.402,10.406,280.808,6.327
LANDIS,17,BAU,2062,273.072,10.692,283.763,6.39
LANDIS,17,BAU,2063,275.7,10.977,286.676,6.451
LANDIS,17,BAU,2064,278.285,11.262,289.547,6.512
LANDIS,17,BAU,2065,280.821,11.546,292.368,6.571
LANDIS,17,BAU,2066,283.31,11.831,295.14,6.629
LANDIS,17,BAU,2067,285.75,12.114,297.865,6.687
LANDIS,17,BAU,2068,288.143,12.398,300.54,6.743
LANDIS,17,BAU,2069,290.489,12.681,303.169,6.797
LANDIS,17,BAU,2070,292.788,12.963,305.75,6.851
LANDIS,17,BAU,2071,295.041,13.244,308.285,6.904
LANDIS,17,BAU,2072,297.249,13.525,310.774,6.956
LANDIS,17,BAU,2073,299.412,13.805,313.217,7.006
LANDIS,17,BAU,2074,301.53,14.084,315.614,7.056
LANDIS,17,BAU,2075,303.6,14.362,317.963,7.104
LANDIS,17,BAU,2076,305.625,14.64,320.265,7.152
LANDIS,17,BAU,2077,307.602,14.916,322.518,7.198
LANDIS,17,BAU,2078,309.534,15.191,324.725,7.243
LANDIS,17,BAU,2079,311.42,15.466,326.886,7.287
LANDIS,17,BAU,2080,313.261,15.739,329,7.33
LANDIS,17,BAU,2081,315.057,16.011,331.068,7.372
LANDIS,17,BAU,2082,316.809,16.281,333.09,7.413
LANDIS,17,BAU,2083,318.518,16.55,335.068,7.453
LANDIS,17,BAU,2084,320.182,16.818,337.001,7.492
LANDIS,17,BAU,2085,321.802,17.085,338.887,7.53
LANDIS,17,BAU,2086,323.378,17.35,340.728,7.567
LANDIS,17,BAU,2087,324.911,17.614,342.525,7.603
LANDIS,17,BAU,2088,326.399,17.876,344.275,7.638
LANDIS,17,BAU,2089,327.846,18.137,345.982,7.672
LANDIS,17,BAU,2090,329.249,18.396,347.645,7.704
LANDIS,17,BAU,2091,330.611,18.653,349.264,7.736
LANDIS,17,BAU,2092,331.929,18.909,350.839,7.767
LANDIS,17,BAU,2093,333.207,19.163,352.37,7.797
LANDIS,17,BAU,2094,334.444,19.416,353.859,7.826
LANDIS,17,BAU,2095,335.64,19.666,355.307,7.854
LANDIS,17,BAU,2096,336.798,19.915,356.713,7.881
LANDIS,17,BAU,2097,337.915,20.162,358.077,7.907
LANDIS,17,BAU,2098,338.994,20.407,359.401,7.933
LANDIS,17,BAU,2099,340.034,20.651,360.685,7.957
LANDIS,17,BAU,2100,341.036,20.892,361.928,7.98
LANDIS,17,conservation,2025,150.46,0,150.46,3.521
LANDIS,17,conservation,2026,154.515,0.14,154.655,3.616
LANDIS,17,conservation,2027,158.582,0.274,158.856,3.711
LANDIS,17,conservation,2028,162.662,0.403,163.066,3.806
LANDIS,17,conservation,2029,166.755,0.528,167.284,3.902
LANDIS,17,conservation,2030,170.862,0.65,171.512,3.998
LANDIS,17,conservation,2031,174.98,0.77,175.751,4.095
LANDIS,17,conservation,2032,179.112,0.888,180.001,4.191
LANDIS,17,conservation,2033,183.256,1.005,184.261,4.288
LANDIS,17,conservation,2034,187.412,1.121,188.533,4.385
LANDIS,17,conservation,2035,191.553,1.236,192.789,4.482
LANDIS,17,conservation,2036,195.677,1.351,197.028,4.579
LANDIS,17,conservation,2037,199.786,1.466,201.251,4.675
LANDIS,17,conservation,2038,203.88,1.58,205.46,4.771
LANDIS,17,conservation,2039,207.958,1.695,209.653,4.866
LANDIS,17,conservation,2040,212.022,1.811,213.833,4.961
LANDIS,17,conservation,2041,216.071,1.926,217.997,5.056
LANDIS,17,conservation,2042,220.107,2.042,222.149,5.151
LANDIS,17,conservation,2043,224.129,2.158,226.287,5.245
LANDIS,17,conservation,2044,228.137,2.275,230.412,5.338
LANDIS,17,conservation,2045,232.113,2.393,234.506,5.431
LANDIS,17,conservation,2046,236.058,2.511,238.568,5.524
LANDIS,17,conservation,2047,239.97,2.629,242.599,5.615
LANDIS,17,conservation,2048,243.852,2.748,246.6,5.706
LANDIS,17,conservation,2049,247.704,2.867,250.571,5.796
LANDIS,17,conservation,2050,251.524,2.987,254.511,5.886
LANDIS,17,conservation,2051,255.315,3.108,258.423,5.974
LANDIS,17,conservation,2052,259.077,3.229,262.306,6.062
LANDIS,17,conservation,2053,262.809,3.35,266.159,6.15
LANDIS,17,conservation,2054,266.513,3.472,269.985,6.236
LANDIS,17,conservation,2055,270.177,3.594,273.771,6.322
LANDIS,17,conservation,2056,273.801,3.717,277.518,6.407
LANDIS,17,conservation,2057,277.387,3.84,281.227,6.491
LANDIS,17,conservation,2058,280.934,3.964,284.898,6.574
LANDIS,17,conservation,2059,284.443,4.087,288.531,6.656
LANDIS,17,conservation,2060,287.915,4.212,292.126,6.737
LANDIS,17,conservation,2061,291.348,4.336,295.684,6.818
LANDIS,17,conservation,2062,294.744,4.46,299.205,6.897
LANDIS,17,conservation,2063,298.104,4.585,302.69,6.976
LANDIS,17,conservation,2064,301.428,4.71,306.138,7.053
LANDIS,17,conservation,2065,304.708,4.836,309.544,7.13
LANDIS,17,conservation,2066,307.947,4.961,312.908,7.206
LANDIS,17,conservation,2067,311.143,5.086,316.229,7.281
LANDIS,17,conservation,2068,314.296,5.212,319.508,7.355
LANDIS,17,conservation,2069,317.409,5.338,322.746,7.427
LANDIS,17,conservation,2070,320.479,5.463,325.943,7.499
LANDIS,17,conservation,2071,323.509,5.589,329.099,7.57
LANDIS,17,conservation,2072,326.499,5.715,332.214,7.64
LANDIS,17,conservation,2073,329.448,5.841,335.289,7.709
LANDIS,17,conservation,2074,332.358,5.966,338.324,7.777
LANDIS,17,conservation,2075,335.223,6.092,341.315,7.844
LANDIS,17,conservation,2076,338.048,6.217,344.265,7.91
LANDIS,17,conservation,2077,340.829,6.343,347.172,7.975
LANDIS,17,conservation,2078,343.569,6.468,350.037,8.04
LANDIS,17,conservation,2079,346.268,6.593,352.861,8.103
LANDIS,17,conservation,2080,348.925,6.718,355.643,8.165
LANDIS,17,conservation,2081,351.541,6.843,358.384,8.226
LANDIS,17,conservation,2082,354.116,6.968,361.084,8.286
LANDIS,17,conservation,2083,356.651,7.092,363.743,8.346
LANDIS,17,conservation,2084,359.146,7.216,366.362,8.404
LANDIS,17,conservation,2085,361.599,7.34,368.938,8.461
LANDIS,17,conservation,2086,364.011,7.463,371.474,8.518
LANDIS,17,conservation,2087,366.383,7.586,373.969,8.573
LANDIS,17,conservation,2088,368.713,7.709,376.422,8.628
LANDIS,17,conservation,2089,371.005,7.831,378.836,8.682
LANDIS,17,conservation,2090,373.255,7.953,381.209,8.734
LANDIS,17,conservation,2091,375.466,8.075,383.541,8.786
LANDIS,17,conservation,2092,377.636,8.196,385.833,8.837
LANDIS,17,conservation,2093,379.768,8.317,388.085,8.887
LANDIS,17,conservation,2094,381.86,8.438,390.298,8.936
LANDIS,17,conservation,2095,383.915,8.558,392.473,8.984
LANDIS,17,conservation,2096,385.932,8.677,394.609,9.031
LANDIS,17,conservation,2097,387.911,8.796,396.707,9.077
LANDIS,17,conservation,2098,389.852,8.915,398.767,9.123
LANDIS,17,conservation,2099,391.757,9.033,400.79,9.167
LANDIS,17,conservation,2100,393.624,9.15,402.774,9.211
LANDIS,17,intensive,2025,150.46,0,150.46,3.521
LANDIS,17,intensive,2026,153.03,0.882,153.913,3.581
LANDIS,17,intensive,2027,155.59,1.717,157.307,3.641
LANDIS,17,intensive,2028,158.141,2.513,160.654,3.701
LANDIS,17,intensive,2029,160.682,3.276,163.958,3.76
LANDIS,17,intensive,2030,163.214,4.013,167.227,3.819
LANDIS,17,intensive,2031,165.737,4.728,170.464,3.878
LANDIS,17,intensive,2032,168.251,5.424,173.675,3.937
LANDIS,17,intensive,2033,170.754,6.106,176.86,3.996
LANDIS,17,intensive,2034,173.249,6.775,180.024,4.054
LANDIS,17,intensive,2035,175.707,7.434,183.141,4.112
LANDIS,17,intensive,2036,178.127,8.085,186.212,4.168
LANDIS,17,intensive,2037,180.51,8.729,189.239,4.224
LANDIS,17,intensive,2038,182.859,9.366,192.225,4.279
LANDIS,17,intensive,2039,185.172,9.999,195.171,4.333
LANDIS,17,intensive,2040,187.452,10.626,198.078,4.386
LANDIS,17,intensive,2041,189.697,11.25,200.947,4.439
LANDIS,17,intensive,2042,191.91,11.871,203.781,4.491
LANDIS,17,intensive,2043,194.091,12.488,206.579,4.542
LANDIS,17,intensive,2044,196.24,13.103,209.343,4.592
LANDIS,17,intensive,2045,198.339,13.715,212.054,4.641
LANDIS,17,intensive,2046,200.39,14.325,214.714,4.689
LANDIS,17,intensive,2047,202.391,14.932,217.323,4.736
LANDIS,17,intensive,2048,204.346,15.536,219.883,4.782
LANDIS,17,intensive,2049,206.255,16.139,222.394,4.826
LANDIS,17,intensive,2050,208.118,16.738,224.856,4.87
LANDIS,17,intensive,2051,209.937,17.336,227.272,4.913
LANDIS,17,intensive,2052,211.711,17.93,229.641,4.954
LANDIS,17,intensive,2053,213.443,18.522,231.965,4.995
LANDIS,17,intensive,2054,215.132,19.112,234.244,5.034
LANDIS,17,intensive,2055,216.77,19.698,236.468,5.072
LANDIS,17,intensive,2056,218.354,20.282,238.636,5.11
LANDIS,17,intensive,2057,219.889,20.863,240.751,5.145
LANDIS,17,intensive,2058,221.373,21.44,242.814,5.18
LANDIS,17,intensive,2059,222.81,22.015,244.824,5.214
LANDIS,17,intensive,2060,224.197,22.586,246.783,5.246
LANDIS,17,intensive,2061,225.537,23.153,248.69,5.278
LANDIS,17,intensive,2062,226.831,23.717,250.547,5.308
LANDIS,17,intensive,2063,228.079,24.277,252.356,5.337
LANDIS,17,intensive,2064,229.283,24.833,254.116,5.365
LANDIS,17,intensive,2065,230.435,25.386,255.821,5.392
LANDIS,17,intensive,2066,231.538,25.934,257.472,5.418
LANDIS,17,intensive,2067,232.592,26.478,259.07,5.443
LANDIS,17,intensive,2068,233.597,27.018,260.615,5.466
LANDIS,17,intensive,2069,234.555,27.553,262.108,5.489
LANDIS,17,intensive,2070,235.465,28.084,263.55,5.51
LANDIS,17,intensive,2071,236.33,28.611,264.941,5.53
LANDIS,17,intensive,2072,237.15,29.133,266.283,5.549
LANDIS,17,intensive,2073,237.926,29.65,267.576,5.567
LANDIS,17,intensive,2074,238.659,30.162,268.82,5.585
LANDIS,17,intensive,2075,239.344,30.669,270.013,5.601
LANDIS,17,intensive,2076,239.986,31.171,271.156,5.616
LANDIS,17,intensive,2077,240.582,31.668,272.249,5.63
LANDIS,17,intensive,2078,241.135,32.16,273.294,5.643
LANDIS,17,intensive,2079,241.645,32.646,274.291,5.655
LANDIS,17,intensive,2080,242.113,33.127,275.24,5.665
LANDIS,17,intensive,2081,242.539,33.603,276.141,5.675
LANDIS,17,intensive,2082,242.924,34.073,276.996,5.684
LANDIS,17,intensive,2083,243.269,34.538,277.807,5.693
LANDIS,17,intensive,2084,243.575,34.996,278.571,5.7
LANDIS,17,intensive,2085,243.839,35.45,279.289,5.706
LANDIS,17,intensive,2086,244.065,35.897,279.962,5.711
LANDIS,17,intensive,2087,244.252,36.339,280.591,5.716
LANDIS,17,intensive,2088,244.4,36.775,281.175,5.719
LANDIS,17,intensive,2089,244.511,37.205,281.716,5.722
LANDIS,17,intensive,2090,244.585,37.629,282.214,5.723
LANDIS,17,intensive,2091,244.622,38.047,282.669,5.724
LANDIS,17,intensive,2092,244.623,38.459,283.082,5.724
LANDIS,17,intensive,2093,244.588,38.865,283.453,5.723
LANDIS,17,intensive,2094,244.519,39.265,283.784,5.722
LANDIS,17,intensive,2095,244.417,39.658,284.076,5.719
LANDIS,17,intensive,2096,244.282,40.046,284.328,5.716
LANDIS,17,intensive,2097,244.115,40.427,284.542,5.712
LANDIS,17,intensive,2098,243.915,40.803,284.718,5.708
LANDIS,17,intensive,2099,243.685,41.171,284.857,5.702
LANDIS,17,intensive,2100,243.424,41.534,284.958,5.696
LANDIS,18,reserve,2025,178.8,0,178.8,4.112
LANDIS,18,reserve,2026,181.558,0,181.558,4.176
LANDIS,18,reserve,2027,184.302,0,184.302,4.239
LANDIS,18,reserve,2028,187.031,0,187.031,4.302
LANDIS,18,reserve,2029,189.745,0,189.745,4.364
LANDIS,18,reserve,2030,192.445,0,192.445,4.426
LANDIS,18,reserve,2031,195.127,0,195.127,4.488
LANDIS,18,reserve,2032,197.806,0,197.806,4.55
LANDIS,18,reserve,2033,200.47,0,200.47,4.611
LANDIS,18,reserve,2034,203.119,0,203.119,4.672
LANDIS,18,reserve,2035,205.75,0,205.75,4.732
LANDIS,18,reserve,2036,208.361,0,208.361,4.792
LANDIS,18,reserve,2037,210.953,0,210.953,4.852
LANDIS,18,reserve,2038,213.526,0,213.526,4.911
LANDIS,18,reserve,2039,216.08,0,216.08,4.97
LANDIS,18,reserve,2040,218.614,0,218.614,5.028
LANDIS,18,reserve,2041,221.128,0,221.128,5.086
LANDIS,18,reserve,2042,223.631,0,223.631,5.144
LANDIS,18,reserve,2043,226.112,0,226.112,5.201
LANDIS,18,reserve,2044,228.574,0,228.574,5.257
LANDIS,18,reserve,2045,231.013,0,231.013,5.313
LANDIS,18,reserve,2046,233.43,0,233.43,5.369
LANDIS,18,reserve,2047,235.824,0,235.824,5.424
LANDIS,18,reserve,2048,238.196,0,238.196,5.479
LANDIS,18,reserve,2049,240.546,0,240.546,5.533
LANDIS,18,reserve,2050,242.874,0,242.874,5.586
LANDIS,18,reserve,2051,245.18,0,245.18,5.639
LANDIS,18,reserve,2052,247.456,0,247.456,5.691
LANDIS,18,reserve,2053,249.717,0,249.717,5.743
LANDIS,18,reserve,2054,251.956,0,251.956,5.795
LANDIS,18,reserve,2055,254.174,0,254.174,5.846
LANDIS,18,reserve,2056,256.37,0,256.37,5.897
LANDIS,18,reserve,2057,258.544,0,258.544,5.947
LANDIS,18,reserve,2058,260.696,0,260.696,5.996
LANDIS,18,reserve,2059,262.826,0,262.826,6.045
LANDIS,18,reserve,2060,264.934,0,264.934,6.093
LANDIS,18,reserve,2061,267.02,0,267.02,6.141
LANDIS,18,reserve,2062,269.088,0,269.088,6.189
LANDIS,18,reserve,2063,271.131,0,271.131,6.236
LANDIS,18,reserve,2064,273.151,0,273.151,6.282
LANDIS,18,reserve,2065,275.149,0,275.149,6.328
LANDIS,18,reserve,2066,277.125,0,277.125,6.374
LANDIS,18,reserve,2067,279.079,0,279.079,6.419
LANDIS,18,reserve,2068,281.01,0,281.01,6.463
LANDIS,18,reserve,2069,282.92,0,282.92,6.507
LANDIS,18,reserve,2070,284.806,0,284.806,6.551
LANDIS,18,reserve,2071,286.671,0,286.671,6.593
LANDIS,18,reserve,2072,288.5,0,288.5,6.635
LANDIS,18,reserve,2073,290.307,0,290.307,6.677
LANDIS,18,reserve,2074,292.092,0,292.092,6.718
LANDIS,18,reserve,2075,293.824,0,293.824,6.758
LANDIS,18,reserve,2076,295.505,0,295.505,6.797
LANDIS,18,reserve,2077,297.133,0,297.133,6.834
LANDIS,18,reserve,2078,298.708,0,298.708,6.87
LANDIS,18,reserve,2079,300.232,0,300.232,6.905
LANDIS,18,reserve,2080,301.703,0,301.703,6.939
LANDIS,18,reserve,2081,303.121,0,303.121,6.972
LANDIS,18,reserve,2082,304.475,0,304.475,7.003
LANDIS,18,reserve,2083,305.78,0,305.78,7.033
LANDIS,18,reserve,2084,307.033,0,307.033,7.062
LANDIS,18,reserve,2085,308.204,0,308.204,7.089
LANDIS,18,reserve,2086,309.292,0,309.292,7.114
LANDIS,18,reserve,2087,310.299,0,310.299,7.137
LANDIS,18,reserve,2088,311.222,0,311.222,7.158
LANDIS,18,reserve,2089,312.064,0,312.064,7.177
LANDIS,18,reserve,2090,312.823,0,312.823,7.195
LANDIS,18,reserve,2091,313.5,0,313.5,7.21
LANDIS,18,reserve,2092,314.093,0,314.093,7.224
LANDIS,18,reserve,2093,314.601,0,314.601,7.236
LANDIS,18,reserve,2094,315.026,0,315.026,7.246
LANDIS,18,reserve,2095,315.442,0,315.442,7.255
LANDIS,18,reserve,2096,315.848,0,315.848,7.265
LANDIS,18,reserve,2097,316.244,0,316.244,7.274
LANDIS,18,reserve,2098,316.63,0,316.63,7.282
LANDIS,18,reserve,2099,317.007,0,317.007,7.291
LANDIS,18,reserve,2100,317.374,0,317.374,7.3
LANDIS,18,BAU,2025,178.8,0,178.8,4.112
LANDIS,18,BAU,2026,181.394,0.082,181.476,4.172
LANDIS,18,BAU,2027,183.971,0.16,184.131,4.231
LANDIS,18,BAU,2028,186.531,0.233,186.764,4.29
LANDIS,18,BAU,2029,189.074,0.304,189.377,4.349
LANDIS,18,BAU,2030,191.6,0.372,191.971,4.407
LANDIS,18,BAU,2031,194.106,0.437,194.543,4.464
LANDIS,18,BAU,2032,196.607,0.501,197.107,4.522
LANDIS,18,BAU,2033,199.09,0.563,199.653,4.579
LANDIS,18,BAU,2034,201.556,0.624,202.18,4.636
LANDIS,18,BAU,2035,204.002,0.684,204.685,4.692
LANDIS,18,BAU,2036,206.425,0.743,207.168,4.748
LANDIS,18,BAU,2037,208.828,0.801,209.628,4.803
LANDIS,18,BAU,2038,211.209,0.858,212.067,4.858
LANDIS,18,BAU,2039,213.569,0.915,214.483,4.912
LANDIS,18,BAU,2040,215.906,0.971,216.878,4.966
LANDIS,18,BAU,2041,218.222,1.027,219.249,5.019
LANDIS,18,BAU,2042,220.525,1.082,221.607,5.072
LANDIS,18,BAU,2043,222.803,1.138,223.941,5.124
LANDIS,18,BAU,2044,225.06,1.192,226.253,5.176
LANDIS,18,BAU,2045,227.292,1.247,228.539,5.228
LANDIS,18,BAU,2046,229.501,1.301,230.802,5.279
LANDIS,18,BAU,2047,231.684,1.355,233.039,5.329
LANDIS,18,BAU,2048,233.843,1.409,235.252,5.378
LANDIS,18,BAU,2049,235.978,1.463,237.441,5.427
LANDIS,18,BAU,2050,238.089,1.516,239.605,5.476
LANDIS,18,BAU,2051,240.176,1.569,241.746,5.524
LANDIS,18,BAU,2052,242.232,1.622,243.854,5.571
LANDIS,18,BAU,2053,244.27,1.675,245.945,5.618
LANDIS,18,BAU,2054,246.285,1.728,248.012,5.665
LANDIS,18,BAU,2055,248.276,1.78,250.056,5.71
LANDIS,18,BAU,2056,250.244,1.832,252.076,5.756
LANDIS,18,BAU,2057,252.188,1.884,254.072,5.8
LANDIS,18,BAU,2058,254.109,1.936,256.045,5.845
LANDIS,18,BAU,2059,256.005,1.987,257.993,5.888
LANDIS,18,BAU,2060,257.878,2.039,259.917,5.931
LANDIS,18,BAU,2061,259.727,2.09,261.817,5.974
LANDIS,18,BAU,2062,261.556,2.141,263.697,6.016
LANDIS,18,BAU,2063,263.359,2.192,265.551,6.057
LANDIS,18,BAU,2064,265.137,2.242,267.379,6.098
LANDIS,18,BAU,2065,266.892,2.293,269.184,6.139
LANDIS,18,BAU,2066,268.622,2.343,270.965,6.178
LANDIS,18,BAU,2067,270.329,2.393,272.722,6.218
LANDIS,18,BAU,2068,272.012,2.442,274.455,6.256
LANDIS,18,BAU,2069,273.672,2.492,276.164,6.294
LANDIS,18,BAU,2070,275.307,2.541,277.848,6.332
LANDIS,18,BAU,2071,276.919,2.59,279.509,6.369
LANDIS,18,BAU,2072,278.493,2.639,281.132,6.405
LANDIS,18,BAU,2073,280.044,2.688,282.732,6.441
LANDIS,18,BAU,2074,281.572,2.736,284.308,6.476
LANDIS,18,BAU,2075,283.045,2.784,285.829,6.51
LANDIS,18,BAU,2076,284.466,2.832,287.298,6.543
LANDIS,18,BAU,2077,285.833,2.879,288.712,6.574
LANDIS,18,BAU,2078,287.145,2.927,290.072,6.604
LANDIS,18,BAU,2079,288.405,2.974,291.379,6.633
LANDIS,18,BAU,2080,289.612,3.02,292.632,6.661
LANDIS,18,BAU,2081,290.763,3.067,293.83,6.688
LANDIS,18,BAU,2082,291.85,3.113,294.963,6.713
LANDIS,18,BAU,2083,292.887,3.158,296.045,6.736
LANDIS,18,BAU,2084,293.871,3.204,297.074,6.759
LANDIS,18,BAU,2085,294.772,3.248,298.02,6.78
LANDIS,18,BAU,2086,295.589,3.293,298.882,6.799
LANDIS,18,BAU,2087,296.325,3.337,299.661,6.815
LANDIS,18,BAU,2088,296.975,3.381,300.356,6.83
LANDIS,18,BAU,2089,297.544,3.424,300.968,6.844
LANDIS,18,BAU,2090,298.03,3.466,301.496,6.855
LANDIS,18,BAU,2091,298.433,3.509,301.942,6.864
LANDIS,18,BAU,2092,298.752,3.55,302.302,6.871
LANDIS,18,BAU,2093,298.985,3.591,302.577,6.877
LANDIS,18,BAU,2094,299.136,3.632,302.768,6.88
LANDIS,18,BAU,2095,299.277,3.672,302.949,6.883
LANDIS,18,BAU,2096,299.408,3.711,303.119,6.886
LANDIS,18,BAU,2097,299.529,3.75,303.279,6.889
LANDIS,18,BAU,2098,299.64,3.788,303.428,6.892
LANDIS,18,BAU,2099,299.741,3.826,303.567,6.894
LANDIS,18,BAU,2100,299.833,3.863,303.696,6.896
LANDIS,18,conservation,2025,178.8,0,178.8,4.112
LANDIS,18,conservation,2026,181.492,0.033,181.525,4.174
LANDIS,18,conservation,2027,184.17,0.064,184.234,4.236
LANDIS,18,conservation,2028,186.831,0.093,186.924,4.297
LANDIS,18,conservation,2029,189.476,0.122,189.598,4.358
LANDIS,18,conservation,2030,192.107,0.149,192.256,4.418
LANDIS,18,conservation,2031,194.718,0.175,194.893,4.479
LANDIS,18,conservation,2032,197.326,0.201,197.526,4.538
LANDIS,18,conservation,2033,199.917,0.225,200.143,4.598
LANDIS,18,conservation,2034,202.493,0.25,202.743,4.657
LANDIS,18,conservation,2035,205.05,0.274,205.324,4.716
LANDIS,18,conservation,2036,207.585,0.298,207.883,4.774
LANDIS,18,conservation,2037,210.101,0.321,210.422,4.832
LANDIS,18,conservation,2038,212.597,0.344,212.941,4.89
LANDIS,18,conservation,2039,215.073,0.367,215.44,4.947
LANDIS,18,conservation,2040,217.528,0.39,217.918,5.003
LANDIS,18,conservation,2041,219.962,0.412,220.374,5.059
LANDIS,18,conservation,2042,222.384,0.435,222.819,5.115
LANDIS,18,conservation,2043,224.784,0.457,225.241,5.17
LANDIS,18,conservation,2044,227.163,0.479,227.642,5.225
LANDIS,18,conservation,2045,229.519,0.501,230.02,5.279
LANDIS,18,conservation,2046,231.851,0.523,232.374,5.333
LANDIS,18,conservation,2047,234.16,0.545,234.705,5.386
LANDIS,18,conservation,2048,236.446,0.567,237.013,5.438
LANDIS,18,conservation,2049,238.709,0.589,239.298,5.49
LANDIS,18,conservation,2050,240.95,0.61,241.56,5.542
LANDIS,18,conservation,2051,243.167,0.632,243.799,5.593
LANDIS,18,conservation,2052,245.354,0.653,246.007,5.643
LANDIS,18,conservation,2053,247.525,0.675,248.2,5.693
LANDIS,18,conservation,2054,249.673,0.696,250.369,5.742
LANDIS,18,conservation,2055,251.799,0.717,252.517,5.791
LANDIS,18,conservation,2056,253.903,0.739,254.642,5.84
LANDIS,18,conservation,2057,255.984,0.76,256.743,5.888
LANDIS,18,conservation,2058,258.042,0.781,258.823,5.935
LANDIS,18,conservation,2059,260.077,0.802,260.879,5.982
LANDIS,18,conservation,2060,262.089,0.823,262.912,6.028
LANDIS,18,conservation,2061,264.079,0.844,264.923,6.074
LANDIS,18,conservation,2062,266.05,0.865,266.915,6.119
LANDIS,18,conservation,2063,267.996,0.885,268.881,6.164
LANDIS,18,conservation,2064,269.917,0.906,270.823,6.208
LANDIS,18,conservation,2065,271.816,0.927,272.743,6.252
LANDIS,18,conservation,2066,273.692,0.947,274.639,6.295
LANDIS,18,conservation,2067,275.546,0.968,276.513,6.338
LANDIS,18,conservation,2068,277.375,0.988,278.364,6.38
LANDIS,18,conservation,2069,279.184,1.008,280.192,6.421
LANDIS,18,conservation,2070,280.967,1.029,281.996,6.462
LANDIS,18,conservation,2071,282.729,1.049,283.778,6.503
LANDIS,18,conservation,2072,284.454,1.069,285.523,6.542
LANDIS,18,conservation,2073,286.157,1.089,287.246,6.582
LANDIS,18,conservation,2074,287.837,1.109,288.945,6.62
LANDIS,18,conservation,2075,289.463,1.129,290.591,6.658
LANDIS,18,conservation,2076,291.038,1.148,292.186,6.694
LANDIS,18,conservation,2077,292.559,1.168,293.727,6.729
LANDIS,18,conservation,2078,294.026,1.187,295.214,6.763
LANDIS,18,conservation,2079,295.442,1.207,296.649,6.795
LANDIS,18,conservation,2080,296.805,1.226,298.031,6.827
LANDIS,18,conservation,2081,298.114,1.245,299.359,6.857
LANDIS,18,conservation,2082,299.358,1.264,300.623,6.885
LANDIS,18,conservation,2083,300.553,1.283,301.837,6.913
LANDIS,18,conservation,2084,301.696,1.302,302.998,6.939
LANDIS,18,conservation,2085,302.756,1.321,304.077,6.963
LANDIS,18,conservation,2086,303.733,1.339,305.072,6.986
LANDIS,18,conservation,2087,304.629,1.358,305.986,7.006
LANDIS,18,conservation,2088,305.44,1.376,306.815,7.025
LANDIS,18,conservation,2089,306.17,1.394,307.563,7.042
LANDIS,18,conservation,2090,306.816,1.411,308.228,7.057
LANDIS,18,conservation,2091,307.381,1.429,308.81,7.07
LANDIS,18,conservation,2092,307.861,1.446,309.307,7.081
LANDIS,18,conservation,2093,308.256,1.464,309.719,7.09
LANDIS,18,conservation,2094,308.567,1.481,310.048,7.097
LANDIS,18,conservation,2095,308.87,1.497,310.368,7.104
LANDIS,18,conservation,2096,309.163,1.514,310.677,7.111
LANDIS,18,conservation,2097,309.445,1.53,310.975,7.117
LANDIS,18,conservation,2098,309.718,1.546,311.264,7.124
LANDIS,18,conservation,2099,309.981,1.562,311.543,7.13
LANDIS,18,conservation,2100,310.234,1.578,311.812,7.135
LANDIS,18,intensive,2025,178.8,0,178.8,4.112
LANDIS,18,intensive,2026,181.145,0.207,181.351,4.166
LANDIS,18,intensive,2027,183.47,0.401,183.871,4.22
LANDIS,18,intensive,2028,185.775,0.586,186.361,4.273
LANDIS,18,intensive,2029,188.059,0.763,188.822,4.325
LANDIS,18,intensive,2030,190.324,0.932,191.257,4.377
LANDIS,18,intensive,2031,192.566,1.096,193.662,4.429
LANDIS,18,intensive,2032,194.8,1.255,196.055,4.48
LANDIS,18,intensive,2033,197.014,1.409,198.423,4.531
LANDIS,18,intensive,2034,199.207,1.561,200.768,4.582
LANDIS,18,intensive,2035,201.378,1.709,203.087,4.632
LANDIS,18,intensive,2036,203.523,1.855,205.378,4.681
LANDIS,18,intensive,2037,205.645,1.998,207.643,4.73
LANDIS,18,intensive,2038,207.742,2.14,209.882,4.778
LANDIS,18,intensive,2039,209.816,2.28,212.096,4.826
LANDIS,18,intensive,2040,211.865,2.418,214.283,4.873
LANDIS,18,intensive,2041,213.889,2.556,216.444,4.919
LANDIS,18,intensive,2042,215.897,2.692,218.589,4.966
LANDIS,18,intensive,2043,217.879,2.827,220.706,5.011
LANDIS,18,intensive,2044,219.837,2.961,222.798,5.056
LANDIS,18,intensive,2045,221.768,3.094,224.862,5.101
LANDIS,18,intensive,2046,223.672,3.226,226.899,5.144
LANDIS,18,intensive,2047,225.549,3.358,228.907,5.188
LANDIS,18,intensive,2048,227.4,3.489,230.888,5.23
LANDIS,18,intensive,2049,229.224,3.619,232.843,5.272
LANDIS,18,intensive,2050,231.022,3.748,234.77,5.314
LANDIS,18,intensive,2051,232.794,3.877,236.671,5.354
LANDIS,18,intensive,2052,234.532,4.004,238.536,5.394
LANDIS,18,intensive,2053,236.251,4.132,240.382,5.434
LANDIS,18,intensive,2054,237.943,4.258,242.202,5.473
LANDIS,18,intensive,2055,239.611,4.384,243.995,5.511
LANDIS,18,intensive,2056,241.253,4.51,245.763,5.549
LANDIS,18,intensive,2057,242.869,4.634,247.504,5.586
LANDIS,18,intensive,2058,244.46,4.758,249.218,5.623
LANDIS,18,intensive,2059,246.025,4.881,250.906,5.659
LANDIS,18,intensive,2060,247.564,5.004,252.568,5.694
LANDIS,18,intensive,2061,249.078,5.126,254.203,5.729
LANDIS,18,intensive,2062,250.57,5.247,255.817,5.763
LANDIS,18,intensive,2063,252.033,5.368,257.401,5.797
LANDIS,18,intensive,2064,253.471,5.488,258.958,5.83
LANDIS,18,intensive,2065,254.883,5.607,260.489,5.862
LANDIS,18,intensive,2066,256.269,5.725,261.995,5.894
LANDIS,18,intensive,2067,257.631,5.843,263.474,5.926
LANDIS,18,intensive,2068,258.966,5.96,264.926,5.956
LANDIS,18,intensive,2069,260.278,6.077,266.354,5.986
LANDIS,18,intensive,2070,261.562,6.192,267.754,6.016
LANDIS,18,intensive,2071,262.822,6.307,269.129,6.045
LANDIS,18,intensive,2072,264.043,6.421,270.465,6.073
LANDIS,18,intensive,2073,265.24,6.535,271.775,6.101
LANDIS,18,intensive,2074,266.412,6.648,273.059,6.127
LANDIS,18,intensive,2075,267.528,6.76,274.287,6.153
LANDIS,18,intensive,2076,268.59,6.871,275.461,6.178
LANDIS,18,intensive,2077,269.597,6.981,276.578,6.201
LANDIS,18,intensive,2078,270.549,7.091,277.639,6.223
LANDIS,18,intensive,2079,271.447,7.199,278.646,6.243
LANDIS,18,intensive,2080,272.291,7.307,279.598,6.263
LANDIS,18,intensive,2081,273.079,7.413,280.493,6.281
LANDIS,18,intensive,2082,273.802,7.519,281.321,6.297
LANDIS,18,intensive,2083,274.474,7.624,282.098,6.313
LANDIS,18,intensive,2084,275.092,7.727,282.82,6.327
LANDIS,18,intensive,2085,275.627,7.83,283.457,6.339
LANDIS,18,intensive,2086,276.078,7.931,284.009,6.35
LANDIS,18,intensive,2087,276.447,8.031,284.478,6.358
LANDIS,18,intensive,2088,276.731,8.13,284.861,6.365
LANDIS,18,intensive,2089,276.933,8.228,285.161,6.369
LANDIS,18,intensive,2090,277.052,8.324,285.376,6.372
LANDIS,18,intensive,2091,277.088,8.419,285.507,6.373
LANDIS,18,intensive,2092,277.04,8.512,285.553,6.372
LANDIS,18,intensive,2093,276.908,8.604,285.512,6.369
LANDIS,18,intensive,2094,276.693,8.695,285.387,6.364
LANDIS,18,intensive,2095,276.469,8.784,285.252,6.359
LANDIS,18,intensive,2096,276.236,8.871,285.107,6.353
LANDIS,18,intensive,2097,275.993,8.957,284.95,6.348
LANDIS,18,intensive,2098,275.741,9.041,284.782,6.342
LANDIS,18,intensive,2099,275.48,9.124,284.604,6.336
LANDIS,18,intensive,2100,275.211,9.206,284.416,6.33
LANDIS,19,reserve,2025,72.67,0,72.67,2.434
LANDIS,19,reserve,2026,74.735,0,74.735,2.504
LANDIS,19,reserve,2027,76.81,0,76.81,2.573
LANDIS,19,reserve,2028,78.893,0,78.893,2.643
LANDIS,19,reserve,2029,80.985,0,80.985,2.713
LANDIS,19,reserve,2030,83.085,0,83.085,2.783
LANDIS,19,reserve,2031,85.195,0,85.195,2.854
LANDIS,19,reserve,2032,87.313,0,87.313,2.925
LANDIS,19,reserve,2033,89.44,0,89.44,2.996
LANDIS,19,reserve,2034,91.575,0,91.575,3.068
LANDIS,19,reserve,2035,93.706,0,93.706,3.139
LANDIS,19,reserve,2036,95.832,0,95.832,3.21
LANDIS,19,reserve,2037,97.954,0,97.954,3.281
LANDIS,19,reserve,2038,100.072,0,100.072,3.352
LANDIS,19,reserve,2039,102.185,0,102.185,3.423
LANDIS,19,reserve,2040,104.294,0,104.294,3.494
LANDIS,19,reserve,2041,106.4,0,106.4,3.564
LANDIS,19,reserve,2042,108.501,0,108.501,3.635
LANDIS,19,reserve,2043,110.599,0,110.599,3.705
LANDIS,19,reserve,2044,112.694,0,112.694,3.775
LANDIS,19,reserve,2045,114.776,0,114.776,3.845
LANDIS,19,reserve,2046,116.846,0,116.846,3.914
LANDIS,19,reserve,2047,118.904,0,118.904,3.983
LANDIS,19,reserve,2048,120.951,0,120.951,4.052
LANDIS,19,reserve,2049,122.986,0,122.986,4.12
LANDIS,19,reserve,2050,125.01,0,125.01,4.188
LANDIS,19,reserve,2051,127.022,0,127.022,4.255
LANDIS,19,reserve,2052,129.023,0,129.023,4.322
LANDIS,19,reserve,2053,131.013,0,131.013,4.389
LANDIS,19,reserve,2054,132.993,0,132.993,4.455
LANDIS,19,reserve,2055,134.956,0,134.956,4.521
LANDIS,19,reserve,2056,136.904,0,136.904,4.586
LANDIS,19,reserve,2057,138.837,0,138.837,4.651
LANDIS,19,reserve,2058,140.754,0,140.754,4.715
LANDIS,19,reserve,2059,142.656,0,142.656,4.779
LANDIS,19,reserve,2060,144.542,0,144.542,4.842
LANDIS,19,reserve,2061,146.414,0,146.414,4.905
LANDIS,19,reserve,2062,148.271,0,148.271,4.967
LANDIS,19,reserve,2063,150.113,0,150.113,5.029
LANDIS,19,reserve,2064,151.941,0,151.941,5.09
LANDIS,19,reserve,2065,153.751,0,153.751,5.151
LANDIS,19,reserve,2066,155.543,0,155.543,5.211
LANDIS,19,reserve,2067,157.318,0,157.318,5.27
LANDIS,19,reserve,2068,159.076,0,159.076,5.329
LANDIS,19,reserve,2069,160.817,0,160.817,5.387
LANDIS,19,reserve,2070,162.541,0,162.541,5.445
LANDIS,19,reserve,2071,164.249,0,164.249,5.502
LANDIS,19,reserve,2072,165.939,0,165.939,5.559
LANDIS,19,reserve,2073,167.613,0,167.613,5.615
LANDIS,19,reserve,2074,169.27,0,169.27,5.67
LANDIS,19,reserve,2075,170.909,0,170.909,5.725
LANDIS,19,reserve,2076,172.531,0,172.531,5.78
LANDIS,19,reserve,2077,174.135,0,174.135,5.833
LANDIS,19,reserve,2078,175.722,0,175.722,5.887
LANDIS,19,reserve,2079,177.292,0,177.292,5.939
LANDIS,19,reserve,2080,178.844,0,178.844,5.991
LANDIS,19,reserve,2081,180.379,0,180.379,6.043
LANDIS,19,reserve,2082,181.897,0,181.897,6.093
LANDIS,19,reserve,2083,183.398,0,183.398,6.144
LANDIS,19,reserve,2084,184.883,0,184.883,6.194
LANDIS,19,reserve,2085,186.349,0,186.349,6.243
LANDIS,19,reserve,2086,187.799,0,187.799,6.291
LANDIS,19,reserve,2087,189.231,0,189.231,6.339
LANDIS,19,reserve,2088,190.646,0,190.646,6.387
LANDIS,19,reserve,2089,192.044,0,192.044,6.433
LANDIS,19,reserve,2090,193.426,0,193.426,6.48
LANDIS,19,reserve,2091,194.79,0,194.79,6.525
LANDIS,19,reserve,2092,196.137,0,196.137,6.571
LANDIS,19,reserve,2093,197.468,0,197.468,6.615
LANDIS,19,reserve,2094,198.782,0,198.782,6.659
LANDIS,19,reserve,2095,200.079,0,200.079,6.703
LANDIS,19,reserve,2096,201.361,0,201.361,6.746
LANDIS,19,reserve,2097,202.627,0,202.627,6.788
LANDIS,19,reserve,2098,203.876,0,203.876,6.83
LANDIS,19,reserve,2099,205.11,0,205.11,6.871
LANDIS,19,reserve,2100,206.328,0,206.328,6.912
LANDIS,19,BAU,2025,72.67,0,72.67,2.434
LANDIS,19,BAU,2026,72.955,0.89,73.845,2.444
LANDIS,19,BAU,2027,73.243,1.72,74.964,2.454
LANDIS,19,BAU,2028,73.532,2.5,76.033,2.463
LANDIS,19,BAU,2029,73.824,3.237,77.061,2.473
LANDIS,19,BAU,2030,74.115,3.938,78.054,2.483
LANDIS,19,BAU,2031,74.41,4.609,79.019,2.493
LANDIS,19,BAU,2032,74.706,5.252,79.958,2.503
LANDIS,19,BAU,2033,75.003,5.873,80.876,2.513
LANDIS,19,BAU,2034,75.301,6.473,81.775,2.523
LANDIS,19,BAU,2035,75.588,7.057,82.645,2.532
LANDIS,19,BAU,2036,75.863,7.625,83.488,2.541
LANDIS,19,BAU,2037,76.127,8.18,84.306,2.55
LANDIS,19,BAU,2038,76.38,8.722,85.102,2.559
LANDIS,19,BAU,2039,76.622,9.252,85.875,2.567
LANDIS,19,BAU,2040,76.855,9.773,86.627,2.575
LANDIS,19,BAU,2041,77.078,10.284,87.362,2.582
LANDIS,19,BAU,2042,77.292,10.786,88.077,2.589
LANDIS,19,BAU,2043,77.497,11.279,88.776,2.596
LANDIS,19,BAU,2044,77.694,11.765,89.459,2.603
LANDIS,19,BAU,2045,77.873,12.243,90.116,2.609
LANDIS,19,BAU,2046,78.035,12.714,90.75,2.614
LANDIS,19,BAU,2047,78.182,13.178,91.36,2.619
LANDIS,19,BAU,2048,78.314,13.635,91.95,2.623
LANDIS,19,BAU,2049,78.431,14.085,92.517,2.627
LANDIS,19,BAU,2050,78.534,14.529,93.063,2.631
LANDIS,19,BAU,2051,78.623,14.966,93.589,2.634
LANDIS,19,BAU,2052,78.698,15.396,94.095,2.636
LANDIS,19,BAU,2053,78.761,15.82,94.581,2.638
LANDIS,19,BAU,2054,78.812,16.238,95.05,2.64
LANDIS,19,BAU,2055,78.845,16.649,95.494,2.641
LANDIS,19,BAU,2056,78.861,17.054,95.916,2.642
LANDIS,19,BAU,2057,78.863,17.453,96.316,2.642
LANDIS,19,BAU,2058,78.848,17.846,96.694,2.641
LANDIS,19,BAU,2059,78.819,18.232,97.051,2.64
LANDIS,19,BAU,2060,78.775,18.612,97.386,2.639
LANDIS,19,BAU,2061,78.718,18.985,97.703,2.637
LANDIS,19,BAU,2062,78.647,19.352,97.999,2.635
LANDIS,19,BAU,2063,78.562,19.713,98.276,2.632
LANDIS,19,BAU,2064,78.466,20.068,98.534,2.629
LANDIS,19,BAU,2065,78.354,20.416,98.771,2.625
LANDIS,19,BAU,2066,78.227,20.758,98.986,2.621
LANDIS,19,BAU,2067,78.086,21.094,99.18,2.616
LANDIS,19,BAU,2068,77.932,21.424,99.355,2.611
LANDIS,19,BAU,2069,77.764,21.747,99.511,2.605
LANDIS,19,BAU,2070,77.584,22.064,99.647,2.599
LANDIS,19,BAU,2071,77.391,22.374,99.766,2.593
LANDIS,19,BAU,2072,77.186,22.678,99.864,2.586
LANDIS,19,BAU,2073,76.97,22.976,99.946,2.578
LANDIS,19,BAU,2074,76.741,23.268,100.009,2.571
LANDIS,19,BAU,2075,76.501,23.553,100.054,2.563
LANDIS,19,BAU,2076,76.249,23.833,100.082,2.554
LANDIS,19,BAU,2077,75.986,24.106,100.091,2.546
LANDIS,19,BAU,2078,75.712,24.372,100.084,2.536
LANDIS,19,BAU,2079,75.427,24.633,100.06,2.527
LANDIS,19,BAU,2080,75.132,24.887,100.019,2.517
LANDIS,19,BAU,2081,74.827,25.135,99.962,2.507
LANDIS,19,BAU,2082,74.512,25.377,99.89,2.496
LANDIS,19,BAU,2083,74.188,25.613,99.802,2.485
LANDIS,19,BAU,2084,73.856,25.843,99.7,2.474
LANDIS,19,BAU,2085,73.513,26.067,99.58,2.463
LANDIS,19,BAU,2086,73.163,26.285,99.448,2.451
LANDIS,19,BAU,2087,72.803,26.496,99.299,2.439
LANDIS,19,BAU,2088,72.435,26.702,99.137,2.427
LANDIS,19,BAU,2089,72.059,26.902,98.961,2.414
LANDIS,19,BAU,2090,71.676,27.096,98.772,2.401
LANDIS,19,BAU,2091,71.284,27.284,98.568,2.388
LANDIS,19,BAU,2092,70.886,27.466,98.352,2.375
LANDIS,19,BAU,2093,70.48,27.643,98.123,2.361
LANDIS,19,BAU,2094,70.068,27.813,97.881,2.347
LANDIS,19,BAU,2095,69.649,27.978,97.627,2.333
LANDIS,19,BAU,2096,69.225,28.137,97.363,2.319
LANDIS,19,BAU,2097,68.796,28.291,97.087,2.305
LANDIS,19,BAU,2098,68.36,28.439,96.799,2.29
LANDIS,19,BAU,2099,67.92,28.582,96.501,2.275
LANDIS,19,BAU,2100,67.474,28.719,96.193,2.26
LANDIS,19,conservation,2025,72.67,0,72.67,2.434
LANDIS,19,conservation,2026,74.027,0.354,74.381,2.48
LANDIS,19,conservation,2027,75.382,0.689,76.071,2.525
LANDIS,19,conservation,2028,76.731,1.009,77.74,2.57
LANDIS,19,conservation,2029,78.076,1.317,79.392,2.616
LANDIS,19,conservation,2030,79.416,1.614,81.03,2.66
LANDIS,19,conservation,2031,80.752,1.903,82.655,2.705
LANDIS,19,conservation,2032,82.084,2.185,84.269,2.75
LANDIS,19,conservation,2033,83.412,2.462,85.874,2.794
LANDIS,19,conservation,2034,84.735,2.734,87.469,2.839
LANDIS,19,conservation,2035,86.041,3.002,89.043,2.882
LANDIS,19,conservation,2036,87.329,3.268,90.597,2.925
LANDIS,19,conservation,2037,88.601,3.53,92.131,2.968
LANDIS,19,conservation,2038,89.856,3.791,93.647,3.01
LANDIS,19,conservation,2039,91.094,4.05,95.145,3.052
LANDIS,19,conservation,2040,92.316,4.308,96.624,3.093
LANDIS,19,conservation,2041,93.524,4.564,98.088,3.133
LANDIS,19,conservation,2042,94.714,4.819,99.533,3.173
LANDIS,19,conservation,2043,95.89,5.074,100.963,3.212
LANDIS,19,conservation,2044,97.051,5.327,102.378,3.251
LANDIS,19,conservation,2045,98.188,5.58,103.768,3.289
LANDIS,19,conservation,2046,99.302,5.832,105.134,3.327
LANDIS,19,conservation,2047,100.394,6.083,106.477,3.363
LANDIS,19,conservation,2048,101.463,6.334,107.797,3.399
LANDIS,19,conservation,2049,102.51,6.584,109.095,3.434
LANDIS,19,conservation,2050,103.536,6.834,110.37,3.468
LANDIS,19,conservation,2051,104.54,7.082,111.622,3.502
LANDIS,19,conservation,2052,105.523,7.33,112.853,3.535
LANDIS,19,conservation,2053,106.486,7.577,114.063,3.567
LANDIS,19,conservation,2054,107.429,7.823,115.253,3.599
LANDIS,19,conservation,2055,108.346,8.069,116.415,3.63
LANDIS,19,conservation,2056,109.239,8.313,117.553,3.659
LANDIS,19,conservation,2057,110.109,8.557,118.666,3.689
LANDIS,19,conservation,2058,110.954,8.8,119.753,3.717
LANDIS,19,conservation,2059,111.775,9.041,120.817,3.744
LANDIS,19,conservation,2060,112.573,9.282,121.855,3.771
LANDIS,19,conservation,2061,113.349,9.521,122.87,3.797
LANDIS,19,conservation,2062,114.103,9.759,123.862,3.822
LANDIS,19,conservation,2063,114.834,9.996,124.83,3.847
LANDIS,19,conservation,2064,115.544,10.232,125.775,3.871
LANDIS,19,conservation,2065,116.229,10.466,126.695,3.894
LANDIS,19,conservation,2066,116.889,10.699,127.588,3.916
LANDIS,19,conservation,2067,117.526,10.93,128.456,3.937
LANDIS,19,conservation,2068,118.14,11.16,129.3,3.958
LANDIS,19,conservation,2069,118.73,11.388,130.119,3.977
LANDIS,19,conservation,2070,119.299,11.615,130.914,3.996
LANDIS,19,conservation,2071,119.845,11.84,131.685,4.015
LANDIS,19,conservation,2072,120.368,12.064,132.432,4.032
LANDIS,19,conservation,2073,120.87,12.286,133.156,4.049
LANDIS,19,conservation,2074,121.35,12.506,133.856,4.065
LANDIS,19,conservation,2075,121.808,12.724,134.532,4.081
LANDIS,19,conservation,2076,122.244,12.94,135.184,4.095
LANDIS,19,conservation,2077,122.658,13.155,135.813,4.109
LANDIS,19,conservation,2078,123.051,13.368,136.418,4.122
LANDIS,19,conservation,2079,123.423,13.578,137.001,4.135
LANDIS,19,conservation,2080,123.773,13.787,137.56,4.146
LANDIS,19,conservation,2081,124.103,13.994,138.097,4.157
LANDIS,19,conservation,2082,124.412,14.199,138.611,4.168
LANDIS,19,conservation,2083,124.702,14.401,139.103,4.177
LANDIS,19,conservation,2084,124.973,14.602,139.575,4.187
LANDIS,19,conservation,2085,125.222,14.8,140.022,4.195
LANDIS,19,conservation,2086,125.453,14.996,140.45,4.203
LANDIS,19,conservation,2087,125.664,15.19,140.854,4.21
LANDIS,19,conservation,2088,125.855,15.382,141.238,4.216
LANDIS,19,conservation,2089,126.028,15.572,141.6,4.222
LANDIS,19,conservation,2090,126.183,15.759,141.942,4.227
LANDIS,19,conservation,2091,126.318,15.945,142.263,4.232
LANDIS,19,conservation,2092,126.435,16.127,142.563,4.236
LANDIS,19,conservation,2093,126.535,16.308,142.843,4.239
LANDIS,19,conservation,2094,126.617,16.486,143.103,4.242
LANDIS,19,conservation,2095,126.682,16.662,143.344,4.244
LANDIS,19,conservation,2096,126.73,16.835,143.566,4.245
LANDIS,19,conservation,2097,126.762,17.006,143.769,4.246
LANDIS,19,conservation,2098,126.777,17.175,143.952,4.247
LANDIS,19,conservation,2099,126.777,17.342,144.118,4.247
LANDIS,19,conservation,2100,126.761,17.505,144.266,4.246
LANDIS,19,intensive,2025,72.67,0,72.67,2.434
LANDIS,19,intensive,2026,70.28,2.227,72.508,2.354
LANDIS,19,intensive,2027,68.047,4.224,72.27,2.28
LANDIS,19,intensive,2028,65.958,6.022,71.981,2.21
LANDIS,19,intensive,2029,64.007,7.652,71.659,2.144
LANDIS,19,intensive,2030,62.183,9.136,71.319,2.083
LANDIS,19,intensive,2031,60.481,10.494,70.976,2.026
LANDIS,19,intensive,2032,58.892,11.744,70.636,1.973
LANDIS,19,intensive,2033,57.409,12.9,70.308,1.923
LANDIS,19,intensive,2034,56.024,13.973,69.997,1.877
LANDIS,19,intensive,2035,54.721,14.973,69.694,1.833
LANDIS,19,intensive,2036,53.492,15.91,69.403,1.792
LANDIS,19,intensive,2037,52.335,16.79,69.125,1.753
LANDIS,19,intensive,2038,51.245,17.619,68.864,1.717
LANDIS,19,intensive,2039,50.217,18.402,68.618,1.682
LANDIS,19,intensive,2040,49.247,19.144,68.391,1.65
LANDIS,19,intensive,2041,48.334,19.848,68.182,1.619
LANDIS,19,intensive,2042,47.472,20.518,67.99,1.59
LANDIS,19,intensive,2043,46.66,21.157,67.817,1.563
LANDIS,19,intensive,2044,45.895,21.767,67.662,1.537
LANDIS,19,intensive,2045,45.163,22.351,67.514,1.513
LANDIS,19,intensive,2046,44.465,22.91,67.375,1.49
LANDIS,19,intensive,2047,43.797,23.447,67.243,1.467
LANDIS,19,intensive,2048,43.159,23.961,67.12,1.446
LANDIS,19,intensive,2049,42.548,24.455,67.003,1.425
LANDIS,19,intensive,2050,41.964,24.929,66.893,1.406
LANDIS,19,intensive,2051,41.404,25.385,66.789,1.387
LANDIS,19,intensive,2052,40.866,25.824,66.69,1.369
LANDIS,19,intensive,2053,40.351,26.246,66.597,1.352
LANDIS,19,intensive,2054,39.858,26.652,66.51,1.335
LANDIS,19,intensive,2055,39.377,27.044,66.421,1.319
LANDIS,19,intensive,2056,38.911,27.42,66.332,1.304
LANDIS,19,intensive,2057,38.459,27.783,66.242,1.288
LANDIS,19,intensive,2058,38.018,28.132,66.15,1.274
LANDIS,19,intensive,2059,37.59,28.468,66.058,1.259
LANDIS,19,intensive,2060,37.171,28.791,65.962,1.245
LANDIS,19,intensive,2061,36.765,29.102,65.866,1.232
LANDIS,19,intensive,2062,36.368,29.401,65.769,1.218
LANDIS,19,intensive,2063,35.981,29.688,65.669,1.205
LANDIS,19,intensive,2064,35.603,29.964,65.567,1.193
LANDIS,19,intensive,2065,35.23,30.229,65.46,1.18
LANDIS,19,intensive,2066,34.863,30.484,65.347,1.168
LANDIS,19,intensive,2067,34.501,30.728,65.229,1.156
LANDIS,19,intensive,2068,34.144,30.962,65.106,1.144
LANDIS,19,intensive,2069,33.792,31.186,64.978,1.132
LANDIS,19,intensive,2070,33.444,31.401,64.845,1.12
LANDIS,19,intensive,2071,33.102,31.606,64.707,1.109
LANDIS,19,intensive,2072,32.763,31.801,64.564,1.098
LANDIS,19,intensive,2073,32.428,31.988,64.416,1.086
LANDIS,19,intensive,2074,32.097,32.166,64.263,1.075
LANDIS,19,intensive,2075,31.769,32.335,64.103,1.064
LANDIS,19,intensive,2076,31.443,32.495,63.938,1.053
LANDIS,19,intensive,2077,31.12,32.647,63.767,1.043
LANDIS,19,intensive,2078,30.799,32.791,63.59,1.032
LANDIS,19,intensive,2079,30.481,32.927,63.408,1.021
LANDIS,19,intensive,2080,30.164,33.056,63.22,1.01
LANDIS,19,intensive,2081,29.85,33.176,63.026,1
LANDIS,19,intensive,2082,29.538,33.289,62.827,0.99
LANDIS,19,intensive,2083,29.229,33.394,62.623,0.979
LANDIS,19,intensive,2084,28.922,33.493,62.414,0.969
LANDIS,19,intensive,2085,28.615,33.584,62.199,0.959
LANDIS,19,intensive,2086,28.311,33.668,61.979,0.948
LANDIS,19,intensive,2087,28.007,33.745,61.753,0.938
LANDIS,19,intensive,2088,27.705,33.816,61.521,0.928
LANDIS,19,intensive,2089,27.405,33.88,61.285,0.918
LANDIS,19,intensive,2090,27.107,33.938,61.045,0.908
LANDIS,19,intensive,2091,26.809,33.989,60.798,0.898
LANDIS,19,intensive,2092,26.513,34.034,60.547,0.888
LANDIS,19,intensive,2093,26.218,34.073,60.291,0.878
LANDIS,19,intensive,2094,25.925,34.106,60.031,0.868
LANDIS,19,intensive,2095,25.633,34.133,59.766,0.859
LANDIS,19,intensive,2096,25.344,34.154,59.498,0.849
LANDIS,19,intensive,2097,25.056,34.17,59.226,0.839
LANDIS,19,intensive,2098,24.769,34.18,58.949,0.83
LANDIS,19,intensive,2099,24.485,34.185,58.669,0.82
LANDIS,19,intensive,2100,24.202,34.184,58.386,0.811
LANDIS,20,reserve,2025,48.76,0,48.76,1.941
LANDIS,20,reserve,2026,50.023,0,50.023,1.991
LANDIS,20,reserve,2027,51.289,0,51.289,2.041
LANDIS,20,reserve,2028,52.558,0,52.558,2.092
LANDIS,20,reserve,2029,53.83,0,53.83,2.142
LANDIS,20,reserve,2030,55.106,0,55.106,2.193
LANDIS,20,reserve,2031,56.385,0,56.385,2.244
LANDIS,20,reserve,2032,57.666,0,57.666,2.295
LANDIS,20,reserve,2033,58.951,0,58.951,2.346
LANDIS,20,reserve,2034,60.24,0,60.24,2.398
LANDIS,20,reserve,2035,61.523,0,61.523,2.449
LANDIS,20,reserve,2036,62.803,0,62.803,2.5
LANDIS,20,reserve,2037,64.078,0,64.078,2.55
LANDIS,20,reserve,2038,65.349,0,65.349,2.601
LANDIS,20,reserve,2039,66.616,0,66.616,2.651
LANDIS,20,reserve,2040,67.879,0,67.879,2.702
LANDIS,20,reserve,2041,69.138,0,69.138,2.752
LANDIS,20,reserve,2042,70.393,0,70.393,2.802
LANDIS,20,reserve,2043,71.644,0,71.644,2.851
LANDIS,20,reserve,2044,72.891,0,72.891,2.901
LANDIS,20,reserve,2045,74.13,0,74.13,2.95
LANDIS,20,reserve,2046,75.361,0,75.361,2.999
LANDIS,20,reserve,2047,76.583,0,76.583,3.048
LANDIS,20,reserve,2048,77.797,0,77.797,3.096
LANDIS,20,reserve,2049,79.004,0,79.004,3.144
LANDIS,20,reserve,2050,80.202,0,80.202,3.192
LANDIS,20,reserve,2051,81.392,0,81.392,3.239
LANDIS,20,reserve,2052,82.574,0,82.574,3.286
LANDIS,20,reserve,2053,83.749,0,83.749,3.333
LANDIS,20,reserve,2054,84.916,0,84.916,3.38
LANDIS,20,reserve,2055,86.073,0,86.073,3.426
LANDIS,20,reserve,2056,87.22,0,87.22,3.471
LANDIS,20,reserve,2057,88.357,0,88.357,3.517
LANDIS,20,reserve,2058,89.484,0,89.484,3.561
LANDIS,20,reserve,2059,90.602,0,90.602,3.606
LANDIS,20,reserve,2060,91.71,0,91.71,3.65
LANDIS,20,reserve,2061,92.808,0,92.808,3.694
LANDIS,20,reserve,2062,93.898,0,93.898,3.737
LANDIS,20,reserve,2063,94.977,0,94.977,3.78
LANDIS,20,reserve,2064,96.047,0,96.047,3.823
LANDIS,20,reserve,2065,97.107,0,97.107,3.865
LANDIS,20,reserve,2066,98.156,0,98.156,3.907
LANDIS,20,reserve,2067,99.194,0,99.194,3.948
LANDIS,20,reserve,2068,100.221,0,100.221,3.989
LANDIS,20,reserve,2069,101.238,0,101.238,4.029
LANDIS,20,reserve,2070,102.244,0,102.244,4.069
LANDIS,20,reserve,2071,103.24,0,103.24,4.109
LANDIS,20,reserve,2072,104.225,0,104.225,4.148
LANDIS,20,reserve,2073,105.2,0,105.2,4.187
LANDIS,20,reserve,2074,106.165,0,106.165,4.225
LANDIS,20,reserve,2075,107.119,0,107.119,4.263
LANDIS,20,reserve,2076,108.062,0,108.062,4.301
LANDIS,20,reserve,2077,108.995,0,108.995,4.338
LANDIS,20,reserve,2078,109.918,0,109.918,4.375
LANDIS,20,reserve,2079,110.83,0,110.83,4.411
LANDIS,20,reserve,2080,111.731,0,111.731,4.447
LANDIS,20,reserve,2081,112.622,0,112.622,4.482
LANDIS,20,reserve,2082,113.503,0,113.503,4.517
LANDIS,20,reserve,2083,114.374,0,114.374,4.552
LANDIS,20,reserve,2084,115.234,0,115.234,4.586
LANDIS,20,reserve,2085,116.084,0,116.084,4.62
LANDIS,20,reserve,2086,116.923,0,116.923,4.653
LANDIS,20,reserve,2087,117.752,0,117.752,4.686
LANDIS,20,reserve,2088,118.57,0,118.57,4.719
LANDIS,20,reserve,2089,119.379,0,119.379,4.751
LANDIS,20,reserve,2090,120.177,0,120.177,4.783
LANDIS,20,reserve,2091,120.964,0,120.964,4.814
LANDIS,20,reserve,2092,121.741,0,121.741,4.845
LANDIS,20,reserve,2093,122.509,0,122.509,4.876
LANDIS,20,reserve,2094,123.266,0,123.266,4.906
LANDIS,20,reserve,2095,124.013,0,124.013,4.936
LANDIS,20,reserve,2096,124.751,0,124.751,4.965
LANDIS,20,reserve,2097,125.479,0,125.479,4.994
LANDIS,20,reserve,2098,126.198,0,126.198,5.023
LANDIS,20,reserve,2099,126.907,0,126.907,5.051
LANDIS,20,reserve,2100,127.607,0,127.607,5.079
LANDIS,20,BAU,2025,48.76,0,48.76,1.941
LANDIS,20,BAU,2026,50.007,0.008,50.015,1.99
LANDIS,20,BAU,2027,51.256,0.016,51.272,2.04
LANDIS,20,BAU,2028,52.508,0.023,52.531,2.09
LANDIS,20,BAU,2029,53.762,0.031,53.793,2.14
LANDIS,20,BAU,2030,55.02,0.038,55.058,2.19
LANDIS,20,BAU,2031,56.281,0.045,56.326,2.24
LANDIS,20,BAU,2032,57.543,0.051,57.594,2.29
LANDIS,20,BAU,2033,58.809,0.058,58.867,2.341
LANDIS,20,BAU,2034,60.078,0.065,60.143,2.391
LANDIS,20,BAU,2035,61.341,0.071,61.412,2.441
LANDIS,20,BAU,2036,62.6,0.078,62.679,2.491
LANDIS,20,BAU,2037,63.854,0.085,63.939,2.541
LANDIS,20,BAU,2038,65.104,0.091,65.195,2.591
LANDIS,20,BAU,2039,66.349,0.098,66.447,2.641
LANDIS,20,BAU,2040,67.59,0.104,67.694,2.69
LANDIS,20,BAU,2041,68.826,0.111,68.937,2.739
LANDIS,20,BAU,2042,70.058,0.118,70.176,2.788
LANDIS,20,BAU,2043,71.286,0.124,71.41,2.837
LANDIS,20,BAU,2044,72.509,0.131,72.64,2.886
LANDIS,20,BAU,2045,73.724,0.138,73.861,2.934
LANDIS,20,BAU,2046,74.93,0.144,75.074,2.982
LANDIS,20,BAU,2047,76.127,0.151,76.278,3.03
LANDIS,20,BAU,2048,77.316,0.158,77.473,3.077
LANDIS,20,BAU,2049,78.497,0.164,78.661,3.124
LANDIS,20,BAU,2050,79.669,0.171,79.84,3.171
LANDIS,20,BAU,2051,80.832,0.178,81.01,3.217
LANDIS,20,BAU,2052,81.987,0.185,82.172,3.263
LANDIS,20,BAU,2053,83.134,0.192,83.326,3.309
LANDIS,20,BAU,2054,84.274,0.199,84.472,3.354
LANDIS,20,BAU,2055,85.402,0.206,85.608,3.399
LANDIS,20,BAU,2056,86.521,0.213,86.733,3.444
LANDIS,20,BAU,2057,87.629,0.219,87.848,3.488
LANDIS,20,BAU,2058,88.727,0.226,88.953,3.531
LANDIS,20,BAU,2059,89.815,0.233,90.048,3.575
LANDIS,20,BAU,2060,90.893,0.24,91.133,3.618
LANDIS,20,BAU,2061,91.96,0.247,92.208,3.66
LANDIS,20,BAU,2062,93.02,0.255,93.274,3.702
LANDIS,20,BAU,2063,94.067,0.262,94.329,3.744
LANDIS,20,BAU,2064,95.106,0.269,95.375,3.785
LANDIS,20,BAU,2065,96.134,0.276,96.41,3.826
LANDIS,20,BAU,2066,97.151,0.283,97.434,3.867
LANDIS,20,BAU,2067,98.156,0.29,98.446,3.907
LANDIS,20,BAU,2068,99.151,0.297,99.448,3.946
LANDIS,20,BAU,2069,100.134,0.304,100.438,3.985
LANDIS,20,BAU,2070,101.107,0.311,101.418,4.024
LANDIS,20,BAU,2071,102.069,0.318,102.387,4.062
LANDIS,20,BAU,2072,103.02,0.325,103.345,4.1
LANDIS,20,BAU,2073,103.96,0.332,104.293,4.138
LANDIS,20,BAU,2074,104.891,0.34,105.23,4.175
LANDIS,20,BAU,2075,105.81,0.347,106.156,4.211
LANDIS,20,BAU,2076,106.717,0.354,107.071,4.247
LANDIS,20,BAU,2077,107.614,0.361,107.975,4.283
LANDIS,20,BAU,2078,108.501,0.368,108.869,4.318
LANDIS,20,BAU,2079,109.377,0.375,109.752,4.353
LANDIS,20,BAU,2080,110.242,0.382,110.624,4.388
LANDIS,20,BAU,2081,111.096,0.389,111.485,4.422
LANDIS,20,BAU,2082,111.939,0.396,112.336,4.455
LANDIS,20,BAU,2083,112.773,0.403,113.176,4.488
LANDIS,20,BAU,2084,113.595,0.41,114.006,4.521
LANDIS,20,BAU,2085,114.407,0.417,114.825,4.553
LANDIS,20,BAU,2086,115.208,0.424,115.632,4.585
LANDIS,20,BAU,2087,115.998,0.431,116.43,4.617
LANDIS,20,BAU,2088,116.778,0.438,117.216,4.648
LANDIS,20,BAU,2089,117.548,0.445,117.993,4.678
LANDIS,20,BAU,2090,118.306,0.452,118.759,4.709
LANDIS,20,BAU,2091,119.054,0.459,119.513,4.738
LANDIS,20,BAU,2092,119.791,0.466,120.257,4.768
LANDIS,20,BAU,2093,120.519,0.473,120.992,4.797
LANDIS,20,BAU,2094,121.235,0.48,121.715,4.825
LANDIS,20,BAU,2095,121.942,0.487,122.429,4.853
LANDIS,20,BAU,2096,122.639,0.494,123.133,4.881
LANDIS,20,BAU,2097,123.326,0.501,123.826,4.908
LANDIS,20,BAU,2098,124.004,0.507,124.511,4.935
LANDIS,20,BAU,2099,124.671,0.514,125.185,4.962
LANDIS,20,BAU,2100,125.329,0.521,125.85,4.988
LANDIS,20,conservation,2025,48.76,0,48.76,1.941
LANDIS,20,conservation,2026,50.017,0.003,50.02,1.991
LANDIS,20,conservation,2027,51.276,0.006,51.283,2.041
LANDIS,20,conservation,2028,52.539,0.009,52.548,2.091
LANDIS,20,conservation,2029,53.804,0.012,53.816,2.141
LANDIS,20,conservation,2030,55.073,0.014,55.088,2.192
LANDIS,20,conservation,2031,56.345,0.017,56.362,2.243
LANDIS,20,conservation,2032,57.619,0.02,57.639,2.293
LANDIS,20,conservation,2033,58.897,0.022,58.919,2.344
LANDIS,20,conservation,2034,60.179,0.025,60.203,2.395
LANDIS,20,conservation,2035,61.454,0.027,61.481,2.446
LANDIS,20,conservation,2036,62.726,0.03,62.756,2.496
LANDIS,20,conservation,2037,63.993,0.032,64.025,2.547
LANDIS,20,conservation,2038,65.256,0.035,65.291,2.597
LANDIS,20,conservation,2039,66.515,0.037,66.552,2.647
LANDIS,20,conservation,2040,67.769,0.04,67.809,2.697
LANDIS,20,conservation,2041,69.02,0.042,69.062,2.747
LANDIS,20,conservation,2042,70.266,0.045,70.311,2.797
LANDIS,20,conservation,2043,71.508,0.047,71.555,2.846
LANDIS,20,conservation,2044,72.746,0.05,72.796,2.895
LANDIS,20,conservation,2045,73.976,0.052,74.028,2.944
LANDIS,20,conservation,2046,75.197,0.055,75.252,2.993
LANDIS,20,conservation,2047,76.41,0.057,76.467,3.041
LANDIS,20,conservation,2048,77.614,0.06,77.674,3.089
LANDIS,20,conservation,2049,78.811,0.063,78.874,3.137
LANDIS,20,conservation,2050,79.999,0.065,80.064,3.184
LANDIS,20,conservation,2051,81.179,0.068,81.247,3.231
LANDIS,20,conservation,2052,82.351,0.07,82.421,3.278
LANDIS,20,conservation,2053,83.515,0.073,83.588,3.324
LANDIS,20,conservation,2054,84.672,0.076,84.747,3.37
LANDIS,20,conservation,2055,85.818,0.078,85.896,3.416
LANDIS,20,conservation,2056,86.954,0.081,87.035,3.461
LANDIS,20,conservation,2057,88.08,0.084,88.164,3.506
LANDIS,20,conservation,2058,89.196,0.086,89.282,3.55
LANDIS,20,conservation,2059,90.303,0.089,90.391,3.594
LANDIS,20,conservation,2060,91.399,0.092,91.491,3.638
LANDIS,20,conservation,2061,92.486,0.094,92.58,3.681
LANDIS,20,conservation,2062,93.564,0.097,93.661,3.724
LANDIS,20,conservation,2063,94.631,0.1,94.73,3.766
LANDIS,20,conservation,2064,95.689,0.102,95.791,3.808
LANDIS,20,conservation,2065,96.737,0.105,96.842,3.85
LANDIS,20,conservation,2066,97.773,0.108,97.881,3.891
LANDIS,20,conservation,2067,98.799,0.11,98.909,3.932
LANDIS,20,conservation,2068,99.814,0.113,99.927,3.973
LANDIS,20,conservation,2069,100.818,0.116,100.934,4.013
LANDIS,20,conservation,2070,101.811,0.119,101.93,4.052
LANDIS,20,conservation,2071,102.794,0.121,102.915,4.091
LANDIS,20,conservation,2072,103.766,0.124,103.89,4.13
LANDIS,20,conservation,2073,104.728,0.127,104.855,4.168
LANDIS,20,conservation,2074,105.68,0.129,105.809,4.206
LANDIS,20,conservation,2075,106.62,0.132,106.752,4.243
LANDIS,20,conservation,2076,107.55,0.135,107.685,4.28
LANDIS,20,conservation,2077,108.469,0.138,108.607,4.317
LANDIS,20,conservation,2078,109.378,0.14,109.519,4.353
LANDIS,20,conservation,2079,110.276,0.143,110.419,4.389
LANDIS,20,conservation,2080,111.163,0.146,111.309,4.424
LANDIS,20,conservation,2081,112.04,0.148,112.189,4.459
LANDIS,20,conservation,2082,112.907,0.151,113.058,4.494
LANDIS,20,conservation,2083,113.764,0.154,113.918,4.528
LANDIS,20,conservation,2084,114.609,0.157,114.766,4.561
LANDIS,20,conservation,2085,115.445,0.159,115.604,4.595
LANDIS,20,conservation,2086,116.269,0.162,116.431,4.627
LANDIS,20,conservation,2087,117.083,0.165,117.248,4.66
LANDIS,20,conservation,2088,117.887,0.167,118.054,4.692
LANDIS,20,conservation,2089,118.681,0.17,118.851,4.723
LANDIS,20,conservation,2090,119.464,0.173,119.636,4.755
LANDIS,20,conservation,2091,120.235,0.175,120.411,4.785
LANDIS,20,conservation,2092,120.997,0.178,121.175,4.816
LANDIS,20,conservation,2093,121.75,0.181,121.93,4.846
LANDIS,20,conservation,2094,122.491,0.183,122.675,4.875
LANDIS,20,conservation,2095,123.223,0.186,123.409,4.904
LANDIS,20,conservation,2096,123.945,0.189,124.134,4.933
LANDIS,20,conservation,2097,124.657,0.191,124.849,4.961
LANDIS,20,conservation,2098,125.361,0.194,125.554,4.989
LANDIS,20,conservation,2099,126.054,0.196,126.25,5.017
LANDIS,20,conservation,2100,126.738,0.199,126.937,5.044
LANDIS,20,intensive,2025,48.76,0,48.76,1.941
LANDIS,20,intensive,2026,49.984,0.019,50.004,1.989
LANDIS,20,intensive,2027,51.21,0.038,51.248,2.038
LANDIS,20,intensive,2028,52.438,0.056,52.494,2.087
LANDIS,20,intensive,2029,53.668,0.073,53.742,2.136
LANDIS,20,intensive,2030,54.901,0.09,54.991,2.185
LANDIS,20,intensive,2031,56.137,0.107,56.243,2.234
LANDIS,20,intensive,2032,57.373,0.123,57.495,2.283
LANDIS,20,intensive,2033,58.612,0.139,58.751,2.333
LANDIS,20,intensive,2034,59.854,0.155,60.009,2.382
LANDIS,20,intensive,2035,61.089,0.17,61.26,2.431
LANDIS,20,intensive,2036,62.32,0.186,62.506,2.48
LANDIS,20,intensive,2037,63.546,0.202,63.747,2.529
LANDIS,20,intensive,2038,64.766,0.217,64.983,2.578
LANDIS,20,intensive,2039,65.981,0.233,66.214,2.626
LANDIS,20,intensive,2040,67.191,0.248,67.44,2.674
LANDIS,20,intensive,2041,68.397,0.264,68.661,2.722
LANDIS,20,intensive,2042,69.597,0.28,69.877,2.77
LANDIS,20,intensive,2043,70.792,0.295,71.088,2.817
LANDIS,20,intensive,2044,71.983,0.311,72.294,2.865
LANDIS,20,intensive,2045,73.164,0.327,73.491,2.912
LANDIS,20,intensive,2046,74.337,0.343,74.68,2.959
LANDIS,20,intensive,2047,75.499,0.359,75.858,3.005
LANDIS,20,intensive,2048,76.653,0.375,77.028,3.051
LANDIS,20,intensive,2049,77.799,0.391,78.189,3.096
LANDIS,20,intensive,2050,78.935,0.407,79.341,3.142
LANDIS,20,intensive,2051,80.062,0.423,80.484,3.186
LANDIS,20,intensive,2052,81.18,0.439,81.619,3.231
LANDIS,20,intensive,2053,82.29,0.455,82.745,3.275
LANDIS,20,intensive,2054,83.391,0.471,83.862,3.319
LANDIS,20,intensive,2055,84.481,0.488,84.969,3.362
LANDIS,20,intensive,2056,85.561,0.504,86.065,3.405
LANDIS,20,intensive,2057,86.63,0.52,87.15,3.448
LANDIS,20,intensive,2058,87.687,0.537,88.224,3.49
LANDIS,20,intensive,2059,88.735,0.553,89.288,3.532
LANDIS,20,intensive,2060,89.772,0.57,90.342,3.573
LANDIS,20,intensive,2061,90.799,0.586,91.385,3.614
LANDIS,20,intensive,2062,91.816,0.603,92.419,3.654
LANDIS,20,intensive,2063,92.822,0.619,93.441,3.694
LANDIS,20,intensive,2064,93.818,0.636,94.453,3.734
LANDIS,20,intensive,2065,94.803,0.652,95.455,3.773
LANDIS,20,intensive,2066,95.776,0.669,96.445,3.812
LANDIS,20,intensive,2067,96.737,0.685,97.423,3.85
LANDIS,20,intensive,2068,97.687,0.702,98.389,3.888
LANDIS,20,intensive,2069,98.626,0.719,99.345,3.925
LANDIS,20,intensive,2070,99.553,0.735,100.289,3.962
LANDIS,20,intensive,2071,100.47,0.752,101.222,3.999
LANDIS,20,intensive,2072,101.374,0.769,102.143,4.035
LANDIS,20,intensive,2073,102.268,0.785,103.054,4.07
LANDIS,20,intensive,2074,103.152,0.802,103.953,4.105
LANDIS,20,intensive,2075,104.023,0.818,104.842,4.14
LANDIS,20,intensive,2076,104.883,0.835,105.718,4.174
LANDIS,20,intensive,2077,105.732,0.852,106.584,4.208
LANDIS,20,intensive,2078,106.571,0.868,107.439,4.241
LANDIS,20,intensive,2079,107.398,0.885,108.282,4.274
LANDIS,20,intensive,2080,108.213,0.901,109.114,4.307
LANDIS,20,intensive,2081,109.017,0.918,109.935,4.339
LANDIS,20,intensive,2082,109.811,0.934,110.745,4.37
LANDIS,20,intensive,2083,110.595,0.95,111.545,4.402
LANDIS,20,intensive,2084,111.366,0.967,112.333,4.432
LANDIS,20,intensive,2085,112.127,0.983,113.11,4.463
LANDIS,20,intensive,2086,112.877,0.999,113.876,4.492
LANDIS,20,intensive,2087,113.616,1.016,114.631,4.522
LANDIS,20,intensive,2088,114.343,1.032,115.375,4.551
LANDIS,20,intensive,2089,115.06,1.048,116.108,4.579
LANDIS,20,intensive,2090,115.766,1.064,116.831,4.607
LANDIS,20,intensive,2091,116.461,1.08,117.541,4.635
LANDIS,20,intensive,2092,117.145,1.096,118.241,4.662
LANDIS,20,intensive,2093,117.819,1.112,118.932,4.689
LANDIS,20,intensive,2094,118.482,1.128,119.611,4.716
LANDIS,20,intensive,2095,119.134,1.144,120.279,4.741
LANDIS,20,intensive,2096,119.777,1.16,120.937,4.767
LANDIS,20,intensive,2097,120.41,1.176,121.585,4.792
LANDIS,20,intensive,2098,121.032,1.192,122.224,4.817
LANDIS,20,intensive,2099,121.645,1.207,122.852,4.841
LANDIS,20,intensive,2100,122.247,1.223,123.47,4.865
LANDIS,21,reserve,2025,393.71,0,393.71,4.764
LANDIS,21,reserve,2026,405.803,0,405.803,4.91
LANDIS,21,reserve,2027,417.96,0,417.96,5.057
LANDIS,21,reserve,2028,430.18,0,430.18,5.205
LANDIS,21,reserve,2029,442.464,0,442.464,5.354
LANDIS,21,reserve,2030,454.812,0,454.812,5.503
LANDIS,21,reserve,2031,467.224,0,467.224,5.653
LANDIS,21,reserve,2032,479.702,0,479.702,5.804
LANDIS,21,reserve,2033,492.244,0,492.244,5.956
LANDIS,21,reserve,2034,504.852,0,504.852,6.109
LANDIS,21,reserve,2035,517.448,0,517.448,6.261
LANDIS,21,reserve,2036,530.031,0,530.031,6.413
LANDIS,21,reserve,2037,542.603,0,542.603,6.565
LANDIS,21,reserve,2038,555.164,0,555.164,6.717
LANDIS,21,reserve,2039,567.716,0,567.716,6.869
LANDIS,21,reserve,2040,580.259,0,580.259,7.021
LANDIS,21,reserve,2041,592.794,0,592.794,7.173
LANDIS,21,reserve,2042,605.321,0,605.321,7.324
LANDIS,21,reserve,2043,617.841,0,617.841,7.476
LANDIS,21,reserve,2044,630.354,0,630.354,7.627
LANDIS,21,reserve,2045,642.809,0,642.809,7.778
LANDIS,21,reserve,2046,655.206,0,655.206,7.928
LANDIS,21,reserve,2047,667.546,0,667.546,8.077
LANDIS,21,reserve,2048,679.829,0,679.829,8.226
LANDIS,21,reserve,2049,692.057,0,692.057,8.374
LANDIS,21,reserve,2050,704.23,0,704.23,8.521
LANDIS,21,reserve,2051,716.35,0,716.35,8.668
LANDIS,21,reserve,2052,728.415,0,728.415,8.814
LANDIS,21,reserve,2053,740.428,0,740.428,8.959
LANDIS,21,reserve,2054,752.389,0,752.389,9.104
LANDIS,21,reserve,2055,764.265,0,764.265,9.248
LANDIS,21,reserve,2056,776.058,0,776.058,9.39
LANDIS,21,reserve,2057,787.768,0,787.768,9.532
LANDIS,21,reserve,2058,799.396,0,799.396,9.673
LANDIS,21,reserve,2059,810.941,0,810.941,9.812
LANDIS,21,reserve,2060,822.406,0,822.406,9.951
LANDIS,21,reserve,2061,833.791,0,833.791,10.089
LANDIS,21,reserve,2062,845.095,0,845.095,10.226
LANDIS,21,reserve,2063,856.32,0,856.32,10.361
LANDIS,21,reserve,2064,867.467,0,867.467,10.496
LANDIS,21,reserve,2065,878.516,0,878.516,10.63
LANDIS,21,reserve,2066,889.469,0,889.469,10.762
LANDIS,21,reserve,2067,900.325,0,900.325,10.894
LANDIS,21,reserve,2068,911.086,0,911.086,11.024
LANDIS,21,reserve,2069,921.751,0,921.751,11.153
LANDIS,21,reserve,2070,932.322,0,932.322,11.281
LANDIS,21,reserve,2071,942.798,0,942.798,11.408
LANDIS,21,reserve,2072,953.181,0,953.181,11.533
LANDIS,21,reserve,2073,963.471,0,963.471,11.658
LANDIS,21,reserve,2074,973.667,0,973.667,11.781
LANDIS,21,reserve,2075,983.762,0,983.762,11.903
LANDIS,21,reserve,2076,993.757,0,993.757,12.024
LANDIS,21,reserve,2077,1003.651,0,1003.651,12.144
LANDIS,21,reserve,2078,1013.445,0,1013.445,12.263
LANDIS,21,reserve,2079,1023.139,0,1023.139,12.38
LANDIS,21,reserve,2080,1032.734,0,1032.734,12.496
LANDIS,21,reserve,2081,1042.23,0,1042.23,12.611
LANDIS,21,reserve,2082,1051.627,0,1051.627,12.725
LANDIS,21,reserve,2083,1060.926,0,1060.926,12.837
LANDIS,21,reserve,2084,1070.127,0,1070.127,12.948
LANDIS,21,reserve,2085,1079.227,0,1079.227,13.059
LANDIS,21,reserve,2086,1088.228,0,1088.228,13.167
LANDIS,21,reserve,2087,1097.129,0,1097.129,13.275
LANDIS,21,reserve,2088,1105.931,0,1105.931,13.382
LANDIS,21,reserve,2089,1114.634,0,1114.634,13.487
LANDIS,21,reserve,2090,1123.238,0,1123.238,13.591
LANDIS,21,reserve,2091,1131.744,0,1131.744,13.694
LANDIS,21,reserve,2092,1140.151,0,1140.151,13.796
LANDIS,21,reserve,2093,1148.46,0,1148.46,13.896
LANDIS,21,reserve,2094,1156.671,0,1156.671,13.996
LANDIS,21,reserve,2095,1164.787,0,1164.787,14.094
LANDIS,21,reserve,2096,1172.809,0,1172.809,14.191
LANDIS,21,reserve,2097,1180.735,0,1180.735,14.287
LANDIS,21,reserve,2098,1188.567,0,1188.567,14.382
LANDIS,21,reserve,2099,1196.305,0,1196.305,14.475
LANDIS,21,reserve,2100,1203.949,0,1203.949,14.568
LANDIS,21,BAU,2025,393.71,0,393.71,4.764
LANDIS,21,BAU,2026,403.47,1.166,404.637,4.882
LANDIS,21,BAU,2027,413.236,2.279,415.515,5
LANDIS,21,BAU,2028,423.008,3.348,426.356,5.118
LANDIS,21,BAU,2029,432.785,4.383,437.168,5.237
LANDIS,21,BAU,2030,442.569,5.39,447.958,5.355
LANDIS,21,BAU,2031,452.358,6.375,458.733,5.473
LANDIS,21,BAU,2032,462.156,7.343,469.498,5.592
LANDIS,21,BAU,2033,471.959,8.298,480.257,5.711
LANDIS,21,BAU,2034,481.77,9.243,491.014,5.829
LANDIS,21,BAU,2035,491.512,10.182,501.693,5.947
LANDIS,21,BAU,2036,501.182,11.115,512.298,6.064
LANDIS,21,BAU,2037,510.784,12.046,522.83,6.18
LANDIS,21,BAU,2038,520.319,12.974,533.293,6.296
LANDIS,21,BAU,2039,529.788,13.901,543.689,6.41
LANDIS,21,BAU,2040,539.191,14.829,554.02,6.524
LANDIS,21,BAU,2041,548.531,15.757,564.288,6.637
LANDIS,21,BAU,2042,557.808,16.686,574.494,6.749
LANDIS,21,BAU,2043,567.023,17.616,584.639,6.861
LANDIS,21,BAU,2044,576.176,18.549,594.724,6.972
LANDIS,21,BAU,2045,585.216,19.483,604.7,7.081
LANDIS,21,BAU,2046,594.146,20.42,614.566,7.189
LANDIS,21,BAU,2047,602.965,21.359,624.324,7.296
LANDIS,21,BAU,2048,611.675,22.3,633.975,7.401
LANDIS,21,BAU,2049,620.279,23.243,643.521,7.505
LANDIS,21,BAU,2050,628.776,24.187,652.964,7.608
LANDIS,21,BAU,2051,637.17,25.134,662.304,7.71
LANDIS,21,BAU,2052,645.46,26.082,671.542,7.81
LANDIS,21,BAU,2053,653.648,27.032,680.68,7.909
LANDIS,21,BAU,2054,661.736,27.983,689.718,8.007
LANDIS,21,BAU,2055,669.691,28.935,698.625,8.103
LANDIS,21,BAU,2056,677.515,29.888,707.403,8.198
LANDIS,21,BAU,2057,685.211,30.842,716.052,8.291
LANDIS,21,BAU,2058,692.778,31.796,724.574,8.383
LANDIS,21,BAU,2059,700.218,32.75,732.969,8.473
LANDIS,21,BAU,2060,707.534,33.705,741.239,8.561
LANDIS,21,BAU,2061,714.726,34.659,749.386,8.648
LANDIS,21,BAU,2062,721.795,35.613,757.408,8.734
LANDIS,21,BAU,2063,728.743,36.566,765.31,8.818
LANDIS,21,BAU,2064,735.572,37.519,773.091,8.9
LANDIS,21,BAU,2065,742.262,38.47,780.733,8.981
LANDIS,21,BAU,2066,748.817,39.42,788.237,9.061
LANDIS,21,BAU,2067,755.236,40.369,795.605,9.138
LANDIS,21,BAU,2068,761.522,41.316,802.837,9.214
LANDIS,21,BAU,2069,767.674,42.261,809.935,9.289
LANDIS,21,BAU,2070,773.696,43.203,816.9,9.362
LANDIS,21,BAU,2071,779.588,44.143,823.731,9.433
LANDIS,21,BAU,2072,785.351,45.081,830.432,9.503
LANDIS,21,BAU,2073,790.988,46.016,837.003,9.571
LANDIS,21,BAU,2074,796.497,46.948,843.444,9.638
LANDIS,21,BAU,2075,801.872,47.876,849.748,9.703
LANDIS,21,BAU,2076,807.115,48.802,855.917,9.766
LANDIS,21,BAU,2077,812.227,49.723,861.95,9.828
LANDIS,21,BAU,2078,817.208,50.641,867.849,9.888
LANDIS,21,BAU,2079,822.059,51.555,873.614,9.947
LANDIS,21,BAU,2080,826.783,52.465,879.248,10.004
LANDIS,21,BAU,2081,831.38,53.37,884.75,10.06
LANDIS,21,BAU,2082,835.851,54.271,890.122,10.114
LANDIS,21,BAU,2083,840.197,55.168,895.364,10.166
LANDIS,21,BAU,2084,844.419,56.059,900.478,10.217
LANDIS,21,BAU,2085,848.515,56.946,905.461,10.267
LANDIS,21,BAU,2086,852.488,57.827,910.316,10.315
LANDIS,21,BAU,2087,856.338,58.704,915.042,10.362
LANDIS,21,BAU,2088,860.066,59.574,919.64,10.407
LANDIS,21,BAU,2089,863.672,60.44,924.112,10.45
LANDIS,21,BAU,2090,867.159,61.299,928.458,10.493
LANDIS,21,BAU,2091,870.526,62.153,932.679,10.533
LANDIS,21,BAU,2092,873.775,63.001,936.776,10.573
LANDIS,21,BAU,2093,876.906,63.842,940.749,10.61
LANDIS,21,BAU,2094,879.921,64.678,944.599,10.647
LANDIS,21,BAU,2095,882.823,65.507,948.33,10.682
LANDIS,21,BAU,2096,885.614,66.33,951.944,10.716
LANDIS,21,BAU,2097,888.292,67.146,955.438,10.748
LANDIS,21,BAU,2098,890.86,67.955,958.816,10.779
LANDIS,21,BAU,2099,893.32,68.758,962.078,10.809
LANDIS,21,BAU,2100,895.67,69.554,965.224,10.838
LANDIS,21,conservation,2025,393.71,0,393.71,4.764
LANDIS,21,conservation,2026,404.914,0.444,405.359,4.899
LANDIS,21,conservation,2027,416.157,0.87,417.027,5.035
LANDIS,21,conservation,2028,427.438,1.28,428.718,5.172
LANDIS,21,conservation,2029,438.757,1.679,440.436,5.309
LANDIS,21,conservation,2030,450.115,2.069,452.183,5.446
LANDIS,21,conservation,2031,461.511,2.451,463.962,5.584
LANDIS,21,conservation,2032,472.947,2.829,475.776,5.723
LANDIS,21,conservation,2033,484.422,3.203,487.625,5.861
LANDIS,21,conservation,2034,495.936,3.575,499.511,6.001
LANDIS,21,conservation,2035,507.413,3.945,511.358,6.14
LANDIS,21,conservation,2036,518.85,4.315,523.165,6.278
LANDIS,21,conservation,2037,530.251,4.684,534.936,6.416
LANDIS,21,conservation,2038,541.615,5.055,546.67,6.553
LANDIS,21,conservation,2039,552.945,5.426,558.371,6.691
LANDIS,21,conservation,2040,564.24,5.798,570.038,6.827
LANDIS,21,conservation,2041,575.501,6.172,581.673,6.964
LANDIS,21,conservation,2042,586.729,6.548,593.277,7.099
LANDIS,21,conservation,2043,597.925,6.925,604.85,7.235
LANDIS,21,conservation,2044,609.088,7.304,616.392,7.37
LANDIS,21,conservation,2045,620.168,7.686,627.854,7.504
LANDIS,21,conservation,2046,631.165,8.069,639.234,7.637
LANDIS,21,conservation,2047,642.081,8.455,650.535,7.769
LANDIS,21,conservation,2048,652.914,8.842,661.757,7.9
LANDIS,21,conservation,2049,663.669,9.232,672.9,8.03
LANDIS,21,conservation,2050,674.344,9.623,683.967,8.16
LANDIS,21,conservation,2051,684.942,10.017,694.958,8.288
LANDIS,21,conservation,2052,695.46,10.412,705.872,8.415
LANDIS,21,conservation,2053,705.904,10.809,716.713,8.541
LANDIS,21,conservation,2054,716.271,11.208,727.479,8.667
LANDIS,21,conservation,2055,726.531,11.608,738.139,8.791
LANDIS,21,conservation,2056,736.684,12.011,748.694,8.914
LANDIS,21,conservation,2057,746.731,12.414,759.145,9.035
LANDIS,21,conservation,2058,756.673,12.819,769.493,9.156
LANDIS,21,conservation,2059,766.51,13.226,779.736,9.275
LANDIS,21,conservation,2060,776.245,13.633,789.879,9.392
LANDIS,21,conservation,2061,785.878,14.042,799.92,9.509
LANDIS,21,conservation,2062,795.408,14.452,809.86,9.624
LANDIS,21,conservation,2063,804.838,14.863,819.701,9.738
LANDIS,21,conservation,2064,814.168,15.275,829.443,9.851
LANDIS,21,conservation,2065,823.379,15.687,839.067,9.963
LANDIS,21,conservation,2066,832.474,16.101,848.575,10.073
LANDIS,21,conservation,2067,841.451,16.515,857.965,10.181
LANDIS,21,conservation,2068,850.312,16.929,867.242,10.289
LANDIS,21,conservation,2069,859.058,17.344,876.402,10.395
LANDIS,21,conservation,2070,867.69,17.76,885.45,10.499
LANDIS,21,conservation,2071,876.207,18.175,894.383,10.602
LANDIS,21,conservation,2072,884.613,18.591,903.204,10.704
LANDIS,21,conservation,2073,892.906,19.007,911.913,10.804
LANDIS,21,conservation,2074,901.086,19.423,920.509,10.903
LANDIS,21,conservation,2075,909.147,19.839,928.986,11.001
LANDIS,21,conservation,2076,917.09,20.254,937.345,11.097
LANDIS,21,conservation,2077,924.914,20.67,945.584,11.191
LANDIS,21,conservation,2078,932.621,21.085,953.706,11.285
LANDIS,21,conservation,2079,940.209,21.5,961.709,11.376
LANDIS,21,conservation,2080,947.682,21.914,969.597,11.467
LANDIS,21,conservation,2081,955.039,22.328,977.367,11.556
LANDIS,21,conservation,2082,962.28,22.742,985.022,11.644
LANDIS,21,conservation,2083,969.407,23.154,992.561,11.73
LANDIS,21,conservation,2084,976.42,23.566,999.986,11.815
LANDIS,21,conservation,2085,983.316,23.977,1007.293,11.898
LANDIS,21,conservation,2086,990.098,24.387,1014.485,11.98
LANDIS,21,conservation,2087,996.764,24.797,1021.56,12.061
LANDIS,21,conservation,2088,1003.316,25.205,1028.521,12.14
LANDIS,21,conservation,2089,1009.754,25.612,1035.366,12.218
LANDIS,21,conservation,2090,1016.079,26.018,1042.097,12.294
LANDIS,21,conservation,2091,1022.292,26.423,1048.714,12.37
LANDIS,21,conservation,2092,1028.391,26.826,1055.217,12.443
LANDIS,21,conservation,2093,1034.379,27.229,1061.607,12.516
LANDIS,21,conservation,2094,1040.255,27.63,1067.885,12.587
LANDIS,21,conservation,2095,1046.023,28.029,1074.052,12.657
LANDIS,21,conservation,2096,1051.684,28.427,1080.111,12.725
LANDIS,21,conservation,2097,1057.236,28.824,1086.059,12.792
LANDIS,21,conservation,2098,1062.682,29.218,1091.9,12.858
LANDIS,21,conservation,2099,1068.021,29.612,1097.633,12.923
LANDIS,21,conservation,2100,1073.254,30.003,1103.257,12.986
LANDIS,21,intensive,2025,393.71,0,393.71,4.764
LANDIS,21,intensive,2026,400.208,2.798,403.005,4.842
LANDIS,21,intensive,2027,406.677,5.443,412.12,4.921
LANDIS,21,intensive,2028,413.117,7.963,421.08,4.999
LANDIS,21,intensive,2029,419.53,10.378,429.908,5.076
LANDIS,21,intensive,2030,425.916,12.708,438.623,5.154
LANDIS,21,intensive,2031,432.274,14.966,447.24,5.23
LANDIS,21,intensive,2032,438.609,17.166,455.775,5.307
LANDIS,21,intensive,2033,444.917,19.317,464.234,5.383
LANDIS,21,intensive,2034,451.202,21.428,472.63,5.46
LANDIS,21,intensive,2035,457.386,23.506,480.892,5.534
LANDIS,21,intensive,2036,463.468,25.556,489.024,5.608
LANDIS,21,intensive,2037,469.454,27.582,497.035,5.68
LANDIS,21,intensive,2038,475.343,29.587,504.93,5.752
LANDIS,21,intensive,2039,481.139,31.576,512.715,5.822
LANDIS,21,intensive,2040,486.844,33.548,520.393,5.891
LANDIS,21,intensive,2041,492.46,35.508,527.968,5.959
LANDIS,21,intensive,2042,497.988,37.456,535.444,6.026
LANDIS,21,intensive,2043,503.431,39.392,542.823,6.091
LANDIS,21,intensive,2044,508.789,41.319,550.109,6.156
LANDIS,21,intensive,2045,514.013,43.237,557.251,6.22
LANDIS,21,intensive,2046,519.105,45.146,564.251,6.281
LANDIS,21,intensive,2047,524.068,47.047,571.114,6.341
LANDIS,21,intensive,2048,528.903,48.938,577.841,6.4
LANDIS,21,intensive,2049,533.614,50.821,584.435,6.457
LANDIS,21,intensive,2050,538.203,52.695,590.898,6.512
LANDIS,21,intensive,2051,542.674,54.56,597.234,6.566
LANDIS,21,intensive,2052,547.027,56.415,603.442,6.619
LANDIS,21,intensive,2053,551.265,58.262,609.527,6.67
LANDIS,21,intensive,2054,555.392,60.099,615.491,6.72
LANDIS,21,intensive,2055,559.374,61.926,621.301,6.768
LANDIS,21,intensive,2056,563.218,63.743,626.961,6.815
LANDIS,21,intensive,2057,566.923,65.55,632.473,6.86
LANDIS,21,intensive,2058,570.494,67.345,637.839,6.903
LANDIS,21,intensive,2059,573.931,69.129,643.06,6.945
LANDIS,21,intensive,2060,577.24,70.902,648.141,6.985
LANDIS,21,intensive,2061,580.421,72.662,653.083,7.023
LANDIS,21,intensive,2062,583.476,74.41,657.885,7.06
LANDIS,21,intensive,2063,586.408,76.145,662.553,7.095
LANDIS,21,intensive,2064,589.221,77.866,667.088,7.13
LANDIS,21,intensive,2065,591.896,79.575,671.471,7.162
LANDIS,21,intensive,2066,594.437,81.269,675.707,7.193
LANDIS,21,intensive,2067,596.845,82.95,679.795,7.222
LANDIS,21,intensive,2068,599.124,84.615,683.739,7.249
LANDIS,21,intensive,2069,601.274,86.266,687.54,7.275
LANDIS,21,intensive,2070,603.3,87.902,691.201,7.3
LANDIS,21,intensive,2071,605.202,89.521,694.723,7.323
LANDIS,21,intensive,2072,606.984,91.125,698.109,7.344
LANDIS,21,intensive,2073,608.647,92.713,701.36,7.365
LANDIS,21,intensive,2074,610.193,94.284,704.477,7.383
LANDIS,21,intensive,2075,611.616,95.839,707.455,7.4
LANDIS,21,intensive,2076,612.919,97.376,710.295,7.416
LANDIS,21,intensive,2077,614.102,98.896,712.998,7.431
LANDIS,21,intensive,2078,615.168,100.399,715.567,7.443
LANDIS,21,intensive,2079,616.12,101.884,718.004,7.455
LANDIS,21,intensive,2080,616.958,103.351,720.309,7.465
LANDIS,21,intensive,2081,617.686,104.799,722.485,7.474
LANDIS,21,intensive,2082,618.304,106.229,724.534,7.481
LANDIS,21,intensive,2083,618.816,107.641,726.457,7.488
LANDIS,21,intensive,2084,619.223,109.033,728.256,7.493
LANDIS,21,intensive,2085,619.522,110.407,729.929,7.496
LANDIS,21,intensive,2086,619.718,111.761,731.48,7.499
LANDIS,21,intensive,2087,619.812,113.096,732.908,7.5
LANDIS,21,intensive,2088,619.805,114.412,734.217,7.5
LANDIS,21,intensive,2089,619.7,115.708,735.407,7.498
LANDIS,21,intensive,2090,619.496,116.984,736.48,7.496
LANDIS,21,intensive,2091,619.198,118.24,737.438,7.492
LANDIS,21,intensive,2092,618.805,119.476,738.281,7.487
LANDIS,21,intensive,2093,618.32,120.692,739.012,7.482
LANDIS,21,intensive,2094,617.743,121.888,739.631,7.475
LANDIS,21,intensive,2095,617.08,123.064,740.144,7.467
LANDIS,21,intensive,2096,616.332,124.219,740.551,7.458
LANDIS,21,intensive,2097,615.498,125.354,740.852,7.447
LANDIS,21,intensive,2098,614.583,126.468,741.051,7.436
LANDIS,21,intensive,2099,613.587,127.562,741.149,7.424
LANDIS,21,intensive,2100,612.51,128.636,741.146,7.411
LANDIS,22,reserve,2025,339.71,0,339.71,4.62
LANDIS,22,reserve,2026,347.339,0,347.339,4.724
LANDIS,22,reserve,2027,354.906,0,354.906,4.827
LANDIS,22,reserve,2028,362.413,0,362.413,4.929
LANDIS,22,reserve,2029,369.862,0,369.862,5.03
LANDIS,22,reserve,2030,377.254,0,377.254,5.131
LANDIS,22,reserve,2031,384.591,0,384.591,5.23
LANDIS,22,reserve,2032,391.874,0,391.874,5.329
LANDIS,22,reserve,2033,399.105,0,399.105,5.428
LANDIS,22,reserve,2034,406.283,0,406.283,5.525
LANDIS,22,reserve,2035,413.385,0,413.385,5.622
LANDIS,22,reserve,2036,420.411,0,420.411,5.718
LANDIS,22,reserve,2037,427.363,0,427.363,5.812
LANDIS,22,reserve,2038,434.242,0,434.242,5.906
LANDIS,22,reserve,2039,441.049,0,441.049,5.998
LANDIS,22,reserve,2040,447.785,0,447.785,6.09
LANDIS,22,reserve,2041,454.452,0,454.452,6.181
LANDIS,22,reserve,2042,461.049,0,461.049,6.27
LANDIS,22,reserve,2043,467.579,0,467.579,6.359
LANDIS,22,reserve,2044,474.041,0,474.041,6.447
LANDIS,22,reserve,2045,480.426,0,480.426,6.534
LANDIS,22,reserve,2046,486.733,0,486.733,6.62
LANDIS,22,reserve,2047,492.963,0,492.963,6.704
LANDIS,22,reserve,2048,499.118,0,499.118,6.788
LANDIS,22,reserve,2049,505.198,0,505.198,6.871
LANDIS,22,reserve,2050,511.204,0,511.204,6.952
LANDIS,22,reserve,2051,517.136,0,517.136,7.033
LANDIS,22,reserve,2052,522.996,0,522.996,7.113
LANDIS,22,reserve,2053,528.783,0,528.783,7.191
LANDIS,22,reserve,2054,534.499,0,534.499,7.269
LANDIS,22,reserve,2055,540.142,0,540.142,7.346
LANDIS,22,reserve,2056,545.711,0,545.711,7.422
LANDIS,22,reserve,2057,551.209,0,551.209,7.496
LANDIS,22,reserve,2058,556.634,0,556.634,7.57
LANDIS,22,reserve,2059,561.989,0,561.989,7.643
LANDIS,22,reserve,2060,567.273,0,567.273,7.715
LANDIS,22,reserve,2061,572.486,0,572.486,7.786
LANDIS,22,reserve,2062,577.63,0,577.63,7.856
LANDIS,22,reserve,2063,582.705,0,582.705,7.925
LANDIS,22,reserve,2064,587.711,0,587.711,7.993
LANDIS,22,reserve,2065,592.649,0,592.649,8.06
LANDIS,22,reserve,2066,597.519,0,597.519,8.126
LANDIS,22,reserve,2067,602.322,0,602.322,8.192
LANDIS,22,reserve,2068,607.058,0,607.058,8.256
LANDIS,22,reserve,2069,611.728,0,611.728,8.32
LANDIS,22,reserve,2070,616.331,0,616.331,8.382
LANDIS,22,reserve,2071,620.869,0,620.869,8.444
LANDIS,22,reserve,2072,625.342,0,625.342,8.505
LANDIS,22,reserve,2073,629.749,0,629.749,8.565
LANDIS,22,reserve,2074,634.092,0,634.092,8.624
LANDIS,22,reserve,2075,638.374,0,638.374,8.682
LANDIS,22,reserve,2076,642.595,0,642.595,8.739
LANDIS,22,reserve,2077,646.756,0,646.756,8.796
LANDIS,22,reserve,2078,650.857,0,650.857,8.852
LANDIS,22,reserve,2079,654.899,0,654.899,8.907
LANDIS,22,reserve,2080,658.881,0,658.881,8.961
LANDIS,22,reserve,2081,662.804,0,662.804,9.014
LANDIS,22,reserve,2082,666.668,0,666.668,9.067
LANDIS,22,reserve,2083,670.473,0,670.473,9.118
LANDIS,22,reserve,2084,674.22,0,674.22,9.169
LANDIS,22,reserve,2085,677.912,0,677.912,9.22
LANDIS,22,reserve,2086,681.55,0,681.55,9.269
LANDIS,22,reserve,2087,685.133,0,685.133,9.318
LANDIS,22,reserve,2088,688.662,0,688.662,9.366
LANDIS,22,reserve,2089,692.136,0,692.136,9.413
LANDIS,22,reserve,2090,695.557,0,695.557,9.46
LANDIS,22,reserve,2091,698.924,0,698.924,9.505
LANDIS,22,reserve,2092,702.238,0,702.238,9.55
LANDIS,22,reserve,2093,705.498,0,705.498,9.595
LANDIS,22,reserve,2094,708.706,0,708.706,9.638
LANDIS,22,reserve,2095,711.865,0,711.865,9.681
LANDIS,22,reserve,2096,714.978,0,714.978,9.724
LANDIS,22,reserve,2097,718.043,0,718.043,9.765
LANDIS,22,reserve,2098,721.062,0,721.062,9.806
LANDIS,22,reserve,2099,724.033,0,724.033,9.847
LANDIS,22,reserve,2100,726.958,0,726.958,9.887
LANDIS,22,BAU,2025,339.71,0,339.71,4.62
LANDIS,22,BAU,2026,345.978,0.68,346.659,4.705
LANDIS,22,BAU,2027,352.159,1.325,353.484,4.789
LANDIS,22,BAU,2028,358.256,1.94,360.196,4.872
LANDIS,22,BAU,2029,364.27,2.531,366.801,4.954
LANDIS,22,BAU,2030,370.203,3.101,373.304,5.035
LANDIS,22,BAU,2031,376.057,3.655,379.712,5.114
LANDIS,22,BAU,2032,381.834,4.195,386.029,5.193
LANDIS,22,BAU,2033,387.535,4.724,392.259,5.27
LANDIS,22,BAU,2034,393.161,5.243,398.404,5.347
LANDIS,22,BAU,2035,398.688,5.754,404.442,5.422
LANDIS,22,BAU,2036,404.117,6.259,410.376,5.496
LANDIS,22,BAU,2037,409.451,6.757,416.208,5.569
LANDIS,22,BAU,2038,414.689,7.251,421.941,5.64
LANDIS,22,BAU,2039,419.835,7.741,427.576,5.71
LANDIS,22,BAU,2040,424.89,8.227,433.117,5.779
LANDIS,22,BAU,2041,429.855,8.71,438.565,5.846
LANDIS,22,BAU,2042,434.73,9.19,443.92,5.912
LANDIS,22,BAU,2043,439.519,9.667,449.186,5.977
LANDIS,22,BAU,2044,444.22,10.142,454.362,6.041
LANDIS,22,BAU,2045,448.826,10.614,459.44,6.104
LANDIS,22,BAU,2046,453.335,11.085,464.42,6.165
LANDIS,22,BAU,2047,457.749,11.553,469.302,6.225
LANDIS,22,BAU,2048,462.071,12.019,474.09,6.284
LANDIS,22,BAU,2049,466.3,12.484,478.784,6.342
LANDIS,22,BAU,2050,470.438,12.946,483.384,6.398
LANDIS,22,BAU,2051,474.486,13.406,487.892,6.453
LANDIS,22,BAU,2052,478.445,13.864,492.31,6.507
LANDIS,22,BAU,2053,482.316,14.321,496.637,6.56
LANDIS,22,BAU,2054,486.1,14.775,500.875,6.611
LANDIS,22,BAU,2055,489.796,15.227,505.023,6.661
LANDIS,22,BAU,2056,493.403,15.676,509.079,6.71
LANDIS,22,BAU,2057,496.925,16.124,513.049,6.758
LANDIS,22,BAU,2058,500.359,16.569,516.928,6.805
LANDIS,22,BAU,2059,503.71,17.012,520.722,6.85
LANDIS,22,BAU,2060,506.976,17.453,524.429,6.895
LANDIS,22,BAU,2061,510.159,17.891,528.049,6.938
LANDIS,22,BAU,2062,513.259,18.326,531.586,6.98
LANDIS,22,BAU,2063,516.278,18.759,535.038,7.021
LANDIS,22,BAU,2064,519.217,19.19,538.406,7.061
LANDIS,22,BAU,2065,522.075,19.617,541.692,7.1
LANDIS,22,BAU,2066,524.854,20.042,544.896,7.138
LANDIS,22,BAU,2067,527.554,20.465,548.019,7.175
LANDIS,22,BAU,2068,530.177,20.884,551.061,7.21
LANDIS,22,BAU,2069,532.724,21.301,554.024,7.245
LANDIS,22,BAU,2070,535.193,21.715,556.907,7.279
LANDIS,22,BAU,2071,537.587,22.125,559.712,7.311
LANDIS,22,BAU,2072,539.907,22.533,562.44,7.343
LANDIS,22,BAU,2073,542.151,22.938,565.089,7.373
LANDIS,22,BAU,2074,544.323,23.34,567.662,7.403
LANDIS,22,BAU,2075,546.424,23.738,570.163,7.431
LANDIS,22,BAU,2076,548.457,24.134,572.59,7.459
LANDIS,22,BAU,2077,550.421,24.526,574.947,7.486
LANDIS,22,BAU,2078,552.317,24.915,577.232,7.512
LANDIS,22,BAU,2079,554.147,25.301,579.448,7.536
LANDIS,22,BAU,2080,555.909,25.684,581.593,7.56
LANDIS,22,BAU,2081,557.605,26.063,583.668,7.583
LANDIS,22,BAU,2082,559.236,26.439,585.675,7.606
LANDIS,22,BAU,2083,560.801,26.811,587.612,7.627
LANDIS,22,BAU,2084,562.302,27.18,589.482,7.647
LANDIS,22,BAU,2085,563.741,27.546,591.287,7.667
LANDIS,22,BAU,2086,565.121,27.909,593.03,7.686
LANDIS,22,BAU,2087,566.441,28.267,594.708,7.704
LANDIS,22,BAU,2088,567.701,28.623,596.324,7.721
LANDIS,22,BAU,2089,568.901,28.975,597.876,7.737
LANDIS,22,BAU,2090,570.043,29.323,599.366,7.753
LANDIS,22,BAU,2091,571.127,29.668,600.795,7.767
LANDIS,22,BAU,2092,572.153,30.01,602.163,7.781
LANDIS,22,BAU,2093,573.121,30.347,603.469,7.794
LANDIS,22,BAU,2094,574.034,30.682,604.715,7.807
LANDIS,22,BAU,2095,574.893,31.012,605.906,7.819
LANDIS,22,BAU,2096,575.704,31.339,607.043,7.83
LANDIS,22,BAU,2097,576.463,31.663,608.126,7.84
LANDIS,22,BAU,2098,577.173,31.983,609.156,7.85
LANDIS,22,BAU,2099,577.832,32.299,610.131,7.859
LANDIS,22,BAU,2100,578.442,32.612,611.054,7.867
LANDIS,22,conservation,2025,339.71,0,339.71,4.62
LANDIS,22,conservation,2026,346.835,0.252,347.087,4.717
LANDIS,22,conservation,2027,353.888,0.491,354.379,4.813
LANDIS,22,conservation,2028,360.871,0.72,361.591,4.908
LANDIS,22,conservation,2029,367.785,0.94,368.725,5.002
LANDIS,22,conservation,2030,374.632,1.154,375.785,5.095
LANDIS,22,conservation,2031,381.413,1.362,382.775,5.187
LANDIS,22,conservation,2032,388.131,1.565,389.696,5.279
LANDIS,22,conservation,2033,394.787,1.764,396.551,5.369
LANDIS,22,conservation,2034,401.379,1.961,403.34,5.459
LANDIS,22,conservation,2035,407.887,2.155,410.041,5.547
LANDIS,22,conservation,2036,414.308,2.347,416.655,5.635
LANDIS,22,conservation,2037,420.646,2.537,423.183,5.721
LANDIS,22,conservation,2038,426.901,2.726,429.628,5.806
LANDIS,22,conservation,2039,433.075,2.914,435.99,5.89
LANDIS,22,conservation,2040,439.17,3.101,442.271,5.973
LANDIS,22,conservation,2041,445.186,3.287,448.473,6.055
LANDIS,22,conservation,2042,451.123,3.473,454.596,6.135
LANDIS,22,conservation,2043,456.984,3.658,460.642,6.215
LANDIS,22,conservation,2044,462.769,3.843,466.611,6.294
LANDIS,22,conservation,2045,468.468,4.027,472.495,6.371
LANDIS,22,conservation,2046,474.08,4.211,478.291,6.448
LANDIS,22,conservation,2047,479.607,4.394,484.002,6.523
LANDIS,22,conservation,2048,485.052,4.578,489.629,6.597
LANDIS,22,conservation,2049,490.413,4.76,495.173,6.67
LANDIS,22,conservation,2050,495.692,4.943,500.635,6.741
LANDIS,22,conservation,2051,500.889,5.125,506.014,6.812
LANDIS,22,conservation,2052,506.006,5.307,511.313,6.882
LANDIS,22,conservation,2053,511.043,5.489,516.532,6.95
LANDIS,22,conservation,2054,516.002,5.67,521.671,7.018
LANDIS,22,conservation,2055,520.88,5.85,526.73,7.084
LANDIS,22,conservation,2056,525.677,6.031,531.708,7.149
LANDIS,22,conservation,2057,530.396,6.211,536.606,7.213
LANDIS,22,conservation,2058,535.034,6.39,541.425,7.276
LANDIS,22,conservation,2059,539.596,6.569,546.165,7.339
LANDIS,22,conservation,2060,544.08,6.748,550.828,7.4
LANDIS,22,conservation,2061,548.487,6.926,555.413,7.459
LANDIS,22,conservation,2062,552.818,7.103,559.921,7.518
LANDIS,22,conservation,2063,557.074,7.28,564.353,7.576
LANDIS,22,conservation,2064,561.254,7.456,568.71,7.633
LANDIS,22,conservation,2065,565.36,7.632,572.992,7.689
LANDIS,22,conservation,2066,569.392,7.807,577.199,7.744
LANDIS,22,conservation,2067,573.351,7.981,581.332,7.798
LANDIS,22,conservation,2068,577.237,8.155,585.392,7.85
LANDIS,22,conservation,2069,581.051,8.328,589.379,7.902
LANDIS,22,conservation,2070,584.793,8.501,593.293,7.953
LANDIS,22,conservation,2071,588.464,8.672,597.136,8.003
LANDIS,22,conservation,2072,592.065,8.843,600.908,8.052
LANDIS,22,conservation,2073,595.594,9.013,604.607,8.1
LANDIS,22,conservation,2074,599.054,9.182,608.237,8.147
LANDIS,22,conservation,2075,602.448,9.351,611.799,8.193
LANDIS,22,conservation,2076,605.776,9.519,615.295,8.239
LANDIS,22,conservation,2077,609.039,9.685,618.725,8.283
LANDIS,22,conservation,2078,612.238,9.851,622.089,8.326
LANDIS,22,conservation,2079,615.372,10.016,625.389,8.369
LANDIS,22,conservation,2080,618.442,10.181,628.623,8.411
LANDIS,22,conservation,2081,621.448,10.344,631.792,8.452
LANDIS,22,conservation,2082,624.391,10.506,634.898,8.492
LANDIS,22,conservation,2083,627.271,10.668,637.938,8.531
LANDIS,22,conservation,2084,630.088,10.828,640.916,8.569
LANDIS,22,conservation,2085,632.846,10.988,643.834,8.607
LANDIS,22,conservation,2086,635.546,11.147,646.692,8.643
LANDIS,22,conservation,2087,638.187,11.304,649.491,8.679
LANDIS,22,conservation,2088,640.77,11.461,652.231,8.714
LANDIS,22,conservation,2089,643.294,11.617,654.911,8.749
LANDIS,22,conservation,2090,645.761,11.771,657.533,8.782
LANDIS,22,conservation,2091,648.171,11.925,660.096,8.815
LANDIS,22,conservation,2092,650.524,12.078,662.602,8.847
LANDIS,22,conservation,2093,652.82,12.229,665.049,8.878
LANDIS,22,conservation,2094,655.06,12.38,667.44,8.909
LANDIS,22,conservation,2095,657.248,12.529,669.778,8.939
LANDIS,22,conservation,2096,659.387,12.678,672.065,8.968
LANDIS,22,conservation,2097,661.475,12.825,674.3,8.996
LANDIS,22,conservation,2098,663.513,12.971,676.485,9.024
LANDIS,22,conservation,2099,665.501,13.117,678.617,9.051
LANDIS,22,conservation,2100,667.439,13.261,680.7,9.077
LANDIS,22,intensive,2025,339.71,0,339.71,4.62
LANDIS,22,intensive,2026,344.168,1.585,345.754,4.681
LANDIS,22,intensive,2027,348.523,3.079,351.602,4.74
LANDIS,22,intensive,2028,352.778,4.496,357.273,4.798
LANDIS,22,intensive,2029,356.934,5.848,362.783,4.854
LANDIS,22,intensive,2030,360.995,7.147,368.142,4.91
LANDIS,22,intensive,2031,364.963,8.4,373.362,4.964
LANDIS,22,intensive,2032,368.839,9.614,378.453,5.016
LANDIS,22,intensive,2033,372.628,10.795,383.423,5.068
LANDIS,22,intensive,2034,376.328,11.948,388.276,5.118
LANDIS,22,intensive,2035,379.918,13.076,392.994,5.167
LANDIS,22,intensive,2036,383.398,14.183,397.581,5.214
LANDIS,22,intensive,2037,386.772,15.271,402.043,5.26
LANDIS,22,intensive,2038,390.041,16.342,406.384,5.305
LANDIS,22,intensive,2039,393.208,17.399,410.607,5.348
LANDIS,22,intensive,2040,396.274,18.441,414.715,5.389
LANDIS,22,intensive,2041,399.243,19.47,418.713,5.43
LANDIS,22,intensive,2042,402.114,20.488,422.602,5.469
LANDIS,22,intensive,2043,404.891,21.495,426.385,5.507
LANDIS,22,intensive,2044,407.574,22.491,430.065,5.543
LANDIS,22,intensive,2045,410.155,23.477,433.632,5.578
LANDIS,22,intensive,2046,412.634,24.453,437.087,5.612
LANDIS,22,intensive,2047,415.013,25.419,440.432,5.644
LANDIS,22,intensive,2048,417.295,26.376,443.671,5.675
LANDIS,22,intensive,2049,419.48,27.324,446.804,5.705
LANDIS,22,intensive,2050,421.571,28.263,449.834,5.733
LANDIS,22,intensive,2051,423.568,29.192,452.761,5.761
LANDIS,22,intensive,2052,425.475,30.113,455.588,5.786
LANDIS,22,intensive,2053,427.291,31.024,458.315,5.811
LANDIS,22,intensive,2054,429.019,31.926,460.946,5.835
LANDIS,22,intensive,2055,430.658,32.819,463.478,5.857
LANDIS,22,intensive,2056,432.208,33.703,465.911,5.878
LANDIS,22,intensive,2057,433.672,34.577,468.25,5.898
LANDIS,22,intensive,2058,435.05,35.443,470.492,5.917
LANDIS,22,intensive,2059,436.345,36.298,472.643,5.934
LANDIS,22,intensive,2060,437.556,37.145,474.701,5.951
LANDIS,22,intensive,2061,438.685,37.982,476.667,5.966
LANDIS,22,intensive,2062,439.735,38.809,478.544,5.98
LANDIS,22,intensive,2063,440.706,39.627,480.333,5.994
LANDIS,22,intensive,2064,441.599,40.435,482.034,6.006
LANDIS,22,intensive,2065,442.416,41.233,483.649,6.017
LANDIS,22,intensive,2066,443.156,42.022,485.179,6.027
LANDIS,22,intensive,2067,443.823,42.801,486.624,6.036
LANDIS,22,intensive,2068,444.417,43.57,487.987,6.044
LANDIS,22,intensive,2069,444.94,44.329,489.269,6.051
LANDIS,22,intensive,2070,445.39,45.078,490.468,6.057
LANDIS,22,intensive,2071,445.771,45.817,491.588,6.063
LANDIS,22,intensive,2072,446.084,46.546,492.63,6.067
LANDIS,22,intensive,2073,446.327,47.265,493.593,6.07
LANDIS,22,intensive,2074,446.505,47.974,494.479,6.072
LANDIS,22,intensive,2075,446.62,48.673,495.293,6.074
LANDIS,22,intensive,2076,446.672,49.362,496.034,6.075
LANDIS,22,intensive,2077,446.665,50.04,496.705,6.075
LANDIS,22,intensive,2078,446.597,50.709,497.306,6.074
LANDIS,22,intensive,2079,446.471,51.367,497.838,6.072
LANDIS,22,intensive,2080,446.286,52.015,498.301,6.07
LANDIS,22,intensive,2081,446.044,52.653,498.697,6.066
LANDIS,22,intensive,2082,445.745,53.281,499.026,6.062
LANDIS,22,intensive,2083,445.39,53.898,499.288,6.057
LANDIS,22,intensive,2084,444.98,54.506,499.486,6.052
LANDIS,22,intensive,2085,444.519,55.103,499.622,6.045
LANDIS,22,intensive,2086,444.008,55.69,499.698,6.039
LANDIS,22,intensive,2087,443.447,56.267,499.714,6.031
LANDIS,22,intensive,2088,442.837,56.834,499.671,6.023
LANDIS,22,intensive,2089,442.178,57.391,499.569,6.014
LANDIS,22,intensive,2090,441.473,57.937,499.41,6.004
LANDIS,22,intensive,2091,440.719,58.474,499.193,5.994
LANDIS,22,intensive,2092,439.92,59.001,498.921,5.983
LANDIS,22,intensive,2093,439.074,59.517,498.591,5.971
LANDIS,22,intensive,2094,438.184,60.024,498.208,5.959
LANDIS,22,intensive,2095,437.254,60.52,497.774,5.947
LANDIS,22,intensive,2096,436.286,61.007,497.293,5.934
LANDIS,22,intensive,2097,435.279,61.484,496.763,5.92
LANDIS,22,intensive,2098,434.236,61.951,496.187,5.906
LANDIS,22,intensive,2099,433.154,62.409,495.563,5.891
LANDIS,22,intensive,2100,432.036,62.856,494.893,5.876
LANDIS,23,reserve,2025,374.02,0,374.02,3.441
LANDIS,23,reserve,2026,380.756,0,380.756,3.503
LANDIS,23,reserve,2027,387.387,0,387.387,3.564
LANDIS,23,reserve,2028,393.903,0,393.903,3.624
LANDIS,23,reserve,2029,400.313,0,400.313,3.683
LANDIS,23,reserve,2030,406.61,0,406.61,3.741
LANDIS,23,reserve,2031,412.799,0,412.799,3.798
LANDIS,23,reserve,2032,418.901,0,418.901,3.854
LANDIS,23,reserve,2033,424.913,0,424.913,3.909
LANDIS,23,reserve,2034,430.826,0,430.826,3.964
LANDIS,23,reserve,2035,436.614,0,436.614,4.017
LANDIS,23,reserve,2036,442.276,0,442.276,4.069
LANDIS,23,reserve,2037,447.813,0,447.813,4.12
LANDIS,23,reserve,2038,453.227,0,453.227,4.17
LANDIS,23,reserve,2039,458.518,0,458.518,4.218
LANDIS,23,reserve,2040,463.685,0,463.685,4.266
LANDIS,23,reserve,2041,468.73,0,468.73,4.312
LANDIS,23,reserve,2042,473.652,0,473.652,4.358
LANDIS,23,reserve,2043,478.45,0,478.45,4.402
LANDIS,23,reserve,2044,483.143,0,483.143,4.445
LANDIS,23,reserve,2045,487.738,0,487.738,4.487
LANDIS,23,reserve,2046,492.235,0,492.235,4.529
LANDIS,23,reserve,2047,496.635,0,496.635,4.569
LANDIS,23,reserve,2048,500.938,0,500.938,4.609
LANDIS,23,reserve,2049,505.144,0,505.144,4.647
LANDIS,23,reserve,2050,509.252,0,509.252,4.685
LANDIS,23,reserve,2051,513.263,0,513.263,4.722
LANDIS,23,reserve,2052,517.177,0,517.177,4.758
LANDIS,23,reserve,2053,520.996,0,520.996,4.793
LANDIS,23,reserve,2054,524.716,0,524.716,4.827
LANDIS,23,reserve,2055,528.443,0,528.443,4.862
LANDIS,23,reserve,2056,532.178,0,532.178,4.896
LANDIS,23,reserve,2057,535.921,0,535.921,4.931
LANDIS,23,reserve,2058,539.672,0,539.672,4.965
LANDIS,23,reserve,2059,543.433,0,543.433,5
LANDIS,23,reserve,2060,547.203,0,547.203,5.034
LANDIS,23,reserve,2061,550.982,0,550.982,5.069
LANDIS,23,reserve,2062,554.772,0,554.772,5.104
LANDIS,23,reserve,2063,558.57,0,558.57,5.139
LANDIS,23,reserve,2064,562.377,0,562.377,5.174
LANDIS,23,reserve,2065,566.15,0,566.15,5.209
LANDIS,23,reserve,2066,569.888,0,569.888,5.243
LANDIS,23,reserve,2067,573.591,0,573.591,5.277
LANDIS,23,reserve,2068,577.257,0,577.257,5.311
LANDIS,23,reserve,2069,580.886,0,580.886,5.344
LANDIS,23,reserve,2070,584.478,0,584.478,5.377
LANDIS,23,reserve,2071,588.033,0,588.033,5.41
LANDIS,23,reserve,2072,591.552,0,591.552,5.442
LANDIS,23,reserve,2073,595.035,0,595.035,5.474
LANDIS,23,reserve,2074,598.482,0,598.482,5.506
LANDIS,23,reserve,2075,601.925,0,601.925,5.538
LANDIS,23,reserve,2076,605.366,0,605.366,5.569
LANDIS,23,reserve,2077,608.803,0,608.803,5.601
LANDIS,23,reserve,2078,612.237,0,612.237,5.633
LANDIS,23,reserve,2079,615.671,0,615.671,5.664
LANDIS,23,reserve,2080,619.105,0,619.105,5.696
LANDIS,23,reserve,2081,622.542,0,622.542,5.727
LANDIS,23,reserve,2082,625.983,0,625.983,5.759
LANDIS,23,reserve,2083,629.428,0,629.428,5.791
LANDIS,23,reserve,2084,632.879,0,632.879,5.823
LANDIS,23,reserve,2085,636.236,0,636.236,5.853
LANDIS,23,reserve,2086,639.498,0,639.498,5.883
LANDIS,23,reserve,2087,642.668,0,642.668,5.913
LANDIS,23,reserve,2088,645.743,0,645.743,5.941
LANDIS,23,reserve,2089,648.722,0,648.722,5.968
LANDIS,23,reserve,2090,651.604,0,651.604,5.995
LANDIS,23,reserve,2091,654.387,0,654.387,6.02
LANDIS,23,reserve,2092,657.07,0,657.07,6.045
LANDIS,23,reserve,2093,659.65,0,659.65,6.069
LANDIS,23,reserve,2094,662.129,0,662.129,6.092
LANDIS,23,reserve,2095,664.526,0,664.526,6.114
LANDIS,23,reserve,2096,666.843,0,666.843,6.135
LANDIS,23,reserve,2097,669.079,0,669.079,6.156
LANDIS,23,reserve,2098,671.234,0,671.234,6.175
LANDIS,23,reserve,2099,673.309,0,673.309,6.194
LANDIS,23,reserve,2100,675.304,0,675.304,6.213
LANDIS,23,BAU,2025,374.02,0,374.02,3.441
LANDIS,23,BAU,2026,380.62,0.068,380.688,3.502
LANDIS,23,BAU,2027,387.112,0.133,387.245,3.561
LANDIS,23,BAU,2028,393.487,0.194,393.681,3.62
LANDIS,23,BAU,2029,399.754,0.253,400.007,3.678
LANDIS,23,BAU,2030,405.905,0.31,406.215,3.734
LANDIS,23,BAU,2031,411.946,0.365,412.311,3.79
LANDIS,23,BAU,2032,417.898,0.419,418.317,3.845
LANDIS,23,BAU,2033,423.758,0.472,424.229,3.899
LANDIS,23,BAU,2034,429.516,0.523,430.04,3.952
LANDIS,23,BAU,2035,435.148,0.574,435.722,4.003
LANDIS,23,BAU,2036,440.651,0.624,441.275,4.054
LANDIS,23,BAU,2037,446.028,0.673,446.701,4.103
LANDIS,23,BAU,2038,451.279,0.722,452.001,4.152
LANDIS,23,BAU,2039,456.406,0.77,457.176,4.199
LANDIS,23,BAU,2040,461.407,0.818,462.225,4.245
LANDIS,23,BAU,2041,466.284,0.866,467.149,4.29
LANDIS,23,BAU,2042,471.036,0.913,471.948,4.334
LANDIS,23,BAU,2043,475.662,0.959,476.622,4.376
LANDIS,23,BAU,2044,480.182,1.006,481.188,4.418
LANDIS,23,BAU,2045,484.602,1.052,485.654,4.458
LANDIS,23,BAU,2046,488.922,1.098,490.02,4.498
LANDIS,23,BAU,2047,493.144,1.144,494.288,4.537
LANDIS,23,BAU,2048,497.268,1.189,498.457,4.575
LANDIS,23,BAU,2049,501.292,1.234,502.527,4.612
LANDIS,23,BAU,2050,505.218,1.279,506.497,4.648
LANDIS,23,BAU,2051,509.045,1.324,510.368,4.683
LANDIS,23,BAU,2052,512.773,1.368,514.141,4.718
LANDIS,23,BAU,2053,516.405,1.412,517.817,4.751
LANDIS,23,BAU,2054,519.937,1.456,521.393,4.783
LANDIS,23,BAU,2055,523.475,1.499,524.974,4.816
LANDIS,23,BAU,2056,527.019,1.543,528.562,4.849
LANDIS,23,BAU,2057,530.57,1.586,532.156,4.881
LANDIS,23,BAU,2058,534.128,1.628,535.756,4.914
LANDIS,23,BAU,2059,537.694,1.671,539.365,4.947
LANDIS,23,BAU,2060,541.268,1.713,542.982,4.98
LANDIS,23,BAU,2061,544.85,1.756,546.606,5.013
LANDIS,23,BAU,2062,548.442,1.798,550.239,5.046
LANDIS,23,BAU,2063,552.04,1.839,553.879,5.079
LANDIS,23,BAU,2064,555.646,1.881,557.527,5.112
LANDIS,23,BAU,2065,559.216,1.922,561.139,5.145
LANDIS,23,BAU,2066,562.751,1.964,564.714,5.177
LANDIS,23,BAU,2067,566.249,2.005,568.253,5.21
LANDIS,23,BAU,2068,569.708,2.046,571.754,5.241
LANDIS,23,BAU,2069,573.13,2.087,575.216,5.273
LANDIS,23,BAU,2070,576.513,2.127,578.64,5.304
LANDIS,23,BAU,2071,579.858,2.168,582.025,5.335
LANDIS,23,BAU,2072,583.166,2.208,585.373,5.365
LANDIS,23,BAU,2073,586.436,2.248,588.684,5.395
LANDIS,23,BAU,2074,589.67,2.288,591.957,5.425
LANDIS,23,BAU,2075,592.898,2.327,595.225,5.455
LANDIS,23,BAU,2076,596.123,2.367,598.49,5.484
LANDIS,23,BAU,2077,599.343,2.406,601.749,5.514
LANDIS,23,BAU,2078,602.558,2.445,605.004,5.544
LANDIS,23,BAU,2079,605.773,2.484,608.257,5.573
LANDIS,23,BAU,2080,608.986,2.523,611.509,5.603
LANDIS,23,BAU,2081,612.201,2.562,614.763,5.632
LANDIS,23,BAU,2082,615.419,2.6,618.019,5.662
LANDIS,23,BAU,2083,618.64,2.639,621.279,5.692
LANDIS,23,BAU,2084,621.865,2.677,624.542,5.721
LANDIS,23,BAU,2085,624.996,2.715,627.711,5.75
LANDIS,23,BAU,2086,628.03,2.753,630.783,5.778
LANDIS,23,BAU,2087,630.971,2.791,633.762,5.805
LANDIS,23,BAU,2088,633.816,2.828,636.645,5.831
LANDIS,23,BAU,2089,636.565,2.865,639.43,5.856
LANDIS,23,BAU,2090,639.215,2.903,642.117,5.881
LANDIS,23,BAU,2091,641.765,2.94,644.704,5.904
LANDIS,23,BAU,2092,644.214,2.976,647.19,5.927
LANDIS,23,BAU,2093,646.559,3.013,649.572,5.948
LANDIS,23,BAU,2094,648.803,3.049,651.852,5.969
LANDIS,23,BAU,2095,650.963,3.085,654.048,5.989
LANDIS,23,BAU,2096,653.043,3.121,656.164,6.008
LANDIS,23,BAU,2097,655.041,3.156,658.197,6.026
LANDIS,23,BAU,2098,656.958,3.191,660.149,6.044
LANDIS,23,BAU,2099,658.793,3.226,662.02,6.061
LANDIS,23,BAU,2100,660.548,3.261,663.809,6.077
LANDIS,23,conservation,2025,374.02,0,374.02,3.441
LANDIS,23,conservation,2026,380.7,0.028,380.728,3.502
LANDIS,23,conservation,2027,387.275,0.054,387.329,3.563
LANDIS,23,conservation,2028,393.733,0.079,393.813,3.622
LANDIS,23,conservation,2029,400.085,0.103,400.188,3.681
LANDIS,23,conservation,2030,406.323,0.126,406.449,3.738
LANDIS,23,conservation,2031,412.451,0.149,412.6,3.795
LANDIS,23,conservation,2032,418.492,0.171,418.663,3.85
LANDIS,23,conservation,2033,424.442,0.192,424.634,3.905
LANDIS,23,conservation,2034,430.292,0.213,430.505,3.959
LANDIS,23,conservation,2035,436.016,0.234,436.25,4.011
LANDIS,23,conservation,2036,441.613,0.255,441.868,4.063
LANDIS,23,conservation,2037,447.085,0.275,447.359,4.113
LANDIS,23,conservation,2038,452.432,0.295,452.727,4.162
LANDIS,23,conservation,2039,457.656,0.314,457.97,4.21
LANDIS,23,conservation,2040,462.755,0.334,463.089,4.257
LANDIS,23,conservation,2041,467.731,0.353,468.085,4.303
LANDIS,23,conservation,2042,472.584,0.373,472.957,4.348
LANDIS,23,conservation,2043,477.312,0.392,477.703,4.391
LANDIS,23,conservation,2044,481.934,0.411,482.345,4.434
LANDIS,23,conservation,2045,486.457,0.43,486.887,4.475
LANDIS,23,conservation,2046,490.882,0.449,491.331,4.516
LANDIS,23,conservation,2047,495.209,0.467,495.676,4.556
LANDIS,23,conservation,2048,499.439,0.486,499.924,4.595
LANDIS,23,conservation,2049,503.57,0.504,504.075,4.633
LANDIS,23,conservation,2050,507.604,0.523,508.126,4.67
LANDIS,23,conservation,2051,511.539,0.541,512.08,4.706
LANDIS,23,conservation,2052,515.377,0.559,515.936,4.741
LANDIS,23,conservation,2053,519.12,0.577,519.697,4.776
LANDIS,23,conservation,2054,522.763,0.595,523.358,4.809
LANDIS,23,conservation,2055,526.412,0.613,527.025,4.843
LANDIS,23,conservation,2056,530.069,0.631,530.7,4.877
LANDIS,23,conservation,2057,533.733,0.649,534.382,4.91
LANDIS,23,conservation,2058,537.405,0.666,538.071,4.944
LANDIS,23,conservation,2059,541.086,0.684,541.77,4.978
LANDIS,23,conservation,2060,544.776,0.701,545.477,5.012
LANDIS,23,conservation,2061,548.474,0.718,549.192,5.046
LANDIS,23,conservation,2062,552.182,0.736,552.918,5.08
LANDIS,23,conservation,2063,555.898,0.753,556.651,5.114
LANDIS,23,conservation,2064,559.623,0.77,560.393,5.149
LANDIS,23,conservation,2065,563.313,0.787,564.1,5.183
LANDIS,23,conservation,2066,566.967,0.804,567.771,5.216
LANDIS,23,conservation,2067,570.586,0.821,571.407,5.249
LANDIS,23,conservation,2068,574.167,0.838,575.005,5.282
LANDIS,23,conservation,2069,577.711,0.855,578.566,5.315
LANDIS,23,conservation,2070,581.217,0.871,582.089,5.347
LANDIS,23,conservation,2071,584.686,0.888,585.574,5.379
LANDIS,23,conservation,2072,588.118,0.905,589.023,5.411
LANDIS,23,conservation,2073,591.514,0.921,592.435,5.442
LANDIS,23,conservation,2074,594.873,0.938,595.81,5.473
LANDIS,23,conservation,2075,598.227,0.954,599.181,5.504
LANDIS,23,conservation,2076,601.58,0.97,602.55,5.535
LANDIS,23,conservation,2077,604.927,0.987,605.914,5.565
LANDIS,23,conservation,2078,608.271,1.003,609.274,5.596
LANDIS,23,conservation,2079,611.615,1.019,612.634,5.627
LANDIS,23,conservation,2080,614.958,1.035,615.993,5.658
LANDIS,23,conservation,2081,618.304,1.051,619.355,5.688
LANDIS,23,conservation,2082,621.653,1.067,622.72,5.719
LANDIS,23,conservation,2083,625.006,1.083,626.088,5.75
LANDIS,23,conservation,2084,628.364,1.098,629.462,5.781
LANDIS,23,conservation,2085,631.628,1.114,632.742,5.811
LANDIS,23,conservation,2086,634.796,1.13,635.926,5.84
LANDIS,23,conservation,2087,637.872,1.146,639.017,5.868
LANDIS,23,conservation,2088,640.852,1.161,642.013,5.896
LANDIS,23,conservation,2089,643.736,1.177,644.912,5.922
LANDIS,23,conservation,2090,646.522,1.192,647.714,5.948
LANDIS,23,conservation,2091,649.209,1.207,650.416,5.973
LANDIS,23,conservation,2092,651.796,1.222,653.018,5.997
LANDIS,23,conservation,2093,654.279,1.238,655.516,6.019
LANDIS,23,conservation,2094,656.661,1.253,657.913,6.041
LANDIS,23,conservation,2095,658.96,1.268,660.228,6.062
LANDIS,23,conservation,2096,661.179,1.282,662.462,6.083
LANDIS,23,conservation,2097,663.317,1.297,664.614,6.103
LANDIS,23,conservation,2098,665.374,1.312,666.685,6.121
LANDIS,23,conservation,2099,667.35,1.326,668.676,6.14
LANDIS,23,conservation,2100,669.246,1.341,670.586,6.157
LANDIS,23,intensive,2025,374.02,0,374.02,3.441
LANDIS,23,intensive,2026,380.406,0.175,380.581,3.5
LANDIS,23,intensive,2027,386.682,0.34,387.022,3.557
LANDIS,23,intensive,2028,392.836,0.498,393.334,3.614
LANDIS,23,intensive,2029,398.879,0.649,399.528,3.67
LANDIS,23,intensive,2030,404.803,0.795,405.598,3.724
LANDIS,23,intensive,2031,410.613,0.936,411.549,3.778
LANDIS,23,intensive,2032,416.331,1.073,417.405,3.83
LANDIS,23,intensive,2033,421.954,1.208,423.162,3.882
LANDIS,23,intensive,2034,427.473,1.339,428.812,3.933
LANDIS,23,intensive,2035,432.861,1.469,434.329,3.982
LANDIS,23,intensive,2036,438.118,1.596,439.714,4.031
LANDIS,23,intensive,2037,443.246,1.722,444.967,4.078
LANDIS,23,intensive,2038,448.245,1.846,450.091,4.124
LANDIS,23,intensive,2039,453.117,1.969,455.086,4.169
LANDIS,23,intensive,2040,457.86,2.091,459.951,4.212
LANDIS,23,intensive,2041,462.477,2.211,464.688,4.255
LANDIS,23,intensive,2042,466.967,2.331,469.298,4.296
LANDIS,23,intensive,2043,471.328,2.45,473.778,4.336
LANDIS,23,intensive,2044,475.581,2.568,478.148,4.375
LANDIS,23,intensive,2045,479.731,2.685,482.416,4.414
LANDIS,23,intensive,2046,483.779,2.801,486.58,4.451
LANDIS,23,intensive,2047,487.727,2.917,490.643,4.487
LANDIS,23,intensive,2048,491.574,3.031,494.605,4.523
LANDIS,23,intensive,2049,495.32,3.145,498.466,4.557
LANDIS,23,intensive,2050,498.965,3.259,502.224,4.591
LANDIS,23,intensive,2051,502.51,3.371,505.881,4.623
LANDIS,23,intensive,2052,505.954,3.483,509.437,4.655
LANDIS,23,intensive,2053,509.3,3.594,512.894,4.686
LANDIS,23,intensive,2054,512.544,3.704,516.248,4.715
LANDIS,23,intensive,2055,515.791,3.814,519.605,4.745
LANDIS,23,intensive,2056,519.044,3.923,522.967,4.775
LANDIS,23,intensive,2057,522.302,4.031,526.333,4.805
LANDIS,23,intensive,2058,525.564,4.139,529.703,4.835
LANDIS,23,intensive,2059,528.834,4.246,533.08,4.865
LANDIS,23,intensive,2060,532.11,4.352,536.462,4.895
LANDIS,23,intensive,2061,535.391,4.458,539.849,4.926
LANDIS,23,intensive,2062,538.68,4.563,543.244,4.956
LANDIS,23,intensive,2063,541.975,4.668,546.643,4.986
LANDIS,23,intensive,2064,545.275,4.772,550.047,5.017
LANDIS,23,intensive,2065,548.538,4.876,553.414,5.047
LANDIS,23,intensive,2066,551.763,4.979,556.742,5.076
LANDIS,23,intensive,2067,554.95,5.082,560.032,5.106
LANDIS,23,intensive,2068,558.098,5.184,563.281,5.135
LANDIS,23,intensive,2069,561.205,5.286,566.49,5.163
LANDIS,23,intensive,2070,564.272,5.387,569.659,5.191
LANDIS,23,intensive,2071,567.299,5.487,572.787,5.219
LANDIS,23,intensive,2072,570.288,5.588,575.876,5.247
LANDIS,23,intensive,2073,573.238,5.687,578.925,5.274
LANDIS,23,intensive,2074,576.149,5.786,581.935,5.301
LANDIS,23,intensive,2075,579.053,5.885,584.938,5.327
LANDIS,23,intensive,2076,581.953,5.983,587.936,5.354
LANDIS,23,intensive,2077,584.846,6.08,590.926,5.381
LANDIS,23,intensive,2078,587.733,6.178,593.91,5.407
LANDIS,23,intensive,2079,590.617,6.274,596.891,5.434
LANDIS,23,intensive,2080,593.499,6.37,599.869,5.46
LANDIS,23,intensive,2081,596.381,6.466,602.847,5.487
LANDIS,23,intensive,2082,599.264,6.561,605.825,5.513
LANDIS,23,intensive,2083,602.149,6.656,608.805,5.54
LANDIS,23,intensive,2084,605.037,6.75,611.787,5.566
LANDIS,23,intensive,2085,607.828,6.844,614.672,5.592
LANDIS,23,intensive,2086,610.522,6.937,617.459,5.617
LANDIS,23,intensive,2087,613.121,7.03,620.151,5.641
LANDIS,23,intensive,2088,615.623,7.123,622.745,5.664
LANDIS,23,intensive,2089,618.026,7.214,625.241,5.686
LANDIS,23,intensive,2090,620.33,7.306,627.636,5.707
LANDIS,23,intensive,2091,622.533,7.396,629.93,5.727
LANDIS,23,intensive,2092,624.634,7.486,632.121,5.747
LANDIS,23,intensive,2093,626.63,7.576,634.206,5.765
LANDIS,23,intensive,2094,628.523,7.665,636.188,5.782
LANDIS,23,intensive,2095,630.333,7.753,638.085,5.799
LANDIS,23,intensive,2096,632.06,7.84,639.9,5.815
LANDIS,23,intensive,2097,633.705,7.926,641.632,5.83
LANDIS,23,intensive,2098,635.268,8.012,643.28,5.844
LANDIS,23,intensive,2099,636.749,8.097,644.846,5.858
LANDIS,23,intensive,2100,638.149,8.182,646.33,5.871
LANDIS,24,reserve,2025,96.25,0,96.25,3.417
LANDIS,24,reserve,2026,98.944,0,98.944,3.513
LANDIS,24,reserve,2027,101.645,0,101.645,3.608
LANDIS,24,reserve,2028,104.353,0,104.353,3.705
LANDIS,24,reserve,2029,107.069,0,107.069,3.801
LANDIS,24,reserve,2030,109.792,0,109.792,3.898
LANDIS,24,reserve,2031,112.522,0,112.522,3.995
LANDIS,24,reserve,2032,115.261,0,115.261,4.092
LANDIS,24,reserve,2033,118.007,0,118.007,4.189
LANDIS,24,reserve,2034,120.761,0,120.761,4.287
LANDIS,24,reserve,2035,123.507,0,123.507,4.385
LANDIS,24,reserve,2036,126.247,0,126.247,4.482
LANDIS,24,reserve,2037,128.979,0,128.979,4.579
LANDIS,24,reserve,2038,131.704,0,131.704,4.676
LANDIS,24,reserve,2039,134.422,0,134.422,4.772
LANDIS,24,reserve,2040,137.134,0,137.134,4.868
LANDIS,24,reserve,2041,139.84,0,139.84,4.964
LANDIS,24,reserve,2042,142.539,0,142.539,5.06
LANDIS,24,reserve,2043,145.233,0,145.233,5.156
LANDIS,24,reserve,2044,147.92,0,147.92,5.251
LANDIS,24,reserve,2045,150.591,0,150.591,5.346
LANDIS,24,reserve,2046,153.247,0,153.247,5.44
LANDIS,24,reserve,2047,155.888,0,155.888,5.534
LANDIS,24,reserve,2048,158.513,0,158.513,5.627
LANDIS,24,reserve,2049,161.123,0,161.123,5.72
LANDIS,24,reserve,2050,163.718,0,163.718,5.812
LANDIS,24,reserve,2051,166.298,0,166.298,5.904
LANDIS,24,reserve,2052,168.864,0,168.864,5.995
LANDIS,24,reserve,2053,171.415,0,171.415,6.085
LANDIS,24,reserve,2054,173.952,0,173.952,6.175
LANDIS,24,reserve,2055,176.469,0,176.469,6.265
LANDIS,24,reserve,2056,178.967,0,178.967,6.353
LANDIS,24,reserve,2057,181.444,0,181.444,6.441
LANDIS,24,reserve,2058,183.902,0,183.902,6.529
LANDIS,24,reserve,2059,186.341,0,186.341,6.615
LANDIS,24,reserve,2060,188.76,0,188.76,6.701
LANDIS,24,reserve,2061,191.16,0,191.16,6.786
LANDIS,24,reserve,2062,193.541,0,193.541,6.871
LANDIS,24,reserve,2063,195.904,0,195.904,6.955
LANDIS,24,reserve,2064,198.247,0,198.247,7.038
LANDIS,24,reserve,2065,200.569,0,200.569,7.12
LANDIS,24,reserve,2066,202.869,0,202.869,7.202
LANDIS,24,reserve,2067,205.147,0,205.147,7.283
LANDIS,24,reserve,2068,207.403,0,207.403,7.363
LANDIS,24,reserve,2069,209.638,0,209.638,7.442
LANDIS,24,reserve,2070,211.851,0,211.851,7.521
LANDIS,24,reserve,2071,214.043,0,214.043,7.599
LANDIS,24,reserve,2072,216.214,0,216.214,7.676
LANDIS,24,reserve,2073,218.364,0,218.364,7.752
LANDIS,24,reserve,2074,220.493,0,220.493,7.828
LANDIS,24,reserve,2075,222.6,0,222.6,7.902
LANDIS,24,reserve,2076,224.684,0,224.684,7.976
LANDIS,24,reserve,2077,226.746,0,226.746,8.05
LANDIS,24,reserve,2078,228.787,0,228.787,8.122
LANDIS,24,reserve,2079,230.806,0,230.806,8.194
LANDIS,24,reserve,2080,232.803,0,232.803,8.265
LANDIS,24,reserve,2081,234.778,0,234.778,8.335
LANDIS,24,reserve,2082,236.732,0,236.732,8.404
LANDIS,24,reserve,2083,238.664,0,238.664,8.473
LANDIS,24,reserve,2084,240.574,0,240.574,8.54
LANDIS,24,reserve,2085,242.463,0,242.463,8.608
LANDIS,24,reserve,2086,244.33,0,244.33,8.674
LANDIS,24,reserve,2087,246.176,0,246.176,8.739
LANDIS,24,reserve,2088,248,0,248,8.804
LANDIS,24,reserve,2089,249.803,0,249.803,8.868
LANDIS,24,reserve,2090,251.584,0,251.584,8.931
LANDIS,24,reserve,2091,253.344,0,253.344,8.994
LANDIS,24,reserve,2092,255.083,0,255.083,9.056
LANDIS,24,reserve,2093,256.8,0,256.8,9.116
LANDIS,24,reserve,2094,258.496,0,258.496,9.177
LANDIS,24,reserve,2095,260.172,0,260.172,9.236
LANDIS,24,reserve,2096,261.828,0,261.828,9.295
LANDIS,24,reserve,2097,263.463,0,263.463,9.353
LANDIS,24,reserve,2098,265.079,0,265.079,9.41
LANDIS,24,reserve,2099,266.674,0,266.674,9.467
LANDIS,24,reserve,2100,268.249,0,268.249,9.523
LANDIS,24,BAU,2025,96.25,0,96.25,3.417
LANDIS,24,BAU,2026,98.894,0.025,98.919,3.511
LANDIS,24,BAU,2027,101.545,0.048,101.593,3.605
LANDIS,24,BAU,2028,104.2,0.071,104.272,3.699
LANDIS,24,BAU,2029,106.863,0.093,106.956,3.794
LANDIS,24,BAU,2030,109.531,0.115,109.646,3.888
LANDIS,24,BAU,2031,112.204,0.136,112.341,3.983
LANDIS,24,BAU,2032,114.885,0.157,115.043,4.078
LANDIS,24,BAU,2033,117.572,0.178,117.75,4.174
LANDIS,24,BAU,2034,120.266,0.198,120.464,4.269
LANDIS,24,BAU,2035,122.95,0.219,123.169,4.365
LANDIS,24,BAU,2036,125.627,0.239,125.866,4.46
LANDIS,24,BAU,2037,128.294,0.26,128.554,4.554
LANDIS,24,BAU,2038,130.953,0.28,131.233,4.649
LANDIS,24,BAU,2039,133.603,0.3,133.904,4.743
LANDIS,24,BAU,2040,136.247,0.321,136.568,4.837
LANDIS,24,BAU,2041,138.883,0.341,139.224,4.93
LANDIS,24,BAU,2042,141.51,0.362,141.872,5.024
LANDIS,24,BAU,2043,144.131,0.383,144.514,5.117
LANDIS,24,BAU,2044,146.744,0.404,147.148,5.209
LANDIS,24,BAU,2045,149.339,0.424,149.764,5.302
LANDIS,24,BAU,2046,151.919,0.445,152.364,5.393
LANDIS,24,BAU,2047,154.481,0.467,154.948,5.484
LANDIS,24,BAU,2048,157.027,0.488,157.515,5.575
LANDIS,24,BAU,2049,159.556,0.509,160.065,5.664
LANDIS,24,BAU,2050,162.069,0.53,162.599,5.753
LANDIS,24,BAU,2051,164.565,0.552,165.117,5.842
LANDIS,24,BAU,2052,167.047,0.574,167.62,5.93
LANDIS,24,BAU,2053,169.512,0.595,170.107,6.018
LANDIS,24,BAU,2054,171.961,0.617,172.578,6.105
LANDIS,24,BAU,2055,174.39,0.639,175.029,6.191
LANDIS,24,BAU,2056,176.798,0.661,177.459,6.276
LANDIS,24,BAU,2057,179.184,0.683,179.867,6.361
LANDIS,24,BAU,2058,181.55,0.705,182.255,6.445
LANDIS,24,BAU,2059,183.895,0.727,184.622,6.528
LANDIS,24,BAU,2060,186.22,0.749,186.969,6.611
LANDIS,24,BAU,2061,188.524,0.772,189.295,6.693
LANDIS,24,BAU,2062,190.808,0.794,191.602,6.774
LANDIS,24,BAU,2063,193.073,0.816,193.889,6.854
LANDIS,24,BAU,2064,195.316,0.839,196.155,6.934
LANDIS,24,BAU,2065,197.538,0.861,198.399,7.013
LANDIS,24,BAU,2066,199.736,0.884,200.62,7.091
LANDIS,24,BAU,2067,201.911,0.907,202.818,7.168
LANDIS,24,BAU,2068,204.063,0.929,204.992,7.244
LANDIS,24,BAU,2069,206.193,0.952,207.145,7.32
LANDIS,24,BAU,2070,208.3,0.975,209.275,7.395
LANDIS,24,BAU,2071,210.385,0.997,211.382,7.469
LANDIS,24,BAU,2072,212.447,1.02,213.468,7.542
LANDIS,24,BAU,2073,214.488,1.043,215.531,7.614
LANDIS,24,BAU,2074,216.507,1.066,217.572,7.686
LANDIS,24,BAU,2075,218.502,1.088,219.591,7.757
LANDIS,24,BAU,2076,220.474,1.111,221.585,7.827
LANDIS,24,BAU,2077,222.422,1.134,223.556,7.896
LANDIS,24,BAU,2078,224.349,1.157,225.506,7.964
LANDIS,24,BAU,2079,226.252,1.18,227.432,8.032
LANDIS,24,BAU,2080,228.133,1.202,229.335,8.099
LANDIS,24,BAU,2081,229.99,1.225,231.215,8.165
LANDIS,24,BAU,2082,231.826,1.248,233.074,8.23
LANDIS,24,BAU,2083,233.639,1.271,234.909,8.294
LANDIS,24,BAU,2084,235.428,1.293,236.722,8.358
LANDIS,24,BAU,2085,237.196,1.316,238.512,8.421
LANDIS,24,BAU,2086,238.941,1.339,240.28,8.482
LANDIS,24,BAU,2087,240.664,1.361,242.025,8.544
LANDIS,24,BAU,2088,242.364,1.384,243.748,8.604
LANDIS,24,BAU,2089,244.042,1.406,245.449,8.664
LANDIS,24,BAU,2090,245.698,1.429,247.127,8.722
LANDIS,24,BAU,2091,247.331,1.451,248.783,8.78
LANDIS,24,BAU,2092,248.943,1.474,250.417,8.838
LANDIS,24,BAU,2093,250.532,1.496,252.028,8.894
LANDIS,24,BAU,2094,252.099,1.518,253.617,8.95
LANDIS,24,BAU,2095,253.645,1.541,255.186,9.004
LANDIS,24,BAU,2096,255.17,1.563,256.733,9.059
LANDIS,24,BAU,2097,256.674,1.585,258.259,9.112
LANDIS,24,BAU,2098,258.158,1.607,259.765,9.165
LANDIS,24,BAU,2099,259.62,1.629,261.249,9.217
LANDIS,24,BAU,2100,261.061,1.651,262.712,9.268
LANDIS,24,conservation,2025,96.25,0,96.25,3.417
LANDIS,24,conservation,2026,98.925,0.01,98.934,3.512
LANDIS,24,conservation,2027,101.605,0.019,101.625,3.607
LANDIS,24,conservation,2028,104.293,0.028,104.321,3.702
LANDIS,24,conservation,2029,106.988,0.037,107.025,3.798
LANDIS,24,conservation,2030,109.689,0.045,109.734,3.894
LANDIS,24,conservation,2031,112.397,0.054,112.451,3.99
LANDIS,24,conservation,2032,115.113,0.062,115.175,4.087
LANDIS,24,conservation,2033,117.836,0.07,117.906,4.183
LANDIS,24,conservation,2034,120.566,0.078,120.644,4.28
LANDIS,24,conservation,2035,123.288,0.086,123.374,4.377
LANDIS,24,conservation,2036,126.003,0.094,126.097,4.473
LANDIS,24,conservation,2037,128.709,0.102,128.811,4.569
LANDIS,24,conservation,2038,131.408,0.11,131.518,4.665
LANDIS,24,conservation,2039,134.099,0.118,134.218,4.761
LANDIS,24,conservation,2040,136.784,0.127,136.911,4.856
LANDIS,24,conservation,2041,139.463,0.135,139.597,4.951
LANDIS,24,conservation,2042,142.133,0.143,142.276,5.046
LANDIS,24,conservation,2043,144.799,0.151,144.95,5.14
LANDIS,24,conservation,2044,147.456,0.159,147.615,5.235
LANDIS,24,conservation,2045,150.097,0.167,150.265,5.328
LANDIS,24,conservation,2046,152.723,0.176,152.899,5.422
LANDIS,24,conservation,2047,155.333,0.184,155.517,5.514
LANDIS,24,conservation,2048,157.927,0.193,158.119,5.606
LANDIS,24,conservation,2049,160.505,0.201,160.706,5.698
LANDIS,24,conservation,2050,163.067,0.209,163.277,5.789
LANDIS,24,conservation,2051,165.614,0.218,165.832,5.879
LANDIS,24,conservation,2052,168.147,0.227,168.373,5.969
LANDIS,24,conservation,2053,170.663,0.235,170.899,6.059
LANDIS,24,conservation,2054,173.166,0.244,173.41,6.147
LANDIS,24,conservation,2055,175.648,0.252,175.9,6.236
LANDIS,24,conservation,2056,178.11,0.261,178.371,6.323
LANDIS,24,conservation,2057,180.551,0.27,180.821,6.41
LANDIS,24,conservation,2058,182.973,0.279,183.251,6.496
LANDIS,24,conservation,2059,185.375,0.287,185.662,6.581
LANDIS,24,conservation,2060,187.756,0.296,188.052,6.665
LANDIS,24,conservation,2061,190.118,0.305,190.423,6.749
LANDIS,24,conservation,2062,192.461,0.314,192.775,6.832
LANDIS,24,conservation,2063,194.785,0.323,195.108,6.915
LANDIS,24,conservation,2064,197.088,0.332,197.42,6.997
LANDIS,24,conservation,2065,199.37,0.341,199.711,7.078
LANDIS,24,conservation,2066,201.63,0.35,201.98,7.158
LANDIS,24,conservation,2067,203.867,0.359,204.226,7.237
LANDIS,24,conservation,2068,206.082,0.368,206.45,7.316
LANDIS,24,conservation,2069,208.275,0.377,208.652,7.394
LANDIS,24,conservation,2070,210.446,0.386,210.832,7.471
LANDIS,24,conservation,2071,212.595,0.395,212.99,7.547
LANDIS,24,conservation,2072,214.723,0.404,215.127,7.623
LANDIS,24,conservation,2073,216.83,0.413,217.243,7.698
LANDIS,24,conservation,2074,218.915,0.422,219.337,7.772
LANDIS,24,conservation,2075,220.977,0.431,221.409,7.845
LANDIS,24,conservation,2076,223.017,0.44,223.457,7.917
LANDIS,24,conservation,2077,225.034,0.45,225.483,7.989
LANDIS,24,conservation,2078,227.029,0.459,227.488,8.06
LANDIS,24,conservation,2079,229.002,0.468,229.47,8.13
LANDIS,24,conservation,2080,230.953,0.477,231.429,8.199
LANDIS,24,conservation,2081,232.881,0.486,233.367,8.267
LANDIS,24,conservation,2082,234.788,0.495,235.283,8.335
LANDIS,24,conservation,2083,236.672,0.504,237.176,8.402
LANDIS,24,conservation,2084,238.534,0.513,239.047,8.468
LANDIS,24,conservation,2085,240.375,0.522,240.897,8.533
LANDIS,24,conservation,2086,242.193,0.531,242.725,8.598
LANDIS,24,conservation,2087,243.99,0.54,244.531,8.662
LANDIS,24,conservation,2088,245.765,0.55,246.314,8.725
LANDIS,24,conservation,2089,247.518,0.559,248.077,8.787
LANDIS,24,conservation,2090,249.249,0.568,249.816,8.848
LANDIS,24,conservation,2091,250.958,0.577,251.535,8.909
LANDIS,24,conservation,2092,252.647,0.586,253.232,8.969
LANDIS,24,conservation,2093,254.312,0.595,254.907,9.028
LANDIS,24,conservation,2094,255.957,0.604,256.56,9.087
LANDIS,24,conservation,2095,257.581,0.612,258.194,9.144
LANDIS,24,conservation,2096,259.185,0.621,259.806,9.201
LANDIS,24,conservation,2097,260.767,0.63,261.398,9.257
LANDIS,24,conservation,2098,262.331,0.639,262.97,9.313
LANDIS,24,conservation,2099,263.873,0.648,264.521,9.368
LANDIS,24,conservation,2100,265.394,0.657,266.051,9.422
LANDIS,24,intensive,2025,96.25,0,96.25,3.417
LANDIS,24,intensive,2026,98.821,0.061,98.883,3.508
LANDIS,24,intensive,2027,101.396,0.12,101.516,3.6
LANDIS,24,intensive,2028,103.975,0.176,104.151,3.691
LANDIS,24,intensive,2029,106.558,0.231,106.79,3.783
LANDIS,24,intensive,2030,109.146,0.285,109.43,3.875
LANDIS,24,intensive,2031,111.736,0.337,112.073,3.967
LANDIS,24,intensive,2032,114.333,0.389,114.721,4.059
LANDIS,24,intensive,2033,116.933,0.439,117.373,4.151
LANDIS,24,intensive,2034,119.538,0.49,120.028,4.244
LANDIS,24,intensive,2035,122.132,0.54,122.672,4.336
LANDIS,24,intensive,2036,124.716,0.59,125.306,4.427
LANDIS,24,intensive,2037,127.289,0.64,127.929,4.519
LANDIS,24,intensive,2038,129.852,0.69,130.542,4.61
LANDIS,24,intensive,2039,132.404,0.74,133.145,4.7
LANDIS,24,intensive,2040,134.947,0.791,135.738,4.791
LANDIS,24,intensive,2041,137.481,0.841,138.322,4.881
LANDIS,24,intensive,2042,140.005,0.891,140.896,4.97
LANDIS,24,intensive,2043,142.52,0.942,143.462,5.059
LANDIS,24,intensive,2044,145.026,0.993,146.018,5.148
LANDIS,24,intensive,2045,147.512,1.044,148.555,5.237
LANDIS,24,intensive,2046,149.98,1.095,151.074,5.324
LANDIS,24,intensive,2047,152.429,1.146,153.576,5.411
LANDIS,24,intensive,2048,154.86,1.198,156.058,5.498
LANDIS,24,intensive,2049,157.273,1.25,158.522,5.583
LANDIS,24,intensive,2050,159.667,1.302,160.969,5.668
LANDIS,24,intensive,2051,162.044,1.354,163.398,5.753
LANDIS,24,intensive,2052,164.403,1.406,165.809,5.836
LANDIS,24,intensive,2053,166.744,1.459,168.203,5.919
LANDIS,24,intensive,2054,169.069,1.512,170.581,6.002
LANDIS,24,intensive,2055,171.37,1.565,172.935,6.084
LANDIS,24,intensive,2056,173.65,1.618,175.268,6.165
LANDIS,24,intensive,2057,175.905,1.671,177.577,6.245
LANDIS,24,intensive,2058,178.139,1.725,179.864,6.324
LANDIS,24,intensive,2059,180.351,1.778,182.129,6.403
LANDIS,24,intensive,2060,182.54,1.832,184.372,6.48
LANDIS,24,intensive,2061,184.707,1.886,186.593,6.557
LANDIS,24,intensive,2062,186.853,1.94,188.793,6.633
LANDIS,24,intensive,2063,188.977,1.994,190.972,6.709
LANDIS,24,intensive,2064,191.08,2.048,193.128,6.783
LANDIS,24,intensive,2065,193.158,2.102,195.26,6.857
LANDIS,24,intensive,2066,195.212,2.157,197.368,6.93
LANDIS,24,intensive,2067,197.241,2.211,199.452,7.002
LANDIS,24,intensive,2068,199.245,2.266,201.511,7.073
LANDIS,24,intensive,2069,201.226,2.32,203.546,7.144
LANDIS,24,intensive,2070,203.183,2.374,205.557,7.213
LANDIS,24,intensive,2071,205.116,2.429,207.545,7.282
LANDIS,24,intensive,2072,207.025,2.484,209.509,7.349
LANDIS,24,intensive,2073,208.911,2.538,211.449,7.416
LANDIS,24,intensive,2074,210.774,2.593,213.366,7.483
LANDIS,24,intensive,2075,212.612,2.647,215.259,7.548
LANDIS,24,intensive,2076,214.425,2.701,217.126,7.612
LANDIS,24,intensive,2077,216.214,2.756,218.969,7.676
LANDIS,24,intensive,2078,217.979,2.81,220.789,7.738
LANDIS,24,intensive,2079,219.72,2.865,222.585,7.8
LANDIS,24,intensive,2080,221.437,2.919,224.356,7.861
LANDIS,24,intensive,2081,223.129,2.973,226.103,7.921
LANDIS,24,intensive,2082,224.799,3.027,227.826,7.98
LANDIS,24,intensive,2083,226.444,3.081,229.526,8.039
LANDIS,24,intensive,2084,228.066,3.135,231.201,8.096
LANDIS,24,intensive,2085,229.664,3.189,232.853,8.153
LANDIS,24,intensive,2086,231.238,3.243,234.481,8.209
LANDIS,24,intensive,2087,232.789,3.296,236.085,8.264
LANDIS,24,intensive,2088,234.316,3.35,237.666,8.318
LANDIS,24,intensive,2089,235.821,3.403,239.224,8.372
LANDIS,24,intensive,2090,237.301,3.456,240.757,8.424
LANDIS,24,intensive,2091,238.758,3.509,242.268,8.476
LANDIS,24,intensive,2092,240.193,3.562,243.755,8.527
LANDIS,24,intensive,2093,241.604,3.615,245.219,8.577
LANDIS,24,intensive,2094,242.992,3.668,246.659,8.626
LANDIS,24,intensive,2095,244.358,3.72,248.078,8.675
LANDIS,24,intensive,2096,245.702,3.772,249.475,8.722
LANDIS,24,intensive,2097,247.024,3.824,250.848,8.769
LANDIS,24,intensive,2098,248.325,3.876,252.201,8.816
LANDIS,24,intensive,2099,249.604,3.928,253.531,8.861
LANDIS,24,intensive,2100,250.86,3.979,254.839,8.906
LANDIS,25,reserve,2025,112.19,0,112.19,2.715
LANDIS,25,reserve,2026,115.397,0,115.397,2.793
LANDIS,25,reserve,2027,118.588,0,118.588,2.87
LANDIS,25,reserve,2028,121.764,0,121.764,2.947
LANDIS,25,reserve,2029,124.923,0,124.923,3.023
LANDIS,25,reserve,2030,128.065,0,128.065,3.099
LANDIS,25,reserve,2031,131.194,0,131.194,3.175
LANDIS,25,reserve,2032,134.302,0,134.302,3.25
LANDIS,25,reserve,2033,137.398,0,137.398,3.325
LANDIS,25,reserve,2034,140.484,0,140.484,3.4
LANDIS,25,reserve,2035,143.531,0,143.531,3.473
LANDIS,25,reserve,2036,146.54,0,146.54,3.546
LANDIS,25,reserve,2037,149.511,0,149.511,3.618
LANDIS,25,reserve,2038,152.444,0,152.444,3.689
LANDIS,25,reserve,2039,155.34,0,155.34,3.759
LANDIS,25,reserve,2040,158.199,0,158.199,3.828
LANDIS,25,reserve,2041,161.021,0,161.021,3.897
LANDIS,25,reserve,2042,163.807,0,163.807,3.964
LANDIS,25,reserve,2043,166.557,0,166.557,4.031
LANDIS,25,reserve,2044,169.27,0,169.27,4.096
LANDIS,25,reserve,2045,171.965,0,171.965,4.162
LANDIS,25,reserve,2046,174.64,0,174.64,4.226
LANDIS,25,reserve,2047,177.296,0,177.296,4.291
LANDIS,25,reserve,2048,179.933,0,179.933,4.354
LANDIS,25,reserve,2049,182.552,0,182.552,4.418
LANDIS,25,reserve,2050,185.151,0,185.151,4.481
LANDIS,25,reserve,2051,187.732,0,187.732,4.543
LANDIS,25,reserve,2052,190.294,0,190.294,4.605
LANDIS,25,reserve,2053,192.837,0,192.837,4.667
LANDIS,25,reserve,2054,195.361,0,195.361,4.728
LANDIS,25,reserve,2055,197.874,0,197.874,4.789
LANDIS,25,reserve,2056,200.375,0,200.375,4.849
LANDIS,25,reserve,2057,202.864,0,202.864,4.909
LANDIS,25,reserve,2058,205.342,0,205.342,4.969
LANDIS,25,reserve,2059,207.808,0,207.808,5.029
LANDIS,25,reserve,2060,210.262,0,210.262,5.088
LANDIS,25,reserve,2061,212.705,0,212.705,5.147
LANDIS,25,reserve,2062,215.137,0,215.137,5.206
LANDIS,25,reserve,2063,217.558,0,217.558,5.265
LANDIS,25,reserve,2064,219.967,0,219.967,5.323
LANDIS,25,reserve,2065,222.356,0,222.356,5.381
LANDIS,25,reserve,2066,224.726,0,224.726,5.438
LANDIS,25,reserve,2067,227.076,0,227.076,5.495
LANDIS,25,reserve,2068,229.406,0,229.406,5.552
LANDIS,25,reserve,2069,231.717,0,231.717,5.608
LANDIS,25,reserve,2070,234.009,0,234.009,5.663
LANDIS,25,reserve,2071,236.28,0,236.28,5.718
LANDIS,25,reserve,2072,238.533,0,238.533,5.773
LANDIS,25,reserve,2073,240.766,0,240.766,5.827
LANDIS,25,reserve,2074,242.981,0,242.981,5.88
LANDIS,25,reserve,2075,245.172,0,245.172,5.933
LANDIS,25,reserve,2076,247.339,0,247.339,5.986
LANDIS,25,reserve,2077,249.484,0,249.484,6.038
LANDIS,25,reserve,2078,251.605,0,251.605,6.089
LANDIS,25,reserve,2079,253.704,0,253.704,6.14
LANDIS,25,reserve,2080,255.779,0,255.779,6.19
LANDIS,25,reserve,2081,257.832,0,257.832,6.24
LANDIS,25,reserve,2082,259.863,0,259.863,6.289
LANDIS,25,reserve,2083,261.87,0,261.87,6.337
LANDIS,25,reserve,2084,263.855,0,263.855,6.385
LANDIS,25,reserve,2085,265.733,0,265.733,6.431
LANDIS,25,reserve,2086,267.504,0,267.504,6.474
LANDIS,25,reserve,2087,269.168,0,269.168,6.514
LANDIS,25,reserve,2088,270.726,0,270.726,6.552
LANDIS,25,reserve,2089,272.178,0,272.178,6.587
LANDIS,25,reserve,2090,273.523,0,273.523,6.619
LANDIS,25,reserve,2091,274.762,0,274.762,6.649
LANDIS,25,reserve,2092,275.895,0,275.895,6.677
LANDIS,25,reserve,2093,276.923,0,276.923,6.702
LANDIS,25,reserve,2094,277.845,0,277.845,6.724
LANDIS,25,reserve,2095,278.727,0,278.727,6.745
LANDIS,25,reserve,2096,279.569,0,279.569,6.766
LANDIS,25,reserve,2097,280.371,0,280.371,6.785
LANDIS,25,reserve,2098,281.133,0,281.133,6.803
LANDIS,25,reserve,2099,281.854,0,281.854,6.821
LANDIS,25,reserve,2100,282.535,0,282.535,6.837
LANDIS,25,BAU,2025,112.19,0,112.19,2.715
LANDIS,25,BAU,2026,115.356,0.021,115.376,2.792
LANDIS,25,BAU,2027,118.504,0.04,118.545,2.868
LANDIS,25,BAU,2028,121.637,0.06,121.696,2.944
LANDIS,25,BAU,2029,124.751,0.078,124.829,3.019
LANDIS,25,BAU,2030,127.847,0.096,127.943,3.094
LANDIS,25,BAU,2031,130.929,0.114,131.043,3.169
LANDIS,25,BAU,2032,133.989,0.131,134.12,3.243
LANDIS,25,BAU,2033,137.035,0.149,137.184,3.316
LANDIS,25,BAU,2034,140.071,0.166,140.236,3.39
LANDIS,25,BAU,2035,143.066,0.183,143.249,3.462
LANDIS,25,BAU,2036,146.022,0.2,146.222,3.534
LANDIS,25,BAU,2037,148.94,0.217,149.156,3.604
LANDIS,25,BAU,2038,151.818,0.233,152.051,3.674
LANDIS,25,BAU,2039,154.658,0.25,154.908,3.743
LANDIS,25,BAU,2040,157.46,0.267,157.727,3.811
LANDIS,25,BAU,2041,160.224,0.284,160.508,3.877
LANDIS,25,BAU,2042,162.951,0.301,163.252,3.943
LANDIS,25,BAU,2043,165.641,0.318,165.959,4.009
LANDIS,25,BAU,2044,168.293,0.335,168.628,4.073
LANDIS,25,BAU,2045,170.926,0.352,171.278,4.136
LANDIS,25,BAU,2046,173.538,0.369,173.907,4.2
LANDIS,25,BAU,2047,176.13,0.386,176.516,4.262
LANDIS,25,BAU,2048,178.702,0.403,179.105,4.325
LANDIS,25,BAU,2049,181.255,0.42,181.676,4.386
LANDIS,25,BAU,2050,183.788,0.438,184.225,4.448
LANDIS,25,BAU,2051,186.301,0.455,186.756,4.509
LANDIS,25,BAU,2052,188.794,0.472,189.266,4.569
LANDIS,25,BAU,2053,191.268,0.489,191.757,4.629
LANDIS,25,BAU,2054,193.721,0.507,194.228,4.688
LANDIS,25,BAU,2055,196.163,0.524,196.687,4.747
LANDIS,25,BAU,2056,198.592,0.541,199.133,4.806
LANDIS,25,BAU,2057,201.008,0.559,201.567,4.864
LANDIS,25,BAU,2058,203.412,0.576,203.988,4.923
LANDIS,25,BAU,2059,205.803,0.594,206.397,4.98
LANDIS,25,BAU,2060,208.181,0.611,208.792,5.038
LANDIS,25,BAU,2061,210.547,0.629,211.176,5.095
LANDIS,25,BAU,2062,212.902,0.647,213.548,5.152
LANDIS,25,BAU,2063,215.244,0.664,215.909,5.209
LANDIS,25,BAU,2064,217.574,0.682,218.256,5.265
LANDIS,25,BAU,2065,219.883,0.7,220.583,5.321
LANDIS,25,BAU,2066,222.172,0.717,222.889,5.377
LANDIS,25,BAU,2067,224.44,0.735,225.175,5.431
LANDIS,25,BAU,2068,226.687,0.753,227.44,5.486
LANDIS,25,BAU,2069,228.915,0.77,229.685,5.54
LANDIS,25,BAU,2070,231.123,0.788,231.911,5.593
LANDIS,25,BAU,2071,233.309,0.806,234.115,5.646
LANDIS,25,BAU,2072,235.476,0.824,236.299,5.699
LANDIS,25,BAU,2073,237.622,0.842,238.463,5.75
LANDIS,25,BAU,2074,239.749,0.859,240.609,5.802
LANDIS,25,BAU,2075,241.852,0.877,242.729,5.853
LANDIS,25,BAU,2076,243.93,0.895,244.825,5.903
LANDIS,25,BAU,2077,245.985,0.913,246.898,5.953
LANDIS,25,BAU,2078,248.016,0.93,248.946,6.002
LANDIS,25,BAU,2079,250.023,0.948,250.971,6.051
LANDIS,25,BAU,2080,252.006,0.966,252.972,6.099
LANDIS,25,BAU,2081,253.966,0.984,254.95,6.146
LANDIS,25,BAU,2082,255.904,1.001,256.905,6.193
LANDIS,25,BAU,2083,257.817,1.019,258.836,6.239
LANDIS,25,BAU,2084,259.707,1.037,260.743,6.285
LANDIS,25,BAU,2085,261.489,1.054,262.543,6.328
LANDIS,25,BAU,2086,263.164,1.072,264.236,6.369
LANDIS,25,BAU,2087,264.731,1.089,265.82,6.407
LANDIS,25,BAU,2088,266.191,1.107,267.298,6.442
LANDIS,25,BAU,2089,267.545,1.124,268.67,6.475
LANDIS,25,BAU,2090,268.792,1.142,269.933,6.505
LANDIS,25,BAU,2091,269.932,1.159,271.09,6.532
LANDIS,25,BAU,2092,270.965,1.176,272.141,6.557
LANDIS,25,BAU,2093,271.894,1.193,273.086,6.58
LANDIS,25,BAU,2094,272.715,1.209,273.925,6.6
LANDIS,25,BAU,2095,273.497,1.226,274.723,6.619
LANDIS,25,BAU,2096,274.238,1.242,275.481,6.637
LANDIS,25,BAU,2097,274.939,1.258,276.198,6.654
LANDIS,25,BAU,2098,275.6,1.275,276.875,6.67
LANDIS,25,BAU,2099,276.219,1.29,277.51,6.685
LANDIS,25,BAU,2100,276.799,1.306,278.105,6.699
LANDIS,25,conservation,2025,112.19,0,112.19,2.715
LANDIS,25,conservation,2026,115.38,0.008,115.389,2.792
LANDIS,25,conservation,2027,118.554,0.016,118.571,2.869
LANDIS,25,conservation,2028,121.713,0.024,121.737,2.945
LANDIS,25,conservation,2029,124.854,0.031,124.885,3.021
LANDIS,25,conservation,2030,127.977,0.039,128.016,3.097
LANDIS,25,conservation,2031,131.087,0.046,131.133,3.172
LANDIS,25,conservation,2032,134.176,0.053,134.228,3.247
LANDIS,25,conservation,2033,137.252,0.06,137.312,3.322
LANDIS,25,conservation,2034,140.317,0.067,140.384,3.396
LANDIS,25,conservation,2035,143.343,0.074,143.417,3.469
LANDIS,25,conservation,2036,146.331,0.081,146.412,3.541
LANDIS,25,conservation,2037,149.28,0.087,149.368,3.613
LANDIS,25,conservation,2038,152.191,0.094,152.285,3.683
LANDIS,25,conservation,2039,155.065,0.101,155.166,3.753
LANDIS,25,conservation,2040,157.901,0.108,158.008,3.821
LANDIS,25,conservation,2041,160.699,0.115,160.814,3.889
LANDIS,25,conservation,2042,163.461,0.122,163.583,3.956
LANDIS,25,conservation,2043,166.187,0.128,166.315,4.022
LANDIS,25,conservation,2044,168.875,0.135,169.011,4.087
LANDIS,25,conservation,2045,171.545,0.142,171.687,4.151
LANDIS,25,conservation,2046,174.195,0.149,174.344,4.216
LANDIS,25,conservation,2047,176.825,0.156,176.981,4.279
LANDIS,25,conservation,2048,179.436,0.163,179.599,4.342
LANDIS,25,conservation,2049,182.028,0.17,182.198,4.405
LANDIS,25,conservation,2050,184.6,0.177,184.777,4.467
LANDIS,25,conservation,2051,187.154,0.184,187.337,4.529
LANDIS,25,conservation,2052,189.688,0.191,189.879,4.59
LANDIS,25,conservation,2053,192.203,0.198,192.4,4.651
LANDIS,25,conservation,2054,194.698,0.205,194.903,4.712
LANDIS,25,conservation,2055,197.182,0.212,197.394,4.772
LANDIS,25,conservation,2056,199.654,0.219,199.873,4.832
LANDIS,25,conservation,2057,202.113,0.226,202.339,4.891
LANDIS,25,conservation,2058,204.561,0.233,204.794,4.95
LANDIS,25,conservation,2059,206.997,0.24,207.237,5.009
LANDIS,25,conservation,2060,209.42,0.247,209.668,5.068
LANDIS,25,conservation,2061,211.832,0.255,212.087,5.126
LANDIS,25,conservation,2062,214.232,0.262,214.494,5.184
LANDIS,25,conservation,2063,216.622,0.269,216.891,5.242
LANDIS,25,conservation,2064,218.999,0.276,219.275,5.3
LANDIS,25,conservation,2065,221.355,0.283,221.638,5.357
LANDIS,25,conservation,2066,223.692,0.291,223.983,5.413
LANDIS,25,conservation,2067,226.009,0.298,226.307,5.469
LANDIS,25,conservation,2068,228.305,0.305,228.61,5.525
LANDIS,25,conservation,2069,230.582,0.312,230.895,5.58
LANDIS,25,conservation,2070,232.84,0.319,233.16,5.635
LANDIS,25,conservation,2071,235.077,0.327,235.403,5.689
LANDIS,25,conservation,2072,237.295,0.334,237.629,5.743
LANDIS,25,conservation,2073,239.492,0.341,239.834,5.796
LANDIS,25,conservation,2074,241.672,0.348,242.02,5.849
LANDIS,25,conservation,2075,243.827,0.356,244.183,5.901
LANDIS,25,conservation,2076,245.958,0.363,246.321,5.952
LANDIS,25,conservation,2077,248.066,0.37,248.436,6.003
LANDIS,25,conservation,2078,250.15,0.377,250.528,6.054
LANDIS,25,conservation,2079,252.212,0.385,252.597,6.104
LANDIS,25,conservation,2080,254.25,0.392,254.642,6.153
LANDIS,25,conservation,2081,256.265,0.399,256.664,6.202
LANDIS,25,conservation,2082,258.258,0.406,258.664,6.25
LANDIS,25,conservation,2083,260.227,0.413,260.64,6.298
LANDIS,25,conservation,2084,262.173,0.421,262.594,6.345
LANDIS,25,conservation,2085,264.012,0.428,264.44,6.389
LANDIS,25,conservation,2086,265.744,0.435,266.179,6.431
LANDIS,25,conservation,2087,267.368,0.442,267.811,6.47
LANDIS,25,conservation,2088,268.887,0.449,269.336,6.507
LANDIS,25,conservation,2089,270.299,0.456,270.755,6.541
LANDIS,25,conservation,2090,271.604,0.464,272.067,6.573
LANDIS,25,conservation,2091,272.802,0.471,273.273,6.602
LANDIS,25,conservation,2092,273.895,0.478,274.372,6.628
LANDIS,25,conservation,2093,274.882,0.484,275.367,6.652
LANDIS,25,conservation,2094,275.763,0.491,276.255,6.674
LANDIS,25,conservation,2095,276.604,0.498,277.102,6.694
LANDIS,25,conservation,2096,277.405,0.505,277.91,6.713
LANDIS,25,conservation,2097,278.166,0.511,278.678,6.732
LANDIS,25,conservation,2098,278.887,0.518,279.405,6.749
LANDIS,25,conservation,2099,279.566,0.525,280.091,6.766
LANDIS,25,conservation,2100,280.206,0.531,280.737,6.781
LANDIS,25,intensive,2025,112.19,0,112.19,2.715
LANDIS,25,intensive,2026,115.292,0.052,115.345,2.79
LANDIS,25,intensive,2027,118.375,0.103,118.478,2.865
LANDIS,25,intensive,2028,121.441,0.151,121.592,2.939
LANDIS,25,intensive,2029,124.486,0.198,124.684,3.013
LANDIS,25,intensive,2030,127.512,0.244,127.755,3.086
LANDIS,25,intensive,2031,130.521,0.289,130.81,3.159
LANDIS,25,intensive,2032,133.507,0.333,133.84,3.231
LANDIS,25,intensive,2033,136.479,0.376,136.855,3.303
LANDIS,25,intensive,2034,139.437,0.42,139.857,3.374
LANDIS,25,intensive,2035,142.354,0.463,142.816,3.445
LANDIS,25,intensive,2036,145.23,0.505,145.735,3.515
LANDIS,25,intensive,2037,148.065,0.548,148.613,3.583
LANDIS,25,intensive,2038,150.859,0.591,151.45,3.651
LANDIS,25,intensive,2039,153.614,0.633,154.247,3.717
LANDIS,25,intensive,2040,156.33,0.676,157.005,3.783
LANDIS,25,intensive,2041,159.005,0.718,159.724,3.848
LANDIS,25,intensive,2042,161.643,0.761,162.403,3.912
LANDIS,25,intensive,2043,164.242,0.803,165.045,3.975
LANDIS,25,intensive,2044,166.801,0.846,167.647,4.037
LANDIS,25,intensive,2045,169.34,0.889,170.229,4.098
LANDIS,25,intensive,2046,171.857,0.931,172.788,4.159
LANDIS,25,intensive,2047,174.352,0.974,175.326,4.219
LANDIS,25,intensive,2048,176.826,1.017,177.843,4.279
LANDIS,25,intensive,2049,179.28,1.06,180.34,4.339
LANDIS,25,intensive,2050,181.711,1.103,182.814,4.397
LANDIS,25,intensive,2051,184.122,1.146,185.269,4.456
LANDIS,25,intensive,2052,186.512,1.19,187.702,4.514
LANDIS,25,intensive,2053,188.881,1.233,190.113,4.571
LANDIS,25,intensive,2054,191.228,1.276,192.504,4.628
LANDIS,25,intensive,2055,193.562,1.32,194.882,4.684
LANDIS,25,intensive,2056,195.882,1.363,197.245,4.74
LANDIS,25,intensive,2057,198.188,1.407,199.595,4.796
LANDIS,25,intensive,2058,200.481,1.45,201.931,4.852
LANDIS,25,intensive,2059,202.759,1.494,204.253,4.907
LANDIS,25,intensive,2060,205.024,1.537,206.561,4.962
LANDIS,25,intensive,2061,207.275,1.581,208.856,5.016
LANDIS,25,intensive,2062,209.513,1.625,211.138,5.07
LANDIS,25,intensive,2063,211.738,1.669,213.407,5.124
LANDIS,25,intensive,2064,213.949,1.713,215.662,5.178
LANDIS,25,intensive,2065,216.138,1.757,217.895,5.231
LANDIS,25,intensive,2066,218.306,1.801,220.107,5.283
LANDIS,25,intensive,2067,220.452,1.845,222.297,5.335
LANDIS,25,intensive,2068,222.576,1.888,224.465,5.386
LANDIS,25,intensive,2069,224.679,1.932,226.611,5.437
LANDIS,25,intensive,2070,226.761,1.976,228.737,5.488
LANDIS,25,intensive,2071,228.82,2.021,230.84,5.537
LANDIS,25,intensive,2072,230.859,2.064,232.923,5.587
LANDIS,25,intensive,2073,232.876,2.108,234.985,5.636
LANDIS,25,intensive,2074,234.873,2.152,237.026,5.684
LANDIS,25,intensive,2075,236.845,2.196,239.041,5.732
LANDIS,25,intensive,2076,238.79,2.24,241.031,5.779
LANDIS,25,intensive,2077,240.712,2.284,242.996,5.825
LANDIS,25,intensive,2078,242.608,2.328,244.936,5.871
LANDIS,25,intensive,2079,244.48,2.372,246.852,5.916
LANDIS,25,intensive,2080,246.326,2.415,248.742,5.961
LANDIS,25,intensive,2081,248.149,2.459,250.608,6.005
LANDIS,25,intensive,2082,249.948,2.503,252.451,6.049
LANDIS,25,intensive,2083,251.721,2.546,254.268,6.092
LANDIS,25,intensive,2084,253.471,2.59,256.061,6.134
LANDIS,25,intensive,2085,255.112,2.633,257.745,6.174
LANDIS,25,intensive,2086,256.645,2.676,259.321,6.211
LANDIS,25,intensive,2087,258.069,2.719,260.788,6.245
LANDIS,25,intensive,2088,259.385,2.762,262.147,6.277
LANDIS,25,intensive,2089,260.595,2.804,263.399,6.306
LANDIS,25,intensive,2090,261.696,2.847,264.543,6.333
LANDIS,25,intensive,2091,262.69,2.889,265.579,6.357
LANDIS,25,intensive,2092,263.578,2.93,266.508,6.379
LANDIS,25,intensive,2093,264.359,2.971,267.331,6.398
LANDIS,25,intensive,2094,265.034,3.012,268.046,6.414
LANDIS,25,intensive,2095,265.668,3.052,268.721,6.429
LANDIS,25,intensive,2096,266.262,3.092,269.354,6.444
LANDIS,25,intensive,2097,266.815,3.132,269.947,6.457
LANDIS,25,intensive,2098,267.328,3.171,270.498,6.469
LANDIS,25,intensive,2099,267.799,3.209,271.008,6.481
LANDIS,25,intensive,2100,268.229,3.248,271.477,6.491
LANDIS,26,reserve,2025,512.45,0,512.45,5.739
LANDIS,26,reserve,2026,525.384,0,525.384,5.884
LANDIS,26,reserve,2027,538.24,0,538.24,6.028
LANDIS,26,reserve,2028,551.017,0,551.017,6.171
LANDIS,26,reserve,2029,563.718,0,563.718,6.314
LANDIS,26,reserve,2030,576.345,0,576.345,6.455
LANDIS,26,reserve,2031,588.897,0,588.897,6.596
LANDIS,26,reserve,2032,601.378,0,601.378,6.735
LANDIS,26,reserve,2033,613.789,0,613.789,6.874
LANDIS,26,reserve,2034,626.13,0,626.13,7.013
LANDIS,26,reserve,2035,638.354,0,638.354,7.15
LANDIS,26,reserve,2036,650.46,0,650.46,7.285
LANDIS,26,reserve,2037,662.46,0,662.46,7.42
LANDIS,26,reserve,2038,674.355,0,674.355,7.553
LANDIS,26,reserve,2039,686.147,0,686.147,7.685
LANDIS,26,reserve,2040,697.836,0,697.836,7.816
LANDIS,26,reserve,2041,709.425,0,709.425,7.946
LANDIS,26,reserve,2042,720.913,0,720.913,8.074
LANDIS,26,reserve,2043,732.301,0,732.301,8.202
LANDIS,26,reserve,2044,743.591,0,743.591,8.328
LANDIS,26,reserve,2045,754.761,0,754.761,8.453
LANDIS,26,reserve,2046,765.81,0,765.81,8.577
LANDIS,26,reserve,2047,776.741,0,776.741,8.7
LANDIS,26,reserve,2048,787.553,0,787.553,8.821
LANDIS,26,reserve,2049,798.248,0,798.248,8.94
LANDIS,26,reserve,2050,808.826,0,808.826,9.059
LANDIS,26,reserve,2051,819.289,0,819.289,9.176
LANDIS,26,reserve,2052,829.635,0,829.635,9.292
LANDIS,26,reserve,2053,839.868,0,839.868,9.407
LANDIS,26,reserve,2054,849.986,0,849.986,9.52
LANDIS,26,reserve,2055,859.985,0,859.985,9.632
LANDIS,26,reserve,2056,869.865,0,869.865,9.743
LANDIS,26,reserve,2057,879.628,0,879.628,9.852
LANDIS,26,reserve,2058,889.272,0,889.272,9.96
LANDIS,26,reserve,2059,898.8,0,898.8,10.067
LANDIS,26,reserve,2060,908.21,0,908.21,10.172
LANDIS,26,reserve,2061,917.505,0,917.505,10.276
LANDIS,26,reserve,2062,926.684,0,926.684,10.379
LANDIS,26,reserve,2063,935.749,0,935.749,10.48
LANDIS,26,reserve,2064,944.698,0,944.698,10.581
LANDIS,26,reserve,2065,953.533,0,953.533,10.68
LANDIS,26,reserve,2066,962.254,0,962.254,10.777
LANDIS,26,reserve,2067,970.861,0,970.861,10.874
LANDIS,26,reserve,2068,979.355,0,979.355,10.969
LANDIS,26,reserve,2069,987.736,0,987.736,11.063
LANDIS,26,reserve,2070,996.005,0,996.005,11.155
LANDIS,26,reserve,2071,1004.161,0,1004.161,11.247
LANDIS,26,reserve,2072,1012.205,0,1012.205,11.337
LANDIS,26,reserve,2073,1020.138,0,1020.138,11.426
LANDIS,26,reserve,2074,1027.96,0,1027.96,11.513
LANDIS,26,reserve,2075,1035.677,0,1035.677,11.6
LANDIS,26,reserve,2076,1043.289,0,1043.289,11.685
LANDIS,26,reserve,2077,1050.797,0,1050.797,11.769
LANDIS,26,reserve,2078,1058.201,0,1058.201,11.852
LANDIS,26,reserve,2079,1065.502,0,1065.502,11.934
LANDIS,26,reserve,2080,1072.699,0,1072.699,12.014
LANDIS,26,reserve,2081,1079.793,0,1079.793,12.094
LANDIS,26,reserve,2082,1086.784,0,1086.784,12.172
LANDIS,26,reserve,2083,1093.672,0,1093.672,12.249
LANDIS,26,reserve,2084,1100.458,0,1100.458,12.325
LANDIS,26,reserve,2085,1107.147,0,1107.147,12.4
LANDIS,26,reserve,2086,1113.741,0,1113.741,12.474
LANDIS,26,reserve,2087,1120.238,0,1120.238,12.547
LANDIS,26,reserve,2088,1126.64,0,1126.64,12.618
LANDIS,26,reserve,2089,1132.946,0,1132.946,12.689
LANDIS,26,reserve,2090,1139.157,0,1139.157,12.759
LANDIS,26,reserve,2091,1145.273,0,1145.273,12.827
LANDIS,26,reserve,2092,1151.294,0,1151.294,12.895
LANDIS,26,reserve,2093,1157.22,0,1157.22,12.961
LANDIS,26,reserve,2094,1163.051,0,1163.051,13.026
LANDIS,26,reserve,2095,1168.798,0,1168.798,13.091
LANDIS,26,reserve,2096,1174.46,0,1174.46,13.154
LANDIS,26,reserve,2097,1180.039,0,1180.039,13.216
LANDIS,26,reserve,2098,1185.534,0,1185.534,13.278
LANDIS,26,reserve,2099,1190.945,0,1190.945,13.339
LANDIS,26,reserve,2100,1196.272,0,1196.272,13.398
LANDIS,26,BAU,2025,512.45,0,512.45,5.739
LANDIS,26,BAU,2026,519.293,3.045,522.339,5.816
LANDIS,26,BAU,2027,525.977,5.915,531.893,5.891
LANDIS,26,BAU,2028,532.503,8.639,541.141,5.964
LANDIS,26,BAU,2029,538.875,11.239,550.114,6.035
LANDIS,26,BAU,2030,545.097,13.736,558.833,6.105
LANDIS,26,BAU,2031,551.17,16.145,567.316,6.173
LANDIS,26,BAU,2032,557.101,18.481,575.581,6.24
LANDIS,26,BAU,2033,562.89,20.753,583.644,6.304
LANDIS,26,BAU,2034,568.541,22.972,591.513,6.368
LANDIS,26,BAU,2035,574.008,25.143,599.151,6.429
LANDIS,26,BAU,2036,579.291,27.274,606.565,6.488
LANDIS,26,BAU,2037,584.406,29.368,613.774,6.545
LANDIS,26,BAU,2038,589.355,31.43,620.785,6.601
LANDIS,26,BAU,2039,594.143,33.463,627.605,6.654
LANDIS,26,BAU,2040,598.77,35.469,634.239,6.706
LANDIS,26,BAU,2041,603.242,37.45,640.693,6.756
LANDIS,26,BAU,2042,607.561,39.409,646.969,6.805
LANDIS,26,BAU,2043,611.727,41.346,653.073,6.851
LANDIS,26,BAU,2044,615.747,43.262,659.009,6.896
LANDIS,26,BAU,2045,619.598,45.159,664.758,6.94
LANDIS,26,BAU,2046,623.283,47.037,670.32,6.981
LANDIS,26,BAU,2047,626.806,48.896,675.702,7.02
LANDIS,26,BAU,2048,630.168,50.737,680.905,7.058
LANDIS,26,BAU,2049,633.374,52.559,685.933,7.094
LANDIS,26,BAU,2050,636.424,54.363,690.787,7.128
LANDIS,26,BAU,2051,639.323,56.149,695.472,7.16
LANDIS,26,BAU,2052,642.07,57.917,699.987,7.191
LANDIS,26,BAU,2053,644.672,59.667,704.338,7.22
LANDIS,26,BAU,2054,647.128,61.398,708.526,7.248
LANDIS,26,BAU,2055,649.435,63.111,712.546,7.274
LANDIS,26,BAU,2056,651.596,64.806,716.402,7.298
LANDIS,26,BAU,2057,653.615,66.482,720.097,7.321
LANDIS,26,BAU,2058,655.49,68.139,723.63,7.342
LANDIS,26,BAU,2059,657.228,69.778,727.006,7.361
LANDIS,26,BAU,2060,658.826,71.397,730.224,7.379
LANDIS,26,BAU,2061,660.291,72.998,733.289,7.395
LANDIS,26,BAU,2062,661.622,74.579,736.201,7.41
LANDIS,26,BAU,2063,662.823,76.14,738.964,7.424
LANDIS,26,BAU,2064,663.894,77.682,741.577,7.436
LANDIS,26,BAU,2065,664.839,79.205,744.043,7.446
LANDIS,26,BAU,2066,665.658,80.707,746.365,7.455
LANDIS,26,BAU,2067,666.353,82.189,748.543,7.463
LANDIS,26,BAU,2068,666.927,83.652,750.579,7.47
LANDIS,26,BAU,2069,667.382,85.094,752.475,7.475
LANDIS,26,BAU,2070,667.719,86.515,754.234,7.478
LANDIS,26,BAU,2071,667.939,87.917,755.855,7.481
LANDIS,26,BAU,2072,668.044,89.297,757.341,7.482
LANDIS,26,BAU,2073,668.037,90.658,758.694,7.482
LANDIS,26,BAU,2074,667.919,91.997,759.916,7.481
LANDIS,26,BAU,2075,667.698,93.316,761.013,7.478
LANDIS,26,BAU,2076,667.374,94.613,761.987,7.475
LANDIS,26,BAU,2077,666.95,95.89,762.84,7.47
LANDIS,26,BAU,2078,666.427,97.147,763.573,7.464
LANDIS,26,BAU,2079,665.807,98.382,764.189,7.457
LANDIS,26,BAU,2080,665.091,99.596,764.687,7.449
LANDIS,26,BAU,2081,664.28,100.789,765.069,7.44
LANDIS,26,BAU,2082,663.375,101.962,765.337,7.43
LANDIS,26,BAU,2083,662.379,103.113,765.492,7.419
LANDIS,26,BAU,2084,661.292,104.244,765.536,7.407
LANDIS,26,BAU,2085,660.122,105.354,765.475,7.393
LANDIS,26,BAU,2086,658.87,106.442,765.312,7.379
LANDIS,26,BAU,2087,657.536,107.51,765.046,7.364
LANDIS,26,BAU,2088,656.123,108.557,764.68,7.349
LANDIS,26,BAU,2089,654.631,109.583,764.213,7.332
LANDIS,26,BAU,2090,653.061,110.588,763.649,7.314
LANDIS,26,BAU,2091,651.415,111.573,762.988,7.296
LANDIS,26,BAU,2092,649.694,112.537,762.23,7.277
LANDIS,26,BAU,2093,647.898,113.48,761.378,7.256
LANDIS,26,BAU,2094,646.028,114.403,760.431,7.236
LANDIS,26,BAU,2095,644.097,115.305,759.402,7.214
LANDIS,26,BAU,2096,642.104,116.187,758.29,7.192
LANDIS,26,BAU,2097,640.051,117.048,757.099,7.169
LANDIS,26,BAU,2098,637.939,117.889,755.828,7.145
LANDIS,26,BAU,2099,635.768,118.71,754.478,7.121
LANDIS,26,BAU,2100,633.538,119.511,753.05,7.096
LANDIS,26,conservation,2025,512.45,0,512.45,5.739
LANDIS,26,conservation,2026,522.928,1.228,524.156,5.857
LANDIS,26,conservation,2027,533.278,2.394,535.672,5.973
LANDIS,26,conservation,2028,543.499,3.509,547.008,6.087
LANDIS,26,conservation,2029,553.595,4.582,558.177,6.2
LANDIS,26,conservation,2030,563.569,5.621,569.19,6.312
LANDIS,26,conservation,2031,573.42,6.631,580.052,6.422
LANDIS,26,conservation,2032,583.153,7.619,590.772,6.531
LANDIS,26,conservation,2033,592.77,8.587,601.357,6.639
LANDIS,26,conservation,2034,602.27,9.54,611.809,6.745
LANDIS,26,conservation,2035,611.607,10.48,622.087,6.85
LANDIS,26,conservation,2036,620.782,11.409,632.191,6.953
LANDIS,26,conservation,2037,629.807,12.33,642.137,7.054
LANDIS,26,conservation,2038,638.684,13.243,651.926,7.153
LANDIS,26,conservation,2039,647.415,14.149,661.564,7.251
LANDIS,26,conservation,2040,656.001,15.051,671.052,7.347
LANDIS,26,conservation,2041,664.446,15.948,680.394,7.442
LANDIS,26,conservation,2042,672.75,16.841,689.59,7.535
LANDIS,26,conservation,2043,680.914,17.73,698.644,7.626
LANDIS,26,conservation,2044,688.94,18.616,707.556,7.716
LANDIS,26,conservation,2045,696.809,19.499,716.307,7.804
LANDIS,26,conservation,2046,704.518,20.379,724.897,7.891
LANDIS,26,conservation,2047,712.073,21.256,733.329,7.975
LANDIS,26,conservation,2048,719.472,22.131,741.603,8.058
LANDIS,26,conservation,2049,726.719,23.003,749.722,8.139
LANDIS,26,conservation,2050,733.814,23.872,757.686,8.219
LANDIS,26,conservation,2051,740.761,24.738,765.499,8.297
LANDIS,26,conservation,2052,747.557,25.602,773.158,8.373
LANDIS,26,conservation,2053,754.207,26.462,780.669,8.447
LANDIS,26,conservation,2054,760.71,27.319,788.029,8.52
LANDIS,26,conservation,2055,767.064,28.173,795.237,8.591
LANDIS,26,conservation,2056,773.267,29.024,802.292,8.661
LANDIS,26,conservation,2057,779.325,29.871,809.196,8.728
LANDIS,26,conservation,2058,785.234,30.715,815.949,8.795
LANDIS,26,conservation,2059,790.998,31.555,822.554,8.859
LANDIS,26,conservation,2060,796.618,32.391,829.009,8.922
LANDIS,26,conservation,2061,802.095,33.224,835.318,8.984
LANDIS,26,conservation,2062,807.43,34.052,841.482,9.043
LANDIS,26,conservation,2063,812.625,34.876,847.501,9.101
LANDIS,26,conservation,2064,817.68,35.695,853.375,9.158
LANDIS,26,conservation,2065,822.596,36.51,859.106,9.213
LANDIS,26,conservation,2066,827.375,37.321,864.695,9.267
LANDIS,26,conservation,2067,832.016,38.126,870.143,9.319
LANDIS,26,conservation,2068,836.523,38.927,875.45,9.369
LANDIS,26,conservation,2069,840.895,39.723,880.618,9.418
LANDIS,26,conservation,2070,845.134,40.514,885.648,9.466
LANDIS,26,conservation,2071,849.24,41.299,890.539,9.512
LANDIS,26,conservation,2072,853.214,42.079,895.293,9.556
LANDIS,26,conservation,2073,857.058,42.854,899.912,9.599
LANDIS,26,conservation,2074,860.772,43.623,904.395,9.641
LANDIS,26,conservation,2075,864.364,44.387,908.751,9.681
LANDIS,26,conservation,2076,867.833,45.145,912.978,9.72
LANDIS,26,conservation,2077,871.182,45.897,917.079,9.757
LANDIS,26,conservation,2078,874.411,46.643,921.054,9.793
LANDIS,26,conservation,2079,877.522,47.383,924.904,9.828
LANDIS,26,conservation,2080,880.513,48.117,928.63,9.862
LANDIS,26,conservation,2081,883.387,48.845,932.232,9.894
LANDIS,26,conservation,2082,886.145,49.567,935.711,9.925
LANDIS,26,conservation,2083,888.786,50.282,939.068,9.954
LANDIS,26,conservation,2084,891.312,50.991,942.303,9.983
LANDIS,26,conservation,2085,893.73,51.694,945.423,10.01
LANDIS,26,conservation,2086,896.04,52.39,948.43,10.036
LANDIS,26,conservation,2087,898.243,53.079,951.322,10.06
LANDIS,26,conservation,2088,900.34,53.762,954.103,10.084
LANDIS,26,conservation,2089,902.331,54.439,956.77,10.106
LANDIS,26,conservation,2090,904.218,55.108,959.326,10.127
LANDIS,26,conservation,2091,906.001,55.771,961.772,10.147
LANDIS,26,conservation,2092,907.68,56.427,964.107,10.166
LANDIS,26,conservation,2093,909.255,57.077,966.332,10.184
LANDIS,26,conservation,2094,910.729,57.719,968.448,10.2
LANDIS,26,conservation,2095,912.111,58.354,970.466,10.216
LANDIS,26,conservation,2096,913.402,58.983,972.385,10.23
LANDIS,26,conservation,2097,914.603,59.604,974.208,10.244
LANDIS,26,conservation,2098,915.715,60.219,975.934,10.256
LANDIS,26,conservation,2099,916.738,60.826,977.564,10.268
LANDIS,26,conservation,2100,917.671,61.427,979.098,10.278
LANDIS,26,intensive,2025,512.45,0,512.45,5.739
LANDIS,26,intensive,2026,509.921,7.732,517.652,5.711
LANDIS,26,intensive,2027,507.39,14.876,522.266,5.683
LANDIS,26,intensive,2028,504.856,21.52,526.377,5.654
LANDIS,26,intensive,2029,502.323,27.733,530.057,5.626
LANDIS,26,intensive,2030,499.793,33.575,533.367,5.598
LANDIS,26,intensive,2031,497.264,39.094,536.357,5.569
LANDIS,26,intensive,2032,494.74,44.331,539.07,5.541
LANDIS,26,intensive,2033,492.222,49.32,541.542,5.513
LANDIS,26,intensive,2034,489.71,54.09,543.8,5.485
LANDIS,26,intensive,2035,487.157,58.664,545.821,5.456
LANDIS,26,intensive,2036,484.563,63.061,547.625,5.427
LANDIS,26,intensive,2037,481.941,67.299,549.24,5.398
LANDIS,26,intensive,2038,479.294,71.389,550.683,5.368
LANDIS,26,intensive,2039,476.623,75.344,551.967,5.338
LANDIS,26,intensive,2040,473.93,79.173,553.103,5.308
LANDIS,26,intensive,2041,471.218,82.885,554.103,5.278
LANDIS,26,intensive,2042,468.487,86.487,554.974,5.247
LANDIS,26,intensive,2043,465.739,89.984,555.723,5.216
LANDIS,26,intensive,2044,462.975,93.382,556.357,5.185
LANDIS,26,intensive,2045,460.175,96.686,556.86,5.154
LANDIS,26,intensive,2046,457.338,99.898,557.236,5.122
LANDIS,26,intensive,2047,454.469,103.023,557.492,5.09
LANDIS,26,intensive,2048,451.567,106.063,557.63,5.058
LANDIS,26,intensive,2049,448.636,109.019,557.656,5.025
LANDIS,26,intensive,2050,445.676,111.896,557.573,4.992
LANDIS,26,intensive,2051,442.691,114.694,557.385,4.958
LANDIS,26,intensive,2052,439.679,117.416,557.095,4.924
LANDIS,26,intensive,2053,436.645,120.063,556.707,4.89
LANDIS,26,intensive,2054,433.587,122.636,556.223,4.856
LANDIS,26,intensive,2055,430.502,125.137,555.64,4.822
LANDIS,26,intensive,2056,427.392,127.568,554.96,4.787
LANDIS,26,intensive,2057,424.258,129.93,554.188,4.752
LANDIS,26,intensive,2058,421.1,132.223,553.324,4.716
LANDIS,26,intensive,2059,417.922,134.45,552.371,4.681
LANDIS,26,intensive,2060,414.721,136.61,551.331,4.645
LANDIS,26,intensive,2061,411.502,138.705,550.207,4.609
LANDIS,26,intensive,2062,408.264,140.736,549,4.573
LANDIS,26,intensive,2063,405.009,142.705,547.714,4.536
LANDIS,26,intensive,2064,401.737,144.611,546.348,4.499
LANDIS,26,intensive,2065,398.45,146.456,544.906,4.463
LANDIS,26,intensive,2066,395.148,148.241,543.388,4.426
LANDIS,26,intensive,2067,391.831,149.967,541.798,4.389
LANDIS,26,intensive,2068,388.501,151.634,540.135,4.351
LANDIS,26,intensive,2069,385.159,153.244,538.403,4.314
LANDIS,26,intensive,2070,381.806,154.797,536.603,4.276
LANDIS,26,intensive,2071,378.441,156.294,534.735,4.239
LANDIS,26,intensive,2072,375.066,157.736,532.802,4.201
LANDIS,26,intensive,2073,371.681,159.124,530.805,4.163
LANDIS,26,intensive,2074,368.288,160.459,528.746,4.125
LANDIS,26,intensive,2075,364.892,161.741,526.632,4.087
LANDIS,26,intensive,2076,361.493,162.971,524.464,4.049
LANDIS,26,intensive,2077,358.093,164.15,522.243,4.011
LANDIS,26,intensive,2078,354.692,165.28,519.971,3.973
LANDIS,26,intensive,2079,351.29,166.36,517.649,3.934
LANDIS,26,intensive,2080,347.887,167.391,515.278,3.896
LANDIS,26,intensive,2081,344.483,168.376,512.859,3.858
LANDIS,26,intensive,2082,341.079,169.313,510.392,3.82
LANDIS,26,intensive,2083,337.675,170.204,507.879,3.782
LANDIS,26,intensive,2084,334.272,171.05,505.321,3.744
LANDIS,26,intensive,2085,330.874,171.851,502.725,3.706
LANDIS,26,intensive,2086,327.484,172.608,500.092,3.668
LANDIS,26,intensive,2087,324.099,173.322,497.422,3.63
LANDIS,26,intensive,2088,320.722,173.994,494.716,3.592
LANDIS,26,intensive,2089,317.35,174.625,491.975,3.554
LANDIS,26,intensive,2090,313.985,175.214,489.199,3.517
LANDIS,26,intensive,2091,310.626,175.764,486.39,3.479
LANDIS,26,intensive,2092,307.274,176.274,483.548,3.441
LANDIS,26,intensive,2093,303.928,176.746,480.674,3.404
LANDIS,26,intensive,2094,300.588,177.179,477.767,3.367
LANDIS,26,intensive,2095,297.265,177.575,474.84,3.329
LANDIS,26,intensive,2096,293.957,177.935,471.892,3.292
LANDIS,26,intensive,2097,290.666,178.259,468.924,3.255
LANDIS,26,intensive,2098,287.39,178.547,465.937,3.219
LANDIS,26,intensive,2099,284.129,178.802,462.93,3.182
LANDIS,26,intensive,2100,280.882,179.022,459.904,3.146
LANDIS,27,reserve,2025,308.78,0,308.78,2.748
LANDIS,27,reserve,2026,312.752,0,312.752,2.784
LANDIS,27,reserve,2027,316.707,0,316.707,2.819
LANDIS,27,reserve,2028,320.637,0,320.637,2.854
LANDIS,27,reserve,2029,324.55,0,324.55,2.889
LANDIS,27,reserve,2030,328.447,0,328.447,2.923
LANDIS,27,reserve,2031,332.327,0,332.327,2.958
LANDIS,27,reserve,2032,336.191,0,336.191,2.992
LANDIS,27,reserve,2033,340.037,0,340.037,3.026
LANDIS,27,reserve,2034,343.865,0,343.865,3.06
LANDIS,27,reserve,2035,347.673,0,347.673,3.094
LANDIS,27,reserve,2036,351.427,0,351.427,3.128
LANDIS,27,reserve,2037,355.159,0,355.159,3.161
LANDIS,27,reserve,2038,358.608,0,358.608,3.192
LANDIS,27,reserve,2039,362.004,0,362.004,3.222
LANDIS,27,reserve,2040,365.347,0,365.347,3.252
LANDIS,27,reserve,2041,368.633,0,368.633,3.281
LANDIS,27,reserve,2042,371.86,0,371.86,3.31
LANDIS,27,reserve,2043,375.028,0,375.028,3.338
LANDIS,27,reserve,2044,378.133,0,378.133,3.365
LANDIS,27,reserve,2045,381.176,0,381.176,3.392
LANDIS,27,reserve,2046,384.188,0,384.188,3.419
LANDIS,27,reserve,2047,387.137,0,387.137,3.446
LANDIS,27,reserve,2048,390.276,0,390.276,3.473
LANDIS,27,reserve,2049,393.377,0,393.377,3.501
LANDIS,27,reserve,2050,396.441,0,396.441,3.528
LANDIS,27,reserve,2051,399.467,0,399.467,3.555
LANDIS,27,reserve,2052,402.456,0,402.456,3.582
LANDIS,27,reserve,2053,405.406,0,405.406,3.608
LANDIS,27,reserve,2054,408.318,0,408.318,3.634
LANDIS,27,reserve,2055,411.192,0,411.192,3.66
LANDIS,27,reserve,2056,414.024,0,414.024,3.685
LANDIS,27,reserve,2057,416.818,0,416.818,3.71
LANDIS,27,reserve,2058,419.589,0,419.589,3.734
LANDIS,27,reserve,2059,422.324,0,422.324,3.759
LANDIS,27,reserve,2060,425.024,0,425.024,3.783
LANDIS,27,reserve,2061,427.688,0,427.688,3.806
LANDIS,27,reserve,2062,430.317,0,430.317,3.83
LANDIS,27,reserve,2063,432.91,0,432.91,3.853
LANDIS,27,reserve,2064,435.47,0,435.47,3.876
LANDIS,27,reserve,2065,437.993,0,437.993,3.898
LANDIS,27,reserve,2066,440.482,0,440.482,3.92
LANDIS,27,reserve,2067,442.935,0,442.935,3.942
LANDIS,27,reserve,2068,445.352,0,445.352,3.964
LANDIS,27,reserve,2069,447.736,0,447.736,3.985
LANDIS,27,reserve,2070,450.087,0,450.087,4.006
LANDIS,27,reserve,2071,452.405,0,452.405,4.026
LANDIS,27,reserve,2072,454.69,0,454.69,4.047
LANDIS,27,reserve,2073,456.942,0,456.942,4.067
LANDIS,27,reserve,2074,459.162,0,459.162,4.087
LANDIS,27,reserve,2075,461.34,0,461.34,4.106
LANDIS,27,reserve,2076,463.478,0,463.478,4.125
LANDIS,27,reserve,2077,465.575,0,465.575,4.144
LANDIS,27,reserve,2078,467.633,0,467.633,4.162
LANDIS,27,reserve,2079,469.651,0,469.651,4.18
LANDIS,27,reserve,2080,471.628,0,471.628,4.198
LANDIS,27,reserve,2081,473.565,0,473.565,4.215
LANDIS,27,reserve,2082,475.462,0,475.462,4.232
LANDIS,27,reserve,2083,477.319,0,477.319,4.248
LANDIS,27,reserve,2084,479.136,0,479.136,4.264
LANDIS,27,reserve,2085,480.906,0,480.906,4.28
LANDIS,27,reserve,2086,482.625,0,482.625,4.295
LANDIS,27,reserve,2087,484.298,0,484.298,4.31
LANDIS,27,reserve,2088,485.905,0,485.905,4.325
LANDIS,27,reserve,2089,487.463,0,487.463,4.338
LANDIS,27,reserve,2090,488.972,0,488.972,4.352
LANDIS,27,reserve,2091,490.431,0,490.431,4.365
LANDIS,27,reserve,2092,491.842,0,491.842,4.377
LANDIS,27,reserve,2093,493.203,0,493.203,4.39
LANDIS,27,reserve,2094,494.514,0,494.514,4.401
LANDIS,27,reserve,2095,495.801,0,495.801,4.413
LANDIS,27,reserve,2096,497.066,0,497.066,4.424
LANDIS,27,reserve,2097,498.306,0,498.306,4.435
LANDIS,27,reserve,2098,499.541,0,499.541,4.446
LANDIS,27,reserve,2099,500.753,0,500.753,4.457
LANDIS,27,reserve,2100,501.942,0,501.942,4.467
LANDIS,27,BAU,2025,308.78,0,308.78,2.748
LANDIS,27,BAU,2026,312.063,0.344,312.408,2.777
LANDIS,27,BAU,2027,315.322,0.668,315.99,2.806
LANDIS,27,BAU,2028,318.548,0.974,319.523,2.835
LANDIS,27,BAU,2029,321.751,1.266,323.017,2.864
LANDIS,27,BAU,2030,324.93,1.546,326.475,2.892
LANDIS,27,BAU,2031,328.085,1.815,329.9,2.92
LANDIS,27,BAU,2032,331.217,2.075,333.292,2.948
LANDIS,27,BAU,2033,334.324,2.328,336.652,2.975
LANDIS,27,BAU,2034,337.406,2.575,339.981,3.003
LANDIS,27,BAU,2035,340.461,2.816,343.277,3.03
LANDIS,27,BAU,2036,343.456,3.053,346.508,3.057
LANDIS,27,BAU,2037,346.421,3.285,349.706,3.083
LANDIS,27,BAU,2038,349.097,3.514,352.611,3.107
LANDIS,27,BAU,2039,351.714,3.739,355.454,3.13
LANDIS,27,BAU,2040,354.273,3.961,358.234,3.153
LANDIS,27,BAU,2041,356.768,4.181,360.949,3.175
LANDIS,27,BAU,2042,359.199,4.398,363.597,3.197
LANDIS,27,BAU,2043,361.566,4.612,366.178,3.218
LANDIS,27,BAU,2044,363.864,4.824,368.688,3.238
LANDIS,27,BAU,2045,366.095,5.034,371.129,3.258
LANDIS,27,BAU,2046,368.291,5.241,373.532,3.278
LANDIS,27,BAU,2047,370.418,5.447,375.865,3.297
LANDIS,27,BAU,2048,372.731,5.651,378.381,3.317
LANDIS,27,BAU,2049,375,5.853,380.853,3.338
LANDIS,27,BAU,2050,377.227,6.053,383.28,3.357
LANDIS,27,BAU,2051,379.412,6.252,385.664,3.377
LANDIS,27,BAU,2052,381.554,6.449,388.003,3.396
LANDIS,27,BAU,2053,383.653,6.645,390.298,3.415
LANDIS,27,BAU,2054,385.709,6.839,392.548,3.433
LANDIS,27,BAU,2055,387.722,7.032,394.755,3.451
LANDIS,27,BAU,2056,389.689,7.224,396.913,3.468
LANDIS,27,BAU,2057,391.614,7.414,399.027,3.485
LANDIS,27,BAU,2058,393.511,7.602,401.113,3.502
LANDIS,27,BAU,2059,395.368,7.789,403.157,3.519
LANDIS,27,BAU,2060,397.186,7.974,405.16,3.535
LANDIS,27,BAU,2061,398.964,8.158,407.122,3.551
LANDIS,27,BAU,2062,400.703,8.341,409.044,3.566
LANDIS,27,BAU,2063,402.402,8.522,410.924,3.581
LANDIS,27,BAU,2064,404.064,8.701,412.765,3.596
LANDIS,27,BAU,2065,405.685,8.88,414.565,3.611
LANDIS,27,BAU,2066,407.269,9.056,416.326,3.625
LANDIS,27,BAU,2067,408.814,9.232,418.045,3.638
LANDIS,27,BAU,2068,410.319,9.405,419.724,3.652
LANDIS,27,BAU,2069,411.787,9.578,421.365,3.665
LANDIS,27,BAU,2070,413.219,9.749,422.968,3.678
LANDIS,27,BAU,2071,414.615,9.918,424.534,3.69
LANDIS,27,BAU,2072,415.975,10.086,426.061,3.702
LANDIS,27,BAU,2073,417.299,10.253,427.552,3.714
LANDIS,27,BAU,2074,418.588,10.418,429.006,3.725
LANDIS,27,BAU,2075,419.832,10.581,430.414,3.737
LANDIS,27,BAU,2076,421.034,10.743,431.777,3.747
LANDIS,27,BAU,2077,422.191,10.904,433.095,3.758
LANDIS,27,BAU,2078,423.307,11.063,434.371,3.767
LANDIS,27,BAU,2079,424.381,11.221,435.602,3.777
LANDIS,27,BAU,2080,425.411,11.377,436.788,3.786
LANDIS,27,BAU,2081,426.399,11.532,437.931,3.795
LANDIS,27,BAU,2082,427.345,11.685,439.03,3.803
LANDIS,27,BAU,2083,428.248,11.837,440.085,3.811
LANDIS,27,BAU,2084,429.11,11.987,441.096,3.819
LANDIS,27,BAU,2085,429.922,12.135,442.058,3.826
LANDIS,27,BAU,2086,430.682,12.282,442.964,3.833
LANDIS,27,BAU,2087,431.394,12.428,443.822,3.839
LANDIS,27,BAU,2088,432.039,12.572,444.611,3.845
LANDIS,27,BAU,2089,432.633,12.714,445.347,3.85
LANDIS,27,BAU,2090,433.177,12.855,446.031,3.855
LANDIS,27,BAU,2091,433.669,12.994,446.663,3.86
LANDIS,27,BAU,2092,434.113,13.131,447.244,3.864
LANDIS,27,BAU,2093,434.505,13.267,447.772,3.867
LANDIS,27,BAU,2094,434.847,13.401,448.248,3.87
LANDIS,27,BAU,2095,435.163,13.534,448.697,3.873
LANDIS,27,BAU,2096,435.457,13.665,449.122,3.876
LANDIS,27,BAU,2097,435.726,13.794,449.52,3.878
LANDIS,27,BAU,2098,435.989,13.921,449.91,3.88
LANDIS,27,BAU,2099,436.228,14.047,450.275,3.882
LANDIS,27,BAU,2100,436.444,14.172,450.616,3.884
LANDIS,27,conservation,2025,308.78,0,308.78,2.748
LANDIS,27,conservation,2026,312.473,0.14,312.612,2.781
LANDIS,27,conservation,2027,316.145,0.271,316.416,2.814
LANDIS,27,conservation,2028,319.789,0.396,320.185,2.846
LANDIS,27,conservation,2029,323.413,0.514,323.927,2.878
LANDIS,27,conservation,2030,327.017,0.628,327.646,2.91
LANDIS,27,conservation,2031,330.602,0.738,331.34,2.942
LANDIS,27,conservation,2032,334.167,0.845,335.011,2.974
LANDIS,27,conservation,2033,337.71,0.949,338.659,3.006
LANDIS,27,conservation,2034,341.233,1.05,342.283,3.037
LANDIS,27,conservation,2035,344.732,1.149,345.881,3.068
LANDIS,27,conservation,2036,348.174,1.246,349.421,3.099
LANDIS,27,conservation,2037,351.591,1.342,352.934,3.129
LANDIS,27,conservation,2038,354.722,1.437,356.159,3.157
LANDIS,27,conservation,2039,357.798,1.53,359.328,3.184
LANDIS,27,conservation,2040,360.817,1.622,362.439,3.211
LANDIS,27,conservation,2041,363.777,1.713,365.49,3.238
LANDIS,27,conservation,2042,366.675,1.803,368.478,3.263
LANDIS,27,conservation,2043,369.511,1.892,371.403,3.289
LANDIS,27,conservation,2044,372.282,1.981,374.262,3.313
LANDIS,27,conservation,2045,374.988,2.068,377.056,3.337
LANDIS,27,conservation,2046,377.661,2.155,379.816,3.361
LANDIS,27,conservation,2047,380.268,2.241,382.51,3.384
LANDIS,27,conservation,2048,383.063,2.327,385.39,3.409
LANDIS,27,conservation,2049,385.818,2.412,388.23,3.434
LANDIS,27,conservation,2050,388.533,2.496,391.029,3.458
LANDIS,27,conservation,2051,391.207,2.58,393.787,3.482
LANDIS,27,conservation,2052,393.842,2.663,396.506,3.505
LANDIS,27,conservation,2053,396.436,2.746,399.182,3.528
LANDIS,27,conservation,2054,398.99,2.829,401.818,3.551
LANDIS,27,conservation,2055,401.503,2.91,404.413,3.573
LANDIS,27,conservation,2056,403.972,2.992,406.963,3.595
LANDIS,27,conservation,2057,406.4,3.072,409.473,3.617
LANDIS,27,conservation,2058,408.804,3.153,411.956,3.638
LANDIS,27,conservation,2059,411.169,3.233,414.401,3.659
LANDIS,27,conservation,2060,413.497,3.312,416.809,3.68
LANDIS,27,conservation,2061,415.787,3.391,419.178,3.701
LANDIS,27,conservation,2062,418.04,3.469,421.509,3.721
LANDIS,27,conservation,2063,420.255,3.547,423.802,3.74
LANDIS,27,conservation,2064,422.435,3.624,426.059,3.76
LANDIS,27,conservation,2065,424.576,3.701,428.277,3.779
LANDIS,27,conservation,2066,426.681,3.777,430.458,3.797
LANDIS,27,conservation,2067,428.748,3.853,432.601,3.816
LANDIS,27,conservation,2068,430.777,3.928,434.705,3.834
LANDIS,27,conservation,2069,432.771,4.003,436.774,3.852
LANDIS,27,conservation,2070,434.731,4.078,438.808,3.869
LANDIS,27,conservation,2071,436.656,4.151,440.807,3.886
LANDIS,27,conservation,2072,438.546,4.225,442.77,3.903
LANDIS,27,conservation,2073,440.401,4.298,444.698,3.92
LANDIS,27,conservation,2074,442.223,4.37,446.592,3.936
LANDIS,27,conservation,2075,444.001,4.442,448.442,3.952
LANDIS,27,conservation,2076,445.737,4.513,450.25,3.967
LANDIS,27,conservation,2077,447.431,4.584,452.014,3.982
LANDIS,27,conservation,2078,449.084,4.654,453.738,3.997
LANDIS,27,conservation,2079,450.696,4.724,455.42,4.011
LANDIS,27,conservation,2080,452.265,4.793,457.058,4.025
LANDIS,27,conservation,2081,453.793,4.861,458.655,4.039
LANDIS,27,conservation,2082,455.28,4.93,460.209,4.052
LANDIS,27,conservation,2083,456.725,4.997,461.722,4.065
LANDIS,27,conservation,2084,458.129,5.064,463.193,4.077
LANDIS,27,conservation,2085,459.484,5.131,464.615,4.089
LANDIS,27,conservation,2086,460.788,5.197,465.985,4.101
LANDIS,27,conservation,2087,462.044,5.262,467.306,4.112
LANDIS,27,conservation,2088,463.233,5.327,468.56,4.123
LANDIS,27,conservation,2089,464.372,5.391,469.763,4.133
LANDIS,27,conservation,2090,465.461,5.455,470.916,4.143
LANDIS,27,conservation,2091,466.499,5.518,472.017,4.152
LANDIS,27,conservation,2092,467.488,5.58,473.069,4.161
LANDIS,27,conservation,2093,468.426,5.642,474.069,4.169
LANDIS,27,conservation,2094,469.314,5.704,475.017,4.177
LANDIS,27,conservation,2095,470.176,5.764,475.94,4.185
LANDIS,27,conservation,2096,471.016,5.824,476.84,4.192
LANDIS,27,conservation,2097,471.83,5.884,477.714,4.199
LANDIS,27,conservation,2098,472.638,5.943,478.581,4.206
LANDIS,27,conservation,2099,473.423,6.001,479.423,4.213
LANDIS,27,conservation,2100,474.183,6.059,480.242,4.22
LANDIS,27,intensive,2025,308.78,0,308.78,2.748
LANDIS,27,intensive,2026,310.993,0.879,311.873,2.768
LANDIS,27,intensive,2027,313.177,1.702,314.88,2.787
LANDIS,27,intensive,2028,315.324,2.478,317.802,2.806
LANDIS,27,intensive,2029,317.441,3.214,320.656,2.825
LANDIS,27,intensive,2030,319.53,3.917,323.447,2.844
LANDIS,27,intensive,2031,321.591,4.59,326.181,2.862
LANDIS,27,intensive,2032,323.623,5.239,328.862,2.88
LANDIS,27,intensive,2033,325.626,5.867,331.493,2.898
LANDIS,27,intensive,2034,327.6,6.476,334.076,2.916
LANDIS,27,intensive,2035,329.542,7.07,336.612,2.933
LANDIS,27,intensive,2036,331.419,7.649,339.069,2.95
LANDIS,27,intensive,2037,333.264,8.217,341.48,2.966
LANDIS,27,intensive,2038,334.815,8.773,343.587,2.98
LANDIS,27,intensive,2039,336.304,9.318,345.622,2.993
LANDIS,27,intensive,2040,337.732,9.853,347.585,3.006
LANDIS,27,intensive,2041,339.094,10.38,349.474,3.018
LANDIS,27,intensive,2042,340.39,10.898,351.288,3.029
LANDIS,27,intensive,2043,341.62,11.408,353.027,3.04
LANDIS,27,intensive,2044,342.779,11.91,354.689,3.051
LANDIS,27,intensive,2045,343.87,12.405,356.275,3.06
LANDIS,27,intensive,2046,344.924,12.893,357.817,3.07
LANDIS,27,intensive,2047,345.908,13.374,359.283,3.079
LANDIS,27,intensive,2048,347.077,13.849,360.927,3.089
LANDIS,27,intensive,2049,348.202,14.318,362.52,3.099
LANDIS,27,intensive,2050,349.283,14.782,364.065,3.109
LANDIS,27,intensive,2051,350.32,15.24,365.559,3.118
LANDIS,27,intensive,2052,351.314,15.692,367.006,3.127
LANDIS,27,intensive,2053,352.263,16.14,368.402,3.135
LANDIS,27,intensive,2054,353.169,16.581,369.75,3.143
LANDIS,27,intensive,2055,354.031,17.018,371.05,3.151
LANDIS,27,intensive,2056,354.847,17.45,372.297,3.158
LANDIS,27,intensive,2057,355.62,17.876,373.497,3.165
LANDIS,27,intensive,2058,356.366,18.297,374.663,3.172
LANDIS,27,intensive,2059,357.072,18.714,375.785,3.178
LANDIS,27,intensive,2060,357.738,19.125,376.863,3.184
LANDIS,27,intensive,2061,358.365,19.531,377.896,3.189
LANDIS,27,intensive,2062,358.953,19.932,378.885,3.195
LANDIS,27,intensive,2063,359.502,20.328,379.83,3.2
LANDIS,27,intensive,2064,360.014,20.72,380.734,3.204
LANDIS,27,intensive,2065,360.487,21.106,381.593,3.208
LANDIS,27,intensive,2066,360.923,21.487,382.41,3.212
LANDIS,27,intensive,2067,361.321,21.864,383.185,3.216
LANDIS,27,intensive,2068,361.68,22.236,383.916,3.219
LANDIS,27,intensive,2069,362.004,22.603,384.607,3.222
LANDIS,27,intensive,2070,362.293,22.965,385.258,3.224
LANDIS,27,intensive,2071,362.548,23.322,385.87,3.227
LANDIS,27,intensive,2072,362.768,23.674,386.443,3.229
LANDIS,27,intensive,2073,362.955,24.022,386.976,3.23
LANDIS,27,intensive,2074,363.108,24.365,387.472,3.232
LANDIS,27,intensive,2075,363.218,24.703,387.921,3.233
LANDIS,27,intensive,2076,363.287,25.036,388.323,3.233
LANDIS,27,intensive,2077,363.315,25.365,388.68,3.234
LANDIS,27,intensive,2078,363.304,25.689,388.993,3.233
LANDIS,27,intensive,2079,363.253,26.008,389.261,3.233
LANDIS,27,intensive,2080,363.161,26.323,389.484,3.232
LANDIS,27,intensive,2081,363.03,26.632,389.663,3.231
LANDIS,27,intensive,2082,362.86,26.937,389.797,3.229
LANDIS,27,intensive,2083,362.65,27.238,389.888,3.228
LANDIS,27,intensive,2084,362.402,27.533,389.935,3.225
LANDIS,27,intensive,2085,362.108,27.824,389.932,3.223
LANDIS,27,intensive,2086,361.765,28.11,389.875,3.22
LANDIS,27,intensive,2087,361.378,28.391,389.769,3.216
LANDIS,27,intensive,2088,360.927,28.668,389.594,3.212
LANDIS,27,intensive,2089,360.429,28.939,389.368,3.208
LANDIS,27,intensive,2090,359.885,29.206,389.091,3.203
LANDIS,27,intensive,2091,359.295,29.468,388.763,3.198
LANDIS,27,intensive,2092,358.66,29.725,388.385,3.192
LANDIS,27,intensive,2093,357.978,29.977,387.955,3.186
LANDIS,27,intensive,2094,357.25,30.224,387.475,3.18
LANDIS,27,intensive,2095,356.503,30.467,386.97,3.173
LANDIS,27,intensive,2096,355.738,30.704,386.442,3.166
LANDIS,27,intensive,2097,354.952,30.937,385.889,3.159
LANDIS,27,intensive,2098,354.165,31.165,385.33,3.152
LANDIS,27,intensive,2099,353.36,31.388,384.748,3.145
LANDIS,27,intensive,2100,352.537,31.607,384.144,3.138
LANDIS,28,reserve,2025,523.05,0,523.05,6.015
LANDIS,28,reserve,2026,535.636,0,535.636,6.16
LANDIS,28,reserve,2027,548.158,0,548.158,6.304
LANDIS,28,reserve,2028,560.618,0,560.618,6.447
LANDIS,28,reserve,2029,573.017,0,573.017,6.59
LANDIS,28,reserve,2030,585.355,0,585.355,6.732
LANDIS,28,reserve,2031,597.634,0,597.634,6.873
LANDIS,28,reserve,2032,609.854,0,609.854,7.013
LANDIS,28,reserve,2033,622.017,0,622.017,7.153
LANDIS,28,reserve,2034,634.123,0,634.123,7.292
LANDIS,28,reserve,2035,646.126,0,646.126,7.43
LANDIS,28,reserve,2036,658.027,0,658.027,7.567
LANDIS,28,reserve,2037,669.828,0,669.828,7.703
LANDIS,28,reserve,2038,681.529,0,681.529,7.838
LANDIS,28,reserve,2039,693.132,0,693.132,7.971
LANDIS,28,reserve,2040,704.638,0,704.638,8.103
LANDIS,28,reserve,2041,716.047,0,716.047,8.235
LANDIS,28,reserve,2042,727.362,0,727.362,8.365
LANDIS,28,reserve,2043,738.582,0,738.582,8.494
LANDIS,28,reserve,2044,749.708,0,749.708,8.622
LANDIS,28,reserve,2045,760.718,0,760.718,8.748
LANDIS,28,reserve,2046,771.613,0,771.613,8.874
LANDIS,28,reserve,2047,782.393,0,782.393,8.998
LANDIS,28,reserve,2048,793.058,0,793.058,9.12
LANDIS,28,reserve,2049,803.612,0,803.612,9.242
LANDIS,28,reserve,2050,814.053,0,814.053,9.362
LANDIS,28,reserve,2051,824.383,0,824.383,9.48
LANDIS,28,reserve,2052,834.603,0,834.603,9.598
LANDIS,28,reserve,2053,844.714,0,844.714,9.714
LANDIS,28,reserve,2054,854.716,0,854.716,9.829
LANDIS,28,reserve,2055,864.602,0,864.602,9.943
LANDIS,28,reserve,2056,874.373,0,874.373,10.055
LANDIS,28,reserve,2057,884.03,0,884.03,10.166
LANDIS,28,reserve,2058,893.573,0,893.573,10.276
LANDIS,28,reserve,2059,903.003,0,903.003,10.385
LANDIS,28,reserve,2060,912.321,0,912.321,10.492
LANDIS,28,reserve,2061,921.528,0,921.528,10.598
LANDIS,28,reserve,2062,930.623,0,930.623,10.702
LANDIS,28,reserve,2063,939.608,0,939.608,10.805
LANDIS,28,reserve,2064,948.484,0,948.484,10.908
LANDIS,28,reserve,2065,957.248,0,957.248,11.008
LANDIS,28,reserve,2066,965.902,0,965.902,11.108
LANDIS,28,reserve,2067,974.445,0,974.445,11.206
LANDIS,28,reserve,2068,982.878,0,982.878,11.303
LANDIS,28,reserve,2069,991.202,0,991.202,11.399
LANDIS,28,reserve,2070,999.417,0,999.417,11.493
LANDIS,28,reserve,2071,1007.524,0,1007.524,11.587
LANDIS,28,reserve,2072,1015.524,0,1015.524,11.679
LANDIS,28,reserve,2073,1023.416,0,1023.416,11.769
LANDIS,28,reserve,2074,1031.201,0,1031.201,11.859
LANDIS,28,reserve,2075,1038.884,0,1038.884,11.947
LANDIS,28,reserve,2076,1046.466,0,1046.466,12.034
LANDIS,28,reserve,2077,1053.946,0,1053.946,12.12
LANDIS,28,reserve,2078,1061.325,0,1061.325,12.205
LANDIS,28,reserve,2079,1068.603,0,1068.603,12.289
LANDIS,28,reserve,2080,1075.781,0,1075.781,12.371
LANDIS,28,reserve,2081,1082.86,0,1082.86,12.453
LANDIS,28,reserve,2082,1089.838,0,1089.838,12.533
LANDIS,28,reserve,2083,1096.718,0,1096.718,12.612
LANDIS,28,reserve,2084,1103.499,0,1103.499,12.69
LANDIS,28,reserve,2085,1110.186,0,1110.186,12.767
LANDIS,28,reserve,2086,1116.779,0,1116.779,12.843
LANDIS,28,reserve,2087,1123.278,0,1123.278,12.918
LANDIS,28,reserve,2088,1129.684,0,1129.684,12.991
LANDIS,28,reserve,2089,1135.998,0,1135.998,13.064
LANDIS,28,reserve,2090,1142.219,0,1142.219,13.136
LANDIS,28,reserve,2091,1148.347,0,1148.347,13.206
LANDIS,28,reserve,2092,1154.383,0,1154.383,13.275
LANDIS,28,reserve,2093,1160.328,0,1160.328,13.344
LANDIS,28,reserve,2094,1166.18,0,1166.18,13.411
LANDIS,28,reserve,2095,1171.951,0,1171.951,13.477
LANDIS,28,reserve,2096,1177.638,0,1177.638,13.543
LANDIS,28,reserve,2097,1183.244,0,1183.244,13.607
LANDIS,28,reserve,2098,1188.767,0,1188.767,13.671
LANDIS,28,reserve,2099,1194.209,0,1194.209,13.733
LANDIS,28,reserve,2100,1199.569,0,1199.569,13.795
LANDIS,28,BAU,2025,523.05,0,523.05,6.015
LANDIS,28,BAU,2026,532.977,1.329,534.307,6.129
LANDIS,28,BAU,2027,542.79,2.59,545.38,6.242
LANDIS,28,BAU,2028,552.491,3.793,556.284,6.354
LANDIS,28,BAU,2029,562.082,4.949,567.031,6.464
LANDIS,28,BAU,2030,571.563,6.067,577.63,6.573
LANDIS,28,BAU,2031,580.937,7.153,588.089,6.681
LANDIS,28,BAU,2032,590.204,8.212,598.416,6.787
LANDIS,28,BAU,2033,599.367,9.25,608.617,6.893
LANDIS,28,BAU,2034,608.426,10.27,618.696,6.997
LANDIS,28,BAU,2035,617.337,11.275,628.611,7.099
LANDIS,28,BAU,2036,626.1,12.267,638.367,7.2
LANDIS,28,BAU,2037,634.718,13.249,647.968,7.299
LANDIS,28,BAU,2038,643.193,14.222,657.416,7.397
LANDIS,28,BAU,2039,651.527,15.188,666.715,7.493
LANDIS,28,BAU,2040,659.721,16.147,675.868,7.587
LANDIS,28,BAU,2041,667.777,17.101,684.878,7.679
LANDIS,28,BAU,2042,675.698,18.049,693.747,7.771
LANDIS,28,BAU,2043,683.483,18.993,702.476,7.86
LANDIS,28,BAU,2044,691.135,19.932,711.067,7.948
LANDIS,28,BAU,2045,698.632,20.868,719.5,8.034
LANDIS,28,BAU,2046,705.976,21.8,727.776,8.119
LANDIS,28,BAU,2047,713.167,22.729,735.896,8.201
LANDIS,28,BAU,2048,720.207,23.654,743.861,8.282
LANDIS,28,BAU,2049,727.101,24.576,751.676,8.362
LANDIS,28,BAU,2050,733.846,25.494,759.339,8.439
LANDIS,28,BAU,2051,740.446,26.408,766.854,8.515
LANDIS,28,BAU,2052,746.902,27.319,774.221,8.589
LANDIS,28,BAU,2053,753.217,28.226,781.443,8.662
LANDIS,28,BAU,2054,759.39,29.13,788.52,8.733
LANDIS,28,BAU,2055,765.416,30.029,795.446,8.802
LANDIS,28,BAU,2056,771.297,30.925,802.222,8.87
LANDIS,28,BAU,2057,777.033,31.817,808.85,8.936
LANDIS,28,BAU,2058,782.627,32.704,815.33,9
LANDIS,28,BAU,2059,788.078,33.587,821.665,9.063
LANDIS,28,BAU,2060,793.391,34.466,827.856,9.124
LANDIS,28,BAU,2061,798.565,35.339,833.904,9.183
LANDIS,28,BAU,2062,803.601,36.209,839.81,9.241
LANDIS,28,BAU,2063,808.501,37.073,845.574,9.298
LANDIS,28,BAU,2064,813.268,37.932,851.2,9.353
LANDIS,28,BAU,2065,817.898,38.787,856.685,9.406
LANDIS,28,BAU,2066,822.395,39.636,862.03,9.458
LANDIS,28,BAU,2067,826.757,40.48,867.237,9.508
LANDIS,28,BAU,2068,830.988,41.318,872.306,9.556
LANDIS,28,BAU,2069,835.088,42.151,877.239,9.604
LANDIS,28,BAU,2070,839.058,42.978,882.036,9.649
LANDIS,28,BAU,2071,842.901,43.799,886.699,9.693
LANDIS,28,BAU,2072,846.616,44.614,891.23,9.736
LANDIS,28,BAU,2073,850.205,45.424,895.628,9.777
LANDIS,28,BAU,2074,853.668,46.227,899.895,9.817
LANDIS,28,BAU,2075,857.012,47.024,904.036,9.856
LANDIS,28,BAU,2076,860.238,47.815,908.053,9.893
LANDIS,28,BAU,2077,863.345,48.599,911.944,9.928
LANDIS,28,BAU,2078,866.336,49.377,915.713,9.963
LANDIS,28,BAU,2079,869.211,50.148,919.359,9.996
LANDIS,28,BAU,2080,871.97,50.913,922.883,10.028
LANDIS,28,BAU,2081,874.617,51.671,926.288,10.058
LANDIS,28,BAU,2082,877.15,52.422,929.572,10.087
LANDIS,28,BAU,2083,879.571,53.167,932.738,10.115
LANDIS,28,BAU,2084,881.881,53.905,935.786,10.142
LANDIS,28,BAU,2085,884.086,54.635,938.721,10.167
LANDIS,28,BAU,2086,886.185,55.359,941.544,10.191
LANDIS,28,BAU,2087,888.18,56.076,944.255,10.214
LANDIS,28,BAU,2088,890.071,56.785,946.856,10.236
LANDIS,28,BAU,2089,891.861,57.487,949.348,10.256
LANDIS,28,BAU,2090,893.549,58.182,951.731,10.276
LANDIS,28,BAU,2091,895.135,58.87,954.005,10.294
LANDIS,28,BAU,2092,896.621,59.551,956.172,10.311
LANDIS,28,BAU,2093,898.008,60.224,958.232,10.327
LANDIS,28,BAU,2094,899.296,60.89,960.186,10.342
LANDIS,28,BAU,2095,900.496,61.548,962.044,10.356
LANDIS,28,BAU,2096,901.606,62.199,963.805,10.368
LANDIS,28,BAU,2097,902.629,62.843,965.471,10.38
LANDIS,28,BAU,2098,903.564,63.479,967.042,10.391
LANDIS,28,BAU,2099,904.413,64.107,968.52,10.401
LANDIS,28,BAU,2100,905.176,64.728,969.904,10.41
LANDIS,28,conservation,2025,523.05,0,523.05,6.015
LANDIS,28,conservation,2026,534.664,0.486,535.15,6.149
LANDIS,28,conservation,2027,546.193,0.948,547.141,6.281
LANDIS,28,conservation,2028,557.639,1.391,559.029,6.413
LANDIS,28,conservation,2029,569.002,1.818,570.82,6.544
LANDIS,28,conservation,2030,580.283,2.232,582.515,6.673
LANDIS,28,conservation,2031,591.484,2.636,594.12,6.802
LANDIS,28,conservation,2032,602.605,3.032,605.637,6.93
LANDIS,28,conservation,2033,613.649,3.42,617.069,7.057
LANDIS,28,conservation,2034,624.615,3.804,628.419,7.183
LANDIS,28,conservation,2035,635.457,4.183,639.641,7.308
LANDIS,28,conservation,2036,646.178,4.559,650.737,7.431
LANDIS,28,conservation,2037,656.779,4.932,661.711,7.553
LANDIS,28,conservation,2038,667.26,5.304,672.563,7.673
LANDIS,28,conservation,2039,677.623,5.673,683.296,7.793
LANDIS,28,conservation,2040,687.87,6.041,693.912,7.911
LANDIS,28,conservation,2041,698.002,6.408,704.41,8.027
LANDIS,28,conservation,2042,708.02,6.775,714.795,8.142
LANDIS,28,conservation,2043,717.925,7.141,725.065,8.256
LANDIS,28,conservation,2044,727.717,7.506,735.223,8.369
LANDIS,28,conservation,2045,737.375,7.871,745.247,8.48
LANDIS,28,conservation,2046,746.901,8.236,755.137,8.589
LANDIS,28,conservation,2047,756.293,8.601,764.894,8.697
LANDIS,28,conservation,2048,765.553,8.965,774.518,8.804
LANDIS,28,conservation,2049,774.685,9.329,784.014,8.909
LANDIS,28,conservation,2050,783.687,9.693,793.38,9.012
LANDIS,28,conservation,2051,792.561,10.056,802.618,9.114
LANDIS,28,conservation,2052,801.309,10.42,811.729,9.215
LANDIS,28,conservation,2053,809.932,10.783,820.714,9.314
LANDIS,28,conservation,2054,818.429,11.145,829.574,9.412
LANDIS,28,conservation,2055,826.795,11.507,838.302,9.508
LANDIS,28,conservation,2056,835.03,11.869,846.899,9.603
LANDIS,28,conservation,2057,843.136,12.23,855.366,9.696
LANDIS,28,conservation,2058,851.113,12.591,863.703,9.788
LANDIS,28,conservation,2059,858.962,12.951,871.913,9.878
LANDIS,28,conservation,2060,866.684,13.31,879.994,9.967
LANDIS,28,conservation,2061,874.281,13.669,887.95,10.054
LANDIS,28,conservation,2062,881.752,14.027,895.779,10.14
LANDIS,28,conservation,2063,889.099,14.384,903.483,10.225
LANDIS,28,conservation,2064,896.323,14.74,911.064,10.308
LANDIS,28,conservation,2065,903.422,15.096,918.518,10.389
LANDIS,28,conservation,2066,910.398,15.45,925.848,10.47
LANDIS,28,conservation,2067,917.25,15.803,933.053,10.548
LANDIS,28,conservation,2068,923.979,16.155,940.135,10.626
LANDIS,28,conservation,2069,930.587,16.507,947.093,10.702
LANDIS,28,conservation,2070,937.073,16.856,953.929,10.776
LANDIS,28,conservation,2071,943.439,17.205,960.644,10.85
LANDIS,28,conservation,2072,949.687,17.552,967.239,10.921
LANDIS,28,conservation,2073,955.815,17.898,973.713,10.992
LANDIS,28,conservation,2074,961.824,18.243,980.067,11.061
LANDIS,28,conservation,2075,967.72,18.586,986.307,11.129
LANDIS,28,conservation,2076,973.505,18.928,992.433,11.195
LANDIS,28,conservation,2077,979.176,19.269,998.445,11.261
LANDIS,28,conservation,2078,984.737,19.607,1004.344,11.324
LANDIS,28,conservation,2079,990.185,19.945,1010.13,11.387
LANDIS,28,conservation,2080,995.524,20.28,1015.804,11.449
LANDIS,28,conservation,2081,1000.754,20.614,1021.368,11.509
LANDIS,28,conservation,2082,1005.873,20.946,1026.819,11.568
LANDIS,28,conservation,2083,1010.884,21.277,1032.161,11.625
LANDIS,28,conservation,2084,1015.787,21.606,1037.393,11.682
LANDIS,28,conservation,2085,1020.587,21.933,1042.52,11.737
LANDIS,28,conservation,2086,1025.285,22.258,1047.543,11.791
LANDIS,28,conservation,2087,1029.879,22.581,1052.46,11.844
LANDIS,28,conservation,2088,1034.372,22.903,1057.275,11.895
LANDIS,28,conservation,2089,1038.764,23.222,1061.987,11.946
LANDIS,28,conservation,2090,1043.056,23.54,1066.596,11.995
LANDIS,28,conservation,2091,1047.246,23.856,1071.102,12.043
LANDIS,28,conservation,2092,1051.337,24.17,1075.506,12.09
LANDIS,28,conservation,2093,1055.329,24.481,1079.81,12.136
LANDIS,28,conservation,2094,1059.221,24.791,1084.012,12.181
LANDIS,28,conservation,2095,1063.024,25.099,1088.123,12.225
LANDIS,28,conservation,2096,1066.736,25.404,1092.141,12.267
LANDIS,28,conservation,2097,1070.361,25.708,1096.069,12.309
LANDIS,28,conservation,2098,1073.895,26.009,1099.905,12.35
LANDIS,28,conservation,2099,1077.343,26.309,1103.651,12.389
LANDIS,28,conservation,2100,1080.701,26.606,1107.307,12.428
LANDIS,28,intensive,2025,523.05,0,523.05,6.015
LANDIS,28,intensive,2026,529.518,3.059,532.577,6.089
LANDIS,28,intensive,2027,535.847,5.938,541.786,6.162
LANDIS,28,intensive,2028,542.04,8.668,550.708,6.233
LANDIS,28,intensive,2029,548.099,11.272,559.371,6.303
LANDIS,28,intensive,2030,554.027,13.77,567.796,6.371
LANDIS,28,intensive,2031,559.826,16.178,576.004,6.438
LANDIS,28,intensive,2032,565.498,18.51,584.008,6.503
LANDIS,28,intensive,2033,571.047,20.778,591.825,6.567
LANDIS,28,intensive,2034,576.474,22.989,599.463,6.629
LANDIS,28,intensive,2035,581.735,25.153,606.888,6.69
LANDIS,28,intensive,2036,586.832,27.275,614.106,6.749
LANDIS,28,intensive,2037,591.769,29.359,621.128,6.805
LANDIS,28,intensive,2038,596.549,31.41,627.959,6.86
LANDIS,28,intensive,2039,601.174,33.431,634.605,6.914
LANDIS,28,intensive,2040,605.649,35.424,641.074,6.965
LANDIS,28,intensive,2041,609.974,37.393,647.367,7.015
LANDIS,28,intensive,2042,614.155,39.338,653.493,7.063
LANDIS,28,intensive,2043,618.192,41.26,659.452,7.109
LANDIS,28,intensive,2044,622.088,43.162,665.25,7.154
LANDIS,28,intensive,2045,625.822,45.044,670.865,7.197
LANDIS,28,intensive,2046,629.397,46.906,676.303,7.238
LANDIS,28,intensive,2047,632.816,48.749,681.565,7.277
LANDIS,28,intensive,2048,636.079,50.573,686.652,7.315
LANDIS,28,intensive,2049,639.194,52.379,691.572,7.351
LANDIS,28,intensive,2050,642.159,54.166,696.325,7.385
LANDIS,28,intensive,2051,644.978,55.935,700.913,7.417
LANDIS,28,intensive,2052,647.654,57.686,705.34,7.448
LANDIS,28,intensive,2053,650.19,59.418,709.608,7.477
LANDIS,28,intensive,2054,652.588,61.132,713.72,7.505
LANDIS,28,intensive,2055,654.841,62.828,717.669,7.531
LANDIS,28,intensive,2056,656.953,64.505,721.458,7.555
LANDIS,28,intensive,2057,658.926,66.164,725.09,7.578
LANDIS,28,intensive,2058,660.762,67.804,728.567,7.599
LANDIS,28,intensive,2059,662.464,69.426,731.89,7.618
LANDIS,28,intensive,2060,664.034,71.028,735.062,7.636
LANDIS,28,intensive,2061,665.474,72.611,738.086,7.653
LANDIS,28,intensive,2062,666.786,74.175,740.962,7.668
LANDIS,28,intensive,2063,667.972,75.72,743.693,7.682
LANDIS,28,intensive,2064,669.036,77.246,746.282,7.694
LANDIS,28,intensive,2065,669.975,78.752,748.727,7.705
LANDIS,28,intensive,2066,670.793,80.238,751.031,7.714
LANDIS,28,intensive,2067,671.49,81.705,753.195,7.722
LANDIS,28,intensive,2068,672.069,83.152,755.221,7.729
LANDIS,28,intensive,2069,672.533,84.578,757.111,7.734
LANDIS,28,intensive,2070,672.882,85.985,758.867,7.738
LANDIS,28,intensive,2071,673.119,87.372,760.491,7.741
LANDIS,28,intensive,2072,673.246,88.738,761.984,7.742
LANDIS,28,intensive,2073,673.264,90.085,763.348,7.743
LANDIS,28,intensive,2074,673.174,91.411,764.585,7.742
LANDIS,28,intensive,2075,672.984,92.716,765.7,7.739
LANDIS,28,intensive,2076,672.695,94.001,766.696,7.736
LANDIS,28,intensive,2077,672.307,95.266,767.573,7.732
LANDIS,28,intensive,2078,671.822,96.51,768.332,7.726
LANDIS,28,intensive,2079,671.243,97.734,768.977,7.719
LANDIS,28,intensive,2080,670.57,98.937,769.507,7.712
LANDIS,28,intensive,2081,669.806,100.12,769.926,7.703
LANDIS,28,intensive,2082,668.95,101.282,770.232,7.693
LANDIS,28,intensive,2083,668.006,102.424,770.429,7.682
LANDIS,28,intensive,2084,666.974,103.545,770.519,7.67
LANDIS,28,intensive,2085,665.86,104.645,770.505,7.657
LANDIS,28,intensive,2086,664.665,105.726,770.391,7.644
LANDIS,28,intensive,2087,663.39,106.785,770.176,7.629
LANDIS,28,intensive,2088,662.037,107.825,769.862,7.613
LANDIS,28,intensive,2089,660.608,108.844,769.452,7.597
LANDIS,28,intensive,2090,659.103,109.843,768.945,7.58
LANDIS,28,intensive,2091,657.522,110.821,768.343,7.562
LANDIS,28,intensive,2092,655.867,111.78,767.647,7.542
LANDIS,28,intensive,2093,654.141,112.718,766.859,7.523
LANDIS,28,intensive,2094,652.342,113.636,765.978,7.502
LANDIS,28,intensive,2095,650.484,114.534,765.018,7.481
LANDIS,28,intensive,2096,648.563,115.412,763.975,7.458
LANDIS,28,intensive,2097,646.583,116.27,762.853,7.436
LANDIS,28,intensive,2098,644.544,117.109,761.653,7.412
LANDIS,28,intensive,2099,642.447,117.928,760.375,7.388
LANDIS,28,intensive,2100,640.293,118.727,759.02,7.363
LANDIS,29,reserve,2025,401.36,0,401.36,4.174
LANDIS,29,reserve,2026,413.618,0,413.618,4.302
LANDIS,29,reserve,2027,425.934,0,425.934,4.43
LANDIS,29,reserve,2028,438.308,0,438.308,4.558
LANDIS,29,reserve,2029,450.74,0,450.74,4.688
LANDIS,29,reserve,2030,463.23,0,463.23,4.818
LANDIS,29,reserve,2031,475.778,0,475.778,4.948
LANDIS,29,reserve,2032,488.385,0,488.385,5.079
LANDIS,29,reserve,2033,501.05,0,501.05,5.211
LANDIS,29,reserve,2034,513.774,0,513.774,5.343
LANDIS,29,reserve,2035,526.474,0,526.474,5.475
LANDIS,29,reserve,2036,539.152,0,539.152,5.607
LANDIS,29,reserve,2037,551.808,0,551.808,5.739
LANDIS,29,reserve,2038,564.444,0,564.444,5.87
LANDIS,29,reserve,2039,577.061,0,577.061,6.001
LANDIS,29,reserve,2040,589.658,0,589.658,6.132
LANDIS,29,reserve,2041,602.239,0,602.239,6.263
LANDIS,29,reserve,2042,614.802,0,614.802,6.394
LANDIS,29,reserve,2043,627.349,0,627.349,6.524
LANDIS,29,reserve,2044,639.881,0,639.881,6.655
LANDIS,29,reserve,2045,652.344,0,652.344,6.784
LANDIS,29,reserve,2046,664.738,0,664.738,6.913
LANDIS,29,reserve,2047,677.066,0,677.066,7.041
LANDIS,29,reserve,2048,689.328,0,689.328,7.169
LANDIS,29,reserve,2049,701.524,0,701.524,7.296
LANDIS,29,reserve,2050,713.657,0,713.657,7.422
LANDIS,29,reserve,2051,725.727,0,725.727,7.547
LANDIS,29,reserve,2052,737.735,0,737.735,7.672
LANDIS,29,reserve,2053,749.682,0,749.682,7.797
LANDIS,29,reserve,2054,761.569,0,761.569,7.92
LANDIS,29,reserve,2055,773.363,0,773.363,8.043
LANDIS,29,reserve,2056,785.065,0,785.065,8.165
LANDIS,29,reserve,2057,796.677,0,796.677,8.285
LANDIS,29,reserve,2058,808.198,0,808.198,8.405
LANDIS,29,reserve,2059,819.631,0,819.631,8.524
LANDIS,29,reserve,2060,830.976,0,830.976,8.642
LANDIS,29,reserve,2061,842.234,0,842.234,8.759
LANDIS,29,reserve,2062,853.406,0,853.406,8.875
LANDIS,29,reserve,2063,864.492,0,864.492,8.991
LANDIS,29,reserve,2064,875.493,0,875.493,9.105
LANDIS,29,reserve,2065,886.391,0,886.391,9.218
LANDIS,29,reserve,2066,897.186,0,897.186,9.331
LANDIS,29,reserve,2067,907.878,0,907.878,9.442
LANDIS,29,reserve,2068,918.47,0,918.47,9.552
LANDIS,29,reserve,2069,928.961,0,928.961,9.661
LANDIS,29,reserve,2070,939.352,0,939.352,9.769
LANDIS,29,reserve,2071,949.643,0,949.643,9.876
LANDIS,29,reserve,2072,959.837,0,959.837,9.982
LANDIS,29,reserve,2073,969.932,0,969.932,10.087
LANDIS,29,reserve,2074,979.93,0,979.93,10.191
LANDIS,29,reserve,2075,989.823,0,989.823,10.294
LANDIS,29,reserve,2076,999.611,0,999.611,10.396
LANDIS,29,reserve,2077,1009.294,0,1009.294,10.497
LANDIS,29,reserve,2078,1018.874,0,1018.874,10.596
LANDIS,29,reserve,2079,1028.351,0,1028.351,10.695
LANDIS,29,reserve,2080,1037.725,0,1037.725,10.792
LANDIS,29,reserve,2081,1046.997,0,1046.997,10.889
LANDIS,29,reserve,2082,1056.168,0,1056.168,10.984
LANDIS,29,reserve,2083,1065.237,0,1065.237,11.078
LANDIS,29,reserve,2084,1074.206,0,1074.206,11.172
LANDIS,29,reserve,2085,1083.072,0,1083.072,11.264
LANDIS,29,reserve,2086,1091.836,0,1091.836,11.355
LANDIS,29,reserve,2087,1100.497,0,1100.497,11.445
LANDIS,29,reserve,2088,1109.057,0,1109.057,11.534
LANDIS,29,reserve,2089,1117.515,0,1117.515,11.622
LANDIS,29,reserve,2090,1125.873,0,1125.873,11.709
LANDIS,29,reserve,2091,1134.13,0,1134.13,11.795
LANDIS,29,reserve,2092,1142.287,0,1142.287,11.88
LANDIS,29,reserve,2093,1150.344,0,1150.344,11.963
LANDIS,29,reserve,2094,1158.303,0,1158.303,12.046
LANDIS,29,reserve,2095,1166.164,0,1166.164,12.128
LANDIS,29,reserve,2096,1173.93,0,1173.93,12.209
LANDIS,29,reserve,2097,1181.6,0,1181.6,12.289
LANDIS,29,reserve,2098,1189.175,0,1189.175,12.367
LANDIS,29,reserve,2099,1196.655,0,1196.655,12.445
LANDIS,29,reserve,2100,1204.04,0,1204.04,12.522
LANDIS,29,BAU,2025,401.36,0,401.36,4.174
LANDIS,29,BAU,2026,413.455,0.081,413.537,4.3
LANDIS,29,BAU,2027,425.604,0.159,425.763,4.426
LANDIS,29,BAU,2028,437.806,0.235,438.04,4.553
LANDIS,29,BAU,2029,450.06,0.308,450.368,4.681
LANDIS,29,BAU,2030,462.368,0.38,462.748,4.809
LANDIS,29,BAU,2031,474.729,0.45,475.179,4.937
LANDIS,29,BAU,2032,487.143,0.52,487.664,5.066
LANDIS,29,BAU,2033,499.611,0.589,500.2,5.196
LANDIS,29,BAU,2034,512.133,0.658,512.791,5.326
LANDIS,29,BAU,2035,524.625,0.727,525.352,5.456
LANDIS,29,BAU,2036,537.091,0.796,537.887,5.586
LANDIS,29,BAU,2037,549.529,0.865,550.394,5.715
LANDIS,29,BAU,2038,561.942,0.934,562.877,5.844
LANDIS,29,BAU,2039,574.332,1.003,575.335,5.973
LANDIS,29,BAU,2040,586.696,1.073,587.769,6.102
LANDIS,29,BAU,2041,599.04,1.143,600.183,6.23
LANDIS,29,BAU,2042,611.36,1.214,612.574,6.358
LANDIS,29,BAU,2043,623.659,1.285,624.944,6.486
LANDIS,29,BAU,2044,635.939,1.356,637.295,6.614
LANDIS,29,BAU,2045,648.144,1.428,649.572,6.741
LANDIS,29,BAU,2046,660.275,1.5,661.776,6.867
LANDIS,29,BAU,2047,672.336,1.573,673.909,6.992
LANDIS,29,BAU,2048,684.326,1.646,685.972,7.117
LANDIS,29,BAU,2049,696.244,1.72,697.964,7.241
LANDIS,29,BAU,2050,708.095,1.794,709.89,7.364
LANDIS,29,BAU,2051,719.879,1.869,721.747,7.487
LANDIS,29,BAU,2052,731.595,1.944,733.539,7.609
LANDIS,29,BAU,2053,743.246,2.019,745.265,7.73
LANDIS,29,BAU,2054,754.832,2.095,756.927,7.85
LANDIS,29,BAU,2055,766.32,2.172,768.491,7.97
LANDIS,29,BAU,2056,777.711,2.248,779.96,8.088
LANDIS,29,BAU,2057,789.008,2.325,791.334,8.206
LANDIS,29,BAU,2058,800.21,2.403,802.613,8.322
LANDIS,29,BAU,2059,811.319,2.481,813.799,8.438
LANDIS,29,BAU,2060,822.335,2.559,824.894,8.552
LANDIS,29,BAU,2061,833.26,2.637,835.897,8.666
LANDIS,29,BAU,2062,844.094,2.716,846.81,8.778
LANDIS,29,BAU,2063,854.838,2.795,857.634,8.89
LANDIS,29,BAU,2064,865.493,2.874,868.368,9.001
LANDIS,29,BAU,2065,876.041,2.954,878.995,9.111
LANDIS,29,BAU,2066,886.481,3.034,889.514,9.219
LANDIS,29,BAU,2067,896.814,3.114,899.927,9.327
LANDIS,29,BAU,2068,907.042,3.194,910.236,9.433
LANDIS,29,BAU,2069,917.166,3.274,920.44,9.538
LANDIS,29,BAU,2070,927.185,3.355,930.54,9.643
LANDIS,29,BAU,2071,937.101,3.436,940.536,9.746
LANDIS,29,BAU,2072,946.915,3.516,950.432,9.848
LANDIS,29,BAU,2073,956.627,3.597,960.224,9.949
LANDIS,29,BAU,2074,966.237,3.679,969.916,10.049
LANDIS,29,BAU,2075,975.739,3.76,979.499,10.148
LANDIS,29,BAU,2076,985.132,3.841,988.973,10.245
LANDIS,29,BAU,2077,994.415,3.922,998.338,10.342
LANDIS,29,BAU,2078,1003.593,4.004,1007.596,10.437
LANDIS,29,BAU,2079,1012.663,4.085,1016.748,10.532
LANDIS,29,BAU,2080,1021.627,4.167,1025.793,10.625
LANDIS,29,BAU,2081,1030.485,4.248,1034.733,10.717
LANDIS,29,BAU,2082,1039.239,4.329,1043.568,10.808
LANDIS,29,BAU,2083,1047.887,4.411,1052.298,10.898
LANDIS,29,BAU,2084,1056.431,4.492,1060.924,10.987
LANDIS,29,BAU,2085,1064.869,4.574,1069.443,11.075
LANDIS,29,BAU,2086,1073.202,4.655,1077.857,11.161
LANDIS,29,BAU,2087,1081.428,4.736,1086.164,11.247
LANDIS,29,BAU,2088,1089.55,4.817,1094.367,11.331
LANDIS,29,BAU,2089,1097.567,4.898,1102.465,11.415
LANDIS,29,BAU,2090,1105.48,4.979,1110.46,11.497
LANDIS,29,BAU,2091,1113.289,5.06,1118.35,11.578
LANDIS,29,BAU,2092,1120.996,5.141,1126.136,11.658
LANDIS,29,BAU,2093,1128.598,5.222,1133.82,11.737
LANDIS,29,BAU,2094,1136.1,5.302,1141.402,11.815
LANDIS,29,BAU,2095,1143.501,5.382,1148.883,11.892
LANDIS,29,BAU,2096,1150.804,5.462,1156.266,11.968
LANDIS,29,BAU,2097,1158.008,5.542,1163.55,12.043
LANDIS,29,BAU,2098,1165.114,5.622,1170.736,12.117
LANDIS,29,BAU,2099,1172.122,5.702,1177.823,12.19
LANDIS,29,BAU,2100,1179.032,5.781,1184.813,12.262
LANDIS,29,conservation,2025,401.36,0,401.36,4.174
LANDIS,29,conservation,2026,413.555,0.031,413.587,4.301
LANDIS,29,conservation,2027,425.806,0.062,425.868,4.428
LANDIS,29,conservation,2028,438.114,0.091,438.204,4.556
LANDIS,29,conservation,2029,450.477,0.119,450.596,4.685
LANDIS,29,conservation,2030,462.897,0.147,463.043,4.814
LANDIS,29,conservation,2031,475.372,0.174,475.546,4.944
LANDIS,29,conservation,2032,487.905,0.201,488.106,5.074
LANDIS,29,conservation,2033,500.493,0.228,500.721,5.205
LANDIS,29,conservation,2034,513.139,0.255,513.394,5.337
LANDIS,29,conservation,2035,525.758,0.281,526.04,5.468
LANDIS,29,conservation,2036,538.354,0.308,538.662,5.599
LANDIS,29,conservation,2037,550.926,0.335,551.261,5.73
LANDIS,29,conservation,2038,563.476,0.362,563.837,5.86
LANDIS,29,conservation,2039,576.004,0.389,576.393,5.99
LANDIS,29,conservation,2040,588.511,0.416,588.927,6.12
LANDIS,29,conservation,2041,601,0.443,601.443,6.25
LANDIS,29,conservation,2042,613.469,0.47,613.939,6.38
LANDIS,29,conservation,2043,625.92,0.498,626.417,6.51
LANDIS,29,conservation,2044,638.354,0.525,638.879,6.639
LANDIS,29,conservation,2045,650.717,0.553,651.27,6.767
LANDIS,29,conservation,2046,663.009,0.581,663.59,6.895
LANDIS,29,conservation,2047,675.233,0.61,675.843,7.022
LANDIS,29,conservation,2048,687.389,0.638,688.027,7.149
LANDIS,29,conservation,2049,699.478,0.667,700.144,7.274
LANDIS,29,conservation,2050,711.501,0.696,712.197,7.4
LANDIS,29,conservation,2051,723.46,0.725,724.184,7.524
LANDIS,29,conservation,2052,735.354,0.754,736.108,7.648
LANDIS,29,conservation,2053,747.186,0.783,747.97,7.771
LANDIS,29,conservation,2054,758.956,0.813,759.769,7.893
LANDIS,29,conservation,2055,770.631,0.843,771.474,8.014
LANDIS,29,conservation,2056,782.213,0.872,783.085,8.135
LANDIS,29,conservation,2057,793.702,0.902,794.605,8.254
LANDIS,29,conservation,2058,805.099,0.933,806.032,8.373
LANDIS,29,conservation,2059,816.406,0.963,817.369,8.491
LANDIS,29,conservation,2060,827.623,0.993,828.616,8.607
LANDIS,29,conservation,2061,838.751,1.024,839.775,8.723
LANDIS,29,conservation,2062,849.792,1.055,850.847,8.838
LANDIS,29,conservation,2063,860.745,1.085,861.83,8.952
LANDIS,29,conservation,2064,871.611,1.116,872.728,9.065
LANDIS,29,conservation,2065,882.373,1.147,883.52,9.177
LANDIS,29,conservation,2066,893.03,1.179,894.208,9.287
LANDIS,29,conservation,2067,903.582,1.21,904.791,9.397
LANDIS,29,conservation,2068,914.032,1.241,915.273,9.506
LANDIS,29,conservation,2069,924.38,1.272,925.652,9.613
LANDIS,29,conservation,2070,934.626,1.304,935.93,9.72
LANDIS,29,conservation,2071,944.771,1.335,946.106,9.826
LANDIS,29,conservation,2072,954.817,1.367,956.184,9.93
LANDIS,29,conservation,2073,964.762,1.399,966.161,10.033
LANDIS,29,conservation,2074,974.609,1.43,976.04,10.136
LANDIS,29,conservation,2075,984.35,1.462,985.812,10.237
LANDIS,29,conservation,2076,993.984,1.494,995.477,10.337
LANDIS,29,conservation,2077,1003.511,1.526,1005.037,10.436
LANDIS,29,conservation,2078,1012.934,1.558,1014.491,10.534
LANDIS,29,conservation,2079,1022.252,1.589,1023.842,10.631
LANDIS,29,conservation,2080,1031.466,1.621,1033.087,10.727
LANDIS,29,conservation,2081,1040.577,1.653,1042.23,10.822
LANDIS,29,conservation,2082,1049.585,1.685,1051.27,10.916
LANDIS,29,conservation,2083,1058.489,1.717,1060.206,11.008
LANDIS,29,conservation,2084,1067.292,1.749,1069.041,11.1
LANDIS,29,conservation,2085,1075.991,1.781,1077.772,11.19
LANDIS,29,conservation,2086,1084.587,1.813,1086.399,11.28
LANDIS,29,conservation,2087,1093.078,1.844,1094.922,11.368
LANDIS,29,conservation,2088,1101.467,1.876,1103.343,11.455
LANDIS,29,conservation,2089,1109.752,1.908,1111.66,11.541
LANDIS,29,conservation,2090,1117.937,1.94,1119.876,11.626
LANDIS,29,conservation,2091,1126.018,1.972,1127.99,11.71
LANDIS,29,conservation,2092,1133.999,2.003,1136.002,11.793
LANDIS,29,conservation,2093,1141.879,2.035,1143.913,11.875
LANDIS,29,conservation,2094,1149.659,2.066,1151.725,11.956
LANDIS,29,conservation,2095,1157.34,2.098,1159.438,12.036
LANDIS,29,conservation,2096,1164.924,2.13,1167.054,12.115
LANDIS,29,conservation,2097,1172.412,2.161,1174.573,12.193
LANDIS,29,conservation,2098,1179.803,2.192,1181.996,12.27
LANDIS,29,conservation,2099,1187.099,2.224,1189.322,12.346
LANDIS,29,conservation,2100,1194.298,2.255,1196.553,12.421
LANDIS,29,intensive,2025,401.36,0,401.36,4.174
LANDIS,29,intensive,2026,413.222,0.198,413.42,4.297
LANDIS,29,intensive,2027,425.131,0.388,425.518,4.421
LANDIS,29,intensive,2028,437.086,0.571,437.656,4.546
LANDIS,29,intensive,2029,449.087,0.749,449.836,4.67
LANDIS,29,intensive,2030,461.134,0.923,462.057,4.796
LANDIS,29,intensive,2031,473.227,1.095,474.322,4.922
LANDIS,29,intensive,2032,485.368,1.264,486.632,5.048
LANDIS,29,intensive,2033,497.554,1.432,498.986,5.175
LANDIS,29,intensive,2034,509.787,1.599,511.386,5.302
LANDIS,29,intensive,2035,521.985,1.765,523.75,5.429
LANDIS,29,intensive,2036,534.148,1.932,536.08,5.555
LANDIS,29,intensive,2037,546.277,2.098,548.376,5.681
LANDIS,29,intensive,2038,558.375,2.265,560.64,5.807
LANDIS,29,intensive,2039,570.441,2.433,572.874,5.933
LANDIS,29,intensive,2040,582.476,2.601,585.077,6.058
LANDIS,29,intensive,2041,594.482,2.77,597.253,6.183
LANDIS,29,intensive,2042,606.459,2.94,609.4,6.307
LANDIS,29,intensive,2043,618.408,3.111,621.52,6.431
LANDIS,29,intensive,2044,630.331,3.283,633.614,6.555
LANDIS,29,intensive,2045,642.172,3.456,645.628,6.679
LANDIS,29,intensive,2046,653.933,3.63,657.563,6.801
LANDIS,29,intensive,2047,665.616,3.805,669.421,6.922
LANDIS,29,intensive,2048,677.222,3.981,681.203,7.043
LANDIS,29,intensive,2049,688.75,4.159,692.909,7.163
LANDIS,29,intensive,2050,700.204,4.337,704.541,7.282
LANDIS,29,intensive,2051,711.584,4.516,716.099,7.4
LANDIS,29,intensive,2052,722.89,4.696,727.586,7.518
LANDIS,29,intensive,2053,734.124,4.877,739.001,7.635
LANDIS,29,intensive,2054,745.287,5.059,750.346,7.751
LANDIS,29,intensive,2055,756.346,5.242,761.588,7.866
LANDIS,29,intensive,2056,767.303,5.426,772.728,7.98
LANDIS,29,intensive,2057,778.158,5.61,783.768,8.093
LANDIS,29,intensive,2058,788.912,5.796,794.708,8.205
LANDIS,29,intensive,2059,799.567,5.982,805.549,8.315
LANDIS,29,intensive,2060,810.124,6.168,816.292,8.425
LANDIS,29,intensive,2061,820.583,6.356,826.939,8.534
LANDIS,29,intensive,2062,830.946,6.544,837.49,8.642
LANDIS,29,intensive,2063,841.212,6.733,847.945,8.749
LANDIS,29,intensive,2064,851.384,6.922,858.306,8.854
LANDIS,29,intensive,2065,861.443,7.111,868.554,8.959
LANDIS,29,intensive,2066,871.388,7.301,878.69,9.062
LANDIS,29,intensive,2067,881.221,7.492,888.713,9.165
LANDIS,29,intensive,2068,890.944,7.683,898.627,9.266
LANDIS,29,intensive,2069,900.557,7.874,908.431,9.366
LANDIS,29,intensive,2070,910.06,8.066,918.125,9.465
LANDIS,29,intensive,2071,919.453,8.258,927.711,9.562
LANDIS,29,intensive,2072,928.741,8.45,937.19,9.659
LANDIS,29,intensive,2073,937.92,8.642,946.562,9.754
LANDIS,29,intensive,2074,946.993,8.834,955.827,9.849
LANDIS,29,intensive,2075,955.953,9.027,964.979,9.942
LANDIS,29,intensive,2076,964.798,9.219,974.017,10.034
LANDIS,29,intensive,2077,973.53,9.412,982.942,10.125
LANDIS,29,intensive,2078,982.15,9.605,991.754,10.214
LANDIS,29,intensive,2079,990.658,9.797,1000.456,10.303
LANDIS,29,intensive,2080,999.056,9.99,1009.046,10.39
LANDIS,29,intensive,2081,1007.343,10.182,1017.525,10.476
LANDIS,29,intensive,2082,1015.52,10.375,1025.895,10.561
LANDIS,29,intensive,2083,1023.588,10.567,1034.155,10.645
LANDIS,29,intensive,2084,1031.548,10.759,1042.307,10.728
LANDIS,29,intensive,2085,1039.397,10.951,1050.348,10.81
LANDIS,29,intensive,2086,1047.136,11.143,1058.278,10.89
LANDIS,29,intensive,2087,1054.764,11.334,1066.098,10.969
LANDIS,29,intensive,2088,1062.284,11.525,1073.809,11.048
LANDIS,29,intensive,2089,1069.695,11.716,1081.411,11.125
LANDIS,29,intensive,2090,1076.998,11.906,1088.904,11.201
LANDIS,29,intensive,2091,1084.193,12.096,1096.289,11.275
LANDIS,29,intensive,2092,1091.281,12.286,1103.567,11.349
LANDIS,29,intensive,2093,1098.262,12.475,1110.737,11.422
LANDIS,29,intensive,2094,1105.138,12.663,1117.802,11.493
LANDIS,29,intensive,2095,1111.91,12.852,1124.761,11.564
LANDIS,29,intensive,2096,1118.579,13.039,1131.619,11.633
LANDIS,29,intensive,2097,1125.146,13.226,1138.373,11.701
LANDIS,29,intensive,2098,1131.612,13.413,1145.025,11.769
LANDIS,29,intensive,2099,1137.976,13.599,1151.575,11.835
LANDIS,29,intensive,2100,1144.239,13.785,1158.024,11.9
LANDIS,30,reserve,2025,395.97,0,395.97,4.554
LANDIS,30,reserve,2026,403.381,0,403.381,4.639
LANDIS,30,reserve,2027,410.709,0,410.709,4.723
LANDIS,30,reserve,2028,417.954,0,417.954,4.806
LANDIS,30,reserve,2029,425.116,0,425.116,4.889
LANDIS,30,reserve,2030,432.195,0,432.195,4.97
LANDIS,30,reserve,2031,439.189,0,439.189,5.051
LANDIS,30,reserve,2032,446.1,0,446.1,5.13
LANDIS,30,reserve,2033,452.927,0,452.927,5.209
LANDIS,30,reserve,2034,459.67,0,459.67,5.286
LANDIS,30,reserve,2035,466.318,0,466.318,5.363
LANDIS,30,reserve,2036,472.873,0,472.873,5.438
LANDIS,30,reserve,2037,479.334,0,479.334,5.512
LANDIS,30,reserve,2038,485.701,0,485.701,5.586
LANDIS,30,reserve,2039,491.973,0,491.973,5.658
LANDIS,30,reserve,2040,498.151,0,498.151,5.729
LANDIS,30,reserve,2041,504.235,0,504.235,5.799
LANDIS,30,reserve,2042,510.224,0,510.224,5.868
LANDIS,30,reserve,2043,516.119,0,516.119,5.935
LANDIS,30,reserve,2044,521.918,0,521.918,6.002
LANDIS,30,reserve,2045,527.627,0,527.627,6.068
LANDIS,30,reserve,2046,533.243,0,533.243,6.132
LANDIS,30,reserve,2047,538.768,0,538.768,6.196
LANDIS,30,reserve,2048,544.201,0,544.201,6.258
LANDIS,30,reserve,2049,549.542,0,549.542,6.32
LANDIS,30,reserve,2050,554.792,0,554.792,6.38
LANDIS,30,reserve,2051,559.949,0,559.949,6.439
LANDIS,30,reserve,2052,565.015,0,565.015,6.498
LANDIS,30,reserve,2053,569.989,0,569.989,6.555
LANDIS,30,reserve,2054,574.87,0,574.87,6.611
LANDIS,30,reserve,2055,579.676,0,579.676,6.666
LANDIS,30,reserve,2056,584.406,0,584.406,6.721
LANDIS,30,reserve,2057,589.06,0,589.06,6.774
LANDIS,30,reserve,2058,593.639,0,593.639,6.827
LANDIS,30,reserve,2059,598.142,0,598.142,6.879
LANDIS,30,reserve,2060,602.569,0,602.569,6.93
LANDIS,30,reserve,2061,606.92,0,606.92,6.98
LANDIS,30,reserve,2062,611.195,0,611.195,7.029
LANDIS,30,reserve,2063,615.395,0,615.395,7.077
LANDIS,30,reserve,2064,619.518,0,619.518,7.124
LANDIS,30,reserve,2065,623.573,0,623.573,7.171
LANDIS,30,reserve,2066,627.559,0,627.559,7.217
LANDIS,30,reserve,2067,631.476,0,631.476,7.262
LANDIS,30,reserve,2068,635.323,0,635.323,7.306
LANDIS,30,reserve,2069,639.102,0,639.102,7.35
LANDIS,30,reserve,2070,642.812,0,642.812,7.392
LANDIS,30,reserve,2071,646.453,0,646.453,7.434
LANDIS,30,reserve,2072,650.024,0,650.024,7.475
LANDIS,30,reserve,2073,653.527,0,653.527,7.516
LANDIS,30,reserve,2074,656.961,0,656.961,7.555
LANDIS,30,reserve,2075,660.338,0,660.338,7.594
LANDIS,30,reserve,2076,663.658,0,663.658,7.632
LANDIS,30,reserve,2077,666.922,0,666.922,7.67
LANDIS,30,reserve,2078,670.129,0,670.129,7.706
LANDIS,30,reserve,2079,673.28,0,673.28,7.743
LANDIS,30,reserve,2080,676.373,0,676.373,7.778
LANDIS,30,reserve,2081,679.41,0,679.41,7.813
LANDIS,30,reserve,2082,682.391,0,682.391,7.848
LANDIS,30,reserve,2083,685.314,0,685.314,7.881
LANDIS,30,reserve,2084,688.181,0,688.181,7.914
LANDIS,30,reserve,2085,690.993,0,690.993,7.946
LANDIS,30,reserve,2086,693.75,0,693.75,7.978
LANDIS,30,reserve,2087,696.452,0,696.452,8.009
LANDIS,30,reserve,2088,699.098,0,699.098,8.04
LANDIS,30,reserve,2089,701.689,0,701.689,8.069
LANDIS,30,reserve,2090,704.225,0,704.225,8.099
LANDIS,30,reserve,2091,706.706,0,706.706,8.127
LANDIS,30,reserve,2092,709.132,0,709.132,8.155
LANDIS,30,reserve,2093,711.503,0,711.503,8.182
LANDIS,30,reserve,2094,713.818,0,713.818,8.209
LANDIS,30,reserve,2095,716.091,0,716.091,8.235
LANDIS,30,reserve,2096,718.32,0,718.32,8.261
LANDIS,30,reserve,2097,720.507,0,720.507,8.286
LANDIS,30,reserve,2098,722.65,0,722.65,8.31
LANDIS,30,reserve,2099,724.751,0,724.751,8.335
LANDIS,30,reserve,2100,726.809,0,726.809,8.358
LANDIS,30,BAU,2025,395.97,0,395.97,4.554
LANDIS,30,BAU,2026,403.365,0.008,403.373,4.639
LANDIS,30,BAU,2027,410.677,0.015,410.692,4.723
LANDIS,30,BAU,2028,417.906,0.023,417.928,4.806
LANDIS,30,BAU,2029,425.051,0.029,425.08,4.888
LANDIS,30,BAU,2030,432.113,0.036,432.149,4.969
LANDIS,30,BAU,2031,439.09,0.042,439.132,5.05
LANDIS,30,BAU,2032,445.983,0.049,446.032,5.129
LANDIS,30,BAU,2033,452.792,0.055,452.847,5.207
LANDIS,30,BAU,2034,459.517,0.061,459.578,5.284
LANDIS,30,BAU,2035,466.147,0.067,466.214,5.361
LANDIS,30,BAU,2036,472.683,0.073,472.756,5.436
LANDIS,30,BAU,2037,479.126,0.079,479.204,5.51
LANDIS,30,BAU,2038,485.473,0.084,485.558,5.583
LANDIS,30,BAU,2039,491.726,0.09,491.816,5.655
LANDIS,30,BAU,2040,497.884,0.096,497.98,5.726
LANDIS,30,BAU,2041,503.949,0.101,504.05,5.795
LANDIS,30,BAU,2042,509.917,0.107,510.025,5.864
LANDIS,30,BAU,2043,515.792,0.113,515.905,5.932
LANDIS,30,BAU,2044,521.571,0.118,521.689,5.998
LANDIS,30,BAU,2045,527.259,0.124,527.382,6.063
LANDIS,30,BAU,2046,532.854,0.129,532.983,6.128
LANDIS,30,BAU,2047,538.357,0.135,538.492,6.191
LANDIS,30,BAU,2048,543.769,0.14,543.909,6.253
LANDIS,30,BAU,2049,549.088,0.146,549.234,6.315
LANDIS,30,BAU,2050,554.316,0.151,554.467,6.375
LANDIS,30,BAU,2051,559.451,0.157,559.608,6.434
LANDIS,30,BAU,2052,564.495,0.162,564.657,6.492
LANDIS,30,BAU,2053,569.446,0.167,569.614,6.549
LANDIS,30,BAU,2054,574.305,0.173,574.477,6.605
LANDIS,30,BAU,2055,579.088,0.178,579.266,6.66
LANDIS,30,BAU,2056,583.795,0.183,583.978,6.714
LANDIS,30,BAU,2057,588.425,0.189,588.614,6.767
LANDIS,30,BAU,2058,592.981,0.194,593.175,6.819
LANDIS,30,BAU,2059,597.46,0.199,597.659,6.871
LANDIS,30,BAU,2060,601.863,0.205,602.068,6.921
LANDIS,30,BAU,2061,606.19,0.21,606.4,6.971
LANDIS,30,BAU,2062,610.441,0.215,610.656,7.02
LANDIS,30,BAU,2063,614.617,0.22,614.837,7.068
LANDIS,30,BAU,2064,618.715,0.225,618.941,7.115
LANDIS,30,BAU,2065,622.745,0.23,622.976,7.162
LANDIS,30,BAU,2066,626.707,0.236,626.942,7.207
LANDIS,30,BAU,2067,630.599,0.241,630.839,7.252
LANDIS,30,BAU,2068,634.42,0.246,634.666,7.296
LANDIS,30,BAU,2069,638.174,0.251,638.425,7.339
LANDIS,30,BAU,2070,641.859,0.256,642.114,7.381
LANDIS,30,BAU,2071,645.474,0.261,645.735,7.423
LANDIS,30,BAU,2072,649.019,0.266,649.285,7.464
LANDIS,30,BAU,2073,652.496,0.271,652.767,7.504
LANDIS,30,BAU,2074,655.904,0.276,656.18,7.543
LANDIS,30,BAU,2075,659.255,0.28,659.536,7.581
LANDIS,30,BAU,2076,662.549,0.285,662.834,7.619
LANDIS,30,BAU,2077,665.786,0.29,666.077,7.657
LANDIS,30,BAU,2078,668.967,0.295,669.262,7.693
LANDIS,30,BAU,2079,672.091,0.3,672.391,7.729
LANDIS,30,BAU,2080,675.157,0.304,675.462,7.764
LANDIS,30,BAU,2081,678.167,0.309,678.476,7.799
LANDIS,30,BAU,2082,681.121,0.314,681.435,7.833
LANDIS,30,BAU,2083,684.017,0.318,684.336,7.866
LANDIS,30,BAU,2084,686.857,0.323,687.18,7.899
LANDIS,30,BAU,2085,689.641,0.328,689.969,7.931
LANDIS,30,BAU,2086,692.371,0.332,692.703,7.962
LANDIS,30,BAU,2087,695.045,0.337,695.382,7.993
LANDIS,30,BAU,2088,697.663,0.341,698.005,8.023
LANDIS,30,BAU,2089,700.227,0.346,700.572,8.053
LANDIS,30,BAU,2090,702.735,0.35,703.085,8.081
LANDIS,30,BAU,2091,705.188,0.355,705.542,8.11
LANDIS,30,BAU,2092,707.585,0.359,707.945,8.137
LANDIS,30,BAU,2093,709.928,0.363,710.292,8.164
LANDIS,30,BAU,2094,712.215,0.368,712.583,8.19
LANDIS,30,BAU,2095,714.459,0.372,714.832,8.216
LANDIS,30,BAU,2096,716.66,0.376,717.036,8.242
LANDIS,30,BAU,2097,718.818,0.381,719.199,8.266
LANDIS,30,BAU,2098,720.933,0.385,721.317,8.291
LANDIS,30,BAU,2099,723.005,0.389,723.394,8.315
LANDIS,30,BAU,2100,725.034,0.393,725.427,8.338
LANDIS,30,conservation,2025,395.97,0,395.97,4.554
LANDIS,30,conservation,2026,403.375,0.003,403.378,4.639
LANDIS,30,conservation,2027,410.696,0.006,410.702,4.723
LANDIS,30,conservation,2028,417.934,0.009,417.944,4.806
LANDIS,30,conservation,2029,425.09,0.012,425.102,4.889
LANDIS,30,conservation,2030,432.162,0.015,432.176,4.97
LANDIS,30,conservation,2031,439.149,0.017,439.166,5.05
LANDIS,30,conservation,2032,446.053,0.02,446.072,5.13
LANDIS,30,conservation,2033,452.872,0.022,452.895,5.208
LANDIS,30,conservation,2034,459.608,0.025,459.633,5.286
LANDIS,30,conservation,2035,466.249,0.027,466.276,5.362
LANDIS,30,conservation,2036,472.796,0.03,472.826,5.437
LANDIS,30,conservation,2037,479.249,0.032,479.281,5.511
LANDIS,30,conservation,2038,485.609,0.034,485.643,5.585
LANDIS,30,conservation,2039,491.873,0.037,491.909,5.657
LANDIS,30,conservation,2040,498.043,0.039,498.082,5.728
LANDIS,30,conservation,2041,504.119,0.041,504.16,5.797
LANDIS,30,conservation,2042,510.1,0.043,510.143,5.866
LANDIS,30,conservation,2043,515.986,0.046,516.032,5.934
LANDIS,30,conservation,2044,521.777,0.048,521.825,6
LANDIS,30,conservation,2045,527.477,0.05,527.528,6.066
LANDIS,30,conservation,2046,533.085,0.052,533.137,6.13
LANDIS,30,conservation,2047,538.601,0.055,538.656,6.194
LANDIS,30,conservation,2048,544.026,0.057,544.083,6.256
LANDIS,30,conservation,2049,549.358,0.059,549.417,6.318
LANDIS,30,conservation,2050,554.599,0.061,554.66,6.378
LANDIS,30,conservation,2051,559.747,0.064,559.81,6.437
LANDIS,30,conservation,2052,564.804,0.066,564.87,6.495
LANDIS,30,conservation,2053,569.769,0.068,569.837,6.552
LANDIS,30,conservation,2054,574.64,0.07,574.711,6.608
LANDIS,30,conservation,2055,579.437,0.072,579.509,6.664
LANDIS,30,conservation,2056,584.158,0.074,584.232,6.718
LANDIS,30,conservation,2057,588.802,0.077,588.879,6.771
LANDIS,30,conservation,2058,593.372,0.079,593.451,6.824
LANDIS,30,conservation,2059,597.865,0.081,597.946,6.875
LANDIS,30,conservation,2060,602.282,0.083,602.366,6.926
LANDIS,30,conservation,2061,606.624,0.085,606.709,6.976
LANDIS,30,conservation,2062,610.889,0.087,610.976,7.025
LANDIS,30,conservation,2063,615.079,0.089,615.168,7.073
LANDIS,30,conservation,2064,619.192,0.092,619.284,7.121
LANDIS,30,conservation,2065,623.237,0.094,623.331,7.167
LANDIS,30,conservation,2066,627.213,0.096,627.309,7.213
LANDIS,30,conservation,2067,631.12,0.098,631.217,7.258
LANDIS,30,conservation,2068,634.956,0.1,635.056,7.302
LANDIS,30,conservation,2069,638.725,0.102,638.827,7.345
LANDIS,30,conservation,2070,642.425,0.104,642.529,7.388
LANDIS,30,conservation,2071,646.055,0.106,646.161,7.43
LANDIS,30,conservation,2072,649.616,0.108,649.724,7.471
LANDIS,30,conservation,2073,653.108,0.11,653.218,7.511
LANDIS,30,conservation,2074,656.532,0.112,656.644,7.55
LANDIS,30,conservation,2075,659.898,0.114,660.012,7.589
LANDIS,30,conservation,2076,663.208,0.116,663.323,7.627
LANDIS,30,conservation,2077,666.461,0.118,666.579,7.664
LANDIS,30,conservation,2078,669.657,0.12,669.777,7.701
LANDIS,30,conservation,2079,672.797,0.122,672.919,7.737
LANDIS,30,conservation,2080,675.879,0.124,676.003,7.773
LANDIS,30,conservation,2081,678.905,0.126,679.031,7.807
LANDIS,30,conservation,2082,681.875,0.127,682.003,7.842
LANDIS,30,conservation,2083,684.787,0.129,684.917,7.875
LANDIS,30,conservation,2084,687.643,0.131,687.774,7.908
LANDIS,30,conservation,2085,690.444,0.133,690.577,7.94
LANDIS,30,conservation,2086,693.19,0.135,693.325,7.972
LANDIS,30,conservation,2087,695.881,0.137,696.017,8.003
LANDIS,30,conservation,2088,698.515,0.139,698.654,8.033
LANDIS,30,conservation,2089,701.095,0.14,701.236,8.063
LANDIS,30,conservation,2090,703.62,0.142,703.762,8.092
LANDIS,30,conservation,2091,706.089,0.144,706.233,8.12
LANDIS,30,conservation,2092,708.504,0.146,708.65,8.148
LANDIS,30,conservation,2093,710.863,0.148,711.011,8.175
LANDIS,30,conservation,2094,713.167,0.149,713.316,8.201
LANDIS,30,conservation,2095,715.428,0.151,715.579,8.227
LANDIS,30,conservation,2096,717.646,0.153,717.799,8.253
LANDIS,30,conservation,2097,719.821,0.155,719.976,8.278
LANDIS,30,conservation,2098,721.952,0.156,722.109,8.302
LANDIS,30,conservation,2099,724.042,0.158,724.2,8.326
LANDIS,30,conservation,2100,726.088,0.16,726.248,8.35
LANDIS,30,intensive,2025,395.97,0,395.97,4.554
LANDIS,30,intensive,2026,403.341,0.02,403.361,4.638
LANDIS,30,intensive,2027,410.627,0.039,410.667,4.722
LANDIS,30,intensive,2028,417.831,0.058,417.888,4.805
LANDIS,30,intensive,2029,424.95,0.075,425.025,4.887
LANDIS,30,intensive,2030,431.986,0.092,432.078,4.968
LANDIS,30,intensive,2031,438.936,0.109,439.044,5.048
LANDIS,30,intensive,2032,445.802,0.125,445.926,5.127
LANDIS,30,intensive,2033,452.583,0.14,452.724,5.205
LANDIS,30,intensive,2034,459.28,0.156,459.436,5.282
LANDIS,30,intensive,2035,465.881,0.171,466.052,5.358
LANDIS,30,intensive,2036,472.389,0.186,472.575,5.432
LANDIS,30,intensive,2037,478.802,0.201,479.002,5.506
LANDIS,30,intensive,2038,485.12,0.216,485.335,5.579
LANDIS,30,intensive,2039,491.342,0.23,491.572,5.65
LANDIS,30,intensive,2040,497.47,0.245,497.715,5.721
LANDIS,30,intensive,2041,503.503,0.259,503.763,5.79
LANDIS,30,intensive,2042,509.441,0.273,509.715,5.859
LANDIS,30,intensive,2043,515.284,0.288,515.572,5.926
LANDIS,30,intensive,2044,521.031,0.302,521.332,5.992
LANDIS,30,intensive,2045,526.686,0.316,527.002,6.057
LANDIS,30,intensive,2046,532.249,0.33,532.579,6.121
LANDIS,30,intensive,2047,537.719,0.344,538.064,6.184
LANDIS,30,intensive,2048,543.098,0.358,543.456,6.246
LANDIS,30,intensive,2049,548.383,0.372,548.755,6.306
LANDIS,30,intensive,2050,553.577,0.386,553.963,6.366
LANDIS,30,intensive,2051,558.678,0.4,559.078,6.425
LANDIS,30,intensive,2052,563.687,0.414,564.1,6.482
LANDIS,30,intensive,2053,568.603,0.427,569.031,6.539
LANDIS,30,intensive,2054,573.426,0.441,573.867,6.594
LANDIS,30,intensive,2055,578.174,0.455,578.629,6.649
LANDIS,30,intensive,2056,582.845,0.468,583.313,6.703
LANDIS,30,intensive,2057,587.439,0.482,587.921,6.756
LANDIS,30,intensive,2058,591.958,0.495,592.454,6.808
LANDIS,30,intensive,2059,596.401,0.509,596.91,6.859
LANDIS,30,intensive,2060,600.767,0.522,601.289,6.909
LANDIS,30,intensive,2061,605.057,0.536,605.592,6.958
LANDIS,30,intensive,2062,609.27,0.549,609.819,7.007
LANDIS,30,intensive,2063,613.408,0.562,613.97,7.054
LANDIS,30,intensive,2064,617.469,0.575,618.044,7.101
LANDIS,30,intensive,2065,621.461,0.588,622.049,7.147
LANDIS,30,intensive,2066,625.383,0.601,625.984,7.192
LANDIS,30,intensive,2067,629.236,0.614,629.851,7.236
LANDIS,30,intensive,2068,633.019,0.627,633.646,7.28
LANDIS,30,intensive,2069,636.734,0.64,637.374,7.322
LANDIS,30,intensive,2070,640.379,0.653,641.031,7.364
LANDIS,30,intensive,2071,643.954,0.665,644.62,7.405
LANDIS,30,intensive,2072,647.46,0.678,648.138,7.446
LANDIS,30,intensive,2073,650.897,0.691,651.587,7.485
LANDIS,30,intensive,2074,654.264,0.703,654.967,7.524
LANDIS,30,intensive,2075,657.574,0.716,658.29,7.562
LANDIS,30,intensive,2076,660.827,0.728,661.555,7.6
LANDIS,30,intensive,2077,664.024,0.74,664.764,7.636
LANDIS,30,intensive,2078,667.163,0.752,667.916,7.672
LANDIS,30,intensive,2079,670.246,0.765,671.011,7.708
LANDIS,30,intensive,2080,673.271,0.777,674.048,7.743
LANDIS,30,intensive,2081,676.239,0.789,677.028,7.777
LANDIS,30,intensive,2082,679.151,0.801,679.952,7.81
LANDIS,30,intensive,2083,682.005,0.812,682.817,7.843
LANDIS,30,intensive,2084,684.802,0.824,685.627,7.875
LANDIS,30,intensive,2085,687.545,0.836,688.38,7.907
LANDIS,30,intensive,2086,690.231,0.848,691.079,7.938
LANDIS,30,intensive,2087,692.863,0.859,693.722,7.968
LANDIS,30,intensive,2088,695.438,0.871,696.309,7.998
LANDIS,30,intensive,2089,697.958,0.882,698.84,8.027
LANDIS,30,intensive,2090,700.423,0.893,701.316,8.055
LANDIS,30,intensive,2091,702.833,0.904,703.737,8.083
LANDIS,30,intensive,2092,705.187,0.916,706.103,8.11
LANDIS,30,intensive,2093,707.486,0.927,708.413,8.136
LANDIS,30,intensive,2094,709.729,0.938,710.667,8.162
LANDIS,30,intensive,2095,711.93,0.949,712.878,8.187
LANDIS,30,intensive,2096,714.086,0.959,715.045,8.212
LANDIS,30,intensive,2097,716.2,0.97,717.17,8.236
LANDIS,30,intensive,2098,718.27,0.981,719.251,8.26
LANDIS,30,intensive,2099,720.298,0.991,721.289,8.283
LANDIS,30,intensive,2100,722.282,1.002,723.284,8.306
LANDIS,31,reserve,2025,22.4,0,22.4,1.284
LANDIS,31,reserve,2026,22.75,0,22.75,1.304
LANDIS,31,reserve,2027,23.096,0,23.096,1.323
LANDIS,31,reserve,2028,23.439,0,23.439,1.343
LANDIS,31,reserve,2029,23.778,0,23.778,1.362
LANDIS,31,reserve,2030,24.114,0,24.114,1.382
LANDIS,31,reserve,2031,24.446,0,24.446,1.401
LANDIS,31,reserve,2032,24.775,0,24.775,1.42
LANDIS,31,reserve,2033,25.102,0,25.102,1.438
LANDIS,31,reserve,2034,25.425,0,25.425,1.457
LANDIS,31,reserve,2035,25.744,0,25.744,1.475
LANDIS,31,reserve,2036,26.059,0,26.059,1.493
LANDIS,31,reserve,2037,26.37,0,26.37,1.511
LANDIS,31,reserve,2038,26.678,0,26.678,1.529
LANDIS,31,reserve,2039,26.981,0,26.981,1.546
LANDIS,31,reserve,2040,27.281,0,27.281,1.563
LANDIS,31,reserve,2041,27.578,0,27.578,1.58
LANDIS,31,reserve,2042,27.87,0,27.87,1.597
LANDIS,31,reserve,2043,28.16,0,28.16,1.614
LANDIS,31,reserve,2044,28.445,0,28.445,1.63
LANDIS,31,reserve,2045,28.727,0,28.727,1.646
LANDIS,31,reserve,2046,29.005,0,29.005,1.662
LANDIS,31,reserve,2047,29.279,0,29.279,1.678
LANDIS,31,reserve,2048,29.55,0,29.55,1.693
LANDIS,31,reserve,2049,29.816,0,29.816,1.708
LANDIS,31,reserve,2050,30.079,0,30.079,1.724
LANDIS,31,reserve,2051,30.339,0,30.339,1.738
LANDIS,31,reserve,2052,30.595,0,30.595,1.753
LANDIS,31,reserve,2053,30.847,0,30.847,1.768
LANDIS,31,reserve,2054,31.095,0,31.095,1.782
LANDIS,31,reserve,2055,31.341,0,31.341,1.796
LANDIS,31,reserve,2056,31.583,0,31.583,1.81
LANDIS,31,reserve,2057,31.822,0,31.822,1.823
LANDIS,31,reserve,2058,32.058,0,32.058,1.837
LANDIS,31,reserve,2059,32.291,0,32.291,1.85
LANDIS,31,reserve,2060,32.521,0,32.521,1.863
LANDIS,31,reserve,2061,32.747,0,32.747,1.876
LANDIS,31,reserve,2062,32.971,0,32.971,1.889
LANDIS,31,reserve,2063,33.191,0,33.191,1.902
LANDIS,31,reserve,2064,33.409,0,33.409,1.914
LANDIS,31,reserve,2065,33.623,0,33.623,1.927
LANDIS,31,reserve,2066,33.835,0,33.835,1.939
LANDIS,31,reserve,2067,34.043,0,34.043,1.951
LANDIS,31,reserve,2068,34.249,0,34.249,1.962
LANDIS,31,reserve,2069,34.451,0,34.451,1.974
LANDIS,31,reserve,2070,34.651,0,34.651,1.986
LANDIS,31,reserve,2071,34.847,0,34.847,1.997
LANDIS,31,reserve,2072,35.041,0,35.041,2.008
LANDIS,31,reserve,2073,35.231,0,35.231,2.019
LANDIS,31,reserve,2074,35.419,0,35.419,2.03
LANDIS,31,reserve,2075,35.604,0,35.604,2.04
LANDIS,31,reserve,2076,35.787,0,35.787,2.051
LANDIS,31,reserve,2077,35.967,0,35.967,2.061
LANDIS,31,reserve,2078,36.145,0,36.145,2.071
LANDIS,31,reserve,2079,36.319,0,36.319,2.081
LANDIS,31,reserve,2080,36.492,0,36.492,2.091
LANDIS,31,reserve,2081,36.662,0,36.662,2.101
LANDIS,31,reserve,2082,36.829,0,36.829,2.11
LANDIS,31,reserve,2083,36.994,0,36.994,2.12
LANDIS,31,reserve,2084,37.156,0,37.156,2.129
LANDIS,31,reserve,2085,37.316,0,37.316,2.138
LANDIS,31,reserve,2086,37.473,0,37.473,2.147
LANDIS,31,reserve,2087,37.628,0,37.628,2.156
LANDIS,31,reserve,2088,37.78,0,37.78,2.165
LANDIS,31,reserve,2089,37.929,0,37.929,2.173
LANDIS,31,reserve,2090,38.076,0,38.076,2.182
LANDIS,31,reserve,2091,38.22,0,38.22,2.19
LANDIS,31,reserve,2092,38.362,0,38.362,2.198
LANDIS,31,reserve,2093,38.501,0,38.501,2.206
LANDIS,31,reserve,2094,38.638,0,38.638,2.214
LANDIS,31,reserve,2095,38.772,0,38.772,2.222
LANDIS,31,reserve,2096,38.905,0,38.905,2.229
LANDIS,31,reserve,2097,39.035,0,39.035,2.237
LANDIS,31,reserve,2098,39.163,0,39.163,2.244
LANDIS,31,reserve,2099,39.289,0,39.289,2.251
LANDIS,31,reserve,2100,39.413,0,39.413,2.258
LANDIS,31,BAU,2025,22.4,0,22.4,1.284
LANDIS,31,BAU,2026,22.732,0.009,22.741,1.303
LANDIS,31,BAU,2027,23.059,0.018,23.077,1.321
LANDIS,31,BAU,2028,23.384,0.026,23.41,1.34
LANDIS,31,BAU,2029,23.704,0.034,23.737,1.358
LANDIS,31,BAU,2030,24.021,0.041,24.062,1.376
LANDIS,31,BAU,2031,24.333,0.048,24.381,1.394
LANDIS,31,BAU,2032,24.642,0.055,24.698,1.412
LANDIS,31,BAU,2033,24.95,0.062,25.012,1.43
LANDIS,31,BAU,2034,25.252,0.069,25.321,1.447
LANDIS,31,BAU,2035,25.551,0.076,25.626,1.464
LANDIS,31,BAU,2036,25.845,0.082,25.927,1.481
LANDIS,31,BAU,2037,26.135,0.088,26.224,1.498
LANDIS,31,BAU,2038,26.422,0.095,26.517,1.514
LANDIS,31,BAU,2039,26.704,0.101,26.805,1.53
LANDIS,31,BAU,2040,26.982,0.107,27.089,1.546
LANDIS,31,BAU,2041,27.257,0.113,27.371,1.562
LANDIS,31,BAU,2042,27.527,0.119,27.647,1.577
LANDIS,31,BAU,2043,27.795,0.126,27.92,1.593
LANDIS,31,BAU,2044,28.057,0.132,28.189,1.608
LANDIS,31,BAU,2045,28.317,0.138,28.454,1.623
LANDIS,31,BAU,2046,28.572,0.143,28.715,1.637
LANDIS,31,BAU,2047,28.822,0.149,28.972,1.652
LANDIS,31,BAU,2048,29.07,0.155,29.225,1.666
LANDIS,31,BAU,2049,29.313,0.161,29.474,1.68
LANDIS,31,BAU,2050,29.552,0.167,29.719,1.693
LANDIS,31,BAU,2051,29.788,0.173,29.961,1.707
LANDIS,31,BAU,2052,30.02,0.178,30.198,1.72
LANDIS,31,BAU,2053,30.247,0.184,30.432,1.733
LANDIS,31,BAU,2054,30.471,0.19,30.661,1.746
LANDIS,31,BAU,2055,30.692,0.196,30.888,1.759
LANDIS,31,BAU,2056,30.909,0.201,31.111,1.771
LANDIS,31,BAU,2057,31.123,0.207,31.33,1.783
LANDIS,31,BAU,2058,31.334,0.212,31.547,1.795
LANDIS,31,BAU,2059,31.542,0.218,31.76,1.807
LANDIS,31,BAU,2060,31.746,0.224,31.97,1.819
LANDIS,31,BAU,2061,31.947,0.229,32.176,1.831
LANDIS,31,BAU,2062,32.145,0.234,32.379,1.842
LANDIS,31,BAU,2063,32.339,0.24,32.579,1.853
LANDIS,31,BAU,2064,32.53,0.245,32.776,1.864
LANDIS,31,BAU,2065,32.718,0.251,32.969,1.875
LANDIS,31,BAU,2066,32.904,0.256,33.16,1.885
LANDIS,31,BAU,2067,33.085,0.261,33.346,1.896
LANDIS,31,BAU,2068,33.264,0.267,33.531,1.906
LANDIS,31,BAU,2069,33.439,0.272,33.711,1.916
LANDIS,31,BAU,2070,33.612,0.277,33.889,1.926
LANDIS,31,BAU,2071,33.781,0.282,34.063,1.936
LANDIS,31,BAU,2072,33.947,0.288,34.235,1.945
LANDIS,31,BAU,2073,34.11,0.293,34.403,1.955
LANDIS,31,BAU,2074,34.27,0.298,34.568,1.964
LANDIS,31,BAU,2075,34.428,0.303,34.731,1.973
LANDIS,31,BAU,2076,34.583,0.308,34.891,1.982
LANDIS,31,BAU,2077,34.735,0.313,35.048,1.99
LANDIS,31,BAU,2078,34.885,0.318,35.203,1.999
LANDIS,31,BAU,2079,35.03,0.323,35.353,2.007
LANDIS,31,BAU,2080,35.175,0.328,35.503,2.016
LANDIS,31,BAU,2081,35.316,0.333,35.649,2.024
LANDIS,31,BAU,2082,35.455,0.338,35.792,2.032
LANDIS,31,BAU,2083,35.591,0.342,35.934,2.039
LANDIS,31,BAU,2084,35.724,0.347,36.071,2.047
LANDIS,31,BAU,2085,35.855,0.352,36.207,2.055
LANDIS,31,BAU,2086,35.983,0.357,36.34,2.062
LANDIS,31,BAU,2087,36.109,0.361,36.471,2.069
LANDIS,31,BAU,2088,36.232,0.366,36.598,2.076
LANDIS,31,BAU,2089,36.352,0.371,36.722,2.083
LANDIS,31,BAU,2090,36.469,0.375,36.844,2.09
LANDIS,31,BAU,2091,36.584,0.38,36.963,2.096
LANDIS,31,BAU,2092,36.696,0.384,37.08,2.103
LANDIS,31,BAU,2093,36.805,0.389,37.194,2.109
LANDIS,31,BAU,2094,36.912,0.393,37.306,2.115
LANDIS,31,BAU,2095,37.017,0.398,37.414,2.121
LANDIS,31,BAU,2096,37.12,0.402,37.522,2.127
LANDIS,31,BAU,2097,37.219,0.406,37.626,2.133
LANDIS,31,BAU,2098,37.317,0.411,37.728,2.138
LANDIS,31,BAU,2099,37.413,0.415,37.828,2.144
LANDIS,31,BAU,2100,37.507,0.419,37.926,2.149
LANDIS,31,conservation,2025,22.4,0,22.4,1.284
LANDIS,31,conservation,2026,22.743,0.003,22.747,1.303
LANDIS,31,conservation,2027,23.082,0.007,23.089,1.323
LANDIS,31,conservation,2028,23.418,0.01,23.428,1.342
LANDIS,31,conservation,2029,23.75,0.013,23.763,1.361
LANDIS,31,conservation,2030,24.079,0.015,24.094,1.38
LANDIS,31,conservation,2031,24.403,0.018,24.422,1.398
LANDIS,31,conservation,2032,24.725,0.021,24.746,1.417
LANDIS,31,conservation,2033,25.044,0.023,25.068,1.435
LANDIS,31,conservation,2034,25.36,0.026,25.386,1.453
LANDIS,31,conservation,2035,25.671,0.029,25.7,1.471
LANDIS,31,conservation,2036,25.978,0.031,26.009,1.489
LANDIS,31,conservation,2037,26.281,0.033,26.315,1.506
LANDIS,31,conservation,2038,26.581,0.036,26.617,1.523
LANDIS,31,conservation,2039,26.876,0.038,26.914,1.54
LANDIS,31,conservation,2040,27.168,0.041,27.209,1.557
LANDIS,31,conservation,2041,27.457,0.043,27.5,1.573
LANDIS,31,conservation,2042,27.74,0.045,27.786,1.59
LANDIS,31,conservation,2043,28.022,0.047,28.069,1.606
LANDIS,31,conservation,2044,28.298,0.05,28.348,1.621
LANDIS,31,conservation,2045,28.572,0.052,28.624,1.637
LANDIS,31,conservation,2046,28.841,0.054,28.895,1.653
LANDIS,31,conservation,2047,29.106,0.057,29.163,1.668
LANDIS,31,conservation,2048,29.368,0.059,29.427,1.683
LANDIS,31,conservation,2049,29.625,0.061,29.686,1.698
LANDIS,31,conservation,2050,29.879,0.063,29.943,1.712
LANDIS,31,conservation,2051,30.13,0.065,30.196,1.726
LANDIS,31,conservation,2052,30.377,0.068,30.445,1.741
LANDIS,31,conservation,2053,30.62,0.07,30.69,1.755
LANDIS,31,conservation,2054,30.858,0.072,30.93,1.768
LANDIS,31,conservation,2055,31.095,0.074,31.169,1.782
LANDIS,31,conservation,2056,31.327,0.076,31.404,1.795
LANDIS,31,conservation,2057,31.557,0.079,31.635,1.808
LANDIS,31,conservation,2058,31.783,0.081,31.864,1.821
LANDIS,31,conservation,2059,32.007,0.083,32.089,1.834
LANDIS,31,conservation,2060,32.227,0.085,32.312,1.847
LANDIS,31,conservation,2061,32.443,0.087,32.53,1.859
LANDIS,31,conservation,2062,32.657,0.089,32.746,1.871
LANDIS,31,conservation,2063,32.867,0.091,32.958,1.883
LANDIS,31,conservation,2064,33.075,0.093,33.168,1.895
LANDIS,31,conservation,2065,33.279,0.095,33.374,1.907
LANDIS,31,conservation,2066,33.481,0.098,33.578,1.918
LANDIS,31,conservation,2067,33.679,0.1,33.778,1.93
LANDIS,31,conservation,2068,33.874,0.102,33.976,1.941
LANDIS,31,conservation,2069,34.066,0.104,34.17,1.952
LANDIS,31,conservation,2070,34.256,0.106,34.361,1.963
LANDIS,31,conservation,2071,34.441,0.108,34.549,1.973
LANDIS,31,conservation,2072,34.625,0.11,34.734,1.984
LANDIS,31,conservation,2073,34.804,0.112,34.916,1.994
LANDIS,31,conservation,2074,34.981,0.114,35.095,2.004
LANDIS,31,conservation,2075,35.156,0.116,35.271,2.014
LANDIS,31,conservation,2076,35.328,0.118,35.446,2.024
LANDIS,31,conservation,2077,35.497,0.12,35.617,2.034
LANDIS,31,conservation,2078,35.664,0.121,35.786,2.044
LANDIS,31,conservation,2079,35.828,0.123,35.951,2.053
LANDIS,31,conservation,2080,35.99,0.125,36.115,2.062
LANDIS,31,conservation,2081,36.149,0.127,36.276,2.071
LANDIS,31,conservation,2082,36.305,0.129,36.434,2.08
LANDIS,31,conservation,2083,36.459,0.131,36.59,2.089
LANDIS,31,conservation,2084,36.609,0.133,36.742,2.098
LANDIS,31,conservation,2085,36.758,0.135,36.893,2.106
LANDIS,31,conservation,2086,36.904,0.137,37.041,2.115
LANDIS,31,conservation,2087,37.048,0.138,37.186,2.123
LANDIS,31,conservation,2088,37.189,0.14,37.329,2.131
LANDIS,31,conservation,2089,37.326,0.142,37.468,2.139
LANDIS,31,conservation,2090,37.462,0.144,37.606,2.147
LANDIS,31,conservation,2091,37.594,0.146,37.74,2.154
LANDIS,31,conservation,2092,37.725,0.147,37.872,2.162
LANDIS,31,conservation,2093,37.852,0.149,38.001,2.169
LANDIS,31,conservation,2094,37.978,0.151,38.129,2.176
LANDIS,31,conservation,2095,38.1,0.153,38.253,2.183
LANDIS,31,conservation,2096,38.222,0.154,38.376,2.19
LANDIS,31,conservation,2097,38.34,0.156,38.496,2.197
LANDIS,31,conservation,2098,38.456,0.158,38.614,2.204
LANDIS,31,conservation,2099,38.571,0.159,38.73,2.21
LANDIS,31,conservation,2100,38.683,0.161,38.844,2.217
LANDIS,31,intensive,2025,22.4,0,22.4,1.284
LANDIS,31,intensive,2026,22.707,0.022,22.728,1.301
LANDIS,31,intensive,2027,23.009,0.042,23.051,1.318
LANDIS,31,intensive,2028,23.308,0.061,23.369,1.336
LANDIS,31,intensive,2029,23.602,0.079,23.682,1.352
LANDIS,31,intensive,2030,23.893,0.097,23.99,1.369
LANDIS,31,intensive,2031,24.179,0.114,24.293,1.385
LANDIS,31,intensive,2032,24.462,0.131,24.592,1.402
LANDIS,31,intensive,2033,24.742,0.147,24.889,1.418
LANDIS,31,intensive,2034,25.017,0.163,25.18,1.433
LANDIS,31,intensive,2035,25.288,0.178,25.466,1.449
LANDIS,31,intensive,2036,25.555,0.193,25.748,1.464
LANDIS,31,intensive,2037,25.816,0.208,26.025,1.479
LANDIS,31,intensive,2038,26.075,0.223,26.298,1.494
LANDIS,31,intensive,2039,26.328,0.238,26.566,1.509
LANDIS,31,intensive,2040,26.577,0.252,26.829,1.523
LANDIS,31,intensive,2041,26.823,0.266,27.09,1.537
LANDIS,31,intensive,2042,27.064,0.281,27.344,1.551
LANDIS,31,intensive,2043,27.302,0.295,27.596,1.564
LANDIS,31,intensive,2044,27.534,0.309,27.843,1.578
LANDIS,31,intensive,2045,27.763,0.322,28.086,1.591
LANDIS,31,intensive,2046,27.988,0.336,28.324,1.604
LANDIS,31,intensive,2047,28.208,0.35,28.558,1.616
LANDIS,31,intensive,2048,28.425,0.363,28.788,1.629
LANDIS,31,intensive,2049,28.636,0.377,29.013,1.641
LANDIS,31,intensive,2050,28.844,0.39,29.235,1.653
LANDIS,31,intensive,2051,29.049,0.404,29.453,1.665
LANDIS,31,intensive,2052,29.249,0.417,29.666,1.676
LANDIS,31,intensive,2053,29.445,0.43,29.875,1.687
LANDIS,31,intensive,2054,29.636,0.443,30.079,1.698
LANDIS,31,intensive,2055,29.825,0.456,30.281,1.709
LANDIS,31,intensive,2056,30.01,0.469,30.479,1.72
LANDIS,31,intensive,2057,30.192,0.482,30.673,1.73
LANDIS,31,intensive,2058,30.37,0.494,30.864,1.74
LANDIS,31,intensive,2059,30.544,0.507,31.051,1.75
LANDIS,31,intensive,2060,30.716,0.52,31.235,1.76
LANDIS,31,intensive,2061,30.883,0.532,31.415,1.77
LANDIS,31,intensive,2062,31.047,0.544,31.592,1.779
LANDIS,31,intensive,2063,31.208,0.557,31.764,1.788
LANDIS,31,intensive,2064,31.366,0.569,31.935,1.797
LANDIS,31,intensive,2065,31.519,0.581,32.101,1.806
LANDIS,31,intensive,2066,31.671,0.593,32.264,1.815
LANDIS,31,intensive,2067,31.818,0.605,32.423,1.823
LANDIS,31,intensive,2068,31.963,0.617,32.58,1.831
LANDIS,31,intensive,2069,32.103,0.629,32.732,1.84
LANDIS,31,intensive,2070,32.242,0.641,32.882,1.847
LANDIS,31,intensive,2071,32.376,0.652,33.028,1.855
LANDIS,31,intensive,2072,32.508,0.664,33.171,1.863
LANDIS,31,intensive,2073,32.635,0.675,33.311,1.87
LANDIS,31,intensive,2074,32.76,0.687,33.447,1.877
LANDIS,31,intensive,2075,32.883,0.698,33.581,1.884
LANDIS,31,intensive,2076,33.002,0.709,33.712,1.891
LANDIS,31,intensive,2077,33.119,0.72,33.839,1.898
LANDIS,31,intensive,2078,33.233,0.731,33.965,1.904
LANDIS,31,intensive,2079,33.344,0.742,34.086,1.911
LANDIS,31,intensive,2080,33.452,0.753,34.206,1.917
LANDIS,31,intensive,2081,33.558,0.764,34.322,1.923
LANDIS,31,intensive,2082,33.661,0.775,34.435,1.929
LANDIS,31,intensive,2083,33.761,0.785,34.546,1.935
LANDIS,31,intensive,2084,33.858,0.796,34.654,1.94
LANDIS,31,intensive,2085,33.953,0.806,34.759,1.946
LANDIS,31,intensive,2086,34.045,0.816,34.861,1.951
LANDIS,31,intensive,2087,34.135,0.827,34.961,1.956
LANDIS,31,intensive,2088,34.221,0.837,35.058,1.961
LANDIS,31,intensive,2089,34.304,0.847,35.151,1.966
LANDIS,31,intensive,2090,34.385,0.857,35.242,1.97
LANDIS,31,intensive,2091,34.463,0.867,35.33,1.975
LANDIS,31,intensive,2092,34.539,0.876,35.416,1.979
LANDIS,31,intensive,2093,34.612,0.886,35.498,1.983
LANDIS,31,intensive,2094,34.682,0.896,35.578,1.987
LANDIS,31,intensive,2095,34.75,0.905,35.655,1.991
LANDIS,31,intensive,2096,34.816,0.915,35.731,1.995
LANDIS,31,intensive,2097,34.879,0.924,35.803,1.999
LANDIS,31,intensive,2098,34.94,0.933,35.873,2.002
LANDIS,31,intensive,2099,34.999,0.942,35.941,2.005
LANDIS,31,intensive,2100,35.056,0.952,36.007,2.009
LANDIS,32,reserve,2025,54.14,0,54.14,1.186
LANDIS,32,reserve,2026,54.888,0,54.888,1.202
LANDIS,32,reserve,2027,55.626,0,55.626,1.218
LANDIS,32,reserve,2028,56.355,0,56.355,1.234
LANDIS,32,reserve,2029,57.075,0,57.075,1.25
LANDIS,32,reserve,2030,57.786,0,57.786,1.266
LANDIS,32,reserve,2031,58.488,0,58.488,1.281
LANDIS,32,reserve,2032,59.18,0,59.18,1.296
LANDIS,32,reserve,2033,59.864,0,59.864,1.311
LANDIS,32,reserve,2034,60.538,0,60.538,1.326
LANDIS,32,reserve,2035,61.202,0,61.202,1.34
LANDIS,32,reserve,2036,61.856,0,61.856,1.355
LANDIS,32,reserve,2037,62.5,0,62.5,1.369
LANDIS,32,reserve,2038,63.134,0,63.134,1.383
LANDIS,32,reserve,2039,63.759,0,63.759,1.396
LANDIS,32,reserve,2040,64.373,0,64.373,1.41
LANDIS,32,reserve,2041,64.978,0,64.978,1.423
LANDIS,32,reserve,2042,65.572,0,65.572,1.436
LANDIS,32,reserve,2043,66.157,0,66.157,1.449
LANDIS,32,reserve,2044,66.732,0,66.732,1.461
LANDIS,32,reserve,2045,67.297,0,67.297,1.474
LANDIS,32,reserve,2046,67.853,0,67.853,1.486
LANDIS,32,reserve,2047,68.4,0,68.4,1.498
LANDIS,32,reserve,2048,68.937,0,68.937,1.51
LANDIS,32,reserve,2049,69.465,0,69.465,1.521
LANDIS,32,reserve,2050,69.983,0,69.983,1.533
LANDIS,32,reserve,2051,70.492,0,70.492,1.544
LANDIS,32,reserve,2052,70.991,0,70.991,1.555
LANDIS,32,reserve,2053,71.481,0,71.481,1.565
LANDIS,32,reserve,2054,71.962,0,71.962,1.576
LANDIS,32,reserve,2055,72.435,0,72.435,1.586
LANDIS,32,reserve,2056,72.9,0,72.9,1.597
LANDIS,32,reserve,2057,73.357,0,73.357,1.607
LANDIS,32,reserve,2058,73.807,0,73.807,1.616
LANDIS,32,reserve,2059,74.249,0,74.249,1.626
LANDIS,32,reserve,2060,74.683,0,74.683,1.636
LANDIS,32,reserve,2061,75.11,0,75.11,1.645
LANDIS,32,reserve,2062,75.529,0,75.529,1.654
LANDIS,32,reserve,2063,75.94,0,75.94,1.663
LANDIS,32,reserve,2064,76.343,0,76.343,1.672
LANDIS,32,reserve,2065,76.74,0,76.74,1.681
LANDIS,32,reserve,2066,77.129,0,77.129,1.689
LANDIS,32,reserve,2067,77.512,0,77.512,1.698
LANDIS,32,reserve,2068,77.887,0,77.887,1.706
LANDIS,32,reserve,2069,78.256,0,78.256,1.714
LANDIS,32,reserve,2070,78.618,0,78.618,1.722
LANDIS,32,reserve,2071,78.973,0,78.973,1.73
LANDIS,32,reserve,2072,79.321,0,79.321,1.737
LANDIS,32,reserve,2073,79.662,0,79.662,1.745
LANDIS,32,reserve,2074,79.997,0,79.997,1.752
LANDIS,32,reserve,2075,80.325,0,80.325,1.759
LANDIS,32,reserve,2076,80.648,0,80.648,1.766
LANDIS,32,reserve,2077,80.965,0,80.965,1.773
LANDIS,32,reserve,2078,81.277,0,81.277,1.78
LANDIS,32,reserve,2079,81.583,0,81.583,1.787
LANDIS,32,reserve,2080,81.883,0,81.883,1.793
LANDIS,32,reserve,2081,82.178,0,82.178,1.8
LANDIS,32,reserve,2082,82.467,0,82.467,1.806
LANDIS,32,reserve,2083,82.75,0,82.75,1.812
LANDIS,32,reserve,2084,83.028,0,83.028,1.818
LANDIS,32,reserve,2085,83.3,0,83.3,1.824
LANDIS,32,reserve,2086,83.567,0,83.567,1.83
LANDIS,32,reserve,2087,83.829,0,83.829,1.836
LANDIS,32,reserve,2088,84.085,0,84.085,1.842
LANDIS,32,reserve,2089,84.336,0,84.336,1.847
LANDIS,32,reserve,2090,84.582,0,84.582,1.852
LANDIS,32,reserve,2091,84.822,0,84.822,1.858
LANDIS,32,reserve,2092,85.056,0,85.056,1.863
LANDIS,32,reserve,2093,85.286,0,85.286,1.868
LANDIS,32,reserve,2094,85.51,0,85.51,1.873
LANDIS,32,reserve,2095,85.729,0,85.729,1.878
LANDIS,32,reserve,2096,85.945,0,85.945,1.882
LANDIS,32,reserve,2097,86.156,0,86.156,1.887
LANDIS,32,reserve,2098,86.364,0,86.364,1.891
LANDIS,32,reserve,2099,86.567,0,86.567,1.896
LANDIS,32,reserve,2100,86.765,0,86.765,1.9
LANDIS,32,BAU,2025,54.14,0,54.14,1.186
LANDIS,32,BAU,2026,54.886,0.001,54.887,1.202
LANDIS,32,BAU,2027,55.622,0.002,55.624,1.218
LANDIS,32,BAU,2028,56.35,0.003,56.352,1.234
LANDIS,32,BAU,2029,57.068,0.003,57.071,1.25
LANDIS,32,BAU,2030,57.777,0.004,57.781,1.265
LANDIS,32,BAU,2031,58.477,0.005,58.482,1.281
LANDIS,32,BAU,2032,59.167,0.005,59.172,1.296
LANDIS,32,BAU,2033,59.849,0.006,59.855,1.311
LANDIS,32,BAU,2034,60.521,0.007,60.528,1.325
LANDIS,32,BAU,2035,61.183,0.007,61.19,1.34
LANDIS,32,BAU,2036,61.835,0.008,61.843,1.354
LANDIS,32,BAU,2037,62.477,0.009,62.486,1.368
LANDIS,32,BAU,2038,63.109,0.009,63.118,1.382
LANDIS,32,BAU,2039,63.732,0.01,63.742,1.396
LANDIS,32,BAU,2040,64.344,0.01,64.354,1.409
LANDIS,32,BAU,2041,64.947,0.011,64.958,1.422
LANDIS,32,BAU,2042,65.538,0.012,65.55,1.435
LANDIS,32,BAU,2043,66.121,0.012,66.134,1.448
LANDIS,32,BAU,2044,66.694,0.013,66.707,1.461
LANDIS,32,BAU,2045,67.257,0.013,67.27,1.473
LANDIS,32,BAU,2046,67.811,0.014,67.825,1.485
LANDIS,32,BAU,2047,68.355,0.015,68.37,1.497
LANDIS,32,BAU,2048,68.89,0.015,68.905,1.509
LANDIS,32,BAU,2049,69.416,0.016,69.432,1.52
LANDIS,32,BAU,2050,69.932,0.016,69.948,1.532
LANDIS,32,BAU,2051,70.438,0.017,70.455,1.543
LANDIS,32,BAU,2052,70.935,0.017,70.952,1.554
LANDIS,32,BAU,2053,71.423,0.018,71.441,1.564
LANDIS,32,BAU,2054,71.901,0.018,71.92,1.575
LANDIS,32,BAU,2055,72.372,0.019,72.391,1.585
LANDIS,32,BAU,2056,72.834,0.02,72.854,1.595
LANDIS,32,BAU,2057,73.289,0.02,73.309,1.605
LANDIS,32,BAU,2058,73.737,0.021,73.757,1.615
LANDIS,32,BAU,2059,74.176,0.021,74.197,1.625
LANDIS,32,BAU,2060,74.608,0.022,74.629,1.634
LANDIS,32,BAU,2061,75.032,0.022,75.054,1.643
LANDIS,32,BAU,2062,75.449,0.023,75.471,1.652
LANDIS,32,BAU,2063,75.857,0.023,75.881,1.661
LANDIS,32,BAU,2064,76.258,0.024,76.282,1.67
LANDIS,32,BAU,2065,76.652,0.024,76.677,1.679
LANDIS,32,BAU,2066,77.039,0.025,77.063,1.687
LANDIS,32,BAU,2067,77.419,0.025,77.444,1.696
LANDIS,32,BAU,2068,77.792,0.026,77.817,1.704
LANDIS,32,BAU,2069,78.158,0.026,78.184,1.712
LANDIS,32,BAU,2070,78.517,0.027,78.544,1.72
LANDIS,32,BAU,2071,78.87,0.027,78.897,1.727
LANDIS,32,BAU,2072,79.215,0.028,79.243,1.735
LANDIS,32,BAU,2073,79.554,0.028,79.582,1.742
LANDIS,32,BAU,2074,79.886,0.029,79.915,1.75
LANDIS,32,BAU,2075,80.211,0.029,80.241,1.757
LANDIS,32,BAU,2076,80.532,0.03,80.561,1.764
LANDIS,32,BAU,2077,80.846,0.03,80.876,1.771
LANDIS,32,BAU,2078,81.155,0.031,81.186,1.777
LANDIS,32,BAU,2079,81.459,0.031,81.49,1.784
LANDIS,32,BAU,2080,81.756,0.031,81.788,1.791
LANDIS,32,BAU,2081,82.048,0.032,82.08,1.797
LANDIS,32,BAU,2082,82.335,0.032,82.367,1.803
LANDIS,32,BAU,2083,82.615,0.033,82.648,1.809
LANDIS,32,BAU,2084,82.89,0.033,82.923,1.815
LANDIS,32,BAU,2085,83.159,0.034,83.193,1.821
LANDIS,32,BAU,2086,83.424,0.034,83.458,1.827
LANDIS,32,BAU,2087,83.683,0.035,83.718,1.833
LANDIS,32,BAU,2088,83.936,0.035,83.971,1.838
LANDIS,32,BAU,2089,84.184,0.035,84.22,1.844
LANDIS,32,BAU,2090,84.428,0.036,84.463,1.849
LANDIS,32,BAU,2091,84.665,0.036,84.701,1.854
LANDIS,32,BAU,2092,84.896,0.037,84.933,1.859
LANDIS,32,BAU,2093,85.123,0.037,85.16,1.864
LANDIS,32,BAU,2094,85.344,0.038,85.382,1.869
LANDIS,32,BAU,2095,85.561,0.038,85.599,1.874
LANDIS,32,BAU,2096,85.774,0.038,85.812,1.879
LANDIS,32,BAU,2097,85.982,0.039,86.021,1.883
LANDIS,32,BAU,2098,86.187,0.039,86.226,1.888
LANDIS,32,BAU,2099,86.387,0.04,86.427,1.892
LANDIS,32,BAU,2100,86.582,0.04,86.622,1.896
LANDIS,32,conservation,2025,54.14,0,54.14,1.186
LANDIS,32,conservation,2026,54.887,0,54.888,1.202
LANDIS,32,conservation,2027,55.625,0.001,55.625,1.218
LANDIS,32,conservation,2028,56.353,0.001,56.354,1.234
LANDIS,32,conservation,2029,57.072,0.001,57.073,1.25
LANDIS,32,conservation,2030,57.782,0.002,57.784,1.265
LANDIS,32,conservation,2031,58.483,0.002,58.485,1.281
LANDIS,32,conservation,2032,59.175,0.002,59.177,1.296
LANDIS,32,conservation,2033,59.858,0.002,59.86,1.311
LANDIS,32,conservation,2034,60.531,0.003,60.534,1.326
LANDIS,32,conservation,2035,61.194,0.003,61.197,1.34
LANDIS,32,conservation,2036,61.847,0.003,61.851,1.354
LANDIS,32,conservation,2037,62.491,0.004,62.494,1.369
LANDIS,32,conservation,2038,63.124,0.004,63.128,1.382
LANDIS,32,conservation,2039,63.748,0.004,63.752,1.396
LANDIS,32,conservation,2040,64.361,0.004,64.365,1.41
LANDIS,32,conservation,2041,64.965,0.005,64.97,1.423
LANDIS,32,conservation,2042,65.558,0.005,65.563,1.436
LANDIS,32,conservation,2043,66.142,0.005,66.147,1.449
LANDIS,32,conservation,2044,66.717,0.005,66.722,1.461
LANDIS,32,conservation,2045,67.281,0.005,67.286,1.473
LANDIS,32,conservation,2046,67.836,0.006,67.841,1.486
LANDIS,32,conservation,2047,68.382,0.006,68.388,1.498
LANDIS,32,conservation,2048,68.918,0.006,68.924,1.509
LANDIS,32,conservation,2049,69.445,0.006,69.451,1.521
LANDIS,32,conservation,2050,69.962,0.007,69.969,1.532
LANDIS,32,conservation,2051,70.47,0.007,70.477,1.543
LANDIS,32,conservation,2052,70.968,0.007,70.975,1.554
LANDIS,32,conservation,2053,71.457,0.007,71.464,1.565
LANDIS,32,conservation,2054,71.937,0.008,71.945,1.575
LANDIS,32,conservation,2055,72.409,0.008,72.417,1.586
LANDIS,32,conservation,2056,72.873,0.008,72.881,1.596
LANDIS,32,conservation,2057,73.329,0.008,73.337,1.606
LANDIS,32,conservation,2058,73.778,0.008,73.787,1.616
LANDIS,32,conservation,2059,74.219,0.009,74.228,1.625
LANDIS,32,conservation,2060,74.652,0.009,74.661,1.635
LANDIS,32,conservation,2061,75.078,0.009,75.087,1.644
LANDIS,32,conservation,2062,75.496,0.009,75.506,1.653
LANDIS,32,conservation,2063,75.906,0.009,75.916,1.662
LANDIS,32,conservation,2064,76.308,0.01,76.318,1.671
LANDIS,32,conservation,2065,76.704,0.01,76.714,1.68
LANDIS,32,conservation,2066,77.092,0.01,77.102,1.688
LANDIS,32,conservation,2067,77.474,0.01,77.484,1.697
LANDIS,32,conservation,2068,77.848,0.011,77.859,1.705
LANDIS,32,conservation,2069,78.216,0.011,78.227,1.713
LANDIS,32,conservation,2070,78.577,0.011,78.588,1.721
LANDIS,32,conservation,2071,78.931,0.011,78.942,1.729
LANDIS,32,conservation,2072,79.278,0.011,79.289,1.736
LANDIS,32,conservation,2073,79.618,0.012,79.629,1.744
LANDIS,32,conservation,2074,79.952,0.012,79.963,1.751
LANDIS,32,conservation,2075,80.279,0.012,80.29,1.758
LANDIS,32,conservation,2076,80.6,0.012,80.613,1.765
LANDIS,32,conservation,2077,80.916,0.012,80.929,1.772
LANDIS,32,conservation,2078,81.227,0.012,81.24,1.779
LANDIS,32,conservation,2079,81.532,0.013,81.545,1.786
LANDIS,32,conservation,2080,81.831,0.013,81.844,1.792
LANDIS,32,conservation,2081,82.125,0.013,82.138,1.799
LANDIS,32,conservation,2082,82.413,0.013,82.426,1.805
LANDIS,32,conservation,2083,82.695,0.013,82.708,1.811
LANDIS,32,conservation,2084,82.972,0.014,82.985,1.817
LANDIS,32,conservation,2085,83.243,0.014,83.256,1.823
LANDIS,32,conservation,2086,83.508,0.014,83.522,1.829
LANDIS,32,conservation,2087,83.769,0.014,83.783,1.835
LANDIS,32,conservation,2088,84.024,0.014,84.038,1.84
LANDIS,32,conservation,2089,84.274,0.015,84.289,1.846
LANDIS,32,conservation,2090,84.519,0.015,84.534,1.851
LANDIS,32,conservation,2091,84.758,0.015,84.773,1.856
LANDIS,32,conservation,2092,84.991,0.015,85.006,1.861
LANDIS,32,conservation,2093,85.219,0.015,85.235,1.866
LANDIS,32,conservation,2094,85.442,0.015,85.458,1.871
LANDIS,32,conservation,2095,85.66,0.016,85.676,1.876
LANDIS,32,conservation,2096,85.875,0.016,85.891,1.881
LANDIS,32,conservation,2097,86.085,0.016,86.101,1.885
LANDIS,32,conservation,2098,86.292,0.016,86.308,1.89
LANDIS,32,conservation,2099,86.494,0.016,86.51,1.894
LANDIS,32,conservation,2100,86.69,0.016,86.707,1.899
LANDIS,32,intensive,2025,54.14,0,54.14,1.186
LANDIS,32,intensive,2026,54.883,0.002,54.886,1.202
LANDIS,32,intensive,2027,55.617,0.004,55.621,1.218
LANDIS,32,intensive,2028,56.341,0.007,56.348,1.234
LANDIS,32,intensive,2029,57.056,0.008,57.065,1.25
LANDIS,32,intensive,2030,57.762,0.01,57.773,1.265
LANDIS,32,intensive,2031,58.459,0.012,58.472,1.28
LANDIS,32,intensive,2032,59.146,0.014,59.16,1.295
LANDIS,32,intensive,2033,59.825,0.016,59.841,1.31
LANDIS,32,intensive,2034,60.494,0.017,60.512,1.325
LANDIS,32,intensive,2035,61.153,0.019,61.172,1.339
LANDIS,32,intensive,2036,61.802,0.021,61.823,1.354
LANDIS,32,intensive,2037,62.441,0.022,62.463,1.368
LANDIS,32,intensive,2038,63.069,0.024,63.093,1.381
LANDIS,32,intensive,2039,63.689,0.025,63.715,1.395
LANDIS,32,intensive,2040,64.298,0.027,64.325,1.408
LANDIS,32,intensive,2041,64.897,0.029,64.926,1.421
LANDIS,32,intensive,2042,65.486,0.03,65.516,1.434
LANDIS,32,intensive,2043,66.065,0.032,66.097,1.447
LANDIS,32,intensive,2044,66.635,0.033,66.668,1.459
LANDIS,32,intensive,2045,67.194,0.035,67.228,1.472
LANDIS,32,intensive,2046,67.744,0.036,67.78,1.484
LANDIS,32,intensive,2047,68.285,0.037,68.323,1.495
LANDIS,32,intensive,2048,68.817,0.039,68.855,1.507
LANDIS,32,intensive,2049,69.339,0.04,69.379,1.519
LANDIS,32,intensive,2050,69.851,0.042,69.893,1.53
LANDIS,32,intensive,2051,70.354,0.043,70.397,1.541
LANDIS,32,intensive,2052,70.847,0.045,70.892,1.552
LANDIS,32,intensive,2053,71.331,0.046,71.377,1.562
LANDIS,32,intensive,2054,71.806,0.047,71.853,1.573
LANDIS,32,intensive,2055,72.273,0.049,72.322,1.583
LANDIS,32,intensive,2056,72.732,0.05,72.782,1.593
LANDIS,32,intensive,2057,73.182,0.052,73.234,1.603
LANDIS,32,intensive,2058,73.626,0.053,73.679,1.612
LANDIS,32,intensive,2059,74.062,0.054,74.116,1.622
LANDIS,32,intensive,2060,74.49,0.056,74.545,1.631
LANDIS,32,intensive,2061,74.91,0.057,74.967,1.641
LANDIS,32,intensive,2062,75.323,0.058,75.381,1.65
LANDIS,32,intensive,2063,75.728,0.06,75.787,1.658
LANDIS,32,intensive,2064,76.124,0.061,76.185,1.667
LANDIS,32,intensive,2065,76.515,0.062,76.577,1.676
LANDIS,32,intensive,2066,76.897,0.064,76.961,1.684
LANDIS,32,intensive,2067,77.274,0.065,77.338,1.692
LANDIS,32,intensive,2068,77.642,0.066,77.708,1.7
LANDIS,32,intensive,2069,78.004,0.067,78.072,1.708
LANDIS,32,intensive,2070,78.36,0.069,78.428,1.716
LANDIS,32,intensive,2071,78.708,0.07,78.778,1.724
LANDIS,32,intensive,2072,79.049,0.071,79.121,1.731
LANDIS,32,intensive,2073,79.384,0.072,79.456,1.739
LANDIS,32,intensive,2074,79.712,0.074,79.786,1.746
LANDIS,32,intensive,2075,80.033,0.075,80.108,1.753
LANDIS,32,intensive,2076,80.349,0.076,80.426,1.76
LANDIS,32,intensive,2077,80.66,0.077,80.737,1.767
LANDIS,32,intensive,2078,80.965,0.078,81.043,1.773
LANDIS,32,intensive,2079,81.264,0.08,81.344,1.78
LANDIS,32,intensive,2080,81.557,0.081,81.638,1.786
LANDIS,32,intensive,2081,81.845,0.082,81.927,1.792
LANDIS,32,intensive,2082,82.127,0.083,82.21,1.799
LANDIS,32,intensive,2083,82.403,0.084,82.487,1.805
LANDIS,32,intensive,2084,82.674,0.085,82.76,1.811
LANDIS,32,intensive,2085,82.939,0.087,83.026,1.816
LANDIS,32,intensive,2086,83.199,0.088,83.287,1.822
LANDIS,32,intensive,2087,83.454,0.089,83.543,1.828
LANDIS,32,intensive,2088,83.703,0.09,83.793,1.833
LANDIS,32,intensive,2089,83.947,0.091,84.038,1.838
LANDIS,32,intensive,2090,84.186,0.092,84.278,1.844
LANDIS,32,intensive,2091,84.418,0.093,84.512,1.849
LANDIS,32,intensive,2092,84.645,0.094,84.74,1.854
LANDIS,32,intensive,2093,84.868,0.095,84.963,1.859
LANDIS,32,intensive,2094,85.085,0.096,85.181,1.863
LANDIS,32,intensive,2095,85.297,0.097,85.394,1.868
LANDIS,32,intensive,2096,85.505,0.099,85.604,1.873
LANDIS,32,intensive,2097,85.709,0.1,85.809,1.877
LANDIS,32,intensive,2098,85.91,0.101,86.01,1.881
LANDIS,32,intensive,2099,86.105,0.102,86.207,1.886
LANDIS,32,intensive,2100,86.296,0.103,86.399,1.89
LANDIS,33,reserve,2025,153.16,0,153.16,2.542
LANDIS,33,reserve,2026,157.284,0,157.284,2.611
LANDIS,33,reserve,2027,161.405,0,161.405,2.679
LANDIS,33,reserve,2028,165.138,0,165.138,2.741
LANDIS,33,reserve,2029,168.846,0,168.846,2.803
LANDIS,33,reserve,2030,172.534,0,172.534,2.864
LANDIS,33,reserve,2031,176.196,0,176.196,2.925
LANDIS,33,reserve,2032,179.833,0,179.833,2.985
LANDIS,33,reserve,2033,183.444,0,183.444,3.045
LANDIS,33,reserve,2034,187.019,0,187.019,3.105
LANDIS,33,reserve,2035,190.514,0,190.514,3.163
LANDIS,33,reserve,2036,193.93,0,193.93,3.219
LANDIS,33,reserve,2037,197.263,0,197.263,3.275
LANDIS,33,reserve,2038,200.895,0,200.895,3.335
LANDIS,33,reserve,2039,204.079,0,204.079,3.388
LANDIS,33,reserve,2040,207.178,0,207.178,3.439
LANDIS,33,reserve,2041,210.19,0,210.19,3.489
LANDIS,33,reserve,2042,213.115,0,213.115,3.538
LANDIS,33,reserve,2043,215.952,0,215.952,3.585
LANDIS,33,reserve,2044,218.71,0,218.71,3.631
LANDIS,33,reserve,2045,221.418,0,221.418,3.676
LANDIS,33,reserve,2046,224.074,0,224.074,3.72
LANDIS,33,reserve,2047,226.68,0,226.68,3.763
LANDIS,33,reserve,2048,229.233,0,229.233,3.805
LANDIS,33,reserve,2049,232.112,0,232.112,3.853
LANDIS,33,reserve,2050,234.954,0,234.954,3.9
LANDIS,33,reserve,2051,237.757,0,237.757,3.947
LANDIS,33,reserve,2052,240.52,0,240.52,3.993
LANDIS,33,reserve,2053,243.245,0,243.245,4.038
LANDIS,33,reserve,2054,245.93,0,245.93,4.082
LANDIS,33,reserve,2055,248.58,0,248.58,4.126
LANDIS,33,reserve,2056,251.194,0,251.194,4.17
LANDIS,33,reserve,2057,253.773,0,253.773,4.213
LANDIS,33,reserve,2058,256.317,0,256.317,4.255
LANDIS,33,reserve,2059,258.827,0,258.827,4.297
LANDIS,33,reserve,2060,261.303,0,261.303,4.338
LANDIS,33,reserve,2061,263.744,0,263.744,4.378
LANDIS,33,reserve,2062,266.15,0,266.15,4.418
LANDIS,33,reserve,2063,268.521,0,268.521,4.457
LANDIS,33,reserve,2064,270.858,0,270.858,4.496
LANDIS,33,reserve,2065,273.169,0,273.169,4.535
LANDIS,33,reserve,2066,275.454,0,275.454,4.573
LANDIS,33,reserve,2067,277.712,0,277.712,4.61
LANDIS,33,reserve,2068,279.943,0,279.943,4.647
LANDIS,33,reserve,2069,282.146,0,282.146,4.684
LANDIS,33,reserve,2070,284.322,0,284.322,4.72
LANDIS,33,reserve,2071,286.47,0,286.47,4.755
LANDIS,33,reserve,2072,288.591,0,288.591,4.791
LANDIS,33,reserve,2073,290.685,0,290.685,4.825
LANDIS,33,reserve,2074,292.75,0,292.75,4.86
LANDIS,33,reserve,2075,294.769,0,294.769,4.893
LANDIS,33,reserve,2076,296.739,0,296.739,4.926
LANDIS,33,reserve,2077,298.664,0,298.664,4.958
LANDIS,33,reserve,2078,300.544,0,300.544,4.989
LANDIS,33,reserve,2079,302.379,0,302.379,5.02
LANDIS,33,reserve,2080,304.168,0,304.168,5.049
LANDIS,33,reserve,2081,305.912,0,305.912,5.078
LANDIS,33,reserve,2082,307.611,0,307.611,5.106
LANDIS,33,reserve,2083,309.265,0,309.265,5.134
LANDIS,33,reserve,2084,310.873,0,310.873,5.161
LANDIS,33,reserve,2085,312.413,0,312.413,5.186
LANDIS,33,reserve,2086,313.883,0,313.883,5.21
LANDIS,33,reserve,2087,315.282,0,315.282,5.234
LANDIS,33,reserve,2088,316.609,0,316.609,5.256
LANDIS,33,reserve,2089,317.865,0,317.865,5.277
LANDIS,33,reserve,2090,319.051,0,319.051,5.296
LANDIS,33,reserve,2091,320.165,0,320.165,5.315
LANDIS,33,reserve,2092,321.208,0,321.208,5.332
LANDIS,33,reserve,2093,322.18,0,322.18,5.348
LANDIS,33,reserve,2094,323.082,0,323.082,5.363
LANDIS,33,reserve,2095,323.949,0,323.949,5.378
LANDIS,33,reserve,2096,324.782,0,324.782,5.391
LANDIS,33,reserve,2097,325.58,0,325.58,5.405
LANDIS,33,reserve,2098,326.344,0,326.344,5.417
LANDIS,33,reserve,2099,327.074,0,327.074,5.429
LANDIS,33,reserve,2100,327.77,0,327.77,5.441
LANDIS,33,BAU,2025,153.16,0,153.16,2.542
LANDIS,33,BAU,2026,157.194,0.045,157.239,2.609
LANDIS,33,BAU,2027,161.222,0.088,161.31,2.676
LANDIS,33,BAU,2028,164.86,0.13,164.99,2.737
LANDIS,33,BAU,2029,168.471,0.17,168.641,2.797
LANDIS,33,BAU,2030,172.059,0.209,172.268,2.856
LANDIS,33,BAU,2031,175.62,0.247,175.867,2.915
LANDIS,33,BAU,2032,179.153,0.284,179.438,2.974
LANDIS,33,BAU,2033,182.658,0.321,182.98,3.032
LANDIS,33,BAU,2034,186.126,0.358,186.483,3.09
LANDIS,33,BAU,2035,189.511,0.394,189.904,3.146
LANDIS,33,BAU,2036,192.815,0.429,193.244,3.201
LANDIS,33,BAU,2037,196.034,0.465,196.499,3.254
LANDIS,33,BAU,2038,199.551,0.5,200.051,3.313
LANDIS,33,BAU,2039,202.617,0.535,203.152,3.363
LANDIS,33,BAU,2040,205.596,0.57,206.167,3.413
LANDIS,33,BAU,2041,208.487,0.605,209.093,3.461
LANDIS,33,BAU,2042,211.289,0.64,211.929,3.507
LANDIS,33,BAU,2043,214.002,0.675,214.676,3.552
LANDIS,33,BAU,2044,216.633,0.709,217.343,3.596
LANDIS,33,BAU,2045,219.214,0.744,219.957,3.639
LANDIS,33,BAU,2046,221.74,0.778,222.519,3.681
LANDIS,33,BAU,2047,224.215,0.813,225.028,3.722
LANDIS,33,BAU,2048,226.636,0.847,227.483,3.762
LANDIS,33,BAU,2049,229.381,0.881,230.262,3.808
LANDIS,33,BAU,2050,232.088,0.915,233.003,3.853
LANDIS,33,BAU,2051,234.754,0.949,235.703,3.897
LANDIS,33,BAU,2052,237.379,0.983,238.362,3.941
LANDIS,33,BAU,2053,239.964,1.017,240.981,3.983
LANDIS,33,BAU,2054,242.507,1.051,243.558,4.026
LANDIS,33,BAU,2055,245.014,1.085,246.099,4.067
LANDIS,33,BAU,2056,247.484,1.119,248.603,4.108
LANDIS,33,BAU,2057,249.917,1.153,251.07,4.149
LANDIS,33,BAU,2058,252.313,1.187,253.5,4.188
LANDIS,33,BAU,2059,254.674,1.221,255.895,4.228
LANDIS,33,BAU,2060,257,1.255,258.255,4.266
LANDIS,33,BAU,2061,259.29,1.288,260.578,4.304
LANDIS,33,BAU,2062,261.543,1.322,262.865,4.342
LANDIS,33,BAU,2063,263.759,1.356,265.115,4.378
LANDIS,33,BAU,2064,265.941,1.389,267.33,4.415
LANDIS,33,BAU,2065,268.095,1.423,269.518,4.45
LANDIS,33,BAU,2066,270.222,1.456,271.678,4.486
LANDIS,33,BAU,2067,272.32,1.49,273.81,4.521
LANDIS,33,BAU,2068,274.391,1.523,275.913,4.555
LANDIS,33,BAU,2069,276.432,1.556,277.988,4.589
LANDIS,33,BAU,2070,278.445,1.589,280.034,4.622
LANDIS,33,BAU,2071,280.428,1.622,282.05,4.655
LANDIS,33,BAU,2072,282.384,1.655,284.039,4.688
LANDIS,33,BAU,2073,284.311,1.688,285.999,4.72
LANDIS,33,BAU,2074,286.209,1.72,287.929,4.751
LANDIS,33,BAU,2075,288.059,1.753,289.812,4.782
LANDIS,33,BAU,2076,289.859,1.785,291.644,4.812
LANDIS,33,BAU,2077,291.613,1.817,293.43,4.841
LANDIS,33,BAU,2078,293.321,1.85,295.171,4.869
LANDIS,33,BAU,2079,294.983,1.882,296.865,4.897
LANDIS,33,BAU,2080,296.598,1.913,298.511,4.924
LANDIS,33,BAU,2081,298.167,1.945,300.112,4.95
LANDIS,33,BAU,2082,299.69,1.977,301.667,4.975
LANDIS,33,BAU,2083,301.167,2.008,303.175,4.999
LANDIS,33,BAU,2084,302.598,2.039,304.637,5.023
LANDIS,33,BAU,2085,303.959,2.07,306.029,5.046
LANDIS,33,BAU,2086,305.25,2.101,307.351,5.067
LANDIS,33,BAU,2087,306.469,2.132,308.6,5.087
LANDIS,33,BAU,2088,307.615,2.162,309.777,5.106
LANDIS,33,BAU,2089,308.69,2.192,310.882,5.124
LANDIS,33,BAU,2090,309.693,2.222,311.916,5.141
LANDIS,33,BAU,2091,310.625,2.252,312.877,5.156
LANDIS,33,BAU,2092,311.485,2.281,313.766,5.171
LANDIS,33,BAU,2093,312.273,2.31,314.583,5.184
LANDIS,33,BAU,2094,312.991,2.339,315.33,5.196
LANDIS,33,BAU,2095,313.673,2.368,316.041,5.207
LANDIS,33,BAU,2096,314.321,2.396,316.717,5.218
LANDIS,33,BAU,2097,314.934,2.424,317.357,5.228
LANDIS,33,BAU,2098,315.512,2.452,317.963,5.238
LANDIS,33,BAU,2099,316.056,2.479,318.535,5.247
LANDIS,33,BAU,2100,316.565,2.506,319.071,5.255
LANDIS,33,conservation,2025,153.16,0,153.16,2.542
LANDIS,33,conservation,2026,157.247,0.018,157.266,2.61
LANDIS,33,conservation,2027,161.33,0.036,161.366,2.678
LANDIS,33,conservation,2028,165.025,0.053,165.078,2.739
LANDIS,33,conservation,2029,168.693,0.069,168.762,2.8
LANDIS,33,conservation,2030,172.34,0.085,172.426,2.861
LANDIS,33,conservation,2031,175.961,0.101,176.062,2.921
LANDIS,33,conservation,2032,179.556,0.116,179.672,2.981
LANDIS,33,conservation,2033,183.124,0.131,183.255,3.04
LANDIS,33,conservation,2034,186.655,0.146,186.8,3.098
LANDIS,33,conservation,2035,190.105,0.161,190.265,3.156
LANDIS,33,conservation,2036,193.475,0.175,193.65,3.212
LANDIS,33,conservation,2037,196.762,0.19,196.951,3.266
LANDIS,33,conservation,2038,200.346,0.204,200.55,3.326
LANDIS,33,conservation,2039,203.482,0.219,203.701,3.378
LANDIS,33,conservation,2040,206.532,0.233,206.765,3.428
LANDIS,33,conservation,2041,209.495,0.247,209.742,3.478
LANDIS,33,conservation,2042,212.369,0.262,212.631,3.525
LANDIS,33,conservation,2043,215.155,0.276,215.431,3.572
LANDIS,33,conservation,2044,217.862,0.29,218.151,3.617
LANDIS,33,conservation,2045,220.517,0.304,220.821,3.661
LANDIS,33,conservation,2046,223.12,0.318,223.438,3.704
LANDIS,33,conservation,2047,225.673,0.332,226.005,3.746
LANDIS,33,conservation,2048,228.171,0.346,228.518,3.788
LANDIS,33,conservation,2049,230.996,0.36,231.356,3.835
LANDIS,33,conservation,2050,233.782,0.374,234.156,3.881
LANDIS,33,conservation,2051,236.529,0.388,236.917,3.926
LANDIS,33,conservation,2052,239.235,0.402,239.637,3.971
LANDIS,33,conservation,2053,241.903,0.416,242.319,4.016
LANDIS,33,conservation,2054,244.529,0.43,244.96,4.059
LANDIS,33,conservation,2055,247.121,0.444,247.565,4.102
LANDIS,33,conservation,2056,249.675,0.458,250.134,4.145
LANDIS,33,conservation,2057,252.194,0.472,252.667,4.186
LANDIS,33,conservation,2058,254.678,0.486,255.164,4.228
LANDIS,33,conservation,2059,257.126,0.5,257.627,4.268
LANDIS,33,conservation,2060,259.541,0.514,260.055,4.308
LANDIS,33,conservation,2061,261.919,0.528,262.447,4.348
LANDIS,33,conservation,2062,264.262,0.542,264.804,4.387
LANDIS,33,conservation,2063,266.57,0.556,267.126,4.425
LANDIS,33,conservation,2064,268.843,0.57,269.413,4.463
LANDIS,33,conservation,2065,271.089,0.584,271.673,4.5
LANDIS,33,conservation,2066,273.309,0.597,273.907,4.537
LANDIS,33,conservation,2067,275.501,0.611,276.113,4.573
LANDIS,33,conservation,2068,277.666,0.625,278.291,4.609
LANDIS,33,conservation,2069,279.802,0.639,280.441,4.645
LANDIS,33,conservation,2070,281.911,0.652,282.564,4.68
LANDIS,33,conservation,2071,283.991,0.666,284.658,4.714
LANDIS,33,conservation,2072,286.044,0.68,286.724,4.748
LANDIS,33,conservation,2073,288.069,0.693,288.763,4.782
LANDIS,33,conservation,2074,290.065,0.707,290.772,4.815
LANDIS,33,conservation,2075,292.015,0.72,292.735,4.847
LANDIS,33,conservation,2076,293.914,0.734,294.648,4.879
LANDIS,33,conservation,2077,295.769,0.747,296.516,4.91
LANDIS,33,conservation,2078,297.578,0.761,298.338,4.94
LANDIS,33,conservation,2079,299.341,0.774,300.115,4.969
LANDIS,33,conservation,2080,301.058,0.787,301.845,4.998
LANDIS,33,conservation,2081,302.73,0.8,303.53,5.025
LANDIS,33,conservation,2082,304.356,0.813,305.17,5.052
LANDIS,33,conservation,2083,305.937,0.826,306.763,5.079
LANDIS,33,conservation,2084,307.472,0.839,308.311,5.104
LANDIS,33,conservation,2085,308.938,0.852,309.79,5.128
LANDIS,33,conservation,2086,310.333,0.865,311.199,5.152
LANDIS,33,conservation,2087,311.658,0.878,312.536,5.174
LANDIS,33,conservation,2088,312.91,0.891,313.801,5.194
LANDIS,33,conservation,2089,314.091,0.903,314.994,5.214
LANDIS,33,conservation,2090,315.201,0.916,316.117,5.232
LANDIS,33,conservation,2091,316.24,0.928,317.168,5.25
LANDIS,33,conservation,2092,317.207,0.94,318.147,5.266
LANDIS,33,conservation,2093,318.102,0.953,319.055,5.281
LANDIS,33,conservation,2094,318.928,0.965,319.893,5.294
LANDIS,33,conservation,2095,319.718,0.977,320.695,5.307
LANDIS,33,conservation,2096,320.474,0.988,321.463,5.32
LANDIS,33,conservation,2097,321.195,1,322.196,5.332
LANDIS,33,conservation,2098,321.882,1.012,322.894,5.343
LANDIS,33,conservation,2099,322.535,1.023,323.558,5.354
LANDIS,33,conservation,2100,323.153,1.035,324.188,5.364
LANDIS,33,intensive,2025,153.16,0,153.16,2.542
LANDIS,33,intensive,2026,157.052,0.116,157.168,2.607
LANDIS,33,intensive,2027,160.936,0.226,161.162,2.672
LANDIS,33,intensive,2028,164.425,0.333,164.758,2.729
LANDIS,33,intensive,2029,167.884,0.435,168.32,2.787
LANDIS,33,intensive,2030,171.318,0.535,171.853,2.844
LANDIS,33,intensive,2031,174.721,0.632,175.353,2.9
LANDIS,33,intensive,2032,178.094,0.728,178.821,2.956
LANDIS,33,intensive,2033,181.435,0.821,182.257,3.012
LANDIS,33,intensive,2034,184.736,0.914,185.65,3.067
LANDIS,33,intensive,2035,187.951,1.005,188.957,3.12
LANDIS,33,intensive,2036,191.083,1.096,192.179,3.172
LANDIS,33,intensive,2037,194.127,1.186,195.313,3.223
LANDIS,33,intensive,2038,197.465,1.275,198.74,3.278
LANDIS,33,intensive,2039,200.35,1.364,201.715,3.326
LANDIS,33,intensive,2040,203.146,1.453,204.599,3.372
LANDIS,33,intensive,2041,205.851,1.541,207.392,3.417
LANDIS,33,intensive,2042,208.464,1.629,210.094,3.461
LANDIS,33,intensive,2043,210.986,1.717,212.703,3.502
LANDIS,33,intensive,2044,213.425,1.804,215.229,3.543
LANDIS,33,intensive,2045,215.81,1.891,217.701,3.582
LANDIS,33,intensive,2046,218.139,1.977,220.117,3.621
LANDIS,33,intensive,2047,220.415,2.063,222.479,3.659
LANDIS,33,intensive,2048,222.635,2.149,224.784,3.696
LANDIS,33,intensive,2049,225.177,2.234,227.411,3.738
LANDIS,33,intensive,2050,227.678,2.32,229.998,3.779
LANDIS,33,intensive,2051,230.137,2.405,232.542,3.82
LANDIS,33,intensive,2052,232.552,2.49,235.042,3.86
LANDIS,33,intensive,2053,234.925,2.575,237.5,3.9
LANDIS,33,intensive,2054,237.254,2.66,239.915,3.938
LANDIS,33,intensive,2055,239.545,2.745,242.29,3.976
LANDIS,33,intensive,2056,241.797,2.83,244.627,4.014
LANDIS,33,intensive,2057,244.01,2.914,246.924,4.051
LANDIS,33,intensive,2058,246.185,2.999,249.183,4.087
LANDIS,33,intensive,2059,248.322,3.083,251.405,4.122
LANDIS,33,intensive,2060,250.423,3.167,253.589,4.157
LANDIS,33,intensive,2061,252.485,3.25,255.735,4.191
LANDIS,33,intensive,2062,254.509,3.334,257.843,4.225
LANDIS,33,intensive,2063,256.495,3.417,259.912,4.258
LANDIS,33,intensive,2064,258.444,3.5,261.944,4.29
LANDIS,33,intensive,2065,260.364,3.583,263.946,4.322
LANDIS,33,intensive,2066,262.255,3.665,265.92,4.353
LANDIS,33,intensive,2067,264.116,3.747,267.863,4.384
LANDIS,33,intensive,2068,265.947,3.829,269.776,4.415
LANDIS,33,intensive,2069,267.748,3.91,271.658,4.445
LANDIS,33,intensive,2070,269.519,3.992,273.511,4.474
LANDIS,33,intensive,2071,271.259,4.073,275.332,4.503
LANDIS,33,intensive,2072,272.97,4.153,277.123,4.531
LANDIS,33,intensive,2073,274.651,4.233,278.884,4.559
LANDIS,33,intensive,2074,276.3,4.313,280.613,4.587
LANDIS,33,intensive,2075,277.901,4.393,282.294,4.613
LANDIS,33,intensive,2076,279.451,4.472,283.922,4.639
LANDIS,33,intensive,2077,280.953,4.551,285.503,4.664
LANDIS,33,intensive,2078,282.408,4.629,287.037,4.688
LANDIS,33,intensive,2079,283.815,4.707,288.522,4.711
LANDIS,33,intensive,2080,285.175,4.784,289.959,4.734
LANDIS,33,intensive,2081,286.488,4.861,291.349,4.756
LANDIS,33,intensive,2082,287.753,4.938,292.691,4.777
LANDIS,33,intensive,2083,288.972,5.014,293.986,4.797
LANDIS,33,intensive,2084,290.142,5.089,295.232,4.816
LANDIS,33,intensive,2085,291.244,5.164,296.408,4.835
LANDIS,33,intensive,2086,292.273,5.239,297.511,4.852
LANDIS,33,intensive,2087,293.23,5.312,298.542,4.868
LANDIS,33,intensive,2088,294.113,5.386,299.498,4.882
LANDIS,33,intensive,2089,294.924,5.458,300.382,4.896
LANDIS,33,intensive,2090,295.664,5.53,301.194,4.908
LANDIS,33,intensive,2091,296.33,5.601,301.931,4.919
LANDIS,33,intensive,2092,296.925,5.671,302.596,4.929
LANDIS,33,intensive,2093,297.448,5.741,303.189,4.938
LANDIS,33,intensive,2094,297.9,5.81,303.709,4.945
LANDIS,33,intensive,2095,298.316,5.877,304.194,4.952
LANDIS,33,intensive,2096,298.698,5.945,304.642,4.958
LANDIS,33,intensive,2097,299.044,6.011,305.055,4.964
LANDIS,33,intensive,2098,299.355,6.076,305.432,4.969
LANDIS,33,intensive,2099,299.632,6.141,305.774,4.974
LANDIS,33,intensive,2100,299.875,6.205,306.08,4.978
LANDIS,34,reserve,2025,59.18,0,59.18,1.479
LANDIS,34,reserve,2026,60.699,0,60.699,1.517
LANDIS,34,reserve,2027,62.221,0,62.221,1.556
LANDIS,34,reserve,2028,63.747,0,63.747,1.594
LANDIS,34,reserve,2029,65.275,0,65.275,1.632
LANDIS,34,reserve,2030,66.806,0,66.806,1.67
LANDIS,34,reserve,2031,68.34,0,68.34,1.708
LANDIS,34,reserve,2032,69.877,0,69.877,1.747
LANDIS,34,reserve,2033,71.418,0,71.418,1.785
LANDIS,34,reserve,2034,72.961,0,72.961,1.824
LANDIS,34,reserve,2035,74.497,0,74.497,1.862
LANDIS,34,reserve,2036,76.025,0,76.025,1.901
LANDIS,34,reserve,2037,77.545,0,77.545,1.939
LANDIS,34,reserve,2038,79.057,0,79.057,1.976
LANDIS,34,reserve,2039,80.561,0,80.561,2.014
LANDIS,34,reserve,2040,82.058,0,82.058,2.051
LANDIS,34,reserve,2041,83.548,0,83.548,2.089
LANDIS,34,reserve,2042,85.03,0,85.03,2.126
LANDIS,34,reserve,2043,86.505,0,86.505,2.163
LANDIS,34,reserve,2044,87.973,0,87.973,2.199
LANDIS,34,reserve,2045,89.44,0,89.44,2.236
LANDIS,34,reserve,2046,90.907,0,90.907,2.273
LANDIS,34,reserve,2047,92.372,0,92.372,2.309
LANDIS,34,reserve,2048,93.837,0,93.837,2.346
LANDIS,34,reserve,2049,95.301,0,95.301,2.383
LANDIS,34,reserve,2050,96.765,0,96.765,2.419
LANDIS,34,reserve,2051,98.228,0,98.228,2.456
LANDIS,34,reserve,2052,99.691,0,99.691,2.492
LANDIS,34,reserve,2053,101.153,0,101.153,2.529
LANDIS,34,reserve,2054,102.615,0,102.615,2.565
LANDIS,34,reserve,2055,104.07,0,104.07,2.602
LANDIS,34,reserve,2056,105.519,0,105.519,2.638
LANDIS,34,reserve,2057,106.961,0,106.961,2.674
LANDIS,34,reserve,2058,108.397,0,108.397,2.71
LANDIS,34,reserve,2059,109.827,0,109.827,2.746
LANDIS,34,reserve,2060,111.251,0,111.251,2.781
LANDIS,34,reserve,2061,112.668,0,112.668,2.817
LANDIS,34,reserve,2062,114.08,0,114.08,2.852
LANDIS,34,reserve,2063,115.485,0,115.485,2.887
LANDIS,34,reserve,2064,116.885,0,116.885,2.922
LANDIS,34,reserve,2065,118.279,0,118.279,2.957
LANDIS,34,reserve,2066,119.667,0,119.667,2.992
LANDIS,34,reserve,2067,121.049,0,121.049,3.026
LANDIS,34,reserve,2068,122.425,0,122.425,3.061
LANDIS,34,reserve,2069,123.796,0,123.796,3.095
LANDIS,34,reserve,2070,125.161,0,125.161,3.129
LANDIS,34,reserve,2071,126.521,0,126.521,3.163
LANDIS,34,reserve,2072,127.875,0,127.875,3.197
LANDIS,34,reserve,2073,129.223,0,129.223,3.231
LANDIS,34,reserve,2074,130.566,0,130.566,3.264
LANDIS,34,reserve,2075,131.901,0,131.901,3.298
LANDIS,34,reserve,2076,133.228,0,133.228,3.331
LANDIS,34,reserve,2077,134.547,0,134.547,3.364
LANDIS,34,reserve,2078,135.857,0,135.857,3.396
LANDIS,34,reserve,2079,137.16,0,137.16,3.429
LANDIS,34,reserve,2080,138.455,0,138.455,3.461
LANDIS,34,reserve,2081,139.741,0,139.741,3.494
LANDIS,34,reserve,2082,141.02,0,141.02,3.525
LANDIS,34,reserve,2083,142.291,0,142.291,3.557
LANDIS,34,reserve,2084,143.555,0,143.555,3.589
LANDIS,34,reserve,2085,144.77,0,144.77,3.619
LANDIS,34,reserve,2086,145.936,0,145.936,3.648
LANDIS,34,reserve,2087,147.055,0,147.055,3.676
LANDIS,34,reserve,2088,148.125,0,148.125,3.703
LANDIS,34,reserve,2089,149.147,0,149.147,3.729
LANDIS,34,reserve,2090,150.122,0,150.122,3.753
LANDIS,34,reserve,2091,151.048,0,151.048,3.776
LANDIS,34,reserve,2092,151.927,0,151.927,3.798
LANDIS,34,reserve,2093,152.759,0,152.759,3.819
LANDIS,34,reserve,2094,153.542,0,153.542,3.839
LANDIS,34,reserve,2095,154.306,0,154.306,3.858
LANDIS,34,reserve,2096,155.051,0,155.051,3.876
LANDIS,34,reserve,2097,155.776,0,155.776,3.894
LANDIS,34,reserve,2098,156.482,0,156.482,3.912
LANDIS,34,reserve,2099,157.169,0,157.169,3.929
LANDIS,34,reserve,2100,157.835,0,157.835,3.946
LANDIS,34,BAU,2025,59.18,0,59.18,1.479
LANDIS,34,BAU,2026,60.676,0.011,60.688,1.517
LANDIS,34,BAU,2027,62.175,0.022,62.197,1.554
LANDIS,34,BAU,2028,63.677,0.033,63.71,1.592
LANDIS,34,BAU,2029,65.18,0.043,65.223,1.629
LANDIS,34,BAU,2030,66.686,0.053,66.739,1.667
LANDIS,34,BAU,2031,68.195,0.062,68.257,1.705
LANDIS,34,BAU,2032,69.705,0.072,69.777,1.743
LANDIS,34,BAU,2033,71.22,0.081,71.301,1.78
LANDIS,34,BAU,2034,72.735,0.09,72.826,1.818
LANDIS,34,BAU,2035,74.243,0.1,74.343,1.856
LANDIS,34,BAU,2036,75.743,0.109,75.851,1.894
LANDIS,34,BAU,2037,77.234,0.118,77.351,1.931
LANDIS,34,BAU,2038,78.716,0.127,78.843,1.968
LANDIS,34,BAU,2039,80.19,0.136,80.326,2.005
LANDIS,34,BAU,2040,81.656,0.145,81.801,2.041
LANDIS,34,BAU,2041,83.114,0.154,83.269,2.078
LANDIS,34,BAU,2042,84.564,0.164,84.728,2.114
LANDIS,34,BAU,2043,86.007,0.173,86.18,2.15
LANDIS,34,BAU,2044,87.442,0.182,87.624,2.186
LANDIS,34,BAU,2045,88.875,0.191,89.066,2.222
LANDIS,34,BAU,2046,90.308,0.201,90.508,2.258
LANDIS,34,BAU,2047,91.738,0.21,91.948,2.293
LANDIS,34,BAU,2048,93.168,0.219,93.387,2.329
LANDIS,34,BAU,2049,94.596,0.229,94.824,2.365
LANDIS,34,BAU,2050,96.024,0.238,96.261,2.401
LANDIS,34,BAU,2051,97.45,0.247,97.697,2.436
LANDIS,34,BAU,2052,98.875,0.257,99.132,2.472
LANDIS,34,BAU,2053,100.299,0.266,100.565,2.507
LANDIS,34,BAU,2054,101.722,0.276,101.998,2.543
LANDIS,34,BAU,2055,103.138,0.286,103.424,2.578
LANDIS,34,BAU,2056,104.548,0.295,104.843,2.614
LANDIS,34,BAU,2057,105.949,0.305,106.254,2.649
LANDIS,34,BAU,2058,107.345,0.315,107.659,2.684
LANDIS,34,BAU,2059,108.733,0.324,109.058,2.718
LANDIS,34,BAU,2060,110.115,0.334,110.45,2.753
LANDIS,34,BAU,2061,111.49,0.344,111.834,2.787
LANDIS,34,BAU,2062,112.859,0.354,113.213,2.821
LANDIS,34,BAU,2063,114.221,0.364,114.584,2.856
LANDIS,34,BAU,2064,115.577,0.373,115.95,2.889
LANDIS,34,BAU,2065,116.926,0.383,117.31,2.923
LANDIS,34,BAU,2066,118.269,0.393,118.663,2.957
LANDIS,34,BAU,2067,119.606,0.403,120.009,2.99
LANDIS,34,BAU,2068,120.936,0.413,121.349,3.023
LANDIS,34,BAU,2069,122.26,0.423,122.684,3.056
LANDIS,34,BAU,2070,123.578,0.433,124.012,3.089
LANDIS,34,BAU,2071,124.891,0.443,125.334,3.122
LANDIS,34,BAU,2072,126.197,0.454,126.65,3.155
LANDIS,34,BAU,2073,127.496,0.464,127.96,3.187
LANDIS,34,BAU,2074,128.79,0.474,129.264,3.22
LANDIS,34,BAU,2075,130.075,0.484,130.559,3.252
LANDIS,34,BAU,2076,131.352,0.494,131.847,3.284
LANDIS,34,BAU,2077,132.621,0.504,133.125,3.316
LANDIS,34,BAU,2078,133.88,0.515,134.394,3.347
LANDIS,34,BAU,2079,135.131,0.525,135.656,3.378
LANDIS,34,BAU,2080,136.374,0.535,136.909,3.409
LANDIS,34,BAU,2081,137.608,0.545,138.153,3.44
LANDIS,34,BAU,2082,138.834,0.555,139.389,3.471
LANDIS,34,BAU,2083,140.052,0.566,140.617,3.501
LANDIS,34,BAU,2084,141.262,0.576,141.838,3.532
LANDIS,34,BAU,2085,142.422,0.586,143.009,3.561
LANDIS,34,BAU,2086,143.533,0.597,144.13,3.588
LANDIS,34,BAU,2087,144.597,0.607,145.204,3.615
LANDIS,34,BAU,2088,145.612,0.617,146.229,3.64
LANDIS,34,BAU,2089,146.578,0.627,147.205,3.664
LANDIS,34,BAU,2090,147.496,0.637,148.134,3.687
LANDIS,34,BAU,2091,148.365,0.648,149.013,3.709
LANDIS,34,BAU,2092,149.187,0.658,149.845,3.73
LANDIS,34,BAU,2093,149.962,0.668,150.63,3.749
LANDIS,34,BAU,2094,150.687,0.678,151.365,3.767
LANDIS,34,BAU,2095,151.393,0.688,152.081,3.785
LANDIS,34,BAU,2096,152.08,0.698,152.778,3.802
LANDIS,34,BAU,2097,152.746,0.707,153.454,3.819
LANDIS,34,BAU,2098,153.394,0.717,154.111,3.835
LANDIS,34,BAU,2099,154.022,0.727,154.748,3.851
LANDIS,34,BAU,2100,154.628,0.736,155.365,3.866
LANDIS,34,conservation,2025,59.18,0,59.18,1.479
LANDIS,34,conservation,2026,60.69,0.004,60.695,1.517
LANDIS,34,conservation,2027,62.203,0.009,62.212,1.555
LANDIS,34,conservation,2028,63.72,0.013,63.733,1.593
LANDIS,34,conservation,2029,65.238,0.017,65.255,1.631
LANDIS,34,conservation,2030,66.76,0.02,66.78,1.669
LANDIS,34,conservation,2031,68.284,0.024,68.308,1.707
LANDIS,34,conservation,2032,69.811,0.028,69.838,1.745
LANDIS,34,conservation,2033,71.341,0.031,71.373,1.784
LANDIS,34,conservation,2034,72.874,0.035,72.909,1.822
LANDIS,34,conservation,2035,74.399,0.038,74.437,1.86
LANDIS,34,conservation,2036,75.916,0.042,75.958,1.898
LANDIS,34,conservation,2037,77.425,0.046,77.47,1.936
LANDIS,34,conservation,2038,78.925,0.049,78.974,1.973
LANDIS,34,conservation,2039,80.417,0.053,80.47,2.01
LANDIS,34,conservation,2040,81.902,0.056,81.959,2.048
LANDIS,34,conservation,2041,83.38,0.06,83.44,2.084
LANDIS,34,conservation,2042,84.85,0.063,84.913,2.121
LANDIS,34,conservation,2043,86.312,0.067,86.379,2.158
LANDIS,34,conservation,2044,87.768,0.07,87.838,2.194
LANDIS,34,conservation,2045,89.221,0.074,89.295,2.231
LANDIS,34,conservation,2046,90.675,0.078,90.753,2.267
LANDIS,34,conservation,2047,92.127,0.081,92.208,2.303
LANDIS,34,conservation,2048,93.578,0.085,93.663,2.339
LANDIS,34,conservation,2049,95.028,0.088,95.117,2.376
LANDIS,34,conservation,2050,96.478,0.092,96.57,2.412
LANDIS,34,conservation,2051,97.927,0.096,98.023,2.448
LANDIS,34,conservation,2052,99.375,0.099,99.475,2.484
LANDIS,34,conservation,2053,100.822,0.103,100.926,2.521
LANDIS,34,conservation,2054,102.269,0.107,102.376,2.557
LANDIS,34,conservation,2055,103.709,0.111,103.82,2.593
LANDIS,34,conservation,2056,105.143,0.114,105.257,2.629
LANDIS,34,conservation,2057,106.569,0.118,106.687,2.664
LANDIS,34,conservation,2058,107.989,0.122,108.111,2.7
LANDIS,34,conservation,2059,109.403,0.126,109.529,2.735
LANDIS,34,conservation,2060,110.811,0.129,110.941,2.77
LANDIS,34,conservation,2061,112.212,0.133,112.345,2.805
LANDIS,34,conservation,2062,113.607,0.137,113.744,2.84
LANDIS,34,conservation,2063,114.995,0.141,115.136,2.875
LANDIS,34,conservation,2064,116.378,0.145,116.523,2.909
LANDIS,34,conservation,2065,117.755,0.149,117.903,2.944
LANDIS,34,conservation,2066,119.125,0.153,119.278,2.978
LANDIS,34,conservation,2067,120.49,0.156,120.646,3.012
LANDIS,34,conservation,2068,121.848,0.16,122.008,3.046
LANDIS,34,conservation,2069,123.201,0.164,123.365,3.08
LANDIS,34,conservation,2070,124.547,0.168,124.716,3.114
LANDIS,34,conservation,2071,125.889,0.172,126.061,3.147
LANDIS,34,conservation,2072,127.224,0.176,127.4,3.181
LANDIS,34,conservation,2073,128.553,0.18,128.733,3.214
LANDIS,34,conservation,2074,129.877,0.184,130.061,3.247
LANDIS,34,conservation,2075,131.193,0.188,131.381,3.28
LANDIS,34,conservation,2076,132.5,0.192,132.692,3.312
LANDIS,34,conservation,2077,133.8,0.196,133.996,3.345
LANDIS,34,conservation,2078,135.09,0.2,135.29,3.377
LANDIS,34,conservation,2079,136.373,0.204,136.577,3.409
LANDIS,34,conservation,2080,137.648,0.208,137.855,3.441
LANDIS,34,conservation,2081,138.913,0.212,139.125,3.473
LANDIS,34,conservation,2082,140.172,0.216,140.387,3.504
LANDIS,34,conservation,2083,141.422,0.22,141.641,3.536
LANDIS,34,conservation,2084,142.665,0.224,142.888,3.567
LANDIS,34,conservation,2085,143.859,0.228,144.086,3.596
LANDIS,34,conservation,2086,145.003,0.232,145.235,3.625
LANDIS,34,conservation,2087,146.101,0.236,146.336,3.653
LANDIS,34,conservation,2088,147.149,0.24,147.389,3.679
LANDIS,34,conservation,2089,148.149,0.244,148.393,3.704
LANDIS,34,conservation,2090,149.102,0.248,149.35,3.728
LANDIS,34,conservation,2091,150.006,0.252,150.258,3.75
LANDIS,34,conservation,2092,150.863,0.256,151.118,3.772
LANDIS,34,conservation,2093,151.672,0.26,151.932,3.792
LANDIS,34,conservation,2094,152.433,0.264,152.696,3.811
LANDIS,34,conservation,2095,153.174,0.268,153.442,3.829
LANDIS,34,conservation,2096,153.896,0.271,154.168,3.847
LANDIS,34,conservation,2097,154.598,0.275,154.874,3.865
LANDIS,34,conservation,2098,155.282,0.279,155.561,3.882
LANDIS,34,conservation,2099,155.945,0.283,156.228,3.899
LANDIS,34,conservation,2100,156.588,0.287,156.875,3.915
LANDIS,34,intensive,2025,59.18,0,59.18,1.479
LANDIS,34,intensive,2026,60.644,0.028,60.671,1.516
LANDIS,34,intensive,2027,62.109,0.054,62.163,1.553
LANDIS,34,intensive,2028,63.577,0.079,63.656,1.589
LANDIS,34,intensive,2029,65.045,0.104,65.149,1.626
LANDIS,34,intensive,2030,66.516,0.128,66.643,1.663
LANDIS,34,intensive,2031,67.987,0.151,68.139,1.7
LANDIS,34,intensive,2032,69.461,0.174,69.635,1.737
LANDIS,34,intensive,2033,70.937,0.197,71.134,1.773
LANDIS,34,intensive,2034,72.414,0.219,72.633,1.81
LANDIS,34,intensive,2035,73.882,0.241,74.123,1.847
LANDIS,34,intensive,2036,75.341,0.264,75.604,1.884
LANDIS,34,intensive,2037,76.79,0.286,77.076,1.92
LANDIS,34,intensive,2038,78.231,0.308,78.538,1.956
LANDIS,34,intensive,2039,79.661,0.33,79.991,1.992
LANDIS,34,intensive,2040,81.084,0.352,81.436,2.027
LANDIS,34,intensive,2041,82.498,0.374,82.872,2.062
LANDIS,34,intensive,2042,83.903,0.396,84.299,2.098
LANDIS,34,intensive,2043,85.3,0.418,85.717,2.132
LANDIS,34,intensive,2044,86.688,0.44,87.128,2.167
LANDIS,34,intensive,2045,88.074,0.462,88.536,2.202
LANDIS,34,intensive,2046,89.458,0.484,89.943,2.236
LANDIS,34,intensive,2047,90.84,0.507,91.347,2.271
LANDIS,34,intensive,2048,92.22,0.529,92.749,2.305
LANDIS,34,intensive,2049,93.598,0.552,94.149,2.34
LANDIS,34,intensive,2050,94.974,0.574,95.548,2.374
LANDIS,34,intensive,2051,96.348,0.597,96.945,2.409
LANDIS,34,intensive,2052,97.721,0.62,98.341,2.443
LANDIS,34,intensive,2053,99.092,0.642,99.734,2.477
LANDIS,34,intensive,2054,100.461,0.665,101.126,2.512
LANDIS,34,intensive,2055,101.822,0.688,102.51,2.546
LANDIS,34,intensive,2056,103.176,0.711,103.887,2.579
LANDIS,34,intensive,2057,104.522,0.734,105.256,2.613
LANDIS,34,intensive,2058,105.86,0.758,106.617,2.646
LANDIS,34,intensive,2059,107.191,0.781,107.972,2.68
LANDIS,34,intensive,2060,108.515,0.804,109.319,2.713
LANDIS,34,intensive,2061,109.83,0.828,110.658,2.746
LANDIS,34,intensive,2062,111.139,0.851,111.99,2.778
LANDIS,34,intensive,2063,112.441,0.875,113.315,2.811
LANDIS,34,intensive,2064,113.735,0.898,114.634,2.843
LANDIS,34,intensive,2065,115.023,0.922,115.945,2.876
LANDIS,34,intensive,2066,116.304,0.945,117.249,2.908
LANDIS,34,intensive,2067,117.577,0.969,118.546,2.939
LANDIS,34,intensive,2068,118.843,0.993,119.836,2.971
LANDIS,34,intensive,2069,120.103,1.017,121.119,3.003
LANDIS,34,intensive,2070,121.355,1.041,122.396,3.034
LANDIS,34,intensive,2071,122.602,1.065,123.666,3.065
LANDIS,34,intensive,2072,123.841,1.088,124.93,3.096
LANDIS,34,intensive,2073,125.074,1.112,126.186,3.127
LANDIS,34,intensive,2074,126.3,1.136,127.436,3.157
LANDIS,34,intensive,2075,127.517,1.161,128.677,3.188
LANDIS,34,intensive,2076,128.724,1.185,129.909,3.218
LANDIS,34,intensive,2077,129.923,1.209,131.132,3.248
LANDIS,34,intensive,2078,131.111,1.233,132.344,3.278
LANDIS,34,intensive,2079,132.292,1.257,133.549,3.307
LANDIS,34,intensive,2080,133.463,1.281,134.744,3.337
LANDIS,34,intensive,2081,134.624,1.305,135.93,3.366
LANDIS,34,intensive,2082,135.778,1.33,137.107,3.394
LANDIS,34,intensive,2083,136.922,1.354,138.275,3.423
LANDIS,34,intensive,2084,138.058,1.378,139.435,3.451
LANDIS,34,intensive,2085,139.143,1.402,140.546,3.479
LANDIS,34,intensive,2086,140.179,1.426,141.606,3.504
LANDIS,34,intensive,2087,141.167,1.451,142.618,3.529
LANDIS,34,intensive,2088,142.105,1.475,143.58,3.553
LANDIS,34,intensive,2089,142.994,1.499,144.493,3.575
LANDIS,34,intensive,2090,143.836,1.523,145.358,3.596
LANDIS,34,intensive,2091,144.627,1.546,146.174,3.616
LANDIS,34,intensive,2092,145.371,1.57,146.941,3.634
LANDIS,34,intensive,2093,146.067,1.594,147.661,3.652
LANDIS,34,intensive,2094,146.714,1.617,148.331,3.668
LANDIS,34,intensive,2095,147.34,1.64,148.981,3.683
LANDIS,34,intensive,2096,147.948,1.663,149.611,3.699
LANDIS,34,intensive,2097,148.534,1.686,150.221,3.713
LANDIS,34,intensive,2098,149.101,1.709,150.81,3.728
LANDIS,34,intensive,2099,149.649,1.732,151.381,3.741
LANDIS,34,intensive,2100,150.175,1.754,151.929,3.754
LANDIS,35,reserve,2025,160.7,0,160.7,2.491
LANDIS,35,reserve,2026,163.689,0,163.689,2.537
LANDIS,35,reserve,2027,166.643,0,166.643,2.583
LANDIS,35,reserve,2028,169.562,0,169.562,2.628
LANDIS,35,reserve,2029,172.445,0,172.445,2.673
LANDIS,35,reserve,2030,175.291,0,175.291,2.717
LANDIS,35,reserve,2031,178.102,0,178.102,2.761
LANDIS,35,reserve,2032,180.877,0,180.877,2.804
LANDIS,35,reserve,2033,183.616,0,183.616,2.846
LANDIS,35,reserve,2034,186.32,0,186.32,2.888
LANDIS,35,reserve,2035,188.983,0,188.983,2.929
LANDIS,35,reserve,2036,191.537,0,191.537,2.969
LANDIS,35,reserve,2037,194.057,0,194.057,3.008
LANDIS,35,reserve,2038,196.542,0,196.542,3.046
LANDIS,35,reserve,2039,198.991,0,198.991,3.084
LANDIS,35,reserve,2040,201.406,0,201.406,3.122
LANDIS,35,reserve,2041,203.784,0,203.784,3.159
LANDIS,35,reserve,2042,206.127,0,206.127,3.195
LANDIS,35,reserve,2043,208.434,0,208.434,3.231
LANDIS,35,reserve,2044,210.705,0,210.705,3.266
LANDIS,35,reserve,2045,212.94,0,212.94,3.301
LANDIS,35,reserve,2046,215.14,0,215.14,3.335
LANDIS,35,reserve,2047,217.305,0,217.305,3.368
LANDIS,35,reserve,2048,219.434,0,219.434,3.401
LANDIS,35,reserve,2049,221.527,0,221.527,3.434
LANDIS,35,reserve,2050,223.585,0,223.585,3.466
LANDIS,35,reserve,2051,225.607,0,225.607,3.497
LANDIS,35,reserve,2052,227.593,0,227.593,3.528
LANDIS,35,reserve,2053,229.543,0,229.543,3.558
LANDIS,35,reserve,2054,231.457,0,231.457,3.588
LANDIS,35,reserve,2055,233.341,0,233.341,3.617
LANDIS,35,reserve,2056,235.196,0,235.196,3.646
LANDIS,35,reserve,2057,237.02,0,237.02,3.674
LANDIS,35,reserve,2058,238.814,0,238.814,3.702
LANDIS,35,reserve,2059,240.579,0,240.579,3.729
LANDIS,35,reserve,2060,242.313,0,242.313,3.756
LANDIS,35,reserve,2061,244.018,0,244.018,3.782
LANDIS,35,reserve,2062,245.692,0,245.692,3.808
LANDIS,35,reserve,2063,247.337,0,247.337,3.834
LANDIS,35,reserve,2064,248.951,0,248.951,3.859
LANDIS,35,reserve,2065,250.538,0,250.538,3.883
LANDIS,35,reserve,2066,252.098,0,252.098,3.908
LANDIS,35,reserve,2067,253.631,0,253.631,3.931
LANDIS,35,reserve,2068,255.136,0,255.136,3.955
LANDIS,35,reserve,2069,256.614,0,256.614,3.978
LANDIS,35,reserve,2070,258.065,0,258.065,4
LANDIS,35,reserve,2071,259.489,0,259.489,4.022
LANDIS,35,reserve,2072,260.885,0,260.885,4.044
LANDIS,35,reserve,2073,262.254,0,262.254,4.065
LANDIS,35,reserve,2074,263.596,0,263.596,4.086
LANDIS,35,reserve,2075,264.916,0,264.916,4.106
LANDIS,35,reserve,2076,266.213,0,266.213,4.126
LANDIS,35,reserve,2077,267.487,0,267.487,4.146
LANDIS,35,reserve,2078,268.739,0,268.739,4.166
LANDIS,35,reserve,2079,269.969,0,269.969,4.185
LANDIS,35,reserve,2080,271.177,0,271.177,4.203
LANDIS,35,reserve,2081,272.361,0,272.361,4.222
LANDIS,35,reserve,2082,273.524,0,273.524,4.24
LANDIS,35,reserve,2083,274.664,0,274.664,4.257
LANDIS,35,reserve,2084,275.781,0,275.781,4.275
LANDIS,35,reserve,2085,276.877,0,276.877,4.292
LANDIS,35,reserve,2086,277.952,0,277.952,4.308
LANDIS,35,reserve,2087,279.005,0,279.005,4.325
LANDIS,35,reserve,2088,280.036,0,280.036,4.341
LANDIS,35,reserve,2089,281.046,0,281.046,4.356
LANDIS,35,reserve,2090,282.034,0,282.034,4.372
LANDIS,35,reserve,2091,283.001,0,283.001,4.387
LANDIS,35,reserve,2092,283.946,0,283.946,4.401
LANDIS,35,reserve,2093,284.87,0,284.87,4.416
LANDIS,35,reserve,2094,285.772,0,285.772,4.43
LANDIS,35,reserve,2095,286.658,0,286.658,4.443
LANDIS,35,reserve,2096,287.526,0,287.526,4.457
LANDIS,35,reserve,2097,288.378,0,288.378,4.47
LANDIS,35,reserve,2098,289.212,0,289.212,4.483
LANDIS,35,reserve,2099,290.03,0,290.03,4.496
LANDIS,35,reserve,2100,290.831,0,290.831,4.508
LANDIS,35,BAU,2025,160.7,0,160.7,2.491
LANDIS,35,BAU,2026,163.689,0,163.689,2.537
LANDIS,35,BAU,2027,166.643,0,166.643,2.583
LANDIS,35,BAU,2028,169.562,0,169.562,2.628
LANDIS,35,BAU,2029,172.445,0,172.445,2.673
LANDIS,35,BAU,2030,175.291,0,175.291,2.717
LANDIS,35,BAU,2031,178.102,0,178.102,2.761
LANDIS,35,BAU,2032,180.877,0,180.877,2.804
LANDIS,35,BAU,2033,183.616,0,183.616,2.846
LANDIS,35,BAU,2034,186.32,0,186.32,2.888
LANDIS,35,BAU,2035,188.983,0,188.983,2.929
LANDIS,35,BAU,2036,191.537,0,191.537,2.969
LANDIS,35,BAU,2037,194.057,0,194.057,3.008
LANDIS,35,BAU,2038,196.542,0,196.542,3.046
LANDIS,35,BAU,2039,198.991,0,198.991,3.084
LANDIS,35,BAU,2040,201.406,0,201.406,3.122
LANDIS,35,BAU,2041,203.784,0,203.784,3.159
LANDIS,35,BAU,2042,206.127,0,206.127,3.195
LANDIS,35,BAU,2043,208.434,0,208.434,3.231
LANDIS,35,BAU,2044,210.705,0,210.705,3.266
LANDIS,35,BAU,2045,212.94,0,212.94,3.301
LANDIS,35,BAU,2046,215.14,0,215.14,3.335
LANDIS,35,BAU,2047,217.305,0,217.305,3.368
LANDIS,35,BAU,2048,219.434,0,219.434,3.401
LANDIS,35,BAU,2049,221.527,0,221.527,3.434
LANDIS,35,BAU,2050,223.585,0,223.585,3.466
LANDIS,35,BAU,2051,225.607,0,225.607,3.497
LANDIS,35,BAU,2052,227.593,0,227.593,3.528
LANDIS,35,BAU,2053,229.543,0,229.543,3.558
LANDIS,35,BAU,2054,231.457,0,231.457,3.588
LANDIS,35,BAU,2055,233.341,0,233.341,3.617
LANDIS,35,BAU,2056,235.196,0,235.196,3.646
LANDIS,35,BAU,2057,237.02,0,237.02,3.674
LANDIS,35,BAU,2058,238.814,0,238.814,3.702
LANDIS,35,BAU,2059,240.579,0,240.579,3.729
LANDIS,35,BAU,2060,242.313,0,242.313,3.756
LANDIS,35,BAU,2061,244.018,0,244.018,3.782
LANDIS,35,BAU,2062,245.692,0,245.692,3.808
LANDIS,35,BAU,2063,247.337,0,247.337,3.834
LANDIS,35,BAU,2064,248.951,0,248.951,3.859
LANDIS,35,BAU,2065,250.538,0,250.538,3.883
LANDIS,35,BAU,2066,252.098,0,252.098,3.908
LANDIS,35,BAU,2067,253.631,0,253.631,3.931
LANDIS,35,BAU,2068,255.136,0,255.136,3.955
LANDIS,35,BAU,2069,256.614,0,256.614,3.978
LANDIS,35,BAU,2070,258.065,0,258.065,4
LANDIS,35,BAU,2071,259.489,0,259.489,4.022
LANDIS,35,BAU,2072,260.885,0,260.885,4.044
LANDIS,35,BAU,2073,262.254,0,262.254,4.065
LANDIS,35,BAU,2074,263.596,0,263.596,4.086
LANDIS,35,BAU,2075,264.916,0,264.916,4.106
LANDIS,35,BAU,2076,266.213,0,266.213,4.126
LANDIS,35,BAU,2077,267.487,0,267.487,4.146
LANDIS,35,BAU,2078,268.739,0,268.739,4.166
LANDIS,35,BAU,2079,269.969,0,269.969,4.185
LANDIS,35,BAU,2080,271.177,0,271.177,4.203
LANDIS,35,BAU,2081,272.361,0,272.361,4.222
LANDIS,35,BAU,2082,273.524,0,273.524,4.24
LANDIS,35,BAU,2083,274.664,0,274.664,4.257
LANDIS,35,BAU,2084,275.781,0,275.781,4.275
LANDIS,35,BAU,2085,276.877,0,276.877,4.292
LANDIS,35,BAU,2086,277.952,0,277.952,4.308
LANDIS,35,BAU,2087,279.005,0,279.005,4.325
LANDIS,35,BAU,2088,280.036,0,280.036,4.341
LANDIS,35,BAU,2089,281.046,0,281.046,4.356
LANDIS,35,BAU,2090,282.034,0,282.034,4.372
LANDIS,35,BAU,2091,283.001,0,283.001,4.387
LANDIS,35,BAU,2092,283.946,0,283.946,4.401
LANDIS,35,BAU,2093,284.87,0,284.87,4.416
LANDIS,35,BAU,2094,285.772,0,285.772,4.43
LANDIS,35,BAU,2095,286.658,0,286.658,4.443
LANDIS,35,BAU,2096,287.526,0,287.526,4.457
LANDIS,35,BAU,2097,288.378,0,288.378,4.47
LANDIS,35,BAU,2098,289.212,0,289.212,4.483
LANDIS,35,BAU,2099,290.03,0,290.03,4.496
LANDIS,35,BAU,2100,290.831,0,290.831,4.508
LANDIS,35,conservation,2025,160.7,0,160.7,2.491
LANDIS,35,conservation,2026,163.689,0,163.689,2.537
LANDIS,35,conservation,2027,166.643,0,166.643,2.583
LANDIS,35,conservation,2028,169.562,0,169.562,2.628
LANDIS,35,conservation,2029,172.445,0,172.445,2.673
LANDIS,35,conservation,2030,175.291,0,175.291,2.717
LANDIS,35,conservation,2031,178.102,0,178.102,2.761
LANDIS,35,conservation,2032,180.877,0,180.877,2.804
LANDIS,35,conservation,2033,183.616,0,183.616,2.846
LANDIS,35,conservation,2034,186.32,0,186.32,2.888
LANDIS,35,conservation,2035,188.983,0,188.983,2.929
LANDIS,35,conservation,2036,191.537,0,191.537,2.969
LANDIS,35,conservation,2037,194.057,0,194.057,3.008
LANDIS,35,conservation,2038,196.542,0,196.542,3.046
LANDIS,35,conservation,2039,198.991,0,198.991,3.084
LANDIS,35,conservation,2040,201.406,0,201.406,3.122
LANDIS,35,conservation,2041,203.784,0,203.784,3.159
LANDIS,35,conservation,2042,206.127,0,206.127,3.195
LANDIS,35,conservation,2043,208.434,0,208.434,3.231
LANDIS,35,conservation,2044,210.705,0,210.705,3.266
LANDIS,35,conservation,2045,212.94,0,212.94,3.301
LANDIS,35,conservation,2046,215.14,0,215.14,3.335
LANDIS,35,conservation,2047,217.305,0,217.305,3.368
LANDIS,35,conservation,2048,219.434,0,219.434,3.401
LANDIS,35,conservation,2049,221.527,0,221.527,3.434
LANDIS,35,conservation,2050,223.585,0,223.585,3.466
LANDIS,35,conservation,2051,225.607,0,225.607,3.497
LANDIS,35,conservation,2052,227.593,0,227.593,3.528
LANDIS,35,conservation,2053,229.543,0,229.543,3.558
LANDIS,35,conservation,2054,231.457,0,231.457,3.588
LANDIS,35,conservation,2055,233.341,0,233.341,3.617
LANDIS,35,conservation,2056,235.196,0,235.196,3.646
LANDIS,35,conservation,2057,237.02,0,237.02,3.674
LANDIS,35,conservation,2058,238.814,0,238.814,3.702
LANDIS,35,conservation,2059,240.579,0,240.579,3.729
LANDIS,35,conservation,2060,242.313,0,242.313,3.756
LANDIS,35,conservation,2061,244.018,0,244.018,3.782
LANDIS,35,conservation,2062,245.692,0,245.692,3.808
LANDIS,35,conservation,2063,247.337,0,247.337,3.834
LANDIS,35,conservation,2064,248.951,0,248.951,3.859
LANDIS,35,conservation,2065,250.538,0,250.538,3.883
LANDIS,35,conservation,2066,252.098,0,252.098,3.908
LANDIS,35,conservation,2067,253.631,0,253.631,3.931
LANDIS,35,conservation,2068,255.136,0,255.136,3.955
LANDIS,35,conservation,2069,256.614,0,256.614,3.978
LANDIS,35,conservation,2070,258.065,0,258.065,4
LANDIS,35,conservation,2071,259.489,0,259.489,4.022
LANDIS,35,conservation,2072,260.885,0,260.885,4.044
LANDIS,35,conservation,2073,262.254,0,262.254,4.065
LANDIS,35,conservation,2074,263.596,0,263.596,4.086
LANDIS,35,conservation,2075,264.916,0,264.916,4.106
LANDIS,35,conservation,2076,266.213,0,266.213,4.126
LANDIS,35,conservation,2077,267.487,0,267.487,4.146
LANDIS,35,conservation,2078,268.739,0,268.739,4.166
LANDIS,35,conservation,2079,269.969,0,269.969,4.185
LANDIS,35,conservation,2080,271.177,0,271.177,4.203
LANDIS,35,conservation,2081,272.361,0,272.361,4.222
LANDIS,35,conservation,2082,273.524,0,273.524,4.24
LANDIS,35,conservation,2083,274.664,0,274.664,4.257
LANDIS,35,conservation,2084,275.781,0,275.781,4.275
LANDIS,35,conservation,2085,276.877,0,276.877,4.292
LANDIS,35,conservation,2086,277.952,0,277.952,4.308
LANDIS,35,conservation,2087,279.005,0,279.005,4.325
LANDIS,35,conservation,2088,280.036,0,280.036,4.341
LANDIS,35,conservation,2089,281.046,0,281.046,4.356
LANDIS,35,conservation,2090,282.034,0,282.034,4.372
LANDIS,35,conservation,2091,283.001,0,283.001,4.387
LANDIS,35,conservation,2092,283.946,0,283.946,4.401
LANDIS,35,conservation,2093,284.87,0,284.87,4.416
LANDIS,35,conservation,2094,285.772,0,285.772,4.43
LANDIS,35,conservation,2095,286.658,0,286.658,4.443
LANDIS,35,conservation,2096,287.526,0,287.526,4.457
LANDIS,35,conservation,2097,288.378,0,288.378,4.47
LANDIS,35,conservation,2098,289.212,0,289.212,4.483
LANDIS,35,conservation,2099,290.03,0,290.03,4.496
LANDIS,35,conservation,2100,290.831,0,290.831,4.508
LANDIS,35,intensive,2025,160.7,0,160.7,2.491
LANDIS,35,intensive,2026,163.689,0,163.689,2.537
LANDIS,35,intensive,2027,166.643,0,166.643,2.583
LANDIS,35,intensive,2028,169.562,0,169.562,2.628
LANDIS,35,intensive,2029,172.445,0,172.445,2.673
LANDIS,35,intensive,2030,175.291,0,175.291,2.717
LANDIS,35,intensive,2031,178.102,0,178.102,2.761
LANDIS,35,intensive,2032,180.877,0,180.877,2.804
LANDIS,35,intensive,2033,183.616,0,183.616,2.846
LANDIS,35,intensive,2034,186.32,0,186.32,2.888
LANDIS,35,intensive,2035,188.983,0,188.983,2.929
LANDIS,35,intensive,2036,191.537,0,191.537,2.969
LANDIS,35,intensive,2037,194.057,0,194.057,3.008
LANDIS,35,intensive,2038,196.542,0,196.542,3.046
LANDIS,35,intensive,2039,198.991,0,198.991,3.084
LANDIS,35,intensive,2040,201.406,0,201.406,3.122
LANDIS,35,intensive,2041,203.784,0,203.784,3.159
LANDIS,35,intensive,2042,206.127,0,206.127,3.195
LANDIS,35,intensive,2043,208.434,0,208.434,3.231
LANDIS,35,intensive,2044,210.705,0,210.705,3.266
LANDIS,35,intensive,2045,212.94,0,212.94,3.301
LANDIS,35,intensive,2046,215.14,0,215.14,3.335
LANDIS,35,intensive,2047,217.305,0,217.305,3.368
LANDIS,35,intensive,2048,219.434,0,219.434,3.401
LANDIS,35,intensive,2049,221.527,0,221.527,3.434
LANDIS,35,intensive,2050,223.585,0,223.585,3.466
LANDIS,35,intensive,2051,225.607,0,225.607,3.497
LANDIS,35,intensive,2052,227.593,0,227.593,3.528
LANDIS,35,intensive,2053,229.543,0,229.543,3.558
LANDIS,35,intensive,2054,231.457,0,231.457,3.588
LANDIS,35,intensive,2055,233.341,0,233.341,3.617
LANDIS,35,intensive,2056,235.196,0,235.196,3.646
LANDIS,35,intensive,2057,237.02,0,237.02,3.674
LANDIS,35,intensive,2058,238.814,0,238.814,3.702
LANDIS,35,intensive,2059,240.579,0,240.579,3.729
LANDIS,35,intensive,2060,242.313,0,242.313,3.756
LANDIS,35,intensive,2061,244.018,0,244.018,3.782
LANDIS,35,intensive,2062,245.692,0,245.692,3.808
LANDIS,35,intensive,2063,247.337,0,247.337,3.834
LANDIS,35,intensive,2064,248.951,0,248.951,3.859
LANDIS,35,intensive,2065,250.538,0,250.538,3.883
LANDIS,35,intensive,2066,252.098,0,252.098,3.908
LANDIS,35,intensive,2067,253.631,0,253.631,3.931
LANDIS,35,intensive,2068,255.136,0,255.136,3.955
LANDIS,35,intensive,2069,256.614,0,256.614,3.978
LANDIS,35,intensive,2070,258.065,0,258.065,4
LANDIS,35,intensive,2071,259.489,0,259.489,4.022
LANDIS,35,intensive,2072,260.885,0,260.885,4.044
LANDIS,35,intensive,2073,262.254,0,262.254,4.065
LANDIS,35,intensive,2074,263.596,0,263.596,4.086
LANDIS,35,intensive,2075,264.916,0,264.916,4.106
LANDIS,35,intensive,2076,266.213,0,266.213,4.126
LANDIS,35,intensive,2077,267.487,0,267.487,4.146
LANDIS,35,intensive,2078,268.739,0,268.739,4.166
LANDIS,35,intensive,2079,269.969,0,269.969,4.185
LANDIS,35,intensive,2080,271.177,0,271.177,4.203
LANDIS,35,intensive,2081,272.361,0,272.361,4.222
LANDIS,35,intensive,2082,273.524,0,273.524,4.24
LANDIS,35,intensive,2083,274.664,0,274.664,4.257
LANDIS,35,intensive,2084,275.781,0,275.781,4.275
LANDIS,35,intensive,2085,276.877,0,276.877,4.292
LANDIS,35,intensive,2086,277.952,0,277.952,4.308
LANDIS,35,intensive,2087,279.005,0,279.005,4.325
LANDIS,35,intensive,2088,280.036,0,280.036,4.341
LANDIS,35,intensive,2089,281.046,0,281.046,4.356
LANDIS,35,intensive,2090,282.034,0,282.034,4.372
LANDIS,35,intensive,2091,283.001,0,283.001,4.387
LANDIS,35,intensive,2092,283.946,0,283.946,4.401
LANDIS,35,intensive,2093,284.87,0,284.87,4.416
LANDIS,35,intensive,2094,285.772,0,285.772,4.43
LANDIS,35,intensive,2095,286.658,0,286.658,4.443
LANDIS,35,intensive,2096,287.526,0,287.526,4.457
LANDIS,35,intensive,2097,288.378,0,288.378,4.47
LANDIS,35,intensive,2098,289.212,0,289.212,4.483
LANDIS,35,intensive,2099,290.03,0,290.03,4.496
LANDIS,35,intensive,2100,290.831,0,290.831,4.508
LANDIS,36,reserve,2025,592.43,0,592.43,6.161
LANDIS,36,reserve,2026,604.409,0,604.409,6.286
LANDIS,36,reserve,2027,616.347,0,616.347,6.41
LANDIS,36,reserve,2028,628.24,0,628.24,6.534
LANDIS,36,reserve,2029,640.085,0,640.085,6.657
LANDIS,36,reserve,2030,651.88,0,651.88,6.78
LANDIS,36,reserve,2031,663.621,0,663.621,6.902
LANDIS,36,reserve,2032,672.567,0,672.567,6.995
LANDIS,36,reserve,2033,681.313,0,681.313,7.086
LANDIS,36,reserve,2034,691.275,0,691.275,7.189
LANDIS,36,reserve,2035,701.047,0,701.047,7.291
LANDIS,36,reserve,2036,710.625,0,710.625,7.391
LANDIS,36,reserve,2037,720.003,0,720.003,7.488
LANDIS,36,reserve,2038,729.177,0,729.177,7.583
LANDIS,36,reserve,2039,737.707,0,737.707,7.672
LANDIS,36,reserve,2040,746.005,0,746.005,7.758
LANDIS,36,reserve,2041,754.066,0,754.066,7.842
LANDIS,36,reserve,2042,763.727,0,763.727,7.943
LANDIS,36,reserve,2043,773.234,0,773.234,8.042
LANDIS,36,reserve,2044,782.583,0,782.583,8.139
LANDIS,36,reserve,2045,791.803,0,791.803,8.235
LANDIS,36,reserve,2046,800.891,0,800.891,8.329
LANDIS,36,reserve,2047,809.847,0,809.847,8.422
LANDIS,36,reserve,2048,818.668,0,818.668,8.514
LANDIS,36,reserve,2049,827.79,0,827.79,8.609
LANDIS,36,reserve,2050,836.791,0,836.791,8.703
LANDIS,36,reserve,2051,845.673,0,845.673,8.795
LANDIS,36,reserve,2052,855.345,0,855.345,8.896
LANDIS,36,reserve,2053,864.983,0,864.983,8.996
LANDIS,36,reserve,2054,874.597,0,874.597,9.096
LANDIS,36,reserve,2055,884.208,0,884.208,9.196
LANDIS,36,reserve,2056,893.817,0,893.817,9.296
LANDIS,36,reserve,2057,903.431,0,903.431,9.396
LANDIS,36,reserve,2058,913.049,0,913.049,9.496
LANDIS,36,reserve,2059,922.674,0,922.674,9.596
LANDIS,36,reserve,2060,932.309,0,932.309,9.696
LANDIS,36,reserve,2061,941.954,0,941.954,9.796
LANDIS,36,reserve,2062,951.594,0,951.594,9.897
LANDIS,36,reserve,2063,961.204,0,961.204,9.997
LANDIS,36,reserve,2064,970.775,0,970.775,10.096
LANDIS,36,reserve,2065,980.258,0,980.258,10.195
LANDIS,36,reserve,2066,989.652,0,989.652,10.292
LANDIS,36,reserve,2067,998.952,0,998.952,10.389
LANDIS,36,reserve,2068,1008.16,0,1008.16,10.485
LANDIS,36,reserve,2069,1017.275,0,1017.275,10.58
LANDIS,36,reserve,2070,1026.293,0,1026.293,10.674
LANDIS,36,reserve,2071,1035.217,0,1035.217,10.766
LANDIS,36,reserve,2072,1044.046,0,1044.046,10.858
LANDIS,36,reserve,2073,1052.781,0,1052.781,10.949
LANDIS,36,reserve,2074,1061.424,0,1061.424,11.039
LANDIS,36,reserve,2075,1069.98,0,1069.98,11.128
LANDIS,36,reserve,2076,1078.449,0,1078.449,11.216
LANDIS,36,reserve,2077,1086.831,0,1086.831,11.303
LANDIS,36,reserve,2078,1095.127,0,1095.127,11.389
LANDIS,36,reserve,2079,1103.338,0,1103.338,11.475
LANDIS,36,reserve,2080,1111.464,0,1111.464,11.559
LANDIS,36,reserve,2081,1119.505,0,1119.505,11.643
LANDIS,36,reserve,2082,1127.463,0,1127.463,11.726
LANDIS,36,reserve,2083,1135.338,0,1135.338,11.808
LANDIS,36,reserve,2084,1143.13,0,1143.13,11.889
LANDIS,36,reserve,2085,1150.654,0,1150.654,11.967
LANDIS,36,reserve,2086,1157.912,0,1157.912,12.042
LANDIS,36,reserve,2087,1164.902,0,1164.902,12.115
LANDIS,36,reserve,2088,1171.625,0,1171.625,12.185
LANDIS,36,reserve,2089,1178.086,0,1178.086,12.252
LANDIS,36,reserve,2090,1184.287,0,1184.287,12.317
LANDIS,36,reserve,2091,1190.228,0,1190.228,12.378
LANDIS,36,reserve,2092,1195.909,0,1195.909,12.438
LANDIS,36,reserve,2093,1201.329,0,1201.329,12.494
LANDIS,36,reserve,2094,1206.488,0,1206.488,12.548
LANDIS,36,reserve,2095,1211.537,0,1211.537,12.6
LANDIS,36,reserve,2096,1216.474,0,1216.474,12.651
LANDIS,36,reserve,2097,1221.301,0,1221.301,12.702
LANDIS,36,reserve,2098,1226.016,0,1226.016,12.751
LANDIS,36,reserve,2099,1230.615,0,1230.615,12.798
LANDIS,36,reserve,2100,1235.098,0,1235.098,12.845
LANDIS,36,BAU,2025,592.43,0,592.43,6.161
LANDIS,36,BAU,2026,602.721,0.844,603.565,6.268
LANDIS,36,BAU,2027,612.942,1.643,614.584,6.375
LANDIS,36,BAU,2028,623.088,2.404,625.492,6.48
LANDIS,36,BAU,2029,633.158,3.135,636.293,6.585
LANDIS,36,BAU,2030,643.149,3.84,646.989,6.689
LANDIS,36,BAU,2031,653.057,4.524,657.581,6.792
LANDIS,36,BAU,2032,660.142,5.191,665.333,6.866
LANDIS,36,BAU,2033,667.007,5.839,672.847,6.937
LANDIS,36,BAU,2034,675.069,6.472,681.541,7.021
LANDIS,36,BAU,2035,682.917,7.093,690.01,7.102
LANDIS,36,BAU,2036,690.55,7.704,698.253,7.182
LANDIS,36,BAU,2037,697.96,8.306,706.266,7.259
LANDIS,36,BAU,2038,705.145,8.9,714.046,7.334
LANDIS,36,BAU,2039,711.666,9.488,721.154,7.401
LANDIS,36,BAU,2040,717.936,10.068,728.004,7.467
LANDIS,36,BAU,2041,723.952,10.642,734.593,7.529
LANDIS,36,BAU,2042,731.55,11.209,742.759,7.608
LANDIS,36,BAU,2043,738.972,11.774,750.746,7.685
LANDIS,36,BAU,2044,746.216,12.335,758.551,7.761
LANDIS,36,BAU,2045,753.31,12.894,766.203,7.834
LANDIS,36,BAU,2046,760.251,13.449,773.7,7.907
LANDIS,36,BAU,2047,767.041,14.002,781.043,7.977
LANDIS,36,BAU,2048,773.676,14.552,788.228,8.046
LANDIS,36,BAU,2049,780.594,15.099,795.693,8.118
LANDIS,36,BAU,2050,787.371,15.644,803.015,8.189
LANDIS,36,BAU,2051,794.009,16.187,810.196,8.258
LANDIS,36,BAU,2052,801.419,16.728,818.147,8.335
LANDIS,36,BAU,2053,808.773,17.267,826.041,8.411
LANDIS,36,BAU,2054,816.083,17.806,833.889,8.487
LANDIS,36,BAU,2055,823.369,18.343,841.712,8.563
LANDIS,36,BAU,2056,830.632,18.88,849.511,8.639
LANDIS,36,BAU,2057,837.879,19.415,857.294,8.714
LANDIS,36,BAU,2058,845.11,19.949,865.059,8.789
LANDIS,36,BAU,2059,852.327,20.483,872.809,8.864
LANDIS,36,BAU,2060,859.533,21.015,880.548,8.939
LANDIS,36,BAU,2061,866.729,21.547,888.276,9.014
LANDIS,36,BAU,2062,873.899,22.077,895.976,9.089
LANDIS,36,BAU,2063,881.019,22.607,903.626,9.163
LANDIS,36,BAU,2064,888.08,23.135,911.215,9.236
LANDIS,36,BAU,2065,895.033,23.663,918.695,9.308
LANDIS,36,BAU,2066,901.876,24.189,926.066,9.38
LANDIS,36,BAU,2067,908.607,24.715,933.321,9.45
LANDIS,36,BAU,2068,915.226,25.238,940.464,9.518
LANDIS,36,BAU,2069,921.733,25.761,947.494,9.586
LANDIS,36,BAU,2070,928.125,26.282,954.406,9.653
LANDIS,36,BAU,2071,934.404,26.801,961.205,9.718
LANDIS,36,BAU,2072,940.571,27.319,967.889,9.782
LANDIS,36,BAU,2073,946.626,27.835,974.46,9.845
LANDIS,36,BAU,2074,952.571,28.348,980.92,9.907
LANDIS,36,BAU,2075,958.413,28.861,987.274,9.968
LANDIS,36,BAU,2076,964.151,29.371,993.522,10.027
LANDIS,36,BAU,2077,969.786,29.878,999.665,10.086
LANDIS,36,BAU,2078,975.319,30.384,1005.703,10.143
LANDIS,36,BAU,2079,980.751,30.888,1011.639,10.2
LANDIS,36,BAU,2080,986.082,31.389,1017.472,10.255
LANDIS,36,BAU,2081,991.314,31.889,1023.202,10.31
LANDIS,36,BAU,2082,996.447,32.386,1028.833,10.363
LANDIS,36,BAU,2083,1001.483,32.88,1034.363,10.415
LANDIS,36,BAU,2084,1006.421,33.372,1039.793,10.467
LANDIS,36,BAU,2085,1011.078,33.862,1044.939,10.515
LANDIS,36,BAU,2086,1015.455,34.348,1049.803,10.561
LANDIS,36,BAU,2087,1019.552,34.832,1054.384,10.603
LANDIS,36,BAU,2088,1023.369,35.312,1058.682,10.643
LANDIS,36,BAU,2089,1026.915,35.789,1062.704,10.68
LANDIS,36,BAU,2090,1030.19,36.262,1066.452,10.714
LANDIS,36,BAU,2091,1033.195,36.731,1069.926,10.745
LANDIS,36,BAU,2092,1035.932,37.196,1073.128,10.774
LANDIS,36,BAU,2093,1038.401,37.656,1076.056,10.799
LANDIS,36,BAU,2094,1040.601,38.111,1078.712,10.822
LANDIS,36,BAU,2095,1042.685,38.562,1081.247,10.844
LANDIS,36,BAU,2096,1044.651,39.008,1083.659,10.864
LANDIS,36,BAU,2097,1046.501,39.449,1085.95,10.884
LANDIS,36,BAU,2098,1048.234,39.885,1088.119,10.902
LANDIS,36,BAU,2099,1049.847,40.316,1090.163,10.918
LANDIS,36,BAU,2100,1051.338,40.743,1092.081,10.934
LANDIS,36,conservation,2025,592.43,0,592.43,6.161
LANDIS,36,conservation,2026,603.732,0.338,604.071,6.279
LANDIS,36,conservation,2027,614.981,0.659,615.64,6.396
LANDIS,36,conservation,2028,626.171,0.965,627.137,6.512
LANDIS,36,conservation,2029,637.301,1.26,638.561,6.628
LANDIS,36,conservation,2030,648.368,1.545,649.913,6.743
LANDIS,36,conservation,2031,659.369,1.822,661.191,6.857
LANDIS,36,conservation,2032,667.562,2.092,669.654,6.943
LANDIS,36,conservation,2033,675.545,2.355,677.901,7.026
LANDIS,36,conservation,2034,684.736,2.613,687.349,7.121
LANDIS,36,conservation,2035,693.726,2.866,696.592,7.215
LANDIS,36,conservation,2036,702.512,3.116,705.628,7.306
LANDIS,36,conservation,2037,711.087,3.362,714.45,7.395
LANDIS,36,conservation,2038,719.449,3.606,723.055,7.482
LANDIS,36,conservation,2039,727.157,3.848,731.005,7.562
LANDIS,36,conservation,2040,734.625,4.087,738.712,7.64
LANDIS,36,conservation,2041,741.847,4.324,746.171,7.715
LANDIS,36,conservation,2042,750.661,4.558,755.219,7.807
LANDIS,36,conservation,2043,759.31,4.792,764.103,7.897
LANDIS,36,conservation,2044,767.792,5.025,772.817,7.985
LANDIS,36,conservation,2045,776.135,5.257,781.393,8.072
LANDIS,36,conservation,2046,784.337,5.489,789.826,8.157
LANDIS,36,conservation,2047,792.397,5.72,798.117,8.241
LANDIS,36,conservation,2048,800.313,5.949,806.262,8.323
LANDIS,36,conservation,2049,808.521,6.179,814.7,8.409
LANDIS,36,conservation,2050,816.599,6.407,823.006,8.493
LANDIS,36,conservation,2051,824.548,6.635,831.183,8.575
LANDIS,36,conservation,2052,833.278,6.863,840.141,8.666
LANDIS,36,conservation,2053,841.965,7.091,849.055,8.756
LANDIS,36,conservation,2054,850.617,7.318,857.935,8.846
LANDIS,36,conservation,2055,859.256,7.545,866.802,8.936
LANDIS,36,conservation,2056,867.884,7.773,875.657,9.026
LANDIS,36,conservation,2057,876.507,8,884.507,9.116
LANDIS,36,conservation,2058,885.124,8.227,893.351,9.205
LANDIS,36,conservation,2059,893.738,8.455,902.192,9.295
LANDIS,36,conservation,2060,902.352,8.682,911.034,9.385
LANDIS,36,conservation,2061,910.967,8.909,919.875,9.474
LANDIS,36,conservation,2062,919.566,9.136,928.702,9.564
LANDIS,36,conservation,2063,928.126,9.363,937.489,9.653
LANDIS,36,conservation,2064,936.637,9.59,946.227,9.741
LANDIS,36,conservation,2065,945.05,9.817,954.867,9.829
LANDIS,36,conservation,2066,953.365,10.044,963.409,9.915
LANDIS,36,conservation,2067,961.576,10.27,971.846,10
LANDIS,36,conservation,2068,969.686,10.497,980.183,10.085
LANDIS,36,conservation,2069,977.693,10.723,988.416,10.168
LANDIS,36,conservation,2070,985.595,10.949,996.544,10.25
LANDIS,36,conservation,2071,993.393,11.175,1004.568,10.331
LANDIS,36,conservation,2072,1001.088,11.4,1012.488,10.411
LANDIS,36,conservation,2073,1008.679,11.625,1020.304,10.49
LANDIS,36,conservation,2074,1016.17,11.849,1028.02,10.568
LANDIS,36,conservation,2075,1023.566,12.074,1035.639,10.645
LANDIS,36,conservation,2076,1030.866,12.297,1043.163,10.721
LANDIS,36,conservation,2077,1038.07,12.52,1050.59,10.796
LANDIS,36,conservation,2078,1045.181,12.743,1057.923,10.87
LANDIS,36,conservation,2079,1052.198,12.965,1065.163,10.943
LANDIS,36,conservation,2080,1059.122,13.186,1072.309,11.015
LANDIS,36,conservation,2081,1065.954,13.407,1079.361,11.086
LANDIS,36,conservation,2082,1072.694,13.627,1086.322,11.156
LANDIS,36,conservation,2083,1079.344,13.847,1093.191,11.225
LANDIS,36,conservation,2084,1085.903,14.066,1099.969,11.293
LANDIS,36,conservation,2085,1092.187,14.284,1106.471,11.359
LANDIS,36,conservation,2086,1098.198,14.502,1112.7,11.421
LANDIS,36,conservation,2087,1103.933,14.718,1118.652,11.481
LANDIS,36,conservation,2088,1109.396,14.934,1124.33,11.538
LANDIS,36,conservation,2089,1114.59,15.148,1129.738,11.592
LANDIS,36,conservation,2090,1119.518,15.361,1134.879,11.643
LANDIS,36,conservation,2091,1124.18,15.573,1139.753,11.692
LANDIS,36,conservation,2092,1128.577,15.784,1144.361,11.737
LANDIS,36,conservation,2093,1132.708,15.993,1148.701,11.78
LANDIS,36,conservation,2094,1136.574,16.2,1152.773,11.82
LANDIS,36,conservation,2095,1140.324,16.405,1156.73,11.859
LANDIS,36,conservation,2096,1143.959,16.609,1160.569,11.897
LANDIS,36,conservation,2097,1147.48,16.812,1164.291,11.934
LANDIS,36,conservation,2098,1150.884,17.013,1167.897,11.969
LANDIS,36,conservation,2099,1154.169,17.212,1171.38,12.003
LANDIS,36,conservation,2100,1157.333,17.409,1174.742,12.036
LANDIS,36,intensive,2025,592.43,0,592.43,6.161
LANDIS,36,intensive,2026,600.149,2.13,602.279,6.242
LANDIS,36,intensive,2027,607.771,4.137,611.908,6.321
LANDIS,36,intensive,2028,615.294,6.041,621.334,6.399
LANDIS,36,intensive,2029,622.714,7.858,630.572,6.476
LANDIS,36,intensive,2030,630.031,9.604,639.635,6.552
LANDIS,36,intensive,2031,637.242,11.289,648.531,6.627
LANDIS,36,intensive,2032,641.605,12.923,654.528,6.673
LANDIS,36,intensive,2033,645.737,14.504,660.241,6.716
LANDIS,36,intensive,2034,651.056,16.038,667.094,6.771
LANDIS,36,intensive,2035,656.146,17.537,673.683,6.824
LANDIS,36,intensive,2036,661.006,19.004,680.009,6.874
LANDIS,36,intensive,2037,665.631,20.442,686.072,6.923
LANDIS,36,intensive,2038,670.018,21.854,691.872,6.968
LANDIS,36,intensive,2039,673.73,23.243,696.973,7.007
LANDIS,36,intensive,2040,677.183,24.609,701.792,7.043
LANDIS,36,intensive,2041,680.374,25.952,706.327,7.076
LANDIS,36,intensive,2042,685.143,27.275,712.418,7.126
LANDIS,36,intensive,2043,689.723,28.584,718.307,7.173
LANDIS,36,intensive,2044,694.112,29.88,723.992,7.219
LANDIS,36,intensive,2045,698.341,31.163,729.504,7.263
LANDIS,36,intensive,2046,702.407,32.434,734.841,7.305
LANDIS,36,intensive,2047,706.312,33.692,740.005,7.346
LANDIS,36,intensive,2048,710.054,34.939,744.993,7.385
LANDIS,36,intensive,2049,714.07,36.173,750.243,7.426
LANDIS,36,intensive,2050,717.936,37.397,755.334,7.467
LANDIS,36,intensive,2051,721.655,38.611,760.267,7.505
LANDIS,36,intensive,2052,726.138,39.814,765.952,7.552
LANDIS,36,intensive,2053,730.554,41.01,771.564,7.598
LANDIS,36,intensive,2054,734.915,42.198,777.113,7.643
LANDIS,36,intensive,2055,739.241,43.38,782.621,7.688
LANDIS,36,intensive,2056,743.534,44.553,788.088,7.733
LANDIS,36,intensive,2057,747.802,45.72,793.521,7.777
LANDIS,36,intensive,2058,752.042,46.879,798.921,7.821
LANDIS,36,intensive,2059,756.259,48.032,804.291,7.865
LANDIS,36,intensive,2060,760.456,49.177,809.633,7.909
LANDIS,36,intensive,2061,764.632,50.316,814.948,7.952
LANDIS,36,intensive,2062,768.774,51.448,820.222,7.995
LANDIS,36,intensive,2063,772.856,52.573,825.429,8.038
LANDIS,36,intensive,2064,776.869,53.692,830.561,8.079
LANDIS,36,intensive,2065,780.766,54.803,835.569,8.12
LANDIS,36,intensive,2066,784.545,55.908,840.453,8.159
LANDIS,36,intensive,2067,788.204,57.005,845.209,8.197
LANDIS,36,intensive,2068,791.744,58.095,849.839,8.234
LANDIS,36,intensive,2069,795.165,59.178,854.343,8.27
LANDIS,36,intensive,2070,798.465,60.252,858.717,8.304
LANDIS,36,intensive,2071,801.647,61.318,862.966,8.337
LANDIS,36,intensive,2072,804.712,62.376,867.088,8.369
LANDIS,36,intensive,2073,807.66,63.426,871.086,8.4
LANDIS,36,intensive,2074,810.495,64.467,874.962,8.429
LANDIS,36,intensive,2075,813.223,65.5,878.723,8.458
LANDIS,36,intensive,2076,815.844,66.524,882.367,8.485
LANDIS,36,intensive,2077,818.359,67.538,885.898,8.511
LANDIS,36,intensive,2078,820.77,68.544,889.315,8.536
LANDIS,36,intensive,2079,823.079,69.541,892.62,8.56
LANDIS,36,intensive,2080,825.286,70.529,895.815,8.583
LANDIS,36,intensive,2081,827.393,71.507,898.9,8.605
LANDIS,36,intensive,2082,829.401,72.476,901.877,8.626
LANDIS,36,intensive,2083,831.312,73.436,904.747,8.646
LANDIS,36,intensive,2084,833.126,74.386,907.512,8.665
LANDIS,36,intensive,2085,834.659,75.326,909.985,8.68
LANDIS,36,intensive,2086,835.915,76.257,912.171,8.694
LANDIS,36,intensive,2087,836.894,77.176,914.07,8.704
LANDIS,36,intensive,2088,837.599,78.084,915.683,8.711
LANDIS,36,intensive,2089,838.037,78.98,917.016,8.716
LANDIS,36,intensive,2090,838.211,79.863,918.074,8.717
LANDIS,36,intensive,2091,838.125,80.732,918.857,8.717
LANDIS,36,intensive,2092,837.779,81.589,919.367,8.713
LANDIS,36,intensive,2093,837.174,82.431,919.605,8.707
LANDIS,36,intensive,2094,836.313,83.258,919.571,8.698
LANDIS,36,intensive,2095,835.348,84.071,919.419,8.688
LANDIS,36,intensive,2096,834.278,84.869,919.147,8.677
LANDIS,36,intensive,2097,833.106,85.652,918.758,8.664
LANDIS,36,intensive,2098,831.83,86.42,918.25,8.651
LANDIS,36,intensive,2099,830.447,87.174,917.622,8.637
LANDIS,36,intensive,2100,828.959,87.914,916.872,8.621
LANDIS,37,reserve,2025,568.76,0,568.76,6.598
LANDIS,37,reserve,2026,583.167,0,583.167,6.765
LANDIS,37,reserve,2027,597.547,0,597.547,6.932
LANDIS,37,reserve,2028,611.901,0,611.901,7.098
LANDIS,37,reserve,2029,626.231,0,626.231,7.264
LANDIS,37,reserve,2030,640.538,0,640.538,7.43
LANDIS,37,reserve,2031,654.821,0,654.821,7.596
LANDIS,37,reserve,2032,669.084,0,669.084,7.761
LANDIS,37,reserve,2033,683.326,0,683.326,7.927
LANDIS,37,reserve,2034,697.548,0,697.548,8.092
LANDIS,37,reserve,2035,711.687,0,711.687,8.256
LANDIS,37,reserve,2036,725.744,0,725.744,8.419
LANDIS,37,reserve,2037,739.72,0,739.72,8.581
LANDIS,37,reserve,2038,753.616,0,753.616,8.742
LANDIS,37,reserve,2039,767.434,0,767.434,8.902
LANDIS,37,reserve,2040,781.174,0,781.174,9.062
LANDIS,37,reserve,2041,794.837,0,794.837,9.22
LANDIS,37,reserve,2042,808.425,0,808.425,9.378
LANDIS,37,reserve,2043,821.939,0,821.939,9.534
LANDIS,37,reserve,2044,835.378,0,835.378,9.69
LANDIS,37,reserve,2045,848.708,0,848.708,9.845
LANDIS,37,reserve,2046,861.927,0,861.927,9.998
LANDIS,37,reserve,2047,875.038,0,875.038,10.15
LANDIS,37,reserve,2048,888.042,0,888.042,10.301
LANDIS,37,reserve,2049,900.939,0,900.939,10.451
LANDIS,37,reserve,2050,913.729,0,913.729,10.599
LANDIS,37,reserve,2051,926.416,0,926.416,10.746
LANDIS,37,reserve,2052,938.998,0,938.998,10.892
LANDIS,37,reserve,2053,951.477,0,951.477,11.037
LANDIS,37,reserve,2054,963.853,0,963.853,11.181
LANDIS,37,reserve,2055,976.11,0,976.11,11.323
LANDIS,37,reserve,2056,988.247,0,988.247,11.464
LANDIS,37,reserve,2057,1000.266,0,1000.266,11.603
LANDIS,37,reserve,2058,1012.167,0,1012.167,11.741
LANDIS,37,reserve,2059,1023.952,0,1023.952,11.878
LANDIS,37,reserve,2060,1035.62,0,1035.62,12.013
LANDIS,37,reserve,2061,1047.172,0,1047.172,12.147
LANDIS,37,reserve,2062,1058.61,0,1058.61,12.28
LANDIS,37,reserve,2063,1069.933,0,1069.933,12.411
LANDIS,37,reserve,2064,1081.143,0,1081.143,12.541
LANDIS,37,reserve,2065,1092.231,0,1092.231,12.67
LANDIS,37,reserve,2066,1103.197,0,1103.197,12.797
LANDIS,37,reserve,2067,1114.043,0,1114.043,12.923
LANDIS,37,reserve,2068,1124.769,0,1124.769,13.047
LANDIS,37,reserve,2069,1135.376,0,1135.376,13.17
LANDIS,37,reserve,2070,1145.863,0,1145.863,13.292
LANDIS,37,reserve,2071,1156.232,0,1156.232,13.412
LANDIS,37,reserve,2072,1166.483,0,1166.483,13.531
LANDIS,37,reserve,2073,1176.616,0,1176.616,13.649
LANDIS,37,reserve,2074,1186.632,0,1186.632,13.765
LANDIS,37,reserve,2075,1196.532,0,1196.532,13.88
LANDIS,37,reserve,2076,1206.315,0,1206.315,13.993
LANDIS,37,reserve,2077,1215.982,0,1215.982,14.105
LANDIS,37,reserve,2078,1225.534,0,1225.534,14.216
LANDIS,37,reserve,2079,1234.971,0,1234.971,14.326
LANDIS,37,reserve,2080,1244.293,0,1244.293,14.434
LANDIS,37,reserve,2081,1253.501,0,1253.501,14.541
LANDIS,37,reserve,2082,1262.595,0,1262.595,14.646
LANDIS,37,reserve,2083,1271.575,0,1271.575,14.75
LANDIS,37,reserve,2084,1280.442,0,1280.442,14.853
LANDIS,37,reserve,2085,1289.198,0,1289.198,14.955
LANDIS,37,reserve,2086,1297.845,0,1297.845,15.055
LANDIS,37,reserve,2087,1306.381,0,1306.381,15.154
LANDIS,37,reserve,2088,1314.809,0,1314.809,15.252
LANDIS,37,reserve,2089,1323.127,0,1323.127,15.348
LANDIS,37,reserve,2090,1331.336,0,1331.336,15.443
LANDIS,37,reserve,2091,1339.437,0,1339.437,15.537
LANDIS,37,reserve,2092,1347.429,0,1347.429,15.63
LANDIS,37,reserve,2093,1355.313,0,1355.313,15.722
LANDIS,37,reserve,2094,1363.089,0,1363.089,15.812
LANDIS,37,reserve,2095,1370.766,0,1370.766,15.901
LANDIS,37,reserve,2096,1378.342,0,1378.342,15.989
LANDIS,37,reserve,2097,1385.819,0,1385.819,16.075
LANDIS,37,reserve,2098,1393.196,0,1393.196,16.161
LANDIS,37,reserve,2099,1400.474,0,1400.474,16.245
LANDIS,37,reserve,2100,1407.653,0,1407.653,16.329
LANDIS,37,BAU,2025,568.76,0,568.76,6.598
LANDIS,37,BAU,2026,577.747,2.71,580.457,6.702
LANDIS,37,BAU,2027,586.622,5.27,591.892,6.805
LANDIS,37,BAU,2028,595.386,7.707,603.093,6.906
LANDIS,37,BAU,2029,604.043,10.04,614.083,7.007
LANDIS,37,BAU,2030,612.594,12.288,624.881,7.106
LANDIS,37,BAU,2031,621.039,14.464,635.503,7.204
LANDIS,37,BAU,2032,629.384,16.58,645.964,7.301
LANDIS,37,BAU,2033,637.629,18.646,656.275,7.396
LANDIS,37,BAU,2034,645.775,20.671,666.446,7.491
LANDIS,37,BAU,2035,653.76,22.66,676.42,7.584
LANDIS,37,BAU,2036,661.588,24.618,686.206,7.674
LANDIS,37,BAU,2037,669.259,26.551,695.81,7.763
LANDIS,37,BAU,2038,676.778,28.46,705.238,7.851
LANDIS,37,BAU,2039,684.147,30.35,714.497,7.936
LANDIS,37,BAU,2040,691.368,32.222,723.59,8.02
LANDIS,37,BAU,2041,698.443,34.078,732.52,8.102
LANDIS,37,BAU,2042,705.375,35.919,741.294,8.182
LANDIS,37,BAU,2043,712.168,37.747,749.915,8.261
LANDIS,37,BAU,2044,718.82,39.563,758.383,8.338
LANDIS,37,BAU,2045,725.301,41.366,766.667,8.413
LANDIS,37,BAU,2046,731.608,43.159,774.767,8.487
LANDIS,37,BAU,2047,737.748,44.94,782.688,8.558
LANDIS,37,BAU,2048,743.722,46.711,790.432,8.627
LANDIS,37,BAU,2049,749.532,48.47,798.002,8.695
LANDIS,37,BAU,2050,755.18,50.219,805.399,8.76
LANDIS,37,BAU,2051,760.67,51.957,812.627,8.824
LANDIS,37,BAU,2052,766.004,53.684,819.688,8.886
LANDIS,37,BAU,2053,771.184,55.4,826.584,8.946
LANDIS,37,BAU,2054,776.211,57.105,833.316,9.004
LANDIS,37,BAU,2055,781.072,58.799,839.87,9.06
LANDIS,37,BAU,2056,785.766,60.481,846.247,9.115
LANDIS,37,BAU,2057,790.297,62.152,852.449,9.167
LANDIS,37,BAU,2058,794.667,63.811,858.478,9.218
LANDIS,37,BAU,2059,798.88,65.457,864.337,9.267
LANDIS,37,BAU,2060,802.935,67.091,870.027,9.314
LANDIS,37,BAU,2061,806.836,68.713,875.549,9.359
LANDIS,37,BAU,2062,810.586,70.322,880.908,9.403
LANDIS,37,BAU,2063,814.185,71.917,886.102,9.445
LANDIS,37,BAU,2064,817.636,73.5,891.136,9.485
LANDIS,37,BAU,2065,820.933,75.069,896.002,9.523
LANDIS,37,BAU,2066,824.077,76.624,900.701,9.559
LANDIS,37,BAU,2067,827.07,78.166,905.236,9.594
LANDIS,37,BAU,2068,829.915,79.693,909.608,9.627
LANDIS,37,BAU,2069,832.613,81.206,913.82,9.658
LANDIS,37,BAU,2070,835.166,82.705,917.871,9.688
LANDIS,37,BAU,2071,837.577,84.188,921.765,9.716
LANDIS,37,BAU,2072,839.847,85.657,925.504,9.742
LANDIS,37,BAU,2073,841.977,87.111,929.088,9.767
LANDIS,37,BAU,2074,843.97,88.549,932.519,9.79
LANDIS,37,BAU,2075,845.828,89.972,935.8,9.812
LANDIS,37,BAU,2076,847.551,91.379,938.93,9.832
LANDIS,37,BAU,2077,849.141,92.771,941.912,9.85
LANDIS,37,BAU,2078,850.602,94.147,944.749,9.867
LANDIS,37,BAU,2079,851.933,95.507,947.44,9.882
LANDIS,37,BAU,2080,853.137,96.85,949.988,9.896
LANDIS,37,BAU,2081,854.216,98.178,952.394,9.909
LANDIS,37,BAU,2082,855.17,99.489,954.659,9.92
LANDIS,37,BAU,2083,856.001,100.783,956.784,9.93
LANDIS,37,BAU,2084,856.711,102.061,958.773,9.938
LANDIS,37,BAU,2085,857.304,103.323,960.626,9.945
LANDIS,37,BAU,2086,857.781,104.567,962.348,9.95
LANDIS,37,BAU,2087,858.143,105.795,963.938,9.954
LANDIS,37,BAU,2088,858.394,107.006,965.4,9.957
LANDIS,37,BAU,2089,858.533,108.2,966.732,9.959
LANDIS,37,BAU,2090,858.561,109.376,967.937,9.959
LANDIS,37,BAU,2091,858.48,110.536,969.017,9.958
LANDIS,37,BAU,2092,858.292,111.679,969.971,9.956
LANDIS,37,BAU,2093,857.997,112.804,970.801,9.953
LANDIS,37,BAU,2094,857.597,113.912,971.51,9.948
LANDIS,37,BAU,2095,857.102,115.003,972.105,9.942
LANDIS,37,BAU,2096,856.511,116.077,972.588,9.936
LANDIS,37,BAU,2097,855.826,117.133,972.959,9.928
LANDIS,37,BAU,2098,855.048,118.172,973.22,9.919
LANDIS,37,BAU,2099,854.178,119.194,973.372,9.908
LANDIS,37,BAU,2100,853.218,120.198,973.416,9.897
LANDIS,37,conservation,2025,568.76,0,568.76,6.598
LANDIS,37,conservation,2026,581.18,0.994,582.173,6.742
LANDIS,37,conservation,2027,593.529,1.938,595.468,6.885
LANDIS,37,conservation,2028,605.81,2.843,608.653,7.027
LANDIS,37,conservation,2029,618.023,3.716,621.739,7.169
LANDIS,37,conservation,2030,630.171,4.562,634.733,7.31
LANDIS,37,conservation,2031,642.252,5.387,647.639,7.45
LANDIS,37,conservation,2032,654.271,6.194,660.466,7.59
LANDIS,37,conservation,2033,666.227,6.988,673.216,7.728
LANDIS,37,conservation,2034,678.122,7.771,685.893,7.866
LANDIS,37,conservation,2035,689.891,8.546,698.437,8.003
LANDIS,37,conservation,2036,701.538,9.313,710.851,8.138
LANDIS,37,conservation,2037,713.063,10.075,723.138,8.272
LANDIS,37,conservation,2038,724.468,10.833,735.301,8.404
LANDIS,37,conservation,2039,735.755,11.587,747.342,8.535
LANDIS,37,conservation,2040,746.924,12.339,759.263,8.664
LANDIS,37,conservation,2041,757.977,13.089,771.066,8.793
LANDIS,37,conservation,2042,768.917,13.837,782.755,8.919
LANDIS,37,conservation,2043,779.745,14.585,794.33,9.045
LANDIS,37,conservation,2044,790.46,15.331,805.791,9.169
LANDIS,37,conservation,2045,801.028,16.077,817.105,9.292
LANDIS,37,conservation,2046,811.448,16.823,828.271,9.413
LANDIS,37,conservation,2047,821.724,17.568,839.292,9.532
LANDIS,37,conservation,2048,831.857,18.313,850.17,9.65
LANDIS,37,conservation,2049,841.848,19.057,860.905,9.765
LANDIS,37,conservation,2050,851.697,19.801,871.498,9.88
LANDIS,37,conservation,2051,861.408,20.545,881.953,9.992
LANDIS,37,conservation,2052,870.98,21.288,892.268,10.103
LANDIS,37,conservation,2053,880.416,22.03,902.446,10.213
LANDIS,37,conservation,2054,889.716,22.772,912.488,10.321
LANDIS,37,conservation,2055,898.865,23.513,922.378,10.427
LANDIS,37,conservation,2056,907.861,24.253,932.114,10.531
LANDIS,37,conservation,2057,916.709,24.992,941.7,10.634
LANDIS,37,conservation,2058,925.407,25.73,951.137,10.735
LANDIS,37,conservation,2059,933.959,26.467,960.425,10.834
LANDIS,37,conservation,2060,942.363,27.202,969.566,10.931
LANDIS,37,conservation,2061,950.623,27.936,978.559,11.027
LANDIS,37,conservation,2062,958.74,28.668,987.408,11.121
LANDIS,37,conservation,2063,966.713,29.399,996.112,11.214
LANDIS,37,conservation,2064,974.546,30.128,1004.673,11.305
LANDIS,37,conservation,2065,982.229,30.855,1013.083,11.394
LANDIS,37,conservation,2066,989.763,31.579,1021.342,11.481
LANDIS,37,conservation,2067,997.151,32.302,1029.453,11.567
LANDIS,37,conservation,2068,1004.393,33.022,1037.415,11.651
LANDIS,37,conservation,2069,1011.491,33.74,1045.231,11.733
LANDIS,37,conservation,2070,1018.444,34.455,1052.899,11.814
LANDIS,37,conservation,2071,1025.255,35.168,1060.423,11.893
LANDIS,37,conservation,2072,1031.924,35.878,1067.801,11.97
LANDIS,37,conservation,2073,1038.451,36.584,1075.036,12.046
LANDIS,37,conservation,2074,1044.839,37.288,1082.128,12.12
LANDIS,37,conservation,2075,1051.089,37.989,1089.078,12.193
LANDIS,37,conservation,2076,1057.2,38.687,1095.886,12.264
LANDIS,37,conservation,2077,1063.173,39.381,1102.554,12.333
LANDIS,37,conservation,2078,1069.01,40.072,1109.082,12.401
LANDIS,37,conservation,2079,1074.712,40.76,1115.472,12.467
LANDIS,37,conservation,2080,1080.28,41.444,1121.723,12.531
LANDIS,37,conservation,2081,1085.713,42.124,1127.837,12.594
LANDIS,37,conservation,2082,1091.014,42.8,1133.814,12.656
LANDIS,37,conservation,2083,1096.182,43.473,1139.655,12.716
LANDIS,37,conservation,2084,1101.219,44.142,1145.361,12.774
LANDIS,37,conservation,2085,1106.128,44.807,1150.935,12.831
LANDIS,37,conservation,2086,1110.91,45.467,1156.378,12.887
LANDIS,37,conservation,2087,1115.565,46.124,1161.689,12.941
LANDIS,37,conservation,2088,1120.096,46.776,1166.872,12.993
LANDIS,37,conservation,2089,1124.5,47.425,1171.925,13.044
LANDIS,37,conservation,2090,1128.78,48.068,1176.849,13.094
LANDIS,37,conservation,2091,1132.938,48.708,1181.646,13.142
LANDIS,37,conservation,2092,1136.971,49.343,1186.314,13.189
LANDIS,37,conservation,2093,1140.883,49.973,1190.856,13.234
LANDIS,37,conservation,2094,1144.673,50.599,1195.272,13.278
LANDIS,37,conservation,2095,1148.351,51.22,1199.571,13.321
LANDIS,37,conservation,2096,1151.915,51.837,1203.751,13.362
LANDIS,37,conservation,2097,1155.367,52.448,1207.815,13.402
LANDIS,37,conservation,2098,1158.708,53.055,1211.763,13.441
LANDIS,37,conservation,2099,1161.937,53.657,1215.595,13.478
LANDIS,37,conservation,2100,1165.057,54.255,1219.311,13.515
LANDIS,37,intensive,2025,568.76,0,568.76,6.598
LANDIS,37,intensive,2026,570.655,6.256,576.911,6.62
LANDIS,37,intensive,2027,572.482,12.089,584.571,6.641
LANDIS,37,intensive,2028,574.243,17.563,591.806,6.661
LANDIS,37,intensive,2029,575.94,22.733,598.673,6.681
LANDIS,37,intensive,2030,577.578,27.642,605.22,6.7
LANDIS,37,intensive,2031,579.155,32.328,611.483,6.718
LANDIS,37,intensive,2032,580.678,36.821,617.499,6.736
LANDIS,37,intensive,2033,582.146,41.146,623.292,6.753
LANDIS,37,intensive,2034,583.562,45.324,628.886,6.769
LANDIS,37,intensive,2035,584.864,49.373,634.237,6.784
LANDIS,37,intensive,2036,586.055,53.307,639.362,6.798
LANDIS,37,intensive,2037,587.139,57.137,644.276,6.811
LANDIS,37,intensive,2038,588.119,60.873,648.992,6.822
LANDIS,37,intensive,2039,589,64.522,653.522,6.832
LANDIS,37,intensive,2040,589.783,68.092,657.875,6.841
LANDIS,37,intensive,2041,590.472,71.587,662.059,6.849
LANDIS,37,intensive,2042,591.071,75.013,666.083,6.856
LANDIS,37,intensive,2043,591.582,78.373,669.955,6.862
LANDIS,37,intensive,2044,592.008,81.67,673.678,6.867
LANDIS,37,intensive,2045,592.315,84.908,677.223,6.871
LANDIS,37,intensive,2046,592.504,88.088,680.592,6.873
LANDIS,37,intensive,2047,592.581,91.212,683.793,6.874
LANDIS,37,intensive,2048,592.55,94.281,686.831,6.874
LANDIS,37,intensive,2049,592.412,97.297,689.708,6.872
LANDIS,37,intensive,2050,592.17,100.26,692.429,6.869
LANDIS,37,intensive,2051,591.83,103.171,695.001,6.865
LANDIS,37,intensive,2052,591.393,106.031,697.424,6.86
LANDIS,37,intensive,2053,590.863,108.841,699.704,6.854
LANDIS,37,intensive,2054,590.241,111.602,701.843,6.847
LANDIS,37,intensive,2055,589.514,114.313,703.827,6.838
LANDIS,37,intensive,2056,588.683,116.976,705.658,6.829
LANDIS,37,intensive,2057,587.752,119.59,707.341,6.818
LANDIS,37,intensive,2058,586.723,122.155,708.879,6.806
LANDIS,37,intensive,2059,585.602,124.673,710.275,6.793
LANDIS,37,intensive,2060,584.388,127.143,711.531,6.779
LANDIS,37,intensive,2061,583.084,129.565,712.65,6.764
LANDIS,37,intensive,2062,581.696,131.941,713.636,6.748
LANDIS,37,intensive,2063,580.222,134.269,714.491,6.731
LANDIS,37,intensive,2064,578.669,136.551,715.219,6.713
LANDIS,37,intensive,2065,577.027,138.786,715.813,6.694
LANDIS,37,intensive,2066,575.3,140.975,716.275,6.673
LANDIS,37,intensive,2067,573.49,143.118,716.608,6.652
LANDIS,37,intensive,2068,571.601,145.215,716.815,6.631
LANDIS,37,intensive,2069,569.634,147.266,716.9,6.608
LANDIS,37,intensive,2070,567.59,149.272,716.862,6.584
LANDIS,37,intensive,2071,565.473,151.233,716.706,6.559
LANDIS,37,intensive,2072,563.285,153.149,716.433,6.534
LANDIS,37,intensive,2073,561.027,155.02,716.046,6.508
LANDIS,37,intensive,2074,558.701,156.847,715.548,6.481
LANDIS,37,intensive,2075,556.311,158.629,714.94,6.453
LANDIS,37,intensive,2076,553.856,160.368,714.224,6.425
LANDIS,37,intensive,2077,551.339,162.063,713.402,6.396
LANDIS,37,intensive,2078,548.763,163.715,712.478,6.366
LANDIS,37,intensive,2079,546.128,165.324,711.452,6.335
LANDIS,37,intensive,2080,543.437,166.89,710.326,6.304
LANDIS,37,intensive,2081,540.69,168.413,709.103,6.272
LANDIS,37,intensive,2082,537.89,169.895,707.785,6.24
LANDIS,37,intensive,2083,535.037,171.334,706.372,6.206
LANDIS,37,intensive,2084,532.135,172.733,704.867,6.173
LANDIS,37,intensive,2085,529.185,174.09,703.275,6.139
LANDIS,37,intensive,2086,526.191,175.406,701.597,6.104
LANDIS,37,intensive,2087,523.152,176.682,699.834,6.069
LANDIS,37,intensive,2088,520.071,177.918,697.989,6.033
LANDIS,37,intensive,2089,516.949,179.114,696.063,5.997
LANDIS,37,intensive,2090,513.786,180.271,694.057,5.96
LANDIS,37,intensive,2091,510.585,181.389,691.973,5.923
LANDIS,37,intensive,2092,507.345,182.468,689.813,5.885
LANDIS,37,intensive,2093,504.068,183.508,687.577,5.847
LANDIS,37,intensive,2094,500.756,184.511,685.267,5.809
LANDIS,37,intensive,2095,497.417,185.476,682.894,5.77
LANDIS,37,intensive,2096,494.051,186.405,680.456,5.731
LANDIS,37,intensive,2097,490.66,187.296,677.956,5.692
LANDIS,37,intensive,2098,487.243,188.151,675.394,5.652
LANDIS,37,intensive,2099,483.803,188.97,672.773,5.612
LANDIS,37,intensive,2100,480.339,189.754,670.093,5.572
LANDIS,38,reserve,2025,10.39,0,10.39,0.753
LANDIS,38,reserve,2026,10.578,0,10.578,0.767
LANDIS,38,reserve,2027,10.765,0,10.765,0.78
LANDIS,38,reserve,2028,10.951,0,10.951,0.794
LANDIS,38,reserve,2029,11.136,0,11.136,0.807
LANDIS,38,reserve,2030,11.32,0,11.32,0.821
LANDIS,38,reserve,2031,11.504,0,11.504,0.834
LANDIS,38,reserve,2032,11.687,0,11.687,0.847
LANDIS,38,reserve,2033,11.869,0,11.869,0.861
LANDIS,38,reserve,2034,12.05,0,12.05,0.874
LANDIS,38,reserve,2035,12.23,0,12.23,0.887
LANDIS,38,reserve,2036,12.409,0,12.409,0.9
LANDIS,38,reserve,2037,12.586,0,12.586,0.912
LANDIS,38,reserve,2038,12.762,0,12.762,0.925
LANDIS,38,reserve,2039,12.936,0,12.936,0.938
LANDIS,38,reserve,2040,13.11,0,13.11,0.95
LANDIS,38,reserve,2041,13.282,0,13.282,0.963
LANDIS,38,reserve,2042,13.453,0,13.453,0.975
LANDIS,38,reserve,2043,13.622,0,13.622,0.988
LANDIS,38,reserve,2044,13.791,0,13.791,1
LANDIS,38,reserve,2045,13.958,0,13.958,1.012
LANDIS,38,reserve,2046,14.123,0,14.123,1.024
LANDIS,38,reserve,2047,14.287,0,14.287,1.036
LANDIS,38,reserve,2048,14.449,0,14.449,1.048
LANDIS,38,reserve,2049,14.61,0,14.61,1.059
LANDIS,38,reserve,2050,14.769,0,14.769,1.071
LANDIS,38,reserve,2051,14.927,0,14.927,1.082
LANDIS,38,reserve,2052,15.083,0,15.083,1.094
LANDIS,38,reserve,2053,15.238,0,15.238,1.105
LANDIS,38,reserve,2054,15.391,0,15.391,1.116
LANDIS,38,reserve,2055,15.543,0,15.543,1.127
LANDIS,38,reserve,2056,15.693,0,15.693,1.138
LANDIS,38,reserve,2057,15.842,0,15.842,1.149
LANDIS,38,reserve,2058,15.989,0,15.989,1.159
LANDIS,38,reserve,2059,16.135,0,16.135,1.17
LANDIS,38,reserve,2060,16.278,0,16.278,1.18
LANDIS,38,reserve,2061,16.421,0,16.421,1.191
LANDIS,38,reserve,2062,16.562,0,16.562,1.201
LANDIS,38,reserve,2063,16.701,0,16.701,1.211
LANDIS,38,reserve,2064,16.839,0,16.839,1.221
LANDIS,38,reserve,2065,16.975,0,16.975,1.231
LANDIS,38,reserve,2066,17.11,0,17.11,1.24
LANDIS,38,reserve,2067,17.243,0,17.243,1.25
LANDIS,38,reserve,2068,17.375,0,17.375,1.26
LANDIS,38,reserve,2069,17.505,0,17.505,1.269
LANDIS,38,reserve,2070,17.633,0,17.633,1.278
LANDIS,38,reserve,2071,17.76,0,17.76,1.288
LANDIS,38,reserve,2072,17.886,0,17.886,1.297
LANDIS,38,reserve,2073,18.01,0,18.01,1.306
LANDIS,38,reserve,2074,18.132,0,18.132,1.315
LANDIS,38,reserve,2075,18.253,0,18.253,1.323
LANDIS,38,reserve,2076,18.373,0,18.373,1.332
LANDIS,38,reserve,2077,18.491,0,18.491,1.341
LANDIS,38,reserve,2078,18.607,0,18.607,1.349
LANDIS,38,reserve,2079,18.722,0,18.722,1.357
LANDIS,38,reserve,2080,18.836,0,18.836,1.366
LANDIS,38,reserve,2081,18.948,0,18.948,1.374
LANDIS,38,reserve,2082,19.058,0,19.058,1.382
LANDIS,38,reserve,2083,19.168,0,19.168,1.39
LANDIS,38,reserve,2084,19.276,0,19.276,1.398
LANDIS,38,reserve,2085,19.382,0,19.382,1.405
LANDIS,38,reserve,2086,19.487,0,19.487,1.413
LANDIS,38,reserve,2087,19.59,0,19.59,1.42
LANDIS,38,reserve,2088,19.693,0,19.693,1.428
LANDIS,38,reserve,2089,19.794,0,19.794,1.435
LANDIS,38,reserve,2090,19.893,0,19.893,1.442
LANDIS,38,reserve,2091,19.991,0,19.991,1.449
LANDIS,38,reserve,2092,20.088,0,20.088,1.456
LANDIS,38,reserve,2093,20.183,0,20.183,1.463
LANDIS,38,reserve,2094,20.277,0,20.277,1.47
LANDIS,38,reserve,2095,20.37,0,20.37,1.477
LANDIS,38,reserve,2096,20.461,0,20.461,1.483
LANDIS,38,reserve,2097,20.551,0,20.551,1.49
LANDIS,38,reserve,2098,20.64,0,20.64,1.496
LANDIS,38,reserve,2099,20.728,0,20.728,1.503
LANDIS,38,reserve,2100,20.815,0,20.815,1.509
LANDIS,38,BAU,2025,10.39,0,10.39,0.753
LANDIS,38,BAU,2026,10.574,0.002,10.576,0.767
LANDIS,38,BAU,2027,10.757,0.004,10.761,0.78
LANDIS,38,BAU,2028,10.939,0.006,10.945,0.793
LANDIS,38,BAU,2029,11.12,0.007,11.127,0.806
LANDIS,38,BAU,2030,11.3,0.009,11.309,0.819
LANDIS,38,BAU,2031,11.48,0.01,11.49,0.832
LANDIS,38,BAU,2032,11.658,0.012,11.67,0.845
LANDIS,38,BAU,2033,11.836,0.013,11.849,0.858
LANDIS,38,BAU,2034,12.013,0.015,12.028,0.871
LANDIS,38,BAU,2035,12.188,0.016,12.205,0.884
LANDIS,38,BAU,2036,12.363,0.018,12.38,0.896
LANDIS,38,BAU,2037,12.535,0.019,12.554,0.909
LANDIS,38,BAU,2038,12.706,0.021,12.727,0.921
LANDIS,38,BAU,2039,12.875,0.022,12.898,0.933
LANDIS,38,BAU,2040,13.045,0.023,13.068,0.946
LANDIS,38,BAU,2041,13.212,0.025,13.237,0.958
LANDIS,38,BAU,2042,13.378,0.026,13.404,0.97
LANDIS,38,BAU,2043,13.542,0.028,13.569,0.982
LANDIS,38,BAU,2044,13.706,0.029,13.735,0.994
LANDIS,38,BAU,2045,13.868,0.03,13.898,1.005
LANDIS,38,BAU,2046,14.027,0.032,14.059,1.017
LANDIS,38,BAU,2047,14.186,0.033,14.219,1.028
LANDIS,38,BAU,2048,14.343,0.034,14.377,1.04
LANDIS,38,BAU,2049,14.499,0.036,14.534,1.051
LANDIS,38,BAU,2050,14.652,0.037,14.689,1.062
LANDIS,38,BAU,2051,14.805,0.039,14.843,1.073
LANDIS,38,BAU,2052,14.955,0.04,14.995,1.084
LANDIS,38,BAU,2053,15.105,0.041,15.146,1.095
LANDIS,38,BAU,2054,15.252,0.043,15.294,1.106
LANDIS,38,BAU,2055,15.398,0.044,15.442,1.116
LANDIS,38,BAU,2056,15.542,0.045,15.588,1.127
LANDIS,38,BAU,2057,15.686,0.047,15.732,1.137
LANDIS,38,BAU,2058,15.827,0.048,15.875,1.147
LANDIS,38,BAU,2059,15.967,0.049,16.016,1.158
LANDIS,38,BAU,2060,16.104,0.051,16.154,1.168
LANDIS,38,BAU,2061,16.241,0.052,16.293,1.177
LANDIS,38,BAU,2062,16.376,0.053,16.429,1.187
LANDIS,38,BAU,2063,16.509,0.055,16.563,1.197
LANDIS,38,BAU,2064,16.64,0.056,16.696,1.206
LANDIS,38,BAU,2065,16.77,0.057,16.827,1.216
LANDIS,38,BAU,2066,16.899,0.058,16.957,1.225
LANDIS,38,BAU,2067,17.026,0.06,17.085,1.234
LANDIS,38,BAU,2068,17.151,0.061,17.212,1.243
LANDIS,38,BAU,2069,17.275,0.062,17.337,1.252
LANDIS,38,BAU,2070,17.396,0.064,17.46,1.261
LANDIS,38,BAU,2071,17.517,0.065,17.582,1.27
LANDIS,38,BAU,2072,17.636,0.066,17.703,1.279
LANDIS,38,BAU,2073,17.754,0.068,17.821,1.287
LANDIS,38,BAU,2074,17.869,0.069,17.938,1.296
LANDIS,38,BAU,2075,17.983,0.07,18.054,1.304
LANDIS,38,BAU,2076,18.097,0.071,18.168,1.312
LANDIS,38,BAU,2077,18.208,0.073,18.281,1.32
LANDIS,38,BAU,2078,18.317,0.074,18.391,1.328
LANDIS,38,BAU,2079,18.425,0.075,18.5,1.336
LANDIS,38,BAU,2080,18.532,0.076,18.609,1.344
LANDIS,38,BAU,2081,18.637,0.078,18.715,1.351
LANDIS,38,BAU,2082,18.741,0.079,18.819,1.359
LANDIS,38,BAU,2083,18.844,0.08,18.924,1.366
LANDIS,38,BAU,2084,18.944,0.081,19.026,1.373
LANDIS,38,BAU,2085,19.043,0.083,19.126,1.381
LANDIS,38,BAU,2086,19.141,0.084,19.225,1.388
LANDIS,38,BAU,2087,19.237,0.085,19.322,1.395
LANDIS,38,BAU,2088,19.333,0.086,19.419,1.402
LANDIS,38,BAU,2089,19.427,0.087,19.514,1.408
LANDIS,38,BAU,2090,19.518,0.089,19.607,1.415
LANDIS,38,BAU,2091,19.609,0.09,19.699,1.422
LANDIS,38,BAU,2092,19.699,0.091,19.79,1.428
LANDIS,38,BAU,2093,19.786,0.092,19.879,1.435
LANDIS,38,BAU,2094,19.873,0.093,19.966,1.441
LANDIS,38,BAU,2095,19.959,0.095,20.053,1.447
LANDIS,38,BAU,2096,20.042,0.096,20.138,1.453
LANDIS,38,BAU,2097,20.125,0.097,20.222,1.459
LANDIS,38,BAU,2098,20.206,0.098,20.304,1.465
LANDIS,38,BAU,2099,20.287,0.099,20.386,1.471
LANDIS,38,BAU,2100,20.366,0.1,20.466,1.477
LANDIS,38,conservation,2025,10.39,0,10.39,0.753
LANDIS,38,conservation,2026,10.576,0.001,10.577,0.767
LANDIS,38,conservation,2027,10.762,0.002,10.763,0.78
LANDIS,38,conservation,2028,10.946,0.002,10.948,0.794
LANDIS,38,conservation,2029,11.129,0.003,11.132,0.807
LANDIS,38,conservation,2030,11.312,0.004,11.315,0.82
LANDIS,38,conservation,2031,11.494,0.004,11.498,0.833
LANDIS,38,conservation,2032,11.675,0.005,11.68,0.846
LANDIS,38,conservation,2033,11.855,0.006,11.861,0.859
LANDIS,38,conservation,2034,12.035,0.006,12.041,0.873
LANDIS,38,conservation,2035,12.213,0.007,12.219,0.885
LANDIS,38,conservation,2036,12.39,0.007,12.397,0.898
LANDIS,38,conservation,2037,12.565,0.008,12.573,0.911
LANDIS,38,conservation,2038,12.739,0.009,12.748,0.924
LANDIS,38,conservation,2039,12.911,0.009,12.92,0.936
LANDIS,38,conservation,2040,13.083,0.01,13.093,0.949
LANDIS,38,conservation,2041,13.253,0.01,13.263,0.961
LANDIS,38,conservation,2042,13.422,0.011,13.433,0.973
LANDIS,38,conservation,2043,13.589,0.011,13.6,0.985
LANDIS,38,conservation,2044,13.756,0.012,13.768,0.997
LANDIS,38,conservation,2045,13.921,0.013,13.933,1.009
LANDIS,38,conservation,2046,14.084,0.013,14.097,1.021
LANDIS,38,conservation,2047,14.245,0.014,14.259,1.033
LANDIS,38,conservation,2048,14.405,0.014,14.419,1.044
LANDIS,38,conservation,2049,14.564,0.015,14.579,1.056
LANDIS,38,conservation,2050,14.721,0.015,14.736,1.067
LANDIS,38,conservation,2051,14.877,0.016,14.892,1.079
LANDIS,38,conservation,2052,15.03,0.016,15.047,1.09
LANDIS,38,conservation,2053,15.183,0.017,15.2,1.101
LANDIS,38,conservation,2054,15.334,0.018,15.351,1.112
LANDIS,38,conservation,2055,15.483,0.018,15.501,1.123
LANDIS,38,conservation,2056,15.631,0.019,15.65,1.133
LANDIS,38,conservation,2057,15.777,0.019,15.797,1.144
LANDIS,38,conservation,2058,15.922,0.02,15.942,1.154
LANDIS,38,conservation,2059,16.066,0.02,16.086,1.165
LANDIS,38,conservation,2060,16.206,0.021,16.227,1.175
LANDIS,38,conservation,2061,16.347,0.021,16.368,1.185
LANDIS,38,conservation,2062,16.485,0.022,16.507,1.195
LANDIS,38,conservation,2063,16.622,0.023,16.644,1.205
LANDIS,38,conservation,2064,16.757,0.023,16.78,1.215
LANDIS,38,conservation,2065,16.89,0.024,16.914,1.225
LANDIS,38,conservation,2066,17.023,0.024,17.047,1.234
LANDIS,38,conservation,2067,17.153,0.025,17.178,1.244
LANDIS,38,conservation,2068,17.283,0.025,17.308,1.253
LANDIS,38,conservation,2069,17.41,0.026,17.436,1.262
LANDIS,38,conservation,2070,17.535,0.026,17.562,1.271
LANDIS,38,conservation,2071,17.659,0.027,17.686,1.28
LANDIS,38,conservation,2072,17.783,0.027,17.81,1.289
LANDIS,38,conservation,2073,17.904,0.028,17.932,1.298
LANDIS,38,conservation,2074,18.023,0.028,18.052,1.307
LANDIS,38,conservation,2075,18.142,0.029,18.171,1.315
LANDIS,38,conservation,2076,18.259,0.03,18.288,1.324
LANDIS,38,conservation,2077,18.374,0.03,18.404,1.332
LANDIS,38,conservation,2078,18.487,0.031,18.518,1.34
LANDIS,38,conservation,2079,18.599,0.031,18.63,1.348
LANDIS,38,conservation,2080,18.71,0.032,18.742,1.356
LANDIS,38,conservation,2081,18.819,0.032,18.852,1.364
LANDIS,38,conservation,2082,18.927,0.033,18.959,1.372
LANDIS,38,conservation,2083,19.034,0.033,19.067,1.38
LANDIS,38,conservation,2084,19.139,0.034,19.172,1.388
LANDIS,38,conservation,2085,19.242,0.034,19.276,1.395
LANDIS,38,conservation,2086,19.344,0.035,19.379,1.402
LANDIS,38,conservation,2087,19.444,0.035,19.479,1.41
LANDIS,38,conservation,2088,19.544,0.036,19.58,1.417
LANDIS,38,conservation,2089,19.642,0.036,19.678,1.424
LANDIS,38,conservation,2090,19.738,0.037,19.775,1.431
LANDIS,38,conservation,2091,19.833,0.037,19.87,1.438
LANDIS,38,conservation,2092,19.927,0.038,19.965,1.445
LANDIS,38,conservation,2093,20.019,0.038,20.057,1.451
LANDIS,38,conservation,2094,20.11,0.039,20.148,1.458
LANDIS,38,conservation,2095,20.2,0.039,20.239,1.465
LANDIS,38,conservation,2096,20.287,0.04,20.327,1.471
LANDIS,38,conservation,2097,20.374,0.04,20.414,1.477
LANDIS,38,conservation,2098,20.46,0.041,20.501,1.483
LANDIS,38,conservation,2099,20.545,0.041,20.586,1.49
LANDIS,38,conservation,2100,20.629,0.042,20.67,1.496
LANDIS,38,intensive,2025,10.39,0,10.39,0.753
LANDIS,38,intensive,2026,10.568,0.005,10.573,0.766
LANDIS,38,intensive,2027,10.745,0.01,10.754,0.779
LANDIS,38,intensive,2028,10.92,0.014,10.935,0.792
LANDIS,38,intensive,2029,11.095,0.019,11.113,0.804
LANDIS,38,intensive,2030,11.268,0.023,11.291,0.817
LANDIS,38,intensive,2031,11.441,0.027,11.468,0.829
LANDIS,38,intensive,2032,11.613,0.031,11.644,0.842
LANDIS,38,intensive,2033,11.784,0.035,11.819,0.854
LANDIS,38,intensive,2034,11.953,0.039,11.992,0.867
LANDIS,38,intensive,2035,12.122,0.042,12.164,0.879
LANDIS,38,intensive,2036,12.289,0.046,12.335,0.891
LANDIS,38,intensive,2037,12.454,0.05,12.504,0.903
LANDIS,38,intensive,2038,12.618,0.053,12.671,0.915
LANDIS,38,intensive,2039,12.78,0.057,12.837,0.927
LANDIS,38,intensive,2040,12.941,0.061,13.002,0.938
LANDIS,38,intensive,2041,13.101,0.064,13.165,0.95
LANDIS,38,intensive,2042,13.259,0.068,13.327,0.961
LANDIS,38,intensive,2043,13.415,0.071,13.486,0.973
LANDIS,38,intensive,2044,13.571,0.075,13.646,0.984
LANDIS,38,intensive,2045,13.725,0.078,13.803,0.995
LANDIS,38,intensive,2046,13.877,0.082,13.959,1.006
LANDIS,38,intensive,2047,14.027,0.085,14.113,1.017
LANDIS,38,intensive,2048,14.176,0.089,14.264,1.028
LANDIS,38,intensive,2049,14.323,0.092,14.415,1.038
LANDIS,38,intensive,2050,14.468,0.096,14.564,1.049
LANDIS,38,intensive,2051,14.612,0.099,14.711,1.059
LANDIS,38,intensive,2052,14.754,0.102,14.856,1.07
LANDIS,38,intensive,2053,14.895,0.106,15.001,1.08
LANDIS,38,intensive,2054,15.033,0.109,15.143,1.09
LANDIS,38,intensive,2055,15.171,0.113,15.283,1.1
LANDIS,38,intensive,2056,15.306,0.116,15.422,1.11
LANDIS,38,intensive,2057,15.44,0.12,15.56,1.119
LANDIS,38,intensive,2058,15.572,0.123,15.695,1.129
LANDIS,38,intensive,2059,15.703,0.126,15.829,1.138
LANDIS,38,intensive,2060,15.831,0.13,15.961,1.148
LANDIS,38,intensive,2061,15.959,0.133,16.092,1.157
LANDIS,38,intensive,2062,16.084,0.136,16.22,1.166
LANDIS,38,intensive,2063,16.208,0.14,16.347,1.175
LANDIS,38,intensive,2064,16.33,0.143,16.473,1.184
LANDIS,38,intensive,2065,16.45,0.146,16.596,1.193
LANDIS,38,intensive,2066,16.569,0.15,16.719,1.201
LANDIS,38,intensive,2067,16.686,0.153,16.839,1.21
LANDIS,38,intensive,2068,16.802,0.156,16.958,1.218
LANDIS,38,intensive,2069,16.916,0.16,17.075,1.226
LANDIS,38,intensive,2070,17.027,0.163,17.19,1.234
LANDIS,38,intensive,2071,17.138,0.166,17.304,1.243
LANDIS,38,intensive,2072,17.247,0.169,17.416,1.25
LANDIS,38,intensive,2073,17.354,0.173,17.527,1.258
LANDIS,38,intensive,2074,17.46,0.176,17.635,1.266
LANDIS,38,intensive,2075,17.564,0.179,17.743,1.273
LANDIS,38,intensive,2076,17.667,0.182,17.849,1.281
LANDIS,38,intensive,2077,17.767,0.185,17.953,1.288
LANDIS,38,intensive,2078,17.866,0.188,18.055,1.295
LANDIS,38,intensive,2079,17.964,0.192,18.156,1.302
LANDIS,38,intensive,2080,18.061,0.195,18.255,1.309
LANDIS,38,intensive,2081,18.155,0.198,18.353,1.316
LANDIS,38,intensive,2082,18.247,0.201,18.448,1.323
LANDIS,38,intensive,2083,18.34,0.204,18.544,1.33
LANDIS,38,intensive,2084,18.43,0.207,18.637,1.336
LANDIS,38,intensive,2085,18.518,0.21,18.728,1.343
LANDIS,38,intensive,2086,18.605,0.213,18.818,1.349
LANDIS,38,intensive,2087,18.69,0.216,18.906,1.355
LANDIS,38,intensive,2088,18.775,0.219,18.994,1.361
LANDIS,38,intensive,2089,18.858,0.222,19.08,1.367
LANDIS,38,intensive,2090,18.939,0.225,19.164,1.373
LANDIS,38,intensive,2091,19.018,0.228,19.246,1.379
LANDIS,38,intensive,2092,19.097,0.231,19.328,1.385
LANDIS,38,intensive,2093,19.173,0.234,19.407,1.39
LANDIS,38,intensive,2094,19.249,0.237,19.486,1.396
LANDIS,38,intensive,2095,19.323,0.24,19.563,1.401
LANDIS,38,intensive,2096,19.395,0.243,19.638,1.406
LANDIS,38,intensive,2097,19.467,0.246,19.712,1.411
LANDIS,38,intensive,2098,19.537,0.248,19.785,1.416
LANDIS,38,intensive,2099,19.606,0.251,19.857,1.421
LANDIS,38,intensive,2100,19.674,0.254,19.928,1.426
LANDIS,39,reserve,2025,250.86,0,250.86,4.917
LANDIS,39,reserve,2026,258.579,0,258.579,5.068
LANDIS,39,reserve,2027,266.326,0,266.326,5.22
LANDIS,39,reserve,2028,274.101,0,274.101,5.372
LANDIS,39,reserve,2029,281.903,0,281.903,5.525
LANDIS,39,reserve,2030,289.733,0,289.733,5.679
LANDIS,39,reserve,2031,297.591,0,297.591,5.833
LANDIS,39,reserve,2032,305.478,0,305.478,5.987
LANDIS,39,reserve,2033,313.393,0,313.393,6.143
LANDIS,39,reserve,2034,321.338,0,321.338,6.298
LANDIS,39,reserve,2035,329.262,0,329.262,6.454
LANDIS,39,reserve,2036,337.171,0,337.171,6.609
LANDIS,39,reserve,2037,345.066,0,345.066,6.763
LANDIS,39,reserve,2038,352.946,0,352.946,6.918
LANDIS,39,reserve,2039,360.812,0,360.812,7.072
LANDIS,39,reserve,2040,368.665,0,368.665,7.226
LANDIS,39,reserve,2041,376.506,0,376.506,7.38
LANDIS,39,reserve,2042,384.333,0,384.333,7.533
LANDIS,39,reserve,2043,392.148,0,392.148,7.686
LANDIS,39,reserve,2044,399.952,0,399.952,7.839
LANDIS,39,reserve,2045,407.713,0,407.713,7.991
LANDIS,39,reserve,2046,415.432,0,415.432,8.143
LANDIS,39,reserve,2047,423.109,0,423.109,8.293
LANDIS,39,reserve,2048,430.746,0,430.746,8.443
LANDIS,39,reserve,2049,438.343,0,438.343,8.592
LANDIS,39,reserve,2050,445.899,0,445.899,8.74
LANDIS,39,reserve,2051,453.415,0,453.415,8.887
LANDIS,39,reserve,2052,460.893,0,460.893,9.034
LANDIS,39,reserve,2053,468.331,0,468.331,9.179
LANDIS,39,reserve,2054,475.731,0,475.731,9.324
LANDIS,39,reserve,2055,483.074,0,483.074,9.468
LANDIS,39,reserve,2056,490.362,0,490.362,9.611
LANDIS,39,reserve,2057,497.594,0,497.594,9.753
LANDIS,39,reserve,2058,504.771,0,504.771,9.894
LANDIS,39,reserve,2059,511.894,0,511.894,10.033
LANDIS,39,reserve,2060,518.962,0,518.962,10.172
LANDIS,39,reserve,2061,525.976,0,525.976,10.309
LANDIS,39,reserve,2062,532.937,0,532.937,10.446
LANDIS,39,reserve,2063,539.844,0,539.844,10.581
LANDIS,39,reserve,2064,546.698,0,546.698,10.715
LANDIS,39,reserve,2065,553.489,0,553.489,10.848
LANDIS,39,reserve,2066,560.217,0,560.217,10.98
LANDIS,39,reserve,2067,566.883,0,566.883,11.111
LANDIS,39,reserve,2068,573.487,0,573.487,11.24
LANDIS,39,reserve,2069,580.028,0,580.028,11.369
LANDIS,39,reserve,2070,586.508,0,586.508,11.496
LANDIS,39,reserve,2071,592.927,0,592.927,11.621
LANDIS,39,reserve,2072,599.284,0,599.284,11.746
LANDIS,39,reserve,2073,605.58,0,605.58,11.869
LANDIS,39,reserve,2074,611.816,0,611.816,11.992
LANDIS,39,reserve,2075,617.988,0,617.988,12.113
LANDIS,39,reserve,2076,624.095,0,624.095,12.232
LANDIS,39,reserve,2077,630.138,0,630.138,12.351
LANDIS,39,reserve,2078,636.118,0,636.118,12.468
LANDIS,39,reserve,2079,642.034,0,642.034,12.584
LANDIS,39,reserve,2080,647.887,0,647.887,12.699
LANDIS,39,reserve,2081,653.676,0,653.676,12.812
LANDIS,39,reserve,2082,659.403,0,659.403,12.924
LANDIS,39,reserve,2083,665.067,0,665.067,13.035
LANDIS,39,reserve,2084,670.668,0,670.668,13.145
LANDIS,39,reserve,2085,676.206,0,676.206,13.254
LANDIS,39,reserve,2086,681.681,0,681.681,13.361
LANDIS,39,reserve,2087,687.092,0,687.092,13.467
LANDIS,39,reserve,2088,692.441,0,692.441,13.572
LANDIS,39,reserve,2089,697.727,0,697.727,13.676
LANDIS,39,reserve,2090,702.951,0,702.951,13.778
LANDIS,39,reserve,2091,708.112,0,708.112,13.879
LANDIS,39,reserve,2092,713.211,0,713.211,13.979
LANDIS,39,reserve,2093,718.248,0,718.248,14.078
LANDIS,39,reserve,2094,723.223,0,723.223,14.175
LANDIS,39,reserve,2095,728.138,0,728.138,14.272
LANDIS,39,reserve,2096,732.994,0,732.994,14.367
LANDIS,39,reserve,2097,737.791,0,737.791,14.461
LANDIS,39,reserve,2098,742.529,0,742.529,14.554
LANDIS,39,reserve,2099,747.208,0,747.208,14.645
LANDIS,39,reserve,2100,751.829,0,751.829,14.736
LANDIS,39,BAU,2025,250.86,0,250.86,4.917
LANDIS,39,BAU,2026,258.391,0.094,258.485,5.064
LANDIS,39,BAU,2027,265.944,0.184,266.128,5.213
LANDIS,39,BAU,2028,273.519,0.272,273.791,5.361
LANDIS,39,BAU,2029,281.116,0.357,281.472,5.51
LANDIS,39,BAU,2030,288.735,0.44,289.175,5.659
LANDIS,39,BAU,2031,296.376,0.521,296.898,5.809
LANDIS,39,BAU,2032,304.041,0.602,304.643,5.959
LANDIS,39,BAU,2033,311.728,0.682,312.41,6.11
LANDIS,39,BAU,2034,319.439,0.762,320.201,6.261
LANDIS,39,BAU,2035,327.123,0.841,327.964,6.412
LANDIS,39,BAU,2036,334.787,0.921,335.707,6.562
LANDIS,39,BAU,2037,342.43,1,343.43,6.712
LANDIS,39,BAU,2038,350.053,1.08,351.133,6.861
LANDIS,39,BAU,2039,357.657,1.16,358.816,7.01
LANDIS,39,BAU,2040,365.241,1.24,366.481,7.159
LANDIS,39,BAU,2041,372.808,1.321,374.129,7.307
LANDIS,39,BAU,2042,380.355,1.402,381.757,7.455
LANDIS,39,BAU,2043,387.885,1.484,389.369,7.603
LANDIS,39,BAU,2044,395.398,1.566,396.964,7.75
LANDIS,39,BAU,2045,402.862,1.649,404.511,7.896
LANDIS,39,BAU,2046,410.279,1.732,412.01,8.042
LANDIS,39,BAU,2047,417.648,1.815,419.463,8.186
LANDIS,39,BAU,2048,424.971,1.9,426.871,8.329
LANDIS,39,BAU,2049,432.249,1.984,434.234,8.472
LANDIS,39,BAU,2050,439.481,2.069,441.55,8.614
LANDIS,39,BAU,2051,446.667,2.155,448.822,8.755
LANDIS,39,BAU,2052,453.81,2.241,456.051,8.895
LANDIS,39,BAU,2053,460.907,2.328,463.235,9.034
LANDIS,39,BAU,2054,467.961,2.415,470.376,9.172
LANDIS,39,BAU,2055,474.953,2.502,477.456,9.309
LANDIS,39,BAU,2056,481.885,2.59,484.475,9.445
LANDIS,39,BAU,2057,488.755,2.678,491.434,9.58
LANDIS,39,BAU,2058,495.565,2.767,498.333,9.713
LANDIS,39,BAU,2059,502.316,2.856,505.173,9.845
LANDIS,39,BAU,2060,509.007,2.946,511.953,9.977
LANDIS,39,BAU,2061,515.639,3.035,518.675,10.107
LANDIS,39,BAU,2062,522.214,3.125,525.339,10.235
LANDIS,39,BAU,2063,528.729,3.216,531.944,10.363
LANDIS,39,BAU,2064,535.186,3.306,538.492,10.49
LANDIS,39,BAU,2065,541.575,3.397,544.972,10.615
LANDIS,39,BAU,2066,547.897,3.488,551.385,10.739
LANDIS,39,BAU,2067,554.152,3.58,557.731,10.861
LANDIS,39,BAU,2068,560.34,3.671,564.011,10.983
LANDIS,39,BAU,2069,566.46,3.763,570.223,11.103
LANDIS,39,BAU,2070,572.515,3.855,576.37,11.221
LANDIS,39,BAU,2071,578.504,3.947,582.451,11.339
LANDIS,39,BAU,2072,584.427,4.039,588.466,11.455
LANDIS,39,BAU,2073,590.285,4.131,594.416,11.57
LANDIS,39,BAU,2074,596.078,4.223,600.301,11.683
LANDIS,39,BAU,2075,601.802,4.316,606.118,11.795
LANDIS,39,BAU,2076,607.458,4.408,611.866,11.906
LANDIS,39,BAU,2077,613.045,4.501,617.545,12.016
LANDIS,39,BAU,2078,618.565,4.593,623.158,12.124
LANDIS,39,BAU,2079,624.016,4.686,628.702,12.231
LANDIS,39,BAU,2080,629.401,4.778,634.18,12.336
LANDIS,39,BAU,2081,634.718,4.871,639.589,12.441
LANDIS,39,BAU,2082,639.968,4.963,644.932,12.543
LANDIS,39,BAU,2083,645.152,5.056,650.208,12.645
LANDIS,39,BAU,2084,650.269,5.148,655.417,12.745
LANDIS,39,BAU,2085,655.319,5.241,660.56,12.844
LANDIS,39,BAU,2086,660.302,5.333,665.635,12.942
LANDIS,39,BAU,2087,665.218,5.425,670.643,13.038
LANDIS,39,BAU,2088,670.067,5.517,675.584,13.133
LANDIS,39,BAU,2089,674.85,5.609,680.459,13.227
LANDIS,39,BAU,2090,679.568,5.701,685.269,13.32
LANDIS,39,BAU,2091,684.219,5.792,690.011,13.411
LANDIS,39,BAU,2092,688.805,5.884,694.688,13.501
LANDIS,39,BAU,2093,693.325,5.975,699.299,13.589
LANDIS,39,BAU,2094,697.779,6.066,703.845,13.677
LANDIS,39,BAU,2095,702.171,6.157,708.327,13.763
LANDIS,39,BAU,2096,706.5,6.247,712.747,13.847
LANDIS,39,BAU,2097,710.766,6.337,717.104,13.931
LANDIS,39,BAU,2098,714.971,6.428,721.399,14.013
LANDIS,39,BAU,2099,719.113,6.517,725.631,14.095
LANDIS,39,BAU,2100,723.195,6.607,729.802,14.175
LANDIS,39,conservation,2025,250.86,0,250.86,4.917
LANDIS,39,conservation,2026,258.507,0.036,258.543,5.067
LANDIS,39,conservation,2027,266.18,0.07,266.251,5.217
LANDIS,39,conservation,2028,273.879,0.104,273.983,5.368
LANDIS,39,conservation,2029,281.603,0.136,281.739,5.519
LANDIS,39,conservation,2030,289.352,0.168,289.52,5.671
LANDIS,39,conservation,2031,297.127,0.199,297.326,5.824
LANDIS,39,conservation,2032,304.929,0.23,305.159,5.977
LANDIS,39,conservation,2033,312.757,0.261,313.018,6.13
LANDIS,39,conservation,2034,320.612,0.291,320.903,6.284
LANDIS,39,conservation,2035,328.445,0.322,328.766,6.438
LANDIS,39,conservation,2036,336.26,0.352,336.612,6.591
LANDIS,39,conservation,2037,344.058,0.382,344.441,6.744
LANDIS,39,conservation,2038,351.84,0.413,352.253,6.896
LANDIS,39,conservation,2039,359.605,0.444,360.049,7.048
LANDIS,39,conservation,2040,367.355,0.475,367.83,7.2
LANDIS,39,conservation,2041,375.091,0.506,375.597,7.352
LANDIS,39,conservation,2042,382.811,0.537,383.348,7.503
LANDIS,39,conservation,2043,390.516,0.568,391.084,7.654
LANDIS,39,conservation,2044,398.209,0.6,398.808,7.805
LANDIS,39,conservation,2045,405.856,0.631,406.487,7.955
LANDIS,39,conservation,2046,413.458,0.663,414.122,8.104
LANDIS,39,conservation,2047,421.017,0.696,421.713,8.252
LANDIS,39,conservation,2048,428.534,0.728,429.262,8.399
LANDIS,39,conservation,2049,436.008,0.761,436.769,8.546
LANDIS,39,conservation,2050,443.439,0.794,444.233,8.691
LANDIS,39,conservation,2051,450.828,0.827,451.655,8.836
LANDIS,39,conservation,2052,458.177,0.86,459.037,8.98
LANDIS,39,conservation,2053,465.484,0.893,466.377,9.124
LANDIS,39,conservation,2054,472.751,0.927,473.678,9.266
LANDIS,39,conservation,2055,479.959,0.961,480.919,9.407
LANDIS,39,conservation,2056,487.109,0.995,488.104,9.547
LANDIS,39,conservation,2057,494.202,1.029,495.231,9.686
LANDIS,39,conservation,2058,501.237,1.063,502.3,9.824
LANDIS,39,conservation,2059,508.217,1.097,509.314,9.961
LANDIS,39,conservation,2060,515.139,1.132,516.272,10.097
LANDIS,39,conservation,2061,522.006,1.167,523.173,10.231
LANDIS,39,conservation,2062,528.818,1.202,530.019,10.365
LANDIS,39,conservation,2063,535.573,1.237,536.81,10.497
LANDIS,39,conservation,2064,542.274,1.272,543.546,10.629
LANDIS,39,conservation,2065,548.91,1.307,550.217,10.759
LANDIS,39,conservation,2066,555.481,1.342,556.823,10.887
LANDIS,39,conservation,2067,561.988,1.378,563.366,11.015
LANDIS,39,conservation,2068,568.431,1.413,569.844,11.141
LANDIS,39,conservation,2069,574.809,1.449,576.258,11.266
LANDIS,39,conservation,2070,581.125,1.485,582.609,11.39
LANDIS,39,conservation,2071,587.377,1.52,588.898,11.513
LANDIS,39,conservation,2072,593.566,1.556,595.122,11.634
LANDIS,39,conservation,2073,599.692,1.592,601.284,11.754
LANDIS,39,conservation,2074,605.757,1.628,607.385,11.873
LANDIS,39,conservation,2075,611.755,1.664,613.419,11.99
LANDIS,39,conservation,2076,617.687,1.7,619.387,12.107
LANDIS,39,conservation,2077,623.553,1.736,625.29,12.222
LANDIS,39,conservation,2078,629.355,1.772,631.127,12.335
LANDIS,39,conservation,2079,635.091,1.808,636.899,12.448
LANDIS,39,conservation,2080,640.762,1.844,642.607,12.559
LANDIS,39,conservation,2081,646.368,1.881,648.248,12.669
LANDIS,39,conservation,2082,651.91,1.917,653.826,12.777
LANDIS,39,conservation,2083,657.387,1.953,659.34,12.885
LANDIS,39,conservation,2084,662.8,1.989,664.789,12.991
LANDIS,39,conservation,2085,668.148,2.025,670.173,13.096
LANDIS,39,conservation,2086,673.432,2.061,675.493,13.199
LANDIS,39,conservation,2087,678.65,2.097,680.748,13.302
LANDIS,39,conservation,2088,683.805,2.133,685.938,13.403
LANDIS,39,conservation,2089,688.895,2.169,691.065,13.502
LANDIS,39,conservation,2090,693.922,2.205,696.128,13.601
LANDIS,39,conservation,2091,698.885,2.241,701.126,13.698
LANDIS,39,conservation,2092,703.784,2.277,706.061,13.794
LANDIS,39,conservation,2093,708.619,2.313,710.932,13.889
LANDIS,39,conservation,2094,713.391,2.349,715.74,13.983
LANDIS,39,conservation,2095,718.102,2.384,720.487,14.075
LANDIS,39,conservation,2096,722.753,2.42,725.173,14.166
LANDIS,39,conservation,2097,727.343,2.455,729.798,14.256
LANDIS,39,conservation,2098,731.873,2.491,734.364,14.345
LANDIS,39,conservation,2099,736.342,2.526,738.869,14.432
LANDIS,39,conservation,2100,740.753,2.562,743.314,14.519
LANDIS,39,intensive,2025,250.86,0,250.86,4.917
LANDIS,39,intensive,2026,258.127,0.226,258.353,5.059
LANDIS,39,intensive,2027,265.409,0.443,265.851,5.202
LANDIS,39,intensive,2028,272.706,0.652,273.357,5.345
LANDIS,39,intensive,2029,280.016,0.855,280.871,5.488
LANDIS,39,intensive,2030,287.342,1.053,288.395,5.632
LANDIS,39,intensive,2031,294.682,1.248,295.93,5.776
LANDIS,39,intensive,2032,302.038,1.441,303.479,5.92
LANDIS,39,intensive,2033,309.408,1.632,311.04,6.064
LANDIS,39,intensive,2034,316.796,1.821,318.617,6.209
LANDIS,39,intensive,2035,324.149,2.01,326.159,6.353
LANDIS,39,intensive,2036,331.474,2.199,333.673,6.497
LANDIS,39,intensive,2037,338.772,2.387,341.159,6.64
LANDIS,39,intensive,2038,346.041,2.576,348.617,6.782
LANDIS,39,intensive,2039,353.284,2.766,356.049,6.924
LANDIS,39,intensive,2040,360.5,2.956,363.456,7.066
LANDIS,39,intensive,2041,367.691,3.146,370.838,7.207
LANDIS,39,intensive,2042,374.856,3.338,378.194,7.347
LANDIS,39,intensive,2043,381.995,3.531,385.526,7.487
LANDIS,39,intensive,2044,389.111,3.724,392.835,7.627
LANDIS,39,intensive,2045,396.171,3.919,400.089,7.765
LANDIS,39,intensive,2046,403.176,4.114,407.29,7.902
LANDIS,39,intensive,2047,410.126,4.311,414.437,8.039
LANDIS,39,intensive,2048,417.024,4.508,421.533,8.174
LANDIS,39,intensive,2049,423.87,4.707,428.577,8.308
LANDIS,39,intensive,2050,430.662,4.907,435.569,8.441
LANDIS,39,intensive,2051,437.402,5.107,442.509,8.573
LANDIS,39,intensive,2052,444.092,5.309,449.4,8.704
LANDIS,39,intensive,2053,450.729,5.511,456.24,8.834
LANDIS,39,intensive,2054,457.317,5.714,463.031,8.963
LANDIS,39,intensive,2055,463.836,5.918,469.755,9.091
LANDIS,39,intensive,2056,470.288,6.123,476.412,9.218
LANDIS,39,intensive,2057,476.673,6.329,483.002,9.343
LANDIS,39,intensive,2058,482.991,6.535,489.526,9.467
LANDIS,39,intensive,2059,489.244,6.742,495.986,9.589
LANDIS,39,intensive,2060,495.43,6.95,502.38,9.71
LANDIS,39,intensive,2061,501.551,7.158,508.709,9.83
LANDIS,39,intensive,2062,507.608,7.367,514.975,9.949
LANDIS,39,intensive,2063,513.601,7.576,521.177,10.067
LANDIS,39,intensive,2064,519.529,7.786,527.315,10.183
LANDIS,39,intensive,2065,525.384,7.996,533.38,10.298
LANDIS,39,intensive,2066,531.165,8.206,539.372,10.411
LANDIS,39,intensive,2067,536.874,8.417,545.291,10.523
LANDIS,39,intensive,2068,542.511,8.628,551.139,10.633
LANDIS,39,intensive,2069,548.074,8.839,556.913,10.742
LANDIS,39,intensive,2070,553.566,9.051,562.617,10.85
LANDIS,39,intensive,2071,558.988,9.262,568.25,10.956
LANDIS,39,intensive,2072,564.338,9.474,573.812,11.061
LANDIS,39,intensive,2073,569.617,9.686,579.302,11.165
LANDIS,39,intensive,2074,574.826,9.897,584.724,11.267
LANDIS,39,intensive,2075,579.962,10.109,590.071,11.367
LANDIS,39,intensive,2076,585.024,10.321,595.345,11.467
LANDIS,39,intensive,2077,590.013,10.532,600.545,11.564
LANDIS,39,intensive,2078,594.93,10.744,605.673,11.661
LANDIS,39,intensive,2079,599.774,10.955,610.729,11.756
LANDIS,39,intensive,2080,604.546,11.166,615.712,11.849
LANDIS,39,intensive,2081,609.246,11.376,620.622,11.941
LANDIS,39,intensive,2082,613.875,11.587,625.462,12.032
LANDIS,39,intensive,2083,618.433,11.797,630.229,12.121
LANDIS,39,intensive,2084,622.919,12.007,634.926,12.209
LANDIS,39,intensive,2085,627.335,12.216,639.551,12.296
LANDIS,39,intensive,2086,631.679,12.425,644.104,12.381
LANDIS,39,intensive,2087,635.952,12.633,648.585,12.465
LANDIS,39,intensive,2088,640.155,12.841,652.996,12.547
LANDIS,39,intensive,2089,644.287,13.048,657.336,12.628
LANDIS,39,intensive,2090,648.35,13.255,661.606,12.708
LANDIS,39,intensive,2091,652.343,13.462,665.805,12.786
LANDIS,39,intensive,2092,656.266,13.667,669.934,12.863
LANDIS,39,intensive,2093,660.121,13.872,673.993,12.938
LANDIS,39,intensive,2094,663.906,14.076,677.983,13.013
LANDIS,39,intensive,2095,667.625,14.28,681.905,13.086
LANDIS,39,intensive,2096,671.278,14.483,685.761,13.157
LANDIS,39,intensive,2097,674.865,14.685,689.55,13.227
LANDIS,39,intensive,2098,678.387,14.886,693.274,13.296
LANDIS,39,intensive,2099,681.844,15.087,696.931,13.364
LANDIS,39,intensive,2100,685.236,15.287,700.523,13.431
LANDIS,40,reserve,2025,177.51,0,177.51,2.645
LANDIS,40,reserve,2026,182.256,0,182.256,2.716
LANDIS,40,reserve,2027,187.005,0,187.005,2.786
LANDIS,40,reserve,2028,191.759,0,191.759,2.857
LANDIS,40,reserve,2029,196.517,0,196.517,2.928
LANDIS,40,reserve,2030,201.28,0,201.28,2.999
LANDIS,40,reserve,2031,206.047,0,206.047,3.07
LANDIS,40,reserve,2032,210.818,0,210.818,3.141
LANDIS,40,reserve,2033,215.595,0,215.595,3.212
LANDIS,40,reserve,2034,220.376,0,220.376,3.284
LANDIS,40,reserve,2035,225.136,0,225.136,3.355
LANDIS,40,reserve,2036,229.875,0,229.875,3.425
LANDIS,40,reserve,2037,234.593,0,234.593,3.495
LANDIS,40,reserve,2038,239.291,0,239.291,3.565
LANDIS,40,reserve,2039,243.97,0,243.97,3.635
LANDIS,40,reserve,2040,248.629,0,248.629,3.705
LANDIS,40,reserve,2041,253.269,0,253.269,3.774
LANDIS,40,reserve,2042,257.89,0,257.89,3.843
LANDIS,40,reserve,2043,262.493,0,262.493,3.911
LANDIS,40,reserve,2044,267.077,0,267.077,3.979
LANDIS,40,reserve,2045,271.628,0,271.628,4.047
LANDIS,40,reserve,2046,276.145,0,276.145,4.115
LANDIS,40,reserve,2047,280.628,0,280.628,4.181
LANDIS,40,reserve,2048,285.078,0,285.078,4.248
LANDIS,40,reserve,2049,289.496,0,289.496,4.313
LANDIS,40,reserve,2050,293.882,0,293.882,4.379
LANDIS,40,reserve,2051,298.235,0,298.235,4.444
LANDIS,40,reserve,2052,302.557,0,302.557,4.508
LANDIS,40,reserve,2053,306.848,0,306.848,4.572
LANDIS,40,reserve,2054,311.108,0,311.108,4.635
LANDIS,40,reserve,2055,315.329,0,315.329,4.698
LANDIS,40,reserve,2056,319.512,0,319.512,4.761
LANDIS,40,reserve,2057,323.656,0,323.656,4.822
LANDIS,40,reserve,2058,327.763,0,327.763,4.884
LANDIS,40,reserve,2059,331.833,0,331.833,4.944
LANDIS,40,reserve,2060,335.865,0,335.865,5.004
LANDIS,40,reserve,2061,339.86,0,339.86,5.064
LANDIS,40,reserve,2062,343.818,0,343.818,5.123
LANDIS,40,reserve,2063,347.741,0,347.741,5.181
LANDIS,40,reserve,2064,351.627,0,351.627,5.239
LANDIS,40,reserve,2065,355.472,0,355.472,5.297
LANDIS,40,reserve,2066,359.277,0,359.277,5.353
LANDIS,40,reserve,2067,363.041,0,363.041,5.409
LANDIS,40,reserve,2068,366.765,0,366.765,5.465
LANDIS,40,reserve,2069,370.449,0,370.449,5.52
LANDIS,40,reserve,2070,374.094,0,374.094,5.574
LANDIS,40,reserve,2071,377.699,0,377.699,5.628
LANDIS,40,reserve,2072,381.265,0,381.265,5.681
LANDIS,40,reserve,2073,384.792,0,384.792,5.733
LANDIS,40,reserve,2074,388.28,0,388.28,5.785
LANDIS,40,reserve,2075,391.729,0,391.729,5.837
LANDIS,40,reserve,2076,395.138,0,395.138,5.888
LANDIS,40,reserve,2077,398.507,0,398.507,5.938
LANDIS,40,reserve,2078,401.838,0,401.838,5.987
LANDIS,40,reserve,2079,405.13,0,405.13,6.036
LANDIS,40,reserve,2080,408.383,0,408.383,6.085
LANDIS,40,reserve,2081,411.597,0,411.597,6.133
LANDIS,40,reserve,2082,414.773,0,414.773,6.18
LANDIS,40,reserve,2083,417.91,0,417.91,6.227
LANDIS,40,reserve,2084,421.01,0,421.01,6.273
LANDIS,40,reserve,2085,424.071,0,424.071,6.319
LANDIS,40,reserve,2086,427.094,0,427.094,6.364
LANDIS,40,reserve,2087,430.078,0,430.078,6.408
LANDIS,40,reserve,2088,433.024,0,433.024,6.452
LANDIS,40,reserve,2089,435.933,0,435.933,6.495
LANDIS,40,reserve,2090,438.803,0,438.803,6.538
LANDIS,40,reserve,2091,441.636,0,441.636,6.58
LANDIS,40,reserve,2092,444.432,0,444.432,6.622
LANDIS,40,reserve,2093,447.19,0,447.19,6.663
LANDIS,40,reserve,2094,449.91,0,449.91,6.704
LANDIS,40,reserve,2095,452.596,0,452.596,6.744
LANDIS,40,reserve,2096,455.247,0,455.247,6.783
LANDIS,40,reserve,2097,457.863,0,457.863,6.822
LANDIS,40,reserve,2098,460.445,0,460.445,6.861
LANDIS,40,reserve,2099,462.992,0,462.992,6.899
LANDIS,40,reserve,2100,465.505,0,465.505,6.936
LANDIS,40,BAU,2025,177.51,0,177.51,2.645
LANDIS,40,BAU,2026,182.1,0.078,182.178,2.713
LANDIS,40,BAU,2027,186.689,0.152,186.842,2.782
LANDIS,40,BAU,2028,191.28,0.224,191.503,2.85
LANDIS,40,BAU,2029,195.87,0.293,196.163,2.918
LANDIS,40,BAU,2030,200.461,0.361,200.822,2.987
LANDIS,40,BAU,2031,205.052,0.427,205.479,3.055
LANDIS,40,BAU,2032,209.643,0.492,210.135,3.124
LANDIS,40,BAU,2033,214.236,0.556,214.792,3.192
LANDIS,40,BAU,2034,218.829,0.62,219.449,3.261
LANDIS,40,BAU,2035,223.397,0.683,224.08,3.329
LANDIS,40,BAU,2036,227.94,0.746,228.686,3.396
LANDIS,40,BAU,2037,232.458,0.809,233.267,3.464
LANDIS,40,BAU,2038,236.952,0.871,237.823,3.531
LANDIS,40,BAU,2039,241.423,0.934,242.357,3.597
LANDIS,40,BAU,2040,245.871,0.997,246.867,3.663
LANDIS,40,BAU,2041,250.295,1.059,251.354,3.729
LANDIS,40,BAU,2042,254.696,1.122,255.819,3.795
LANDIS,40,BAU,2043,259.076,1.185,260.261,3.86
LANDIS,40,BAU,2044,263.432,1.249,264.681,3.925
LANDIS,40,BAU,2045,267.752,1.312,269.064,3.989
LANDIS,40,BAU,2046,272.034,1.376,273.41,4.053
LANDIS,40,BAU,2047,276.279,1.44,277.718,4.117
LANDIS,40,BAU,2048,280.486,1.504,281.99,4.179
LANDIS,40,BAU,2049,284.658,1.568,286.226,4.241
LANDIS,40,BAU,2050,288.794,1.633,290.427,4.303
LANDIS,40,BAU,2051,292.894,1.697,294.591,4.364
LANDIS,40,BAU,2052,296.959,1.762,298.721,4.425
LANDIS,40,BAU,2053,300.989,1.827,302.817,4.485
LANDIS,40,BAU,2054,304.985,1.893,306.878,4.544
LANDIS,40,BAU,2055,308.939,1.958,310.897,4.603
LANDIS,40,BAU,2056,312.851,2.024,314.874,4.661
LANDIS,40,BAU,2057,316.72,2.089,318.809,4.719
LANDIS,40,BAU,2058,320.549,2.155,322.704,4.776
LANDIS,40,BAU,2059,324.338,2.221,326.559,4.833
LANDIS,40,BAU,2060,328.085,2.287,330.373,4.888
LANDIS,40,BAU,2061,331.793,2.353,334.146,4.944
LANDIS,40,BAU,2062,335.459,2.42,337.879,4.998
LANDIS,40,BAU,2063,339.088,2.486,341.574,5.052
LANDIS,40,BAU,2064,342.677,2.552,345.229,5.106
LANDIS,40,BAU,2065,346.221,2.619,348.84,5.159
LANDIS,40,BAU,2066,349.722,2.685,352.407,5.211
LANDIS,40,BAU,2067,353.179,2.752,355.931,5.262
LANDIS,40,BAU,2068,356.593,2.818,359.412,5.313
LANDIS,40,BAU,2069,359.964,2.885,362.849,5.363
LANDIS,40,BAU,2070,363.294,2.951,366.245,5.413
LANDIS,40,BAU,2071,366.58,3.018,369.598,5.462
LANDIS,40,BAU,2072,369.824,3.084,372.908,5.51
LANDIS,40,BAU,2073,373.027,3.151,376.177,5.558
LANDIS,40,BAU,2074,376.187,3.217,379.404,5.605
LANDIS,40,BAU,2075,379.306,3.283,382.59,5.652
LANDIS,40,BAU,2076,382.383,3.35,385.732,5.697
LANDIS,40,BAU,2077,385.416,3.416,388.832,5.743
LANDIS,40,BAU,2078,388.409,3.482,391.891,5.787
LANDIS,40,BAU,2079,391.36,3.548,394.908,5.831
LANDIS,40,BAU,2080,394.27,3.614,397.883,5.875
LANDIS,40,BAU,2081,397.138,3.679,400.817,5.917
LANDIS,40,BAU,2082,399.965,3.745,403.71,5.959
LANDIS,40,BAU,2083,402.751,3.81,406.562,6.001
LANDIS,40,BAU,2084,405.498,3.876,409.374,6.042
LANDIS,40,BAU,2085,408.203,3.941,412.144,6.082
LANDIS,40,BAU,2086,410.868,4.006,414.874,6.122
LANDIS,40,BAU,2087,413.491,4.071,417.562,6.161
LANDIS,40,BAU,2088,416.075,4.135,420.21,6.199
LANDIS,40,BAU,2089,418.619,4.2,422.818,6.237
LANDIS,40,BAU,2090,421.121,4.264,425.385,6.275
LANDIS,40,BAU,2091,423.585,4.328,427.913,6.311
LANDIS,40,BAU,2092,426.009,4.392,430.401,6.348
LANDIS,40,BAU,2093,428.393,4.456,432.849,6.383
LANDIS,40,BAU,2094,430.737,4.519,435.257,6.418
LANDIS,40,BAU,2095,433.045,4.582,437.628,6.452
LANDIS,40,BAU,2096,435.317,4.645,439.962,6.486
LANDIS,40,BAU,2097,437.551,4.708,442.259,6.519
LANDIS,40,BAU,2098,439.749,4.77,444.519,6.552
LANDIS,40,BAU,2099,441.91,4.833,446.742,6.584
LANDIS,40,BAU,2100,444.035,4.895,448.93,6.616
LANDIS,40,conservation,2025,177.51,0,177.51,2.645
LANDIS,40,conservation,2026,182.197,0.03,182.226,2.715
LANDIS,40,conservation,2027,186.885,0.058,186.943,2.785
LANDIS,40,conservation,2028,191.576,0.085,191.661,2.854
LANDIS,40,conservation,2029,196.27,0.112,196.382,2.924
LANDIS,40,conservation,2030,200.967,0.138,201.105,2.994
LANDIS,40,conservation,2031,205.667,0.163,205.83,3.064
LANDIS,40,conservation,2032,210.369,0.188,210.557,3.134
LANDIS,40,conservation,2033,215.076,0.213,215.288,3.205
LANDIS,40,conservation,2034,219.785,0.237,220.022,3.275
LANDIS,40,conservation,2035,224.471,0.261,224.732,3.345
LANDIS,40,conservation,2036,229.135,0.285,229.42,3.414
LANDIS,40,conservation,2037,233.776,0.309,234.086,3.483
LANDIS,40,conservation,2038,238.396,0.334,238.729,3.552
LANDIS,40,conservation,2039,242.995,0.358,243.353,3.621
LANDIS,40,conservation,2040,247.573,0.382,247.954,3.689
LANDIS,40,conservation,2041,252.13,0.406,252.536,3.757
LANDIS,40,conservation,2042,256.666,0.43,257.097,3.824
LANDIS,40,conservation,2043,261.183,0.455,261.638,3.892
LANDIS,40,conservation,2044,265.68,0.479,266.159,3.959
LANDIS,40,conservation,2045,270.142,0.503,270.645,4.025
LANDIS,40,conservation,2046,274.569,0.528,275.097,4.091
LANDIS,40,conservation,2047,278.96,0.553,279.512,4.156
LANDIS,40,conservation,2048,283.316,0.577,283.894,4.221
LANDIS,40,conservation,2049,287.639,0.602,288.242,4.286
LANDIS,40,conservation,2050,291.929,0.627,292.556,4.35
LANDIS,40,conservation,2051,296.184,0.652,296.837,4.413
LANDIS,40,conservation,2052,300.407,0.677,301.085,4.476
LANDIS,40,conservation,2053,304.598,0.702,305.3,4.538
LANDIS,40,conservation,2054,308.756,0.728,309.483,4.6
LANDIS,40,conservation,2055,312.873,0.753,313.626,4.662
LANDIS,40,conservation,2056,316.952,0.779,317.73,4.723
LANDIS,40,conservation,2057,320.989,0.804,321.793,4.783
LANDIS,40,conservation,2058,324.989,0.83,325.819,4.842
LANDIS,40,conservation,2059,328.95,0.855,329.805,4.901
LANDIS,40,conservation,2060,332.872,0.881,333.753,4.96
LANDIS,40,conservation,2061,336.756,0.907,337.662,5.018
LANDIS,40,conservation,2062,340.601,0.932,341.533,5.075
LANDIS,40,conservation,2063,344.41,0.958,345.368,5.132
LANDIS,40,conservation,2064,348.181,0.984,349.164,5.188
LANDIS,40,conservation,2065,351.909,1.01,352.919,5.243
LANDIS,40,conservation,2066,355.596,1.036,356.632,5.298
LANDIS,40,conservation,2067,359.241,1.062,360.303,5.353
LANDIS,40,conservation,2068,362.845,1.088,363.932,5.406
LANDIS,40,conservation,2069,366.407,1.114,367.521,5.459
LANDIS,40,conservation,2070,369.93,1.14,371.069,5.512
LANDIS,40,conservation,2071,373.411,1.166,374.576,5.564
LANDIS,40,conservation,2072,376.852,1.191,378.043,5.615
LANDIS,40,conservation,2073,380.253,1.217,381.47,5.666
LANDIS,40,conservation,2074,383.613,1.243,384.857,5.716
LANDIS,40,conservation,2075,386.934,1.269,388.203,5.765
LANDIS,40,conservation,2076,390.213,1.295,391.509,5.814
LANDIS,40,conservation,2077,393.452,1.321,394.773,5.862
LANDIS,40,conservation,2078,396.651,1.347,397.998,5.91
LANDIS,40,conservation,2079,399.81,1.373,401.183,5.957
LANDIS,40,conservation,2080,402.929,1.399,404.328,6.004
LANDIS,40,conservation,2081,406.008,1.425,407.433,6.05
LANDIS,40,conservation,2082,409.048,1.451,410.499,6.095
LANDIS,40,conservation,2083,412.048,1.476,413.525,6.139
LANDIS,40,conservation,2084,415.011,1.502,416.513,6.184
LANDIS,40,conservation,2085,417.933,1.528,419.46,6.227
LANDIS,40,conservation,2086,420.816,1.553,422.369,6.27
LANDIS,40,conservation,2087,423.659,1.579,425.238,6.313
LANDIS,40,conservation,2088,426.463,1.604,428.067,6.354
LANDIS,40,conservation,2089,429.229,1.63,430.859,6.395
LANDIS,40,conservation,2090,431.955,1.655,433.611,6.436
LANDIS,40,conservation,2091,434.644,1.681,436.324,6.476
LANDIS,40,conservation,2092,437.294,1.706,439,6.516
LANDIS,40,conservation,2093,439.906,1.731,441.637,6.555
LANDIS,40,conservation,2094,442.479,1.756,444.235,6.593
LANDIS,40,conservation,2095,445.016,1.781,446.798,6.631
LANDIS,40,conservation,2096,447.518,1.806,449.325,6.668
LANDIS,40,conservation,2097,449.985,1.831,451.816,6.705
LANDIS,40,conservation,2098,452.416,1.856,454.272,6.741
LANDIS,40,conservation,2099,454.812,1.88,456.692,6.777
LANDIS,40,conservation,2100,457.172,1.905,459.077,6.812
LANDIS,40,intensive,2025,177.51,0,177.51,2.645
LANDIS,40,intensive,2026,181.882,0.187,182.069,2.71
LANDIS,40,intensive,2027,186.247,0.366,186.613,2.775
LANDIS,40,intensive,2028,190.609,0.537,191.146,2.84
LANDIS,40,intensive,2029,194.965,0.703,195.668,2.905
LANDIS,40,intensive,2030,199.317,0.864,200.181,2.97
LANDIS,40,intensive,2031,203.664,1.022,204.686,3.035
LANDIS,40,intensive,2032,208.006,1.177,209.182,3.099
LANDIS,40,intensive,2033,212.344,1.33,213.674,3.164
LANDIS,40,intensive,2034,216.677,1.481,218.158,3.228
LANDIS,40,intensive,2035,220.981,1.631,222.612,3.293
LANDIS,40,intensive,2036,225.254,1.78,227.034,3.356
LANDIS,40,intensive,2037,229.497,1.929,231.426,3.419
LANDIS,40,intensive,2038,233.711,2.077,235.788,3.482
LANDIS,40,intensive,2039,237.898,2.225,240.123,3.545
LANDIS,40,intensive,2040,242.055,2.373,244.428,3.607
LANDIS,40,intensive,2041,246.185,2.521,248.706,3.668
LANDIS,40,intensive,2042,250.287,2.669,252.956,3.729
LANDIS,40,intensive,2043,254.362,2.818,257.18,3.79
LANDIS,40,intensive,2044,258.41,2.966,261.376,3.85
LANDIS,40,intensive,2045,262.416,3.115,265.532,3.91
LANDIS,40,intensive,2046,266.38,3.264,269.645,3.969
LANDIS,40,intensive,2047,270.302,3.414,273.716,4.027
LANDIS,40,intensive,2048,274.182,3.564,277.746,4.085
LANDIS,40,intensive,2049,278.022,3.714,281.736,4.143
LANDIS,40,intensive,2050,281.822,3.864,285.686,4.199
LANDIS,40,intensive,2051,285.581,4.015,289.596,4.255
LANDIS,40,intensive,2052,289.301,4.166,293.467,4.311
LANDIS,40,intensive,2053,292.982,4.317,297.299,4.365
LANDIS,40,intensive,2054,296.624,4.469,301.093,4.42
LANDIS,40,intensive,2055,300.22,4.621,304.841,4.473
LANDIS,40,intensive,2056,303.77,4.772,308.543,4.526
LANDIS,40,intensive,2057,307.274,4.925,312.198,4.578
LANDIS,40,intensive,2058,310.733,5.077,315.81,4.63
LANDIS,40,intensive,2059,314.148,5.229,319.377,4.681
LANDIS,40,intensive,2060,317.518,5.381,322.899,4.731
LANDIS,40,intensive,2061,320.843,5.534,326.377,4.781
LANDIS,40,intensive,2062,324.125,5.686,329.811,4.829
LANDIS,40,intensive,2063,327.365,5.839,333.204,4.878
LANDIS,40,intensive,2064,330.561,5.991,336.552,4.925
LANDIS,40,intensive,2065,333.709,6.143,339.852,4.972
LANDIS,40,intensive,2066,336.81,6.296,343.106,5.018
LANDIS,40,intensive,2067,339.864,6.448,346.312,5.064
LANDIS,40,intensive,2068,342.872,6.6,349.472,5.109
LANDIS,40,intensive,2069,345.833,6.752,352.585,5.153
LANDIS,40,intensive,2070,348.749,6.903,355.653,5.196
LANDIS,40,intensive,2071,351.619,7.055,358.674,5.239
LANDIS,40,intensive,2072,354.444,7.206,361.65,5.281
LANDIS,40,intensive,2073,357.224,7.357,364.581,5.323
LANDIS,40,intensive,2074,359.959,7.507,367.466,5.363
LANDIS,40,intensive,2075,362.649,7.658,370.307,5.403
LANDIS,40,intensive,2076,365.293,7.808,373.101,5.443
LANDIS,40,intensive,2077,367.892,7.957,375.85,5.482
LANDIS,40,intensive,2078,370.448,8.106,378.554,5.52
LANDIS,40,intensive,2079,372.959,8.255,381.214,5.557
LANDIS,40,intensive,2080,375.426,8.403,383.829,5.594
LANDIS,40,intensive,2081,377.848,8.551,386.4,5.63
LANDIS,40,intensive,2082,380.228,8.699,388.926,5.665
LANDIS,40,intensive,2083,382.563,8.845,391.409,5.7
LANDIS,40,intensive,2084,384.857,8.992,393.849,5.734
LANDIS,40,intensive,2085,387.107,9.138,396.244,5.768
LANDIS,40,intensive,2086,389.314,9.283,398.596,5.801
LANDIS,40,intensive,2087,391.477,9.427,400.904,5.833
LANDIS,40,intensive,2088,393.598,9.571,403.169,5.865
LANDIS,40,intensive,2089,395.677,9.715,405.392,5.896
LANDIS,40,intensive,2090,397.713,9.858,407.571,5.926
LANDIS,40,intensive,2091,399.708,10,409.707,5.956
LANDIS,40,intensive,2092,401.661,10.141,411.802,5.985
LANDIS,40,intensive,2093,403.572,10.282,413.854,6.013
LANDIS,40,intensive,2094,405.442,10.422,415.864,6.041
LANDIS,40,intensive,2095,407.273,10.561,417.834,6.068
LANDIS,40,intensive,2096,409.065,10.7,419.765,6.095
LANDIS,40,intensive,2097,410.819,10.838,421.657,6.121
LANDIS,40,intensive,2098,412.535,10.975,423.51,6.147
LANDIS,40,intensive,2099,414.212,11.111,425.324,6.172
LANDIS,40,intensive,2100,415.852,11.247,427.099,6.196
LANDIS,41,reserve,2025,1022.66,0,1022.66,8.999
LANDIS,41,reserve,2026,1028.151,0,1028.151,9.048
LANDIS,41,reserve,2027,1033.53,0,1033.53,9.095
LANDIS,41,reserve,2028,1038.8,0,1038.8,9.141
LANDIS,41,reserve,2029,1043.955,0,1043.955,9.187
LANDIS,41,reserve,2030,1049.002,0,1049.002,9.231
LANDIS,41,reserve,2031,1053.942,0,1053.942,9.275
LANDIS,41,reserve,2032,1058.778,0,1058.778,9.317
LANDIS,41,reserve,2033,1063.514,0,1063.514,9.359
LANDIS,41,reserve,2034,1068.153,0,1068.153,9.4
LANDIS,41,reserve,2035,1072.723,0,1072.723,9.44
LANDIS,41,reserve,2036,1077.22,0,1077.22,9.48
LANDIS,41,reserve,2037,1081.646,0,1081.646,9.518
LANDIS,41,reserve,2038,1086.001,0,1086.001,9.557
LANDIS,41,reserve,2039,1090.29,0,1090.29,9.595
LANDIS,41,reserve,2040,1094.514,0,1094.514,9.632
LANDIS,41,reserve,2041,1098.672,0,1098.672,9.668
LANDIS,41,reserve,2042,1102.764,0,1102.764,9.704
LANDIS,41,reserve,2043,1106.791,0,1106.791,9.74
LANDIS,41,reserve,2044,1110.753,0,1110.753,9.775
LANDIS,41,reserve,2045,1114.649,0,1114.649,9.809
LANDIS,41,reserve,2046,1118.477,0,1118.477,9.843
LANDIS,41,reserve,2047,1122.236,0,1122.236,9.876
LANDIS,41,reserve,2048,1125.927,0,1125.927,9.908
LANDIS,41,reserve,2049,1129.553,0,1129.553,9.94
LANDIS,41,reserve,2050,1133.113,0,1133.113,9.971
LANDIS,41,reserve,2051,1136.607,0,1136.607,10.002
LANDIS,41,reserve,2052,1140.035,0,1140.035,10.032
LANDIS,41,reserve,2053,1143.397,0,1143.397,10.062
LANDIS,41,reserve,2054,1146.693,0,1146.693,10.091
LANDIS,41,reserve,2055,1149.933,0,1149.933,10.119
LANDIS,41,reserve,2056,1153.119,0,1153.119,10.147
LANDIS,41,reserve,2057,1156.251,0,1156.251,10.175
LANDIS,41,reserve,2058,1159.329,0,1159.329,10.202
LANDIS,41,reserve,2059,1162.353,0,1162.353,10.229
LANDIS,41,reserve,2060,1165.323,0,1165.323,10.255
LANDIS,41,reserve,2061,1168.238,0,1168.238,10.28
LANDIS,41,reserve,2062,1171.1,0,1171.1,10.306
LANDIS,41,reserve,2063,1173.906,0,1173.906,10.33
LANDIS,41,reserve,2064,1176.659,0,1176.659,10.355
LANDIS,41,reserve,2065,1179.366,0,1179.366,10.378
LANDIS,41,reserve,2066,1182.027,0,1182.027,10.402
LANDIS,41,reserve,2067,1184.642,0,1184.642,10.425
LANDIS,41,reserve,2068,1187.212,0,1187.212,10.447
LANDIS,41,reserve,2069,1189.736,0,1189.736,10.47
LANDIS,41,reserve,2070,1192.214,0,1192.214,10.491
LANDIS,41,reserve,2071,1194.646,0,1194.646,10.513
LANDIS,41,reserve,2072,1197.033,0,1197.033,10.534
LANDIS,41,reserve,2073,1199.373,0,1199.373,10.554
LANDIS,41,reserve,2074,1201.668,0,1201.668,10.575
LANDIS,41,reserve,2075,1203.922,0,1203.922,10.594
LANDIS,41,reserve,2076,1206.136,0,1206.136,10.614
LANDIS,41,reserve,2077,1208.31,0,1208.31,10.633
LANDIS,41,reserve,2078,1210.444,0,1210.444,10.652
LANDIS,41,reserve,2079,1212.537,0,1212.537,10.67
LANDIS,41,reserve,2080,1214.59,0,1214.59,10.688
LANDIS,41,reserve,2081,1216.603,0,1216.603,10.706
LANDIS,41,reserve,2082,1218.576,0,1218.576,10.723
LANDIS,41,reserve,2083,1220.508,0,1220.508,10.74
LANDIS,41,reserve,2084,1222.4,0,1222.4,10.757
LANDIS,41,reserve,2085,1224.259,0,1224.259,10.773
LANDIS,41,reserve,2086,1226.086,0,1226.086,10.79
LANDIS,41,reserve,2087,1227.881,0,1227.881,10.805
LANDIS,41,reserve,2088,1229.643,0,1229.643,10.821
LANDIS,41,reserve,2089,1231.373,0,1231.373,10.836
LANDIS,41,reserve,2090,1233.07,0,1233.07,10.851
LANDIS,41,reserve,2091,1234.735,0,1234.735,10.866
LANDIS,41,reserve,2092,1236.367,0,1236.367,10.88
LANDIS,41,reserve,2093,1237.967,0,1237.967,10.894
LANDIS,41,reserve,2094,1239.534,0,1239.534,10.908
LANDIS,41,reserve,2095,1241.073,0,1241.073,10.921
LANDIS,41,reserve,2096,1242.582,0,1242.582,10.935
LANDIS,41,reserve,2097,1244.062,0,1244.062,10.948
LANDIS,41,reserve,2098,1245.513,0,1245.513,10.96
LANDIS,41,reserve,2099,1246.935,0,1246.935,10.973
LANDIS,41,reserve,2100,1248.327,0,1248.327,10.985
LANDIS,41,BAU,2025,1022.66,0,1022.66,8.999
LANDIS,41,BAU,2026,1028.13,0.01,1028.141,9.048
LANDIS,41,BAU,2027,1033.489,0.02,1033.509,9.095
LANDIS,41,BAU,2028,1038.738,0.029,1038.767,9.141
LANDIS,41,BAU,2029,1043.872,0.037,1043.91,9.186
LANDIS,41,BAU,2030,1048.898,0.046,1048.944,9.23
LANDIS,41,BAU,2031,1053.817,0.053,1053.87,9.274
LANDIS,41,BAU,2032,1058.632,0.061,1058.693,9.316
LANDIS,41,BAU,2033,1063.347,0.068,1063.415,9.357
LANDIS,41,BAU,2034,1067.964,0.075,1068.039,9.398
LANDIS,41,BAU,2035,1072.513,0.082,1072.595,9.438
LANDIS,41,BAU,2036,1076.988,0.089,1077.077,9.477
LANDIS,41,BAU,2037,1081.393,0.095,1081.488,9.516
LANDIS,41,BAU,2038,1085.726,0.101,1085.827,9.554
LANDIS,41,BAU,2039,1089.993,0.108,1090.101,9.592
LANDIS,41,BAU,2040,1094.195,0.114,1094.309,9.629
LANDIS,41,BAU,2041,1098.331,0.12,1098.451,9.665
LANDIS,41,BAU,2042,1102.401,0.126,1102.527,9.701
LANDIS,41,BAU,2043,1106.406,0.131,1106.537,9.736
LANDIS,41,BAU,2044,1110.346,0.137,1110.483,9.771
LANDIS,41,BAU,2045,1114.219,0.143,1114.362,9.805
LANDIS,41,BAU,2046,1118.025,0.148,1118.173,9.839
LANDIS,41,BAU,2047,1121.761,0.154,1121.915,9.871
LANDIS,41,BAU,2048,1125.43,0.159,1125.589,9.904
LANDIS,41,BAU,2049,1129.033,0.165,1129.198,9.935
LANDIS,41,BAU,2050,1132.571,0.17,1132.74,9.967
LANDIS,41,BAU,2051,1136.042,0.175,1136.217,9.997
LANDIS,41,BAU,2052,1139.447,0.18,1139.627,10.027
LANDIS,41,BAU,2053,1142.786,0.185,1142.971,10.056
LANDIS,41,BAU,2054,1146.059,0.19,1146.249,10.085
LANDIS,41,BAU,2055,1149.276,0.195,1149.471,10.114
LANDIS,41,BAU,2056,1152.439,0.2,1152.639,10.141
LANDIS,41,BAU,2057,1155.548,0.205,1155.753,10.169
LANDIS,41,BAU,2058,1158.603,0.21,1158.813,10.196
LANDIS,41,BAU,2059,1161.603,0.215,1161.818,10.222
LANDIS,41,BAU,2060,1164.55,0.22,1164.769,10.248
LANDIS,41,BAU,2061,1167.442,0.224,1167.666,10.273
LANDIS,41,BAU,2062,1170.28,0.229,1170.509,10.298
LANDIS,41,BAU,2063,1173.063,0.233,1173.296,10.323
LANDIS,41,BAU,2064,1175.792,0.238,1176.03,10.347
LANDIS,41,BAU,2065,1178.475,0.242,1178.718,10.371
LANDIS,41,BAU,2066,1181.113,0.247,1181.36,10.394
LANDIS,41,BAU,2067,1183.704,0.251,1183.955,10.417
LANDIS,41,BAU,2068,1186.25,0.256,1186.506,10.439
LANDIS,41,BAU,2069,1188.75,0.26,1189.01,10.461
LANDIS,41,BAU,2070,1191.204,0.264,1191.469,10.483
LANDIS,41,BAU,2071,1193.612,0.268,1193.881,10.504
LANDIS,41,BAU,2072,1195.975,0.272,1196.248,10.525
LANDIS,41,BAU,2073,1198.291,0.277,1198.568,10.545
LANDIS,41,BAU,2074,1200.562,0.281,1200.843,10.565
LANDIS,41,BAU,2075,1202.792,0.285,1203.077,10.585
LANDIS,41,BAU,2076,1204.982,0.289,1205.271,10.604
LANDIS,41,BAU,2077,1207.132,0.293,1207.424,10.623
LANDIS,41,BAU,2078,1209.242,0.297,1209.538,10.641
LANDIS,41,BAU,2079,1211.31,0.3,1211.611,10.66
LANDIS,41,BAU,2080,1213.339,0.304,1213.643,10.677
LANDIS,41,BAU,2081,1215.327,0.308,1215.635,10.695
LANDIS,41,BAU,2082,1217.276,0.312,1217.588,10.712
LANDIS,41,BAU,2083,1219.184,0.315,1219.499,10.729
LANDIS,41,BAU,2084,1221.051,0.319,1221.37,10.745
LANDIS,41,BAU,2085,1222.886,0.323,1223.208,10.761
LANDIS,41,BAU,2086,1224.688,0.326,1225.014,10.777
LANDIS,41,BAU,2087,1226.458,0.33,1226.788,10.793
LANDIS,41,BAU,2088,1228.196,0.333,1228.529,10.808
LANDIS,41,BAU,2089,1229.901,0.337,1230.238,10.823
LANDIS,41,BAU,2090,1231.573,0.34,1231.914,10.838
LANDIS,41,BAU,2091,1233.214,0.344,1233.557,10.852
LANDIS,41,BAU,2092,1234.821,0.347,1235.168,10.866
LANDIS,41,BAU,2093,1236.396,0.35,1236.746,10.88
LANDIS,41,BAU,2094,1237.938,0.354,1238.292,10.894
LANDIS,41,BAU,2095,1239.452,0.357,1239.809,10.907
LANDIS,41,BAU,2096,1240.936,0.36,1241.296,10.92
LANDIS,41,BAU,2097,1242.391,0.363,1242.755,10.933
LANDIS,41,BAU,2098,1243.817,0.367,1244.184,10.946
LANDIS,41,BAU,2099,1245.214,0.37,1245.584,10.958
LANDIS,41,BAU,2100,1246.581,0.373,1246.954,10.97
LANDIS,41,conservation,2025,1022.66,0,1022.66,8.999
LANDIS,41,conservation,2026,1028.143,0.004,1028.147,9.048
LANDIS,41,conservation,2027,1033.513,0.008,1033.521,9.095
LANDIS,41,conservation,2028,1038.775,0.012,1038.787,9.141
LANDIS,41,conservation,2029,1043.922,0.015,1043.937,9.186
LANDIS,41,conservation,2030,1048.96,0.018,1048.979,9.231
LANDIS,41,conservation,2031,1053.892,0.022,1053.913,9.274
LANDIS,41,conservation,2032,1058.719,0.025,1058.744,9.317
LANDIS,41,conservation,2033,1063.447,0.027,1063.474,9.358
LANDIS,41,conservation,2034,1068.077,0.03,1068.107,9.399
LANDIS,41,conservation,2035,1072.638,0.033,1072.671,9.439
LANDIS,41,conservation,2036,1077.127,0.036,1077.162,9.479
LANDIS,41,conservation,2037,1081.544,0.038,1081.582,9.518
LANDIS,41,conservation,2038,1085.89,0.041,1085.931,9.556
LANDIS,41,conservation,2039,1090.17,0.043,1090.214,9.593
LANDIS,41,conservation,2040,1094.385,0.046,1094.431,9.631
LANDIS,41,conservation,2041,1098.535,0.048,1098.583,9.667
LANDIS,41,conservation,2042,1102.618,0.051,1102.668,9.703
LANDIS,41,conservation,2043,1106.636,0.053,1106.689,9.738
LANDIS,41,conservation,2044,1110.589,0.055,1110.644,9.773
LANDIS,41,conservation,2045,1114.476,0.058,1114.533,9.807
LANDIS,41,conservation,2046,1118.295,0.06,1118.355,9.841
LANDIS,41,conservation,2047,1122.045,0.062,1122.107,9.874
LANDIS,41,conservation,2048,1125.727,0.064,1125.791,9.906
LANDIS,41,conservation,2049,1129.344,0.066,1129.41,9.938
LANDIS,41,conservation,2050,1132.894,0.068,1132.963,9.969
LANDIS,41,conservation,2051,1136.379,0.071,1136.45,10
LANDIS,41,conservation,2052,1139.798,0.073,1139.871,10.03
LANDIS,41,conservation,2053,1143.151,0.075,1143.225,10.06
LANDIS,41,conservation,2054,1146.438,0.077,1146.514,10.089
LANDIS,41,conservation,2055,1149.668,0.079,1149.747,10.117
LANDIS,41,conservation,2056,1152.845,0.081,1152.926,10.145
LANDIS,41,conservation,2057,1155.968,0.083,1156.05,10.172
LANDIS,41,conservation,2058,1159.036,0.085,1159.121,10.199
LANDIS,41,conservation,2059,1162.051,0.087,1162.137,10.226
LANDIS,41,conservation,2060,1165.011,0.088,1165.1,10.252
LANDIS,41,conservation,2061,1167.917,0.09,1168.007,10.278
LANDIS,41,conservation,2062,1170.77,0.092,1170.862,10.303
LANDIS,41,conservation,2063,1173.566,0.094,1173.66,10.327
LANDIS,41,conservation,2064,1176.31,0.096,1176.405,10.352
LANDIS,41,conservation,2065,1179.007,0.098,1179.105,10.375
LANDIS,41,conservation,2066,1181.658,0.1,1181.758,10.399
LANDIS,41,conservation,2067,1184.264,0.101,1184.365,10.421
LANDIS,41,conservation,2068,1186.824,0.103,1186.927,10.444
LANDIS,41,conservation,2069,1189.339,0.105,1189.443,10.466
LANDIS,41,conservation,2070,1191.807,0.106,1191.914,10.488
LANDIS,41,conservation,2071,1194.229,0.108,1194.338,10.509
LANDIS,41,conservation,2072,1196.607,0.11,1196.717,10.53
LANDIS,41,conservation,2073,1198.937,0.112,1199.049,10.551
LANDIS,41,conservation,2074,1201.222,0.113,1201.335,10.571
LANDIS,41,conservation,2075,1203.467,0.115,1203.581,10.59
LANDIS,41,conservation,2076,1205.671,0.116,1205.787,10.61
LANDIS,41,conservation,2077,1207.835,0.118,1207.953,10.629
LANDIS,41,conservation,2078,1209.959,0.12,1210.079,10.648
LANDIS,41,conservation,2079,1212.042,0.121,1212.164,10.666
LANDIS,41,conservation,2080,1214.086,0.123,1214.208,10.684
LANDIS,41,conservation,2081,1216.089,0.124,1216.213,10.702
LANDIS,41,conservation,2082,1218.052,0.126,1218.178,10.719
LANDIS,41,conservation,2083,1219.974,0.127,1220.101,10.736
LANDIS,41,conservation,2084,1221.856,0.129,1221.985,10.752
LANDIS,41,conservation,2085,1223.705,0.13,1223.835,10.769
LANDIS,41,conservation,2086,1225.522,0.132,1225.654,10.785
LANDIS,41,conservation,2087,1227.307,0.133,1227.44,10.8
LANDIS,41,conservation,2088,1229.06,0.134,1229.194,10.816
LANDIS,41,conservation,2089,1230.78,0.136,1230.915,10.831
LANDIS,41,conservation,2090,1232.467,0.137,1232.604,10.846
LANDIS,41,conservation,2091,1234.122,0.139,1234.26,10.86
LANDIS,41,conservation,2092,1235.744,0.14,1235.884,10.875
LANDIS,41,conservation,2093,1237.334,0.141,1237.475,10.889
LANDIS,41,conservation,2094,1238.891,0.143,1239.033,10.902
LANDIS,41,conservation,2095,1240.42,0.144,1240.563,10.916
LANDIS,41,conservation,2096,1241.919,0.145,1242.064,10.929
LANDIS,41,conservation,2097,1243.388,0.146,1243.535,10.942
LANDIS,41,conservation,2098,1244.829,0.148,1244.977,10.954
LANDIS,41,conservation,2099,1246.241,0.149,1246.39,10.967
LANDIS,41,conservation,2100,1247.623,0.15,1247.773,10.979
LANDIS,41,intensive,2025,1022.66,0,1022.66,8.999
LANDIS,41,intensive,2026,1028.099,0.026,1028.125,9.047
LANDIS,41,intensive,2027,1033.425,0.05,1033.476,9.094
LANDIS,41,intensive,2028,1038.643,0.073,1038.716,9.14
LANDIS,41,intensive,2029,1043.745,0.095,1043.84,9.185
LANDIS,41,intensive,2030,1048.739,0.116,1048.854,9.229
LANDIS,41,intensive,2031,1053.625,0.135,1053.76,9.272
LANDIS,41,intensive,2032,1058.407,0.154,1058.562,9.314
LANDIS,41,intensive,2033,1063.089,0.173,1063.262,9.355
LANDIS,41,intensive,2034,1067.674,0.191,1067.865,9.396
LANDIS,41,intensive,2035,1072.19,0.208,1072.397,9.435
LANDIS,41,intensive,2036,1076.632,0.225,1076.857,9.474
LANDIS,41,intensive,2037,1081.003,0.241,1081.244,9.513
LANDIS,41,intensive,2038,1085.303,0.257,1085.56,9.551
LANDIS,41,intensive,2039,1089.537,0.273,1089.809,9.588
LANDIS,41,intensive,2040,1093.705,0.288,1093.993,9.625
LANDIS,41,intensive,2041,1097.807,0.303,1098.111,9.661
LANDIS,41,intensive,2042,1101.843,0.318,1102.162,9.696
LANDIS,41,intensive,2043,1105.814,0.333,1106.147,9.731
LANDIS,41,intensive,2044,1109.72,0.348,1110.067,9.766
LANDIS,41,intensive,2045,1113.559,0.362,1113.921,9.799
LANDIS,41,intensive,2046,1117.33,0.376,1117.706,9.832
LANDIS,41,intensive,2047,1121.032,0.39,1121.422,9.865
LANDIS,41,intensive,2048,1124.666,0.404,1125.07,9.897
LANDIS,41,intensive,2049,1128.235,0.417,1128.652,9.928
LANDIS,41,intensive,2050,1131.737,0.431,1132.168,9.959
LANDIS,41,intensive,2051,1135.173,0.444,1135.617,9.989
LANDIS,41,intensive,2052,1138.544,0.457,1139.001,10.019
LANDIS,41,intensive,2053,1141.848,0.47,1142.318,10.048
LANDIS,41,intensive,2054,1145.085,0.483,1145.568,10.077
LANDIS,41,intensive,2055,1148.267,0.495,1148.762,10.105
LANDIS,41,intensive,2056,1151.394,0.508,1151.902,10.132
LANDIS,41,intensive,2057,1154.468,0.52,1154.988,10.159
LANDIS,41,intensive,2058,1157.487,0.533,1158.019,10.186
LANDIS,41,intensive,2059,1160.452,0.545,1160.996,10.212
LANDIS,41,intensive,2060,1163.363,0.557,1163.919,10.238
LANDIS,41,intensive,2061,1166.218,0.569,1166.787,10.263
LANDIS,41,intensive,2062,1169.021,0.58,1169.601,10.287
LANDIS,41,intensive,2063,1171.767,0.592,1172.359,10.312
LANDIS,41,intensive,2064,1174.46,0.603,1175.064,10.335
LANDIS,41,intensive,2065,1177.107,0.615,1177.722,10.359
LANDIS,41,intensive,2066,1179.708,0.626,1180.334,10.381
LANDIS,41,intensive,2067,1182.263,0.637,1182.9,10.404
LANDIS,41,intensive,2068,1184.773,0.648,1185.421,10.426
LANDIS,41,intensive,2069,1187.237,0.659,1187.895,10.448
LANDIS,41,intensive,2070,1189.654,0.67,1190.324,10.469
LANDIS,41,intensive,2071,1192.025,0.68,1192.706,10.49
LANDIS,41,intensive,2072,1194.351,0.691,1195.042,10.51
LANDIS,41,intensive,2073,1196.631,0.701,1197.332,10.53
LANDIS,41,intensive,2074,1198.865,0.712,1199.576,10.55
LANDIS,41,intensive,2075,1201.057,0.722,1201.779,10.569
LANDIS,41,intensive,2076,1203.21,0.732,1203.942,10.588
LANDIS,41,intensive,2077,1205.323,0.742,1206.065,10.607
LANDIS,41,intensive,2078,1207.395,0.752,1208.147,10.625
LANDIS,41,intensive,2079,1209.427,0.761,1210.188,10.643
LANDIS,41,intensive,2080,1211.418,0.771,1212.189,10.66
LANDIS,41,intensive,2081,1213.369,0.781,1214.15,10.678
LANDIS,41,intensive,2082,1215.28,0.79,1216.071,10.694
LANDIS,41,intensive,2083,1217.15,0.8,1217.95,10.711
LANDIS,41,intensive,2084,1218.98,0.809,1219.789,10.727
LANDIS,41,intensive,2085,1220.777,0.818,1221.595,10.743
LANDIS,41,intensive,2086,1222.542,0.827,1223.369,10.758
LANDIS,41,intensive,2087,1224.275,0.836,1225.111,10.774
LANDIS,41,intensive,2088,1225.974,0.845,1226.819,10.789
LANDIS,41,intensive,2089,1227.642,0.854,1228.495,10.803
LANDIS,41,intensive,2090,1229.276,0.862,1230.138,10.818
LANDIS,41,intensive,2091,1230.878,0.871,1231.749,10.832
LANDIS,41,intensive,2092,1232.448,0.88,1233.327,10.846
LANDIS,41,intensive,2093,1233.985,0.888,1234.873,10.859
LANDIS,41,intensive,2094,1235.489,0.896,1236.385,10.872
LANDIS,41,intensive,2095,1236.965,0.905,1237.869,10.885
LANDIS,41,intensive,2096,1238.411,0.913,1239.323,10.898
LANDIS,41,intensive,2097,1239.827,0.921,1240.748,10.91
LANDIS,41,intensive,2098,1241.215,0.929,1242.144,10.923
LANDIS,41,intensive,2099,1242.574,0.937,1243.511,10.935
LANDIS,41,intensive,2100,1243.903,0.944,1244.847,10.946
LANDIS,42,reserve,2025,551.02,0,551.02,6.006
LANDIS,42,reserve,2026,566.293,0,566.293,6.173
LANDIS,42,reserve,2027,581.607,0,581.607,6.34
LANDIS,42,reserve,2028,596.962,0,596.962,6.507
LANDIS,42,reserve,2029,612.36,0,612.36,6.675
LANDIS,42,reserve,2030,627.8,0,627.8,6.843
LANDIS,42,reserve,2031,643.283,0,643.283,7.012
LANDIS,42,reserve,2032,658.81,0,658.81,7.181
LANDIS,42,reserve,2033,674.381,0,674.381,7.351
LANDIS,42,reserve,2034,689.996,0,689.996,7.521
LANDIS,42,reserve,2035,705.566,0,705.566,7.691
LANDIS,42,reserve,2036,721.093,0,721.093,7.86
LANDIS,42,reserve,2037,736.578,0,736.578,8.029
LANDIS,42,reserve,2038,752.021,0,752.021,8.197
LANDIS,42,reserve,2039,767.424,0,767.424,8.365
LANDIS,42,reserve,2040,782.787,0,782.787,8.532
LANDIS,42,reserve,2041,798.111,0,798.111,8.699
LANDIS,42,reserve,2042,813.398,0,813.398,8.866
LANDIS,42,reserve,2043,828.647,0,828.647,9.032
LANDIS,42,reserve,2044,843.859,0,843.859,9.198
LANDIS,42,reserve,2045,858.979,0,858.979,9.363
LANDIS,42,reserve,2046,874.007,0,874.007,9.527
LANDIS,42,reserve,2047,888.945,0,888.945,9.69
LANDIS,42,reserve,2048,903.792,0,903.792,9.851
LANDIS,42,reserve,2049,918.551,0,918.551,10.012
LANDIS,42,reserve,2050,933.222,0,933.222,10.172
LANDIS,42,reserve,2051,947.805,0,947.805,10.331
LANDIS,42,reserve,2052,962.303,0,962.303,10.489
LANDIS,42,reserve,2053,976.714,0,976.714,10.646
LANDIS,42,reserve,2054,991.041,0,991.041,10.802
LANDIS,42,reserve,2055,1005.252,0,1005.252,10.957
LANDIS,42,reserve,2056,1019.346,0,1019.346,11.111
LANDIS,42,reserve,2057,1033.326,0,1033.326,11.263
LANDIS,42,reserve,2058,1047.191,0,1047.191,11.414
LANDIS,42,reserve,2059,1060.943,0,1060.943,11.564
LANDIS,42,reserve,2060,1074.583,0,1074.583,11.713
LANDIS,42,reserve,2061,1088.11,0,1088.11,11.86
LANDIS,42,reserve,2062,1101.526,0,1101.526,12.007
LANDIS,42,reserve,2063,1114.831,0,1114.831,12.152
LANDIS,42,reserve,2064,1128.027,0,1128.027,12.296
LANDIS,42,reserve,2065,1141.095,0,1141.095,12.438
LANDIS,42,reserve,2066,1154.037,0,1154.037,12.579
LANDIS,42,reserve,2067,1166.852,0,1166.852,12.719
LANDIS,42,reserve,2068,1179.543,0,1179.543,12.857
LANDIS,42,reserve,2069,1192.108,0,1192.108,12.994
LANDIS,42,reserve,2070,1204.549,0,1204.549,13.13
LANDIS,42,reserve,2071,1216.867,0,1216.867,13.264
LANDIS,42,reserve,2072,1229.061,0,1229.061,13.397
LANDIS,42,reserve,2073,1241.133,0,1241.133,13.528
LANDIS,42,reserve,2074,1253.083,0,1253.083,13.659
LANDIS,42,reserve,2075,1264.904,0,1264.904,13.787
LANDIS,42,reserve,2076,1276.599,0,1276.599,13.915
LANDIS,42,reserve,2077,1288.167,0,1288.167,14.041
LANDIS,42,reserve,2078,1299.608,0,1299.608,14.166
LANDIS,42,reserve,2079,1310.923,0,1310.923,14.289
LANDIS,42,reserve,2080,1322.113,0,1322.113,14.411
LANDIS,42,reserve,2081,1333.178,0,1333.178,14.532
LANDIS,42,reserve,2082,1344.117,0,1344.117,14.651
LANDIS,42,reserve,2083,1354.933,0,1354.933,14.769
LANDIS,42,reserve,2084,1365.624,0,1365.624,14.885
LANDIS,42,reserve,2085,1376.192,0,1376.192,15.001
LANDIS,42,reserve,2086,1386.635,0,1386.635,15.114
LANDIS,42,reserve,2087,1396.956,0,1396.956,15.227
LANDIS,42,reserve,2088,1407.153,0,1407.153,15.338
LANDIS,42,reserve,2089,1417.228,0,1417.228,15.448
LANDIS,42,reserve,2090,1427.18,0,1427.18,15.556
LANDIS,42,reserve,2091,1437.01,0,1437.01,15.663
LANDIS,42,reserve,2092,1446.718,0,1446.718,15.769
LANDIS,42,reserve,2093,1456.304,0,1456.304,15.874
LANDIS,42,reserve,2094,1465.77,0,1465.77,15.977
LANDIS,42,reserve,2095,1475.119,0,1475.119,16.079
LANDIS,42,reserve,2096,1484.354,0,1484.354,16.179
LANDIS,42,reserve,2097,1493.474,0,1493.474,16.279
LANDIS,42,reserve,2098,1502.479,0,1502.479,16.377
LANDIS,42,reserve,2099,1511.37,0,1511.37,16.474
LANDIS,42,reserve,2100,1520.146,0,1520.146,16.57
LANDIS,42,BAU,2025,551.02,0,551.02,6.006
LANDIS,42,BAU,2026,565.754,0.269,566.024,6.167
LANDIS,42,BAU,2027,580.515,0.527,581.042,6.328
LANDIS,42,BAU,2028,595.303,0.775,596.077,6.489
LANDIS,42,BAU,2029,610.119,1.015,611.134,6.65
LANDIS,42,BAU,2030,624.962,1.249,626.212,6.812
LANDIS,42,BAU,2031,639.835,1.479,641.314,6.974
LANDIS,42,BAU,2032,654.736,1.706,656.442,7.137
LANDIS,42,BAU,2033,669.667,1.929,671.596,7.299
LANDIS,42,BAU,2034,684.627,2.151,686.779,7.462
LANDIS,42,BAU,2035,699.528,2.372,701.9,7.625
LANDIS,42,BAU,2036,714.371,2.592,716.963,7.787
LANDIS,42,BAU,2037,729.158,2.812,731.97,7.948
LANDIS,42,BAU,2038,743.888,3.031,746.919,8.108
LANDIS,42,BAU,2039,758.564,3.251,761.815,8.268
LANDIS,42,BAU,2040,773.185,3.471,776.657,8.428
LANDIS,42,BAU,2041,787.754,3.692,791.446,8.587
LANDIS,42,BAU,2042,802.271,3.914,806.184,8.745
LANDIS,42,BAU,2043,816.735,4.136,820.871,8.902
LANDIS,42,BAU,2044,831.149,4.359,835.508,9.06
LANDIS,42,BAU,2045,845.456,4.583,850.04,9.215
LANDIS,42,BAU,2046,859.658,4.808,864.466,9.37
LANDIS,42,BAU,2047,873.756,5.034,878.79,9.524
LANDIS,42,BAU,2048,887.748,5.261,893.01,9.676
LANDIS,42,BAU,2049,901.64,5.489,907.129,9.828
LANDIS,42,BAU,2050,915.429,5.718,921.147,9.978
LANDIS,42,BAU,2051,929.117,5.948,935.065,10.127
LANDIS,42,BAU,2052,942.707,6.178,948.886,10.276
LANDIS,42,BAU,2053,956.197,6.41,962.607,10.423
LANDIS,42,BAU,2054,969.589,6.642,976.231,10.569
LANDIS,42,BAU,2055,982.852,6.875,989.727,10.713
LANDIS,42,BAU,2056,995.985,7.109,1003.095,10.856
LANDIS,42,BAU,2057,1008.992,7.344,1016.336,10.998
LANDIS,42,BAU,2058,1021.87,7.579,1029.45,11.138
LANDIS,42,BAU,2059,1034.623,7.815,1042.439,11.277
LANDIS,42,BAU,2060,1047.252,8.052,1055.304,11.415
LANDIS,42,BAU,2061,1059.755,8.289,1068.044,11.551
LANDIS,42,BAU,2062,1072.135,8.526,1080.662,11.686
LANDIS,42,BAU,2063,1084.392,8.765,1093.157,11.82
LANDIS,42,BAU,2064,1096.528,9.003,1105.531,11.952
LANDIS,42,BAU,2065,1108.524,9.242,1117.766,12.083
LANDIS,42,BAU,2066,1120.383,9.481,1129.864,12.212
LANDIS,42,BAU,2067,1132.102,9.72,1141.823,12.34
LANDIS,42,BAU,2068,1143.687,9.96,1153.647,12.466
LANDIS,42,BAU,2069,1155.134,10.2,1165.334,12.591
LANDIS,42,BAU,2070,1166.445,10.44,1176.886,12.714
LANDIS,42,BAU,2071,1177.623,10.68,1188.303,12.836
LANDIS,42,BAU,2072,1188.666,10.92,1199.586,12.956
LANDIS,42,BAU,2073,1199.576,11.161,1210.737,13.075
LANDIS,42,BAU,2074,1210.353,11.401,1221.754,13.193
LANDIS,42,BAU,2075,1220.991,11.641,1232.632,13.309
LANDIS,42,BAU,2076,1231.493,11.881,1243.374,13.423
LANDIS,42,BAU,2077,1241.857,12.121,1253.978,13.536
LANDIS,42,BAU,2078,1252.084,12.361,1264.445,13.648
LANDIS,42,BAU,2079,1262.175,12.6,1274.775,13.758
LANDIS,42,BAU,2080,1272.131,12.84,1284.971,13.866
LANDIS,42,BAU,2081,1281.952,13.079,1295.031,13.973
LANDIS,42,BAU,2082,1291.638,13.317,1304.956,14.079
LANDIS,42,BAU,2083,1301.192,13.556,1314.747,14.183
LANDIS,42,BAU,2084,1310.611,13.794,1324.404,14.286
LANDIS,42,BAU,2085,1319.898,14.031,1333.929,14.387
LANDIS,42,BAU,2086,1329.05,14.268,1343.318,14.487
LANDIS,42,BAU,2087,1338.072,14.505,1352.577,14.585
LANDIS,42,BAU,2088,1346.961,14.741,1361.702,14.682
LANDIS,42,BAU,2089,1355.719,14.976,1370.696,14.777
LANDIS,42,BAU,2090,1364.346,15.211,1379.557,14.871
LANDIS,42,BAU,2091,1372.842,15.446,1388.288,14.964
LANDIS,42,BAU,2092,1381.208,15.679,1396.888,15.055
LANDIS,42,BAU,2093,1389.444,15.912,1405.356,15.145
LANDIS,42,BAU,2094,1397.552,16.145,1413.696,15.233
LANDIS,42,BAU,2095,1405.535,16.376,1421.911,15.32
LANDIS,42,BAU,2096,1413.396,16.607,1430.003,15.406
LANDIS,42,BAU,2097,1421.134,16.837,1437.971,15.49
LANDIS,42,BAU,2098,1428.75,17.066,1445.816,15.573
LANDIS,42,BAU,2099,1436.244,17.295,1453.539,15.655
LANDIS,42,BAU,2100,1443.616,17.522,1461.138,15.735
LANDIS,42,conservation,2025,551.02,0,551.02,6.006
LANDIS,42,conservation,2026,566.08,0.106,566.187,6.17
LANDIS,42,conservation,2027,581.176,0.208,581.384,6.335
LANDIS,42,conservation,2028,596.306,0.306,596.612,6.5
LANDIS,42,conservation,2029,611.474,0.401,611.875,6.665
LANDIS,42,conservation,2030,626.678,0.494,627.172,6.831
LANDIS,42,conservation,2031,641.919,0.585,642.504,6.997
LANDIS,42,conservation,2032,657.198,0.675,657.873,7.163
LANDIS,42,conservation,2033,672.515,0.764,673.279,7.33
LANDIS,42,conservation,2034,687.871,0.852,688.723,7.498
LANDIS,42,conservation,2035,703.175,0.939,704.115,7.665
LANDIS,42,conservation,2036,718.431,1.027,719.458,7.831
LANDIS,42,conservation,2037,733.638,1.114,734.753,7.997
LANDIS,42,conservation,2038,748.798,1.202,750,8.162
LANDIS,42,conservation,2039,763.912,1.289,765.201,8.327
LANDIS,42,conservation,2040,778.98,1.377,780.357,8.491
LANDIS,42,conservation,2041,794.003,1.465,795.468,8.655
LANDIS,42,conservation,2042,808.984,1.553,810.537,8.818
LANDIS,42,conservation,2043,823.92,1.642,825.562,8.981
LANDIS,42,conservation,2044,838.814,1.731,840.545,9.143
LANDIS,42,conservation,2045,853.61,1.821,855.431,9.304
LANDIS,42,conservation,2046,868.309,1.911,870.219,9.465
LANDIS,42,conservation,2047,882.911,2.001,884.912,9.624
LANDIS,42,conservation,2048,897.418,2.092,899.509,9.782
LANDIS,42,conservation,2049,911.83,2.183,914.013,9.939
LANDIS,42,conservation,2050,926.149,2.275,928.424,10.095
LANDIS,42,conservation,2051,940.374,2.367,942.741,10.25
LANDIS,42,conservation,2052,954.509,2.459,956.969,10.404
LANDIS,42,conservation,2053,968.552,2.552,971.104,10.557
LANDIS,42,conservation,2054,982.505,2.645,985.15,10.709
LANDIS,42,conservation,2055,996.337,2.739,999.076,10.86
LANDIS,42,conservation,2056,1010.046,2.833,1012.879,11.01
LANDIS,42,conservation,2057,1023.636,2.927,1026.563,11.158
LANDIS,42,conservation,2058,1037.106,3.022,1040.128,11.304
LANDIS,42,conservation,2059,1050.457,3.117,1053.574,11.45
LANDIS,42,conservation,2060,1063.692,3.212,1066.904,11.594
LANDIS,42,conservation,2061,1076.808,3.308,1080.116,11.737
LANDIS,42,conservation,2062,1089.808,3.403,1093.212,11.879
LANDIS,42,conservation,2063,1102.692,3.499,1106.192,12.019
LANDIS,42,conservation,2064,1115.463,3.596,1119.058,12.159
LANDIS,42,conservation,2065,1128.1,3.692,1131.792,12.296
LANDIS,42,conservation,2066,1140.606,3.789,1144.395,12.433
LANDIS,42,conservation,2067,1152.981,3.885,1156.867,12.567
LANDIS,42,conservation,2068,1165.227,3.982,1169.209,12.701
LANDIS,42,conservation,2069,1177.342,4.079,1181.421,12.833
LANDIS,42,conservation,2070,1189.328,4.177,1193.505,12.964
LANDIS,42,conservation,2071,1201.187,4.274,1205.461,13.093
LANDIS,42,conservation,2072,1212.917,4.371,1217.289,13.221
LANDIS,42,conservation,2073,1224.521,4.469,1228.99,13.347
LANDIS,42,conservation,2074,1235.998,4.566,1240.564,13.472
LANDIS,42,conservation,2075,1247.342,4.664,1252.006,13.596
LANDIS,42,conservation,2076,1258.556,4.761,1263.317,13.718
LANDIS,42,conservation,2077,1269.638,4.859,1274.496,13.839
LANDIS,42,conservation,2078,1280.588,4.956,1285.545,13.958
LANDIS,42,conservation,2079,1291.409,5.054,1296.463,14.076
LANDIS,42,conservation,2080,1302.1,5.151,1307.251,14.193
LANDIS,42,conservation,2081,1312.663,5.248,1317.911,14.308
LANDIS,42,conservation,2082,1323.095,5.346,1328.44,14.422
LANDIS,42,conservation,2083,1333.4,5.443,1338.843,14.534
LANDIS,42,conservation,2084,1343.576,5.54,1349.116,14.645
LANDIS,42,conservation,2085,1353.625,5.637,1359.262,14.755
LANDIS,42,conservation,2086,1363.546,5.734,1369.28,14.863
LANDIS,42,conservation,2087,1373.34,5.831,1379.171,14.969
LANDIS,42,conservation,2088,1383.007,5.927,1388.934,15.075
LANDIS,42,conservation,2089,1392.548,6.024,1398.572,15.179
LANDIS,42,conservation,2090,1401.962,6.12,1408.082,15.281
LANDIS,42,conservation,2091,1411.251,6.216,1417.467,15.383
LANDIS,42,conservation,2092,1420.414,6.312,1426.726,15.483
LANDIS,42,conservation,2093,1429.452,6.407,1435.859,15.581
LANDIS,42,conservation,2094,1438.366,6.503,1444.869,15.678
LANDIS,42,conservation,2095,1447.159,6.598,1453.758,15.774
LANDIS,42,conservation,2096,1455.836,6.693,1462.529,15.869
LANDIS,42,conservation,2097,1464.394,6.788,1471.181,15.962
LANDIS,42,conservation,2098,1472.833,6.882,1479.715,16.054
LANDIS,42,conservation,2099,1481.156,6.976,1488.132,16.145
LANDIS,42,conservation,2100,1489.36,7.07,1496.43,16.234
LANDIS,42,intensive,2025,551.02,0,551.02,6.006
LANDIS,42,intensive,2026,564.953,0.67,565.623,6.158
LANDIS,42,intensive,2027,578.894,1.309,580.203,6.31
LANDIS,42,intensive,2028,592.842,1.924,594.765,6.462
LANDIS,42,intensive,2029,606.799,2.518,609.317,6.614
LANDIS,42,intensive,2030,620.763,3.098,623.861,6.766
LANDIS,42,intensive,2031,634.737,3.665,638.402,6.919
LANDIS,42,intensive,2032,648.721,4.222,652.944,7.071
LANDIS,42,intensive,2033,662.715,4.773,667.488,7.224
LANDIS,42,intensive,2034,676.719,5.318,682.037,7.376
LANDIS,42,intensive,2035,690.644,5.859,696.503,7.528
LANDIS,42,intensive,2036,704.492,6.398,710.89,7.679
LANDIS,42,intensive,2037,718.265,6.935,725.199,7.829
LANDIS,42,intensive,2038,731.961,7.471,739.432,7.978
LANDIS,42,intensive,2039,745.585,8.007,753.592,8.127
LANDIS,42,intensive,2040,759.136,8.543,767.678,8.275
LANDIS,42,intensive,2041,772.614,9.079,781.694,8.421
LANDIS,42,intensive,2042,786.023,9.617,795.64,8.568
LANDIS,42,intensive,2043,799.361,10.156,809.517,8.713
LANDIS,42,intensive,2044,812.63,10.697,823.326,8.858
LANDIS,42,intensive,2045,825.774,11.238,837.013,9.001
LANDIS,42,intensive,2046,838.795,11.782,850.577,9.143
LANDIS,42,intensive,2047,851.694,12.327,864.021,9.283
LANDIS,42,intensive,2048,864.47,12.874,877.344,9.423
LANDIS,42,intensive,2049,877.128,13.422,890.55,9.561
LANDIS,42,intensive,2050,889.666,13.972,903.638,9.697
LANDIS,42,intensive,2051,902.087,14.523,916.61,9.833
LANDIS,42,intensive,2052,914.392,15.076,929.467,9.967
LANDIS,42,intensive,2053,926.58,15.63,942.21,10.1
LANDIS,42,intensive,2054,938.654,16.185,954.84,10.231
LANDIS,42,intensive,2055,950.583,16.742,967.325,10.361
LANDIS,42,intensive,2056,962.367,17.3,979.666,10.49
LANDIS,42,intensive,2057,974.007,17.858,991.865,10.617
LANDIS,42,intensive,2058,985.504,18.418,1003.922,10.742
LANDIS,42,intensive,2059,996.86,18.979,1015.839,10.866
LANDIS,42,intensive,2060,1008.077,19.54,1027.617,10.988
LANDIS,42,intensive,2061,1019.153,20.101,1039.255,11.109
LANDIS,42,intensive,2062,1030.092,20.663,1050.755,11.228
LANDIS,42,intensive,2063,1040.893,21.226,1062.119,11.346
LANDIS,42,intensive,2064,1051.558,21.789,1073.347,11.462
LANDIS,42,intensive,2065,1062.07,22.351,1084.421,11.577
LANDIS,42,intensive,2066,1072.43,22.914,1095.344,11.689
LANDIS,42,intensive,2067,1082.638,23.477,1106.115,11.801
LANDIS,42,intensive,2068,1092.697,24.04,1116.737,11.91
LANDIS,42,intensive,2069,1102.606,24.602,1127.208,12.018
LANDIS,42,intensive,2070,1112.366,25.164,1137.53,12.125
LANDIS,42,intensive,2071,1121.98,25.725,1147.706,12.23
LANDIS,42,intensive,2072,1131.447,26.286,1157.733,12.333
LANDIS,42,intensive,2073,1140.768,26.846,1167.614,12.434
LANDIS,42,intensive,2074,1149.945,27.405,1177.35,12.534
LANDIS,42,intensive,2075,1158.97,27.964,1186.934,12.633
LANDIS,42,intensive,2076,1167.848,28.521,1196.369,12.73
LANDIS,42,intensive,2077,1176.577,29.077,1205.654,12.825
LANDIS,42,intensive,2078,1185.158,29.632,1214.79,12.918
LANDIS,42,intensive,2079,1193.591,30.186,1223.778,13.01
LANDIS,42,intensive,2080,1201.88,30.738,1232.618,13.1
LANDIS,42,intensive,2081,1210.023,31.289,1241.312,13.189
LANDIS,42,intensive,2082,1218.021,31.839,1249.859,13.276
LANDIS,42,intensive,2083,1225.876,32.386,1258.262,13.362
LANDIS,42,intensive,2084,1233.586,32.932,1266.519,13.446
LANDIS,42,intensive,2085,1241.156,33.476,1274.632,13.529
LANDIS,42,intensive,2086,1248.581,34.019,1282.6,13.61
LANDIS,42,intensive,2087,1255.867,34.559,1290.426,13.689
LANDIS,42,intensive,2088,1263.011,35.097,1298.108,13.767
LANDIS,42,intensive,2089,1270.016,35.634,1305.649,13.843
LANDIS,42,intensive,2090,1276.88,36.168,1313.048,13.918
LANDIS,42,intensive,2091,1283.606,36.699,1320.305,13.991
LANDIS,42,intensive,2092,1290.194,37.229,1327.422,14.063
LANDIS,42,intensive,2093,1296.643,37.756,1334.399,14.133
LANDIS,42,intensive,2094,1302.957,38.28,1341.238,14.202
LANDIS,42,intensive,2095,1309.139,38.803,1347.941,14.27
LANDIS,42,intensive,2096,1315.191,39.322,1354.513,14.336
LANDIS,42,intensive,2097,1321.114,39.839,1360.953,14.4
LANDIS,42,intensive,2098,1326.907,40.353,1367.26,14.463
LANDIS,42,intensive,2099,1332.573,40.865,1373.437,14.525
LANDIS,42,intensive,2100,1338.109,41.373,1379.482,14.585
LANDIS,44,reserve,2025,12.75,0,12.75,0.678
LANDIS,44,reserve,2026,13.173,0,13.173,0.701
LANDIS,44,reserve,2027,13.593,0,13.593,0.723
LANDIS,44,reserve,2028,14.011,0,14.011,0.745
LANDIS,44,reserve,2029,14.427,0,14.427,0.768
LANDIS,44,reserve,2030,14.84,0,14.84,0.789
LANDIS,44,reserve,2031,15.25,0,15.25,0.811
LANDIS,44,reserve,2032,15.659,0,15.659,0.833
LANDIS,44,reserve,2033,16.065,0,16.065,0.855
LANDIS,44,reserve,2034,16.467,0,16.467,0.876
LANDIS,44,reserve,2035,16.865,0,16.865,0.897
LANDIS,44,reserve,2036,17.259,0,17.259,0.918
LANDIS,44,reserve,2037,17.648,0,17.648,0.939
LANDIS,44,reserve,2038,18.032,0,18.032,0.959
LANDIS,44,reserve,2039,18.412,0,18.412,0.98
LANDIS,44,reserve,2040,18.788,0,18.788,1
LANDIS,44,reserve,2041,19.159,0,19.159,1.019
LANDIS,44,reserve,2042,19.526,0,19.526,1.039
LANDIS,44,reserve,2043,19.889,0,19.889,1.058
LANDIS,44,reserve,2044,20.247,0,20.247,1.077
LANDIS,44,reserve,2045,20.599,0,20.599,1.096
LANDIS,44,reserve,2046,20.943,0,20.943,1.114
LANDIS,44,reserve,2047,21.28,0,21.28,1.132
LANDIS,44,reserve,2048,21.61,0,21.61,1.15
LANDIS,44,reserve,2049,21.933,0,21.933,1.167
LANDIS,44,reserve,2050,22.249,0,22.249,1.184
LANDIS,44,reserve,2051,22.558,0,22.558,1.2
LANDIS,44,reserve,2052,22.86,0,22.86,1.216
LANDIS,44,reserve,2053,23.155,0,23.155,1.232
LANDIS,44,reserve,2054,23.443,0,23.443,1.247
LANDIS,44,reserve,2055,23.73,0,23.73,1.262
LANDIS,44,reserve,2056,24.014,0,24.014,1.278
LANDIS,44,reserve,2057,24.297,0,24.297,1.293
LANDIS,44,reserve,2058,24.578,0,24.578,1.308
LANDIS,44,reserve,2059,24.857,0,24.857,1.322
LANDIS,44,reserve,2060,25.135,0,25.135,1.337
LANDIS,44,reserve,2061,25.41,0,25.41,1.352
LANDIS,44,reserve,2062,25.684,0,25.684,1.366
LANDIS,44,reserve,2063,25.956,0,25.956,1.381
LANDIS,44,reserve,2064,26.227,0,26.227,1.395
LANDIS,44,reserve,2065,26.491,0,26.491,1.409
LANDIS,44,reserve,2066,26.747,0,26.747,1.423
LANDIS,44,reserve,2067,26.997,0,26.997,1.436
LANDIS,44,reserve,2068,27.241,0,27.241,1.449
LANDIS,44,reserve,2069,27.477,0,27.477,1.462
LANDIS,44,reserve,2070,27.707,0,27.707,1.474
LANDIS,44,reserve,2071,27.93,0,27.93,1.486
LANDIS,44,reserve,2072,28.146,0,28.146,1.497
LANDIS,44,reserve,2073,28.356,0,28.356,1.509
LANDIS,44,reserve,2074,28.559,0,28.559,1.519
LANDIS,44,reserve,2075,28.757,0,28.757,1.53
LANDIS,44,reserve,2076,28.95,0,28.95,1.54
LANDIS,44,reserve,2077,29.139,0,29.139,1.55
LANDIS,44,reserve,2078,29.323,0,29.323,1.56
LANDIS,44,reserve,2079,29.503,0,29.503,1.57
LANDIS,44,reserve,2080,29.677,0,29.677,1.579
LANDIS,44,reserve,2081,29.847,0,29.847,1.588
LANDIS,44,reserve,2082,30.013,0,30.013,1.597
LANDIS,44,reserve,2083,30.174,0,30.174,1.605
LANDIS,44,reserve,2084,30.33,0,30.33,1.614
LANDIS,44,reserve,2085,30.483,0,30.483,1.622
LANDIS,44,reserve,2086,30.634,0,30.634,1.63
LANDIS,44,reserve,2087,30.782,0,30.782,1.638
LANDIS,44,reserve,2088,30.928,0,30.928,1.645
LANDIS,44,reserve,2089,31.071,0,31.071,1.653
LANDIS,44,reserve,2090,31.211,0,31.211,1.66
LANDIS,44,reserve,2091,31.349,0,31.349,1.668
LANDIS,44,reserve,2092,31.484,0,31.484,1.675
LANDIS,44,reserve,2093,31.616,0,31.616,1.682
LANDIS,44,reserve,2094,31.746,0,31.746,1.689
LANDIS,44,reserve,2095,31.873,0,31.873,1.696
LANDIS,44,reserve,2096,31.997,0,31.997,1.702
LANDIS,44,reserve,2097,32.118,0,32.118,1.709
LANDIS,44,reserve,2098,32.235,0,32.235,1.715
LANDIS,44,reserve,2099,32.35,0,32.35,1.721
LANDIS,44,reserve,2100,32.462,0,32.462,1.727
LANDIS,44,BAU,2025,12.75,0,12.75,0.678
LANDIS,44,BAU,2026,13.171,0.001,13.172,0.701
LANDIS,44,BAU,2027,13.59,0.002,13.591,0.723
LANDIS,44,BAU,2028,14.006,0.002,14.008,0.745
LANDIS,44,BAU,2029,14.42,0.003,14.423,0.767
LANDIS,44,BAU,2030,14.831,0.004,14.835,0.789
LANDIS,44,BAU,2031,15.239,0.005,15.244,0.811
LANDIS,44,BAU,2032,15.646,0.005,15.652,0.832
LANDIS,44,BAU,2033,16.05,0.006,16.056,0.854
LANDIS,44,BAU,2034,16.45,0.007,16.457,0.875
LANDIS,44,BAU,2035,16.846,0.007,16.854,0.896
LANDIS,44,BAU,2036,17.238,0.008,17.246,0.917
LANDIS,44,BAU,2037,17.625,0.009,17.634,0.938
LANDIS,44,BAU,2038,18.007,0.009,18.016,0.958
LANDIS,44,BAU,2039,18.384,0.01,18.395,0.978
LANDIS,44,BAU,2040,18.758,0.011,18.769,0.998
LANDIS,44,BAU,2041,19.127,0.012,19.138,1.018
LANDIS,44,BAU,2042,19.491,0.012,19.503,1.037
LANDIS,44,BAU,2043,19.852,0.013,19.865,1.056
LANDIS,44,BAU,2044,20.207,0.014,20.221,1.075
LANDIS,44,BAU,2045,20.557,0.014,20.571,1.094
LANDIS,44,BAU,2046,20.898,0.015,20.913,1.112
LANDIS,44,BAU,2047,21.232,0.016,21.248,1.13
LANDIS,44,BAU,2048,21.56,0.017,21.576,1.147
LANDIS,44,BAU,2049,21.88,0.017,21.897,1.164
LANDIS,44,BAU,2050,22.193,0.018,22.211,1.181
LANDIS,44,BAU,2051,22.499,0.019,22.518,1.197
LANDIS,44,BAU,2052,22.798,0.02,22.818,1.213
LANDIS,44,BAU,2053,23.09,0.02,23.111,1.228
LANDIS,44,BAU,2054,23.375,0.021,23.396,1.244
LANDIS,44,BAU,2055,23.659,0.022,23.681,1.259
LANDIS,44,BAU,2056,23.94,0.022,23.963,1.274
LANDIS,44,BAU,2057,24.22,0.023,24.243,1.288
LANDIS,44,BAU,2058,24.498,0.024,24.522,1.303
LANDIS,44,BAU,2059,24.774,0.025,24.799,1.318
LANDIS,44,BAU,2060,25.049,0.025,25.074,1.333
LANDIS,44,BAU,2061,25.321,0.026,25.347,1.347
LANDIS,44,BAU,2062,25.591,0.027,25.618,1.361
LANDIS,44,BAU,2063,25.86,0.028,25.888,1.376
LANDIS,44,BAU,2064,26.128,0.028,26.156,1.39
LANDIS,44,BAU,2065,26.389,0.029,26.418,1.404
LANDIS,44,BAU,2066,26.641,0.03,26.671,1.417
LANDIS,44,BAU,2067,26.888,0.031,26.918,1.43
LANDIS,44,BAU,2068,27.128,0.031,27.16,1.443
LANDIS,44,BAU,2069,27.361,0.032,27.393,1.456
LANDIS,44,BAU,2070,27.587,0.033,27.62,1.468
LANDIS,44,BAU,2071,27.807,0.033,27.84,1.479
LANDIS,44,BAU,2072,28.019,0.034,28.053,1.491
LANDIS,44,BAU,2073,28.226,0.035,28.261,1.502
LANDIS,44,BAU,2074,28.425,0.036,28.461,1.512
LANDIS,44,BAU,2075,28.619,0.036,28.656,1.523
LANDIS,44,BAU,2076,28.809,0.037,28.846,1.533
LANDIS,44,BAU,2077,28.994,0.038,29.032,1.542
LANDIS,44,BAU,2078,29.174,0.039,29.213,1.552
LANDIS,44,BAU,2079,29.351,0.039,29.39,1.561
LANDIS,44,BAU,2080,29.521,0.04,29.561,1.571
LANDIS,44,BAU,2081,29.687,0.041,29.728,1.579
LANDIS,44,BAU,2082,29.849,0.041,29.891,1.588
LANDIS,44,BAU,2083,30.006,0.042,30.049,1.596
LANDIS,44,BAU,2084,30.159,0.043,30.201,1.604
LANDIS,44,BAU,2085,30.308,0.043,30.351,1.612
LANDIS,44,BAU,2086,30.455,0.044,30.499,1.62
LANDIS,44,BAU,2087,30.599,0.045,30.644,1.628
LANDIS,44,BAU,2088,30.741,0.046,30.787,1.635
LANDIS,44,BAU,2089,30.88,0.046,30.926,1.643
LANDIS,44,BAU,2090,31.016,0.047,31.063,1.65
LANDIS,44,BAU,2091,31.15,0.048,31.198,1.657
LANDIS,44,BAU,2092,31.281,0.048,31.329,1.664
LANDIS,44,BAU,2093,31.409,0.049,31.458,1.671
LANDIS,44,BAU,2094,31.535,0.049,31.585,1.678
LANDIS,44,BAU,2095,31.658,0.05,31.708,1.684
LANDIS,44,BAU,2096,31.778,0.051,31.829,1.691
LANDIS,44,BAU,2097,31.895,0.051,31.947,1.697
LANDIS,44,BAU,2098,32.008,0.052,32.06,1.703
LANDIS,44,BAU,2099,32.119,0.053,32.172,1.709
LANDIS,44,BAU,2100,32.227,0.053,32.28,1.714
LANDIS,44,conservation,2025,12.75,0,12.75,0.678
LANDIS,44,conservation,2026,13.172,0,13.173,0.701
LANDIS,44,conservation,2027,13.592,0.001,13.592,0.723
LANDIS,44,conservation,2028,14.009,0.001,14.01,0.745
LANDIS,44,conservation,2029,14.424,0.001,14.426,0.767
LANDIS,44,conservation,2030,14.837,0.001,14.838,0.789
LANDIS,44,conservation,2031,15.246,0.002,15.248,0.811
LANDIS,44,conservation,2032,15.654,0.002,15.656,0.833
LANDIS,44,conservation,2033,16.059,0.002,16.062,0.854
LANDIS,44,conservation,2034,16.461,0.003,16.463,0.876
LANDIS,44,conservation,2035,16.858,0.003,16.861,0.897
LANDIS,44,conservation,2036,17.251,0.003,17.254,0.918
LANDIS,44,conservation,2037,17.639,0.003,17.643,0.938
LANDIS,44,conservation,2038,18.022,0.004,18.026,0.959
LANDIS,44,conservation,2039,18.402,0.004,18.405,0.979
LANDIS,44,conservation,2040,18.777,0.004,18.781,0.999
LANDIS,44,conservation,2041,19.147,0.004,19.151,1.019
LANDIS,44,conservation,2042,19.513,0.005,19.517,1.038
LANDIS,44,conservation,2043,19.875,0.005,19.88,1.057
LANDIS,44,conservation,2044,20.232,0.005,20.237,1.076
LANDIS,44,conservation,2045,20.583,0.005,20.588,1.095
LANDIS,44,conservation,2046,20.926,0.006,20.932,1.113
LANDIS,44,conservation,2047,21.262,0.006,21.268,1.131
LANDIS,44,conservation,2048,21.591,0.006,21.597,1.149
LANDIS,44,conservation,2049,21.913,0.007,21.919,1.166
LANDIS,44,conservation,2050,22.228,0.007,22.235,1.183
LANDIS,44,conservation,2051,22.536,0.007,22.543,1.199
LANDIS,44,conservation,2052,22.837,0.007,22.844,1.215
LANDIS,44,conservation,2053,23.13,0.008,23.138,1.231
LANDIS,44,conservation,2054,23.417,0.008,23.425,1.246
LANDIS,44,conservation,2055,23.703,0.008,23.711,1.261
LANDIS,44,conservation,2056,23.986,0.009,23.995,1.276
LANDIS,44,conservation,2057,24.268,0.009,24.277,1.291
LANDIS,44,conservation,2058,24.548,0.009,24.557,1.306
LANDIS,44,conservation,2059,24.825,0.009,24.835,1.321
LANDIS,44,conservation,2060,25.102,0.01,25.112,1.335
LANDIS,44,conservation,2061,25.376,0.01,25.386,1.35
LANDIS,44,conservation,2062,25.649,0.01,25.659,1.365
LANDIS,44,conservation,2063,25.92,0.01,25.93,1.379
LANDIS,44,conservation,2064,26.189,0.011,26.2,1.393
LANDIS,44,conservation,2065,26.452,0.011,26.463,1.407
LANDIS,44,conservation,2066,26.707,0.011,26.718,1.421
LANDIS,44,conservation,2067,26.955,0.012,26.967,1.434
LANDIS,44,conservation,2068,27.198,0.012,27.21,1.447
LANDIS,44,conservation,2069,27.433,0.012,27.445,1.459
LANDIS,44,conservation,2070,27.661,0.012,27.674,1.472
LANDIS,44,conservation,2071,27.883,0.013,27.896,1.483
LANDIS,44,conservation,2072,28.098,0.013,28.111,1.495
LANDIS,44,conservation,2073,28.306,0.013,28.32,1.506
LANDIS,44,conservation,2074,28.508,0.014,28.522,1.517
LANDIS,44,conservation,2075,28.705,0.014,28.719,1.527
LANDIS,44,conservation,2076,28.896,0.014,28.91,1.537
LANDIS,44,conservation,2077,29.084,0.014,29.098,1.547
LANDIS,44,conservation,2078,29.266,0.015,29.281,1.557
LANDIS,44,conservation,2079,29.445,0.015,29.46,1.566
LANDIS,44,conservation,2080,29.618,0.015,29.633,1.576
LANDIS,44,conservation,2081,29.786,0.015,29.802,1.585
LANDIS,44,conservation,2082,29.951,0.016,29.966,1.593
LANDIS,44,conservation,2083,30.11,0.016,30.126,1.602
LANDIS,44,conservation,2084,30.265,0.016,30.281,1.61
LANDIS,44,conservation,2085,30.416,0.017,30.433,1.618
LANDIS,44,conservation,2086,30.566,0.017,30.583,1.626
LANDIS,44,conservation,2087,30.712,0.017,30.729,1.634
LANDIS,44,conservation,2088,30.857,0.017,30.874,1.642
LANDIS,44,conservation,2089,30.998,0.018,31.016,1.649
LANDIS,44,conservation,2090,31.137,0.018,31.155,1.656
LANDIS,44,conservation,2091,31.273,0.018,31.291,1.664
LANDIS,44,conservation,2092,31.407,0.018,31.425,1.671
LANDIS,44,conservation,2093,31.537,0.019,31.556,1.678
LANDIS,44,conservation,2094,31.666,0.019,31.685,1.685
LANDIS,44,conservation,2095,31.791,0.019,31.81,1.691
LANDIS,44,conservation,2096,31.914,0.019,31.933,1.698
LANDIS,44,conservation,2097,32.033,0.02,32.053,1.704
LANDIS,44,conservation,2098,32.149,0.02,32.168,1.71
LANDIS,44,conservation,2099,32.262,0.02,32.282,1.716
LANDIS,44,conservation,2100,32.372,0.02,32.393,1.722
LANDIS,44,intensive,2025,12.75,0,12.75,0.678
LANDIS,44,intensive,2026,13.169,0.002,13.171,0.701
LANDIS,44,intensive,2027,13.585,0.004,13.589,0.723
LANDIS,44,intensive,2028,13.999,0.006,14.005,0.745
LANDIS,44,intensive,2029,14.411,0.007,14.418,0.767
LANDIS,44,intensive,2030,14.819,0.009,14.828,0.788
LANDIS,44,intensive,2031,15.225,0.011,15.236,0.81
LANDIS,44,intensive,2032,15.629,0.013,15.642,0.831
LANDIS,44,intensive,2033,16.03,0.014,16.044,0.853
LANDIS,44,intensive,2034,16.427,0.016,16.443,0.874
LANDIS,44,intensive,2035,16.82,0.018,16.838,0.895
LANDIS,44,intensive,2036,17.209,0.019,17.228,0.916
LANDIS,44,intensive,2037,17.593,0.021,17.614,0.936
LANDIS,44,intensive,2038,17.972,0.023,17.994,0.956
LANDIS,44,intensive,2039,18.346,0.024,18.37,0.976
LANDIS,44,intensive,2040,18.716,0.026,18.742,0.996
LANDIS,44,intensive,2041,19.082,0.028,19.109,1.015
LANDIS,44,intensive,2042,19.443,0.029,19.472,1.034
LANDIS,44,intensive,2043,19.8,0.031,19.831,1.053
LANDIS,44,intensive,2044,20.152,0.033,20.185,1.072
LANDIS,44,intensive,2045,20.498,0.034,20.532,1.09
LANDIS,44,intensive,2046,20.835,0.036,20.872,1.108
LANDIS,44,intensive,2047,21.166,0.038,21.204,1.126
LANDIS,44,intensive,2048,21.49,0.04,21.529,1.143
LANDIS,44,intensive,2049,21.806,0.041,21.847,1.16
LANDIS,44,intensive,2050,22.115,0.043,22.158,1.177
LANDIS,44,intensive,2051,22.418,0.045,22.462,1.193
LANDIS,44,intensive,2052,22.713,0.047,22.759,1.208
LANDIS,44,intensive,2053,23.001,0.048,23.049,1.224
LANDIS,44,intensive,2054,23.282,0.05,23.332,1.239
LANDIS,44,intensive,2055,23.562,0.052,23.613,1.253
LANDIS,44,intensive,2056,23.838,0.054,23.892,1.268
LANDIS,44,intensive,2057,24.114,0.055,24.169,1.283
LANDIS,44,intensive,2058,24.388,0.057,24.445,1.297
LANDIS,44,intensive,2059,24.659,0.059,24.718,1.312
LANDIS,44,intensive,2060,24.93,0.061,24.99,1.326
LANDIS,44,intensive,2061,25.197,0.062,25.259,1.34
LANDIS,44,intensive,2062,25.463,0.064,25.527,1.355
LANDIS,44,intensive,2063,25.728,0.066,25.793,1.369
LANDIS,44,intensive,2064,25.991,0.068,26.058,1.383
LANDIS,44,intensive,2065,26.247,0.069,26.316,1.396
LANDIS,44,intensive,2066,26.495,0.071,26.566,1.41
LANDIS,44,intensive,2067,26.737,0.073,26.809,1.422
LANDIS,44,intensive,2068,26.972,0.075,27.047,1.435
LANDIS,44,intensive,2069,27.2,0.076,27.276,1.447
LANDIS,44,intensive,2070,27.422,0.078,27.5,1.459
LANDIS,44,intensive,2071,27.636,0.08,27.716,1.47
LANDIS,44,intensive,2072,27.844,0.081,27.925,1.481
LANDIS,44,intensive,2073,28.045,0.083,28.129,1.492
LANDIS,44,intensive,2074,28.24,0.085,28.325,1.502
LANDIS,44,intensive,2075,28.429,0.087,28.516,1.512
LANDIS,44,intensive,2076,28.614,0.088,28.702,1.522
LANDIS,44,intensive,2077,28.794,0.09,28.884,1.532
LANDIS,44,intensive,2078,28.969,0.092,29.061,1.541
LANDIS,44,intensive,2079,29.14,0.093,29.234,1.55
LANDIS,44,intensive,2080,29.305,0.095,29.4,1.559
LANDIS,44,intensive,2081,29.466,0.097,29.563,1.568
LANDIS,44,intensive,2082,29.623,0.098,29.722,1.576
LANDIS,44,intensive,2083,29.775,0.1,29.875,1.584
LANDIS,44,intensive,2084,29.922,0.102,30.024,1.592
LANDIS,44,intensive,2085,30.066,0.103,30.169,1.599
LANDIS,44,intensive,2086,30.208,0.105,30.313,1.607
LANDIS,44,intensive,2087,30.346,0.107,30.453,1.614
LANDIS,44,intensive,2088,30.483,0.108,30.591,1.622
LANDIS,44,intensive,2089,30.617,0.11,30.727,1.629
LANDIS,44,intensive,2090,30.747,0.111,30.859,1.636
LANDIS,44,intensive,2091,30.876,0.113,30.989,1.643
LANDIS,44,intensive,2092,31.002,0.115,31.116,1.649
LANDIS,44,intensive,2093,31.124,0.116,31.24,1.656
LANDIS,44,intensive,2094,31.245,0.118,31.362,1.662
LANDIS,44,intensive,2095,31.362,0.119,31.481,1.668
LANDIS,44,intensive,2096,31.476,0.121,31.597,1.675
LANDIS,44,intensive,2097,31.588,0.122,31.71,1.68
LANDIS,44,intensive,2098,31.695,0.124,31.819,1.686
LANDIS,44,intensive,2099,31.8,0.125,31.926,1.692
LANDIS,44,intensive,2100,31.903,0.127,32.029,1.697
LANDIS,45,reserve,2025,325.11,0,325.11,4.649
LANDIS,45,reserve,2026,332.906,0,332.906,4.761
LANDIS,45,reserve,2027,340.661,0,340.661,4.871
LANDIS,45,reserve,2028,348.374,0,348.374,4.982
LANDIS,45,reserve,2029,356.046,0,356.046,5.091
LANDIS,45,reserve,2030,363.679,0,363.679,5.201
LANDIS,45,reserve,2031,371.272,0,371.272,5.309
LANDIS,45,reserve,2032,378.827,0,378.827,5.417
LANDIS,45,reserve,2033,386.343,0,386.343,5.525
LANDIS,45,reserve,2034,393.822,0,393.822,5.632
LANDIS,45,reserve,2035,401.236,0,401.236,5.738
LANDIS,45,reserve,2036,408.585,0,408.585,5.843
LANDIS,45,reserve,2037,415.871,0,415.871,5.947
LANDIS,45,reserve,2038,423.093,0,423.093,6.05
LANDIS,45,reserve,2039,430.253,0,430.253,6.153
LANDIS,45,reserve,2040,437.352,0,437.352,6.254
LANDIS,45,reserve,2041,444.389,0,444.389,6.355
LANDIS,45,reserve,2042,451.366,0,451.366,6.455
LANDIS,45,reserve,2043,458.284,0,458.284,6.553
LANDIS,45,reserve,2044,465.142,0,465.142,6.652
LANDIS,45,reserve,2045,471.927,0,471.927,6.749
LANDIS,45,reserve,2046,478.64,0,478.64,6.845
LANDIS,45,reserve,2047,485.282,0,485.282,6.94
LANDIS,45,reserve,2048,491.852,0,491.852,7.033
LANDIS,45,reserve,2049,498.351,0,498.351,7.126
LANDIS,45,reserve,2050,504.781,0,504.781,7.218
LANDIS,45,reserve,2051,511.141,0,511.141,7.309
LANDIS,45,reserve,2052,517.432,0,517.432,7.399
LANDIS,45,reserve,2053,523.655,0,523.655,7.488
LANDIS,45,reserve,2054,529.81,0,529.81,7.576
LANDIS,45,reserve,2055,535.892,0,535.892,7.663
LANDIS,45,reserve,2056,541.902,0,541.902,7.749
LANDIS,45,reserve,2057,547.84,0,547.84,7.834
LANDIS,45,reserve,2058,553.706,0,553.706,7.918
LANDIS,45,reserve,2059,559.502,0,559.502,8.001
LANDIS,45,reserve,2060,565.227,0,565.227,8.083
LANDIS,45,reserve,2061,570.883,0,570.883,8.164
LANDIS,45,reserve,2062,576.468,0,576.468,8.244
LANDIS,45,reserve,2063,581.984,0,581.984,8.322
LANDIS,45,reserve,2064,587.431,0,587.431,8.4
LANDIS,45,reserve,2065,592.809,0,592.809,8.477
LANDIS,45,reserve,2066,598.118,0,598.118,8.553
LANDIS,45,reserve,2067,603.359,0,603.359,8.628
LANDIS,45,reserve,2068,608.531,0,608.531,8.702
LANDIS,45,reserve,2069,613.635,0,613.635,8.775
LANDIS,45,reserve,2070,618.672,0,618.672,8.847
LANDIS,45,reserve,2071,623.641,0,623.641,8.918
LANDIS,45,reserve,2072,628.543,0,628.543,8.988
LANDIS,45,reserve,2073,633.378,0,633.378,9.057
LANDIS,45,reserve,2074,638.147,0,638.147,9.126
LANDIS,45,reserve,2075,642.853,0,642.853,9.193
LANDIS,45,reserve,2076,647.495,0,647.495,9.259
LANDIS,45,reserve,2077,652.074,0,652.074,9.325
LANDIS,45,reserve,2078,656.59,0,656.59,9.389
LANDIS,45,reserve,2079,661.044,0,661.044,9.453
LANDIS,45,reserve,2080,665.435,0,665.435,9.516
LANDIS,45,reserve,2081,669.764,0,669.764,9.578
LANDIS,45,reserve,2082,674.031,0,674.031,9.639
LANDIS,45,reserve,2083,678.237,0,678.237,9.699
LANDIS,45,reserve,2084,682.381,0,682.381,9.758
LANDIS,45,reserve,2085,686.467,0,686.467,9.816
LANDIS,45,reserve,2086,690.496,0,690.496,9.874
LANDIS,45,reserve,2087,694.468,0,694.468,9.931
LANDIS,45,reserve,2088,698.383,0,698.383,9.987
LANDIS,45,reserve,2089,702.241,0,702.241,10.042
LANDIS,45,reserve,2090,706.042,0,706.042,10.096
LANDIS,45,reserve,2091,709.787,0,709.787,10.15
LANDIS,45,reserve,2092,713.475,0,713.475,10.203
LANDIS,45,reserve,2093,717.107,0,717.107,10.255
LANDIS,45,reserve,2094,720.683,0,720.683,10.306
LANDIS,45,reserve,2095,724.208,0,724.208,10.356
LANDIS,45,reserve,2096,727.682,0,727.682,10.406
LANDIS,45,reserve,2097,731.106,0,731.106,10.455
LANDIS,45,reserve,2098,734.48,0,734.48,10.503
LANDIS,45,reserve,2099,737.803,0,737.803,10.551
LANDIS,45,reserve,2100,741.076,0,741.076,10.597
LANDIS,45,BAU,2025,325.11,0,325.11,4.649
LANDIS,45,BAU,2026,328.748,2.079,330.827,4.701
LANDIS,45,BAU,2027,332.299,4.033,336.333,4.752
LANDIS,45,BAU,2028,335.763,5.884,341.647,4.801
LANDIS,45,BAU,2029,339.141,7.646,346.788,4.85
LANDIS,45,BAU,2030,342.437,9.335,351.772,4.897
LANDIS,45,BAU,2031,345.651,10.961,356.612,4.943
LANDIS,45,BAU,2032,348.786,12.533,361.319,4.988
LANDIS,45,BAU,2033,351.842,14.06,365.901,5.031
LANDIS,45,BAU,2034,354.821,15.547,370.368,5.074
LANDIS,45,BAU,2035,357.698,16.999,374.697,5.115
LANDIS,45,BAU,2036,360.473,18.422,378.894,5.155
LANDIS,45,BAU,2037,363.149,19.817,382.966,5.193
LANDIS,45,BAU,2038,365.727,21.189,386.916,5.23
LANDIS,45,BAU,2039,368.21,22.538,390.748,5.265
LANDIS,45,BAU,2040,370.6,23.868,394.468,5.3
LANDIS,45,BAU,2041,372.898,25.179,398.077,5.332
LANDIS,45,BAU,2042,375.106,26.473,401.579,5.364
LANDIS,45,BAU,2043,377.228,27.75,404.978,5.394
LANDIS,45,BAU,2044,379.262,29.012,408.274,5.423
LANDIS,45,BAU,2045,381.197,30.259,411.456,5.451
LANDIS,45,BAU,2046,383.035,31.492,414.527,5.477
LANDIS,45,BAU,2047,384.778,32.71,417.489,5.502
LANDIS,45,BAU,2048,386.428,33.915,420.343,5.526
LANDIS,45,BAU,2049,387.985,35.106,423.091,5.548
LANDIS,45,BAU,2050,389.454,36.283,425.737,5.569
LANDIS,45,BAU,2051,390.833,37.447,428.28,5.589
LANDIS,45,BAU,2052,392.126,38.597,430.723,5.607
LANDIS,45,BAU,2053,393.335,39.734,433.069,5.625
LANDIS,45,BAU,2054,394.46,40.857,435.317,5.641
LANDIS,45,BAU,2055,395.497,41.967,437.465,5.656
LANDIS,45,BAU,2056,396.45,43.064,439.514,5.669
LANDIS,45,BAU,2057,397.318,44.147,441.465,5.682
LANDIS,45,BAU,2058,398.103,45.217,443.32,5.693
LANDIS,45,BAU,2059,398.808,46.273,445.081,5.703
LANDIS,45,BAU,2060,399.433,47.315,446.748,5.712
LANDIS,45,BAU,2061,399.981,48.344,448.325,5.72
LANDIS,45,BAU,2062,400.451,49.359,449.81,5.726
LANDIS,45,BAU,2063,400.846,50.36,451.206,5.732
LANDIS,45,BAU,2064,401.167,51.347,452.514,5.737
LANDIS,45,BAU,2065,401.415,52.32,453.735,5.74
LANDIS,45,BAU,2066,401.591,53.279,454.87,5.743
LANDIS,45,BAU,2067,401.696,54.224,455.92,5.744
LANDIS,45,BAU,2068,401.731,55.155,456.886,5.745
LANDIS,45,BAU,2069,401.698,56.072,457.77,5.744
LANDIS,45,BAU,2070,401.598,56.974,458.572,5.743
LANDIS,45,BAU,2071,401.431,57.863,459.294,5.74
LANDIS,45,BAU,2072,401.2,58.737,459.937,5.737
LANDIS,45,BAU,2073,400.904,59.597,460.501,5.733
LANDIS,45,BAU,2074,400.546,60.443,460.989,5.728
LANDIS,45,BAU,2075,400.13,61.274,461.404,5.722
LANDIS,45,BAU,2076,399.655,62.091,461.747,5.715
LANDIS,45,BAU,2077,399.124,62.894,462.018,5.707
LANDIS,45,BAU,2078,398.536,63.682,462.218,5.699
LANDIS,45,BAU,2079,397.893,64.457,462.35,5.69
LANDIS,45,BAU,2080,397.196,65.217,462.412,5.68
LANDIS,45,BAU,2081,396.445,65.962,462.408,5.669
LANDIS,45,BAU,2082,395.643,66.694,462.337,5.658
LANDIS,45,BAU,2083,394.789,67.411,462.2,5.645
LANDIS,45,BAU,2084,393.885,68.114,461.999,5.633
LANDIS,45,BAU,2085,392.934,68.803,461.737,5.619
LANDIS,45,BAU,2086,391.938,69.478,461.416,5.605
LANDIS,45,BAU,2087,390.898,70.139,461.037,5.59
LANDIS,45,BAU,2088,389.814,70.786,460.6,5.574
LANDIS,45,BAU,2089,388.687,71.419,460.106,5.558
LANDIS,45,BAU,2090,387.517,72.038,459.555,5.542
LANDIS,45,BAU,2091,386.307,72.643,458.95,5.524
LANDIS,45,BAU,2092,385.055,73.234,458.289,5.506
LANDIS,45,BAU,2093,383.763,73.812,457.574,5.488
LANDIS,45,BAU,2094,382.431,74.376,456.807,5.469
LANDIS,45,BAU,2095,381.065,74.926,455.992,5.449
LANDIS,45,BAU,2096,379.666,75.463,455.129,5.429
LANDIS,45,BAU,2097,378.235,75.986,454.222,5.409
LANDIS,45,BAU,2098,376.772,76.496,453.269,5.388
LANDIS,45,BAU,2099,375.277,76.993,452.27,5.366
LANDIS,45,BAU,2100,373.751,77.477,451.228,5.345
LANDIS,45,conservation,2025,325.11,0,325.11,4.649
LANDIS,45,conservation,2026,331.372,0.767,332.139,4.739
LANDIS,45,conservation,2027,337.564,1.494,339.058,4.827
LANDIS,45,conservation,2028,343.685,2.188,345.874,4.915
LANDIS,45,conservation,2029,349.736,2.856,352.592,5.001
LANDIS,45,conservation,2030,355.719,3.501,359.221,5.087
LANDIS,45,conservation,2031,361.634,4.129,365.763,5.171
LANDIS,45,conservation,2032,367.484,4.741,372.225,5.255
LANDIS,45,conservation,2033,373.266,5.341,378.607,5.338
LANDIS,45,conservation,2034,378.985,5.93,384.915,5.419
LANDIS,45,conservation,2035,384.611,6.511,391.122,5.5
LANDIS,45,conservation,2036,390.146,7.086,397.231,5.579
LANDIS,45,conservation,2037,395.592,7.654,403.245,5.657
LANDIS,45,conservation,2038,400.948,8.217,409.165,5.734
LANDIS,45,conservation,2039,406.216,8.776,414.992,5.809
LANDIS,45,conservation,2040,411.399,9.331,420.731,5.883
LANDIS,45,conservation,2041,416.496,9.884,426.379,5.956
LANDIS,45,conservation,2042,421.508,10.433,431.941,6.028
LANDIS,45,conservation,2043,426.438,10.98,437.418,6.098
LANDIS,45,conservation,2044,431.285,11.524,442.809,6.167
LANDIS,45,conservation,2045,436.035,12.067,448.102,6.235
LANDIS,45,conservation,2046,440.691,12.607,453.299,6.302
LANDIS,45,conservation,2047,445.255,13.146,458.4,6.367
LANDIS,45,conservation,2048,449.725,13.682,463.407,6.431
LANDIS,45,conservation,2049,454.102,14.217,468.319,6.494
LANDIS,45,conservation,2050,458.39,14.75,473.14,6.555
LANDIS,45,conservation,2051,462.588,15.281,477.869,6.615
LANDIS,45,conservation,2052,466.697,15.809,482.507,6.674
LANDIS,45,conservation,2053,470.719,16.336,487.055,6.731
LANDIS,45,conservation,2054,474.653,16.861,491.514,6.788
LANDIS,45,conservation,2055,478.497,17.384,495.88,6.843
LANDIS,45,conservation,2056,482.25,17.904,500.154,6.896
LANDIS,45,conservation,2057,485.913,18.422,504.335,6.949
LANDIS,45,conservation,2058,489.487,18.938,508.425,7
LANDIS,45,conservation,2059,492.974,19.452,512.426,7.05
LANDIS,45,conservation,2060,496.374,19.963,516.336,7.098
LANDIS,45,conservation,2061,499.688,20.471,520.159,7.146
LANDIS,45,conservation,2062,502.916,20.977,523.893,7.192
LANDIS,45,conservation,2063,506.06,21.48,527.54,7.237
LANDIS,45,conservation,2064,509.12,21.98,531.1,7.28
LANDIS,45,conservation,2065,512.097,22.478,534.574,7.323
LANDIS,45,conservation,2066,514.99,22.972,537.962,7.364
LANDIS,45,conservation,2067,517.802,23.464,541.266,7.405
LANDIS,45,conservation,2068,520.531,23.952,544.484,7.444
LANDIS,45,conservation,2069,523.18,24.438,547.618,7.481
LANDIS,45,conservation,2070,525.749,24.92,550.669,7.518
LANDIS,45,conservation,2071,528.238,25.399,553.637,7.554
LANDIS,45,conservation,2072,530.649,25.874,556.523,7.588
LANDIS,45,conservation,2073,532.981,26.346,559.327,7.622
LANDIS,45,conservation,2074,535.236,26.815,562.051,7.654
LANDIS,45,conservation,2075,537.417,27.281,564.698,7.685
LANDIS,45,conservation,2076,539.524,27.742,567.266,7.715
LANDIS,45,conservation,2077,541.558,28.2,569.759,7.744
LANDIS,45,conservation,2078,543.52,28.655,572.175,7.772
LANDIS,45,conservation,2079,545.41,29.106,574.516,7.799
LANDIS,45,conservation,2080,547.228,29.553,576.781,7.825
LANDIS,45,conservation,2081,548.976,29.996,578.972,7.85
LANDIS,45,conservation,2082,550.654,30.435,581.089,7.874
LANDIS,45,conservation,2083,552.262,30.871,583.134,7.897
LANDIS,45,conservation,2084,553.801,31.303,585.104,7.919
LANDIS,45,conservation,2085,555.275,31.731,587.006,7.94
LANDIS,45,conservation,2086,556.685,32.154,588.839,7.961
LANDIS,45,conservation,2087,558.031,32.574,590.605,7.98
LANDIS,45,conservation,2088,559.314,32.99,592.304,7.998
LANDIS,45,conservation,2089,560.534,33.402,593.936,8.016
LANDIS,45,conservation,2090,561.691,33.809,595.5,8.032
LANDIS,45,conservation,2091,562.786,34.213,596.999,8.048
LANDIS,45,conservation,2092,563.82,34.612,598.432,8.063
LANDIS,45,conservation,2093,564.792,35.007,599.8,8.077
LANDIS,45,conservation,2094,565.704,35.399,601.103,8.09
LANDIS,45,conservation,2095,566.561,35.785,602.346,8.102
LANDIS,45,conservation,2096,567.362,36.168,603.53,8.113
LANDIS,45,conservation,2097,568.11,36.546,604.657,8.124
LANDIS,45,conservation,2098,568.805,36.921,605.725,8.134
LANDIS,45,conservation,2099,569.445,37.29,606.735,8.143
LANDIS,45,conservation,2100,570.032,37.656,607.688,8.151
LANDIS,45,intensive,2025,325.11,0,325.11,4.649
LANDIS,45,intensive,2026,323.251,4.828,328.078,4.622
LANDIS,45,intensive,2027,321.405,9.285,330.691,4.596
LANDIS,45,intensive,2028,319.573,13.427,332.999,4.57
LANDIS,45,intensive,2029,317.754,17.296,335.05,4.544
LANDIS,45,intensive,2030,315.95,20.931,336.881,4.518
LANDIS,45,intensive,2031,314.16,24.363,338.522,4.492
LANDIS,45,intensive,2032,312.384,27.616,340.001,4.467
LANDIS,45,intensive,2033,310.623,30.714,341.336,4.442
LANDIS,45,intensive,2034,308.877,33.672,342.549,4.417
LANDIS,45,intensive,2035,307.117,36.508,343.625,4.392
LANDIS,45,intensive,2036,305.345,39.232,344.577,4.366
LANDIS,45,intensive,2037,303.563,41.855,345.418,4.341
LANDIS,45,intensive,2038,301.769,44.385,346.155,4.315
LANDIS,45,intensive,2039,299.967,46.831,346.798,4.29
LANDIS,45,intensive,2040,298.157,49.197,347.355,4.264
LANDIS,45,intensive,2041,296.339,51.49,347.829,4.238
LANDIS,45,intensive,2042,294.515,53.713,348.229,4.212
LANDIS,45,intensive,2043,292.687,55.871,348.558,4.185
LANDIS,45,intensive,2044,290.852,57.967,348.819,4.159
LANDIS,45,intensive,2045,288.999,60.003,349.002,4.133
LANDIS,45,intensive,2046,287.129,61.982,349.111,4.106
LANDIS,45,intensive,2047,285.244,63.906,349.15,4.079
LANDIS,45,intensive,2048,283.342,65.777,349.119,4.052
LANDIS,45,intensive,2049,281.426,67.596,349.023,4.024
LANDIS,45,intensive,2050,279.498,69.365,348.863,3.997
LANDIS,45,intensive,2051,277.557,71.086,348.643,3.969
LANDIS,45,intensive,2052,275.605,72.758,348.363,3.941
LANDIS,45,intensive,2053,273.643,74.384,348.027,3.913
LANDIS,45,intensive,2054,271.671,75.964,347.635,3.885
LANDIS,45,intensive,2055,269.685,77.499,347.184,3.857
LANDIS,45,intensive,2056,267.685,78.991,346.676,3.828
LANDIS,45,intensive,2057,265.673,80.44,346.113,3.799
LANDIS,45,intensive,2058,263.649,81.846,345.495,3.77
LANDIS,45,intensive,2059,261.615,83.21,344.825,3.741
LANDIS,45,intensive,2060,259.57,84.534,344.104,3.712
LANDIS,45,intensive,2061,257.517,85.818,343.335,3.683
LANDIS,45,intensive,2062,255.454,87.062,342.516,3.653
LANDIS,45,intensive,2063,253.384,88.266,341.65,3.623
LANDIS,45,intensive,2064,251.305,89.433,340.738,3.594
LANDIS,45,intensive,2065,249.22,90.562,339.782,3.564
LANDIS,45,intensive,2066,247.127,91.654,338.781,3.534
LANDIS,45,intensive,2067,245.029,92.709,337.737,3.504
LANDIS,45,intensive,2068,242.924,93.728,336.651,3.474
LANDIS,45,intensive,2069,240.813,94.711,335.525,3.444
LANDIS,45,intensive,2070,238.698,95.66,334.358,3.413
LANDIS,45,intensive,2071,236.578,96.575,333.153,3.383
LANDIS,45,intensive,2072,234.454,97.455,331.909,3.353
LANDIS,45,intensive,2073,232.326,98.302,330.628,3.322
LANDIS,45,intensive,2074,230.195,99.117,329.312,3.292
LANDIS,45,intensive,2075,228.064,99.899,327.964,3.261
LANDIS,45,intensive,2076,225.933,100.65,326.583,3.231
LANDIS,45,intensive,2077,223.802,101.369,325.171,3.2
LANDIS,45,intensive,2078,221.671,102.057,323.729,3.17
LANDIS,45,intensive,2079,219.542,102.716,322.258,3.139
LANDIS,45,intensive,2080,217.413,103.345,320.757,3.109
LANDIS,45,intensive,2081,215.285,103.944,319.229,3.079
LANDIS,45,intensive,2082,213.158,104.515,317.673,3.048
LANDIS,45,intensive,2083,211.034,105.058,316.091,3.018
LANDIS,45,intensive,2084,208.91,105.573,314.483,2.987
LANDIS,45,intensive,2085,206.792,106.06,312.852,2.957
LANDIS,45,intensive,2086,204.679,106.521,311.2,2.927
LANDIS,45,intensive,2087,202.572,106.956,309.528,2.897
LANDIS,45,intensive,2088,200.471,107.364,307.836,2.867
LANDIS,45,intensive,2089,198.375,107.748,306.123,2.837
LANDIS,45,intensive,2090,196.285,108.107,304.391,2.807
LANDIS,45,intensive,2091,194.2,108.441,302.641,2.777
LANDIS,45,intensive,2092,192.121,108.751,300.872,2.747
LANDIS,45,intensive,2093,190.047,109.038,299.085,2.718
LANDIS,45,intensive,2094,187.979,109.301,297.28,2.688
LANDIS,45,intensive,2095,185.921,109.542,295.463,2.659
LANDIS,45,intensive,2096,183.873,109.761,293.634,2.629
LANDIS,45,intensive,2097,181.837,109.957,291.794,2.6
LANDIS,45,intensive,2098,179.81,110.133,289.943,2.571
LANDIS,45,intensive,2099,177.793,110.288,288.081,2.542
LANDIS,45,intensive,2100,175.786,110.422,286.208,2.514
LANDIS,46,reserve,2025,22.21,0,22.21,0.835
LANDIS,46,reserve,2026,22.505,0,22.505,0.846
LANDIS,46,reserve,2027,22.797,0,22.797,0.857
LANDIS,46,reserve,2028,23.084,0,23.084,0.868
LANDIS,46,reserve,2029,23.368,0,23.368,0.879
LANDIS,46,reserve,2030,23.648,0,23.648,0.889
LANDIS,46,reserve,2031,23.924,0,23.924,0.9
LANDIS,46,reserve,2032,24.196,0,24.196,0.91
LANDIS,46,reserve,2033,24.465,0,24.465,0.92
LANDIS,46,reserve,2034,24.731,0,24.731,0.93
LANDIS,46,reserve,2035,24.992,0,24.992,0.94
LANDIS,46,reserve,2036,25.25,0,25.25,0.949
LANDIS,46,reserve,2037,25.503,0,25.503,0.959
LANDIS,46,reserve,2038,25.753,0,25.753,0.968
LANDIS,46,reserve,2039,25.998,0,25.998,0.977
LANDIS,46,reserve,2040,26.24,0,26.24,0.987
LANDIS,46,reserve,2041,26.479,0,26.479,0.996
LANDIS,46,reserve,2042,26.713,0,26.713,1.004
LANDIS,46,reserve,2043,26.944,0,26.944,1.013
LANDIS,46,reserve,2044,27.171,0,27.171,1.022
LANDIS,46,reserve,2045,27.394,0,27.394,1.03
LANDIS,46,reserve,2046,27.614,0,27.614,1.038
LANDIS,46,reserve,2047,27.83,0,27.83,1.046
LANDIS,46,reserve,2048,28.042,0,28.042,1.054
LANDIS,46,reserve,2049,28.251,0,28.251,1.062
LANDIS,46,reserve,2050,28.457,0,28.457,1.07
LANDIS,46,reserve,2051,28.659,0,28.659,1.078
LANDIS,46,reserve,2052,28.857,0,28.857,1.085
LANDIS,46,reserve,2053,29.052,0,29.052,1.092
LANDIS,46,reserve,2054,29.243,0,29.243,1.1
LANDIS,46,reserve,2055,29.432,0,29.432,1.107
LANDIS,46,reserve,2056,29.617,0,29.617,1.114
LANDIS,46,reserve,2057,29.8,0,29.8,1.12
LANDIS,46,reserve,2058,29.979,0,29.979,1.127
LANDIS,46,reserve,2059,30.156,0,30.156,1.134
LANDIS,46,reserve,2060,30.33,0,30.33,1.14
LANDIS,46,reserve,2061,30.501,0,30.501,1.147
LANDIS,46,reserve,2062,30.669,0,30.669,1.153
LANDIS,46,reserve,2063,30.834,0,30.834,1.159
LANDIS,46,reserve,2064,30.996,0,30.996,1.165
LANDIS,46,reserve,2065,31.156,0,31.156,1.171
LANDIS,46,reserve,2066,31.313,0,31.313,1.177
LANDIS,46,reserve,2067,31.467,0,31.467,1.183
LANDIS,46,reserve,2068,31.619,0,31.619,1.189
LANDIS,46,reserve,2069,31.768,0,31.768,1.194
LANDIS,46,reserve,2070,31.915,0,31.915,1.2
LANDIS,46,reserve,2071,32.059,0,32.059,1.205
LANDIS,46,reserve,2072,32.2,0,32.2,1.211
LANDIS,46,reserve,2073,32.339,0,32.339,1.216
LANDIS,46,reserve,2074,32.475,0,32.475,1.221
LANDIS,46,reserve,2075,32.609,0,32.609,1.226
LANDIS,46,reserve,2076,32.741,0,32.741,1.231
LANDIS,46,reserve,2077,32.87,0,32.87,1.236
LANDIS,46,reserve,2078,32.998,0,32.998,1.241
LANDIS,46,reserve,2079,33.123,0,33.123,1.245
LANDIS,46,reserve,2080,33.246,0,33.246,1.25
LANDIS,46,reserve,2081,33.367,0,33.367,1.255
LANDIS,46,reserve,2082,33.486,0,33.486,1.259
LANDIS,46,reserve,2083,33.603,0,33.603,1.263
LANDIS,46,reserve,2084,33.717,0,33.717,1.268
LANDIS,46,reserve,2085,33.83,0,33.83,1.272
LANDIS,46,reserve,2086,33.94,0,33.94,1.276
LANDIS,46,reserve,2087,34.048,0,34.048,1.28
LANDIS,46,reserve,2088,34.155,0,34.155,1.284
LANDIS,46,reserve,2089,34.259,0,34.259,1.288
LANDIS,46,reserve,2090,34.361,0,34.361,1.292
LANDIS,46,reserve,2091,34.461,0,34.461,1.296
LANDIS,46,reserve,2092,34.559,0,34.559,1.299
LANDIS,46,reserve,2093,34.655,0,34.655,1.303
LANDIS,46,reserve,2094,34.749,0,34.749,1.307
LANDIS,46,reserve,2095,34.841,0,34.841,1.31
LANDIS,46,reserve,2096,34.931,0,34.931,1.313
LANDIS,46,reserve,2097,35.02,0,35.02,1.317
LANDIS,46,reserve,2098,35.108,0,35.108,1.32
LANDIS,46,reserve,2099,35.193,0,35.193,1.323
LANDIS,46,reserve,2100,35.277,0,35.277,1.326
LANDIS,46,BAU,2025,22.21,0,22.21,0.835
LANDIS,46,BAU,2026,22.489,0.008,22.497,0.846
LANDIS,46,BAU,2027,22.764,0.016,22.78,0.856
LANDIS,46,BAU,2028,23.035,0.023,23.058,0.866
LANDIS,46,BAU,2029,23.302,0.03,23.332,0.876
LANDIS,46,BAU,2030,23.565,0.037,23.601,0.886
LANDIS,46,BAU,2031,23.824,0.043,23.867,0.896
LANDIS,46,BAU,2032,24.078,0.049,24.127,0.905
LANDIS,46,BAU,2033,24.33,0.055,24.385,0.915
LANDIS,46,BAU,2034,24.578,0.061,24.639,0.924
LANDIS,46,BAU,2035,24.821,0.067,24.888,0.933
LANDIS,46,BAU,2036,25.061,0.072,25.133,0.942
LANDIS,46,BAU,2037,25.296,0.078,25.374,0.951
LANDIS,46,BAU,2038,25.527,0.084,25.611,0.96
LANDIS,46,BAU,2039,25.753,0.089,25.842,0.968
LANDIS,46,BAU,2040,25.977,0.094,26.071,0.977
LANDIS,46,BAU,2041,26.197,0.1,26.296,0.985
LANDIS,46,BAU,2042,26.412,0.105,26.516,0.993
LANDIS,46,BAU,2043,26.623,0.11,26.733,1.001
LANDIS,46,BAU,2044,26.831,0.115,26.946,1.009
LANDIS,46,BAU,2045,27.034,0.12,27.154,1.016
LANDIS,46,BAU,2046,27.234,0.125,27.36,1.024
LANDIS,46,BAU,2047,27.431,0.13,27.561,1.031
LANDIS,46,BAU,2048,27.623,0.135,27.758,1.039
LANDIS,46,BAU,2049,27.811,0.14,27.952,1.046
LANDIS,46,BAU,2050,27.997,0.145,28.142,1.053
LANDIS,46,BAU,2051,28.179,0.15,28.329,1.059
LANDIS,46,BAU,2052,28.356,0.155,28.511,1.066
LANDIS,46,BAU,2053,28.53,0.16,28.69,1.073
LANDIS,46,BAU,2054,28.7,0.165,28.865,1.079
LANDIS,46,BAU,2055,28.869,0.169,29.038,1.085
LANDIS,46,BAU,2056,29.032,0.174,29.206,1.092
LANDIS,46,BAU,2057,29.194,0.179,29.373,1.098
LANDIS,46,BAU,2058,29.352,0.183,29.535,1.104
LANDIS,46,BAU,2059,29.507,0.188,29.695,1.109
LANDIS,46,BAU,2060,29.66,0.192,29.852,1.115
LANDIS,46,BAU,2061,29.809,0.197,30.006,1.121
LANDIS,46,BAU,2062,29.956,0.202,30.157,1.126
LANDIS,46,BAU,2063,30.099,0.206,30.305,1.132
LANDIS,46,BAU,2064,30.239,0.21,30.449,1.137
LANDIS,46,BAU,2065,30.377,0.215,30.591,1.142
LANDIS,46,BAU,2066,30.511,0.219,30.731,1.147
LANDIS,46,BAU,2067,30.643,0.224,30.867,1.152
LANDIS,46,BAU,2068,30.773,0.228,31.001,1.157
LANDIS,46,BAU,2069,30.899,0.232,31.131,1.162
LANDIS,46,BAU,2070,31.024,0.236,31.26,1.166
LANDIS,46,BAU,2071,31.145,0.241,31.386,1.171
LANDIS,46,BAU,2072,31.263,0.245,31.508,1.175
LANDIS,46,BAU,2073,31.379,0.249,31.628,1.18
LANDIS,46,BAU,2074,31.493,0.253,31.746,1.184
LANDIS,46,BAU,2075,31.604,0.257,31.861,1.188
LANDIS,46,BAU,2076,31.712,0.261,31.974,1.192
LANDIS,46,BAU,2077,31.818,0.265,32.084,1.196
LANDIS,46,BAU,2078,31.923,0.269,32.192,1.2
LANDIS,46,BAU,2079,32.025,0.273,32.298,1.204
LANDIS,46,BAU,2080,32.124,0.277,32.402,1.208
LANDIS,46,BAU,2081,32.222,0.281,32.503,1.212
LANDIS,46,BAU,2082,32.317,0.285,32.602,1.215
LANDIS,46,BAU,2083,32.411,0.289,32.7,1.219
LANDIS,46,BAU,2084,32.501,0.293,32.794,1.222
LANDIS,46,BAU,2085,32.59,0.296,32.887,1.225
LANDIS,46,BAU,2086,32.677,0.3,32.977,1.229
LANDIS,46,BAU,2087,32.761,0.304,33.064,1.232
LANDIS,46,BAU,2088,32.844,0.307,33.151,1.235
LANDIS,46,BAU,2089,32.924,0.311,33.235,1.238
LANDIS,46,BAU,2090,33.002,0.315,33.316,1.241
LANDIS,46,BAU,2091,33.078,0.318,33.396,1.244
LANDIS,46,BAU,2092,33.151,0.322,33.473,1.246
LANDIS,46,BAU,2093,33.223,0.325,33.549,1.249
LANDIS,46,BAU,2094,33.293,0.329,33.622,1.252
LANDIS,46,BAU,2095,33.361,0.332,33.693,1.254
LANDIS,46,BAU,2096,33.426,0.336,33.762,1.257
LANDIS,46,BAU,2097,33.491,0.339,33.83,1.259
LANDIS,46,BAU,2098,33.554,0.342,33.897,1.262
LANDIS,46,BAU,2099,33.615,0.346,33.961,1.264
LANDIS,46,BAU,2100,33.674,0.349,34.023,1.266
LANDIS,46,conservation,2025,22.21,0,22.21,0.835
LANDIS,46,conservation,2026,22.498,0.003,22.502,0.846
LANDIS,46,conservation,2027,22.784,0.006,22.79,0.857
LANDIS,46,conservation,2028,23.064,0.009,23.073,0.867
LANDIS,46,conservation,2029,23.341,0.012,23.353,0.878
LANDIS,46,conservation,2030,23.614,0.015,23.629,0.888
LANDIS,46,conservation,2031,23.884,0.017,23.901,0.898
LANDIS,46,conservation,2032,24.149,0.02,24.168,0.908
LANDIS,46,conservation,2033,24.41,0.022,24.433,0.918
LANDIS,46,conservation,2034,24.669,0.025,24.694,0.928
LANDIS,46,conservation,2035,24.923,0.027,24.95,0.937
LANDIS,46,conservation,2036,25.174,0.029,25.203,0.947
LANDIS,46,conservation,2037,25.419,0.032,25.451,0.956
LANDIS,46,conservation,2038,25.662,0.034,25.695,0.965
LANDIS,46,conservation,2039,25.899,0.036,25.935,0.974
LANDIS,46,conservation,2040,26.134,0.038,26.172,0.983
LANDIS,46,conservation,2041,26.365,0.04,26.405,0.991
LANDIS,46,conservation,2042,26.591,0.042,26.634,1
LANDIS,46,conservation,2043,26.814,0.045,26.859,1.008
LANDIS,46,conservation,2044,27.033,0.047,27.08,1.016
LANDIS,46,conservation,2045,27.248,0.049,27.297,1.024
LANDIS,46,conservation,2046,27.46,0.051,27.511,1.032
LANDIS,46,conservation,2047,27.668,0.053,27.721,1.04
LANDIS,46,conservation,2048,27.872,0.055,27.927,1.048
LANDIS,46,conservation,2049,28.073,0.057,28.13,1.056
LANDIS,46,conservation,2050,28.271,0.059,28.33,1.063
LANDIS,46,conservation,2051,28.464,0.061,28.525,1.07
LANDIS,46,conservation,2052,28.654,0.063,28.717,1.077
LANDIS,46,conservation,2053,28.841,0.065,28.905,1.084
LANDIS,46,conservation,2054,29.023,0.067,29.09,1.091
LANDIS,46,conservation,2055,29.204,0.069,29.272,1.098
LANDIS,46,conservation,2056,29.38,0.071,29.451,1.105
LANDIS,46,conservation,2057,29.554,0.073,29.627,1.111
LANDIS,46,conservation,2058,29.725,0.074,29.799,1.118
LANDIS,46,conservation,2059,29.893,0.076,29.969,1.124
LANDIS,46,conservation,2060,30.058,0.078,30.136,1.13
LANDIS,46,conservation,2061,30.22,0.08,30.3,1.136
LANDIS,46,conservation,2062,30.379,0.082,30.461,1.142
LANDIS,46,conservation,2063,30.535,0.084,30.619,1.148
LANDIS,46,conservation,2064,30.688,0.086,30.774,1.154
LANDIS,46,conservation,2065,30.839,0.087,30.927,1.16
LANDIS,46,conservation,2066,30.987,0.089,31.076,1.165
LANDIS,46,conservation,2067,31.132,0.091,31.223,1.171
LANDIS,46,conservation,2068,31.275,0.093,31.368,1.176
LANDIS,46,conservation,2069,31.415,0.095,31.509,1.181
LANDIS,46,conservation,2070,31.553,0.096,31.649,1.186
LANDIS,46,conservation,2071,31.687,0.098,31.785,1.191
LANDIS,46,conservation,2072,31.819,0.1,31.919,1.196
LANDIS,46,conservation,2073,31.949,0.101,32.05,1.201
LANDIS,46,conservation,2074,32.075,0.103,32.178,1.206
LANDIS,46,conservation,2075,32.2,0.105,32.305,1.211
LANDIS,46,conservation,2076,32.322,0.107,32.429,1.215
LANDIS,46,conservation,2077,32.442,0.108,32.55,1.22
LANDIS,46,conservation,2078,32.56,0.11,32.67,1.224
LANDIS,46,conservation,2079,32.676,0.112,32.787,1.229
LANDIS,46,conservation,2080,32.789,0.113,32.902,1.233
LANDIS,46,conservation,2081,32.9,0.115,33.015,1.237
LANDIS,46,conservation,2082,33.01,0.116,33.126,1.241
LANDIS,46,conservation,2083,33.117,0.118,33.235,1.245
LANDIS,46,conservation,2084,33.221,0.12,33.341,1.249
LANDIS,46,conservation,2085,33.324,0.121,33.446,1.253
LANDIS,46,conservation,2086,33.425,0.123,33.547,1.257
LANDIS,46,conservation,2087,33.523,0.124,33.647,1.26
LANDIS,46,conservation,2088,33.62,0.126,33.746,1.264
LANDIS,46,conservation,2089,33.714,0.127,33.841,1.268
LANDIS,46,conservation,2090,33.806,0.129,33.935,1.271
LANDIS,46,conservation,2091,33.896,0.13,34.026,1.274
LANDIS,46,conservation,2092,33.984,0.132,34.116,1.278
LANDIS,46,conservation,2093,34.07,0.133,34.203,1.281
LANDIS,46,conservation,2094,34.154,0.135,34.289,1.284
LANDIS,46,conservation,2095,34.236,0.136,34.372,1.287
LANDIS,46,conservation,2096,34.316,0.138,34.454,1.29
LANDIS,46,conservation,2097,34.395,0.139,34.534,1.293
LANDIS,46,conservation,2098,34.473,0.14,34.613,1.296
LANDIS,46,conservation,2099,34.548,0.142,34.689,1.299
LANDIS,46,conservation,2100,34.622,0.143,34.765,1.302
LANDIS,46,intensive,2025,22.21,0,22.21,0.835
LANDIS,46,intensive,2026,22.464,0.021,22.484,0.845
LANDIS,46,intensive,2027,22.714,0.04,22.754,0.854
LANDIS,46,intensive,2028,22.959,0.058,23.017,0.863
LANDIS,46,intensive,2029,23.201,0.076,23.276,0.872
LANDIS,46,intensive,2030,23.438,0.092,23.53,0.881
LANDIS,46,intensive,2031,23.67,0.109,23.779,0.89
LANDIS,46,intensive,2032,23.898,0.124,24.023,0.899
LANDIS,46,intensive,2033,24.123,0.139,24.262,0.907
LANDIS,46,intensive,2034,24.344,0.154,24.498,0.915
LANDIS,46,intensive,2035,24.56,0.169,24.729,0.923
LANDIS,46,intensive,2036,24.773,0.183,24.956,0.931
LANDIS,46,intensive,2037,24.98,0.197,25.177,0.939
LANDIS,46,intensive,2038,25.184,0.21,25.394,0.947
LANDIS,46,intensive,2039,25.382,0.224,25.606,0.954
LANDIS,46,intensive,2040,25.577,0.237,25.814,0.962
LANDIS,46,intensive,2041,25.768,0.25,26.019,0.969
LANDIS,46,intensive,2042,25.955,0.263,26.218,0.976
LANDIS,46,intensive,2043,26.138,0.276,26.414,0.983
LANDIS,46,intensive,2044,26.316,0.289,26.605,0.989
LANDIS,46,intensive,2045,26.49,0.302,26.792,0.996
LANDIS,46,intensive,2046,26.661,0.314,26.975,1.002
LANDIS,46,intensive,2047,26.828,0.327,27.154,1.009
LANDIS,46,intensive,2048,26.99,0.339,27.329,1.015
LANDIS,46,intensive,2049,27.149,0.351,27.5,1.021
LANDIS,46,intensive,2050,27.305,0.363,27.668,1.027
LANDIS,46,intensive,2051,27.456,0.375,27.831,1.032
LANDIS,46,intensive,2052,27.603,0.387,27.99,1.038
LANDIS,46,intensive,2053,27.747,0.399,28.146,1.043
LANDIS,46,intensive,2054,27.887,0.41,28.297,1.049
LANDIS,46,intensive,2055,28.024,0.422,28.446,1.054
LANDIS,46,intensive,2056,28.157,0.433,28.591,1.059
LANDIS,46,intensive,2057,28.288,0.445,28.733,1.064
LANDIS,46,intensive,2058,28.415,0.456,28.871,1.068
LANDIS,46,intensive,2059,28.539,0.467,29.006,1.073
LANDIS,46,intensive,2060,28.66,0.478,29.139,1.078
LANDIS,46,intensive,2061,28.778,0.489,29.267,1.082
LANDIS,46,intensive,2062,28.893,0.5,29.393,1.086
LANDIS,46,intensive,2063,29.004,0.511,29.515,1.091
LANDIS,46,intensive,2064,29.112,0.522,29.634,1.095
LANDIS,46,intensive,2065,29.218,0.533,29.751,1.099
LANDIS,46,intensive,2066,29.321,0.543,29.864,1.102
LANDIS,46,intensive,2067,29.421,0.554,29.974,1.106
LANDIS,46,intensive,2068,29.518,0.564,30.082,1.11
LANDIS,46,intensive,2069,29.613,0.574,30.187,1.113
LANDIS,46,intensive,2070,29.705,0.584,30.289,1.117
LANDIS,46,intensive,2071,29.794,0.594,30.388,1.12
LANDIS,46,intensive,2072,29.88,0.604,30.484,1.123
LANDIS,46,intensive,2073,29.963,0.614,30.577,1.127
LANDIS,46,intensive,2074,30.044,0.624,30.668,1.13
LANDIS,46,intensive,2075,30.122,0.634,30.756,1.133
LANDIS,46,intensive,2076,30.198,0.643,30.841,1.135
LANDIS,46,intensive,2077,30.271,0.653,30.924,1.138
LANDIS,46,intensive,2078,30.343,0.662,31.005,1.141
LANDIS,46,intensive,2079,30.412,0.671,31.083,1.143
LANDIS,46,intensive,2080,30.479,0.681,31.159,1.146
LANDIS,46,intensive,2081,30.543,0.69,31.233,1.148
LANDIS,46,intensive,2082,30.606,0.699,31.304,1.151
LANDIS,46,intensive,2083,30.666,0.708,31.374,1.153
LANDIS,46,intensive,2084,30.723,0.717,31.44,1.155
LANDIS,46,intensive,2085,30.779,0.725,31.505,1.157
LANDIS,46,intensive,2086,30.832,0.734,31.566,1.159
LANDIS,46,intensive,2087,30.883,0.743,31.626,1.161
LANDIS,46,intensive,2088,30.933,0.751,31.684,1.163
LANDIS,46,intensive,2089,30.979,0.76,31.739,1.165
LANDIS,46,intensive,2090,31.024,0.768,31.792,1.166
LANDIS,46,intensive,2091,31.066,0.776,31.843,1.168
LANDIS,46,intensive,2092,31.107,0.784,31.891,1.17
LANDIS,46,intensive,2093,31.145,0.792,31.938,1.171
LANDIS,46,intensive,2094,31.182,0.8,31.982,1.172
LANDIS,46,intensive,2095,31.216,0.808,32.024,1.174
LANDIS,46,intensive,2096,31.248,0.816,32.064,1.175
LANDIS,46,intensive,2097,31.279,0.824,32.103,1.176
LANDIS,46,intensive,2098,31.309,0.831,32.14,1.177
LANDIS,46,intensive,2099,31.336,0.839,32.175,1.178
LANDIS,46,intensive,2100,31.362,0.846,32.208,1.179
LANDIS,47,reserve,2025,461.09,0,461.09,5.395
LANDIS,47,reserve,2026,474.68,0,474.68,5.554
LANDIS,47,reserve,2027,488.309,0,488.309,5.713
LANDIS,47,reserve,2028,501.976,0,501.976,5.873
LANDIS,47,reserve,2029,515.682,0,515.682,6.033
LANDIS,47,reserve,2030,529.427,0,529.427,6.194
LANDIS,47,reserve,2031,543.212,0,543.212,6.356
LANDIS,47,reserve,2032,557.036,0,557.036,6.517
LANDIS,47,reserve,2033,570.901,0,570.901,6.68
LANDIS,47,reserve,2034,584.806,0,584.806,6.842
LANDIS,47,reserve,2035,598.668,0,598.668,7.004
LANDIS,47,reserve,2036,612.49,0,612.49,7.166
LANDIS,47,reserve,2037,626.272,0,626.272,7.327
LANDIS,47,reserve,2038,640.014,0,640.014,7.488
LANDIS,47,reserve,2039,653.719,0,653.719,7.648
LANDIS,47,reserve,2040,667.388,0,667.388,7.808
LANDIS,47,reserve,2041,681.02,0,681.02,7.968
LANDIS,47,reserve,2042,694.619,0,694.619,8.127
LANDIS,47,reserve,2043,708.183,0,708.183,8.286
LANDIS,47,reserve,2044,721.715,0,721.715,8.444
LANDIS,47,reserve,2045,735.16,0,735.16,8.601
LANDIS,47,reserve,2046,748.521,0,748.521,8.758
LANDIS,47,reserve,2047,761.799,0,761.799,8.913
LANDIS,47,reserve,2048,774.994,0,774.994,9.067
LANDIS,47,reserve,2049,788.108,0,788.108,9.221
LANDIS,47,reserve,2050,801.142,0,801.142,9.373
LANDIS,47,reserve,2051,814.096,0,814.096,9.525
LANDIS,47,reserve,2052,826.973,0,826.973,9.676
LANDIS,47,reserve,2053,839.773,0,839.773,9.825
LANDIS,47,reserve,2054,852.496,0,852.496,9.974
LANDIS,47,reserve,2055,865.112,0,865.112,10.122
LANDIS,47,reserve,2056,877.622,0,877.622,10.268
LANDIS,47,reserve,2057,890.026,0,890.026,10.413
LANDIS,47,reserve,2058,902.325,0,902.325,10.557
LANDIS,47,reserve,2059,914.521,0,914.521,10.7
LANDIS,47,reserve,2060,926.614,0,926.614,10.841
LANDIS,47,reserve,2061,938.605,0,938.605,10.982
LANDIS,47,reserve,2062,950.495,0,950.495,11.121
LANDIS,47,reserve,2063,962.286,0,962.286,11.259
LANDIS,47,reserve,2064,973.977,0,973.977,11.396
LANDIS,47,reserve,2065,985.552,0,985.552,11.531
LANDIS,47,reserve,2066,997.012,0,997.012,11.665
LANDIS,47,reserve,2067,1008.358,0,1008.358,11.798
LANDIS,47,reserve,2068,1019.589,0,1019.589,11.929
LANDIS,47,reserve,2069,1030.708,0,1030.708,12.059
LANDIS,47,reserve,2070,1041.715,0,1041.715,12.188
LANDIS,47,reserve,2071,1052.61,0,1052.61,12.316
LANDIS,47,reserve,2072,1063.395,0,1063.395,12.442
LANDIS,47,reserve,2073,1074.069,0,1074.069,12.567
LANDIS,47,reserve,2074,1084.634,0,1084.634,12.69
LANDIS,47,reserve,2075,1095.083,0,1095.083,12.812
LANDIS,47,reserve,2076,1105.417,0,1105.417,12.933
LANDIS,47,reserve,2077,1115.636,0,1115.636,13.053
LANDIS,47,reserve,2078,1125.74,0,1125.74,13.171
LANDIS,47,reserve,2079,1135.731,0,1135.731,13.288
LANDIS,47,reserve,2080,1145.609,0,1145.609,13.404
LANDIS,47,reserve,2081,1155.374,0,1155.374,13.518
LANDIS,47,reserve,2082,1165.028,0,1165.028,13.631
LANDIS,47,reserve,2083,1174.57,0,1174.57,13.742
LANDIS,47,reserve,2084,1184.001,0,1184.001,13.853
LANDIS,47,reserve,2085,1193.321,0,1193.321,13.962
LANDIS,47,reserve,2086,1202.53,0,1202.53,14.07
LANDIS,47,reserve,2087,1211.629,0,1211.629,14.176
LANDIS,47,reserve,2088,1220.618,0,1220.618,14.281
LANDIS,47,reserve,2089,1229.497,0,1229.497,14.385
LANDIS,47,reserve,2090,1238.268,0,1238.268,14.488
LANDIS,47,reserve,2091,1246.93,0,1246.93,14.589
LANDIS,47,reserve,2092,1255.483,0,1255.483,14.689
LANDIS,47,reserve,2093,1263.929,0,1263.929,14.788
LANDIS,47,reserve,2094,1272.268,0,1272.268,14.886
LANDIS,47,reserve,2095,1280.503,0,1280.503,14.982
LANDIS,47,reserve,2096,1288.635,0,1288.635,15.077
LANDIS,47,reserve,2097,1296.665,0,1296.665,15.171
LANDIS,47,reserve,2098,1304.592,0,1304.592,15.264
LANDIS,47,reserve,2099,1312.418,0,1312.418,15.355
LANDIS,47,reserve,2100,1320.141,0,1320.141,15.446
LANDIS,47,BAU,2025,461.09,0,461.09,5.395
LANDIS,47,BAU,2026,465.448,4.616,470.064,5.446
LANDIS,47,BAU,2027,469.757,8.948,478.706,5.496
LANDIS,47,BAU,2028,474.019,13.042,487.061,5.546
LANDIS,47,BAU,2029,478.234,16.936,495.17,5.595
LANDIS,47,BAU,2030,482.403,20.661,503.065,5.644
LANDIS,47,BAU,2031,486.529,24.244,510.773,5.692
LANDIS,47,BAU,2032,490.612,27.704,518.316,5.74
LANDIS,47,BAU,2033,494.653,31.061,525.715,5.787
LANDIS,47,BAU,2034,498.654,34.329,532.983,5.834
LANDIS,47,BAU,2035,502.532,37.52,540.052,5.88
LANDIS,47,BAU,2036,506.292,40.644,546.936,5.924
LANDIS,47,BAU,2037,509.937,43.708,553.645,5.966
LANDIS,47,BAU,2038,513.468,46.719,560.187,6.008
LANDIS,47,BAU,2039,516.892,49.681,566.573,6.048
LANDIS,47,BAU,2040,520.212,52.599,572.811,6.086
LANDIS,47,BAU,2041,523.428,55.476,578.904,6.124
LANDIS,47,BAU,2042,526.547,58.315,584.862,6.161
LANDIS,47,BAU,2043,529.568,61.12,590.688,6.196
LANDIS,47,BAU,2044,532.497,63.891,596.387,6.23
LANDIS,47,BAU,2045,535.28,66.63,601.909,6.263
LANDIS,47,BAU,2046,537.923,69.338,607.261,6.294
LANDIS,47,BAU,2047,540.43,72.016,612.446,6.323
LANDIS,47,BAU,2048,542.805,74.663,617.468,6.351
LANDIS,47,BAU,2049,545.05,77.282,622.332,6.377
LANDIS,47,BAU,2050,547.171,79.87,627.041,6.402
LANDIS,47,BAU,2051,549.169,82.43,631.599,6.425
LANDIS,47,BAU,2052,551.051,84.961,636.011,6.447
LANDIS,47,BAU,2053,552.817,87.462,640.279,6.468
LANDIS,47,BAU,2054,554.471,89.935,644.406,6.487
LANDIS,47,BAU,2055,555.985,92.379,648.364,6.505
LANDIS,47,BAU,2056,557.363,94.794,652.157,6.521
LANDIS,47,BAU,2057,558.607,97.179,655.786,6.536
LANDIS,47,BAU,2058,559.722,99.534,659.256,6.549
LANDIS,47,BAU,2059,560.711,101.86,662.57,6.56
LANDIS,47,BAU,2060,561.577,104.155,665.732,6.57
LANDIS,47,BAU,2061,562.324,106.42,668.743,6.579
LANDIS,47,BAU,2062,562.954,108.654,671.608,6.587
LANDIS,47,BAU,2063,563.474,110.857,674.331,6.593
LANDIS,47,BAU,2064,563.882,113.029,676.912,6.597
LANDIS,47,BAU,2065,564.167,115.17,679.338,6.601
LANDIS,47,BAU,2066,564.331,117.28,681.611,6.603
LANDIS,47,BAU,2067,564.378,119.358,683.736,6.603
LANDIS,47,BAU,2068,564.308,121.404,685.713,6.602
LANDIS,47,BAU,2069,564.129,123.418,687.547,6.6
LANDIS,47,BAU,2070,563.84,125.4,689.24,6.597
LANDIS,47,BAU,2071,563.446,127.349,690.795,6.592
LANDIS,47,BAU,2072,562.949,129.266,692.215,6.586
LANDIS,47,BAU,2073,562.352,131.15,693.501,6.58
LANDIS,47,BAU,2074,561.657,133.001,694.658,6.571
LANDIS,47,BAU,2075,560.86,134.819,695.679,6.562
LANDIS,47,BAU,2076,559.964,136.605,696.569,6.552
LANDIS,47,BAU,2077,558.971,138.357,697.328,6.54
LANDIS,47,BAU,2078,557.883,140.076,697.96,6.527
LANDIS,47,BAU,2079,556.704,141.762,698.466,6.513
LANDIS,47,BAU,2080,555.435,143.415,698.85,6.499
LANDIS,47,BAU,2081,554.079,145.034,699.114,6.483
LANDIS,47,BAU,2082,552.639,146.621,699.26,6.466
LANDIS,47,BAU,2083,551.116,148.174,699.289,6.448
LANDIS,47,BAU,2084,549.512,149.693,699.205,6.429
LANDIS,47,BAU,2085,547.83,151.18,699.009,6.41
LANDIS,47,BAU,2086,546.07,152.633,698.703,6.389
LANDIS,47,BAU,2087,544.235,154.053,698.288,6.368
LANDIS,47,BAU,2088,542.327,155.44,697.767,6.345
LANDIS,47,BAU,2089,540.347,156.794,697.142,6.322
LANDIS,47,BAU,2090,538.299,158.116,696.415,6.298
LANDIS,47,BAU,2091,536.183,159.404,695.587,6.273
LANDIS,47,BAU,2092,534,160.66,694.66,6.248
LANDIS,47,BAU,2093,531.754,161.883,693.637,6.222
LANDIS,47,BAU,2094,529.446,163.073,692.52,6.195
LANDIS,47,BAU,2095,527.08,164.232,691.312,6.167
LANDIS,47,BAU,2096,524.659,165.358,690.017,6.138
LANDIS,47,BAU,2097,522.184,166.452,688.636,6.11
LANDIS,47,BAU,2098,519.655,167.514,687.17,6.08
LANDIS,47,BAU,2099,517.077,168.545,685.622,6.05
LANDIS,47,BAU,2100,514.446,169.544,683.991,6.019
LANDIS,47,conservation,2025,461.09,0,461.09,5.395
LANDIS,47,conservation,2026,471.214,1.733,472.947,5.513
LANDIS,47,conservation,2027,481.301,3.381,484.682,5.631
LANDIS,47,conservation,2028,491.35,4.96,496.31,5.749
LANDIS,47,conservation,2029,501.363,6.482,507.845,5.866
LANDIS,47,conservation,2030,511.339,7.96,519.299,5.983
LANDIS,47,conservation,2031,521.281,9.4,530.68,6.099
LANDIS,47,conservation,2032,531.186,10.811,541.997,6.215
LANDIS,47,conservation,2033,541.058,12.198,553.256,6.33
LANDIS,47,conservation,2034,550.896,13.566,564.463,6.445
LANDIS,47,conservation,2035,560.617,14.921,575.538,6.559
LANDIS,47,conservation,2036,570.225,16.263,586.488,6.672
LANDIS,47,conservation,2037,579.721,17.597,597.318,6.783
LANDIS,47,conservation,2038,589.105,18.923,608.029,6.893
LANDIS,47,conservation,2039,598.382,20.244,618.626,7.001
LANDIS,47,conservation,2040,607.553,21.561,629.114,7.108
LANDIS,47,conservation,2041,616.618,22.874,639.493,7.214
LANDIS,47,conservation,2042,625.582,24.185,649.768,7.319
LANDIS,47,conservation,2043,634.444,25.495,659.939,7.423
LANDIS,47,conservation,2044,643.207,26.803,670.01,7.526
LANDIS,47,conservation,2045,651.817,28.11,679.927,7.626
LANDIS,47,conservation,2046,660.279,29.416,689.695,7.725
LANDIS,47,conservation,2047,668.593,30.721,699.315,7.823
LANDIS,47,conservation,2048,676.763,32.026,708.789,7.918
LANDIS,47,conservation,2049,684.79,33.329,718.119,8.012
LANDIS,47,conservation,2050,692.676,34.631,727.308,8.104
LANDIS,47,conservation,2051,700.424,35.932,736.356,8.195
LANDIS,47,conservation,2052,708.036,37.232,745.268,8.284
LANDIS,47,conservation,2053,715.513,38.53,754.043,8.371
LANDIS,47,conservation,2054,722.858,39.826,762.684,8.457
LANDIS,47,conservation,2055,730.04,41.12,771.161,8.541
LANDIS,47,conservation,2056,737.063,42.412,779.475,8.624
LANDIS,47,conservation,2057,743.927,43.701,787.628,8.704
LANDIS,47,conservation,2058,750.634,44.988,795.621,8.782
LANDIS,47,conservation,2059,757.187,46.271,803.458,8.859
LANDIS,47,conservation,2060,763.589,47.55,811.139,8.934
LANDIS,47,conservation,2061,769.84,48.826,818.666,9.007
LANDIS,47,conservation,2062,775.943,50.097,826.041,9.079
LANDIS,47,conservation,2063,781.902,51.365,833.266,9.148
LANDIS,47,conservation,2064,787.715,52.627,840.343,9.216
LANDIS,47,conservation,2065,793.369,53.885,847.254,9.282
LANDIS,47,conservation,2066,798.865,55.138,854.003,9.347
LANDIS,47,conservation,2067,804.207,56.385,860.592,9.409
LANDIS,47,conservation,2068,809.392,57.627,867.019,9.47
LANDIS,47,conservation,2069,814.427,58.862,873.29,9.529
LANDIS,47,conservation,2070,819.313,60.091,879.404,9.586
LANDIS,47,conservation,2071,824.049,61.314,885.363,9.641
LANDIS,47,conservation,2072,828.64,62.53,891.17,9.695
LANDIS,47,conservation,2073,833.085,63.739,896.824,9.747
LANDIS,47,conservation,2074,837.388,64.941,902.328,9.797
LANDIS,47,conservation,2075,841.542,66.135,907.677,9.846
LANDIS,47,conservation,2076,845.551,67.321,912.872,9.893
LANDIS,47,conservation,2077,849.414,68.5,917.914,9.938
LANDIS,47,conservation,2078,853.133,69.671,922.803,9.982
LANDIS,47,conservation,2079,856.711,70.833,927.544,10.024
LANDIS,47,conservation,2080,860.149,71.986,932.136,10.064
LANDIS,47,conservation,2081,863.449,73.131,936.58,10.102
LANDIS,47,conservation,2082,866.612,74.267,940.88,10.139
LANDIS,47,conservation,2083,869.64,75.394,945.034,10.175
LANDIS,47,conservation,2084,872.534,76.512,949.046,10.209
LANDIS,47,conservation,2085,875.296,77.62,952.915,10.241
LANDIS,47,conservation,2086,877.925,78.718,956.644,10.272
LANDIS,47,conservation,2087,880.425,79.807,960.232,10.301
LANDIS,47,conservation,2088,882.796,80.886,963.682,10.329
LANDIS,47,conservation,2089,885.039,81.955,966.994,10.355
LANDIS,47,conservation,2090,887.158,83.013,970.171,10.38
LANDIS,47,conservation,2091,889.151,84.061,973.213,10.403
LANDIS,47,conservation,2092,891.021,85.099,976.12,10.425
LANDIS,47,conservation,2093,892.769,86.126,978.895,10.445
LANDIS,47,conservation,2094,894.397,87.143,981.54,10.464
LANDIS,47,conservation,2095,895.909,88.148,984.057,10.482
LANDIS,47,conservation,2096,897.307,89.143,986.45,10.498
LANDIS,47,conservation,2097,898.592,90.127,988.719,10.514
LANDIS,47,conservation,2098,899.764,91.099,990.864,10.527
LANDIS,47,conservation,2099,900.827,92.061,992.888,10.54
LANDIS,47,conservation,2100,901.779,93.011,994.789,10.551
LANDIS,47,intensive,2025,461.09,0,461.09,5.395
LANDIS,47,intensive,2026,452.858,10.911,463.769,5.298
LANDIS,47,intensive,2027,445.054,20.854,465.907,5.207
LANDIS,47,intensive,2028,437.657,29.968,467.625,5.121
LANDIS,47,intensive,2029,430.65,38.371,469.02,5.039
LANDIS,47,intensive,2030,424.013,46.161,470.174,4.961
LANDIS,47,intensive,2031,417.73,53.422,471.152,4.887
LANDIS,47,intensive,2032,411.784,60.221,472.005,4.818
LANDIS,47,intensive,2033,406.16,66.617,472.777,4.752
LANDIS,47,intensive,2034,400.842,72.659,473.501,4.69
LANDIS,47,intensive,2035,395.733,78.388,474.121,4.63
LANDIS,47,intensive,2036,390.826,83.838,474.664,4.573
LANDIS,47,intensive,2037,386.111,89.036,475.147,4.517
LANDIS,47,intensive,2038,381.579,94.006,475.585,4.464
LANDIS,47,intensive,2039,377.225,98.77,475.994,4.414
LANDIS,47,intensive,2040,373.04,103.344,476.384,4.365
LANDIS,47,intensive,2041,369.017,107.743,476.76,4.317
LANDIS,47,intensive,2042,365.151,111.982,477.133,4.272
LANDIS,47,intensive,2043,361.433,116.07,477.504,4.229
LANDIS,47,intensive,2044,357.86,120.019,477.879,4.187
LANDIS,47,intensive,2045,354.368,123.837,478.205,4.146
LANDIS,47,intensive,2046,350.957,127.531,478.488,4.106
LANDIS,47,intensive,2047,347.625,131.106,478.731,4.067
LANDIS,47,intensive,2048,344.368,134.568,478.936,4.029
LANDIS,47,intensive,2049,341.183,137.922,479.105,3.992
LANDIS,47,intensive,2050,338.07,141.171,479.241,3.955
LANDIS,47,intensive,2051,335.024,144.32,479.344,3.92
LANDIS,47,intensive,2052,332.045,147.373,479.418,3.885
LANDIS,47,intensive,2053,329.13,150.332,479.462,3.851
LANDIS,47,intensive,2054,326.276,153.202,479.478,3.817
LANDIS,47,intensive,2055,323.45,155.984,479.434,3.784
LANDIS,47,intensive,2056,320.651,158.682,479.333,3.752
LANDIS,47,intensive,2057,317.88,161.296,479.176,3.719
LANDIS,47,intensive,2058,315.134,163.829,478.963,3.687
LANDIS,47,intensive,2059,312.415,166.283,478.699,3.655
LANDIS,47,intensive,2060,309.722,168.659,478.382,3.624
LANDIS,47,intensive,2061,307.055,170.96,478.015,3.593
LANDIS,47,intensive,2062,304.413,173.186,477.599,3.562
LANDIS,47,intensive,2063,301.796,175.34,477.136,3.531
LANDIS,47,intensive,2064,299.204,177.422,476.626,3.501
LANDIS,47,intensive,2065,296.618,179.436,476.054,3.47
LANDIS,47,intensive,2066,294.04,181.381,475.421,3.44
LANDIS,47,intensive,2067,291.47,183.259,474.729,3.41
LANDIS,47,intensive,2068,288.906,185.071,473.977,3.38
LANDIS,47,intensive,2069,286.352,186.819,473.17,3.35
LANDIS,47,intensive,2070,283.806,188.502,472.308,3.321
LANDIS,47,intensive,2071,281.269,190.123,471.392,3.291
LANDIS,47,intensive,2072,278.742,191.683,470.425,3.261
LANDIS,47,intensive,2073,276.224,193.182,469.406,3.232
LANDIS,47,intensive,2074,273.716,194.622,468.337,3.202
LANDIS,47,intensive,2075,271.21,196.003,467.214,3.173
LANDIS,47,intensive,2076,268.709,197.328,466.036,3.144
LANDIS,47,intensive,2077,266.21,198.596,464.806,3.115
LANDIS,47,intensive,2078,263.715,199.809,463.524,3.085
LANDIS,47,intensive,2079,261.225,200.967,462.192,3.056
LANDIS,47,intensive,2080,258.74,202.071,460.811,3.027
LANDIS,47,intensive,2081,256.259,203.123,459.382,2.998
LANDIS,47,intensive,2082,253.785,204.123,457.908,2.969
LANDIS,47,intensive,2083,251.316,205.073,456.388,2.94
LANDIS,47,intensive,2084,248.852,205.972,454.824,2.912
LANDIS,47,intensive,2085,246.395,206.822,453.216,2.883
LANDIS,47,intensive,2086,243.942,207.624,451.566,2.854
LANDIS,47,intensive,2087,241.496,208.378,449.874,2.825
LANDIS,47,intensive,2088,239.055,209.086,448.141,2.797
LANDIS,47,intensive,2089,236.62,209.747,446.368,2.768
LANDIS,47,intensive,2090,234.193,210.364,444.557,2.74
LANDIS,47,intensive,2091,231.771,210.937,442.708,2.712
LANDIS,47,intensive,2092,229.355,211.466,440.821,2.683
LANDIS,47,intensive,2093,226.946,211.953,438.898,2.655
LANDIS,47,intensive,2094,224.544,212.397,436.941,2.627
LANDIS,47,intensive,2095,222.152,212.801,434.952,2.599
LANDIS,47,intensive,2096,219.77,213.164,432.934,2.571
LANDIS,47,intensive,2097,217.398,213.488,430.886,2.544
LANDIS,47,intensive,2098,215.036,213.773,428.809,2.516
LANDIS,47,intensive,2099,212.685,214.02,426.705,2.488
LANDIS,47,intensive,2100,210.342,214.229,424.571,2.461
LANDIS,48,reserve,2025,479.11,0,479.11,5.126
LANDIS,48,reserve,2026,489.463,0,489.463,5.237
LANDIS,48,reserve,2027,499.759,0,499.759,5.347
LANDIS,48,reserve,2028,509.997,0,509.997,5.457
LANDIS,48,reserve,2029,520.18,0,520.18,5.566
LANDIS,48,reserve,2030,530.307,0,530.307,5.674
LANDIS,48,reserve,2031,540.379,0,540.379,5.782
LANDIS,48,reserve,2032,550.397,0,550.397,5.889
LANDIS,48,reserve,2033,560.361,0,560.361,5.996
LANDIS,48,reserve,2034,570.272,0,570.272,6.102
LANDIS,48,reserve,2035,580.093,0,580.093,6.207
LANDIS,48,reserve,2036,589.824,0,589.824,6.311
LANDIS,48,reserve,2037,599.467,0,599.467,6.414
LANDIS,48,reserve,2038,609.021,0,609.021,6.517
LANDIS,48,reserve,2039,618.489,0,618.489,6.618
LANDIS,48,reserve,2040,627.87,0,627.87,6.718
LANDIS,48,reserve,2041,637.165,0,637.165,6.818
LANDIS,48,reserve,2042,646.376,0,646.376,6.916
LANDIS,48,reserve,2043,655.504,0,655.504,7.014
LANDIS,48,reserve,2044,664.548,0,664.548,7.111
LANDIS,48,reserve,2045,673.491,0,673.491,7.206
LANDIS,48,reserve,2046,682.334,0,682.334,7.301
LANDIS,48,reserve,2047,691.078,0,691.078,7.395
LANDIS,48,reserve,2048,699.724,0,699.724,7.487
LANDIS,48,reserve,2049,708.272,0,708.272,7.578
LANDIS,48,reserve,2050,716.722,0,716.722,7.669
LANDIS,48,reserve,2051,725.077,0,725.077,7.758
LANDIS,48,reserve,2052,733.335,0,733.335,7.847
LANDIS,48,reserve,2053,741.499,0,741.499,7.934
LANDIS,48,reserve,2054,749.568,0,749.568,8.02
LANDIS,48,reserve,2055,757.547,0,757.547,8.106
LANDIS,48,reserve,2056,765.436,0,765.436,8.19
LANDIS,48,reserve,2057,773.235,0,773.235,8.274
LANDIS,48,reserve,2058,780.946,0,780.946,8.356
LANDIS,48,reserve,2059,788.569,0,788.569,8.438
LANDIS,48,reserve,2060,796.104,0,796.104,8.518
LANDIS,48,reserve,2061,803.551,0,803.551,8.598
LANDIS,48,reserve,2062,810.913,0,810.913,8.677
LANDIS,48,reserve,2063,818.187,0,818.187,8.755
LANDIS,48,reserve,2064,825.377,0,825.377,8.832
LANDIS,48,reserve,2065,832.476,0,832.476,8.907
LANDIS,48,reserve,2066,839.486,0,839.486,8.982
LANDIS,48,reserve,2067,846.407,0,846.407,9.057
LANDIS,48,reserve,2068,853.239,0,853.239,9.13
LANDIS,48,reserve,2069,859.984,0,859.984,9.202
LANDIS,48,reserve,2070,866.64,0,866.64,9.273
LANDIS,48,reserve,2071,873.209,0,873.209,9.343
LANDIS,48,reserve,2072,879.692,0,879.692,9.413
LANDIS,48,reserve,2073,886.088,0,886.088,9.481
LANDIS,48,reserve,2074,892.397,0,892.397,9.549
LANDIS,48,reserve,2075,898.627,0,898.627,9.615
LANDIS,48,reserve,2076,904.777,0,904.777,9.681
LANDIS,48,reserve,2077,910.849,0,910.849,9.746
LANDIS,48,reserve,2078,916.842,0,916.842,9.81
LANDIS,48,reserve,2079,922.756,0,922.756,9.873
LANDIS,48,reserve,2080,928.592,0,928.592,9.936
LANDIS,48,reserve,2081,934.35,0,934.35,9.998
LANDIS,48,reserve,2082,940.031,0,940.031,10.058
LANDIS,48,reserve,2083,945.634,0,945.634,10.118
LANDIS,48,reserve,2084,951.16,0,951.16,10.177
LANDIS,48,reserve,2085,956.605,0,956.605,10.236
LANDIS,48,reserve,2086,961.969,0,961.969,10.293
LANDIS,48,reserve,2087,967.252,0,967.252,10.35
LANDIS,48,reserve,2088,972.455,0,972.455,10.405
LANDIS,48,reserve,2089,977.577,0,977.577,10.46
LANDIS,48,reserve,2090,982.62,0,982.62,10.514
LANDIS,48,reserve,2091,987.582,0,987.582,10.567
LANDIS,48,reserve,2092,992.465,0,992.465,10.619
LANDIS,48,reserve,2093,997.269,0,997.269,10.671
LANDIS,48,reserve,2094,1001.993,0,1001.993,10.721
LANDIS,48,reserve,2095,1006.649,0,1006.649,10.771
LANDIS,48,reserve,2096,1011.238,0,1011.238,10.82
LANDIS,48,reserve,2097,1015.76,0,1015.76,10.869
LANDIS,48,reserve,2098,1020.213,0,1020.213,10.916
LANDIS,48,reserve,2099,1024.6,0,1024.6,10.963
LANDIS,48,reserve,2100,1028.92,0,1028.92,11.009
LANDIS,48,BAU,2025,479.11,0,479.11,5.126
LANDIS,48,BAU,2026,489.01,0.227,489.236,5.232
LANDIS,48,BAU,2027,498.843,0.442,499.285,5.338
LANDIS,48,BAU,2028,508.609,0.648,509.257,5.442
LANDIS,48,BAU,2029,518.31,0.846,519.157,5.546
LANDIS,48,BAU,2030,527.947,1.038,528.985,5.649
LANDIS,48,BAU,2031,537.519,1.225,538.745,5.751
LANDIS,48,BAU,2032,547.029,1.408,548.437,5.853
LANDIS,48,BAU,2033,556.475,1.588,558.063,5.954
LANDIS,48,BAU,2034,565.859,1.765,567.624,6.055
LANDIS,48,BAU,2035,575.145,1.939,577.084,6.154
LANDIS,48,BAU,2036,584.332,2.112,586.444,6.252
LANDIS,48,BAU,2037,593.422,2.284,595.705,6.35
LANDIS,48,BAU,2038,602.414,2.454,604.868,6.446
LANDIS,48,BAU,2039,611.312,2.623,613.935,6.541
LANDIS,48,BAU,2040,620.114,2.792,622.906,6.635
LANDIS,48,BAU,2041,628.823,2.96,631.783,6.728
LANDIS,48,BAU,2042,637.438,3.128,640.566,6.821
LANDIS,48,BAU,2043,645.963,3.295,649.258,6.912
LANDIS,48,BAU,2044,654.396,3.462,657.857,7.002
LANDIS,48,BAU,2045,662.72,3.628,666.348,7.091
LANDIS,48,BAU,2046,670.935,3.794,674.73,7.179
LANDIS,48,BAU,2047,679.045,3.961,683.005,7.266
LANDIS,48,BAU,2048,687.048,4.127,691.174,7.351
LANDIS,48,BAU,2049,694.946,4.292,699.238,7.436
LANDIS,48,BAU,2050,702.738,4.458,707.196,7.519
LANDIS,48,BAU,2051,710.428,4.623,715.051,7.602
LANDIS,48,BAU,2052,718.014,4.788,722.802,7.683
LANDIS,48,BAU,2053,725.498,4.953,730.452,7.763
LANDIS,48,BAU,2054,732.881,5.118,737.999,7.842
LANDIS,48,BAU,2055,740.166,5.283,745.449,7.92
LANDIS,48,BAU,2056,747.355,5.447,752.801,7.997
LANDIS,48,BAU,2057,754.446,5.611,760.057,8.073
LANDIS,48,BAU,2058,761.443,5.774,767.218,8.147
LANDIS,48,BAU,2059,768.346,5.938,774.284,8.221
LANDIS,48,BAU,2060,775.154,6.101,781.255,8.294
LANDIS,48,BAU,2061,781.867,6.264,788.131,8.366
LANDIS,48,BAU,2062,788.489,6.426,794.915,8.437
LANDIS,48,BAU,2063,795.017,6.588,801.605,8.507
LANDIS,48,BAU,2064,801.455,6.75,808.204,8.576
LANDIS,48,BAU,2065,807.795,6.911,814.706,8.643
LANDIS,48,BAU,2066,814.041,7.072,821.113,8.71
LANDIS,48,BAU,2067,820.191,7.232,827.424,8.776
LANDIS,48,BAU,2068,826.247,7.392,833.639,8.841
LANDIS,48,BAU,2069,832.21,7.551,839.762,8.905
LANDIS,48,BAU,2070,838.079,7.71,845.789,8.967
LANDIS,48,BAU,2071,843.855,7.869,851.723,9.029
LANDIS,48,BAU,2072,849.539,8.027,857.566,9.09
LANDIS,48,BAU,2073,855.131,8.184,863.315,9.15
LANDIS,48,BAU,2074,860.631,8.341,868.972,9.209
LANDIS,48,BAU,2075,866.046,8.497,874.543,9.267
LANDIS,48,BAU,2076,871.377,8.652,880.029,9.324
LANDIS,48,BAU,2077,876.624,8.807,885.432,9.38
LANDIS,48,BAU,2078,881.788,8.962,890.749,9.435
LANDIS,48,BAU,2079,886.867,9.115,895.983,9.489
LANDIS,48,BAU,2080,891.864,9.268,901.132,9.543
LANDIS,48,BAU,2081,896.778,9.421,906.199,9.595
LANDIS,48,BAU,2082,901.61,9.572,911.183,9.647
LANDIS,48,BAU,2083,906.36,9.723,916.084,9.698
LANDIS,48,BAU,2084,911.028,9.874,920.902,9.748
LANDIS,48,BAU,2085,915.611,10.023,925.635,9.797
LANDIS,48,BAU,2086,920.109,10.172,930.281,9.845
LANDIS,48,BAU,2087,924.521,10.32,934.841,9.892
LANDIS,48,BAU,2088,928.849,10.468,939.317,9.939
LANDIS,48,BAU,2089,933.092,10.614,943.706,9.984
LANDIS,48,BAU,2090,937.252,10.76,948.012,10.029
LANDIS,48,BAU,2091,941.327,10.905,952.232,10.072
LANDIS,48,BAU,2092,945.319,11.049,956.368,10.115
LANDIS,48,BAU,2093,949.229,11.193,960.421,10.157
LANDIS,48,BAU,2094,953.054,11.335,964.39,10.198
LANDIS,48,BAU,2095,956.808,11.477,968.285,10.238
LANDIS,48,BAU,2096,960.492,11.618,972.11,10.277
LANDIS,48,BAU,2097,964.105,11.758,975.863,10.316
LANDIS,48,BAU,2098,967.646,11.897,979.543,10.354
LANDIS,48,BAU,2099,971.117,12.035,983.152,10.391
LANDIS,48,BAU,2100,974.518,12.173,986.691,10.427
LANDIS,48,conservation,2025,479.11,0,479.11,5.126
LANDIS,48,conservation,2026,489.296,0.083,489.38,5.235
LANDIS,48,conservation,2027,499.422,0.163,499.584,5.344
LANDIS,48,conservation,2028,509.486,0.239,509.724,5.451
LANDIS,48,conservation,2029,519.491,0.312,519.803,5.559
LANDIS,48,conservation,2030,529.437,0.383,529.82,5.665
LANDIS,48,conservation,2031,539.325,0.452,539.777,5.771
LANDIS,48,conservation,2032,549.155,0.519,549.674,5.876
LANDIS,48,conservation,2033,558.928,0.586,559.514,5.981
LANDIS,48,conservation,2034,568.644,0.651,569.295,6.084
LANDIS,48,conservation,2035,578.267,0.716,578.983,6.187
LANDIS,48,conservation,2036,587.797,0.78,588.577,6.289
LANDIS,48,conservation,2037,597.235,0.843,598.078,6.39
LANDIS,48,conservation,2038,606.581,0.907,607.488,6.49
LANDIS,48,conservation,2039,615.838,0.969,616.807,6.589
LANDIS,48,conservation,2040,625.004,1.032,626.036,6.688
LANDIS,48,conservation,2041,634.081,1.095,635.176,6.785
LANDIS,48,conservation,2042,643.072,1.157,644.229,6.881
LANDIS,48,conservation,2043,651.976,1.219,653.195,6.976
LANDIS,48,conservation,2044,660.793,1.281,662.074,7.07
LANDIS,48,conservation,2045,669.505,1.343,670.849,7.164
LANDIS,48,conservation,2046,678.115,1.405,679.521,7.256
LANDIS,48,conservation,2047,686.623,1.467,688.09,7.347
LANDIS,48,conservation,2048,695.03,1.529,696.559,7.437
LANDIS,48,conservation,2049,703.336,1.591,704.927,7.526
LANDIS,48,conservation,2050,711.541,1.653,713.194,7.613
LANDIS,48,conservation,2051,719.648,1.715,721.363,7.7
LANDIS,48,conservation,2052,727.655,1.777,729.432,7.786
LANDIS,48,conservation,2053,735.566,1.838,737.404,7.871
LANDIS,48,conservation,2054,743.379,1.9,745.279,7.954
LANDIS,48,conservation,2055,751.099,1.962,753.061,8.037
LANDIS,48,conservation,2056,758.726,2.023,760.75,8.118
LANDIS,48,conservation,2057,766.261,2.085,768.346,8.199
LANDIS,48,conservation,2058,773.705,2.146,775.851,8.279
LANDIS,48,conservation,2059,781.059,2.208,783.266,8.357
LANDIS,48,conservation,2060,788.322,2.269,790.591,8.435
LANDIS,48,conservation,2061,795.494,2.33,797.824,8.512
LANDIS,48,conservation,2062,802.579,2.391,804.97,8.588
LANDIS,48,conservation,2063,809.573,2.452,812.026,8.662
LANDIS,48,conservation,2064,816.481,2.513,818.995,8.736
LANDIS,48,conservation,2065,823.296,2.574,825.87,8.809
LANDIS,48,conservation,2066,830.019,2.635,832.654,8.881
LANDIS,48,conservation,2067,836.651,2.696,839.347,8.952
LANDIS,48,conservation,2068,843.192,2.756,845.948,9.022
LANDIS,48,conservation,2069,849.643,2.816,852.459,9.091
LANDIS,48,conservation,2070,856.003,2.876,858.879,9.159
LANDIS,48,conservation,2071,862.274,2.936,865.21,9.226
LANDIS,48,conservation,2072,868.457,2.996,871.453,9.292
LANDIS,48,conservation,2073,874.55,3.056,877.606,9.358
LANDIS,48,conservation,2074,880.555,3.115,883.67,9.422
LANDIS,48,conservation,2075,886.478,3.175,889.652,9.485
LANDIS,48,conservation,2076,892.319,3.234,895.553,9.548
LANDIS,48,conservation,2077,898.08,3.293,901.373,9.609
LANDIS,48,conservation,2078,903.76,3.351,907.112,9.67
LANDIS,48,conservation,2079,909.36,3.41,912.77,9.73
LANDIS,48,conservation,2080,914.879,3.468,918.347,9.789
LANDIS,48,conservation,2081,920.318,3.526,923.845,9.847
LANDIS,48,conservation,2082,925.679,3.584,929.263,9.905
LANDIS,48,conservation,2083,930.959,3.642,934.601,9.961
LANDIS,48,conservation,2084,936.161,3.699,939.86,10.017
LANDIS,48,conservation,2085,941.28,3.756,945.037,10.072
LANDIS,48,conservation,2086,946.316,3.813,950.13,10.126
LANDIS,48,conservation,2087,951.27,3.87,955.14,10.179
LANDIS,48,conservation,2088,956.141,3.927,960.068,10.231
LANDIS,48,conservation,2089,960.93,3.983,964.913,10.282
LANDIS,48,conservation,2090,965.639,4.039,969.677,10.332
LANDIS,48,conservation,2091,970.264,4.095,974.359,10.382
LANDIS,48,conservation,2092,974.809,4.15,978.959,10.43
LANDIS,48,conservation,2093,979.274,4.205,983.479,10.478
LANDIS,48,conservation,2094,983.657,4.26,987.917,10.525
LANDIS,48,conservation,2095,987.97,4.315,992.285,10.571
LANDIS,48,conservation,2096,992.215,4.369,996.584,10.617
LANDIS,48,conservation,2097,996.391,4.423,1000.815,10.661
LANDIS,48,conservation,2098,1000.497,4.477,1004.974,10.705
LANDIS,48,conservation,2099,1004.536,4.53,1009.066,10.748
LANDIS,48,conservation,2100,1008.506,4.584,1013.09,10.791
LANDIS,48,intensive,2025,479.11,0,479.11,5.126
LANDIS,48,intensive,2026,488.412,0.525,488.938,5.226
LANDIS,48,intensive,2027,497.637,1.024,498.661,5.325
LANDIS,48,intensive,2028,506.784,1.5,508.284,5.423
LANDIS,48,intensive,2029,515.856,1.957,517.813,5.52
LANDIS,48,intensive,2030,524.851,2.4,527.251,5.616
LANDIS,48,intensive,2031,533.772,2.83,536.603,5.711
LANDIS,48,intensive,2032,542.62,3.251,545.87,5.806
LANDIS,48,intensive,2033,551.394,3.663,555.056,5.9
LANDIS,48,intensive,2034,560.096,4.068,564.163,5.993
LANDIS,48,intensive,2035,568.688,4.467,573.156,6.085
LANDIS,48,intensive,2036,577.172,4.863,582.035,6.176
LANDIS,48,intensive,2037,585.549,5.254,590.803,6.265
LANDIS,48,intensive,2038,593.819,5.642,599.461,6.354
LANDIS,48,intensive,2039,601.985,6.028,608.013,6.441
LANDIS,48,intensive,2040,610.046,6.411,616.457,6.527
LANDIS,48,intensive,2041,618.003,6.792,624.795,6.613
LANDIS,48,intensive,2042,625.859,7.172,633.031,6.697
LANDIS,48,intensive,2043,633.614,7.551,641.165,6.78
LANDIS,48,intensive,2044,641.269,7.928,649.197,6.862
LANDIS,48,intensive,2045,648.805,8.304,657.11,6.942
LANDIS,48,intensive,2046,656.226,8.68,664.905,7.022
LANDIS,48,intensive,2047,663.53,9.054,672.584,7.1
LANDIS,48,intensive,2048,670.721,9.427,680.149,7.177
LANDIS,48,intensive,2049,677.798,9.8,687.598,7.252
LANDIS,48,intensive,2050,684.762,10.171,694.933,7.327
LANDIS,48,intensive,2051,691.615,10.542,702.157,7.4
LANDIS,48,intensive,2052,698.357,10.912,709.268,7.472
LANDIS,48,intensive,2053,704.989,11.28,716.27,7.543
LANDIS,48,intensive,2054,711.512,11.648,723.16,7.613
LANDIS,48,intensive,2055,717.931,12.015,729.946,7.682
LANDIS,48,intensive,2056,724.245,12.381,736.626,7.749
LANDIS,48,intensive,2057,730.456,12.746,743.202,7.816
LANDIS,48,intensive,2058,736.565,13.109,749.675,7.881
LANDIS,48,intensive,2059,742.573,13.472,756.045,7.946
LANDIS,48,intensive,2060,748.479,13.833,762.313,8.009
LANDIS,48,intensive,2061,754.285,14.193,768.478,8.071
LANDIS,48,intensive,2062,759.993,14.552,774.545,8.132
LANDIS,48,intensive,2063,765.6,14.91,780.51,8.192
LANDIS,48,intensive,2064,771.111,15.266,786.378,8.251
LANDIS,48,intensive,2065,776.519,15.621,792.14,8.309
LANDIS,48,intensive,2066,781.826,15.975,797.801,8.366
LANDIS,48,intensive,2067,787.033,16.327,803.36,8.421
LANDIS,48,intensive,2068,792.139,16.678,808.816,8.476
LANDIS,48,intensive,2069,797.147,17.027,814.173,8.529
LANDIS,48,intensive,2070,802.054,17.374,819.429,8.582
LANDIS,48,intensive,2071,806.865,17.72,824.585,8.633
LANDIS,48,intensive,2072,811.578,18.064,829.642,8.684
LANDIS,48,intensive,2073,816.194,18.407,834.601,8.733
LANDIS,48,intensive,2074,820.713,18.748,839.461,8.782
LANDIS,48,intensive,2075,825.144,19.087,844.23,8.829
LANDIS,48,intensive,2076,829.484,19.424,848.908,8.875
LANDIS,48,intensive,2077,833.737,19.759,853.496,8.921
LANDIS,48,intensive,2078,837.902,20.093,857.995,8.966
LANDIS,48,intensive,2079,841.978,20.425,862.403,9.009
LANDIS,48,intensive,2080,845.968,20.755,866.722,9.052
LANDIS,48,intensive,2081,849.87,21.083,870.953,9.094
LANDIS,48,intensive,2082,853.688,21.409,875.096,9.134
LANDIS,48,intensive,2083,857.419,21.732,879.151,9.174
LANDIS,48,intensive,2084,861.064,22.054,883.119,9.213
LANDIS,48,intensive,2085,864.621,22.374,886.995,9.251
LANDIS,48,intensive,2086,868.089,22.692,890.781,9.289
LANDIS,48,intensive,2087,871.468,23.008,894.476,9.325
LANDIS,48,intensive,2088,874.76,23.322,898.082,9.36
LANDIS,48,intensive,2089,877.964,23.633,901.597,9.394
LANDIS,48,intensive,2090,881.081,23.942,905.024,9.428
LANDIS,48,intensive,2091,884.111,24.25,908.361,9.46
LANDIS,48,intensive,2092,887.055,24.555,911.61,9.491
LANDIS,48,intensive,2093,889.914,24.857,914.771,9.522
LANDIS,48,intensive,2094,892.686,25.158,917.844,9.552
LANDIS,48,intensive,2095,895.385,25.456,920.84,9.581
LANDIS,48,intensive,2096,898.01,25.752,923.762,9.609
LANDIS,48,intensive,2097,900.563,26.045,926.608,9.636
LANDIS,48,intensive,2098,903.041,26.336,929.377,9.663
LANDIS,48,intensive,2099,905.447,26.625,932.072,9.688
LANDIS,48,intensive,2100,907.782,26.911,934.693,9.713
LANDIS,49,reserve,2025,133.07,0,133.07,2.409
LANDIS,49,reserve,2026,135.287,0,135.287,2.449
LANDIS,49,reserve,2027,137.479,0,137.479,2.488
LANDIS,49,reserve,2028,139.644,0,139.644,2.528
LANDIS,49,reserve,2029,141.784,0,141.784,2.566
LANDIS,49,reserve,2030,143.898,0,143.898,2.605
LANDIS,49,reserve,2031,145.985,0,145.985,2.642
LANDIS,49,reserve,2032,148.047,0,148.047,2.68
LANDIS,49,reserve,2033,150.083,0,150.083,2.717
LANDIS,49,reserve,2034,152.093,0,152.093,2.753
LANDIS,49,reserve,2035,154.074,0,154.074,2.789
LANDIS,49,reserve,2036,156.028,0,156.028,2.824
LANDIS,49,reserve,2037,157.953,0,157.953,2.859
LANDIS,49,reserve,2038,159.85,0,159.85,2.893
LANDIS,49,reserve,2039,161.719,0,161.719,2.927
LANDIS,49,reserve,2040,163.56,0,163.56,2.96
LANDIS,49,reserve,2041,165.372,0,165.372,2.993
LANDIS,49,reserve,2042,167.157,0,167.157,3.026
LANDIS,49,reserve,2043,168.913,0,168.913,3.057
LANDIS,49,reserve,2044,170.642,0,170.642,3.089
LANDIS,49,reserve,2045,172.343,0,172.343,3.119
LANDIS,49,reserve,2046,174.018,0,174.018,3.15
LANDIS,49,reserve,2047,175.665,0,175.665,3.18
LANDIS,49,reserve,2048,177.286,0,177.286,3.209
LANDIS,49,reserve,2049,178.879,0,178.879,3.238
LANDIS,49,reserve,2050,180.446,0,180.446,3.266
LANDIS,49,reserve,2051,181.985,0,181.985,3.294
LANDIS,49,reserve,2052,183.498,0,183.498,3.321
LANDIS,49,reserve,2053,184.984,0,184.984,3.348
LANDIS,49,reserve,2054,186.443,0,186.443,3.375
LANDIS,49,reserve,2055,187.878,0,187.878,3.401
LANDIS,49,reserve,2056,189.29,0,189.29,3.426
LANDIS,49,reserve,2057,190.679,0,190.679,3.451
LANDIS,49,reserve,2058,192.044,0,192.044,3.476
LANDIS,49,reserve,2059,193.385,0,193.385,3.5
LANDIS,49,reserve,2060,194.703,0,194.703,3.524
LANDIS,49,reserve,2061,195.998,0,195.998,3.548
LANDIS,49,reserve,2062,197.269,0,197.269,3.571
LANDIS,49,reserve,2063,198.517,0,198.517,3.593
LANDIS,49,reserve,2064,199.742,0,199.742,3.615
LANDIS,49,reserve,2065,200.945,0,200.945,3.637
LANDIS,49,reserve,2066,202.128,0,202.128,3.659
LANDIS,49,reserve,2067,203.29,0,203.29,3.68
LANDIS,49,reserve,2068,204.431,0,204.431,3.7
LANDIS,49,reserve,2069,205.552,0,205.552,3.721
LANDIS,49,reserve,2070,206.652,0,206.652,3.74
LANDIS,49,reserve,2071,207.731,0,207.731,3.76
LANDIS,49,reserve,2072,208.789,0,208.789,3.779
LANDIS,49,reserve,2073,209.827,0,209.827,3.798
LANDIS,49,reserve,2074,210.844,0,210.844,3.816
LANDIS,49,reserve,2075,211.844,0,211.844,3.834
LANDIS,49,reserve,2076,212.826,0,212.826,3.852
LANDIS,49,reserve,2077,213.79,0,213.79,3.87
LANDIS,49,reserve,2078,214.737,0,214.737,3.887
LANDIS,49,reserve,2079,215.667,0,215.667,3.904
LANDIS,49,reserve,2080,216.579,0,216.579,3.92
LANDIS,49,reserve,2081,217.474,0,217.474,3.936
LANDIS,49,reserve,2082,218.351,0,218.351,3.952
LANDIS,49,reserve,2083,219.211,0,219.211,3.968
LANDIS,49,reserve,2084,220.054,0,220.054,3.983
LANDIS,49,reserve,2085,220.881,0,220.881,3.998
LANDIS,49,reserve,2086,221.692,0,221.692,4.013
LANDIS,49,reserve,2087,222.488,0,222.488,4.027
LANDIS,49,reserve,2088,223.269,0,223.269,4.041
LANDIS,49,reserve,2089,224.034,0,224.034,4.055
LANDIS,49,reserve,2090,224.784,0,224.784,4.069
LANDIS,49,reserve,2091,225.518,0,225.518,4.082
LANDIS,49,reserve,2092,226.237,0,226.237,4.095
LANDIS,49,reserve,2093,226.94,0,226.94,4.108
LANDIS,49,reserve,2094,227.628,0,227.628,4.12
LANDIS,49,reserve,2095,228.303,0,228.303,4.132
LANDIS,49,reserve,2096,228.965,0,228.965,4.144
LANDIS,49,reserve,2097,229.616,0,229.616,4.156
LANDIS,49,reserve,2098,230.253,0,230.253,4.168
LANDIS,49,reserve,2099,230.878,0,230.878,4.179
LANDIS,49,reserve,2100,231.491,0,231.491,4.19
LANDIS,49,BAU,2025,133.07,0,133.07,2.409
LANDIS,49,BAU,2026,135.286,0,135.287,2.449
LANDIS,49,BAU,2027,137.477,0.001,137.478,2.488
LANDIS,49,BAU,2028,139.641,0.001,139.643,2.528
LANDIS,49,BAU,2029,141.78,0.002,141.782,2.566
LANDIS,49,BAU,2030,143.893,0.002,143.895,2.604
LANDIS,49,BAU,2031,145.979,0.002,145.982,2.642
LANDIS,49,BAU,2032,148.04,0.003,148.043,2.68
LANDIS,49,BAU,2033,150.075,0.003,150.078,2.716
LANDIS,49,BAU,2034,152.084,0.004,152.088,2.753
LANDIS,49,BAU,2035,154.064,0.004,154.068,2.789
LANDIS,49,BAU,2036,156.017,0.004,156.021,2.824
LANDIS,49,BAU,2037,157.941,0.005,157.946,2.859
LANDIS,49,BAU,2038,159.837,0.005,159.842,2.893
LANDIS,49,BAU,2039,161.705,0.005,161.71,2.927
LANDIS,49,BAU,2040,163.545,0.006,163.55,2.96
LANDIS,49,BAU,2041,165.356,0.006,165.361,2.993
LANDIS,49,BAU,2042,167.139,0.006,167.146,3.025
LANDIS,49,BAU,2043,168.894,0.006,168.901,3.057
LANDIS,49,BAU,2044,170.622,0.007,170.629,3.088
LANDIS,49,BAU,2045,172.322,0.007,172.329,3.119
LANDIS,49,BAU,2046,173.996,0.007,174.003,3.149
LANDIS,49,BAU,2047,175.641,0.008,175.649,3.179
LANDIS,49,BAU,2048,177.261,0.008,177.269,3.208
LANDIS,49,BAU,2049,178.853,0.008,178.861,3.237
LANDIS,49,BAU,2050,180.419,0.009,180.427,3.266
LANDIS,49,BAU,2051,181.957,0.009,181.965,3.293
LANDIS,49,BAU,2052,183.468,0.009,183.478,3.321
LANDIS,49,BAU,2053,184.953,0.01,184.963,3.348
LANDIS,49,BAU,2054,186.411,0.01,186.421,3.374
LANDIS,49,BAU,2055,187.844,0.01,187.855,3.4
LANDIS,49,BAU,2056,189.255,0.01,189.266,3.426
LANDIS,49,BAU,2057,190.643,0.011,190.654,3.451
LANDIS,49,BAU,2058,192.006,0.011,192.018,3.475
LANDIS,49,BAU,2059,193.346,0.011,193.357,3.5
LANDIS,49,BAU,2060,194.663,0.012,194.674,3.523
LANDIS,49,BAU,2061,195.956,0.012,195.968,3.547
LANDIS,49,BAU,2062,197.226,0.012,197.238,3.57
LANDIS,49,BAU,2063,198.473,0.012,198.485,3.592
LANDIS,49,BAU,2064,199.696,0.013,199.709,3.615
LANDIS,49,BAU,2065,200.898,0.013,200.911,3.636
LANDIS,49,BAU,2066,202.08,0.013,202.093,3.658
LANDIS,49,BAU,2067,203.24,0.014,203.254,3.679
LANDIS,49,BAU,2068,204.38,0.014,204.394,3.699
LANDIS,49,BAU,2069,205.499,0.014,205.514,3.72
LANDIS,49,BAU,2070,206.598,0.014,206.612,3.739
LANDIS,49,BAU,2071,207.676,0.015,207.69,3.759
LANDIS,49,BAU,2072,208.732,0.015,208.747,3.778
LANDIS,49,BAU,2073,209.769,0.015,209.784,3.797
LANDIS,49,BAU,2074,210.784,0.016,210.8,3.815
LANDIS,49,BAU,2075,211.783,0.016,211.799,3.833
LANDIS,49,BAU,2076,212.763,0.016,212.779,3.851
LANDIS,49,BAU,2077,213.726,0.016,213.742,3.868
LANDIS,49,BAU,2078,214.671,0.017,214.688,3.886
LANDIS,49,BAU,2079,215.6,0.017,215.617,3.902
LANDIS,49,BAU,2080,216.51,0.017,216.527,3.919
LANDIS,49,BAU,2081,217.404,0.017,217.421,3.935
LANDIS,49,BAU,2082,218.279,0.018,218.297,3.951
LANDIS,49,BAU,2083,219.138,0.018,219.156,3.966
LANDIS,49,BAU,2084,219.979,0.018,219.997,3.982
LANDIS,49,BAU,2085,220.805,0.018,220.823,3.997
LANDIS,49,BAU,2086,221.614,0.019,221.633,4.011
LANDIS,49,BAU,2087,222.409,0.019,222.428,4.026
LANDIS,49,BAU,2088,223.188,0.019,223.207,4.04
LANDIS,49,BAU,2089,223.952,0.019,223.971,4.054
LANDIS,49,BAU,2090,224.7,0.02,224.72,4.067
LANDIS,49,BAU,2091,225.432,0.02,225.452,4.08
LANDIS,49,BAU,2092,226.15,0.02,226.17,4.093
LANDIS,49,BAU,2093,226.851,0.02,226.872,4.106
LANDIS,49,BAU,2094,227.538,0.021,227.558,4.118
LANDIS,49,BAU,2095,228.211,0.021,228.232,4.131
LANDIS,49,BAU,2096,228.872,0.021,228.893,4.143
LANDIS,49,BAU,2097,229.521,0.021,229.542,4.154
LANDIS,49,BAU,2098,230.156,0.022,230.178,4.166
LANDIS,49,BAU,2099,230.78,0.022,230.802,4.177
LANDIS,49,BAU,2100,231.391,0.022,231.413,4.188
LANDIS,49,conservation,2025,133.07,0,133.07,2.409
LANDIS,49,conservation,2026,135.287,0,135.287,2.449
LANDIS,49,conservation,2027,137.478,0,137.479,2.488
LANDIS,49,conservation,2028,139.643,0.001,139.643,2.528
LANDIS,49,conservation,2029,141.783,0.001,141.783,2.566
LANDIS,49,conservation,2030,143.896,0.001,143.897,2.605
LANDIS,49,conservation,2031,145.983,0.001,145.984,2.642
LANDIS,49,conservation,2032,148.044,0.001,148.045,2.68
LANDIS,49,conservation,2033,150.08,0.001,150.081,2.716
LANDIS,49,conservation,2034,152.09,0.001,152.091,2.753
LANDIS,49,conservation,2035,154.07,0.002,154.072,2.789
LANDIS,49,conservation,2036,156.024,0.002,156.025,2.824
LANDIS,49,conservation,2037,157.948,0.002,157.95,2.859
LANDIS,49,conservation,2038,159.845,0.002,159.847,2.893
LANDIS,49,conservation,2039,161.713,0.002,161.715,2.927
LANDIS,49,conservation,2040,163.554,0.002,163.556,2.96
LANDIS,49,conservation,2041,165.366,0.002,165.368,2.993
LANDIS,49,conservation,2042,167.15,0.002,167.153,3.025
LANDIS,49,conservation,2043,168.906,0.003,168.908,3.057
LANDIS,49,conservation,2044,170.634,0.003,170.637,3.088
LANDIS,49,conservation,2045,172.335,0.003,172.338,3.119
LANDIS,49,conservation,2046,174.009,0.003,174.012,3.15
LANDIS,49,conservation,2047,175.656,0.003,175.659,3.179
LANDIS,49,conservation,2048,177.276,0.003,177.279,3.209
LANDIS,49,conservation,2049,178.869,0.003,178.872,3.238
LANDIS,49,conservation,2050,180.435,0.003,180.439,3.266
LANDIS,49,conservation,2051,181.974,0.003,181.977,3.294
LANDIS,49,conservation,2052,183.486,0.004,183.49,3.321
LANDIS,49,conservation,2053,184.972,0.004,184.976,3.348
LANDIS,49,conservation,2054,186.43,0.004,186.434,3.374
LANDIS,49,conservation,2055,187.865,0.004,187.869,3.4
LANDIS,49,conservation,2056,189.276,0.004,189.28,3.426
LANDIS,49,conservation,2057,190.665,0.004,190.669,3.451
LANDIS,49,conservation,2058,192.029,0.004,192.034,3.476
LANDIS,49,conservation,2059,193.37,0.004,193.374,3.5
LANDIS,49,conservation,2060,194.687,0.005,194.692,3.524
LANDIS,49,conservation,2061,195.982,0.005,195.986,3.547
LANDIS,49,conservation,2062,197.252,0.005,197.257,3.57
LANDIS,49,conservation,2063,198.5,0.005,198.505,3.593
LANDIS,49,conservation,2064,199.724,0.005,199.729,3.615
LANDIS,49,conservation,2065,200.927,0.005,200.932,3.637
LANDIS,49,conservation,2066,202.109,0.005,202.114,3.658
LANDIS,49,conservation,2067,203.271,0.005,203.276,3.679
LANDIS,49,conservation,2068,204.411,0.005,204.416,3.7
LANDIS,49,conservation,2069,205.531,0.006,205.537,3.72
LANDIS,49,conservation,2070,206.631,0.006,206.637,3.74
LANDIS,49,conservation,2071,207.709,0.006,207.715,3.76
LANDIS,49,conservation,2072,208.767,0.006,208.773,3.779
LANDIS,49,conservation,2073,209.804,0.006,209.81,3.797
LANDIS,49,conservation,2074,210.821,0.006,210.827,3.816
LANDIS,49,conservation,2075,211.82,0.006,211.826,3.834
LANDIS,49,conservation,2076,212.802,0.006,212.808,3.852
LANDIS,49,conservation,2077,213.765,0.006,213.771,3.869
LANDIS,49,conservation,2078,214.711,0.006,214.718,3.886
LANDIS,49,conservation,2079,215.641,0.007,215.647,3.903
LANDIS,49,conservation,2080,216.552,0.007,216.559,3.92
LANDIS,49,conservation,2081,217.447,0.007,217.453,3.936
LANDIS,49,conservation,2082,218.323,0.007,218.33,3.952
LANDIS,49,conservation,2083,219.182,0.007,219.189,3.967
LANDIS,49,conservation,2084,220.025,0.007,220.032,3.982
LANDIS,49,conservation,2085,220.851,0.007,220.858,3.997
LANDIS,49,conservation,2086,221.662,0.007,221.669,4.012
LANDIS,49,conservation,2087,222.457,0.007,222.464,4.027
LANDIS,49,conservation,2088,223.237,0.007,223.245,4.041
LANDIS,49,conservation,2089,224.002,0.008,224.009,4.054
LANDIS,49,conservation,2090,224.751,0.008,224.759,4.068
LANDIS,49,conservation,2091,225.485,0.008,225.492,4.081
LANDIS,49,conservation,2092,226.203,0.008,226.211,4.094
LANDIS,49,conservation,2093,226.905,0.008,226.913,4.107
LANDIS,49,conservation,2094,227.593,0.008,227.601,4.119
LANDIS,49,conservation,2095,228.267,0.008,228.275,4.132
LANDIS,49,conservation,2096,228.929,0.008,228.937,4.144
LANDIS,49,conservation,2097,229.579,0.008,229.587,4.155
LANDIS,49,conservation,2098,230.215,0.008,230.224,4.167
LANDIS,49,conservation,2099,230.84,0.008,230.848,4.178
LANDIS,49,conservation,2100,231.452,0.009,231.461,4.189
LANDIS,49,intensive,2025,133.07,0,133.07,2.409
LANDIS,49,intensive,2026,135.285,0.001,135.286,2.449
LANDIS,49,intensive,2027,137.474,0.002,137.477,2.488
LANDIS,49,intensive,2028,139.637,0.003,139.64,2.527
LANDIS,49,intensive,2029,141.775,0.004,141.779,2.566
LANDIS,49,intensive,2030,143.886,0.005,143.891,2.604
LANDIS,49,intensive,2031,145.971,0.006,145.977,2.642
LANDIS,49,intensive,2032,148.03,0.007,148.037,2.679
LANDIS,49,intensive,2033,150.064,0.008,150.072,2.716
LANDIS,49,intensive,2034,152.071,0.009,152.08,2.753
LANDIS,49,intensive,2035,154.05,0.009,154.059,2.788
LANDIS,49,intensive,2036,156.001,0.01,156.011,2.824
LANDIS,49,intensive,2037,157.923,0.011,157.935,2.858
LANDIS,49,intensive,2038,159.818,0.012,159.83,2.893
LANDIS,49,intensive,2039,161.684,0.013,161.697,2.927
LANDIS,49,intensive,2040,163.522,0.014,163.536,2.96
LANDIS,49,intensive,2041,165.332,0.014,165.346,2.993
LANDIS,49,intensive,2042,167.114,0.015,167.129,3.025
LANDIS,49,intensive,2043,168.867,0.016,168.883,3.057
LANDIS,49,intensive,2044,170.593,0.017,170.61,3.088
LANDIS,49,intensive,2045,172.291,0.017,172.309,3.118
LANDIS,49,intensive,2046,173.963,0.018,173.981,3.149
LANDIS,49,intensive,2047,175.607,0.019,175.626,3.179
LANDIS,49,intensive,2048,177.225,0.02,177.245,3.208
LANDIS,49,intensive,2049,178.815,0.02,178.836,3.237
LANDIS,49,intensive,2050,180.379,0.021,180.4,3.265
LANDIS,49,intensive,2051,181.915,0.022,181.937,3.293
LANDIS,49,intensive,2052,183.425,0.023,183.448,3.32
LANDIS,49,intensive,2053,184.908,0.023,184.931,3.347
LANDIS,49,intensive,2054,186.364,0.024,186.388,3.373
LANDIS,49,intensive,2055,187.796,0.025,187.82,3.399
LANDIS,49,intensive,2056,189.204,0.026,189.23,3.425
LANDIS,49,intensive,2057,190.59,0.026,190.617,3.45
LANDIS,49,intensive,2058,191.952,0.027,191.979,3.474
LANDIS,49,intensive,2059,193.29,0.028,193.317,3.499
LANDIS,49,intensive,2060,194.604,0.029,194.633,3.522
LANDIS,49,intensive,2061,195.896,0.029,195.925,3.546
LANDIS,49,intensive,2062,197.164,0.03,197.194,3.569
LANDIS,49,intensive,2063,198.408,0.031,198.439,3.591
LANDIS,49,intensive,2064,199.63,0.031,199.661,3.613
LANDIS,49,intensive,2065,200.83,0.032,200.862,3.635
LANDIS,49,intensive,2066,202.009,0.033,202.042,3.656
LANDIS,49,intensive,2067,203.168,0.033,203.201,3.677
LANDIS,49,intensive,2068,204.305,0.034,204.339,3.698
LANDIS,49,intensive,2069,205.423,0.035,205.458,3.718
LANDIS,49,intensive,2070,206.519,0.035,206.555,3.738
LANDIS,49,intensive,2071,207.595,0.036,207.631,3.757
LANDIS,49,intensive,2072,208.649,0.037,208.686,3.777
LANDIS,49,intensive,2073,209.684,0.037,209.721,3.795
LANDIS,49,intensive,2074,210.697,0.038,210.735,3.814
LANDIS,49,intensive,2075,211.694,0.039,211.732,3.832
LANDIS,49,intensive,2076,212.672,0.039,212.712,3.849
LANDIS,49,intensive,2077,213.632,0.04,213.673,3.867
LANDIS,49,intensive,2078,214.576,0.041,214.617,3.884
LANDIS,49,intensive,2079,215.502,0.041,215.544,3.901
LANDIS,49,intensive,2080,216.41,0.042,216.453,3.917
LANDIS,49,intensive,2081,217.302,0.043,217.344,3.933
LANDIS,49,intensive,2082,218.175,0.043,218.218,3.949
LANDIS,49,intensive,2083,219.031,0.044,219.075,3.964
LANDIS,49,intensive,2084,219.871,0.045,219.915,3.98
LANDIS,49,intensive,2085,220.694,0.045,220.739,3.995
LANDIS,49,intensive,2086,221.501,0.046,221.547,4.009
LANDIS,49,intensive,2087,222.293,0.046,222.34,4.024
LANDIS,49,intensive,2088,223.071,0.047,223.118,4.038
LANDIS,49,intensive,2089,223.832,0.048,223.879,4.051
LANDIS,49,intensive,2090,224.578,0.048,224.626,4.065
LANDIS,49,intensive,2091,225.308,0.049,225.357,4.078
LANDIS,49,intensive,2092,226.023,0.049,226.073,4.091
LANDIS,49,intensive,2093,226.723,0.05,226.773,4.104
LANDIS,49,intensive,2094,227.407,0.051,227.457,4.116
LANDIS,49,intensive,2095,228.078,0.051,228.129,4.128
LANDIS,49,intensive,2096,228.736,0.052,228.788,4.14
LANDIS,49,intensive,2097,229.383,0.052,229.435,4.152
LANDIS,49,intensive,2098,230.016,0.053,230.069,4.163
LANDIS,49,intensive,2099,230.637,0.053,230.691,4.175
LANDIS,49,intensive,2100,231.246,0.054,231.3,4.186
LANDIS,50,reserve,2025,142.9,0,142.9,2.586
LANDIS,50,reserve,2026,145.868,0,145.868,2.64
LANDIS,50,reserve,2027,148.802,0,148.802,2.693
LANDIS,50,reserve,2028,151.624,0,151.624,2.744
LANDIS,50,reserve,2029,154.408,0,154.408,2.795
LANDIS,50,reserve,2030,157.154,0,157.154,2.844
LANDIS,50,reserve,2031,159.863,0,159.863,2.894
LANDIS,50,reserve,2032,162.554,0,162.554,2.942
LANDIS,50,reserve,2033,165.235,0,165.235,2.991
LANDIS,50,reserve,2034,167.903,0,167.903,3.039
LANDIS,50,reserve,2035,170.519,0,170.519,3.086
LANDIS,50,reserve,2036,173.084,0,173.084,3.133
LANDIS,50,reserve,2037,175.598,0,175.598,3.178
LANDIS,50,reserve,2038,178.137,0,178.137,3.224
LANDIS,50,reserve,2039,180.551,0,180.551,3.268
LANDIS,50,reserve,2040,182.915,0,182.915,3.311
LANDIS,50,reserve,2041,185.227,0,185.227,3.353
LANDIS,50,reserve,2042,187.471,0,187.471,3.393
LANDIS,50,reserve,2043,189.641,0,189.641,3.433
LANDIS,50,reserve,2044,191.741,0,191.741,3.471
LANDIS,50,reserve,2045,193.795,0,193.795,3.508
LANDIS,50,reserve,2046,195.803,0,195.803,3.544
LANDIS,50,reserve,2047,197.765,0,197.765,3.58
LANDIS,50,reserve,2048,199.682,0,199.682,3.614
LANDIS,50,reserve,2049,201.63,0,201.63,3.65
LANDIS,50,reserve,2050,203.537,0,203.537,3.684
LANDIS,50,reserve,2051,205.401,0,205.401,3.718
LANDIS,50,reserve,2052,207.238,0,207.238,3.751
LANDIS,50,reserve,2053,209.049,0,209.049,3.784
LANDIS,50,reserve,2054,210.835,0,210.835,3.816
LANDIS,50,reserve,2055,212.597,0,212.597,3.848
LANDIS,50,reserve,2056,214.333,0,214.333,3.879
LANDIS,50,reserve,2057,216.046,0,216.046,3.91
LANDIS,50,reserve,2058,217.735,0,217.735,3.941
LANDIS,50,reserve,2059,219.4,0,219.4,3.971
LANDIS,50,reserve,2060,221.041,0,221.041,4.001
LANDIS,50,reserve,2061,222.66,0,222.66,4.03
LANDIS,50,reserve,2062,224.242,0,224.242,4.059
LANDIS,50,reserve,2063,225.785,0,225.785,4.087
LANDIS,50,reserve,2064,227.289,0,227.289,4.114
LANDIS,50,reserve,2065,228.763,0,228.763,4.141
LANDIS,50,reserve,2066,230.207,0,230.207,4.167
LANDIS,50,reserve,2067,231.621,0,231.621,4.192
LANDIS,50,reserve,2068,233.006,0,233.006,4.217
LANDIS,50,reserve,2069,234.361,0,234.361,4.242
LANDIS,50,reserve,2070,235.687,0,235.687,4.266
LANDIS,50,reserve,2071,236.983,0,236.983,4.289
LANDIS,50,reserve,2072,238.251,0,238.251,4.312
LANDIS,50,reserve,2073,239.491,0,239.491,4.335
LANDIS,50,reserve,2074,240.702,0,240.702,4.357
LANDIS,50,reserve,2075,241.869,0,241.869,4.378
LANDIS,50,reserve,2076,242.994,0,242.994,4.398
LANDIS,50,reserve,2077,244.077,0,244.077,4.418
LANDIS,50,reserve,2078,245.118,0,245.118,4.437
LANDIS,50,reserve,2079,246.117,0,246.117,4.455
LANDIS,50,reserve,2080,247.075,0,247.075,4.472
LANDIS,50,reserve,2081,247.991,0,247.991,4.489
LANDIS,50,reserve,2082,248.866,0,248.866,4.504
LANDIS,50,reserve,2083,249.7,0,249.7,4.52
LANDIS,50,reserve,2084,250.493,0,250.493,4.534
LANDIS,50,reserve,2085,251.26,0,251.26,4.548
LANDIS,50,reserve,2086,252.002,0,252.002,4.561
LANDIS,50,reserve,2087,252.718,0,252.718,4.574
LANDIS,50,reserve,2088,253.407,0,253.407,4.587
LANDIS,50,reserve,2089,254.071,0,254.071,4.599
LANDIS,50,reserve,2090,253.418,0,253.418,4.587
LANDIS,50,reserve,2091,252.745,0,252.745,4.575
LANDIS,50,reserve,2092,252.05,0,252.05,4.562
LANDIS,50,reserve,2093,251.335,0,251.335,4.549
LANDIS,50,reserve,2094,250.6,0,250.6,4.536
LANDIS,50,reserve,2095,249.845,0,249.845,4.522
LANDIS,50,reserve,2096,249.071,0,249.071,4.508
LANDIS,50,reserve,2097,248.257,0,248.257,4.493
LANDIS,50,reserve,2098,247.424,0,247.424,4.478
LANDIS,50,reserve,2099,246.571,0,246.571,4.463
LANDIS,50,reserve,2100,246.99,0,246.99,4.471
LANDIS,50,BAU,2025,142.9,0,142.9,2.586
LANDIS,50,BAU,2026,145.812,0.028,145.84,2.639
LANDIS,50,BAU,2027,148.689,0.055,148.743,2.691
LANDIS,50,BAU,2028,151.453,0.08,151.533,2.741
LANDIS,50,BAU,2029,154.177,0.104,154.282,2.791
LANDIS,50,BAU,2030,156.863,0.128,156.991,2.839
LANDIS,50,BAU,2031,159.51,0.151,159.662,2.887
LANDIS,50,BAU,2032,162.139,0.173,162.312,2.935
LANDIS,50,BAU,2033,164.756,0.195,164.952,2.982
LANDIS,50,BAU,2034,167.36,0.217,167.577,3.029
LANDIS,50,BAU,2035,169.91,0.238,170.149,3.075
LANDIS,50,BAU,2036,172.409,0.26,172.668,3.121
LANDIS,50,BAU,2037,174.855,0.28,175.136,3.165
LANDIS,50,BAU,2038,177.326,0.301,177.627,3.21
LANDIS,50,BAU,2039,179.67,0.322,179.992,3.252
LANDIS,50,BAU,2040,181.964,0.342,182.306,3.294
LANDIS,50,BAU,2041,184.205,0.362,184.567,3.334
LANDIS,50,BAU,2042,186.376,0.383,186.759,3.373
LANDIS,50,BAU,2043,188.473,0.403,188.876,3.411
LANDIS,50,BAU,2044,190.5,0.423,190.922,3.448
LANDIS,50,BAU,2045,192.479,0.443,192.922,3.484
LANDIS,50,BAU,2046,194.412,0.462,194.874,3.519
LANDIS,50,BAU,2047,196.297,0.482,196.779,3.553
LANDIS,50,BAU,2048,198.137,0.502,198.639,3.586
LANDIS,50,BAU,2049,200.008,0.521,200.529,3.62
LANDIS,50,BAU,2050,201.836,0.541,202.377,3.653
LANDIS,50,BAU,2051,203.621,0.56,204.181,3.686
LANDIS,50,BAU,2052,205.379,0.579,205.958,3.717
LANDIS,50,BAU,2053,207.109,0.599,207.708,3.749
LANDIS,50,BAU,2054,208.814,0.618,209.432,3.78
LANDIS,50,BAU,2055,210.494,0.637,211.131,3.81
LANDIS,50,BAU,2056,212.148,0.656,212.803,3.84
LANDIS,50,BAU,2057,213.778,0.675,214.452,3.869
LANDIS,50,BAU,2058,215.383,0.693,216.076,3.898
LANDIS,50,BAU,2059,216.964,0.712,217.676,3.927
LANDIS,50,BAU,2060,218.52,0.731,219.25,3.955
LANDIS,50,BAU,2061,220.053,0.749,220.802,3.983
LANDIS,50,BAU,2062,221.549,0.768,222.317,4.01
LANDIS,50,BAU,2063,223.005,0.786,223.791,4.036
LANDIS,50,BAU,2064,224.422,0.805,225.226,4.062
LANDIS,50,BAU,2065,225.808,0.823,226.63,4.087
LANDIS,50,BAU,2066,227.163,0.841,228.004,4.112
LANDIS,50,BAU,2067,228.488,0.859,229.347,4.136
LANDIS,50,BAU,2068,229.784,0.877,230.661,4.159
LANDIS,50,BAU,2069,231.049,0.895,231.943,4.182
LANDIS,50,BAU,2070,232.284,0.913,233.197,4.204
LANDIS,50,BAU,2071,233.489,0.93,234.419,4.226
LANDIS,50,BAU,2072,234.666,0.948,235.613,4.247
LANDIS,50,BAU,2073,235.814,0.965,236.779,4.268
LANDIS,50,BAU,2074,236.932,0.982,237.915,4.288
LANDIS,50,BAU,2075,238.007,1,239.006,4.308
LANDIS,50,BAU,2076,239.038,1.017,240.055,4.327
LANDIS,50,BAU,2077,240.028,1.034,241.061,4.345
LANDIS,50,BAU,2078,240.975,1.05,242.025,4.362
LANDIS,50,BAU,2079,241.879,1.067,242.946,4.378
LANDIS,50,BAU,2080,242.742,1.084,243.826,4.394
LANDIS,50,BAU,2081,243.563,1.1,244.664,4.408
LANDIS,50,BAU,2082,244.343,1.116,245.459,4.423
LANDIS,50,BAU,2083,245.081,1.133,246.214,4.436
LANDIS,50,BAU,2084,245.778,1.149,246.927,4.449
LANDIS,50,BAU,2085,246.449,1.164,247.613,4.461
LANDIS,50,BAU,2086,247.094,1.18,248.275,4.472
LANDIS,50,BAU,2087,247.714,1.196,248.909,4.484
LANDIS,50,BAU,2088,248.306,1.211,249.517,4.494
LANDIS,50,BAU,2089,248.872,1.226,250.099,4.505
LANDIS,50,BAU,2090,248.122,1.242,249.363,4.491
LANDIS,50,BAU,2091,247.352,1.256,248.608,4.477
LANDIS,50,BAU,2092,246.56,1.271,247.83,4.463
LANDIS,50,BAU,2093,245.748,1.285,247.033,4.448
LANDIS,50,BAU,2094,244.917,1.298,246.215,4.433
LANDIS,50,BAU,2095,244.066,1.311,245.377,4.418
LANDIS,50,BAU,2096,243.196,1.324,244.521,4.402
LANDIS,50,BAU,2097,242.287,1.337,243.624,4.385
LANDIS,50,BAU,2098,241.359,1.349,242.708,4.369
LANDIS,50,BAU,2099,240.411,1.361,241.773,4.351
LANDIS,50,BAU,2100,240.736,1.373,242.109,4.357
LANDIS,50,conservation,2025,142.9,0,142.9,2.586
LANDIS,50,conservation,2026,145.845,0.011,145.857,2.64
LANDIS,50,conservation,2027,148.756,0.022,148.778,2.692
LANDIS,50,conservation,2028,151.554,0.033,151.587,2.743
LANDIS,50,conservation,2029,154.314,0.042,154.357,2.793
LANDIS,50,conservation,2030,157.036,0.052,157.088,2.842
LANDIS,50,conservation,2031,159.72,0.061,159.781,2.891
LANDIS,50,conservation,2032,162.385,0.071,162.456,2.939
LANDIS,50,conservation,2033,165.04,0.08,165.12,2.987
LANDIS,50,conservation,2034,167.682,0.088,167.77,3.035
LANDIS,50,conservation,2035,170.271,0.097,170.368,3.082
LANDIS,50,conservation,2036,172.809,0.106,172.915,3.128
LANDIS,50,conservation,2037,175.296,0.114,175.41,3.173
LANDIS,50,conservation,2038,177.807,0.123,177.929,3.218
LANDIS,50,conservation,2039,180.192,0.131,180.323,3.261
LANDIS,50,conservation,2040,182.528,0.139,182.667,3.304
LANDIS,50,conservation,2041,184.811,0.148,184.958,3.345
LANDIS,50,conservation,2042,187.025,0.156,187.181,3.385
LANDIS,50,conservation,2043,189.165,0.164,189.329,3.424
LANDIS,50,conservation,2044,191.235,0.172,191.407,3.461
LANDIS,50,conservation,2045,193.259,0.18,193.439,3.498
LANDIS,50,conservation,2046,195.236,0.188,195.424,3.534
LANDIS,50,conservation,2047,197.167,0.197,197.363,3.569
LANDIS,50,conservation,2048,199.052,0.205,199.257,3.603
LANDIS,50,conservation,2049,200.969,0.213,201.181,3.638
LANDIS,50,conservation,2050,202.844,0.22,203.064,3.671
LANDIS,50,conservation,2051,204.675,0.228,204.904,3.705
LANDIS,50,conservation,2052,206.48,0.236,206.716,3.737
LANDIS,50,conservation,2053,208.258,0.244,208.502,3.769
LANDIS,50,conservation,2054,210.011,0.252,210.263,3.801
LANDIS,50,conservation,2055,211.739,0.26,211.999,3.832
LANDIS,50,conservation,2056,213.442,0.268,213.709,3.863
LANDIS,50,conservation,2057,215.121,0.275,215.396,3.894
LANDIS,50,conservation,2058,216.775,0.283,217.058,3.924
LANDIS,50,conservation,2059,218.406,0.291,218.696,3.953
LANDIS,50,conservation,2060,220.012,0.298,220.31,3.982
LANDIS,50,conservation,2061,221.596,0.306,221.902,4.011
LANDIS,50,conservation,2062,223.143,0.314,223.456,4.039
LANDIS,50,conservation,2063,224.65,0.321,224.971,4.066
LANDIS,50,conservation,2064,226.118,0.329,226.447,4.093
LANDIS,50,conservation,2065,227.556,0.336,227.892,4.119
LANDIS,50,conservation,2066,228.964,0.344,229.308,4.144
LANDIS,50,conservation,2067,230.342,0.351,230.693,4.169
LANDIS,50,conservation,2068,231.69,0.358,232.048,4.194
LANDIS,50,conservation,2069,233.008,0.366,233.374,4.217
LANDIS,50,conservation,2070,234.297,0.373,234.67,4.241
LANDIS,50,conservation,2071,235.555,0.38,235.936,4.264
LANDIS,50,conservation,2072,236.786,0.388,237.173,4.286
LANDIS,50,conservation,2073,237.988,0.395,238.383,4.308
LANDIS,50,conservation,2074,239.161,0.402,239.563,4.329
LANDIS,50,conservation,2075,240.29,0.409,240.699,4.349
LANDIS,50,conservation,2076,241.377,0.416,241.793,4.369
LANDIS,50,conservation,2077,242.422,0.423,242.844,4.388
LANDIS,50,conservation,2078,243.424,0.43,243.854,4.406
LANDIS,50,conservation,2079,244.384,0.437,244.821,4.423
LANDIS,50,conservation,2080,245.303,0.444,245.747,4.44
LANDIS,50,conservation,2081,246.18,0.45,246.63,4.456
LANDIS,50,conservation,2082,247.016,0.457,247.473,4.471
LANDIS,50,conservation,2083,247.811,0.464,248.274,4.485
LANDIS,50,conservation,2084,248.564,0.47,249.034,4.499
LANDIS,50,conservation,2085,249.291,0.477,249.768,4.512
LANDIS,50,conservation,2086,249.994,0.483,250.477,4.525
LANDIS,50,conservation,2087,250.67,0.49,251.16,4.537
LANDIS,50,conservation,2088,251.319,0.496,251.815,4.549
LANDIS,50,conservation,2089,251.943,0.503,252.446,4.56
LANDIS,50,conservation,2090,251.25,0.509,251.759,4.548
LANDIS,50,conservation,2091,250.537,0.515,251.052,4.535
LANDIS,50,conservation,2092,249.802,0.521,250.323,4.521
LANDIS,50,conservation,2093,249.047,0.527,249.574,4.508
LANDIS,50,conservation,2094,248.272,0.532,248.805,4.494
LANDIS,50,conservation,2095,247.478,0.538,248.016,4.479
LANDIS,50,conservation,2096,246.664,0.543,247.208,4.465
LANDIS,50,conservation,2097,245.811,0.549,246.36,4.449
LANDIS,50,conservation,2098,244.939,0.554,245.493,4.433
LANDIS,50,conservation,2099,244.047,0.559,244.606,4.417
LANDIS,50,conservation,2100,244.427,0.564,244.991,4.424
LANDIS,50,intensive,2025,142.9,0,142.9,2.586
LANDIS,50,intensive,2026,145.725,0.072,145.796,2.638
LANDIS,50,intensive,2027,148.513,0.14,148.652,2.688
LANDIS,50,intensive,2028,151.186,0.205,151.39,2.736
LANDIS,50,intensive,2029,153.818,0.267,154.085,2.784
LANDIS,50,intensive,2030,156.41,0.327,156.737,2.831
LANDIS,50,intensive,2031,158.962,0.386,159.348,2.877
LANDIS,50,intensive,2032,161.493,0.443,161.937,2.923
LANDIS,50,intensive,2033,164.012,0.499,164.512,2.969
LANDIS,50,intensive,2034,166.516,0.554,167.07,3.014
LANDIS,50,intensive,2035,168.965,0.609,169.574,3.058
LANDIS,50,intensive,2036,171.36,0.662,172.023,3.102
LANDIS,50,intensive,2037,173.702,0.715,174.418,3.144
LANDIS,50,intensive,2038,176.067,0.768,176.835,3.187
LANDIS,50,intensive,2039,178.305,0.82,179.125,3.227
LANDIS,50,intensive,2040,180.49,0.872,181.362,3.267
LANDIS,50,intensive,2041,182.621,0.923,183.544,3.305
LANDIS,50,intensive,2042,184.682,0.974,185.656,3.343
LANDIS,50,intensive,2043,186.666,1.025,187.692,3.379
LANDIS,50,intensive,2044,188.579,1.076,189.655,3.413
LANDIS,50,intensive,2045,190.444,1.126,191.57,3.447
LANDIS,50,intensive,2046,192.261,1.176,193.437,3.48
LANDIS,50,intensive,2047,194.03,1.226,195.256,3.512
LANDIS,50,intensive,2048,195.753,1.275,197.028,3.543
LANDIS,50,intensive,2049,197.504,1.325,198.829,3.575
LANDIS,50,intensive,2050,199.213,1.374,200.587,3.606
LANDIS,50,intensive,2051,200.877,1.422,202.3,3.636
LANDIS,50,intensive,2052,202.513,1.471,203.984,3.665
LANDIS,50,intensive,2053,204.121,1.519,205.64,3.695
LANDIS,50,intensive,2054,205.702,1.567,207.269,3.723
LANDIS,50,intensive,2055,207.258,1.615,208.873,3.751
LANDIS,50,intensive,2056,208.786,1.663,210.448,3.779
LANDIS,50,intensive,2057,210.289,1.71,211.999,3.806
LANDIS,50,intensive,2058,211.767,1.757,213.525,3.833
LANDIS,50,intensive,2059,213.22,1.804,215.024,3.859
LANDIS,50,intensive,2060,214.647,1.851,216.498,3.885
LANDIS,50,intensive,2061,216.051,1.897,217.948,3.911
LANDIS,50,intensive,2062,217.416,1.943,219.36,3.935
LANDIS,50,intensive,2063,218.741,1.989,220.73,3.959
LANDIS,50,intensive,2064,220.026,2.035,222.061,3.982
LANDIS,50,intensive,2065,221.279,2.08,223.359,4.005
LANDIS,50,intensive,2066,222.501,2.126,224.627,4.027
LANDIS,50,intensive,2067,223.692,2.171,225.862,4.049
LANDIS,50,intensive,2068,224.853,2.215,227.068,4.07
LANDIS,50,intensive,2069,225.982,2.259,228.241,4.09
LANDIS,50,intensive,2070,227.081,2.303,229.385,4.11
LANDIS,50,intensive,2071,228.15,2.347,230.497,4.13
LANDIS,50,intensive,2072,229.189,2.391,231.579,4.148
LANDIS,50,intensive,2073,230.199,2.434,232.633,4.167
LANDIS,50,intensive,2074,231.179,2.477,233.656,4.184
LANDIS,50,intensive,2075,232.114,2.519,234.633,4.201
LANDIS,50,intensive,2076,233.006,2.561,235.568,4.217
LANDIS,50,intensive,2077,233.856,2.603,236.459,4.233
LANDIS,50,intensive,2078,234.662,2.645,237.307,4.247
LANDIS,50,intensive,2079,235.426,2.686,238.112,4.261
LANDIS,50,intensive,2080,236.148,2.727,238.874,4.274
LANDIS,50,intensive,2081,236.827,2.767,239.594,4.287
LANDIS,50,intensive,2082,237.464,2.807,240.271,4.298
LANDIS,50,intensive,2083,238.06,2.847,240.907,4.309
LANDIS,50,intensive,2084,238.614,2.886,241.5,4.319
LANDIS,50,intensive,2085,239.142,2.925,242.067,4.328
LANDIS,50,intensive,2086,239.644,2.963,242.607,4.338
LANDIS,50,intensive,2087,240.12,3.002,243.121,4.346
LANDIS,50,intensive,2088,240.568,3.039,243.607,4.354
LANDIS,50,intensive,2089,240.991,3.076,244.067,4.362
LANDIS,50,intensive,2090,240.096,3.113,243.209,4.346
LANDIS,50,intensive,2091,239.182,3.149,242.331,4.329
LANDIS,50,intensive,2092,238.247,3.184,241.431,4.312
LANDIS,50,intensive,2093,237.293,3.218,240.511,4.295
LANDIS,50,intensive,2094,236.32,3.251,239.571,4.277
LANDIS,50,intensive,2095,235.328,3.283,238.611,4.259
LANDIS,50,intensive,2096,234.318,3.314,237.632,4.241
LANDIS,50,intensive,2097,233.269,3.344,236.613,4.222
LANDIS,50,intensive,2098,232.202,3.373,235.576,4.203
LANDIS,50,intensive,2099,231.116,3.402,234.518,4.183
LANDIS,50,intensive,2100,231.303,3.43,234.733,4.187
LANDIS,51,reserve,2025,548.81,0,548.81,5.927
LANDIS,51,reserve,2026,563.94,0,563.94,6.091
LANDIS,51,reserve,2027,579.119,0,579.119,6.254
LANDIS,51,reserve,2028,594.348,0,594.348,6.419
LANDIS,51,reserve,2029,609.626,0,609.626,6.584
LANDIS,51,reserve,2030,624.954,0,624.954,6.75
LANDIS,51,reserve,2031,640.334,0,640.334,6.916
LANDIS,51,reserve,2032,655.765,0,655.765,7.082
LANDIS,51,reserve,2033,671.247,0,671.247,7.249
LANDIS,51,reserve,2034,686.783,0,686.783,7.417
LANDIS,51,reserve,2035,702.271,0,702.271,7.585
LANDIS,51,reserve,2036,717.712,0,717.712,7.751
LANDIS,51,reserve,2037,733.108,0,733.108,7.918
LANDIS,51,reserve,2038,748.46,0,748.46,8.083
LANDIS,51,reserve,2039,763.768,0,763.768,8.249
LANDIS,51,reserve,2040,779.034,0,779.034,8.414
LANDIS,51,reserve,2041,794.258,0,794.258,8.578
LANDIS,51,reserve,2042,809.443,0,809.443,8.742
LANDIS,51,reserve,2043,824.588,0,824.588,8.906
LANDIS,51,reserve,2044,839.694,0,839.694,9.069
LANDIS,51,reserve,2045,854.767,0,854.767,9.231
LANDIS,51,reserve,2046,869.806,0,869.806,9.394
LANDIS,51,reserve,2047,884.814,0,884.814,9.556
LANDIS,51,reserve,2048,899.789,0,899.789,9.718
LANDIS,51,reserve,2049,914.734,0,914.734,9.879
LANDIS,51,reserve,2050,929.648,0,929.648,10.04
LANDIS,51,reserve,2051,944.533,0,944.533,10.201
LANDIS,51,reserve,2052,959.389,0,959.389,10.361
LANDIS,51,reserve,2053,974.216,0,974.216,10.522
LANDIS,51,reserve,2054,989.016,0,989.016,10.681
LANDIS,51,reserve,2055,1003.732,0,1003.732,10.84
LANDIS,51,reserve,2056,1018.365,0,1018.365,10.998
LANDIS,51,reserve,2057,1032.916,0,1032.916,11.155
LANDIS,51,reserve,2058,1047.387,0,1047.387,11.312
LANDIS,51,reserve,2059,1061.777,0,1061.777,11.467
LANDIS,51,reserve,2060,1076.087,0,1076.087,11.622
LANDIS,51,reserve,2061,1090.319,0,1090.319,11.775
LANDIS,51,reserve,2062,1104.472,0,1104.472,11.928
LANDIS,51,reserve,2063,1118.548,0,1118.548,12.08
LANDIS,51,reserve,2064,1132.547,0,1132.547,12.232
LANDIS,51,reserve,2065,1146.461,0,1146.461,12.382
LANDIS,51,reserve,2066,1160.291,0,1160.291,12.531
LANDIS,51,reserve,2067,1174.036,0,1174.036,12.68
LANDIS,51,reserve,2068,1187.697,0,1187.697,12.827
LANDIS,51,reserve,2069,1201.276,0,1201.276,12.974
LANDIS,51,reserve,2070,1214.772,0,1214.772,13.12
LANDIS,51,reserve,2071,1228.187,0,1228.187,13.264
LANDIS,51,reserve,2072,1241.52,0,1241.52,13.408
LANDIS,51,reserve,2073,1254.773,0,1254.773,13.552
LANDIS,51,reserve,2074,1267.946,0,1267.946,13.694
LANDIS,51,reserve,2075,1281.016,0,1281.016,13.835
LANDIS,51,reserve,2076,1293.983,0,1293.983,13.975
LANDIS,51,reserve,2077,1306.848,0,1306.848,14.114
LANDIS,51,reserve,2078,1319.612,0,1319.612,14.252
LANDIS,51,reserve,2079,1332.274,0,1332.274,14.389
LANDIS,51,reserve,2080,1344.837,0,1344.837,14.524
LANDIS,51,reserve,2081,1357.3,0,1357.3,14.659
LANDIS,51,reserve,2082,1369.663,0,1369.663,14.792
LANDIS,51,reserve,2083,1381.928,0,1381.928,14.925
LANDIS,51,reserve,2084,1394.094,0,1394.094,15.056
LANDIS,51,reserve,2085,1405.931,0,1405.931,15.184
LANDIS,51,reserve,2086,1417.441,0,1417.441,15.308
LANDIS,51,reserve,2087,1428.623,0,1428.623,15.429
LANDIS,51,reserve,2088,1439.478,0,1439.478,15.546
LANDIS,51,reserve,2089,1450.008,0,1450.008,15.66
LANDIS,51,reserve,2090,1460.213,0,1460.213,15.77
LANDIS,51,reserve,2091,1470.093,0,1470.093,15.877
LANDIS,51,reserve,2092,1479.649,0,1479.649,15.98
LANDIS,51,reserve,2093,1488.882,0,1488.882,16.08
LANDIS,51,reserve,2094,1497.793,0,1497.793,16.176
LANDIS,51,reserve,2095,1506.542,0,1506.542,16.271
LANDIS,51,reserve,2096,1515.128,0,1515.128,16.363
LANDIS,51,reserve,2097,1523.552,0,1523.552,16.454
LANDIS,51,reserve,2098,1531.815,0,1531.815,16.544
LANDIS,51,reserve,2099,1539.916,0,1539.916,16.631
LANDIS,51,reserve,2100,1547.856,0,1547.856,16.717
LANDIS,51,BAU,2025,548.81,0,548.81,5.927
LANDIS,51,BAU,2026,563.511,0.214,563.726,6.086
LANDIS,51,BAU,2027,578.25,0.419,578.669,6.245
LANDIS,51,BAU,2028,593.028,0.616,593.644,6.405
LANDIS,51,BAU,2029,607.842,0.808,608.65,6.565
LANDIS,51,BAU,2030,622.696,0.994,623.69,6.725
LANDIS,51,BAU,2031,637.589,1.177,638.767,6.886
LANDIS,51,BAU,2032,652.522,1.358,653.88,7.047
LANDIS,51,BAU,2033,667.495,1.536,669.03,7.209
LANDIS,51,BAU,2034,682.509,1.713,684.222,7.371
LANDIS,51,BAU,2035,697.464,1.888,699.353,7.533
LANDIS,51,BAU,2036,712.36,2.064,714.424,7.693
LANDIS,51,BAU,2037,727.2,2.239,729.439,7.854
LANDIS,51,BAU,2038,741.984,2.414,744.398,8.013
LANDIS,51,BAU,2039,756.713,2.589,759.302,8.172
LANDIS,51,BAU,2040,771.387,2.765,774.152,8.331
LANDIS,51,BAU,2041,786.009,2.941,788.95,8.489
LANDIS,51,BAU,2042,800.58,3.118,803.698,8.646
LANDIS,51,BAU,2043,815.1,3.295,818.395,8.803
LANDIS,51,BAU,2044,829.569,3.473,833.042,8.959
LANDIS,51,BAU,2045,843.994,3.652,847.646,9.115
LANDIS,51,BAU,2046,858.374,3.831,862.205,9.27
LANDIS,51,BAU,2047,872.712,4.012,876.723,9.425
LANDIS,51,BAU,2048,887.005,4.193,891.198,9.58
LANDIS,51,BAU,2049,901.257,4.375,905.632,9.734
LANDIS,51,BAU,2050,915.467,4.558,920.026,9.887
LANDIS,51,BAU,2051,929.637,4.742,934.379,10.04
LANDIS,51,BAU,2052,943.767,4.927,948.694,10.193
LANDIS,51,BAU,2053,957.857,5.113,962.97,10.345
LANDIS,51,BAU,2054,971.909,5.299,977.208,10.497
LANDIS,51,BAU,2055,985.866,5.486,991.352,10.647
LANDIS,51,BAU,2056,999.729,5.675,1005.403,10.797
LANDIS,51,BAU,2057,1013.499,5.864,1019.362,10.946
LANDIS,51,BAU,2058,1027.178,6.053,1033.231,11.094
LANDIS,51,BAU,2059,1040.766,6.244,1047.01,11.24
LANDIS,51,BAU,2060,1054.263,6.435,1060.698,11.386
LANDIS,51,BAU,2061,1067.672,6.626,1074.298,11.531
LANDIS,51,BAU,2062,1080.991,6.819,1087.809,11.675
LANDIS,51,BAU,2063,1094.222,7.012,1101.234,11.818
LANDIS,51,BAU,2064,1107.367,7.205,1114.572,11.96
LANDIS,51,BAU,2065,1120.416,7.399,1127.815,12.1
LANDIS,51,BAU,2066,1133.371,7.594,1140.965,12.24
LANDIS,51,BAU,2067,1146.23,7.789,1154.02,12.379
LANDIS,51,BAU,2068,1158.996,7.985,1166.981,12.517
LANDIS,51,BAU,2069,1171.67,8.181,1179.851,12.654
LANDIS,51,BAU,2070,1184.251,8.377,1192.628,12.79
LANDIS,51,BAU,2071,1196.741,8.574,1205.315,12.925
LANDIS,51,BAU,2072,1209.139,8.771,1217.91,13.059
LANDIS,51,BAU,2073,1221.448,8.969,1230.416,13.192
LANDIS,51,BAU,2074,1233.667,9.167,1242.833,13.324
LANDIS,51,BAU,2075,1245.773,9.365,1255.138,13.454
LANDIS,51,BAU,2076,1257.767,9.563,1267.33,13.584
LANDIS,51,BAU,2077,1269.65,9.761,1279.411,13.712
LANDIS,51,BAU,2078,1281.422,9.96,1291.382,13.839
LANDIS,51,BAU,2079,1293.083,10.159,1303.242,13.965
LANDIS,51,BAU,2080,1304.636,10.358,1314.994,14.09
LANDIS,51,BAU,2081,1316.08,10.557,1326.637,14.214
LANDIS,51,BAU,2082,1327.415,10.756,1338.172,14.336
LANDIS,51,BAU,2083,1338.644,10.956,1349.599,14.457
LANDIS,51,BAU,2084,1349.764,11.155,1360.919,14.577
LANDIS,51,BAU,2085,1360.547,11.354,1371.901,14.694
LANDIS,51,BAU,2086,1370.994,11.553,1382.547,14.807
LANDIS,51,BAU,2087,1381.105,11.752,1392.857,14.916
LANDIS,51,BAU,2088,1390.882,11.951,1402.832,15.022
LANDIS,51,BAU,2089,1400.325,12.149,1412.474,15.124
LANDIS,51,BAU,2090,1409.436,12.346,1421.783,15.222
LANDIS,51,BAU,2091,1418.216,12.543,1430.759,15.317
LANDIS,51,BAU,2092,1426.664,12.74,1439.404,15.408
LANDIS,51,BAU,2093,1434.783,12.935,1447.718,15.496
LANDIS,51,BAU,2094,1442.573,13.13,1455.703,15.58
LANDIS,51,BAU,2095,1450.195,13.324,1463.519,15.662
LANDIS,51,BAU,2096,1457.649,13.517,1471.165,15.743
LANDIS,51,BAU,2097,1464.934,13.709,1478.643,15.821
LANDIS,51,BAU,2098,1472.053,13.9,1485.952,15.898
LANDIS,51,BAU,2099,1479.004,14.09,1493.094,15.973
LANDIS,51,BAU,2100,1485.789,14.279,1500.067,16.047
LANDIS,51,conservation,2025,548.81,0,548.81,5.927
LANDIS,51,conservation,2026,563.78,0.08,563.86,6.089
LANDIS,51,conservation,2027,578.795,0.157,578.951,6.251
LANDIS,51,conservation,2028,593.855,0.23,594.085,6.414
LANDIS,51,conservation,2029,608.96,0.302,609.261,6.577
LANDIS,51,conservation,2030,624.11,0.372,624.482,6.74
LANDIS,51,conservation,2031,639.308,0.44,639.748,6.905
LANDIS,51,conservation,2032,654.553,0.508,655.06,7.069
LANDIS,51,conservation,2033,669.844,0.574,670.418,7.234
LANDIS,51,conservation,2034,685.184,0.641,685.825,7.4
LANDIS,51,conservation,2035,700.473,0.707,701.179,7.565
LANDIS,51,conservation,2036,715.709,0.772,716.482,7.73
LANDIS,51,conservation,2037,730.897,0.838,731.735,7.894
LANDIS,51,conservation,2038,746.036,0.904,746.94,8.057
LANDIS,51,conservation,2039,761.126,0.97,762.096,8.22
LANDIS,51,conservation,2040,776.17,1.036,777.206,8.383
LANDIS,51,conservation,2041,791.168,1.102,792.27,8.545
LANDIS,51,conservation,2042,806.122,1.169,807.291,8.706
LANDIS,51,conservation,2043,821.032,1.235,822.267,8.867
LANDIS,51,conservation,2044,835.899,1.302,837.201,9.028
LANDIS,51,conservation,2045,850.728,1.37,852.098,9.188
LANDIS,51,conservation,2046,865.519,1.438,866.956,9.348
LANDIS,51,conservation,2047,880.274,1.506,881.78,9.507
LANDIS,51,conservation,2048,894.993,1.574,896.567,9.666
LANDIS,51,conservation,2049,909.677,1.643,911.32,9.825
LANDIS,51,conservation,2050,924.325,1.712,926.037,9.983
LANDIS,51,conservation,2051,938.941,1.781,940.722,10.141
LANDIS,51,conservation,2052,953.523,1.851,955.374,10.298
LANDIS,51,conservation,2053,968.072,1.922,969.994,10.455
LANDIS,51,conservation,2054,982.59,1.992,984.582,10.612
LANDIS,51,conservation,2055,997.019,2.063,999.082,10.768
LANDIS,51,conservation,2056,1011.362,2.134,1013.496,10.923
LANDIS,51,conservation,2057,1025.618,2.206,1027.823,11.077
LANDIS,51,conservation,2058,1039.79,2.278,1042.067,11.23
LANDIS,51,conservation,2059,1053.876,2.35,1056.226,11.382
LANDIS,51,conservation,2060,1067.879,2.422,1070.301,11.533
LANDIS,51,conservation,2061,1081.8,2.495,1084.295,11.683
LANDIS,51,conservation,2062,1095.637,2.568,1098.205,11.833
LANDIS,51,conservation,2063,1109.394,2.641,1112.035,11.981
LANDIS,51,conservation,2064,1123.069,2.715,1125.784,12.129
LANDIS,51,conservation,2065,1136.656,2.789,1139.444,12.276
LANDIS,51,conservation,2066,1150.154,2.863,1153.017,12.422
LANDIS,51,conservation,2067,1163.564,2.937,1166.501,12.566
LANDIS,51,conservation,2068,1176.886,3.011,1179.897,12.71
LANDIS,51,conservation,2069,1190.121,3.086,1193.207,12.853
LANDIS,51,conservation,2070,1203.27,3.161,1206.431,12.995
LANDIS,51,conservation,2071,1216.334,3.236,1219.57,13.136
LANDIS,51,conservation,2072,1229.313,3.311,1232.624,13.277
LANDIS,51,conservation,2073,1242.207,3.386,1245.594,13.416
LANDIS,51,conservation,2074,1255.018,3.462,1258.48,13.554
LANDIS,51,conservation,2075,1267.722,3.537,1271.26,13.691
LANDIS,51,conservation,2076,1280.319,3.613,1283.933,13.827
LANDIS,51,conservation,2077,1292.811,3.689,1296.5,13.962
LANDIS,51,conservation,2078,1305.198,3.765,1308.963,14.096
LANDIS,51,conservation,2079,1317.48,3.841,1321.321,14.229
LANDIS,51,conservation,2080,1329.658,3.917,1333.576,14.36
LANDIS,51,conservation,2081,1341.734,3.993,1345.727,14.491
LANDIS,51,conservation,2082,1353.705,4.07,1357.775,14.62
LANDIS,51,conservation,2083,1365.576,4.146,1369.722,14.748
LANDIS,51,conservation,2084,1377.343,4.222,1381.566,14.875
LANDIS,51,conservation,2085,1388.779,4.299,1393.078,14.999
LANDIS,51,conservation,2086,1399.884,4.375,1404.259,15.119
LANDIS,51,conservation,2087,1410.658,4.452,1415.109,15.235
LANDIS,51,conservation,2088,1421.101,4.528,1425.629,15.348
LANDIS,51,conservation,2089,1431.217,4.604,1435.821,15.457
LANDIS,51,conservation,2090,1441.005,4.68,1445.684,15.563
LANDIS,51,conservation,2091,1450.464,4.756,1455.22,15.665
LANDIS,51,conservation,2092,1459.597,4.831,1464.429,15.764
LANDIS,51,conservation,2093,1468.405,4.907,1473.311,15.859
LANDIS,51,conservation,2094,1476.888,4.982,1481.869,15.95
LANDIS,51,conservation,2095,1485.206,5.056,1490.262,16.04
LANDIS,51,conservation,2096,1493.359,5.131,1498.49,16.128
LANDIS,51,conservation,2097,1501.347,5.205,1506.552,16.215
LANDIS,51,conservation,2098,1509.173,5.279,1514.451,16.299
LANDIS,51,conservation,2099,1516.834,5.352,1522.186,16.382
LANDIS,51,conservation,2100,1524.331,5.425,1529.756,16.463
LANDIS,51,intensive,2025,548.81,0,548.81,5.927
LANDIS,51,intensive,2026,562.932,0.504,563.436,6.08
LANDIS,51,intensive,2027,577.078,0.985,578.063,6.232
LANDIS,51,intensive,2028,591.247,1.448,592.695,6.385
LANDIS,51,intensive,2029,605.44,1.896,607.336,6.539
LANDIS,51,intensive,2030,619.656,2.332,621.989,6.692
LANDIS,51,intensive,2031,633.899,2.76,636.659,6.846
LANDIS,51,intensive,2032,648.166,3.181,651.346,7
LANDIS,51,intensive,2033,662.458,3.596,666.054,7.155
LANDIS,51,intensive,2034,676.777,4.008,680.785,7.309
LANDIS,51,intensive,2035,691.023,4.417,695.44,7.463
LANDIS,51,intensive,2036,705.195,4.825,710.02,7.616
LANDIS,51,intensive,2037,719.296,5.231,724.528,7.768
LANDIS,51,intensive,2038,733.328,5.637,738.965,7.92
LANDIS,51,intensive,2039,747.289,6.043,753.333,8.071
LANDIS,51,intensive,2040,761.183,6.45,767.633,8.221
LANDIS,51,intensive,2041,775.01,6.857,781.867,8.37
LANDIS,51,intensive,2042,788.772,7.265,796.037,8.519
LANDIS,51,intensive,2043,802.469,7.674,810.143,8.667
LANDIS,51,intensive,2044,816.101,8.085,824.186,8.814
LANDIS,51,intensive,2045,829.676,8.497,838.173,8.96
LANDIS,51,intensive,2046,843.192,8.91,852.102,9.106
LANDIS,51,intensive,2047,856.652,9.325,865.977,9.252
LANDIS,51,intensive,2048,870.054,9.741,879.795,9.397
LANDIS,51,intensive,2049,883.401,10.159,893.561,9.541
LANDIS,51,intensive,2050,896.693,10.579,907.272,9.684
LANDIS,51,intensive,2051,909.932,11,920.932,9.827
LANDIS,51,intensive,2052,923.117,11.423,934.541,9.97
LANDIS,51,intensive,2053,936.25,11.848,948.097,10.111
LANDIS,51,intensive,2054,949.331,12.274,961.604,10.253
LANDIS,51,intensive,2055,962.304,12.701,975.005,10.393
LANDIS,51,intensive,2056,975.17,13.13,988.3,10.532
LANDIS,51,intensive,2057,987.931,13.56,1001.491,10.67
LANDIS,51,intensive,2058,1000.588,13.992,1014.58,10.806
LANDIS,51,intensive,2059,1013.141,14.425,1027.566,10.942
LANDIS,51,intensive,2060,1025.59,14.859,1040.45,11.076
LANDIS,51,intensive,2061,1037.939,15.295,1053.234,11.21
LANDIS,51,intensive,2062,1050.187,15.731,1065.918,11.342
LANDIS,51,intensive,2063,1062.335,16.168,1078.503,11.473
LANDIS,51,intensive,2064,1074.383,16.606,1090.99,11.603
LANDIS,51,intensive,2065,1086.325,17.045,1103.37,11.732
LANDIS,51,intensive,2066,1098.16,17.485,1115.645,11.86
LANDIS,51,intensive,2067,1109.889,17.926,1127.815,11.987
LANDIS,51,intensive,2068,1121.512,18.367,1139.879,12.112
LANDIS,51,intensive,2069,1133.032,18.809,1151.841,12.237
LANDIS,51,intensive,2070,1144.448,19.251,1163.699,12.36
LANDIS,51,intensive,2071,1155.762,19.694,1175.455,12.482
LANDIS,51,intensive,2072,1166.973,20.137,1187.109,12.603
LANDIS,51,intensive,2073,1178.083,20.58,1198.663,12.723
LANDIS,51,intensive,2074,1189.093,21.024,1210.117,12.842
LANDIS,51,intensive,2075,1199.98,21.467,1221.447,12.96
LANDIS,51,intensive,2076,1210.744,21.911,1232.655,13.076
LANDIS,51,intensive,2077,1221.386,22.355,1243.741,13.191
LANDIS,51,intensive,2078,1231.907,22.799,1254.707,13.305
LANDIS,51,intensive,2079,1242.308,23.243,1265.551,13.417
LANDIS,51,intensive,2080,1252.59,23.687,1276.277,13.528
LANDIS,51,intensive,2081,1262.753,24.131,1286.884,13.638
LANDIS,51,intensive,2082,1272.798,24.574,1297.372,13.746
LANDIS,51,intensive,2083,1282.726,25.017,1307.743,13.853
LANDIS,51,intensive,2084,1292.537,25.46,1317.996,13.959
LANDIS,51,intensive,2085,1302.001,25.902,1327.902,14.062
LANDIS,51,intensive,2086,1311.12,26.343,1337.463,14.16
LANDIS,51,intensive,2087,1319.895,26.783,1346.678,14.255
LANDIS,51,intensive,2088,1328.327,27.222,1355.549,14.346
LANDIS,51,intensive,2089,1336.418,27.66,1364.078,14.433
LANDIS,51,intensive,2090,1344.169,28.096,1372.265,14.517
LANDIS,51,intensive,2091,1351.581,28.53,1380.112,14.597
LANDIS,51,intensive,2092,1358.656,28.963,1387.618,14.673
LANDIS,51,intensive,2093,1365.394,29.393,1394.787,14.746
LANDIS,51,intensive,2094,1371.798,29.82,1401.618,14.815
LANDIS,51,intensive,2095,1378.029,30.245,1408.274,14.883
LANDIS,51,intensive,2096,1384.085,30.667,1414.752,14.948
LANDIS,51,intensive,2097,1389.967,31.087,1421.054,15.012
LANDIS,51,intensive,2098,1395.678,31.504,1427.182,15.073
LANDIS,51,intensive,2099,1401.217,31.918,1433.135,15.133
LANDIS,51,intensive,2100,1406.584,32.329,1438.914,15.191
LANDIS,53,reserve,2025,818.67,0,818.67,8.269
LANDIS,53,reserve,2026,823.194,0,823.194,8.314
LANDIS,53,reserve,2027,827.631,0,827.631,8.359
LANDIS,53,reserve,2028,831.985,0,831.985,8.403
LANDIS,53,reserve,2029,836.256,0,836.256,8.446
LANDIS,53,reserve,2030,840.446,0,840.446,8.489
LANDIS,53,reserve,2031,844.555,0,844.555,8.53
LANDIS,53,reserve,2032,848.587,0,848.587,8.571
LANDIS,53,reserve,2033,852.541,0,852.541,8.611
LANDIS,53,reserve,2034,856.428,0,856.428,8.65
LANDIS,53,reserve,2035,860.263,0,860.263,8.689
LANDIS,53,reserve,2036,864.046,0,864.046,8.727
LANDIS,53,reserve,2037,867.776,0,867.776,8.765
LANDIS,53,reserve,2038,871.454,0,871.454,8.802
LANDIS,53,reserve,2039,875.079,0,875.079,8.838
LANDIS,53,reserve,2040,878.656,0,878.656,8.874
LANDIS,53,reserve,2041,882.184,0,882.184,8.91
LANDIS,53,reserve,2042,885.664,0,885.664,8.945
LANDIS,53,reserve,2043,889.095,0,889.095,8.98
LANDIS,53,reserve,2044,892.479,0,892.479,9.014
LANDIS,53,reserve,2045,895.812,0,895.812,9.048
LANDIS,53,reserve,2046,899.096,0,899.096,9.081
LANDIS,53,reserve,2047,902.331,0,902.331,9.114
LANDIS,53,reserve,2048,905.517,0,905.517,9.146
LANDIS,53,reserve,2049,908.655,0,908.655,9.177
LANDIS,53,reserve,2050,911.745,0,911.745,9.209
LANDIS,53,reserve,2051,914.787,0,914.787,9.239
LANDIS,53,reserve,2052,917.783,0,917.783,9.27
LANDIS,53,reserve,2053,920.732,0,920.732,9.299
LANDIS,53,reserve,2054,923.635,0,923.635,9.329
LANDIS,53,reserve,2055,926.502,0,926.502,9.358
LANDIS,53,reserve,2056,929.333,0,929.333,9.386
LANDIS,53,reserve,2057,932.129,0,932.129,9.415
LANDIS,53,reserve,2058,934.889,0,934.889,9.442
LANDIS,53,reserve,2059,937.616,0,937.616,9.47
LANDIS,53,reserve,2060,940.307,0,940.307,9.497
LANDIS,53,reserve,2061,942.965,0,942.965,9.524
LANDIS,53,reserve,2062,945.588,0,945.588,9.55
LANDIS,53,reserve,2063,948.177,0,948.177,9.577
LANDIS,53,reserve,2064,950.733,0,950.733,9.602
LANDIS,53,reserve,2065,953.26,0,953.26,9.628
LANDIS,53,reserve,2066,955.758,0,955.758,9.653
LANDIS,53,reserve,2067,958.228,0,958.228,9.678
LANDIS,53,reserve,2068,960.67,0,960.67,9.703
LANDIS,53,reserve,2069,963.082,0,963.082,9.727
LANDIS,53,reserve,2070,965.465,0,965.465,9.751
LANDIS,53,reserve,2071,967.817,0,967.817,9.775
LANDIS,53,reserve,2072,970.14,0,970.14,9.798
LANDIS,53,reserve,2073,972.431,0,972.431,9.822
LANDIS,53,reserve,2074,974.69,0,974.69,9.844
LANDIS,53,reserve,2075,976.923,0,976.923,9.867
LANDIS,53,reserve,2076,979.129,0,979.129,9.889
LANDIS,53,reserve,2077,981.307,0,981.307,9.911
LANDIS,53,reserve,2078,983.455,0,983.455,9.933
LANDIS,53,reserve,2079,985.575,0,985.575,9.954
LANDIS,53,reserve,2080,987.664,0,987.664,9.975
LANDIS,53,reserve,2081,989.722,0,989.722,9.996
LANDIS,53,reserve,2082,991.747,0,991.747,10.017
LANDIS,53,reserve,2083,993.741,0,993.741,10.037
LANDIS,53,reserve,2084,995.701,0,995.701,10.057
LANDIS,53,reserve,2085,997.631,0,997.631,10.076
LANDIS,53,reserve,2086,999.532,0,999.532,10.095
LANDIS,53,reserve,2087,1001.403,0,1001.403,10.114
LANDIS,53,reserve,2088,1003.242,0,1003.242,10.133
LANDIS,53,reserve,2089,1005.05,0,1005.05,10.151
LANDIS,53,reserve,2090,1006.825,0,1006.825,10.169
LANDIS,53,reserve,2091,1008.567,0,1008.567,10.187
LANDIS,53,reserve,2092,1010.276,0,1010.276,10.204
LANDIS,53,reserve,2093,1011.951,0,1011.951,10.221
LANDIS,53,reserve,2094,1013.592,0,1013.592,10.237
LANDIS,53,reserve,2095,1015.202,0,1015.202,10.254
LANDIS,53,reserve,2096,1016.781,0,1016.781,10.269
LANDIS,53,reserve,2097,1018.328,0,1018.328,10.285
LANDIS,53,reserve,2098,1019.843,0,1019.843,10.3
LANDIS,53,reserve,2099,1021.327,0,1021.327,10.315
LANDIS,53,reserve,2100,1022.778,0,1022.778,10.33
LANDIS,53,BAU,2025,818.67,0,818.67,8.269
LANDIS,53,BAU,2026,823.14,0.027,823.167,8.314
LANDIS,53,BAU,2027,827.522,0.053,827.574,8.358
LANDIS,53,BAU,2028,831.821,0.077,831.897,8.401
LANDIS,53,BAU,2029,836.036,0.099,836.136,8.444
LANDIS,53,BAU,2030,840.171,0.121,840.292,8.486
LANDIS,53,BAU,2031,844.224,0.142,844.365,8.527
LANDIS,53,BAU,2032,848.2,0.161,848.361,8.567
LANDIS,53,BAU,2033,852.097,0.181,852.278,8.606
LANDIS,53,BAU,2034,855.928,0.199,856.127,8.645
LANDIS,53,BAU,2035,859.706,0.217,859.923,8.683
LANDIS,53,BAU,2036,863.432,0.235,863.666,8.721
LANDIS,53,BAU,2037,867.104,0.252,867.356,8.758
LANDIS,53,BAU,2038,870.724,0.269,870.993,8.794
LANDIS,53,BAU,2039,874.291,0.285,874.577,8.83
LANDIS,53,BAU,2040,877.81,0.301,878.112,8.866
LANDIS,53,BAU,2041,881.28,0.317,881.597,8.901
LANDIS,53,BAU,2042,884.701,0.333,885.034,8.935
LANDIS,53,BAU,2043,888.073,0.348,888.422,8.97
LANDIS,53,BAU,2044,891.398,0.364,891.762,9.003
LANDIS,53,BAU,2045,894.672,0.379,895.051,9.036
LANDIS,53,BAU,2046,897.897,0.393,898.29,9.069
LANDIS,53,BAU,2047,901.072,0.408,901.48,9.101
LANDIS,53,BAU,2048,904.198,0.422,904.62,9.132
LANDIS,53,BAU,2049,907.276,0.437,907.712,9.163
LANDIS,53,BAU,2050,910.305,0.451,910.756,9.194
LANDIS,53,BAU,2051,913.287,0.465,913.752,9.224
LANDIS,53,BAU,2052,916.222,0.479,916.701,9.254
LANDIS,53,BAU,2053,919.11,0.492,919.602,9.283
LANDIS,53,BAU,2054,921.952,0.506,922.458,9.312
LANDIS,53,BAU,2055,924.758,0.519,925.277,9.34
LANDIS,53,BAU,2056,927.527,0.532,928.059,9.368
LANDIS,53,BAU,2057,930.261,0.545,930.807,9.396
LANDIS,53,BAU,2058,932.96,0.558,933.518,9.423
LANDIS,53,BAU,2059,935.625,0.571,936.195,9.45
LANDIS,53,BAU,2060,938.253,0.584,938.837,9.476
LANDIS,53,BAU,2061,940.849,0.596,941.445,9.503
LANDIS,53,BAU,2062,943.409,0.608,944.018,9.528
LANDIS,53,BAU,2063,945.936,0.621,946.556,9.554
LANDIS,53,BAU,2064,948.429,0.633,949.061,9.579
LANDIS,53,BAU,2065,950.893,0.645,951.537,9.604
LANDIS,53,BAU,2066,953.327,0.657,953.984,9.629
LANDIS,53,BAU,2067,955.734,0.669,956.402,9.653
LANDIS,53,BAU,2068,958.112,0.68,958.792,9.677
LANDIS,53,BAU,2069,960.461,0.692,961.152,9.701
LANDIS,53,BAU,2070,962.78,0.703,963.483,9.724
LANDIS,53,BAU,2071,965.068,0.714,965.782,9.747
LANDIS,53,BAU,2072,967.326,0.726,968.052,9.77
LANDIS,53,BAU,2073,969.553,0.737,970.29,9.792
LANDIS,53,BAU,2074,971.748,0.748,972.495,9.815
LANDIS,53,BAU,2075,973.916,0.759,974.675,9.837
LANDIS,53,BAU,2076,976.057,0.769,976.826,9.858
LANDIS,53,BAU,2077,978.17,0.78,978.95,9.88
LANDIS,53,BAU,2078,980.253,0.791,981.044,9.901
LANDIS,53,BAU,2079,982.308,0.801,983.109,9.921
LANDIS,53,BAU,2080,984.332,0.811,985.143,9.942
LANDIS,53,BAU,2081,986.324,0.822,987.146,9.962
LANDIS,53,BAU,2082,988.284,0.832,989.115,9.982
LANDIS,53,BAU,2083,990.212,0.842,991.054,10.001
LANDIS,53,BAU,2084,992.106,0.852,992.958,10.02
LANDIS,53,BAU,2085,993.97,0.862,994.832,10.039
LANDIS,53,BAU,2086,995.805,0.871,996.676,10.058
LANDIS,53,BAU,2087,997.61,0.881,998.491,10.076
LANDIS,53,BAU,2088,999.382,0.891,1000.273,10.094
LANDIS,53,BAU,2089,1001.124,0.9,1002.024,10.111
LANDIS,53,BAU,2090,1002.832,0.909,1003.742,10.129
LANDIS,53,BAU,2091,1004.507,0.919,1005.426,10.146
LANDIS,53,BAU,2092,1006.15,0.928,1007.078,10.162
LANDIS,53,BAU,2093,1007.758,0.937,1008.695,10.178
LANDIS,53,BAU,2094,1009.332,0.946,1010.278,10.194
LANDIS,53,BAU,2095,1010.874,0.955,1011.83,10.21
LANDIS,53,BAU,2096,1012.386,0.964,1013.35,10.225
LANDIS,53,BAU,2097,1013.866,0.973,1014.839,10.24
LANDIS,53,BAU,2098,1015.313,0.981,1016.295,10.255
LANDIS,53,BAU,2099,1016.73,0.99,1017.72,10.269
LANDIS,53,BAU,2100,1018.113,0.998,1019.112,10.283
LANDIS,53,conservation,2025,818.67,0,818.67,8.269
LANDIS,53,conservation,2026,823.172,0.011,823.183,8.314
LANDIS,53,conservation,2027,827.587,0.021,827.608,8.359
LANDIS,53,conservation,2028,831.918,0.031,831.949,8.402
LANDIS,53,conservation,2029,836.167,0.04,836.207,8.445
LANDIS,53,conservation,2030,840.334,0.049,840.383,8.487
LANDIS,53,conservation,2031,844.421,0.057,844.478,8.529
LANDIS,53,conservation,2032,848.43,0.066,848.495,8.569
LANDIS,53,conservation,2033,852.361,0.073,852.434,8.609
LANDIS,53,conservation,2034,856.225,0.081,856.306,8.648
LANDIS,53,conservation,2035,860.037,0.088,860.125,8.686
LANDIS,53,conservation,2036,863.797,0.095,863.892,8.724
LANDIS,53,conservation,2037,867.503,0.102,867.605,8.762
LANDIS,53,conservation,2038,871.158,0.109,871.267,8.799
LANDIS,53,conservation,2039,874.759,0.116,874.875,8.835
LANDIS,53,conservation,2040,878.313,0.122,878.435,8.871
LANDIS,53,conservation,2041,881.817,0.129,881.946,8.906
LANDIS,53,conservation,2042,885.273,0.135,885.408,8.941
LANDIS,53,conservation,2043,888.68,0.141,888.822,8.976
LANDIS,53,conservation,2044,892.04,0.148,892.188,9.01
LANDIS,53,conservation,2045,895.349,0.154,895.503,9.043
LANDIS,53,conservation,2046,898.609,0.16,898.769,9.076
LANDIS,53,conservation,2047,901.82,0.166,901.985,9.108
LANDIS,53,conservation,2048,904.981,0.172,905.153,9.14
LANDIS,53,conservation,2049,908.095,0.177,908.272,9.172
LANDIS,53,conservation,2050,911.16,0.183,911.343,9.203
LANDIS,53,conservation,2051,914.178,0.189,914.367,9.233
LANDIS,53,conservation,2052,917.149,0.194,917.343,9.263
LANDIS,53,conservation,2053,920.073,0.2,920.273,9.293
LANDIS,53,conservation,2054,922.952,0.205,923.157,9.322
LANDIS,53,conservation,2055,925.794,0.211,926.004,9.351
LANDIS,53,conservation,2056,928.6,0.216,928.816,9.379
LANDIS,53,conservation,2057,931.371,0.221,931.592,9.407
LANDIS,53,conservation,2058,934.105,0.227,934.332,9.434
LANDIS,53,conservation,2059,936.807,0.232,937.039,9.462
LANDIS,53,conservation,2060,939.473,0.237,939.71,9.489
LANDIS,53,conservation,2061,942.106,0.242,942.348,9.515
LANDIS,53,conservation,2062,944.703,0.247,944.95,9.542
LANDIS,53,conservation,2063,947.267,0.252,947.519,9.567
LANDIS,53,conservation,2064,949.797,0.257,950.054,9.593
LANDIS,53,conservation,2065,952.298,0.262,952.56,9.618
LANDIS,53,conservation,2066,954.771,0.267,955.037,9.643
LANDIS,53,conservation,2067,957.215,0.272,957.486,9.668
LANDIS,53,conservation,2068,959.631,0.276,959.907,9.692
LANDIS,53,conservation,2069,962.017,0.281,962.298,9.716
LANDIS,53,conservation,2070,964.374,0.286,964.66,9.74
LANDIS,53,conservation,2071,966.7,0.29,966.99,9.764
LANDIS,53,conservation,2072,968.997,0.295,969.292,9.787
LANDIS,53,conservation,2073,971.262,0.299,971.561,9.81
LANDIS,53,conservation,2074,973.495,0.304,973.798,9.832
LANDIS,53,conservation,2075,975.701,0.308,976.01,9.855
LANDIS,53,conservation,2076,977.881,0.313,978.194,9.877
LANDIS,53,conservation,2077,980.033,0.317,980.35,9.898
LANDIS,53,conservation,2078,982.154,0.321,982.475,9.92
LANDIS,53,conservation,2079,984.248,0.326,984.573,9.941
LANDIS,53,conservation,2080,986.31,0.33,986.64,9.962
LANDIS,53,conservation,2081,988.341,0.334,988.675,9.982
LANDIS,53,conservation,2082,990.34,0.338,990.678,10.002
LANDIS,53,conservation,2083,992.307,0.342,992.649,10.022
LANDIS,53,conservation,2084,994.24,0.346,994.586,10.042
LANDIS,53,conservation,2085,996.143,0.35,996.494,10.061
LANDIS,53,conservation,2086,998.017,0.354,998.372,10.08
LANDIS,53,conservation,2087,999.861,0.358,1000.22,10.099
LANDIS,53,conservation,2088,1001.673,0.362,1002.035,10.117
LANDIS,53,conservation,2089,1003.454,0.366,1003.82,10.135
LANDIS,53,conservation,2090,1005.202,0.37,1005.572,10.153
LANDIS,53,conservation,2091,1006.917,0.373,1007.291,10.17
LANDIS,53,conservation,2092,1008.599,0.377,1008.976,10.187
LANDIS,53,conservation,2093,1010.247,0.381,1010.628,10.203
LANDIS,53,conservation,2094,1011.861,0.385,1012.245,10.22
LANDIS,53,conservation,2095,1013.443,0.388,1013.831,10.236
LANDIS,53,conservation,2096,1014.995,0.392,1015.387,10.251
LANDIS,53,conservation,2097,1016.514,0.395,1016.91,10.267
LANDIS,53,conservation,2098,1018.002,0.399,1018.401,10.282
LANDIS,53,conservation,2099,1019.458,0.402,1019.861,10.297
LANDIS,53,conservation,2100,1020.882,0.406,1021.288,10.311
LANDIS,53,intensive,2025,818.67,0,818.67,8.269
LANDIS,53,intensive,2026,823.055,0.07,823.124,8.313
LANDIS,53,intensive,2027,827.352,0.135,827.487,8.356
LANDIS,53,intensive,2028,831.565,0.196,831.761,8.399
LANDIS,53,intensive,2029,835.695,0.254,835.949,8.441
LANDIS,53,intensive,2030,839.743,0.309,840.052,8.481
LANDIS,53,intensive,2031,843.709,0.362,844.071,8.521
LANDIS,53,intensive,2032,847.598,0.412,848.01,8.561
LANDIS,53,intensive,2033,851.408,0.461,851.869,8.599
LANDIS,53,intensive,2034,855.15,0.509,855.658,8.637
LANDIS,53,intensive,2035,858.839,0.555,859.394,8.674
LANDIS,53,intensive,2036,862.476,0.6,863.076,8.711
LANDIS,53,intensive,2037,866.06,0.643,866.703,8.747
LANDIS,53,intensive,2038,869.591,0.686,870.277,8.783
LANDIS,53,intensive,2039,873.068,0.728,873.796,8.818
LANDIS,53,intensive,2040,876.496,0.77,877.266,8.853
LANDIS,53,intensive,2041,879.875,0.81,880.686,8.887
LANDIS,53,intensive,2042,883.206,0.85,884.056,8.92
LANDIS,53,intensive,2043,886.487,0.889,887.376,8.954
LANDIS,53,intensive,2044,889.72,0.928,890.648,8.986
LANDIS,53,intensive,2045,892.902,0.966,893.868,9.018
LANDIS,53,intensive,2046,896.034,1.004,897.038,9.05
LANDIS,53,intensive,2047,899.117,1.041,900.158,9.081
LANDIS,53,intensive,2048,902.15,1.078,903.228,9.112
LANDIS,53,intensive,2049,905.134,1.115,906.249,9.142
LANDIS,53,intensive,2050,908.07,1.15,909.221,9.172
LANDIS,53,intensive,2051,910.958,1.186,912.144,9.201
LANDIS,53,intensive,2052,913.799,1.221,915.02,9.229
LANDIS,53,intensive,2053,916.593,1.256,917.849,9.258
LANDIS,53,intensive,2054,919.34,1.29,920.63,9.285
LANDIS,53,intensive,2055,922.051,1.324,923.375,9.313
LANDIS,53,intensive,2056,924.725,1.358,926.083,9.34
LANDIS,53,intensive,2057,927.364,1.391,928.755,9.366
LANDIS,53,intensive,2058,929.966,1.424,931.39,9.393
LANDIS,53,intensive,2059,932.535,1.456,933.991,9.419
LANDIS,53,intensive,2060,935.068,1.488,936.556,9.444
LANDIS,53,intensive,2061,937.567,1.52,939.087,9.469
LANDIS,53,intensive,2062,940.03,1.552,941.582,9.494
LANDIS,53,intensive,2063,942.459,1.583,944.042,9.519
LANDIS,53,intensive,2064,944.855,1.614,946.469,9.543
LANDIS,53,intensive,2065,947.222,1.644,948.866,9.567
LANDIS,53,intensive,2066,949.558,1.674,951.233,9.591
LANDIS,53,intensive,2067,951.867,1.704,953.571,9.614
LANDIS,53,intensive,2068,954.147,1.734,955.881,9.637
LANDIS,53,intensive,2069,956.397,1.763,958.16,9.66
LANDIS,53,intensive,2070,958.617,1.792,960.41,9.682
LANDIS,53,intensive,2071,960.806,1.821,962.628,9.704
LANDIS,53,intensive,2072,962.966,1.849,964.816,9.726
LANDIS,53,intensive,2073,965.093,1.878,966.971,9.747
LANDIS,53,intensive,2074,967.188,1.905,969.094,9.769
LANDIS,53,intensive,2075,969.257,1.933,971.19,9.789
LANDIS,53,intensive,2076,971.298,1.96,973.259,9.81
LANDIS,53,intensive,2077,973.311,1.987,975.298,9.83
LANDIS,53,intensive,2078,975.294,2.014,977.308,9.85
LANDIS,53,intensive,2079,977.248,2.041,979.288,9.87
LANDIS,53,intensive,2080,979.171,2.067,981.238,9.89
LANDIS,53,intensive,2081,981.062,2.093,983.155,9.909
LANDIS,53,intensive,2082,982.92,2.119,985.039,9.927
LANDIS,53,intensive,2083,984.747,2.144,986.891,9.946
LANDIS,53,intensive,2084,986.54,2.169,988.709,9.964
LANDIS,53,intensive,2085,988.302,2.194,990.496,9.982
LANDIS,53,intensive,2086,990.035,2.219,992.254,9.999
LANDIS,53,intensive,2087,991.738,2.243,993.981,10.017
LANDIS,53,intensive,2088,993.408,2.268,995.676,10.033
LANDIS,53,intensive,2089,995.047,2.292,997.339,10.05
LANDIS,53,intensive,2090,996.653,2.315,998.969,10.066
LANDIS,53,intensive,2091,998.226,2.339,1000.565,10.082
LANDIS,53,intensive,2092,999.765,2.362,1002.127,10.098
LANDIS,53,intensive,2093,1001.27,2.385,1003.655,10.113
LANDIS,53,intensive,2094,1002.741,2.408,1005.149,10.128
LANDIS,53,intensive,2095,1004.18,2.431,1006.611,10.142
LANDIS,53,intensive,2096,1005.589,2.453,1008.042,10.156
LANDIS,53,intensive,2097,1006.965,2.475,1009.44,10.17
LANDIS,53,intensive,2098,1008.309,2.497,1010.806,10.184
LANDIS,53,intensive,2099,1009.621,2.519,1012.14,10.197
LANDIS,53,intensive,2100,1010.901,2.54,1013.441,10.21
LANDIS,54,reserve,2025,438.59,0,438.59,5.658
LANDIS,54,reserve,2026,452.398,0,452.398,5.836
LANDIS,54,reserve,2027,466.268,0,466.268,6.015
LANDIS,54,reserve,2028,480.201,0,480.201,6.195
LANDIS,54,reserve,2029,494.196,0,494.196,6.375
LANDIS,54,reserve,2030,508.254,0,508.254,6.556
LANDIS,54,reserve,2031,522.375,0,522.375,6.739
LANDIS,54,reserve,2032,536.56,0,536.56,6.922
LANDIS,54,reserve,2033,550.809,0,550.809,7.105
LANDIS,54,reserve,2034,565.122,0,565.122,7.29
LANDIS,54,reserve,2035,579.413,0,579.413,7.474
LANDIS,54,reserve,2036,593.683,0,593.683,7.659
LANDIS,54,reserve,2037,607.932,0,607.932,7.842
LANDIS,54,reserve,2038,622.162,0,622.162,8.026
LANDIS,54,reserve,2039,636.372,0,636.372,8.209
LANDIS,54,reserve,2040,650.565,0,650.565,8.392
LANDIS,54,reserve,2041,664.74,0,664.74,8.575
LANDIS,54,reserve,2042,678.898,0,678.898,8.758
LANDIS,54,reserve,2043,693.04,0,693.04,8.94
LANDIS,54,reserve,2044,707.167,0,707.167,9.122
LANDIS,54,reserve,2045,721.221,0,721.221,9.304
LANDIS,54,reserve,2046,735.204,0,735.204,9.484
LANDIS,54,reserve,2047,749.117,0,749.117,9.664
LANDIS,54,reserve,2048,762.959,0,762.959,9.842
LANDIS,54,reserve,2049,776.733,0,776.733,10.02
LANDIS,54,reserve,2050,790.438,0,790.438,10.197
LANDIS,54,reserve,2051,804.076,0,804.076,10.373
LANDIS,54,reserve,2052,817.648,0,817.648,10.548
LANDIS,54,reserve,2053,831.153,0,831.153,10.722
LANDIS,54,reserve,2054,844.593,0,844.593,10.895
LANDIS,54,reserve,2055,857.933,0,857.933,11.067
LANDIS,54,reserve,2056,871.175,0,871.175,11.238
LANDIS,54,reserve,2057,884.319,0,884.319,11.408
LANDIS,54,reserve,2058,897.366,0,897.366,11.576
LANDIS,54,reserve,2059,910.316,0,910.316,11.743
LANDIS,54,reserve,2060,923.17,0,923.17,11.909
LANDIS,54,reserve,2061,935.929,0,935.929,12.073
LANDIS,54,reserve,2062,948.593,0,948.593,12.237
LANDIS,54,reserve,2063,961.163,0,961.163,12.399
LANDIS,54,reserve,2064,973.64,0,973.64,12.56
LANDIS,54,reserve,2065,986.004,0,986.004,12.719
LANDIS,54,reserve,2066,998.256,0,998.256,12.877
LANDIS,54,reserve,2067,1010.396,0,1010.396,13.034
LANDIS,54,reserve,2068,1022.425,0,1022.425,13.189
LANDIS,54,reserve,2069,1034.343,0,1034.343,13.343
LANDIS,54,reserve,2070,1046.152,0,1046.152,13.495
LANDIS,54,reserve,2071,1057.851,0,1057.851,13.646
LANDIS,54,reserve,2072,1069.441,0,1069.441,13.796
LANDIS,54,reserve,2073,1080.923,0,1080.923,13.944
LANDIS,54,reserve,2074,1092.296,0,1092.296,14.091
LANDIS,54,reserve,2075,1103.554,0,1103.554,14.236
LANDIS,54,reserve,2076,1114.695,0,1114.695,14.38
LANDIS,54,reserve,2077,1125.722,0,1125.722,14.522
LANDIS,54,reserve,2078,1136.634,0,1136.634,14.663
LANDIS,54,reserve,2079,1147.432,0,1147.432,14.802
LANDIS,54,reserve,2080,1158.115,0,1158.115,14.94
LANDIS,54,reserve,2081,1168.685,0,1168.685,15.076
LANDIS,54,reserve,2082,1179.142,0,1179.142,15.211
LANDIS,54,reserve,2083,1189.486,0,1189.486,15.344
LANDIS,54,reserve,2084,1199.717,0,1199.717,15.476
LANDIS,54,reserve,2085,1209.834,0,1209.834,15.607
LANDIS,54,reserve,2086,1219.837,0,1219.837,15.736
LANDIS,54,reserve,2087,1229.727,0,1229.727,15.863
LANDIS,54,reserve,2088,1239.504,0,1239.504,15.99
LANDIS,54,reserve,2089,1249.168,0,1249.168,16.114
LANDIS,54,reserve,2090,1258.719,0,1258.719,16.237
LANDIS,54,reserve,2091,1268.157,0,1268.157,16.359
LANDIS,54,reserve,2092,1277.484,0,1277.484,16.48
LANDIS,54,reserve,2093,1286.699,0,1286.699,16.598
LANDIS,54,reserve,2094,1295.802,0,1295.802,16.716
LANDIS,54,reserve,2095,1304.798,0,1304.798,16.832
LANDIS,54,reserve,2096,1313.686,0,1313.686,16.947
LANDIS,54,reserve,2097,1322.467,0,1322.467,17.06
LANDIS,54,reserve,2098,1331.141,0,1331.141,17.172
LANDIS,54,reserve,2099,1339.709,0,1339.709,17.282
LANDIS,54,reserve,2100,1348.17,0,1348.17,17.391
LANDIS,54,BAU,2025,438.59,0,438.59,5.658
LANDIS,54,BAU,2026,452.003,0.198,452.2,5.831
LANDIS,54,BAU,2027,465.466,0.387,465.853,6.005
LANDIS,54,BAU,2028,478.98,0.57,479.55,6.179
LANDIS,54,BAU,2029,492.543,0.749,493.292,6.354
LANDIS,54,BAU,2030,506.158,0.923,507.081,6.529
LANDIS,54,BAU,2031,519.823,1.095,520.918,6.706
LANDIS,54,BAU,2032,533.54,1.265,534.805,6.883
LANDIS,54,BAU,2033,547.308,1.434,548.742,7.06
LANDIS,54,BAU,2034,561.128,1.602,562.73,7.239
LANDIS,54,BAU,2035,574.914,1.77,576.684,7.416
LANDIS,54,BAU,2036,588.666,1.938,590.604,7.594
LANDIS,54,BAU,2037,602.385,2.106,604.491,7.771
LANDIS,54,BAU,2038,616.072,2.274,618.347,7.947
LANDIS,54,BAU,2039,629.727,2.443,632.171,8.123
LANDIS,54,BAU,2040,643.353,2.613,645.967,8.299
LANDIS,54,BAU,2041,656.949,2.784,659.733,8.475
LANDIS,54,BAU,2042,670.515,2.956,673.471,8.65
LANDIS,54,BAU,2043,684.053,3.129,687.183,8.824
LANDIS,54,BAU,2044,697.564,3.303,700.868,8.999
LANDIS,54,BAU,2045,710.99,3.479,714.469,9.172
LANDIS,54,BAU,2046,724.333,3.655,727.988,9.344
LANDIS,54,BAU,2047,737.593,3.833,741.426,9.515
LANDIS,54,BAU,2048,750.771,4.012,754.783,9.685
LANDIS,54,BAU,2049,763.869,4.192,768.06,9.854
LANDIS,54,BAU,2050,776.886,4.373,781.259,10.022
LANDIS,54,BAU,2051,789.824,4.555,794.379,10.189
LANDIS,54,BAU,2052,802.685,4.738,807.423,10.355
LANDIS,54,BAU,2053,815.467,4.922,820.389,10.52
LANDIS,54,BAU,2054,828.172,5.108,833.28,10.683
LANDIS,54,BAU,2055,840.767,5.294,846.06,10.846
LANDIS,54,BAU,2056,853.251,5.481,858.733,11.007
LANDIS,54,BAU,2057,865.627,5.669,871.296,11.167
LANDIS,54,BAU,2058,877.894,5.858,883.753,11.325
LANDIS,54,BAU,2059,890.054,6.048,896.102,11.482
LANDIS,54,BAU,2060,902.106,6.239,908.345,11.637
LANDIS,54,BAU,2061,914.052,6.43,920.483,11.791
LANDIS,54,BAU,2062,925.893,6.622,932.516,11.944
LANDIS,54,BAU,2063,937.629,6.815,944.444,12.095
LANDIS,54,BAU,2064,949.262,7.009,956.27,12.245
LANDIS,54,BAU,2065,960.771,7.203,967.973,12.394
LANDIS,54,BAU,2066,972.158,7.397,979.555,12.541
LANDIS,54,BAU,2067,983.422,7.592,991.014,12.686
LANDIS,54,BAU,2068,994.565,7.788,1002.353,12.83
LANDIS,54,BAU,2069,1005.588,7.984,1013.571,12.972
LANDIS,54,BAU,2070,1016.491,8.18,1024.671,13.113
LANDIS,54,BAU,2071,1027.274,8.377,1035.651,13.252
LANDIS,54,BAU,2072,1037.939,8.574,1046.513,13.389
LANDIS,54,BAU,2073,1048.486,8.771,1057.257,13.525
LANDIS,54,BAU,2074,1058.915,8.968,1067.883,13.66
LANDIS,54,BAU,2075,1069.219,9.166,1078.385,13.793
LANDIS,54,BAU,2076,1079.397,9.364,1088.761,13.924
LANDIS,54,BAU,2077,1089.452,9.562,1099.014,14.054
LANDIS,54,BAU,2078,1099.383,9.76,1109.143,14.182
LANDIS,54,BAU,2079,1109.191,9.958,1119.149,14.309
LANDIS,54,BAU,2080,1118.875,10.156,1129.031,14.433
LANDIS,54,BAU,2081,1128.437,10.354,1138.791,14.557
LANDIS,54,BAU,2082,1137.878,10.552,1148.43,14.679
LANDIS,54,BAU,2083,1147.197,10.75,1157.947,14.799
LANDIS,54,BAU,2084,1156.395,10.948,1167.343,14.917
LANDIS,54,BAU,2085,1165.47,11.145,1176.616,15.035
LANDIS,54,BAU,2086,1174.424,11.343,1185.767,15.15
LANDIS,54,BAU,2087,1183.256,11.54,1194.796,15.264
LANDIS,54,BAU,2088,1191.967,11.737,1203.705,15.376
LANDIS,54,BAU,2089,1200.558,11.934,1212.492,15.487
LANDIS,54,BAU,2090,1209.027,12.131,1221.158,15.596
LANDIS,54,BAU,2091,1217.377,12.327,1229.703,15.704
LANDIS,54,BAU,2092,1225.607,12.523,1238.13,15.81
LANDIS,54,BAU,2093,1233.718,12.718,1246.436,15.915
LANDIS,54,BAU,2094,1241.71,12.913,1254.623,16.018
LANDIS,54,BAU,2095,1249.588,13.107,1262.695,16.12
LANDIS,54,BAU,2096,1257.35,13.302,1270.652,16.22
LANDIS,54,BAU,2097,1264.999,13.495,1278.494,16.318
LANDIS,54,BAU,2098,1272.534,13.688,1286.222,16.416
LANDIS,54,BAU,2099,1279.956,13.881,1293.836,16.511
LANDIS,54,BAU,2100,1287.264,14.073,1301.337,16.606
LANDIS,54,conservation,2025,438.59,0,438.59,5.658
LANDIS,54,conservation,2026,452.244,0.077,452.321,5.834
LANDIS,54,conservation,2027,465.955,0.151,466.106,6.011
LANDIS,54,conservation,2028,479.725,0.222,479.947,6.188
LANDIS,54,conservation,2029,493.551,0.292,493.843,6.367
LANDIS,54,conservation,2030,507.436,0.36,507.796,6.546
LANDIS,54,conservation,2031,521.379,0.428,521.807,6.726
LANDIS,54,conservation,2032,535.381,0.494,535.875,6.906
LANDIS,54,conservation,2033,549.442,0.56,550.002,7.088
LANDIS,54,conservation,2034,563.562,0.626,564.188,7.27
LANDIS,54,conservation,2035,577.655,0.692,578.347,7.452
LANDIS,54,conservation,2036,591.723,0.757,592.48,7.633
LANDIS,54,conservation,2037,605.764,0.823,606.587,7.814
LANDIS,54,conservation,2038,619.781,0.889,620.671,7.995
LANDIS,54,conservation,2039,633.774,0.956,634.73,8.176
LANDIS,54,conservation,2040,647.744,1.023,648.767,8.356
LANDIS,54,conservation,2041,661.692,1.09,662.782,8.536
LANDIS,54,conservation,2042,675.618,1.157,676.775,8.715
LANDIS,54,conservation,2043,689.523,1.225,690.748,8.895
LANDIS,54,conservation,2044,703.408,1.294,704.702,9.074
LANDIS,54,conservation,2045,717.215,1.363,718.578,9.252
LANDIS,54,conservation,2046,730.946,1.432,732.378,9.429
LANDIS,54,conservation,2047,744.602,1.502,746.105,9.605
LANDIS,54,conservation,2048,758.183,1.573,759.756,9.781
LANDIS,54,conservation,2049,771.691,1.644,773.335,9.955
LANDIS,54,conservation,2050,785.125,1.715,786.84,10.128
LANDIS,54,conservation,2051,798.487,1.787,800.275,10.3
LANDIS,54,conservation,2052,811.779,1.86,813.639,10.472
LANDIS,54,conservation,2053,824.999,1.933,826.932,10.642
LANDIS,54,conservation,2054,838.15,2.006,840.156,10.812
LANDIS,54,conservation,2055,851.196,2.079,853.275,10.98
LANDIS,54,conservation,2056,864.139,2.154,866.292,11.147
LANDIS,54,conservation,2057,876.979,2.228,879.208,11.313
LANDIS,54,conservation,2058,889.719,2.303,892.022,11.477
LANDIS,54,conservation,2059,902.356,2.378,904.735,11.64
LANDIS,54,conservation,2060,914.894,2.454,917.347,11.802
LANDIS,54,conservation,2061,927.331,2.53,929.861,11.963
LANDIS,54,conservation,2062,939.67,2.606,942.276,12.122
LANDIS,54,conservation,2063,951.91,2.682,954.593,12.28
LANDIS,54,conservation,2064,964.053,2.759,966.812,12.436
LANDIS,54,conservation,2065,976.079,2.836,978.915,12.591
LANDIS,54,conservation,2066,987.988,2.914,990.902,12.745
LANDIS,54,conservation,2067,999.781,2.991,1002.773,12.897
LANDIS,54,conservation,2068,1011.459,3.069,1014.528,13.048
LANDIS,54,conservation,2069,1023.022,3.147,1026.169,13.197
LANDIS,54,conservation,2070,1034.472,3.225,1037.698,13.345
LANDIS,54,conservation,2071,1045.808,3.304,1049.112,13.491
LANDIS,54,conservation,2072,1057.031,3.382,1060.413,13.636
LANDIS,54,conservation,2073,1068.142,3.461,1071.603,13.779
LANDIS,54,conservation,2074,1079.14,3.54,1082.68,13.921
LANDIS,54,conservation,2075,1090.019,3.619,1093.638,14.061
LANDIS,54,conservation,2076,1100.778,3.698,1104.476,14.2
LANDIS,54,conservation,2077,1111.418,3.777,1115.195,14.337
LANDIS,54,conservation,2078,1121.94,3.856,1125.796,14.473
LANDIS,54,conservation,2079,1132.344,3.935,1136.28,14.607
LANDIS,54,conservation,2080,1142.63,4.015,1146.645,14.74
LANDIS,54,conservation,2081,1152.799,4.094,1156.893,14.871
LANDIS,54,conservation,2082,1162.851,4.173,1167.025,15.001
LANDIS,54,conservation,2083,1172.787,4.253,1177.04,15.129
LANDIS,54,conservation,2084,1182.607,4.332,1186.939,15.256
LANDIS,54,conservation,2085,1192.308,4.412,1196.72,15.381
LANDIS,54,conservation,2086,1201.893,4.491,1206.384,15.504
LANDIS,54,conservation,2087,1211.361,4.57,1215.931,15.627
LANDIS,54,conservation,2088,1220.713,4.649,1225.362,15.747
LANDIS,54,conservation,2089,1229.948,4.729,1234.677,15.866
LANDIS,54,conservation,2090,1239.068,4.808,1243.875,15.984
LANDIS,54,conservation,2091,1248.071,4.887,1252.958,16.1
LANDIS,54,conservation,2092,1256.96,4.966,1261.925,16.215
LANDIS,54,conservation,2093,1265.733,5.044,1270.778,16.328
LANDIS,54,conservation,2094,1274.392,5.123,1279.515,16.44
LANDIS,54,conservation,2095,1282.941,5.202,1288.143,16.55
LANDIS,54,conservation,2096,1291.379,5.28,1296.659,16.659
LANDIS,54,conservation,2097,1299.706,5.358,1305.065,16.766
LANDIS,54,conservation,2098,1307.924,5.437,1313.361,16.872
LANDIS,54,conservation,2099,1316.033,5.514,1321.548,16.977
LANDIS,54,conservation,2100,1324.032,5.592,1329.624,17.08
LANDIS,54,intensive,2025,438.59,0,438.59,5.658
LANDIS,54,intensive,2026,451.429,0.485,451.913,5.823
LANDIS,54,intensive,2027,464.301,0.949,465.25,5.989
LANDIS,54,intensive,2028,477.208,1.398,478.605,6.156
LANDIS,54,intensive,2029,490.148,1.834,491.982,6.323
LANDIS,54,intensive,2030,503.123,2.26,505.383,6.49
LANDIS,54,intensive,2031,516.132,2.679,518.811,6.658
LANDIS,54,intensive,2032,529.177,3.093,532.269,6.826
LANDIS,54,intensive,2033,542.256,3.503,545.759,6.995
LANDIS,54,intensive,2034,555.371,3.91,559.281,7.164
LANDIS,54,intensive,2035,568.434,4.317,572.751,7.333
LANDIS,54,intensive,2036,581.448,4.723,586.171,7.501
LANDIS,54,intensive,2037,594.412,5.129,599.541,7.668
LANDIS,54,intensive,2038,607.328,5.536,612.864,7.835
LANDIS,54,intensive,2039,620.196,5.944,626.14,8.001
LANDIS,54,intensive,2040,633.019,6.353,639.372,8.166
LANDIS,54,intensive,2041,645.795,6.764,652.559,8.331
LANDIS,54,intensive,2042,658.525,7.177,665.703,8.495
LANDIS,54,intensive,2043,671.212,7.593,678.805,8.659
LANDIS,54,intensive,2044,683.856,8.01,691.866,8.822
LANDIS,54,intensive,2045,696.398,8.43,704.828,8.984
LANDIS,54,intensive,2046,708.842,8.852,717.694,9.144
LANDIS,54,intensive,2047,721.189,9.277,730.465,9.303
LANDIS,54,intensive,2048,733.437,9.703,743.14,9.461
LANDIS,54,intensive,2049,745.59,10.132,755.722,9.618
LANDIS,54,intensive,2050,757.647,10.563,768.211,9.774
LANDIS,54,intensive,2051,769.611,10.997,780.608,9.928
LANDIS,54,intensive,2052,781.482,11.432,792.914,10.081
LANDIS,54,intensive,2053,793.26,11.869,805.129,10.233
LANDIS,54,intensive,2054,804.947,12.309,817.256,10.384
LANDIS,54,intensive,2055,816.508,12.75,829.258,10.533
LANDIS,54,intensive,2056,827.945,13.193,841.138,10.68
LANDIS,54,intensive,2057,839.26,13.638,852.897,10.826
LANDIS,54,intensive,2058,850.452,14.084,864.536,10.971
LANDIS,54,intensive,2059,861.522,14.531,876.054,11.114
LANDIS,54,intensive,2060,872.472,14.981,887.453,11.255
LANDIS,54,intensive,2061,883.303,15.431,898.734,11.395
LANDIS,54,intensive,2062,894.015,15.882,909.898,11.533
LANDIS,54,intensive,2063,904.609,16.335,920.944,11.669
LANDIS,54,intensive,2064,915.087,16.788,931.876,11.805
LANDIS,54,intensive,2065,925.429,17.243,942.672,11.938
LANDIS,54,intensive,2066,935.636,17.698,953.334,12.07
LANDIS,54,intensive,2067,945.708,18.154,963.862,12.2
LANDIS,54,intensive,2068,955.647,18.61,974.257,12.328
LANDIS,54,intensive,2069,965.453,19.067,984.52,12.454
LANDIS,54,intensive,2070,975.128,19.524,994.653,12.579
LANDIS,54,intensive,2071,984.672,19.982,1004.654,12.702
LANDIS,54,intensive,2072,994.086,20.439,1014.526,12.824
LANDIS,54,intensive,2073,1003.371,20.897,1024.268,12.943
LANDIS,54,intensive,2074,1012.527,21.355,1033.882,13.062
LANDIS,54,intensive,2075,1021.547,21.813,1043.36,13.178
LANDIS,54,intensive,2076,1030.43,22.27,1052.701,13.293
LANDIS,54,intensive,2077,1039.18,22.727,1061.908,13.405
LANDIS,54,intensive,2078,1047.796,23.184,1070.98,13.517
LANDIS,54,intensive,2079,1056.278,23.641,1079.919,13.626
LANDIS,54,intensive,2080,1064.627,24.097,1088.723,13.734
LANDIS,54,intensive,2081,1072.844,24.552,1097.396,13.84
LANDIS,54,intensive,2082,1080.93,25.006,1105.936,13.944
LANDIS,54,intensive,2083,1088.885,25.46,1114.345,14.047
LANDIS,54,intensive,2084,1096.71,25.913,1122.623,14.148
LANDIS,54,intensive,2085,1104.403,26.365,1130.768,14.247
LANDIS,54,intensive,2086,1111.965,26.816,1138.781,14.344
LANDIS,54,intensive,2087,1119.398,27.266,1146.664,14.44
LANDIS,54,intensive,2088,1126.701,27.715,1154.415,14.534
LANDIS,54,intensive,2089,1133.875,28.162,1162.037,14.627
LANDIS,54,intensive,2090,1140.92,28.609,1169.528,14.718
LANDIS,54,intensive,2091,1147.836,29.053,1176.89,14.807
LANDIS,54,intensive,2092,1154.627,29.497,1184.124,14.895
LANDIS,54,intensive,2093,1161.29,29.939,1191.229,14.981
LANDIS,54,intensive,2094,1167.827,30.379,1198.206,15.065
LANDIS,54,intensive,2095,1174.242,30.818,1205.06,15.148
LANDIS,54,intensive,2096,1180.535,31.255,1211.79,15.229
LANDIS,54,intensive,2097,1186.707,31.691,1218.397,15.309
LANDIS,54,intensive,2098,1192.758,32.124,1224.882,15.387
LANDIS,54,intensive,2099,1198.69,32.556,1231.246,15.463
LANDIS,54,intensive,2100,1204.502,32.986,1237.488,15.538
LANDIS,55,reserve,2025,396.22,0,396.22,3.17
LANDIS,55,reserve,2026,406.673,0,406.673,3.253
LANDIS,55,reserve,2027,417.091,0,417.091,3.337
LANDIS,55,reserve,2028,427.474,0,427.474,3.42
LANDIS,55,reserve,2029,437.823,0,437.823,3.503
LANDIS,55,reserve,2030,448.139,0,448.139,3.585
LANDIS,55,reserve,2031,458.423,0,458.423,3.667
LANDIS,55,reserve,2032,468.675,0,468.675,3.749
LANDIS,55,reserve,2033,478.897,0,478.897,3.831
LANDIS,55,reserve,2034,489.089,0,489.089,3.913
LANDIS,55,reserve,2035,499.205,0,499.205,3.994
LANDIS,55,reserve,2036,509.242,0,509.242,4.074
LANDIS,55,reserve,2037,519.213,0,519.213,4.154
LANDIS,55,reserve,2038,529.119,0,529.119,4.233
LANDIS,55,reserve,2039,538.96,0,538.96,4.312
LANDIS,55,reserve,2040,548.737,0,548.737,4.39
LANDIS,55,reserve,2041,558.45,0,558.45,4.468
LANDIS,55,reserve,2042,568.101,0,568.101,4.545
LANDIS,55,reserve,2043,577.69,0,577.69,4.622
LANDIS,55,reserve,2044,587.217,0,587.217,4.698
LANDIS,55,reserve,2045,596.658,0,596.658,4.773
LANDIS,55,reserve,2046,606.014,0,606.014,4.848
LANDIS,55,reserve,2047,615.285,0,615.285,4.922
LANDIS,55,reserve,2048,624.472,0,624.472,4.996
LANDIS,55,reserve,2049,633.576,0,633.576,5.069
LANDIS,55,reserve,2050,642.596,0,642.596,5.141
LANDIS,55,reserve,2051,651.534,0,651.534,5.212
LANDIS,55,reserve,2052,660.39,0,660.39,5.283
LANDIS,55,reserve,2053,669.164,0,669.164,5.353
LANDIS,55,reserve,2054,677.858,0,677.858,5.423
LANDIS,55,reserve,2055,686.46,0,686.46,5.492
LANDIS,55,reserve,2056,694.972,0,694.972,5.56
LANDIS,55,reserve,2057,703.393,0,703.393,5.627
LANDIS,55,reserve,2058,711.724,0,711.724,5.694
LANDIS,55,reserve,2059,719.966,0,719.966,5.76
LANDIS,55,reserve,2060,728.119,0,728.119,5.825
LANDIS,55,reserve,2061,736.183,0,736.183,5.889
LANDIS,55,reserve,2062,744.159,0,744.159,5.953
LANDIS,55,reserve,2063,752.047,0,752.047,6.016
LANDIS,55,reserve,2064,759.847,0,759.847,6.079
LANDIS,55,reserve,2065,767.557,0,767.557,6.14
LANDIS,55,reserve,2066,775.176,0,775.176,6.201
LANDIS,55,reserve,2067,782.705,0,782.705,6.262
LANDIS,55,reserve,2068,790.144,0,790.144,6.321
LANDIS,55,reserve,2069,797.494,0,797.494,6.38
LANDIS,55,reserve,2070,804.754,0,804.754,6.438
LANDIS,55,reserve,2071,811.925,0,811.925,6.495
LANDIS,55,reserve,2072,819.008,0,819.008,6.552
LANDIS,55,reserve,2073,826.002,0,826.002,6.608
LANDIS,55,reserve,2074,832.908,0,832.908,6.663
LANDIS,55,reserve,2075,839.728,0,839.728,6.718
LANDIS,55,reserve,2076,846.463,0,846.463,6.772
LANDIS,55,reserve,2077,853.112,0,853.112,6.825
LANDIS,55,reserve,2078,859.676,0,859.676,6.877
LANDIS,55,reserve,2079,866.156,0,866.156,6.929
LANDIS,55,reserve,2080,872.55,0,872.55,6.98
LANDIS,55,reserve,2081,878.861,0,878.861,7.031
LANDIS,55,reserve,2082,885.087,0,885.087,7.081
LANDIS,55,reserve,2083,891.229,0,891.229,7.13
LANDIS,55,reserve,2084,897.287,0,897.287,7.178
LANDIS,55,reserve,2085,903.265,0,903.265,7.226
LANDIS,55,reserve,2086,909.164,0,909.164,7.273
LANDIS,55,reserve,2087,914.983,0,914.983,7.32
LANDIS,55,reserve,2088,920.722,0,920.722,7.366
LANDIS,55,reserve,2089,926.383,0,926.383,7.411
LANDIS,55,reserve,2090,931.964,0,931.964,7.456
LANDIS,55,reserve,2091,937.467,0,937.467,7.5
LANDIS,55,reserve,2092,942.891,0,942.891,7.543
LANDIS,55,reserve,2093,948.236,0,948.236,7.586
LANDIS,55,reserve,2094,953.503,0,953.503,7.628
LANDIS,55,reserve,2095,958.698,0,958.698,7.67
LANDIS,55,reserve,2096,963.822,0,963.822,7.711
LANDIS,55,reserve,2097,968.874,0,968.874,7.751
LANDIS,55,reserve,2098,973.855,0,973.855,7.791
LANDIS,55,reserve,2099,978.765,0,978.765,7.83
LANDIS,55,reserve,2100,983.604,0,983.604,7.869
LANDIS,55,BAU,2025,396.22,0,396.22,3.17
LANDIS,55,BAU,2026,398.053,4.31,402.363,3.184
LANDIS,55,BAU,2027,399.81,8.335,408.145,3.198
LANDIS,55,BAU,2028,401.495,12.117,413.612,3.212
LANDIS,55,BAU,2029,403.108,15.694,418.802,3.225
LANDIS,55,BAU,2030,404.654,19.095,423.749,3.237
LANDIS,55,BAU,2031,406.134,22.345,428.479,3.249
LANDIS,55,BAU,2032,407.55,25.465,433.015,3.26
LANDIS,55,BAU,2033,408.905,28.472,437.377,3.271
LANDIS,55,BAU,2034,410.201,31.38,441.58,3.282
LANDIS,55,BAU,2035,411.392,34.201,445.593,3.291
LANDIS,55,BAU,2036,412.478,36.944,449.422,3.3
LANDIS,55,BAU,2037,413.475,39.616,453.091,3.308
LANDIS,55,BAU,2038,414.385,42.225,456.61,3.315
LANDIS,55,BAU,2039,415.211,44.775,459.986,3.322
LANDIS,55,BAU,2040,415.954,47.271,463.225,3.328
LANDIS,55,BAU,2041,416.617,49.717,466.334,3.333
LANDIS,55,BAU,2042,417.204,52.115,469.319,3.338
LANDIS,55,BAU,2043,417.716,54.468,472.184,3.342
LANDIS,55,BAU,2044,418.155,56.778,474.933,3.345
LANDIS,55,BAU,2045,418.498,59.048,477.546,3.348
LANDIS,55,BAU,2046,418.749,61.278,480.027,3.35
LANDIS,55,BAU,2047,418.909,63.469,482.378,3.351
LANDIS,55,BAU,2048,418.982,65.622,484.605,3.352
LANDIS,55,BAU,2049,418.97,67.739,486.709,3.352
LANDIS,55,BAU,2050,418.875,69.819,488.694,3.351
LANDIS,55,BAU,2051,418.7,71.863,490.562,3.35
LANDIS,55,BAU,2052,418.446,73.871,492.317,3.348
LANDIS,55,BAU,2053,418.116,75.845,493.961,3.345
LANDIS,55,BAU,2054,417.713,77.783,495.497,3.342
LANDIS,55,BAU,2055,417.227,79.688,496.915,3.338
LANDIS,55,BAU,2056,416.662,81.558,498.22,3.333
LANDIS,55,BAU,2057,416.017,83.394,499.411,3.328
LANDIS,55,BAU,2058,415.297,85.196,500.493,3.322
LANDIS,55,BAU,2059,414.504,86.964,501.468,3.316
LANDIS,55,BAU,2060,413.638,88.699,502.337,3.309
LANDIS,55,BAU,2061,412.703,90.4,503.103,3.302
LANDIS,55,BAU,2062,411.7,92.068,503.768,3.294
LANDIS,55,BAU,2063,410.631,93.702,504.333,3.285
LANDIS,55,BAU,2064,409.497,95.303,504.8,3.276
LANDIS,55,BAU,2065,408.297,96.872,505.169,3.266
LANDIS,55,BAU,2066,407.033,98.407,505.44,3.256
LANDIS,55,BAU,2067,405.706,99.91,505.616,3.246
LANDIS,55,BAU,2068,404.319,101.38,505.699,3.235
LANDIS,55,BAU,2069,402.872,102.818,505.69,3.223
LANDIS,55,BAU,2070,401.367,104.223,505.59,3.211
LANDIS,55,BAU,2071,399.805,105.596,505.402,3.198
LANDIS,55,BAU,2072,398.19,106.937,505.127,3.186
LANDIS,55,BAU,2073,396.52,108.247,504.767,3.172
LANDIS,55,BAU,2074,394.799,109.524,504.324,3.158
LANDIS,55,BAU,2075,393.03,110.77,503.8,3.144
LANDIS,55,BAU,2076,391.214,111.985,503.199,3.13
LANDIS,55,BAU,2077,389.351,113.168,502.519,3.115
LANDIS,55,BAU,2078,387.444,114.321,501.765,3.1
LANDIS,55,BAU,2079,385.495,115.442,500.937,3.084
LANDIS,55,BAU,2080,383.502,116.534,500.035,3.068
LANDIS,55,BAU,2081,381.469,117.595,499.063,3.052
LANDIS,55,BAU,2082,379.395,118.625,498.021,3.035
LANDIS,55,BAU,2083,377.283,119.626,496.909,3.018
LANDIS,55,BAU,2084,375.133,120.598,495.73,3.001
LANDIS,55,BAU,2085,372.949,121.539,494.488,2.984
LANDIS,55,BAU,2086,370.734,122.452,493.186,2.966
LANDIS,55,BAU,2087,368.487,123.336,491.822,2.948
LANDIS,55,BAU,2088,366.209,124.191,490.399,2.93
LANDIS,55,BAU,2089,363.902,125.017,488.92,2.911
LANDIS,55,BAU,2090,361.566,125.816,487.382,2.893
LANDIS,55,BAU,2091,359.202,126.587,485.789,2.874
LANDIS,55,BAU,2092,356.811,127.33,484.141,2.855
LANDIS,55,BAU,2093,354.393,128.045,482.438,2.835
LANDIS,55,BAU,2094,351.95,128.734,480.683,2.816
LANDIS,55,BAU,2095,349.487,129.395,478.883,2.796
LANDIS,55,BAU,2096,347.008,130.031,477.038,2.776
LANDIS,55,BAU,2097,344.51,130.639,475.149,2.756
LANDIS,55,BAU,2098,341.996,131.222,473.218,2.736
LANDIS,55,BAU,2099,339.465,131.78,471.245,2.716
LANDIS,55,BAU,2100,336.918,132.312,469.23,2.695
LANDIS,55,conservation,2025,396.22,0,396.22,3.17
LANDIS,55,conservation,2026,403.189,1.742,404.931,3.226
LANDIS,55,conservation,2027,410.061,3.391,413.452,3.281
LANDIS,55,conservation,2028,416.838,4.964,421.802,3.335
LANDIS,55,conservation,2029,423.521,6.472,429.994,3.388
LANDIS,55,conservation,2030,430.113,7.928,438.041,3.441
LANDIS,55,conservation,2031,436.615,9.34,445.954,3.493
LANDIS,55,conservation,2032,443.027,10.715,453.742,3.544
LANDIS,55,conservation,2033,449.353,12.06,461.414,3.595
LANDIS,55,conservation,2034,455.594,13.38,468.974,3.645
LANDIS,55,conservation,2035,461.703,14.679,476.382,3.694
LANDIS,55,conservation,2036,467.68,15.959,483.639,3.741
LANDIS,55,conservation,2037,473.538,17.224,490.762,3.788
LANDIS,55,conservation,2038,479.28,18.475,497.755,3.834
LANDIS,55,conservation,2039,484.906,19.715,504.621,3.879
LANDIS,55,conservation,2040,490.419,20.944,511.363,3.923
LANDIS,55,conservation,2041,495.819,22.164,517.983,3.967
LANDIS,55,conservation,2042,501.11,23.375,524.486,4.009
LANDIS,55,conservation,2043,506.292,24.579,530.872,4.05
LANDIS,55,conservation,2044,511.367,25.776,537.143,4.091
LANDIS,55,conservation,2045,516.311,26.966,543.277,4.131
LANDIS,55,conservation,2046,521.127,28.149,549.276,4.169
LANDIS,55,conservation,2047,525.815,29.326,555.141,4.207
LANDIS,55,conservation,2048,530.378,30.497,560.875,4.243
LANDIS,55,conservation,2049,534.818,31.661,566.479,4.279
LANDIS,55,conservation,2050,539.135,32.819,571.954,4.313
LANDIS,55,conservation,2051,543.332,33.971,577.303,4.347
LANDIS,55,conservation,2052,547.41,35.116,582.526,4.379
LANDIS,55,conservation,2053,551.37,36.254,587.624,4.411
LANDIS,55,conservation,2054,555.215,37.386,592.601,4.442
LANDIS,55,conservation,2055,558.935,38.511,597.446,4.472
LANDIS,55,conservation,2056,562.532,39.629,602.161,4.5
LANDIS,55,conservation,2057,566.006,40.74,606.746,4.528
LANDIS,55,conservation,2058,569.359,41.843,611.203,4.555
LANDIS,55,conservation,2059,572.594,42.939,615.534,4.581
LANDIS,55,conservation,2060,575.712,44.028,619.74,4.606
LANDIS,55,conservation,2061,578.713,45.108,623.821,4.63
LANDIS,55,conservation,2062,581.6,46.18,627.781,4.653
LANDIS,55,conservation,2063,584.374,47.245,631.618,4.675
LANDIS,55,conservation,2064,587.035,48.3,635.335,4.696
LANDIS,55,conservation,2065,589.582,49.348,638.93,4.717
LANDIS,55,conservation,2066,592.017,50.386,642.403,4.736
LANDIS,55,conservation,2067,594.34,51.416,645.755,4.755
LANDIS,55,conservation,2068,596.552,52.436,648.988,4.772
LANDIS,55,conservation,2069,598.656,53.448,652.104,4.789
LANDIS,55,conservation,2070,600.651,54.45,655.102,4.805
LANDIS,55,conservation,2071,602.54,55.443,657.983,4.82
LANDIS,55,conservation,2072,604.325,56.426,660.751,4.835
LANDIS,55,conservation,2073,606.004,57.399,663.404,4.848
LANDIS,55,conservation,2074,607.581,58.363,665.944,4.861
LANDIS,55,conservation,2075,609.058,59.316,668.374,4.872
LANDIS,55,conservation,2076,610.437,60.26,670.697,4.884
LANDIS,55,conservation,2077,611.718,61.193,672.911,4.894
LANDIS,55,conservation,2078,612.903,62.116,675.018,4.903
LANDIS,55,conservation,2079,613.993,63.028,677.021,4.912
LANDIS,55,conservation,2080,614.987,63.93,678.918,4.92
LANDIS,55,conservation,2081,615.89,64.822,680.712,4.927
LANDIS,55,conservation,2082,616.7,65.702,682.403,4.934
LANDIS,55,conservation,2083,617.419,66.572,683.991,4.939
LANDIS,55,conservation,2084,618.048,67.432,685.479,4.944
LANDIS,55,conservation,2085,618.59,68.28,686.87,4.949
LANDIS,55,conservation,2086,619.05,69.117,688.167,4.952
LANDIS,55,conservation,2087,619.425,69.943,689.368,4.955
LANDIS,55,conservation,2088,619.717,70.758,690.475,4.958
LANDIS,55,conservation,2089,619.928,71.562,691.49,4.959
LANDIS,55,conservation,2090,620.057,72.355,692.413,4.96
LANDIS,55,conservation,2091,620.108,73.137,693.244,4.961
LANDIS,55,conservation,2092,620.078,73.907,693.986,4.961
LANDIS,55,conservation,2093,619.971,74.666,694.637,4.96
LANDIS,55,conservation,2094,619.786,75.414,695.199,4.958
LANDIS,55,conservation,2095,619.53,76.15,695.68,4.956
LANDIS,55,conservation,2096,619.206,76.875,696.081,4.954
LANDIS,55,conservation,2097,618.813,77.589,696.402,4.951
LANDIS,55,conservation,2098,618.352,78.291,696.643,4.947
LANDIS,55,conservation,2099,617.824,78.982,696.806,4.943
LANDIS,55,conservation,2100,617.23,79.661,696.891,4.938
LANDIS,55,intensive,2025,396.22,0,396.22,3.17
LANDIS,55,intensive,2026,384.735,10.969,395.704,3.078
LANDIS,55,intensive,2027,373.85,20.842,394.692,2.991
LANDIS,55,intensive,2028,363.534,29.775,393.309,2.908
LANDIS,55,intensive,2029,353.754,37.9,391.654,2.83
LANDIS,55,intensive,2030,344.483,45.326,389.809,2.756
LANDIS,55,intensive,2031,335.693,52.145,387.838,2.686
LANDIS,55,intensive,2032,327.358,58.435,385.794,2.619
LANDIS,55,intensive,2033,319.455,64.262,383.717,2.556
LANDIS,55,intensive,2034,311.959,69.681,381.64,2.496
LANDIS,55,intensive,2035,304.802,74.739,379.541,2.438
LANDIS,55,intensive,2036,297.963,79.475,377.438,2.384
LANDIS,55,intensive,2037,291.436,83.922,375.357,2.332
LANDIS,55,intensive,2038,285.205,88.107,373.313,2.282
LANDIS,55,intensive,2039,279.255,92.057,371.311,2.234
LANDIS,55,intensive,2040,273.57,95.791,369.36,2.189
LANDIS,55,intensive,2041,268.135,99.328,367.463,2.145
LANDIS,55,intensive,2042,262.94,102.684,365.624,2.104
LANDIS,55,intensive,2043,257.97,105.873,363.843,2.064
LANDIS,55,intensive,2044,253.214,108.906,362.12,2.026
LANDIS,55,intensive,2045,248.634,111.796,360.43,1.989
LANDIS,55,intensive,2046,244.224,114.55,358.774,1.954
LANDIS,55,intensive,2047,239.972,117.177,357.149,1.92
LANDIS,55,intensive,2048,235.872,119.683,355.556,1.887
LANDIS,55,intensive,2049,231.916,122.076,353.992,1.855
LANDIS,55,intensive,2050,228.095,124.361,352.456,1.825
LANDIS,55,intensive,2051,224.404,126.543,350.947,1.795
LANDIS,55,intensive,2052,220.835,128.627,349.461,1.767
LANDIS,55,intensive,2053,217.382,130.617,347.999,1.739
LANDIS,55,intensive,2054,214.039,132.518,346.558,1.712
LANDIS,55,intensive,2055,210.79,134.334,345.124,1.686
LANDIS,55,intensive,2056,207.631,136.068,343.699,1.661
LANDIS,55,intensive,2057,204.556,137.722,342.278,1.636
LANDIS,55,intensive,2058,201.561,139.3,340.861,1.612
LANDIS,55,intensive,2059,198.642,140.804,339.447,1.589
LANDIS,55,intensive,2060,195.797,142.238,338.035,1.566
LANDIS,55,intensive,2061,193.02,143.602,336.622,1.544
LANDIS,55,intensive,2062,190.308,144.901,335.209,1.522
LANDIS,55,intensive,2063,187.659,146.135,333.794,1.501
LANDIS,55,intensive,2064,185.069,147.307,332.376,1.481
LANDIS,55,intensive,2065,182.532,148.419,330.951,1.46
LANDIS,55,intensive,2066,180.044,149.473,329.517,1.44
LANDIS,55,intensive,2067,177.604,150.47,328.074,1.421
LANDIS,55,intensive,2068,175.209,151.411,326.621,1.402
LANDIS,55,intensive,2069,172.858,152.3,325.158,1.383
LANDIS,55,intensive,2070,170.547,153.137,323.684,1.364
LANDIS,55,intensive,2071,168.275,153.923,322.198,1.346
LANDIS,55,intensive,2072,166.041,154.66,320.701,1.328
LANDIS,55,intensive,2073,163.841,155.35,319.191,1.311
LANDIS,55,intensive,2074,161.676,155.993,317.668,1.293
LANDIS,55,intensive,2075,159.544,156.591,316.134,1.276
LANDIS,55,intensive,2076,157.445,157.145,314.59,1.26
LANDIS,55,intensive,2077,155.377,157.656,313.032,1.243
LANDIS,55,intensive,2078,153.337,158.126,311.463,1.227
LANDIS,55,intensive,2079,151.327,158.555,309.882,1.211
LANDIS,55,intensive,2080,149.343,158.945,308.288,1.195
LANDIS,55,intensive,2081,147.385,159.297,306.681,1.179
LANDIS,55,intensive,2082,145.45,159.611,305.061,1.164
LANDIS,55,intensive,2083,143.539,159.889,303.428,1.148
LANDIS,55,intensive,2084,141.649,160.131,301.78,1.133
LANDIS,55,intensive,2085,139.784,160.339,300.123,1.118
LANDIS,55,intensive,2086,137.943,160.514,298.457,1.104
LANDIS,55,intensive,2087,136.125,160.655,296.78,1.089
LANDIS,55,intensive,2088,134.326,160.765,295.091,1.075
LANDIS,55,intensive,2089,132.55,160.844,293.394,1.06
LANDIS,55,intensive,2090,130.792,160.892,291.684,1.046
LANDIS,55,intensive,2091,129.053,160.911,289.964,1.032
LANDIS,55,intensive,2092,127.331,160.902,288.233,1.019
LANDIS,55,intensive,2093,125.626,160.864,286.49,1.005
LANDIS,55,intensive,2094,123.937,160.799,284.736,0.992
LANDIS,55,intensive,2095,122.27,160.707,282.978,0.978
LANDIS,55,intensive,2096,120.624,160.59,281.214,0.965
LANDIS,55,intensive,2097,118.997,160.448,279.445,0.952
LANDIS,55,intensive,2098,117.39,160.281,277.67,0.939
LANDIS,55,intensive,2099,115.8,160.09,275.89,0.926
LANDIS,55,intensive,2100,114.227,159.877,274.104,0.914
LANDIS,56,reserve,2025,131.59,0,131.59,2.553
LANDIS,56,reserve,2026,133.8,0,133.8,2.596
LANDIS,56,reserve,2027,135.987,0,135.987,2.638
LANDIS,56,reserve,2028,138.152,0,138.152,2.68
LANDIS,56,reserve,2029,140.294,0,140.294,2.722
LANDIS,56,reserve,2030,142.414,0,142.414,2.763
LANDIS,56,reserve,2031,144.51,0,144.51,2.803
LANDIS,56,reserve,2032,146.583,0,146.583,2.844
LANDIS,56,reserve,2033,148.633,0,148.633,2.883
LANDIS,56,reserve,2034,150.659,0,150.659,2.923
LANDIS,56,reserve,2035,152.659,0,152.659,2.962
LANDIS,56,reserve,2036,154.631,0,154.631,3
LANDIS,56,reserve,2037,156.577,0,156.577,3.038
LANDIS,56,reserve,2038,158.495,0,158.495,3.075
LANDIS,56,reserve,2039,160.386,0,160.386,3.111
LANDIS,56,reserve,2040,162.25,0,162.25,3.148
LANDIS,56,reserve,2041,164.086,0,164.086,3.183
LANDIS,56,reserve,2042,165.895,0,165.895,3.218
LANDIS,56,reserve,2043,167.676,0,167.676,3.253
LANDIS,56,reserve,2044,169.43,0,169.43,3.287
LANDIS,56,reserve,2045,171.157,0,171.157,3.32
LANDIS,56,reserve,2046,172.857,0,172.857,3.353
LANDIS,56,reserve,2047,174.53,0,174.53,3.386
LANDIS,56,reserve,2048,176.175,0,176.175,3.418
LANDIS,56,reserve,2049,177.794,0,177.794,3.449
LANDIS,56,reserve,2050,179.386,0,179.386,3.48
LANDIS,56,reserve,2051,180.95,0,180.95,3.51
LANDIS,56,reserve,2052,182.487,0,182.487,3.54
LANDIS,56,reserve,2053,183.997,0,183.997,3.57
LANDIS,56,reserve,2054,185.481,0,185.481,3.598
LANDIS,56,reserve,2055,186.941,0,186.941,3.627
LANDIS,56,reserve,2056,188.379,0,188.379,3.655
LANDIS,56,reserve,2057,189.795,0,189.795,3.682
LANDIS,56,reserve,2058,191.188,0,191.188,3.709
LANDIS,56,reserve,2059,192.559,0,192.559,3.736
LANDIS,56,reserve,2060,193.908,0,193.908,3.762
LANDIS,56,reserve,2061,195.234,0,195.234,3.788
LANDIS,56,reserve,2062,196.537,0,196.537,3.813
LANDIS,56,reserve,2063,197.819,0,197.819,3.838
LANDIS,56,reserve,2064,199.077,0,199.077,3.862
LANDIS,56,reserve,2065,200.315,0,200.315,3.886
LANDIS,56,reserve,2066,201.533,0,201.533,3.91
LANDIS,56,reserve,2067,202.73,0,202.73,3.933
LANDIS,56,reserve,2068,203.906,0,203.906,3.956
LANDIS,56,reserve,2069,205.062,0,205.062,3.978
LANDIS,56,reserve,2070,206.197,0,206.197,4
LANDIS,56,reserve,2071,207.311,0,207.311,4.022
LANDIS,56,reserve,2072,208.405,0,208.405,4.043
LANDIS,56,reserve,2073,209.479,0,209.479,4.064
LANDIS,56,reserve,2074,210.531,0,210.531,4.084
LANDIS,56,reserve,2075,211.567,0,211.567,4.104
LANDIS,56,reserve,2076,212.586,0,212.586,4.124
LANDIS,56,reserve,2077,213.588,0,213.588,4.144
LANDIS,56,reserve,2078,214.573,0,214.573,4.163
LANDIS,56,reserve,2079,215.541,0,215.541,4.182
LANDIS,56,reserve,2080,216.492,0,216.492,4.2
LANDIS,56,reserve,2081,217.426,0,217.426,4.218
LANDIS,56,reserve,2082,218.343,0,218.343,4.236
LANDIS,56,reserve,2083,219.243,0,219.243,4.253
LANDIS,56,reserve,2084,220.126,0,220.126,4.27
LANDIS,56,reserve,2085,220.993,0,220.993,4.287
LANDIS,56,reserve,2086,221.843,0,221.843,4.304
LANDIS,56,reserve,2087,222.676,0,222.676,4.32
LANDIS,56,reserve,2088,223.492,0,223.492,4.336
LANDIS,56,reserve,2089,224.292,0,224.292,4.351
LANDIS,56,reserve,2090,225.075,0,225.075,4.366
LANDIS,56,reserve,2091,225.841,0,225.841,4.381
LANDIS,56,reserve,2092,226.591,0,226.591,4.396
LANDIS,56,reserve,2093,227.324,0,227.324,4.41
LANDIS,56,reserve,2094,228.04,0,228.04,4.424
LANDIS,56,reserve,2095,228.743,0,228.743,4.438
LANDIS,56,reserve,2096,229.434,0,229.434,4.451
LANDIS,56,reserve,2097,230.111,0,230.111,4.464
LANDIS,56,reserve,2098,230.775,0,230.775,4.477
LANDIS,56,reserve,2099,231.426,0,231.426,4.49
LANDIS,56,reserve,2100,232.064,0,232.064,4.502
LANDIS,56,BAU,2025,131.59,0,131.59,2.553
LANDIS,56,BAU,2026,133.797,0.001,133.799,2.596
LANDIS,56,BAU,2027,135.981,0.003,135.984,2.638
LANDIS,56,BAU,2028,138.144,0.004,138.148,2.68
LANDIS,56,BAU,2029,140.283,0.005,140.288,2.721
LANDIS,56,BAU,2030,142.4,0.006,142.406,2.763
LANDIS,56,BAU,2031,144.493,0.007,144.5,2.803
LANDIS,56,BAU,2032,146.563,0.008,146.571,2.843
LANDIS,56,BAU,2033,148.61,0.009,148.619,2.883
LANDIS,56,BAU,2034,150.633,0.011,150.643,2.922
LANDIS,56,BAU,2035,152.63,0.012,152.641,2.961
LANDIS,56,BAU,2036,154.598,0.013,154.611,2.999
LANDIS,56,BAU,2037,156.541,0.014,156.555,3.037
LANDIS,56,BAU,2038,158.456,0.015,158.47,3.074
LANDIS,56,BAU,2039,160.344,0.015,160.359,3.111
LANDIS,56,BAU,2040,162.204,0.016,162.221,3.147
LANDIS,56,BAU,2041,164.037,0.017,164.054,3.182
LANDIS,56,BAU,2042,165.842,0.018,165.861,3.217
LANDIS,56,BAU,2043,167.62,0.019,167.639,3.252
LANDIS,56,BAU,2044,169.37,0.02,169.391,3.286
LANDIS,56,BAU,2045,171.094,0.021,171.115,3.319
LANDIS,56,BAU,2046,172.79,0.022,172.812,3.352
LANDIS,56,BAU,2047,174.46,0.023,174.483,3.385
LANDIS,56,BAU,2048,176.101,0.024,176.125,3.416
LANDIS,56,BAU,2049,177.716,0.025,177.741,3.448
LANDIS,56,BAU,2050,179.305,0.026,179.33,3.479
LANDIS,56,BAU,2051,180.865,0.027,180.892,3.509
LANDIS,56,BAU,2052,182.398,0.028,182.426,3.539
LANDIS,56,BAU,2053,183.904,0.029,183.933,3.568
LANDIS,56,BAU,2054,185.385,0.029,185.414,3.596
LANDIS,56,BAU,2055,186.841,0.03,186.871,3.625
LANDIS,56,BAU,2056,188.275,0.031,188.306,3.653
LANDIS,56,BAU,2057,189.687,0.032,189.719,3.68
LANDIS,56,BAU,2058,191.076,0.033,191.109,3.707
LANDIS,56,BAU,2059,192.443,0.034,192.477,3.733
LANDIS,56,BAU,2060,193.788,0.035,193.823,3.759
LANDIS,56,BAU,2061,195.11,0.036,195.145,3.785
LANDIS,56,BAU,2062,196.409,0.036,196.445,3.81
LANDIS,56,BAU,2063,197.687,0.037,197.724,3.835
LANDIS,56,BAU,2064,198.941,0.038,198.979,3.859
LANDIS,56,BAU,2065,200.174,0.039,200.213,3.883
LANDIS,56,BAU,2066,201.388,0.04,201.428,3.907
LANDIS,56,BAU,2067,202.581,0.041,202.622,3.93
LANDIS,56,BAU,2068,203.753,0.042,203.794,3.953
LANDIS,56,BAU,2069,204.905,0.042,204.947,3.975
LANDIS,56,BAU,2070,206.035,0.043,206.079,3.997
LANDIS,56,BAU,2071,207.145,0.044,207.189,4.019
LANDIS,56,BAU,2072,208.235,0.045,208.28,4.04
LANDIS,56,BAU,2073,209.304,0.046,209.35,4.061
LANDIS,56,BAU,2074,210.352,0.047,210.398,4.081
LANDIS,56,BAU,2075,211.384,0.047,211.431,4.101
LANDIS,56,BAU,2076,212.398,0.048,212.446,4.121
LANDIS,56,BAU,2077,213.396,0.049,213.445,4.14
LANDIS,56,BAU,2078,214.376,0.05,214.426,4.159
LANDIS,56,BAU,2079,215.34,0.051,215.39,4.178
LANDIS,56,BAU,2080,216.286,0.051,216.338,4.196
LANDIS,56,BAU,2081,217.216,0.052,217.268,4.214
LANDIS,56,BAU,2082,218.128,0.053,218.181,4.232
LANDIS,56,BAU,2083,219.024,0.054,219.077,4.249
LANDIS,56,BAU,2084,219.902,0.054,219.957,4.266
LANDIS,56,BAU,2085,220.765,0.055,220.82,4.283
LANDIS,56,BAU,2086,221.61,0.056,221.666,4.299
LANDIS,56,BAU,2087,222.438,0.057,222.495,4.315
LANDIS,56,BAU,2088,223.25,0.058,223.307,4.331
LANDIS,56,BAU,2089,224.045,0.058,224.103,4.346
LANDIS,56,BAU,2090,224.823,0.059,224.882,4.362
LANDIS,56,BAU,2091,225.585,0.06,225.644,4.376
LANDIS,56,BAU,2092,226.33,0.06,226.39,4.391
LANDIS,56,BAU,2093,227.058,0.061,227.119,4.405
LANDIS,56,BAU,2094,227.769,0.062,227.831,4.419
LANDIS,56,BAU,2095,228.468,0.063,228.53,4.432
LANDIS,56,BAU,2096,229.154,0.063,229.217,4.446
LANDIS,56,BAU,2097,229.826,0.064,229.89,4.459
LANDIS,56,BAU,2098,230.485,0.065,230.55,4.471
LANDIS,56,BAU,2099,231.132,0.065,231.197,4.484
LANDIS,56,BAU,2100,231.765,0.066,231.831,4.496
LANDIS,56,conservation,2025,131.59,0,131.59,2.553
LANDIS,56,conservation,2026,133.799,0.001,133.799,2.596
LANDIS,56,conservation,2027,135.985,0.001,135.986,2.638
LANDIS,56,conservation,2028,138.149,0.002,138.15,2.68
LANDIS,56,conservation,2029,140.29,0.002,140.292,2.722
LANDIS,56,conservation,2030,142.408,0.002,142.411,2.763
LANDIS,56,conservation,2031,144.503,0.003,144.506,2.803
LANDIS,56,conservation,2032,146.575,0.003,146.578,2.844
LANDIS,56,conservation,2033,148.624,0.004,148.628,2.883
LANDIS,56,conservation,2034,150.649,0.004,150.653,2.923
LANDIS,56,conservation,2035,152.648,0.004,152.652,2.961
LANDIS,56,conservation,2036,154.618,0.005,154.623,3
LANDIS,56,conservation,2037,156.563,0.005,156.568,3.037
LANDIS,56,conservation,2038,158.48,0.006,158.485,3.075
LANDIS,56,conservation,2039,160.37,0.006,160.376,3.111
LANDIS,56,conservation,2040,162.232,0.006,162.239,3.147
LANDIS,56,conservation,2041,164.067,0.007,164.074,3.183
LANDIS,56,conservation,2042,165.875,0.007,165.882,3.218
LANDIS,56,conservation,2043,167.654,0.007,167.662,3.252
LANDIS,56,conservation,2044,169.407,0.008,169.415,3.287
LANDIS,56,conservation,2045,171.133,0.008,171.141,3.32
LANDIS,56,conservation,2046,172.831,0.009,172.84,3.353
LANDIS,56,conservation,2047,174.503,0.009,174.512,3.385
LANDIS,56,conservation,2048,176.146,0.009,176.156,3.417
LANDIS,56,conservation,2049,177.764,0.01,177.774,3.449
LANDIS,56,conservation,2050,179.354,0.01,179.364,3.479
LANDIS,56,conservation,2051,180.917,0.01,180.927,3.51
LANDIS,56,conservation,2052,182.453,0.011,182.463,3.54
LANDIS,56,conservation,2053,183.961,0.011,183.972,3.569
LANDIS,56,conservation,2054,185.444,0.011,185.455,3.598
LANDIS,56,conservation,2055,186.902,0.012,186.914,3.626
LANDIS,56,conservation,2056,188.339,0.012,188.351,3.654
LANDIS,56,conservation,2057,189.753,0.012,189.765,3.681
LANDIS,56,conservation,2058,191.144,0.013,191.157,3.708
LANDIS,56,conservation,2059,192.514,0.013,192.527,3.735
LANDIS,56,conservation,2060,193.861,0.013,193.875,3.761
LANDIS,56,conservation,2061,195.186,0.014,195.2,3.787
LANDIS,56,conservation,2062,196.487,0.014,196.501,3.812
LANDIS,56,conservation,2063,197.768,0.015,197.782,3.837
LANDIS,56,conservation,2064,199.024,0.015,199.039,3.861
LANDIS,56,conservation,2065,200.26,0.015,200.276,3.885
LANDIS,56,conservation,2066,201.477,0.016,201.492,3.909
LANDIS,56,conservation,2067,202.672,0.016,202.688,3.932
LANDIS,56,conservation,2068,203.847,0.016,203.863,3.955
LANDIS,56,conservation,2069,205.001,0.016,205.017,3.977
LANDIS,56,conservation,2070,206.134,0.017,206.151,3.999
LANDIS,56,conservation,2071,207.247,0.017,207.264,4.021
LANDIS,56,conservation,2072,208.339,0.017,208.356,4.042
LANDIS,56,conservation,2073,209.411,0.018,209.429,4.063
LANDIS,56,conservation,2074,210.461,0.018,210.48,4.083
LANDIS,56,conservation,2075,211.496,0.018,211.514,4.103
LANDIS,56,conservation,2076,212.513,0.019,212.532,4.123
LANDIS,56,conservation,2077,213.513,0.019,213.532,4.142
LANDIS,56,conservation,2078,214.497,0.019,214.516,4.161
LANDIS,56,conservation,2079,215.463,0.02,215.483,4.18
LANDIS,56,conservation,2080,216.412,0.02,216.432,4.198
LANDIS,56,conservation,2081,217.344,0.02,217.365,4.216
LANDIS,56,conservation,2082,218.26,0.021,218.28,4.234
LANDIS,56,conservation,2083,219.158,0.021,219.179,4.252
LANDIS,56,conservation,2084,220.039,0.021,220.06,4.269
LANDIS,56,conservation,2085,220.904,0.021,220.926,4.286
LANDIS,56,conservation,2086,221.752,0.022,221.774,4.302
LANDIS,56,conservation,2087,222.584,0.022,222.606,4.318
LANDIS,56,conservation,2088,223.398,0.022,223.42,4.334
LANDIS,56,conservation,2089,224.196,0.023,224.219,4.349
LANDIS,56,conservation,2090,224.977,0.023,225,4.365
LANDIS,56,conservation,2091,225.741,0.023,225.765,4.379
LANDIS,56,conservation,2092,226.49,0.023,226.513,4.394
LANDIS,56,conservation,2093,227.221,0.024,227.245,4.408
LANDIS,56,conservation,2094,227.935,0.024,227.959,4.422
LANDIS,56,conservation,2095,228.636,0.024,228.66,4.436
LANDIS,56,conservation,2096,229.325,0.025,229.35,4.449
LANDIS,56,conservation,2097,230,0.025,230.025,4.462
LANDIS,56,conservation,2098,230.663,0.025,230.688,4.475
LANDIS,56,conservation,2099,231.312,0.025,231.337,4.487
LANDIS,56,conservation,2100,231.948,0.026,231.973,4.5
LANDIS,56,intensive,2025,131.59,0,131.59,2.553
LANDIS,56,intensive,2026,133.793,0.003,133.797,2.596
LANDIS,56,intensive,2027,135.973,0.007,135.98,2.638
LANDIS,56,intensive,2028,138.132,0.01,138.141,2.68
LANDIS,56,intensive,2029,140.266,0.012,140.279,2.721
LANDIS,56,intensive,2030,142.379,0.015,142.395,2.762
LANDIS,56,intensive,2031,144.468,0.018,144.486,2.803
LANDIS,56,intensive,2032,146.534,0.021,146.554,2.843
LANDIS,56,intensive,2033,148.576,0.023,148.599,2.882
LANDIS,56,intensive,2034,150.595,0.026,150.62,2.922
LANDIS,56,intensive,2035,152.587,0.028,152.615,2.96
LANDIS,56,intensive,2036,154.551,0.031,154.582,2.998
LANDIS,56,intensive,2037,156.489,0.033,156.522,3.036
LANDIS,56,intensive,2038,158.399,0.035,158.435,3.073
LANDIS,56,intensive,2039,160.282,0.038,160.32,3.109
LANDIS,56,intensive,2040,162.138,0.04,162.178,3.145
LANDIS,56,intensive,2041,163.966,0.043,164.008,3.181
LANDIS,56,intensive,2042,165.766,0.045,165.811,3.216
LANDIS,56,intensive,2043,167.539,0.047,167.586,3.25
LANDIS,56,intensive,2044,169.284,0.049,169.334,3.284
LANDIS,56,intensive,2045,171.003,0.052,171.055,3.317
LANDIS,56,intensive,2046,172.694,0.054,172.748,3.35
LANDIS,56,intensive,2047,174.358,0.056,174.415,3.383
LANDIS,56,intensive,2048,175.994,0.059,176.053,3.414
LANDIS,56,intensive,2049,177.604,0.061,177.665,3.446
LANDIS,56,intensive,2050,179.187,0.063,179.25,3.476
LANDIS,56,intensive,2051,180.742,0.065,180.807,3.506
LANDIS,56,intensive,2052,182.27,0.067,182.337,3.536
LANDIS,56,intensive,2053,183.771,0.07,183.84,3.565
LANDIS,56,intensive,2054,185.245,0.072,185.317,3.594
LANDIS,56,intensive,2055,186.696,0.074,186.77,3.622
LANDIS,56,intensive,2056,188.124,0.076,188.201,3.65
LANDIS,56,intensive,2057,189.531,0.078,189.609,3.677
LANDIS,56,intensive,2058,190.914,0.081,190.995,3.704
LANDIS,56,intensive,2059,192.275,0.083,192.358,3.73
LANDIS,56,intensive,2060,193.615,0.085,193.699,3.756
LANDIS,56,intensive,2061,194.931,0.087,195.018,3.782
LANDIS,56,intensive,2062,196.224,0.089,196.313,3.807
LANDIS,56,intensive,2063,197.496,0.091,197.587,3.831
LANDIS,56,intensive,2064,198.744,0.093,198.837,3.856
LANDIS,56,intensive,2065,199.972,0.095,200.067,3.879
LANDIS,56,intensive,2066,201.179,0.098,201.277,3.903
LANDIS,56,intensive,2067,202.366,0.1,202.466,3.926
LANDIS,56,intensive,2068,203.532,0.102,203.633,3.949
LANDIS,56,intensive,2069,204.677,0.104,204.781,3.971
LANDIS,56,intensive,2070,205.802,0.106,205.908,3.993
LANDIS,56,intensive,2071,206.905,0.108,207.013,4.014
LANDIS,56,intensive,2072,207.989,0.11,208.099,4.035
LANDIS,56,intensive,2073,209.052,0.112,209.164,4.056
LANDIS,56,intensive,2074,210.094,0.114,210.207,4.076
LANDIS,56,intensive,2075,211.119,0.116,211.235,4.096
LANDIS,56,intensive,2076,212.127,0.118,212.245,4.115
LANDIS,56,intensive,2077,213.118,0.12,213.238,4.134
LANDIS,56,intensive,2078,214.092,0.122,214.214,4.153
LANDIS,56,intensive,2079,215.05,0.124,215.173,4.172
LANDIS,56,intensive,2080,215.99,0.125,216.115,4.19
LANDIS,56,intensive,2081,216.913,0.127,217.04,4.208
LANDIS,56,intensive,2082,217.818,0.129,217.948,4.226
LANDIS,56,intensive,2083,218.707,0.131,218.839,4.243
LANDIS,56,intensive,2084,219.579,0.133,219.712,4.26
LANDIS,56,intensive,2085,220.435,0.135,220.57,4.276
LANDIS,56,intensive,2086,221.274,0.137,221.411,4.293
LANDIS,56,intensive,2087,222.095,0.139,222.234,4.309
LANDIS,56,intensive,2088,222.9,0.14,223.041,4.324
LANDIS,56,intensive,2089,223.689,0.142,223.831,4.34
LANDIS,56,intensive,2090,224.46,0.144,224.604,4.355
LANDIS,56,intensive,2091,225.215,0.146,225.361,4.369
LANDIS,56,intensive,2092,225.953,0.148,226.101,4.383
LANDIS,56,intensive,2093,226.675,0.149,226.824,4.398
LANDIS,56,intensive,2094,227.379,0.151,227.53,4.411
LANDIS,56,intensive,2095,228.071,0.153,228.224,4.425
LANDIS,56,intensive,2096,228.75,0.155,228.905,4.438
LANDIS,56,intensive,2097,229.415,0.156,229.572,4.451
LANDIS,56,intensive,2098,230.068,0.158,230.226,4.463
LANDIS,56,intensive,2099,230.707,0.16,230.867,4.476
LANDIS,56,intensive,2100,231.333,0.161,231.495,4.488
